{
 "fragments": [
  {
   "begin": "0.000", 
   "end": "0.720", 
   "id": "f000001", 
   "language": "en", 
   "lines": [
    "\u201cDadi,"
   ]
  }, 
  {
   "begin": "0.720", 
   "end": "1.160", 
   "id": "f000002", 
   "language": "en", 
   "lines": [
    "the"
   ]
  }, 
  {
   "begin": "1.160", 
   "end": "1.840", 
   "id": "f000003", 
   "language": "en", 
   "lines": [
    "potatoes"
   ]
  }, 
  {
   "begin": "1.840", 
   "end": "2.200", 
   "id": "f000004", 
   "language": "en", 
   "lines": [
    "aren\u2019t"
   ]
  }, 
  {
   "begin": "2.200", 
   "end": "3.080", 
   "id": "f000005", 
   "language": "en", 
   "lines": [
    "ready"
   ]
  }, 
  {
   "begin": "3.080", 
   "end": "4.200", 
   "id": "f000006", 
   "language": "en", 
   "lines": [
    "yet,\u201d"
   ]
  }, 
  {
   "begin": "4.200", 
   "end": "4.680", 
   "id": "f000007", 
   "language": "en", 
   "lines": [
    "said"
   ]
  }, 
  {
   "begin": "4.680", 
   "end": "5.280", 
   "id": "f000008", 
   "language": "en", 
   "lines": [
    "Maaloo,"
   ]
  }, 
  {
   "begin": "5.280", 
   "end": "5.840", 
   "id": "f000009", 
   "language": "en", 
   "lines": [
    "putting"
   ]
  }, 
  {
   "begin": "5.840", 
   "end": "6.040", 
   "id": "f000010", 
   "language": "en", 
   "lines": [
    "the"
   ]
  }, 
  {
   "begin": "6.040", 
   "end": "6.400", 
   "id": "f000011", 
   "language": "en", 
   "lines": [
    "empty"
   ]
  }, 
  {
   "begin": "6.400", 
   "end": "7.040", 
   "id": "f000012", 
   "language": "en", 
   "lines": [
    "basket"
   ]
  }, 
  {
   "begin": "7.040", 
   "end": "7.600", 
   "id": "f000013", 
   "language": "en", 
   "lines": [
    "down.\n"
   ]
  }, 
  {
   "begin": "7.600", 
   "end": "9.000", 
   "id": "f000014", 
   "language": "en", 
   "lines": [
    "\u201cNo"
   ]
  }, 
  {
   "begin": "9.000", 
   "end": "9.640", 
   "id": "f000015", 
   "language": "en", 
   "lines": [
    "Maaloo,"
   ]
  }, 
  {
   "begin": "9.640", 
   "end": "10.240", 
   "id": "f000016", 
   "language": "en", 
   "lines": [
    "there"
   ]
  }, 
  {
   "begin": "10.240", 
   "end": "10.360", 
   "id": "f000017", 
   "language": "en", 
   "lines": [
    "are"
   ]
  }, 
  {
   "begin": "10.360", 
   "end": "11.480", 
   "id": "f000018", 
   "language": "en", 
   "lines": [
    "plenty"
   ]
  }, 
  {
   "begin": "11.480", 
   "end": "11.600", 
   "id": "f000019", 
   "language": "en", 
   "lines": [
    "of"
   ]
  }, 
  {
   "begin": "11.600", 
   "end": "12.800", 
   "id": "f000020", 
   "language": "en", 
   "lines": [
    "potatoes."
   ]
  }, 
  {
   "begin": "12.800", 
   "end": "13.240", 
   "id": "f000021", 
   "language": "en", 
   "lines": [
    "Look"
   ]
  }, 
  {
   "begin": "13.240", 
   "end": "14.760", 
   "id": "f000022", 
   "language": "en", 
   "lines": [
    "carefully,\u201d"
   ]
  }, 
  {
   "begin": "14.760", 
   "end": "15.360", 
   "id": "f000023", 
   "language": "en", 
   "lines": [
    "said"
   ]
  }, 
  {
   "begin": "15.360", 
   "end": "16.320", 
   "id": "f000024", 
   "language": "en", 
   "lines": [
    "Dadi."
   ]
  }
 ]
}