{
 "fragments": [
  {
   "begin": "0.000", 
   "end": "0.920", 
   "id": "f000001", 
   "language": "en", 
   "lines": [
    "Maaloo"
   ]
  }, 
  {
   "begin": "0.920", 
   "end": "1.000", 
   "id": "f000002", 
   "language": "en", 
   "lines": [
    "looked"
   ]
  }, 
  {
   "begin": "1.000", 
   "end": "1.320", 
   "id": "f000003", 
   "language": "en", 
   "lines": [
    "at"
   ]
  }, 
  {
   "begin": "1.320", 
   "end": "1.720", 
   "id": "f000004", 
   "language": "en", 
   "lines": [
    "all"
   ]
  }, 
  {
   "begin": "1.720", 
   "end": "1.800", 
   "id": "f000005", 
   "language": "en", 
   "lines": [
    "the"
   ]
  }, 
  {
   "begin": "1.800", 
   "end": "2.360", 
   "id": "f000006", 
   "language": "en", 
   "lines": [
    "trees,"
   ]
  }, 
  {
   "begin": "2.360", 
   "end": "2.880", 
   "id": "f000007", 
   "language": "en", 
   "lines": [
    "creepers"
   ]
  }, 
  {
   "begin": "2.880", 
   "end": "3.280", 
   "id": "f000008", 
   "language": "en", 
   "lines": [
    "and"
   ]
  }, 
  {
   "begin": "3.280", 
   "end": "4.800", 
   "id": "f000009", 
   "language": "en", 
   "lines": [
    "plants."
   ]
  }, 
  {
   "begin": "4.800", 
   "end": "5.160", 
   "id": "f000010", 
   "language": "en", 
   "lines": [
    "Not"
   ]
  }, 
  {
   "begin": "5.160", 
   "end": "5.280", 
   "id": "f000011", 
   "language": "en", 
   "lines": [
    "a"
   ]
  }, 
  {
   "begin": "5.280", 
   "end": "5.840", 
   "id": "f000012", 
   "language": "en", 
   "lines": [
    "single"
   ]
  }, 
  {
   "begin": "5.840", 
   "end": "6.400", 
   "id": "f000013", 
   "language": "en", 
   "lines": [
    "potato"
   ]
  }, 
  {
   "begin": "6.400", 
   "end": "6.560", 
   "id": "f000014", 
   "language": "en", 
   "lines": [
    "could"
   ]
  }, 
  {
   "begin": "6.560", 
   "end": "6.760", 
   "id": "f000015", 
   "language": "en", 
   "lines": [
    "he"
   ]
  }, 
  {
   "begin": "6.760", 
   "end": "7.320", 
   "id": "f000016", 
   "language": "en", 
   "lines": [
    "see."
   ]
  }
 ]
}