{
 "fragments": [
  {
   "begin": "0.000", 
   "end": "0.360", 
   "id": "f000001", 
   "language": "en", 
   "lines": [
    "Maaloo"
   ]
  }, 
  {
   "begin": "0.360", 
   "end": "1.160", 
   "id": "f000002", 
   "language": "en", 
   "lines": [
    "went"
   ]
  }, 
  {
   "begin": "1.160", 
   "end": "1.400", 
   "id": "f000003", 
   "language": "en", 
   "lines": [
    "into"
   ]
  }, 
  {
   "begin": "1.400", 
   "end": "1.560", 
   "id": "f000004", 
   "language": "en", 
   "lines": [
    "the"
   ]
  }, 
  {
   "begin": "1.560", 
   "end": "1.920", 
   "id": "f000005", 
   "language": "en", 
   "lines": [
    "garden"
   ]
  }, 
  {
   "begin": "1.920", 
   "end": "2.400", 
   "id": "f000006", 
   "language": "en", 
   "lines": [
    "once"
   ]
  }, 
  {
   "begin": "2.400", 
   "end": "2.760", 
   "id": "f000007", 
   "language": "en", 
   "lines": [
    "more."
   ]
  }, 
  {
   "begin": "2.760", 
   "end": "3.680", 
   "id": "f000008", 
   "language": "en", 
   "lines": [
    "Kaaloo"
   ]
  }, 
  {
   "begin": "3.680", 
   "end": "4.160", 
   "id": "f000009", 
   "language": "en", 
   "lines": [
    "followed"
   ]
  }, 
  {
   "begin": "4.160", 
   "end": "5.120", 
   "id": "f000010", 
   "language": "en", 
   "lines": [
    "him.\n"
   ]
  }, 
  {
   "begin": "5.120", 
   "end": "5.480", 
   "id": "f000011", 
   "language": "en", 
   "lines": [
    "Maaloo"
   ]
  }, 
  {
   "begin": "5.480", 
   "end": "5.720", 
   "id": "f000012", 
   "language": "en", 
   "lines": [
    "was"
   ]
  }, 
  {
   "begin": "5.720", 
   "end": "6.080", 
   "id": "f000013", 
   "language": "en", 
   "lines": [
    "looking"
   ]
  }, 
  {
   "begin": "6.080", 
   "end": "6.280", 
   "id": "f000014", 
   "language": "en", 
   "lines": [
    "for"
   ]
  }, 
  {
   "begin": "6.280", 
   "end": "7.200", 
   "id": "f000015", 
   "language": "en", 
   "lines": [
    "potatoes"
   ]
  }, 
  {
   "begin": "7.200", 
   "end": "7.400", 
   "id": "f000016", 
   "language": "en", 
   "lines": [
    "when"
   ]
  }, 
  {
   "begin": "7.400", 
   "end": "7.600", 
   "id": "f000017", 
   "language": "en", 
   "lines": [
    "he"
   ]
  }, 
  {
   "begin": "7.600", 
   "end": "8.080", 
   "id": "f000018", 
   "language": "en", 
   "lines": [
    "heard,"
   ]
  }, 
  {
   "begin": "8.080", 
   "end": "9.160", 
   "id": "f000019", 
   "language": "en", 
   "lines": [
    "\u201cWoof!"
   ]
  }, 
  {
   "begin": "9.160", 
   "end": "9.840", 
   "id": "f000020", 
   "language": "en", 
   "lines": [
    "Woof!\u201d"
   ]
  }
 ]
}