{
 "fragments": [
  {
   "begin": "0.000", 
   "end": "0.360", 
   "id": "f000001", 
   "language": "en", 
   "lines": [
    "\u201cWell"
   ]
  }, 
  {
   "begin": "0.360", 
   "end": "0.720", 
   "id": "f000002", 
   "language": "en", 
   "lines": [
    "done,"
   ]
  }, 
  {
   "begin": "0.720", 
   "end": "1.520", 
   "id": "f000003", 
   "language": "en", 
   "lines": [
    "Kaaloo."
   ]
  }, 
  {
   "begin": "1.520", 
   "end": "1.800", 
   "id": "f000004", 
   "language": "en", 
   "lines": [
    "You"
   ]
  }, 
  {
   "begin": "1.800", 
   "end": "2.440", 
   "id": "f000005", 
   "language": "en", 
   "lines": [
    "found"
   ]
  }, 
  {
   "begin": "2.440", 
   "end": "2.640", 
   "id": "f000006", 
   "language": "en", 
   "lines": [
    "the"
   ]
  }, 
  {
   "begin": "2.640", 
   "end": "4.920", 
   "id": "f000007", 
   "language": "en", 
   "lines": [
    "potatoes!\u201d"
   ]
  }, 
  {
   "begin": "4.920", 
   "end": "5.360", 
   "id": "f000008", 
   "language": "en", 
   "lines": [
    "laughed"
   ]
  }, 
  {
   "begin": "5.360", 
   "end": "6.160", 
   "id": "f000009", 
   "language": "en", 
   "lines": [
    "Maaloo,"
   ]
  }, 
  {
   "begin": "6.160", 
   "end": "6.680", 
   "id": "f000010", 
   "language": "en", 
   "lines": [
    "filling"
   ]
  }, 
  {
   "begin": "6.680", 
   "end": "6.960", 
   "id": "f000011", 
   "language": "en", 
   "lines": [
    "his"
   ]
  }, 
  {
   "begin": "6.960", 
   "end": "7.520", 
   "id": "f000012", 
   "language": "en", 
   "lines": [
    "basket"
   ]
  }, 
  {
   "begin": "7.520", 
   "end": "7.800", 
   "id": "f000013", 
   "language": "en", 
   "lines": [
    "with"
   ]
  }, 
  {
   "begin": "7.800", 
   "end": "9.160", 
   "id": "f000014", 
   "language": "en", 
   "lines": [
    "potatoes."
   ]
  }
 ]
}