{
 "fragments": [
  {
   "begin": "0.000", 
   "end": "1.280", 
   "id": "f000001", 
   "language": "en", 
   "lines": [
    "Dadi"
   ]
  }, 
  {
   "begin": "1.280", 
   "end": "2.280", 
   "id": "f000002", 
   "language": "en", 
   "lines": [
    "says,"
   ]
  }, 
  {
   "begin": "2.280", 
   "end": "3.160", 
   "id": "f000003", 
   "language": "en", 
   "lines": [
    "\u201cWell"
   ]
  }, 
  {
   "begin": "3.160", 
   "end": "3.680", 
   "id": "f000004", 
   "language": "en", 
   "lines": [
    "done,"
   ]
  }, 
  {
   "begin": "3.680", 
   "end": "4.280", 
   "id": "f000005", 
   "language": "en", 
   "lines": [
    "Maaloo!"
   ]
  }, 
  {
   "begin": "4.280", 
   "end": "5.080", 
   "id": "f000006", 
   "language": "en", 
   "lines": [
    "Go"
   ]
  }, 
  {
   "begin": "5.080", 
   "end": "5.600", 
   "id": "f000007", 
   "language": "en", 
   "lines": [
    "and"
   ]
  }, 
  {
   "begin": "5.600", 
   "end": "5.760", 
   "id": "f000008", 
   "language": "en", 
   "lines": [
    "get"
   ]
  }, 
  {
   "begin": "5.760", 
   "end": "6.200", 
   "id": "f000009", 
   "language": "en", 
   "lines": [
    "some"
   ]
  }, 
  {
   "begin": "6.200", 
   "end": "6.840", 
   "id": "f000010", 
   "language": "en", 
   "lines": [
    "potatoes"
   ]
  }, 
  {
   "begin": "6.840", 
   "end": "7.600", 
   "id": "f000011", 
   "language": "en", 
   "lines": [
    "too.\u201d"
   ]
  }
 ]
}