{
 "fragments": [
  {
   "begin": "0.000", 
   "end": "0.560", 
   "id": "f000001", 
   "language": "en", 
   "lines": [
    "For"
   ]
  }, 
  {
   "begin": "0.560", 
   "end": "0.600", 
   "id": "f000002", 
   "language": "en", 
   "lines": [
    "the"
   ]
  }, 
  {
   "begin": "0.600", 
   "end": "1.000", 
   "id": "f000003", 
   "language": "en", 
   "lines": [
    "very"
   ]
  }, 
  {
   "begin": "1.000", 
   "end": "1.360", 
   "id": "f000004", 
   "language": "en", 
   "lines": [
    "first"
   ]
  }, 
  {
   "begin": "1.360", 
   "end": "2.320", 
   "id": "f000005", 
   "language": "en", 
   "lines": [
    "time,"
   ]
  }, 
  {
   "begin": "2.320", 
   "end": "3.040", 
   "id": "f000006", 
   "language": "en", 
   "lines": [
    "Maaloo"
   ]
  }, 
  {
   "begin": "3.040", 
   "end": "3.200", 
   "id": "f000007", 
   "language": "en", 
   "lines": [
    "is"
   ]
  }, 
  {
   "begin": "3.200", 
   "end": "3.760", 
   "id": "f000008", 
   "language": "en", 
   "lines": [
    "collecting"
   ]
  }, 
  {
   "begin": "3.760", 
   "end": "4.360", 
   "id": "f000009", 
   "language": "en", 
   "lines": [
    "vegetables"
   ]
  }, 
  {
   "begin": "4.360", 
   "end": "4.800", 
   "id": "f000010", 
   "language": "en", 
   "lines": [
    "from"
   ]
  }, 
  {
   "begin": "4.800", 
   "end": "4.840", 
   "id": "f000011", 
   "language": "en", 
   "lines": [
    "the"
   ]
  }, 
  {
   "begin": "4.840", 
   "end": "5.360", 
   "id": "f000012", 
   "language": "en", 
   "lines": [
    "garden."
   ]
  }, 
  {
   "begin": "5.360", 
   "end": "5.440", 
   "id": "f000013", 
   "language": "en", 
   "lines": [
    "He"
   ]
  }, 
  {
   "begin": "5.440", 
   "end": "6.680", 
   "id": "f000014", 
   "language": "en", 
   "lines": [
    "has"
   ]
  }, 
  {
   "begin": "6.680", 
   "end": "7.040", 
   "id": "f000015", 
   "language": "en", 
   "lines": [
    "collected"
   ]
  }, 
  {
   "begin": "7.040", 
   "end": "7.560", 
   "id": "f000016", 
   "language": "en", 
   "lines": [
    "red"
   ]
  }, 
  {
   "begin": "7.560", 
   "end": "8.680", 
   "id": "f000017", 
   "language": "en", 
   "lines": [
    "tomatoes,"
   ]
  }, 
  {
   "begin": "8.680", 
   "end": "9.120", 
   "id": "f000018", 
   "language": "en", 
   "lines": [
    "fresh"
   ]
  }, 
  {
   "begin": "9.120", 
   "end": "10.200", 
   "id": "f000019", 
   "language": "en", 
   "lines": [
    "brinjals"
   ]
  }, 
  {
   "begin": "10.200", 
   "end": "10.480", 
   "id": "f000020", 
   "language": "en", 
   "lines": [
    "and"
   ]
  }, 
  {
   "begin": "10.480", 
   "end": "10.880", 
   "id": "f000021", 
   "language": "en", 
   "lines": [
    "green"
   ]
  }, 
  {
   "begin": "10.880", 
   "end": "11.480", 
   "id": "f000022", 
   "language": "en", 
   "lines": [
    "lady's"
   ]
  }, 
  {
   "begin": "11.480", 
   "end": "12.560", 
   "id": "f000023", 
   "language": "en", 
   "lines": [
    "fingers."
   ]
  }
 ]
}