{
 "fragments": [
  {
   "begin": "0.000", 
   "end": "1.080", 
   "id": "f000001", 
   "language": "en", 
   "lines": [
    "\u201cKaaloo!"
   ]
  }, 
  {
   "begin": "1.080", 
   "end": "1.800", 
   "id": "f000002", 
   "language": "en", 
   "lines": [
    "Stop,"
   ]
  }, 
  {
   "begin": "1.800", 
   "end": "3.520", 
   "id": "f000003", 
   "language": "en", 
   "lines": [
    "Kaaloo!\u201d"
   ]
  }, 
  {
   "begin": "3.520", 
   "end": "3.960", 
   "id": "f000004", 
   "language": "en", 
   "lines": [
    "yelled"
   ]
  }, 
  {
   "begin": "3.960", 
   "end": "4.760", 
   "id": "f000005", 
   "language": "en", 
   "lines": [
    "Maaloo,"
   ]
  }, 
  {
   "begin": "4.760", 
   "end": "5.200", 
   "id": "f000006", 
   "language": "en", 
   "lines": [
    "running"
   ]
  }, 
  {
   "begin": "5.200", 
   "end": "5.600", 
   "id": "f000007", 
   "language": "en", 
   "lines": [
    "behind"
   ]
  }, 
  {
   "begin": "5.600", 
   "end": "6.040", 
   "id": "f000008", 
   "language": "en", 
   "lines": [
    "him."
   ]
  }, 
  {
   "begin": "6.040", 
   "end": "6.880", 
   "id": "f000009", 
   "language": "en", 
   "lines": [
    "\u201cDon\u2019t"
   ]
  }, 
  {
   "begin": "6.880", 
   "end": "7.200", 
   "id": "f000010", 
   "language": "en", 
   "lines": [
    "spoil"
   ]
  }, 
  {
   "begin": "7.200", 
   "end": "7.360", 
   "id": "f000011", 
   "language": "en", 
   "lines": [
    "the"
   ]
  }, 
  {
   "begin": "7.360", 
   "end": "8.520", 
   "id": "f000012", 
   "language": "en", 
   "lines": [
    "garden.\u201d"
   ]
  }, 
  {
   "begin": "8.520", 
   "end": "8.920", 
   "id": "f000013", 
   "language": "en", 
   "lines": [
    "Maaloo"
   ]
  }, 
  {
   "begin": "8.920", 
   "end": "9.320", 
   "id": "f000014", 
   "language": "en", 
   "lines": [
    "saw"
   ]
  }, 
  {
   "begin": "9.320", 
   "end": "9.560", 
   "id": "f000015", 
   "language": "en", 
   "lines": [
    "that"
   ]
  }, 
  {
   "begin": "9.560", 
   "end": "9.880", 
   "id": "f000016", 
   "language": "en", 
   "lines": [
    "Kaaloo"
   ]
  }, 
  {
   "begin": "9.880", 
   "end": "10.320", 
   "id": "f000017", 
   "language": "en", 
   "lines": [
    "was"
   ]
  }, 
  {
   "begin": "10.320", 
   "end": "10.640", 
   "id": "f000018", 
   "language": "en", 
   "lines": [
    "digging"
   ]
  }, 
  {
   "begin": "10.640", 
   "end": "11.600", 
   "id": "f000019", 
   "language": "en", 
   "lines": [
    "away"
   ]
  }, 
  {
   "begin": "11.600", 
   "end": "11.800", 
   "id": "f000020", 
   "language": "en", 
   "lines": [
    "and"
   ]
  }, 
  {
   "begin": "11.800", 
   "end": "12.120", 
   "id": "f000021", 
   "language": "en", 
   "lines": [
    "what"
   ]
  }, 
  {
   "begin": "12.120", 
   "end": "12.240", 
   "id": "f000022", 
   "language": "en", 
   "lines": [
    "do"
   ]
  }, 
  {
   "begin": "12.240", 
   "end": "12.560", 
   "id": "f000023", 
   "language": "en", 
   "lines": [
    "you"
   ]
  }, 
  {
   "begin": "12.560", 
   "end": "13.080", 
   "id": "f000024", 
   "language": "en", 
   "lines": [
    "think"
   ]
  }, 
  {
   "begin": "13.080", 
   "end": "13.280", 
   "id": "f000025", 
   "language": "en", 
   "lines": [
    "was"
   ]
  }, 
  {
   "begin": "13.280", 
   "end": "13.640", 
   "id": "f000026", 
   "language": "en", 
   "lines": [
    "coming"
   ]
  }, 
  {
   "begin": "13.640", 
   "end": "14.200", 
   "id": "f000027", 
   "language": "en", 
   "lines": [
    "out"
   ]
  }, 
  {
   "begin": "14.200", 
   "end": "14.480", 
   "id": "f000028", 
   "language": "en", 
   "lines": [
    "of"
   ]
  }, 
  {
   "begin": "14.480", 
   "end": "15.160", 
   "id": "f000029", 
   "language": "en", 
   "lines": [
    "the"
   ]
  }, 
  {
   "begin": "15.160", 
   "end": "15.280", 
   "id": "f000030", 
   "language": "en", 
   "lines": [
    "mud?"
   ]
  }, 
  {
   "begin": "15.280", 
   "end": "16.080", 
   "id": "f000031", 
   "language": "en", 
   "lines": [
    "Big"
   ]
  }, 
  {
   "begin": "16.080", 
   "end": "16.760", 
   "id": "f000032", 
   "language": "en", 
   "lines": [
    "fat"
   ]
  }, 
  {
   "begin": "16.760", 
   "end": "18.520", 
   "id": "f000033", 
   "language": "en", 
   "lines": [
    "potatoes!"
   ]
  }
 ]
}