{
 "fragments": [
  {
   "begin": "0.000", 
   "end": "0.640", 
   "id": "f000001", 
   "language": "en", 
   "lines": [
    "And"
   ]
  }, 
  {
   "begin": "0.640", 
   "end": "1.000", 
   "id": "f000002", 
   "language": "en", 
   "lines": [
    "off"
   ]
  }, 
  {
   "begin": "1.000", 
   "end": "1.400", 
   "id": "f000003", 
   "language": "en", 
   "lines": [
    "went"
   ]
  }, 
  {
   "begin": "1.400", 
   "end": "1.960", 
   "id": "f000004", 
   "language": "en", 
   "lines": [
    "Nanhi\u2019s"
   ]
  }, 
  {
   "begin": "1.960", 
   "end": "2.520", 
   "id": "f000005", 
   "language": "en", 
   "lines": [
    "train"
   ]
  }, 
  {
   "begin": "2.520", 
   "end": "3.120", 
   "id": "f000006", 
   "language": "en", 
   "lines": [
    "\u2013"
   ]
  }, 
  {
   "begin": "3.120", 
   "end": "5.680", 
   "id": "f000007", 
   "language": "en", 
   "lines": [
    "Chhuk-Chhuk-Chhak,"
   ]
  }, 
  {
   "begin": "5.680", 
   "end": "6.000", 
   "id": "f000008", 
   "language": "en", 
   "lines": [
    "from"
   ]
  }, 
  {
   "begin": "6.000", 
   "end": "6.680", 
   "id": "f000009", 
   "language": "en", 
   "lines": [
    "here"
   ]
  }, 
  {
   "begin": "6.680", 
   "end": "7.160", 
   "id": "f000010", 
   "language": "en", 
   "lines": [
    "to"
   ]
  }, 
  {
   "begin": "7.160", 
   "end": "8.080", 
   "id": "f000011", 
   "language": "en", 
   "lines": [
    "there,"
   ]
  }, 
  {
   "begin": "8.080", 
   "end": "9.040", 
   "id": "f000012", 
   "language": "en", 
   "lines": [
    "so"
   ]
  }, 
  {
   "begin": "9.040", 
   "end": "9.440", 
   "id": "f000013", 
   "language": "en", 
   "lines": [
    "very"
   ]
  }, 
  {
   "begin": "9.440", 
   "end": "10.520", 
   "id": "f000014", 
   "language": "en", 
   "lines": [
    "far!"
   ]
  }
 ]
}