{
 "fragments": [
  {
   "begin": "0.000", 
   "end": "0.800", 
   "id": "f000001", 
   "language": "en", 
   "lines": [
    "\u201cOh"
   ]
  }, 
  {
   "begin": "0.800", 
   "end": "2.040", 
   "id": "f000002", 
   "language": "en", 
   "lines": [
    "dear!"
   ]
  }, 
  {
   "begin": "2.040", 
   "end": "2.800", 
   "id": "f000003", 
   "language": "en", 
   "lines": [
    "Now"
   ]
  }, 
  {
   "begin": "2.800", 
   "end": "3.080", 
   "id": "f000004", 
   "language": "en", 
   "lines": [
    "where"
   ]
  }, 
  {
   "begin": "3.080", 
   "end": "3.480", 
   "id": "f000005", 
   "language": "en", 
   "lines": [
    "shall"
   ]
  }, 
  {
   "begin": "3.480", 
   "end": "3.600", 
   "id": "f000006", 
   "language": "en", 
   "lines": [
    "I"
   ]
  }, 
  {
   "begin": "3.600", 
   "end": "3.800", 
   "id": "f000007", 
   "language": "en", 
   "lines": [
    "make"
   ]
  }, 
  {
   "begin": "3.800", 
   "end": "3.880", 
   "id": "f000008", 
   "language": "en", 
   "lines": [
    "the"
   ]
  }, 
  {
   "begin": "3.880", 
   "end": "5.600", 
   "id": "f000009", 
   "language": "en", 
   "lines": [
    "coaches?\u201d"
   ]
  }, 
  {
   "begin": "5.600", 
   "end": "6.080", 
   "id": "f000010", 
   "language": "en", 
   "lines": [
    "Nanhi"
   ]
  }, 
  {
   "begin": "6.080", 
   "end": "6.360", 
   "id": "f000011", 
   "language": "en", 
   "lines": [
    "wondered,"
   ]
  }, 
  {
   "begin": "6.360", 
   "end": "6.760", 
   "id": "f000012", 
   "language": "en", 
   "lines": [
    "for"
   ]
  }, 
  {
   "begin": "6.760", 
   "end": "7.080", 
   "id": "f000013", 
   "language": "en", 
   "lines": [
    "there"
   ]
  }, 
  {
   "begin": "7.080", 
   "end": "7.680", 
   "id": "f000014", 
   "language": "en", 
   "lines": [
    "was"
   ]
  }, 
  {
   "begin": "7.680", 
   "end": "7.960", 
   "id": "f000015", 
   "language": "en", 
   "lines": [
    "no"
   ]
  }, 
  {
   "begin": "7.960", 
   "end": "8.320", 
   "id": "f000016", 
   "language": "en", 
   "lines": [
    "more"
   ]
  }, 
  {
   "begin": "8.320", 
   "end": "8.720", 
   "id": "f000017", 
   "language": "en", 
   "lines": [
    "space"
   ]
  }, 
  {
   "begin": "8.720", 
   "end": "8.800", 
   "id": "f000018", 
   "language": "en", 
   "lines": [
    "on"
   ]
  }, 
  {
   "begin": "8.800", 
   "end": "8.920", 
   "id": "f000019", 
   "language": "en", 
   "lines": [
    "the"
   ]
  }, 
  {
   "begin": "8.920", 
   "end": "9.920", 
   "id": "f000020", 
   "language": "en", 
   "lines": [
    "slate."
   ]
  }
 ]
}