{
 "fragments": [
  {
   "begin": "0.000", 
   "end": "0.600", 
   "id": "f000001", 
   "language": "en", 
   "lines": [
    "Nanhi"
   ]
  }, 
  {
   "begin": "0.600", 
   "end": "1.160", 
   "id": "f000002", 
   "language": "en", 
   "lines": [
    "first"
   ]
  }, 
  {
   "begin": "1.160", 
   "end": "1.400", 
   "id": "f000003", 
   "language": "en", 
   "lines": [
    "drew"
   ]
  }, 
  {
   "begin": "1.400", 
   "end": "1.680", 
   "id": "f000004", 
   "language": "en", 
   "lines": [
    "an"
   ]
  }, 
  {
   "begin": "1.680", 
   "end": "2.640", 
   "id": "f000005", 
   "language": "en", 
   "lines": [
    "engine"
   ]
  }, 
  {
   "begin": "2.640", 
   "end": "2.920", 
   "id": "f000006", 
   "language": "en", 
   "lines": [
    "which"
   ]
  }, 
  {
   "begin": "2.920", 
   "end": "3.160", 
   "id": "f000007", 
   "language": "en", 
   "lines": [
    "gave"
   ]
  }, 
  {
   "begin": "3.160", 
   "end": "3.640", 
   "id": "f000008", 
   "language": "en", 
   "lines": [
    "out"
   ]
  }, 
  {
   "begin": "3.640", 
   "end": "4.080", 
   "id": "f000009", 
   "language": "en", 
   "lines": [
    "a"
   ]
  }, 
  {
   "begin": "4.080", 
   "end": "4.520", 
   "id": "f000010", 
   "language": "en", 
   "lines": [
    "lot"
   ]
  }, 
  {
   "begin": "4.520", 
   "end": "4.760", 
   "id": "f000011", 
   "language": "en", 
   "lines": [
    "of"
   ]
  }, 
  {
   "begin": "4.760", 
   "end": "5.360", 
   "id": "f000012", 
   "language": "en", 
   "lines": [
    "smoke,"
   ]
  }, 
  {
   "begin": "5.360", 
   "end": "5.600", 
   "id": "f000013", 
   "language": "en", 
   "lines": [
    "for"
   ]
  }, 
  {
   "begin": "5.600", 
   "end": "6.040", 
   "id": "f000014", 
   "language": "en", 
   "lines": [
    "the"
   ]
  }, 
  {
   "begin": "6.040", 
   "end": "6.920", 
   "id": "f000015", 
   "language": "en", 
   "lines": [
    "long,"
   ]
  }, 
  {
   "begin": "6.920", 
   "end": "7.640", 
   "id": "f000016", 
   "language": "en", 
   "lines": [
    "long"
   ]
  }, 
  {
   "begin": "7.640", 
   "end": "8.680", 
   "id": "f000017", 
   "language": "en", 
   "lines": [
    "train."
   ]
  }
 ]
}