{
 "fragments": [
  {
   "begin": "0.000", 
   "end": "0.360", 
   "id": "f000001", 
   "language": "en", 
   "lines": [
    "Gappu"
   ]
  }, 
  {
   "begin": "0.360", 
   "end": "0.640", 
   "id": "f000002", 
   "language": "en", 
   "lines": [
    "turned"
   ]
  }, 
  {
   "begin": "0.640", 
   "end": "1.240", 
   "id": "f000003", 
   "language": "en", 
   "lines": [
    "his"
   ]
  }, 
  {
   "begin": "1.240", 
   "end": "1.600", 
   "id": "f000004", 
   "language": "en", 
   "lines": [
    "bat"
   ]
  }, 
  {
   "begin": "1.600", 
   "end": "2.120", 
   "id": "f000005", 
   "language": "en", 
   "lines": [
    "this"
   ]
  }, 
  {
   "begin": "2.120", 
   "end": "2.600", 
   "id": "f000006", 
   "language": "en", 
   "lines": [
    "way"
   ]
  }, 
  {
   "begin": "2.600", 
   "end": "2.960", 
   "id": "f000007", 
   "language": "en", 
   "lines": [
    "and"
   ]
  }, 
  {
   "begin": "2.960", 
   "end": "3.360", 
   "id": "f000008", 
   "language": "en", 
   "lines": [
    "that."
   ]
  }, 
  {
   "begin": "3.360", 
   "end": "4.280", 
   "id": "f000009", 
   "language": "en", 
   "lines": [
    "The"
   ]
  }, 
  {
   "begin": "4.280", 
   "end": "4.520", 
   "id": "f000010", 
   "language": "en", 
   "lines": [
    "ball"
   ]
  }, 
  {
   "begin": "4.520", 
   "end": "5.000", 
   "id": "f000011", 
   "language": "en", 
   "lines": [
    "went"
   ]
  }, 
  {
   "begin": "5.000", 
   "end": "5.440", 
   "id": "f000012", 
   "language": "en", 
   "lines": [
    "all"
   ]
  }, 
  {
   "begin": "5.440", 
   "end": "5.520", 
   "id": "f000013", 
   "language": "en", 
   "lines": [
    "over"
   ]
  }, 
  {
   "begin": "5.520", 
   "end": "5.600", 
   "id": "f000014", 
   "language": "en", 
   "lines": [
    "the"
   ]
  }, 
  {
   "begin": "5.600", 
   "end": "7.240", 
   "id": "f000015", 
   "language": "en", 
   "lines": [
    "field."
   ]
  }, 
  {
   "begin": "7.240", 
   "end": "7.760", 
   "id": "f000016", 
   "language": "en", 
   "lines": [
    "Zipp,"
   ]
  }, 
  {
   "begin": "7.760", 
   "end": "8.480", 
   "id": "f000017", 
   "language": "en", 
   "lines": [
    "zapp,"
   ]
  }, 
  {
   "begin": "8.480", 
   "end": "9.000", 
   "id": "f000018", 
   "language": "en", 
   "lines": [
    "zipp,"
   ]
  }, 
  {
   "begin": "9.000", 
   "end": "11.240", 
   "id": "f000019", 
   "language": "en", 
   "lines": [
    "zoom.&nbsp;Pehelwaan"
   ]
  }, 
  {
   "begin": "11.240", 
   "end": "11.680", 
   "id": "f000020", 
   "language": "en", 
   "lines": [
    "ji"
   ]
  }, 
  {
   "begin": "11.680", 
   "end": "12.120", 
   "id": "f000021", 
   "language": "en", 
   "lines": [
    "huffed"
   ]
  }, 
  {
   "begin": "12.120", 
   "end": "12.360", 
   "id": "f000022", 
   "language": "en", 
   "lines": [
    "and"
   ]
  }, 
  {
   "begin": "12.360", 
   "end": "12.640", 
   "id": "f000023", 
   "language": "en", 
   "lines": [
    "puffed"
   ]
  }, 
  {
   "begin": "12.640", 
   "end": "13.120", 
   "id": "f000024", 
   "language": "en", 
   "lines": [
    "as"
   ]
  }, 
  {
   "begin": "13.120", 
   "end": "13.400", 
   "id": "f000025", 
   "language": "en", 
   "lines": [
    "he"
   ]
  }, 
  {
   "begin": "13.400", 
   "end": "13.680", 
   "id": "f000026", 
   "language": "en", 
   "lines": [
    "ran"
   ]
  }, 
  {
   "begin": "13.680", 
   "end": "13.920", 
   "id": "f000027", 
   "language": "en", 
   "lines": [
    "after"
   ]
  }, 
  {
   "begin": "13.920", 
   "end": "15.200", 
   "id": "f000028", 
   "language": "en", 
   "lines": [
    "it."
   ]
  }, 
  {
   "begin": "15.200", 
   "end": "15.640", 
   "id": "f000029", 
   "language": "en", 
   "lines": [
    "OHH,"
   ]
  }, 
  {
   "begin": "15.640", 
   "end": "16.120", 
   "id": "f000030", 
   "language": "en", 
   "lines": [
    "AAAH,"
   ]
  }, 
  {
   "begin": "16.120", 
   "end": "19.360", 
   "id": "f000031", 
   "language": "en", 
   "lines": [
    "HMMPH."
   ]
  }
 ]
}