{
 "fragments": [
  {
   "begin": "0.000", 
   "end": "0.640", 
   "id": "f000001", 
   "language": "en", 
   "lines": [
    "Gappu"
   ]
  }, 
  {
   "begin": "0.640", 
   "end": "1.080", 
   "id": "f000002", 
   "language": "en", 
   "lines": [
    "said,"
   ]
  }, 
  {
   "begin": "1.080", 
   "end": "1.680", 
   "id": "f000003", 
   "language": "en", 
   "lines": [
    "\u201cPehelwaan"
   ]
  }, 
  {
   "begin": "1.680", 
   "end": "2.080", 
   "id": "f000004", 
   "language": "en", 
   "lines": [
    "ji,"
   ]
  }, 
  {
   "begin": "2.080", 
   "end": "2.720", 
   "id": "f000005", 
   "language": "en", 
   "lines": [
    "let"
   ]
  }, 
  {
   "begin": "2.720", 
   "end": "3.040", 
   "id": "f000006", 
   "language": "en", 
   "lines": [
    "us"
   ]
  }, 
  {
   "begin": "3.040", 
   "end": "3.320", 
   "id": "f000007", 
   "language": "en", 
   "lines": [
    "play"
   ]
  }, 
  {
   "begin": "3.320", 
   "end": "3.560", 
   "id": "f000008", 
   "language": "en", 
   "lines": [
    "cricket.\u201d"
   ]
  }, 
  {
   "begin": "3.560", 
   "end": "4.760", 
   "id": "f000009", 
   "language": "en", 
   "lines": [
    "Pehelwaan"
   ]
  }, 
  {
   "begin": "4.760", 
   "end": "5.440", 
   "id": "f000010", 
   "language": "en", 
   "lines": [
    "ji"
   ]
  }, 
  {
   "begin": "5.440", 
   "end": "5.920", 
   "id": "f000011", 
   "language": "en", 
   "lines": [
    "said,"
   ]
  }, 
  {
   "begin": "5.920", 
   "end": "6.760", 
   "id": "f000012", 
   "language": "en", 
   "lines": [
    "\u201cYes,"
   ]
  }, 
  {
   "begin": "6.760", 
   "end": "7.600", 
   "id": "f000013", 
   "language": "en", 
   "lines": [
    "but"
   ]
  }, 
  {
   "begin": "7.600", 
   "end": "7.880", 
   "id": "f000014", 
   "language": "en", 
   "lines": [
    "I"
   ]
  }, 
  {
   "begin": "7.880", 
   "end": "8.120", 
   "id": "f000015", 
   "language": "en", 
   "lines": [
    "will"
   ]
  }, 
  {
   "begin": "8.120", 
   "end": "8.480", 
   "id": "f000016", 
   "language": "en", 
   "lines": [
    "bat"
   ]
  }, 
  {
   "begin": "8.480", 
   "end": "9.680", 
   "id": "f000017", 
   "language": "en", 
   "lines": [
    "first.\u201d"
   ]
  }
 ]
}