{
 "fragments": [
  {
   "begin": "0.000", 
   "end": "0.000", 
   "id": "f000001", 
   "language": "en", 
   "lines": [
    "The"
   ]
  }, 
  {
   "begin": "0.000", 
   "end": "0.920", 
   "id": "f000002", 
   "language": "en", 
   "lines": [
    "children"
   ]
  }, 
  {
   "begin": "0.920", 
   "end": "1.120", 
   "id": "f000003", 
   "language": "en", 
   "lines": [
    "did"
   ]
  }, 
  {
   "begin": "1.120", 
   "end": "1.440", 
   "id": "f000004", 
   "language": "en", 
   "lines": [
    "not"
   ]
  }, 
  {
   "begin": "1.440", 
   "end": "1.880", 
   "id": "f000005", 
   "language": "en", 
   "lines": [
    "know"
   ]
  }, 
  {
   "begin": "1.880", 
   "end": "1.880", 
   "id": "f000006", 
   "language": "en", 
   "lines": [
    "what"
   ]
  }, 
  {
   "begin": "1.880", 
   "end": "2.080", 
   "id": "f000007", 
   "language": "en", 
   "lines": [
    "to"
   ]
  }, 
  {
   "begin": "2.080", 
   "end": "3.000", 
   "id": "f000008", 
   "language": "en", 
   "lines": [
    "do."
   ]
  }
 ]
}