{"id":77,"name":"Pehelwaan ji Plays Cricket","writtenby":"Sanjiv Jaiswal 'Sanjay'","illustrationsby":"Ajit Narayan","translationby":"Manisha Chaudhry","source":"Pratham Books","status":"active","level":2,"pages":[{"id":794,"content":"Pehelwaan ji exercised every day.","pageno":1,"image":"1db165669f6fac1b45960498a9c53e94.jpg","audio":"6c1452b9b4f0edd3f67f3a243b365288.mp3","audio_map":"72161dc9b9965588c34a2e2d10655d60.json","language":[]},{"id":795,"content":"One day, he wanted to be a player. He went to the field and said to the children, \u201cI want to play with you.\u201d \nThe children were scared of him. So they could not say no to him!","pageno":2,"image":"bd77ed0a0df49d0e7e19eb68d5663bc9.jpg","audio":"19734d9f0ee3ddcde1762bd976e7852d.mp3","audio_map":"1d104a4552925d9f957ee7c47dc6ae2d.json","language":[]},{"id":796,"content":"When Pehelwaan kicked the ball it almost burst. When he kicked it again, the goalkeeper went flying!","pageno":3,"image":"173fe1600850b8800f3a2ce0644b2622.jpg","audio":"933a0cd8dedadc14a27a275aea1a734b.mp3","audio_map":"fbaf624a6e21fb024e4b6be5ea932c6f.json","language":[]},{"id":797,"content":"The children did not know what to do.","pageno":4,"image":"b2c4e636a34012967c2db5d3c57a9c57.jpg","audio":"c80ab6173002f512d51dfa63943a6024.mp3","audio_map":"715a3dd4678a627921d94ec383e7e45e.json","language":[]},{"id":798,"content":"Gappu said, \u201cPehelwaan ji, let us play cricket.\u201d Pehelwaan ji said, \u201cYes, but I will bat first.\u201d","pageno":5,"image":"653e76445f4d100c4f8c450fc26a1f48.jpg","audio":"420e38c1332e04bb461bef919c81f0ce.mp3","audio_map":"4a35b6f50c52be2dc9e8ad582aa19436.json","language":[]},{"id":799,"content":"Gappu ran, and jumped high as he threw the ball.","pageno":6,"image":"ac6367f1e7e6cb4dfeebeb510da48000.jpg","audio":"b43fae8656648488017f5da2ec112e55.mp3","audio_map":"b813f51757fe257c0c82ee673fcb68ac.json","language":[]},{"id":800,"content":"Pehelwaan ji lifted the bat. He lost his balance.The ball hit his head. Ouch!","pageno":7,"image":"72130716d9071f33423b9cdbf371ae8b.jpg","audio":"b3ec462b63aba9ec565116878078c144.mp3","audio_map":"50cfa825cb6f09279e5b89c400804fb5.json","language":[]},{"id":801,"content":"Pehelwaan said, \u201cNow, I will bowl.\u201d Gappu said, \u201cFine Pehelwaan ji, but please do not jump high when you bowl. That will scare me.\u201d","pageno":8,"image":"28c3f6f0150e4ab575dfde0d35ddc035.jpg","audio":"63cc1242de56ab0be1afc9b62c00413c.mp3","audio_map":"89b8400540b65262585592ff7ad80419.json","language":[]},{"id":802,"content":"Pehelwaan did not listen to Gappu. He jumped high.","pageno":9,"image":"b5ad77fbebc3d45f53ce1f5c50a60dd4.jpg","audio":"74c0b02b2abbff58122361a54036cfeb.mp3","audio_map":"01ce474a2a990531f2c8045e7f2de559.json","language":[]},{"id":803,"content":"He lost his balance and fell down. THUD!","pageno":10,"image":"bf60ab7664ded90105053c36270bb8ed.jpg","audio":"3fb7eb3003c111ffbb33389a5b093e7b.mp3","audio_map":"79da794e93e67e978090ce399d33d83c.json","language":[]},{"id":804,"content":"He got up and said, \"I will field now.\" Gappu nodded his head.","pageno":11,"image":"949c72f3c784d0659493c1a9215a36b5.jpg","audio":"362fb81edb1d341dd57d83fa4de7d030.mp3","audio_map":"aa2c5b828a2510cd5eb2ffaf96cc3ddc.json","language":[]},{"id":805,"content":"Gappu turned his bat this way and that. The ball went all over the field. Zipp, zapp, zipp, zoom.\u00a0Pehelwaan ji huffed and puffed as he ran after it. OHH, AAAH, HMMPH.","pageno":12,"image":"42b171f1f49a3a475817c71e14ba10e2.jpg","audio":"08b62055b28744b1a7b76e6c1b321f7b.mp3","audio_map":"15be4f96bf88643ade8e6616c2b192bd.json","language":[]},{"id":806,"content":"Pehelwaan ji was very tired. He pulled a face and said, \u201cThis is not for me! I will be the wicket-keeper.\u201d Gappu agreed.","pageno":13,"image":"0e75196cf5a7987c80589d38afa89986.jpg","audio":"8de3b7f42b368e7c5f70bd5a1e858b72.mp3","audio_map":"d7dfc68aa77341278eed5f8d0a71a6ce.json","language":[]},{"id":807,"content":"Gappu threw the ball up high. The batsman ducked. Pehelwaan ji could do nothing as the ball went straight into his mouth... GUPP!","pageno":14,"image":"9817e0366018bc47e071443efe58a1b6.jpg","audio":"2b67ab83d6183fe490b42e51ab37e2ea.mp3","audio_map":"9a65e9d51053d0573c7e924de3ca740e.json","language":[]},{"id":808,"content":"\u201cForget it. I don\u2019t want to play!\u201d said Pehelwaan ji. \n \nHe was in bad shape as he ran away. Gappu pulled out a new ball and everybody went back to the game peacefully.","pageno":15,"image":"9368800fbf8c902ca9ca736ccc4a20cd.jpg","audio":"5be8e6449e415ee4f3005e9d78ec5d7e.mp3","audio_map":"fe250980223dc6e05229d6c67d1ce6c4.json","language":[]}],"language":[],"questions":[{"id":5712,"type":"pre","storypage_id":0,"order_number":1,"title":"Learning new words","question":{"question_type":"vocabulary","question":{"text":"Learning new words","image":"","type":"text"},"words":[{"word":"goalkeeper","image":"aeb6237d0563fe12ffdd8fab328456a6.png"},{"word":"pulled a face","image":"2abca2fdb20063e47b7266ba28f6c689.png"},{"word":"in bad shape","image":"f4eec42b6dbd9ade8a37655389bf61d4.png"},{"word":"burst","image":"19dcfe7f60c5a73eb4f79b56752bbe1b.png"}]},"score":1,"question_template_id":21,"question_template":"Vocab"},{"id":5815,"type":"pre","storypage_id":0,"order_number":2,"title":"What do you think this story is about?","question":{"question_type":"mcq_single_answer","question":{"text":"What do you think this story is about?","image":"","type":"text"},"options":[{"text":"Cricket","type":"text","image":"","ans":1},{"text":"A wrestler","type":"text","image":"","ans":1},{"text":"Children","type":"text","image":"","ans":1},{"text":"Animals","type":"text","image":"","ans":0}],"answers":["Cricket","A wrestler","Children"]},"score":1,"question_template_id":2,"question_template":"Text MCQ"},{"id":5823,"type":"post","storypage_id":0,"order_number":1,"title":"What is happening in this picture?","question":{"question_type":"story_read_aloud","question":{"text":"","image":"80951ff9636293d22b57ce76e1712837.jpg","type":"image"}},"score":1,"question_template_id":7,"question_template":"Describe an Image"},{"id":5816,"type":"during","storypage_id":794,"order_number":1,"title":"Choose the correct answer.","question":{"question_type":"mcq_single_answer","question":{"text":"What did Pehelwaani ji do everyday?","image":"","type":"text"},"options":[{"text":"Exercise","type":"both","image":"7d19694249985b00ad32e12ebc47917d.png","ans":1},{"text":"Singing","type":"both","image":"12ce19dad6474d8d17b527bca84a5794.png","ans":0},{"text":"Dancing","type":"both","image":"e81b68da79d2dfbb1487e72a16be146e.png","ans":0},{"text":"Farting","type":"both","image":"39605d5321e7a0441675eb06203bdc73.png","ans":0}],"answers":["Exercise"]},"score":1,"question_template_id":2,"question_template":"Text MCQ"},{"id":5817,"type":"during","storypage_id":795,"order_number":2,"title":"Choose the correct answer.","question":{"question_type":"mcq_single_answer","question":{"text":"Why couldn't the children say no to Pehelwaan ji?","image":"","type":"text"},"options":[{"text":"They were scared of him.","type":"both","image":"ac9fe0d99f4839149bf17cd1659e3a28.png","ans":1},{"text":"They loved him.","type":"both","image":"f7d27b5edabdbf441890c7479711ccca.png","ans":0},{"text":"They wanted to be nice.","type":"both","image":"edcd76afe89d5a150a2ef539d0e889c1.png","ans":0},{"text":"They were best friends.","type":"both","image":"f7d27b5edabdbf441890c7479711ccca.png","ans":0}],"answers":["They were scared of him."]},"score":1,"question_template_id":2,"question_template":"Text MCQ"},{"id":5818,"type":"during","storypage_id":796,"order_number":3,"title":"Choose all the correct answers.","question":{"question_type":"mcq_single_answer","question":{"text":"What did Pehelwaan ji's kick almost do to the ball?","image":"","type":"text"},"options":[{"text":"It burst it.","type":"both","image":"e781f94f8f66f40a932b5682cdfaf33a.png","ans":1},{"text":"It made it bigger.","type":"both","image":"6eb0da8a80d4109afe065af689b6fabe.png","ans":0},{"text":"It flew into space.","type":"both","image":"859bd5a0b210232d5ef3afd4ecafa43e.png","ans":0},{"text":"It changed ball's colour.","type":"both","image":"07eb3bad8560dd3397a326cd2fd4ae8a.png","ans":0}],"answers":["It burst it."]},"score":1,"question_template_id":2,"question_template":"Text MCQ"},{"id":5819,"type":"during","storypage_id":798,"order_number":4,"title":"Choose the correct answer.","question":{"question_type":"mcq_single_answer","question":{"text":"What did Gappu suggest?","image":"","type":"text"},"options":[{"text":"That they play cricket.","type":"both","image":"5d921825962bed5533c342c5ac59b101.png","ans":1},{"text":"That they play football.","type":"both","image":"9956fc44b7166f81be04589f9bfb1b41.png","ans":0},{"text":"That they play tennis.","type":"both","image":"6cd0745e6cff2875ac9177a7207e6237.png","ans":0},{"text":"That they play basketball.","type":"both","image":"b9752e827a30815820c3bdc992eaa146.png","ans":0}],"answers":["That they play cricket."]},"score":1,"question_template_id":2,"question_template":"Text MCQ"},{"id":5820,"type":"during","storypage_id":800,"order_number":5,"title":"Choose the correct answer.","question":{"question_type":"mcq_single_answer","question":{"text":"What did the ball do to Pehelwaan ji?","image":"","type":"text"},"options":[{"text":"It hit his head.","type":"both","image":"23b3d199fbb78ff508d9657707ee274d.png","ans":1},{"text":"It broke his hand.","type":"both","image":"39bca0d3e49bc8b90617b922a2088c05.png","ans":0},{"text":"It made him fall.","type":"both","image":"5bcaf380f9e38bd044639b47db7d3fa0.png","ans":0},{"text":"It broke his leg.","type":"both","image":"b79a95946158c05097b1a551f3d0bd43.png","ans":0}],"answers":["It hit his head."]},"score":1,"question_template_id":2,"question_template":"Text MCQ"},{"id":5821,"type":"during","storypage_id":803,"order_number":6,"title":"Choose the correct answer.","question":{"question_type":"mcq_single_answer","question":{"text":"What happened to Pehelwaan ji when he bowled?","image":"","type":"text"},"options":[{"text":"He fell.","type":"both","image":"223d4aaf6ec30b07e7321c35706aef30.png","ans":1},{"text":"He cried.","type":"both","image":"f8fb55db1a1ba7a65e2123f1264a3a49.png","ans":0},{"text":"He screamed.","type":"both","image":"6a1966ce003bbc927c6071e91ff18d2a.png","ans":0},{"text":"He danced.","type":"both","image":"f5e91ddef6d002cfc3ea46347535b08a.png","ans":0}],"answers":["He fell."]},"score":1,"question_template_id":2,"question_template":"Text MCQ"},{"id":5822,"type":"during","storypage_id":807,"order_number":7,"title":"Choose the correct answer.","question":{"question_type":"mcq_single_answer","question":{"text":"What did the ball do when Pehelwaan ji was wicket-keeper?","image":"","type":"text"},"options":[{"text":"It fell in his mouth.","type":"both","image":"cd7ebbb4c66b95d90cd8768e1defd446.png","ans":1},{"text":"It broke his leg.","type":"both","image":"a4ef32c2b9e4bb75175d5b1e1f77ecf2.png","ans":0},{"text":"It flew into space.","type":"both","image":"6cab1e175ad23c9f01cf1acd84e4f9b7.png","ans":0},{"text":"It made him cry.","type":"both","image":"cfb3cbedff1ed50ea35bd9d90a86b2cd.png","ans":0}],"answers":["It fell in his mouth."]},"score":1,"question_template_id":2,"question_template":"Text MCQ"}]}