{
 "fragments": [
  {
   "begin": "0.000", 
   "end": "0.360", 
   "id": "f000001", 
   "language": "en", 
   "lines": [
    "He"
   ]
  }, 
  {
   "begin": "0.360", 
   "end": "0.960", 
   "id": "f000002", 
   "language": "en", 
   "lines": [
    "lost"
   ]
  }, 
  {
   "begin": "0.960", 
   "end": "1.160", 
   "id": "f000003", 
   "language": "en", 
   "lines": [
    "his"
   ]
  }, 
  {
   "begin": "1.160", 
   "end": "1.720", 
   "id": "f000004", 
   "language": "en", 
   "lines": [
    "balance"
   ]
  }, 
  {
   "begin": "1.720", 
   "end": "1.720", 
   "id": "f000005", 
   "language": "en", 
   "lines": [
    "and"
   ]
  }, 
  {
   "begin": "1.720", 
   "end": "2.520", 
   "id": "f000006", 
   "language": "en", 
   "lines": [
    "fell"
   ]
  }, 
  {
   "begin": "2.520", 
   "end": "3.600", 
   "id": "f000007", 
   "language": "en", 
   "lines": [
    "down."
   ]
  }, 
  {
   "begin": "3.600", 
   "end": "4.560", 
   "id": "f000008", 
   "language": "en", 
   "lines": [
    "THUD!"
   ]
  }
 ]
}