{
 "fragments": [
  {
   "begin": "0.000", 
   "end": "0.880", 
   "id": "f000001", 
   "language": "en", 
   "lines": [
    "Pehelwaan"
   ]
  }, 
  {
   "begin": "0.880", 
   "end": "1.320", 
   "id": "f000002", 
   "language": "en", 
   "lines": [
    "said,"
   ]
  }, 
  {
   "begin": "1.320", 
   "end": "2.680", 
   "id": "f000003", 
   "language": "en", 
   "lines": [
    "\u201cNow,"
   ]
  }, 
  {
   "begin": "2.680", 
   "end": "2.880", 
   "id": "f000004", 
   "language": "en", 
   "lines": [
    "I"
   ]
  }, 
  {
   "begin": "2.880", 
   "end": "3.200", 
   "id": "f000005", 
   "language": "en", 
   "lines": [
    "will"
   ]
  }, 
  {
   "begin": "3.200", 
   "end": "4.880", 
   "id": "f000006", 
   "language": "en", 
   "lines": [
    "bowl.\u201d"
   ]
  }, 
  {
   "begin": "4.880", 
   "end": "5.240", 
   "id": "f000007", 
   "language": "en", 
   "lines": [
    "Gappu"
   ]
  }, 
  {
   "begin": "5.240", 
   "end": "5.640", 
   "id": "f000008", 
   "language": "en", 
   "lines": [
    "said,"
   ]
  }, 
  {
   "begin": "5.640", 
   "end": "5.640", 
   "id": "f000009", 
   "language": "en", 
   "lines": [
    "\u201cFine"
   ]
  }, 
  {
   "begin": "5.640", 
   "end": "7.120", 
   "id": "f000010", 
   "language": "en", 
   "lines": [
    "Pehelwaan"
   ]
  }, 
  {
   "begin": "7.120", 
   "end": "7.160", 
   "id": "f000011", 
   "language": "en", 
   "lines": [
    "ji,"
   ]
  }, 
  {
   "begin": "7.160", 
   "end": "7.400", 
   "id": "f000012", 
   "language": "en", 
   "lines": [
    "but"
   ]
  }, 
  {
   "begin": "7.400", 
   "end": "7.720", 
   "id": "f000013", 
   "language": "en", 
   "lines": [
    "please"
   ]
  }, 
  {
   "begin": "7.720", 
   "end": "8.080", 
   "id": "f000014", 
   "language": "en", 
   "lines": [
    "do"
   ]
  }, 
  {
   "begin": "8.080", 
   "end": "8.320", 
   "id": "f000015", 
   "language": "en", 
   "lines": [
    "not"
   ]
  }, 
  {
   "begin": "8.320", 
   "end": "9.360", 
   "id": "f000016", 
   "language": "en", 
   "lines": [
    "jump"
   ]
  }, 
  {
   "begin": "9.360", 
   "end": "9.760", 
   "id": "f000017", 
   "language": "en", 
   "lines": [
    "high"
   ]
  }, 
  {
   "begin": "9.760", 
   "end": "9.960", 
   "id": "f000018", 
   "language": "en", 
   "lines": [
    "when"
   ]
  }, 
  {
   "begin": "9.960", 
   "end": "10.160", 
   "id": "f000019", 
   "language": "en", 
   "lines": [
    "you"
   ]
  }, 
  {
   "begin": "10.160", 
   "end": "11.200", 
   "id": "f000020", 
   "language": "en", 
   "lines": [
    "bowl."
   ]
  }, 
  {
   "begin": "11.200", 
   "end": "11.680", 
   "id": "f000021", 
   "language": "en", 
   "lines": [
    "That"
   ]
  }, 
  {
   "begin": "11.680", 
   "end": "11.680", 
   "id": "f000022", 
   "language": "en", 
   "lines": [
    "will"
   ]
  }, 
  {
   "begin": "11.680", 
   "end": "12.280", 
   "id": "f000023", 
   "language": "en", 
   "lines": [
    "scare"
   ]
  }, 
  {
   "begin": "12.280", 
   "end": "13.320", 
   "id": "f000024", 
   "language": "en", 
   "lines": [
    "me.\u201d"
   ]
  }
 ]
}