{
 "fragments": [
  {
   "begin": "0.000", 
   "end": "0.840", 
   "id": "f000001", 
   "language": "en", 
   "lines": [
    "Gappu"
   ]
  }, 
  {
   "begin": "0.840", 
   "end": "1.160", 
   "id": "f000002", 
   "language": "en", 
   "lines": [
    "threw"
   ]
  }, 
  {
   "begin": "1.160", 
   "end": "1.320", 
   "id": "f000003", 
   "language": "en", 
   "lines": [
    "the"
   ]
  }, 
  {
   "begin": "1.320", 
   "end": "1.760", 
   "id": "f000004", 
   "language": "en", 
   "lines": [
    "ball"
   ]
  }, 
  {
   "begin": "1.760", 
   "end": "2.000", 
   "id": "f000005", 
   "language": "en", 
   "lines": [
    "up"
   ]
  }, 
  {
   "begin": "2.000", 
   "end": "3.480", 
   "id": "f000006", 
   "language": "en", 
   "lines": [
    "high."
   ]
  }, 
  {
   "begin": "3.480", 
   "end": "3.600", 
   "id": "f000007", 
   "language": "en", 
   "lines": [
    "The"
   ]
  }, 
  {
   "begin": "3.600", 
   "end": "4.360", 
   "id": "f000008", 
   "language": "en", 
   "lines": [
    "batsman"
   ]
  }, 
  {
   "begin": "4.360", 
   "end": "4.840", 
   "id": "f000009", 
   "language": "en", 
   "lines": [
    "ducked."
   ]
  }, 
  {
   "begin": "4.840", 
   "end": "6.000", 
   "id": "f000010", 
   "language": "en", 
   "lines": [
    "Pehelwaan"
   ]
  }, 
  {
   "begin": "6.000", 
   "end": "6.040", 
   "id": "f000011", 
   "language": "en", 
   "lines": [
    "ji"
   ]
  }, 
  {
   "begin": "6.040", 
   "end": "6.240", 
   "id": "f000012", 
   "language": "en", 
   "lines": [
    "could"
   ]
  }, 
  {
   "begin": "6.240", 
   "end": "6.560", 
   "id": "f000013", 
   "language": "en", 
   "lines": [
    "do"
   ]
  }, 
  {
   "begin": "6.560", 
   "end": "7.440", 
   "id": "f000014", 
   "language": "en", 
   "lines": [
    "nothing"
   ]
  }, 
  {
   "begin": "7.440", 
   "end": "7.560", 
   "id": "f000015", 
   "language": "en", 
   "lines": [
    "as"
   ]
  }, 
  {
   "begin": "7.560", 
   "end": "7.760", 
   "id": "f000016", 
   "language": "en", 
   "lines": [
    "the"
   ]
  }, 
  {
   "begin": "7.760", 
   "end": "8.000", 
   "id": "f000017", 
   "language": "en", 
   "lines": [
    "ball"
   ]
  }, 
  {
   "begin": "8.000", 
   "end": "8.560", 
   "id": "f000018", 
   "language": "en", 
   "lines": [
    "went"
   ]
  }, 
  {
   "begin": "8.560", 
   "end": "9.000", 
   "id": "f000019", 
   "language": "en", 
   "lines": [
    "straight"
   ]
  }, 
  {
   "begin": "9.000", 
   "end": "9.280", 
   "id": "f000020", 
   "language": "en", 
   "lines": [
    "into"
   ]
  }, 
  {
   "begin": "9.280", 
   "end": "9.520", 
   "id": "f000021", 
   "language": "en", 
   "lines": [
    "his"
   ]
  }, 
  {
   "begin": "9.520", 
   "end": "10.360", 
   "id": "f000022", 
   "language": "en", 
   "lines": [
    "mouth..."
   ]
  }, 
  {
   "begin": "10.360", 
   "end": "11.320", 
   "id": "f000023", 
   "language": "en", 
   "lines": [
    "GUPP!"
   ]
  }
 ]
}