{
 "fragments": [
  {
   "begin": "0.000", 
   "end": "0.400", 
   "id": "f000001", 
   "language": "en", 
   "lines": [
    "He"
   ]
  }, 
  {
   "begin": "0.400", 
   "end": "0.760", 
   "id": "f000002", 
   "language": "en", 
   "lines": [
    "got"
   ]
  }, 
  {
   "begin": "0.760", 
   "end": "0.920", 
   "id": "f000003", 
   "language": "en", 
   "lines": [
    "up"
   ]
  }, 
  {
   "begin": "0.920", 
   "end": "1.160", 
   "id": "f000004", 
   "language": "en", 
   "lines": [
    "and"
   ]
  }, 
  {
   "begin": "1.160", 
   "end": "1.560", 
   "id": "f000005", 
   "language": "en", 
   "lines": [
    "said,"
   ]
  }, 
  {
   "begin": "1.560", 
   "end": "2.360", 
   "id": "f000006", 
   "language": "en", 
   "lines": [
    "\"I"
   ]
  }, 
  {
   "begin": "2.360", 
   "end": "2.520", 
   "id": "f000007", 
   "language": "en", 
   "lines": [
    "will"
   ]
  }, 
  {
   "begin": "2.520", 
   "end": "3.040", 
   "id": "f000008", 
   "language": "en", 
   "lines": [
    "field"
   ]
  }, 
  {
   "begin": "3.040", 
   "end": "4.240", 
   "id": "f000009", 
   "language": "en", 
   "lines": [
    "now.\""
   ]
  }, 
  {
   "begin": "4.240", 
   "end": "4.600", 
   "id": "f000010", 
   "language": "en", 
   "lines": [
    "Gappu"
   ]
  }, 
  {
   "begin": "4.600", 
   "end": "5.120", 
   "id": "f000011", 
   "language": "en", 
   "lines": [
    "nodded"
   ]
  }, 
  {
   "begin": "5.120", 
   "end": "5.440", 
   "id": "f000012", 
   "language": "en", 
   "lines": [
    "his"
   ]
  }, 
  {
   "begin": "5.440", 
   "end": "6.240", 
   "id": "f000013", 
   "language": "en", 
   "lines": [
    "head."
   ]
  }
 ]
}