{
 "fragments": [
  {
   "begin": "0.000", 
   "end": "0.520", 
   "id": "f000001", 
   "language": "en", 
   "lines": [
    "Gappu"
   ]
  }, 
  {
   "begin": "0.520", 
   "end": "0.760", 
   "id": "f000002", 
   "language": "en", 
   "lines": [
    "ran,"
   ]
  }, 
  {
   "begin": "0.760", 
   "end": "1.400", 
   "id": "f000003", 
   "language": "en", 
   "lines": [
    "and"
   ]
  }, 
  {
   "begin": "1.400", 
   "end": "1.920", 
   "id": "f000004", 
   "language": "en", 
   "lines": [
    "jumped"
   ]
  }, 
  {
   "begin": "1.920", 
   "end": "2.440", 
   "id": "f000005", 
   "language": "en", 
   "lines": [
    "high"
   ]
  }, 
  {
   "begin": "2.440", 
   "end": "2.760", 
   "id": "f000006", 
   "language": "en", 
   "lines": [
    "as"
   ]
  }, 
  {
   "begin": "2.760", 
   "end": "2.880", 
   "id": "f000007", 
   "language": "en", 
   "lines": [
    "he"
   ]
  }, 
  {
   "begin": "2.880", 
   "end": "3.080", 
   "id": "f000008", 
   "language": "en", 
   "lines": [
    "threw"
   ]
  }, 
  {
   "begin": "3.080", 
   "end": "3.240", 
   "id": "f000009", 
   "language": "en", 
   "lines": [
    "the"
   ]
  }, 
  {
   "begin": "3.240", 
   "end": "3.800", 
   "id": "f000010", 
   "language": "en", 
   "lines": [
    "ball."
   ]
  }
 ]
}