{
 "fragments": [
  {
   "begin": "0.000", 
   "end": "0.560", 
   "id": "f000001", 
   "language": "en", 
   "lines": [
    "Pehelwaan"
   ]
  }, 
  {
   "begin": "0.560", 
   "end": "0.760", 
   "id": "f000002", 
   "language": "en", 
   "lines": [
    "ji"
   ]
  }, 
  {
   "begin": "0.760", 
   "end": "1.160", 
   "id": "f000003", 
   "language": "en", 
   "lines": [
    "was"
   ]
  }, 
  {
   "begin": "1.160", 
   "end": "1.680", 
   "id": "f000004", 
   "language": "en", 
   "lines": [
    "very"
   ]
  }, 
  {
   "begin": "1.680", 
   "end": "2.240", 
   "id": "f000005", 
   "language": "en", 
   "lines": [
    "tired."
   ]
  }, 
  {
   "begin": "2.240", 
   "end": "2.320", 
   "id": "f000006", 
   "language": "en", 
   "lines": [
    "He"
   ]
  }, 
  {
   "begin": "2.320", 
   "end": "3.080", 
   "id": "f000007", 
   "language": "en", 
   "lines": [
    "pulled"
   ]
  }, 
  {
   "begin": "3.080", 
   "end": "3.360", 
   "id": "f000008", 
   "language": "en", 
   "lines": [
    "a"
   ]
  }, 
  {
   "begin": "3.360", 
   "end": "3.960", 
   "id": "f000009", 
   "language": "en", 
   "lines": [
    "face"
   ]
  }, 
  {
   "begin": "3.960", 
   "end": "4.200", 
   "id": "f000010", 
   "language": "en", 
   "lines": [
    "and"
   ]
  }, 
  {
   "begin": "4.200", 
   "end": "4.640", 
   "id": "f000011", 
   "language": "en", 
   "lines": [
    "said,"
   ]
  }, 
  {
   "begin": "4.640", 
   "end": "5.600", 
   "id": "f000012", 
   "language": "en", 
   "lines": [
    "\u201cThis"
   ]
  }, 
  {
   "begin": "5.600", 
   "end": "5.880", 
   "id": "f000013", 
   "language": "en", 
   "lines": [
    "is"
   ]
  }, 
  {
   "begin": "5.880", 
   "end": "6.160", 
   "id": "f000014", 
   "language": "en", 
   "lines": [
    "not"
   ]
  }, 
  {
   "begin": "6.160", 
   "end": "6.360", 
   "id": "f000015", 
   "language": "en", 
   "lines": [
    "for"
   ]
  }, 
  {
   "begin": "6.360", 
   "end": "7.280", 
   "id": "f000016", 
   "language": "en", 
   "lines": [
    "me!"
   ]
  }, 
  {
   "begin": "7.280", 
   "end": "7.840", 
   "id": "f000017", 
   "language": "en", 
   "lines": [
    "I"
   ]
  }, 
  {
   "begin": "7.840", 
   "end": "8.680", 
   "id": "f000018", 
   "language": "en", 
   "lines": [
    "will"
   ]
  }, 
  {
   "begin": "8.680", 
   "end": "8.880", 
   "id": "f000019", 
   "language": "en", 
   "lines": [
    "be"
   ]
  }, 
  {
   "begin": "8.880", 
   "end": "10.280", 
   "id": "f000020", 
   "language": "en", 
   "lines": [
    "the"
   ]
  }, 
  {
   "begin": "10.280", 
   "end": "10.560", 
   "id": "f000021", 
   "language": "en", 
   "lines": [
    "wicket-keeper.\u201d"
   ]
  }, 
  {
   "begin": "10.560", 
   "end": "11.040", 
   "id": "f000022", 
   "language": "en", 
   "lines": [
    "Gappu"
   ]
  }, 
  {
   "begin": "11.040", 
   "end": "11.880", 
   "id": "f000023", 
   "language": "en", 
   "lines": [
    "agreed."
   ]
  }
 ]
}