{"id":128,"name":"First House","writtenby":"Nabanita Deshmukh","illustrationsby":"Phidi Pulu","translationby":"","source":"Pratham Books","status":"active","level":3,"pages":[{"id":1469,"content":"The first house was built in a faraway land of the East, long, long ago by two friends, Kindru-Lalim and Kincha Lali-Dam. In those days, people still lived in caves and did not know what a house was. \nOne day, Kindru-Lalim remarked, \u201cO Lali, I\u2019m so tired of living in a dark cave. Why don\u2019t we build a house in the forest?\u201d \n\u201cThat\u2019s a fantastic idea, Kindru!\u201d exclaimed Kincha Lali-Dam. \u201cLet\u2019s go and ask our friends- the birds, beasts and reptiles how to build a house!\u201d","pageno":1,"image":"839d56297115682fc569cf90960e09e7.jpg","audio":"86a2cac3123cab76252eb4c44a99c554.mp3","audio_map":"b504f9b95dec7fc02ce817a2d4daf2c3.json","language":[]},{"id":1470,"content":"So Kincha Lali-Dam and Kindru-Lalim came out of their caves and entered a dense forest. The first animal they saw was an elephant standing under a tree, flapping his large ears.\n\n\u201cCan you tell us how to build a house, O mighty one?\u201d they asked. The elephant trumpeted loudly and said, \u201cCut logs to make pillars as strong and thick as my legs!\u201d","pageno":2,"image":"ad851b975525d619c59c0dc8ac7c015d.jpg","audio":"54508c09bc8b5b93ccda402a37859536.mp3","audio_map":"530b050b223c643249dcf78a01ad7dd8.json","language":[]},{"id":1471,"content":"The two friends chopped down a tree and made thick pillars out of it.\n\nA snake suddenly slithered past them on the forest floor. \u201cFetch poles as long and thin as I am,\u201d hissed the snake, so off went Kindru-Lalim and Kincha Lali-Dam to cut bamboos from a nearby grove.","pageno":3,"image":"e4ccd65053109fd492750c3b02c27dc0.jpg","audio":"839b77757804cf0eb7764bcc1f542c99.mp3","audio_map":"7e5c6451a461c2ce37f515b990e15c83.json","language":[]},{"id":1472,"content":"As they returned, carrying the bamboo on their backs, they heard a mournful \u2018moo\u2019. It was a mithun, a large buffalo-like creature who lives in those areas and she was bending over the carcass of an animal.\n\n\u201cCan you tell us how to build a house please?\u201d asked Kincha Lali-Dam.","pageno":4,"image":"c6699d0178071fdb85eca57578394683.jpg","audio":"5029a5f73cf44bf5785492b8a947583b.mp3","audio_map":"c616be2f048f16d5bc9efabd8b7d65ab.json","language":[]},{"id":1473,"content":"\u201cI\u2019m much too sad to talk now,\u201d said the mithun sadly, \u201cbut I\u2019ll help you all the same. You see, a tiger has killed my husband, so make a roof with cross poles, like the bones of his skeleton,\u201d added the mithun, pointing at her dead mate. \n \nKincha Lali-Dam and Kindru-Lalim thanked the mithun for her advice and began making cross poles out of the bamboo, but they soon began to tire.","pageno":5,"image":"4487308afe06d51b3211d48981774c6b.jpg","audio":"bd8327deb00f65b18a6e32dbdca0224b.mp3","audio_map":"6e0f6d2ac6a8b96ad4fed9c28cf32bdf.json","language":[]},{"id":1474,"content":"They put down the bamboo poles and walked to a nearby river to have a drink.\n \nSuddenly, a graceful fish swam up to them and whispered, \u201cI saw from afar that you were building a house! Have a look at the scales on my back. Collect plenty of leaves and put them on the roof, one on top of the other, like my scales. That will protect your house from sun and rain,\u201d said the fish and she gently swam away.","pageno":6,"image":"ea425801ec9d28fee801a77b8c04168d.jpg","audio":"84410cd97b098e8a4bd5865d84c44069.mp3","audio_map":"47c250c056c6041e5ddb462481e58c55.json","language":[]},{"id":1475,"content":"Kindru-Lalim and Kincha Lali-Dam now had all the advice they needed to build a house and they worked very hard to complete it. When it was finally done, they called the creatures of the forest to come and have a look.\n\n\u201cWhat a wonderful house you\u2019ve built!\u201d cried everyone. \u201cAnd now it\u2019s all yours to live in!\u201d","pageno":7,"image":"0ab0b8e963babd5cebd1854967131ec0.jpg","audio":"11bba48c00a84a5c42e5174f5ca5025d.mp3","audio_map":"e168c893ba639228b0251b4298c2db68.json","language":[]},{"id":1476,"content":"\u201cIt\u2019s not only ours but yours as well, because you\u2019ve helped us build it!\u201dcried Kindru-Lalim and Kincha Lali-Dam happily.\n\nThe sun shone brightly in the sky, a breeze whistled softly and the trees swayed gently as Kindru-Lalim and Kincha Lali-Dam stepped into their new house. And this is how the first house was built in that faraway land in northeastern India known today as Arunachal Pradesh!","pageno":8,"image":"3ae43799c32a8902dc27326bf06a1cee.jpg","audio":"07ad50b493af8cc3e2854e46ed19672e.mp3","audio_map":"ab7c981ec6a9a9bfcb11b9c591047bc1.json","language":[]}],"language":[],"questions":[{"id":6262,"type":"pre","storypage_id":0,"order_number":1,"title":"Vocabulary","question":{"question_type":"vocabulary","question":{"text":"","image":"","type":""},"words":[{"word":"pillar","image":"03d9ae4d4736f5b9e71a21688ca0d015.png"},{"word":"pole","image":"03294fdc44e285c3c3422cdb363be273.png"},{"word":"skeleton","image":"54fa747c70701658a49e12fc08a29fdd.png"},{"word":"scales","image":"5db27026b58bd4844992dba78e379c2d.png"}]},"score":1,"question_template_id":21,"question_template":"Vocab"},{"id":6255,"type":"during","storypage_id":1469,"order_number":1,"title":"Choose the correct answer.","question":{"question_type":"mcq_single_answer","question":{"text":"What did people use to live in before houses?","image":"","type":"text"},"options":[{"text":"Caves","type":"both","image":"35e2e4bc4160bdf118dcf00f047b51d3.png","ans":1},{"text":"Flats","type":"both","image":"6fff3ad3d0993b174f2eddf38c4b48bb.png","ans":0},{"text":"Bungalows","type":"both","image":"0b4c392802e0b811249e1f94a76c596c.png","ans":0},{"text":"Buildings","type":"both","image":"2297378decb1612f7aa3b9a3a380dc67.png","ans":0}],"answers":["Caves"]},"score":1,"question_template_id":2,"question_template":"Text MCQ"},{"id":6256,"type":"during","storypage_id":1469,"order_number":2,"title":"Choose the correct answer.","question":{"question_type":"mcq_single_answer","question":{"text":"What motivated Kindru to think of living in a house?","image":"","type":"text"},"options":[{"text":"He was tired of darkness in caves","type":"text","image":"","ans":1},{"text":"He was very creative","type":"text","image":"","ans":0},{"text":"He was very intelligent","type":"text","image":"","ans":0},{"text":"He wanted a toilet","type":"text","image":"","ans":0}],"answers":["He was tired of darkness in caves"]},"score":1,"question_template_id":2,"question_template":"Text MCQ"},{"id":6257,"type":"during","storypage_id":1470,"order_number":3,"title":"Choose the correct answer.","question":{"question_type":"mcq_single_answer","question":{"text":"What was the elephant's suggestion?","image":"","type":"text"},"options":[{"text":"To cut wood into pillars.","type":"both","image":"4aa37fb806303f6dde1fbc1940388c5f.png","ans":1},{"text":"To go to bed.","type":"both","image":"6ac1afd08bed27f05ab4be674c42fd81.png","ans":0},{"text":"To make metal.","type":"both","image":"f154baf9b19b20833534a4f415d34832.png","ans":0},{"text":"To dance.","type":"both","image":"8dcd55f0f96ffe848ddfc44f9f1194d2.png","ans":0}],"answers":["To cut wood into pillars."]},"score":1,"question_template_id":2,"question_template":"Text MCQ"},{"id":6258,"type":"during","storypage_id":1471,"order_number":4,"title":"Choose the correct answer.","question":{"question_type":"mcq_single_answer","question":{"text":"What was the snake's suggestion?","image":"","type":"text"},"options":[{"text":"To make poles.","type":"both","image":"4a2a4714236e7fc4a62ed03ec31c3b78.png","ans":1},{"text":"To eat an apple.","type":"both","image":"bc6202e45f2c9d168c047c011c6712d4.png","ans":0},{"text":"To rest.","type":"both","image":"3d9a9bc7e93c92411b4f07806df3631f.png","ans":0},{"text":"To go to bed.","type":"both","image":"615ded8cec82fb3bc723faf01551b110.png","ans":0}],"answers":["To make poles."]},"score":1,"question_template_id":2,"question_template":"Text MCQ"},{"id":6259,"type":"during","storypage_id":1473,"order_number":5,"title":"Choose the correct answer.","question":{"question_type":"mcq_single_answer","question":{"text":"What was the mithun's suggestion?","image":"","type":"text"},"options":[{"text":"To make a roof.","type":"both","image":"426f0f5d3c0a7984cdae5af8e2cd3d16.png","ans":1},{"text":"To make bread.","type":"both","image":"8bb25a84e2b976310f1ab28ba641ded7.png","ans":0},{"text":"To make a floor.","type":"both","image":"238d0684831225a1f301c15c6dbabe00.png","ans":0},{"text":"To lie down.","type":"both","image":"ae58478eed025b2df6fe339ce116c686.png","ans":0}],"answers":["To make a roof."]},"score":1,"question_template_id":2,"question_template":"Text MCQ"},{"id":6260,"type":"during","storypage_id":1474,"order_number":6,"title":"Choose the correct answer.","question":{"question_type":"mcq_single_answer","question":{"text":"What was the fish's suggestion?","image":"","type":"text"},"options":[{"text":"To thatch the roof.","type":"both","image":"3ac6f115bfa8a7b9a88810f124aabba4.png","ans":1},{"text":"To eat him.","type":"both","image":"970d2710f6f88955b456bbb5220c8a16.png","ans":0},{"text":"To sleep.","type":"both","image":"01918fed56e4cfad760cce9073a352c2.png","ans":0},{"text":"To rest.","type":"both","image":"707e1c2d84cd5ecbb064f42faa1ffa27.png","ans":0}],"answers":["To thatch the roof."]},"score":1,"question_template_id":2,"question_template":"Text MCQ"},{"id":6261,"type":"during","storypage_id":1476,"order_number":7,"title":"Choose the correct answer.","question":{"question_type":"mcq_single_answer","question":{"text":"Where is this story from?","image":"","type":"text"},"options":[{"text":"Arunachal Pradesh","type":"text","image":"","ans":1},{"text":"Nagaland","type":"text","image":"","ans":0},{"text":"Mizoram","type":"text","image":"","ans":0},{"text":"Sikkim","type":"text","image":"","ans":0}],"answers":["Arunachal Pradesh"]},"score":1,"question_template_id":2,"question_template":"Text MCQ"}]}