{
 "fragments": [
  {
   "begin": "0.000", 
   "end": "0.440", 
   "id": "f000001", 
   "language": "en", 
   "lines": [
    "So"
   ]
  }, 
  {
   "begin": "0.440", 
   "end": "1.040", 
   "id": "f000002", 
   "language": "en", 
   "lines": [
    "Kincha"
   ]
  }, 
  {
   "begin": "1.040", 
   "end": "1.560", 
   "id": "f000003", 
   "language": "en", 
   "lines": [
    "Lali-Dam"
   ]
  }, 
  {
   "begin": "1.560", 
   "end": "1.760", 
   "id": "f000004", 
   "language": "en", 
   "lines": [
    "and"
   ]
  }, 
  {
   "begin": "1.760", 
   "end": "2.520", 
   "id": "f000005", 
   "language": "en", 
   "lines": [
    "Kindru-Lalim"
   ]
  }, 
  {
   "begin": "2.520", 
   "end": "2.800", 
   "id": "f000006", 
   "language": "en", 
   "lines": [
    "came"
   ]
  }, 
  {
   "begin": "2.800", 
   "end": "3.040", 
   "id": "f000007", 
   "language": "en", 
   "lines": [
    "out"
   ]
  }, 
  {
   "begin": "3.040", 
   "end": "3.120", 
   "id": "f000008", 
   "language": "en", 
   "lines": [
    "of"
   ]
  }, 
  {
   "begin": "3.120", 
   "end": "3.360", 
   "id": "f000009", 
   "language": "en", 
   "lines": [
    "their"
   ]
  }, 
  {
   "begin": "3.360", 
   "end": "4.120", 
   "id": "f000010", 
   "language": "en", 
   "lines": [
    "caves"
   ]
  }, 
  {
   "begin": "4.120", 
   "end": "4.360", 
   "id": "f000011", 
   "language": "en", 
   "lines": [
    "and"
   ]
  }, 
  {
   "begin": "4.360", 
   "end": "4.840", 
   "id": "f000012", 
   "language": "en", 
   "lines": [
    "entered"
   ]
  }, 
  {
   "begin": "4.840", 
   "end": "5.040", 
   "id": "f000013", 
   "language": "en", 
   "lines": [
    "a"
   ]
  }, 
  {
   "begin": "5.040", 
   "end": "5.480", 
   "id": "f000014", 
   "language": "en", 
   "lines": [
    "dense"
   ]
  }, 
  {
   "begin": "5.480", 
   "end": "6.960", 
   "id": "f000015", 
   "language": "en", 
   "lines": [
    "forest.&nbsp;The"
   ]
  }, 
  {
   "begin": "6.960", 
   "end": "7.480", 
   "id": "f000016", 
   "language": "en", 
   "lines": [
    "first"
   ]
  }, 
  {
   "begin": "7.480", 
   "end": "7.880", 
   "id": "f000017", 
   "language": "en", 
   "lines": [
    "animal"
   ]
  }, 
  {
   "begin": "7.880", 
   "end": "8.120", 
   "id": "f000018", 
   "language": "en", 
   "lines": [
    "they"
   ]
  }, 
  {
   "begin": "8.120", 
   "end": "8.360", 
   "id": "f000019", 
   "language": "en", 
   "lines": [
    "saw"
   ]
  }, 
  {
   "begin": "8.360", 
   "end": "8.880", 
   "id": "f000020", 
   "language": "en", 
   "lines": [
    "was"
   ]
  }, 
  {
   "begin": "8.880", 
   "end": "9.160", 
   "id": "f000021", 
   "language": "en", 
   "lines": [
    "an"
   ]
  }, 
  {
   "begin": "9.160", 
   "end": "9.480", 
   "id": "f000022", 
   "language": "en", 
   "lines": [
    "elephant"
   ]
  }, 
  {
   "begin": "9.480", 
   "end": "9.800", 
   "id": "f000023", 
   "language": "en", 
   "lines": [
    "standing"
   ]
  }, 
  {
   "begin": "9.800", 
   "end": "10.000", 
   "id": "f000024", 
   "language": "en", 
   "lines": [
    "under"
   ]
  }, 
  {
   "begin": "10.000", 
   "end": "10.200", 
   "id": "f000025", 
   "language": "en", 
   "lines": [
    "a"
   ]
  }, 
  {
   "begin": "10.200", 
   "end": "11.080", 
   "id": "f000026", 
   "language": "en", 
   "lines": [
    "tree,"
   ]
  }, 
  {
   "begin": "11.080", 
   "end": "11.520", 
   "id": "f000027", 
   "language": "en", 
   "lines": [
    "flapping"
   ]
  }, 
  {
   "begin": "11.520", 
   "end": "11.760", 
   "id": "f000028", 
   "language": "en", 
   "lines": [
    "his"
   ]
  }, 
  {
   "begin": "11.760", 
   "end": "12.080", 
   "id": "f000029", 
   "language": "en", 
   "lines": [
    "large"
   ]
  }, 
  {
   "begin": "12.080", 
   "end": "12.640", 
   "id": "f000030", 
   "language": "en", 
   "lines": [
    "ears.\n\n"
   ]
  }, 
  {
   "begin": "12.640", 
   "end": "12.640", 
   "id": "f000031", 
   "language": "en", 
   "lines": [
    ""
   ]
  }, 
  {
   "begin": "12.640", 
   "end": "12.640", 
   "id": "f000032", 
   "language": "en", 
   "lines": [
    ""
   ]
  },  
  {
   "begin": "13.680", 
   "end": "14.120", 
   "id": "f000034", 
   "language": "en", 
   "lines": [
    "\u201cCan"
   ]
  }, 
  {
   "begin": "14.120", 
   "end": "14.120", 
   "id": "f000035", 
   "language": "en", 
   "lines": [
    "you"
   ]
  }, 
  {
   "begin": "14.120", 
   "end": "14.240", 
   "id": "f000036", 
   "language": "en", 
   "lines": [
    "tell"
   ]
  }, 
  {
   "begin": "14.240", 
   "end": "14.560", 
   "id": "f000037", 
   "language": "en", 
   "lines": [
    "us"
   ]
  }, 
  {
   "begin": "14.560", 
   "end": "14.560", 
   "id": "f000038", 
   "language": "en", 
   "lines": [
    "how"
   ]
  }, 
  {
   "begin": "14.560", 
   "end": "14.560", 
   "id": "f000039", 
   "language": "en", 
   "lines": [
    "to"
   ]
  }, 
  {
   "begin": "14.560", 
   "end": "14.600", 
   "id": "f000040", 
   "language": "en", 
   "lines": [
    "build"
   ]
  }, 
  {
   "begin": "14.600", 
   "end": "14.880", 
   "id": "f000041", 
   "language": "en", 
   "lines": [
    "a"
   ]
  }, 
  {
   "begin": "14.880", 
   "end": "15.440", 
   "id": "f000042", 
   "language": "en", 
   "lines": [
    "house,"
   ]
  }, 
  {
   "begin": "15.440", 
   "end": "15.600", 
   "id": "f000043", 
   "language": "en", 
   "lines": [
    "O"
   ]
  }, 
  {
   "begin": "15.600", 
   "end": "16.040", 
   "id": "f000044", 
   "language": "en", 
   "lines": [
    "mighty"
   ]
  }, 
  {
   "begin": "16.040", 
   "end": "16.440", 
   "id": "f000045", 
   "language": "en", 
   "lines": [
    "one?\u201d"
   ]
  }, 
  {
   "begin": "16.440", 
   "end": "17.240", 
   "id": "f000046", 
   "language": "en", 
   "lines": [
    "they"
   ]
  }, 
  {
   "begin": "17.240", 
   "end": "17.760", 
   "id": "f000047", 
   "language": "en", 
   "lines": [
    "asked."
   ]
  }, 
  {
   "begin": "17.760", 
   "end": "18.440", 
   "id": "f000048", 
   "language": "en", 
   "lines": [
    "The"
   ]
  }, 
  {
   "begin": "18.440", 
   "end": "18.880", 
   "id": "f000049", 
   "language": "en", 
   "lines": [
    "elephant"
   ]
  }, 
  {
   "begin": "18.880", 
   "end": "19.720", 
   "id": "f000050", 
   "language": "en", 
   "lines": [
    "trumpeted"
   ]
  }, 
  {
   "begin": "19.720", 
   "end": "20.560", 
   "id": "f000051", 
   "language": "en", 
   "lines": [
    "loudly"
   ]
  }, 
  {
   "begin": "20.560", 
   "end": "20.760", 
   "id": "f000052", 
   "language": "en", 
   "lines": [
    "and"
   ]
  }, 
  {
   "begin": "20.760", 
   "end": "21.120", 
   "id": "f000053", 
   "language": "en", 
   "lines": [
    "said,"
   ]
  }, 
  {
   "begin": "21.120", 
   "end": "22.080", 
   "id": "f000054", 
   "language": "en", 
   "lines": [
    "\u201cCut"
   ]
  }, 
  {
   "begin": "22.080", 
   "end": "22.560", 
   "id": "f000055", 
   "language": "en", 
   "lines": [
    "logs"
   ]
  }, 
  {
   "begin": "22.560", 
   "end": "22.680", 
   "id": "f000056", 
   "language": "en", 
   "lines": [
    "to"
   ]
  }, 
  {
   "begin": "22.680", 
   "end": "22.880", 
   "id": "f000057", 
   "language": "en", 
   "lines": [
    "make"
   ]
  }, 
  {
   "begin": "22.880", 
   "end": "23.680", 
   "id": "f000058", 
   "language": "en", 
   "lines": [
    "pillars"
   ]
  }, 
  {
   "begin": "23.680", 
   "end": "24.040", 
   "id": "f000059", 
   "language": "en", 
   "lines": [
    "as"
   ]
  }, 
  {
   "begin": "24.040", 
   "end": "24.560", 
   "id": "f000060", 
   "language": "en", 
   "lines": [
    "strong"
   ]
  }, 
  {
   "begin": "24.560", 
   "end": "24.920", 
   "id": "f000061", 
   "language": "en", 
   "lines": [
    "and"
   ]
  }, 
  {
   "begin": "24.920", 
   "end": "25.120", 
   "id": "f000062", 
   "language": "en", 
   "lines": [
    "thick"
   ]
  }, 
  {
   "begin": "25.120", 
   "end": "25.360", 
   "id": "f000063", 
   "language": "en", 
   "lines": [
    "as"
   ]
  }, 
  {
   "begin": "25.360", 
   "end": "25.640", 
   "id": "f000064", 
   "language": "en", 
   "lines": [
    "my"
   ]
  }, 
  {
   "begin": "25.640", 
   "end": "26.440", 
   "id": "f000065", 
   "language": "en", 
   "lines": [
    "legs!\u201d"
   ]
  }
 ]
}