{
 "fragments": [
  {
   "begin": "0.000", 
   "end": "0.400", 
   "id": "f000001", 
   "language": "en", 
   "lines": [
    "The"
   ]
  }, 
  {
   "begin": "0.400", 
   "end": "0.760", 
   "id": "f000002", 
   "language": "en", 
   "lines": [
    "two"
   ]
  }, 
  {
   "begin": "0.760", 
   "end": "1.160", 
   "id": "f000003", 
   "language": "en", 
   "lines": [
    "friends"
   ]
  }, 
  {
   "begin": "1.160", 
   "end": "1.440", 
   "id": "f000004", 
   "language": "en", 
   "lines": [
    "chopped"
   ]
  }, 
  {
   "begin": "1.440", 
   "end": "1.840", 
   "id": "f000005", 
   "language": "en", 
   "lines": [
    "down"
   ]
  }, 
  {
   "begin": "1.840", 
   "end": "1.920", 
   "id": "f000006", 
   "language": "en", 
   "lines": [
    "a"
   ]
  }, 
  {
   "begin": "1.920", 
   "end": "2.320", 
   "id": "f000007", 
   "language": "en", 
   "lines": [
    "tree"
   ]
  }, 
  {
   "begin": "2.320", 
   "end": "2.520", 
   "id": "f000008", 
   "language": "en", 
   "lines": [
    "and"
   ]
  }, 
  {
   "begin": "2.520", 
   "end": "3.000", 
   "id": "f000009", 
   "language": "en", 
   "lines": [
    "made"
   ]
  }, 
  {
   "begin": "3.000", 
   "end": "3.120", 
   "id": "f000010", 
   "language": "en", 
   "lines": [
    "thick"
   ]
  }, 
  {
   "begin": "3.120", 
   "end": "3.720", 
   "id": "f000011", 
   "language": "en", 
   "lines": [
    "pillars"
   ]
  }, 
  {
   "begin": "3.720", 
   "end": "3.880", 
   "id": "f000012", 
   "language": "en", 
   "lines": [
    "out"
   ]
  }, 
  {
   "begin": "3.880", 
   "end": "3.920", 
   "id": "f000013", 
   "language": "en", 
   "lines": [
    "of"
   ]
  }, 
  {
   "begin": "3.920", 
   "end": "4.040", 
   "id": "f000014", 
   "language": "en", 
   "lines": [
    "it.\n\n"
   ]
  }, 
  {
   "begin": "4.040", 
   "end": "4.040", 
   "id": "f000015", 
   "language": "en", 
   "lines": [
    ""
   ]
  }, 
  {
   "begin": "4.040", 
   "end": "4.080", 
   "id": "f000016", 
   "language": "en", 
   "lines": [
    ""
   ]
  }, 
  {
   "begin": "4.080", 
   "end": "4.080", 
   "id": "f000017", 
   "language": "en", 
   "lines": [
    ""
   ]
  }, 
  {
   "begin": "4.080", 
   "end": "5.000", 
   "id": "f000018", 
   "language": "en", 
   "lines": [
    "A"
   ]
  }, 
  {
   "begin": "5.000", 
   "end": "5.480", 
   "id": "f000019", 
   "language": "en", 
   "lines": [
    "snake"
   ]
  }, 
  {
   "begin": "5.480", 
   "end": "6.040", 
   "id": "f000020", 
   "language": "en", 
   "lines": [
    "suddenly"
   ]
  }, 
  {
   "begin": "6.040", 
   "end": "6.520", 
   "id": "f000021", 
   "language": "en", 
   "lines": [
    "slithered"
   ]
  }, 
  {
   "begin": "6.520", 
   "end": "6.920", 
   "id": "f000022", 
   "language": "en", 
   "lines": [
    "past"
   ]
  }, 
  {
   "begin": "6.920", 
   "end": "7.320", 
   "id": "f000023", 
   "language": "en", 
   "lines": [
    "them"
   ]
  }, 
  {
   "begin": "7.320", 
   "end": "7.440", 
   "id": "f000024", 
   "language": "en", 
   "lines": [
    "on"
   ]
  }, 
  {
   "begin": "7.440", 
   "end": "7.560", 
   "id": "f000025", 
   "language": "en", 
   "lines": [
    "the"
   ]
  }, 
  {
   "begin": "7.560", 
   "end": "8.080", 
   "id": "f000026", 
   "language": "en", 
   "lines": [
    "forest"
   ]
  }, 
  {
   "begin": "8.080", 
   "end": "8.520", 
   "id": "f000027", 
   "language": "en", 
   "lines": [
    "floor."
   ]
  }, 
  {
   "begin": "8.520", 
   "end": "9.240", 
   "id": "f000028", 
   "language": "en", 
   "lines": [
    "\u201cFetch"
   ]
  }, 
  {
   "begin": "9.240", 
   "end": "10.960", 
   "id": "f000029", 
   "language": "en", 
   "lines": [
    "poles"
   ]
  }, 
  {
   "begin": "10.960", 
   "end": "11.600", 
   "id": "f000030", 
   "language": "en", 
   "lines": [
    "as"
   ]
  }, 
  {
   "begin": "11.600", 
   "end": "12.240", 
   "id": "f000031", 
   "language": "en", 
   "lines": [
    "long"
   ]
  }, 
  {
   "begin": "12.240", 
   "end": "12.520", 
   "id": "f000032", 
   "language": "en", 
   "lines": [
    "and"
   ]
  }, 
  {
   "begin": "12.520", 
   "end": "13.560", 
   "id": "f000033", 
   "language": "en", 
   "lines": [
    "thin"
   ]
  }, 
  {
   "begin": "13.560", 
   "end": "14.120", 
   "id": "f000034", 
   "language": "en", 
   "lines": [
    "as"
   ]
  }, 
  {
   "begin": "14.120", 
   "end": "14.600", 
   "id": "f000035", 
   "language": "en", 
   "lines": [
    "I"
   ]
  }, 
  {
   "begin": "14.600", 
   "end": "15.680", 
   "id": "f000036", 
   "language": "en", 
   "lines": [
    "am,\u201d"
   ]
  }, 
  {
   "begin": "15.680", 
   "end": "15.960", 
   "id": "f000037", 
   "language": "en", 
   "lines": [
    "hissed"
   ]
  }, 
  {
   "begin": "15.960", 
   "end": "16.320", 
   "id": "f000038", 
   "language": "en", 
   "lines": [
    "the"
   ]
  }, 
  {
   "begin": "16.320", 
   "end": "17.360", 
   "id": "f000039", 
   "language": "en", 
   "lines": [
    "snake,"
   ]
  }, 
  {
   "begin": "17.360", 
   "end": "17.640", 
   "id": "f000040", 
   "language": "en", 
   "lines": [
    "so"
   ]
  }, 
  {
   "begin": "17.640", 
   "end": "18.000", 
   "id": "f000041", 
   "language": "en", 
   "lines": [
    "off"
   ]
  }, 
  {
   "begin": "18.000", 
   "end": "18.280", 
   "id": "f000042", 
   "language": "en", 
   "lines": [
    "went"
   ]
  }, 
  {
   "begin": "18.280", 
   "end": "19.200", 
   "id": "f000043", 
   "language": "en", 
   "lines": [
    "Kindru-Lalim"
   ]
  }, 
  {
   "begin": "19.200", 
   "end": "19.400", 
   "id": "f000044", 
   "language": "en", 
   "lines": [
    "and"
   ]
  }, 
  {
   "begin": "19.400", 
   "end": "19.840", 
   "id": "f000045", 
   "language": "en", 
   "lines": [
    "Kincha"
   ]
  }, 
  {
   "begin": "19.840", 
   "end": "20.440", 
   "id": "f000046", 
   "language": "en", 
   "lines": [
    "Lali-Dam"
   ]
  }, 
  {
   "begin": "20.440", 
   "end": "20.880", 
   "id": "f000047", 
   "language": "en", 
   "lines": [
    "to"
   ]
  }, 
  {
   "begin": "20.880", 
   "end": "21.280", 
   "id": "f000048", 
   "language": "en", 
   "lines": [
    "cut"
   ]
  }, 
  {
   "begin": "21.280", 
   "end": "21.840", 
   "id": "f000049", 
   "language": "en", 
   "lines": [
    "bamboos"
   ]
  }, 
  {
   "begin": "21.840", 
   "end": "22.280", 
   "id": "f000050", 
   "language": "en", 
   "lines": [
    "from"
   ]
  }, 
  {
   "begin": "22.280", 
   "end": "22.400", 
   "id": "f000051", 
   "language": "en", 
   "lines": [
    "a"
   ]
  }, 
  {
   "begin": "22.400", 
   "end": "22.680", 
   "id": "f000052", 
   "language": "en", 
   "lines": [
    "nearby"
   ]
  }, 
  {
   "begin": "22.680", 
   "end": "23.520", 
   "id": "f000053", 
   "language": "en", 
   "lines": [
    "grove."
   ]
  }
 ]
}