{
 "fragments": [
  {
   "begin": "0.000", 
   "end": "0.520", 
   "id": "f000001", 
   "language": "en", 
   "lines": [
    "\u201cIt\u2019s"
   ]
  }, 
  {
   "begin": "0.520", 
   "end": "0.840", 
   "id": "f000002", 
   "language": "en", 
   "lines": [
    "not"
   ]
  }, 
  {
   "begin": "0.840", 
   "end": "1.240", 
   "id": "f000003", 
   "language": "en", 
   "lines": [
    "only"
   ]
  }, 
  {
   "begin": "1.240", 
   "end": "1.840", 
   "id": "f000004", 
   "language": "en", 
   "lines": [
    "ours"
   ]
  }, 
  {
   "begin": "1.840", 
   "end": "1.840", 
   "id": "f000005", 
   "language": "en", 
   "lines": [
    "but"
   ]
  }, 
  {
   "begin": "1.840", 
   "end": "2.160", 
   "id": "f000006", 
   "language": "en", 
   "lines": [
    "yours"
   ]
  }, 
  {
   "begin": "2.160", 
   "end": "2.680", 
   "id": "f000007", 
   "language": "en", 
   "lines": [
    "as"
   ]
  }, 
  {
   "begin": "2.680", 
   "end": "3.320", 
   "id": "f000008", 
   "language": "en", 
   "lines": [
    "well,"
   ]
  }, 
  {
   "begin": "3.320", 
   "end": "3.800", 
   "id": "f000009", 
   "language": "en", 
   "lines": [
    "because"
   ]
  }, 
  {
   "begin": "3.800", 
   "end": "4.080", 
   "id": "f000010", 
   "language": "en", 
   "lines": [
    "you\u2019ve"
   ]
  }, 
  {
   "begin": "4.080", 
   "end": "4.400", 
   "id": "f000011", 
   "language": "en", 
   "lines": [
    "helped"
   ]
  }, 
  {
   "begin": "4.400", 
   "end": "4.680", 
   "id": "f000012", 
   "language": "en", 
   "lines": [
    "us"
   ]
  }, 
  {
   "begin": "4.680", 
   "end": "5.000", 
   "id": "f000013", 
   "language": "en", 
   "lines": [
    "build"
   ]
  }, 
  {
   "begin": "5.000", 
   "end": "6.160", 
   "id": "f000014", 
   "language": "en", 
   "lines": [
    "it!\u201dcried"
   ]
  }, 
  {
   "begin": "6.160", 
   "end": "7.120", 
   "id": "f000015", 
   "language": "en", 
   "lines": [
    "Kindru-Lalim"
   ]
  }, 
  {
   "begin": "7.120", 
   "end": "7.360", 
   "id": "f000016", 
   "language": "en", 
   "lines": [
    "and"
   ]
  }, 
  {
   "begin": "7.360", 
   "end": "7.840", 
   "id": "f000017", 
   "language": "en", 
   "lines": [
    "Kincha"
   ]
  }, 
  {
   "begin": "7.840", 
   "end": "8.480", 
   "id": "f000018", 
   "language": "en", 
   "lines": [
    "Lali-Dam"
   ]
  }, 
  {
   "begin": "8.480", 
   "end": "9.000", 
   "id": "f000019", 
   "language": "en", 
   "lines": [
    "happily.\n\n"
   ]
  }, 
  {
   "begin": "9.000", 
   "end": "9.000", 
   "id": "f000020", 
   "language": "en", 
   "lines": [
    ""
   ]
  }, 
  {
   "begin": "9.000", 
   "end": "9.000", 
   "id": "f000021", 
   "language": "en", 
   "lines": [
    ""
   ]
  }, 
  {
   "begin": "9.000", 
   "end": "9.720", 
   "id": "f000022", 
   "language": "en", 
   "lines": [
    "The"
   ]
  }, 
  {
   "begin": "9.720", 
   "end": "10.040", 
   "id": "f000023", 
   "language": "en", 
   "lines": [
    "sun"
   ]
  }, 
  {
   "begin": "10.040", 
   "end": "10.480", 
   "id": "f000024", 
   "language": "en", 
   "lines": [
    "shone"
   ]
  }, 
  {
   "begin": "10.480", 
   "end": "10.800", 
   "id": "f000025", 
   "language": "en", 
   "lines": [
    "brightly"
   ]
  }, 
  {
   "begin": "10.800", 
   "end": "11.120", 
   "id": "f000026", 
   "language": "en", 
   "lines": [
    "in"
   ]
  }, 
  {
   "begin": "11.120", 
   "end": "11.320", 
   "id": "f000027", 
   "language": "en", 
   "lines": [
    "the"
   ]
  }, 
  {
   "begin": "11.320", 
   "end": "12.080", 
   "id": "f000028", 
   "language": "en", 
   "lines": [
    "sky,"
   ]
  }, 
  {
   "begin": "12.080", 
   "end": "12.240", 
   "id": "f000029", 
   "language": "en", 
   "lines": [
    "a"
   ]
  }, 
  {
   "begin": "12.240", 
   "end": "12.600", 
   "id": "f000030", 
   "language": "en", 
   "lines": [
    "breeze"
   ]
  }, 
  {
   "begin": "12.600", 
   "end": "13.120", 
   "id": "f000031", 
   "language": "en", 
   "lines": [
    "whistled"
   ]
  }, 
  {
   "begin": "13.120", 
   "end": "14.200", 
   "id": "f000032", 
   "language": "en", 
   "lines": [
    "softly"
   ]
  }, 
  {
   "begin": "14.200", 
   "end": "14.360", 
   "id": "f000033", 
   "language": "en", 
   "lines": [
    "and"
   ]
  }, 
  {
   "begin": "14.360", 
   "end": "14.480", 
   "id": "f000034", 
   "language": "en", 
   "lines": [
    "the"
   ]
  }, 
  {
   "begin": "14.480", 
   "end": "14.960", 
   "id": "f000035", 
   "language": "en", 
   "lines": [
    "trees"
   ]
  }, 
  {
   "begin": "14.960", 
   "end": "15.320", 
   "id": "f000036", 
   "language": "en", 
   "lines": [
    "swayed"
   ]
  }, 
  {
   "begin": "15.320", 
   "end": "16.320", 
   "id": "f000037", 
   "language": "en", 
   "lines": [
    "gently"
   ]
  }, 
  {
   "begin": "16.320", 
   "end": "16.600", 
   "id": "f000038", 
   "language": "en", 
   "lines": [
    "as"
   ]
  }, 
  {
   "begin": "16.600", 
   "end": "17.520", 
   "id": "f000039", 
   "language": "en", 
   "lines": [
    "Kindru-Lalim"
   ]
  }, 
  {
   "begin": "17.520", 
   "end": "17.720", 
   "id": "f000040", 
   "language": "en", 
   "lines": [
    "and"
   ]
  }, 
  {
   "begin": "17.720", 
   "end": "18.200", 
   "id": "f000041", 
   "language": "en", 
   "lines": [
    "Kincha"
   ]
  }, 
  {
   "begin": "18.200", 
   "end": "18.840", 
   "id": "f000042", 
   "language": "en", 
   "lines": [
    "Lali-Dam"
   ]
  }, 
  {
   "begin": "18.840", 
   "end": "19.680", 
   "id": "f000043", 
   "language": "en", 
   "lines": [
    "stepped"
   ]
  }, 
  {
   "begin": "19.680", 
   "end": "19.960", 
   "id": "f000044", 
   "language": "en", 
   "lines": [
    "into"
   ]
  }, 
  {
   "begin": "19.960", 
   "end": "20.240", 
   "id": "f000045", 
   "language": "en", 
   "lines": [
    "their"
   ]
  }, 
  {
   "begin": "20.240", 
   "end": "20.520", 
   "id": "f000046", 
   "language": "en", 
   "lines": [
    "new"
   ]
  }, 
  {
   "begin": "20.520", 
   "end": "21.840", 
   "id": "f000047", 
   "language": "en", 
   "lines": [
    "house."
   ]
  }, 
  {
   "begin": "21.840", 
   "end": "22.080", 
   "id": "f000048", 
   "language": "en", 
   "lines": [
    "And"
   ]
  }, 
  {
   "begin": "22.080", 
   "end": "22.120", 
   "id": "f000049", 
   "language": "en", 
   "lines": [
    "this"
   ]
  }, 
  {
   "begin": "22.120", 
   "end": "22.480", 
   "id": "f000050", 
   "language": "en", 
   "lines": [
    "is"
   ]
  }, 
  {
   "begin": "22.480", 
   "end": "22.720", 
   "id": "f000051", 
   "language": "en", 
   "lines": [
    "how"
   ]
  }, 
  {
   "begin": "22.720", 
   "end": "22.920", 
   "id": "f000052", 
   "language": "en", 
   "lines": [
    "the"
   ]
  }, 
  {
   "begin": "22.920", 
   "end": "23.280", 
   "id": "f000053", 
   "language": "en", 
   "lines": [
    "first"
   ]
  }, 
  {
   "begin": "23.280", 
   "end": "23.600", 
   "id": "f000054", 
   "language": "en", 
   "lines": [
    "house"
   ]
  }, 
  {
   "begin": "23.600", 
   "end": "23.840", 
   "id": "f000055", 
   "language": "en", 
   "lines": [
    "was"
   ]
  }, 
  {
   "begin": "23.840", 
   "end": "24.120", 
   "id": "f000056", 
   "language": "en", 
   "lines": [
    "built"
   ]
  }, 
  {
   "begin": "24.120", 
   "end": "24.240", 
   "id": "f000057", 
   "language": "en", 
   "lines": [
    "in"
   ]
  }, 
  {
   "begin": "24.240", 
   "end": "24.400", 
   "id": "f000058", 
   "language": "en", 
   "lines": [
    "that"
   ]
  }, 
  {
   "begin": "24.400", 
   "end": "25.160", 
   "id": "f000059", 
   "language": "en", 
   "lines": [
    "faraway"
   ]
  }, 
  {
   "begin": "25.160", 
   "end": "25.600", 
   "id": "f000060", 
   "language": "en", 
   "lines": [
    "land"
   ]
  }, 
  {
   "begin": "25.600", 
   "end": "26.000", 
   "id": "f000061", 
   "language": "en", 
   "lines": [
    "in"
   ]
  }, 
  {
   "begin": "26.000", 
   "end": "26.560", 
   "id": "f000062", 
   "language": "en", 
   "lines": [
    "northeastern"
   ]
  }, 
  {
   "begin": "26.560", 
   "end": "27.560", 
   "id": "f000063", 
   "language": "en", 
   "lines": [
    "India"
   ]
  }, 
  {
   "begin": "27.560", 
   "end": "27.800", 
   "id": "f000064", 
   "language": "en", 
   "lines": [
    "known"
   ]
  }, 
  {
   "begin": "27.800", 
   "end": "28.280", 
   "id": "f000065", 
   "language": "en", 
   "lines": [
    "today"
   ]
  }, 
  {
   "begin": "28.280", 
   "end": "28.640", 
   "id": "f000066", 
   "language": "en", 
   "lines": [
    "as"
   ]
  }, 
  {
   "begin": "28.640", 
   "end": "29.280", 
   "id": "f000067", 
   "language": "en", 
   "lines": [
    "Arunachal"
   ]
  }, 
  {
   "begin": "29.280", 
   "end": "30.800", 
   "id": "f000068", 
   "language": "en", 
   "lines": [
    "Pradesh!"
   ]
  }
 ]
}