{
 "fragments": [
  {
   "begin": "0.000", 
   "end": "0.360", 
   "id": "f000001", 
   "language": "en", 
   "lines": [
    "The"
   ]
  }, 
  {
   "begin": "0.360", 
   "end": "0.800", 
   "id": "f000002", 
   "language": "en", 
   "lines": [
    "first"
   ]
  }, 
  {
   "begin": "0.800", 
   "end": "1.120", 
   "id": "f000003", 
   "language": "en", 
   "lines": [
    "house"
   ]
  }, 
  {
   "begin": "1.120", 
   "end": "1.320", 
   "id": "f000004", 
   "language": "en", 
   "lines": [
    "was"
   ]
  }, 
  {
   "begin": "1.320", 
   "end": "1.600", 
   "id": "f000005", 
   "language": "en", 
   "lines": [
    "built"
   ]
  }, 
  {
   "begin": "1.600", 
   "end": "1.680", 
   "id": "f000006", 
   "language": "en", 
   "lines": [
    "in"
   ]
  }, 
  {
   "begin": "1.680", 
   "end": "2.000", 
   "id": "f000007", 
   "language": "en", 
   "lines": [
    "a"
   ]
  }, 
  {
   "begin": "2.000", 
   "end": "2.800", 
   "id": "f000008", 
   "language": "en", 
   "lines": [
    "faraway"
   ]
  }, 
  {
   "begin": "2.800", 
   "end": "3.000", 
   "id": "f000009", 
   "language": "en", 
   "lines": [
    "land"
   ]
  }, 
  {
   "begin": "3.000", 
   "end": "3.040", 
   "id": "f000010", 
   "language": "en", 
   "lines": [
    "of"
   ]
  }, 
  {
   "begin": "3.040", 
   "end": "3.200", 
   "id": "f000011", 
   "language": "en", 
   "lines": [
    "the"
   ]
  }, 
  {
   "begin": "3.200", 
   "end": "4.200", 
   "id": "f000012", 
   "language": "en", 
   "lines": [
    "East,"
   ]
  }, 
  {
   "begin": "4.200", 
   "end": "4.520", 
   "id": "f000013", 
   "language": "en", 
   "lines": [
    "long,"
   ]
  }, 
  {
   "begin": "4.520", 
   "end": "4.840", 
   "id": "f000014", 
   "language": "en", 
   "lines": [
    "long"
   ]
  }, 
  {
   "begin": "4.840", 
   "end": "5.120", 
   "id": "f000015", 
   "language": "en", 
   "lines": [
    "ago"
   ]
  }, 
  {
   "begin": "5.120", 
   "end": "5.320", 
   "id": "f000016", 
   "language": "en", 
   "lines": [
    "by"
   ]
  }, 
  {
   "begin": "5.320", 
   "end": "5.640", 
   "id": "f000017", 
   "language": "en", 
   "lines": [
    "two"
   ]
  }, 
  {
   "begin": "5.640", 
   "end": "6.120", 
   "id": "f000018", 
   "language": "en", 
   "lines": [
    "friends,"
   ]
  }, 
  {
   "begin": "6.120", 
   "end": "7.400", 
   "id": "f000019", 
   "language": "en", 
   "lines": [
    "Kindru-Lalim"
   ]
  }, 
  {
   "begin": "7.400", 
   "end": "7.600", 
   "id": "f000020", 
   "language": "en", 
   "lines": [
    "and"
   ]
  }, 
  {
   "begin": "7.600", 
   "end": "8.080", 
   "id": "f000021", 
   "language": "en", 
   "lines": [
    "Kincha"
   ]
  }, 
  {
   "begin": "8.080", 
   "end": "9.560", 
   "id": "f000022", 
   "language": "en", 
   "lines": [
    "Lali-Dam."
   ]
  }, 
  {
   "begin": "9.560", 
   "end": "9.680", 
   "id": "f000023", 
   "language": "en", 
   "lines": [
    "In"
   ]
  }, 
  {
   "begin": "9.680", 
   "end": "10.000", 
   "id": "f000024", 
   "language": "en", 
   "lines": [
    "those"
   ]
  }, 
  {
   "begin": "10.000", 
   "end": "10.400", 
   "id": "f000025", 
   "language": "en", 
   "lines": [
    "days,"
   ]
  }, 
  {
   "begin": "10.400", 
   "end": "11.200", 
   "id": "f000026", 
   "language": "en", 
   "lines": [
    "people"
   ]
  }, 
  {
   "begin": "11.200", 
   "end": "11.360", 
   "id": "f000027", 
   "language": "en", 
   "lines": [
    "still"
   ]
  }, 
  {
   "begin": "11.360", 
   "end": "11.640", 
   "id": "f000028", 
   "language": "en", 
   "lines": [
    "lived"
   ]
  }, 
  {
   "begin": "11.640", 
   "end": "11.840", 
   "id": "f000029", 
   "language": "en", 
   "lines": [
    "in"
   ]
  }, 
  {
   "begin": "11.840", 
   "end": "12.600", 
   "id": "f000030", 
   "language": "en", 
   "lines": [
    "caves"
   ]
  }, 
  {
   "begin": "12.600", 
   "end": "12.840", 
   "id": "f000031", 
   "language": "en", 
   "lines": [
    "and"
   ]
  }, 
  {
   "begin": "12.840", 
   "end": "12.920", 
   "id": "f000032", 
   "language": "en", 
   "lines": [
    "did"
   ]
  }, 
  {
   "begin": "12.920", 
   "end": "13.240", 
   "id": "f000033", 
   "language": "en", 
   "lines": [
    "not"
   ]
  }, 
  {
   "begin": "13.240", 
   "end": "13.440", 
   "id": "f000034", 
   "language": "en", 
   "lines": [
    "know"
   ]
  }, 
  {
   "begin": "13.440", 
   "end": "13.600", 
   "id": "f000035", 
   "language": "en", 
   "lines": [
    "what"
   ]
  }, 
  {
   "begin": "13.600", 
   "end": "13.760", 
   "id": "f000036", 
   "language": "en", 
   "lines": [
    "a"
   ]
  }, 
  {
   "begin": "13.760", 
   "end": "14.200", 
   "id": "f000037", 
   "language": "en", 
   "lines": [
    "house"
   ]
  }, 
  {
   "begin": "14.200", 
   "end": "15.000", 
   "id": "f000038", 
   "language": "en", 
   "lines": [
    "was.\n"
   ]
  }, 
  {
   "begin": "15.000", 
   "end": "15.000", 
   "id": "f000039", 
   "language": "en", 
   "lines": [
    ""
   ]
  }, 
  {
   "begin": "15.000", 
   "end": "15.320", 
   "id": "f000040", 
   "language": "en", 
   "lines": [
    "One"
   ]
  }, 
  {
   "begin": "15.320", 
   "end": "15.560", 
   "id": "f000041", 
   "language": "en", 
   "lines": [
    "day,"
   ]
  }, 
  {
   "begin": "15.560", 
   "end": "16.440", 
   "id": "f000042", 
   "language": "en", 
   "lines": [
    "Kindru-Lalim"
   ]
  }, 
  {
   "begin": "16.440", 
   "end": "16.920", 
   "id": "f000043", 
   "language": "en", 
   "lines": [
    "remarked,"
   ]
  }, 
  {
   "begin": "16.920", 
   "end": "17.400", 
   "id": "f000044", 
   "language": "en", 
   "lines": [
    "\u201cO"
   ]
  }, 
  {
   "begin": "17.400", 
   "end": "17.760", 
   "id": "f000045", 
   "language": "en", 
   "lines": [
    "Lali,"
   ]
  }, 
  {
   "begin": "17.760", 
   "end": "18.760", 
   "id": "f000046", 
   "language": "en", 
   "lines": [
    "I\u2019m"
   ]
  }, 
  {
   "begin": "18.760", 
   "end": "19.000", 
   "id": "f000047", 
   "language": "en", 
   "lines": [
    "so"
   ]
  }, 
  {
   "begin": "19.000", 
   "end": "19.560", 
   "id": "f000048", 
   "language": "en", 
   "lines": [
    "tired"
   ]
  }, 
  {
   "begin": "19.560", 
   "end": "19.800", 
   "id": "f000049", 
   "language": "en", 
   "lines": [
    "of"
   ]
  }, 
  {
   "begin": "19.800", 
   "end": "19.960", 
   "id": "f000050", 
   "language": "en", 
   "lines": [
    "living"
   ]
  }, 
  {
   "begin": "19.960", 
   "end": "20.240", 
   "id": "f000051", 
   "language": "en", 
   "lines": [
    "in"
   ]
  }, 
  {
   "begin": "20.240", 
   "end": "20.480", 
   "id": "f000052", 
   "language": "en", 
   "lines": [
    "a"
   ]
  }, 
  {
   "begin": "20.480", 
   "end": "20.760", 
   "id": "f000053", 
   "language": "en", 
   "lines": [
    "dark"
   ]
  }, 
  {
   "begin": "20.760", 
   "end": "22.080", 
   "id": "f000054", 
   "language": "en", 
   "lines": [
    "cave."
   ]
  }, 
  {
   "begin": "22.080", 
   "end": "22.320", 
   "id": "f000055", 
   "language": "en", 
   "lines": [
    "Why"
   ]
  }, 
  {
   "begin": "22.320", 
   "end": "22.560", 
   "id": "f000056", 
   "language": "en", 
   "lines": [
    "don\u2019t"
   ]
  }, 
  {
   "begin": "22.560", 
   "end": "22.680", 
   "id": "f000057", 
   "language": "en", 
   "lines": [
    "we"
   ]
  }, 
  {
   "begin": "22.680", 
   "end": "22.720", 
   "id": "f000058", 
   "language": "en", 
   "lines": [
    "build"
   ]
  }, 
  {
   "begin": "22.720", 
   "end": "22.960", 
   "id": "f000059", 
   "language": "en", 
   "lines": [
    "a"
   ]
  }, 
  {
   "begin": "22.960", 
   "end": "23.400", 
   "id": "f000060", 
   "language": "en", 
   "lines": [
    "house"
   ]
  }, 
  {
   "begin": "23.400", 
   "end": "23.480", 
   "id": "f000061", 
   "language": "en", 
   "lines": [
    "in"
   ]
  }, 
  {
   "begin": "23.480", 
   "end": "23.640", 
   "id": "f000062", 
   "language": "en", 
   "lines": [
    "the"
   ]
  }, 
  {
   "begin": "23.640", 
   "end": "24.160", 
   "id": "f000063", 
   "language": "en", 
   "lines": [
    "forest?\u201d\n"
   ]
  }, 
  {
   "begin": "24.160", 
   "end": "24.160", 
   "id": "f000064", 
   "language": "en", 
   "lines": [
    ""
   ]
  }, 
  {
   "begin": "24.160", 
   "end": "24.840", 
   "id": "f000065", 
   "language": "en", 
   "lines": [
    "\u201cThat\u2019s"
   ]
  }, 
  {
   "begin": "24.840", 
   "end": "25.000", 
   "id": "f000066", 
   "language": "en", 
   "lines": [
    "a"
   ]
  }, 
  {
   "begin": "25.000", 
   "end": "26.000", 
   "id": "f000067", 
   "language": "en", 
   "lines": [
    "fantastic"
   ]
  }, 
  {
   "begin": "26.000", 
   "end": "26.440", 
   "id": "f000068", 
   "language": "en", 
   "lines": [
    "idea,"
   ]
  }, 
  {
   "begin": "26.440", 
   "end": "27.840", 
   "id": "f000069", 
   "language": "en", 
   "lines": [
    "Kindru!\u201d"
   ]
  }, 
  {
   "begin": "27.840", 
   "end": "28.520", 
   "id": "f000070", 
   "language": "en", 
   "lines": [
    "exclaimed"
   ]
  }, 
  {
   "begin": "28.520", 
   "end": "29.040", 
   "id": "f000071", 
   "language": "en", 
   "lines": [
    "Kincha"
   ]
  }, 
  {
   "begin": "29.040", 
   "end": "29.600", 
   "id": "f000072", 
   "language": "en", 
   "lines": [
    "Lali-Dam."
   ]
  }, 
  {
   "begin": "29.600", 
   "end": "30.440", 
   "id": "f000073", 
   "language": "en", 
   "lines": [
    "\u201cLet\u2019s"
   ]
  }, 
  {
   "begin": "30.440", 
   "end": "30.800", 
   "id": "f000074", 
   "language": "en", 
   "lines": [
    "go"
   ]
  }, 
  {
   "begin": "30.800", 
   "end": "31.120", 
   "id": "f000075", 
   "language": "en", 
   "lines": [
    "and"
   ]
  }, 
  {
   "begin": "31.120", 
   "end": "31.400", 
   "id": "f000076", 
   "language": "en", 
   "lines": [
    "ask"
   ]
  }, 
  {
   "begin": "31.400", 
   "end": "31.560", 
   "id": "f000077", 
   "language": "en", 
   "lines": [
    "our"
   ]
  }, 
  {
   "begin": "31.560", 
   "end": "31.840", 
   "id": "f000078", 
   "language": "en", 
   "lines": [
    "friends-"
   ]
  }, 
  {
   "begin": "31.840", 
   "end": "32.520", 
   "id": "f000079", 
   "language": "en", 
   "lines": [
    "the"
   ]
  }, 
  {
   "begin": "32.520", 
   "end": "33.120", 
   "id": "f000080", 
   "language": "en", 
   "lines": [
    "birds,"
   ]
  }, 
  {
   "begin": "33.120", 
   "end": "33.680", 
   "id": "f000081", 
   "language": "en", 
   "lines": [
    "beasts"
   ]
  }, 
  {
   "begin": "33.680", 
   "end": "33.880", 
   "id": "f000082", 
   "language": "en", 
   "lines": [
    "and"
   ]
  }, 
  {
   "begin": "33.880", 
   "end": "34.760", 
   "id": "f000083", 
   "language": "en", 
   "lines": [
    "reptiles"
   ]
  }, 
  {
   "begin": "34.760", 
   "end": "34.960", 
   "id": "f000084", 
   "language": "en", 
   "lines": [
    "how"
   ]
  }, 
  {
   "begin": "34.960", 
   "end": "35.000", 
   "id": "f000085", 
   "language": "en", 
   "lines": [
    "to"
   ]
  }, 
  {
   "begin": "35.000", 
   "end": "35.160", 
   "id": "f000086", 
   "language": "en", 
   "lines": [
    "build"
   ]
  }, 
  {
   "begin": "35.160", 
   "end": "35.480", 
   "id": "f000087", 
   "language": "en", 
   "lines": [
    "a"
   ]
  }, 
  {
   "begin": "35.480", 
   "end": "36.200", 
   "id": "f000088", 
   "language": "en", 
   "lines": [
    "house!\u201d"
   ]
  }
 ]
}