{
 "fragments": [
  {
   "begin": "0.000", 
   "end": "0.480", 
   "id": "f000001", 
   "language": "en", 
   "lines": [
    "As"
   ]
  }, 
  {
   "begin": "0.480", 
   "end": "0.760", 
   "id": "f000002", 
   "language": "en", 
   "lines": [
    "they"
   ]
  }, 
  {
   "begin": "0.760", 
   "end": "1.240", 
   "id": "f000003", 
   "language": "en", 
   "lines": [
    "returned,"
   ]
  }, 
  {
   "begin": "1.240", 
   "end": "2.040", 
   "id": "f000004", 
   "language": "en", 
   "lines": [
    "carrying"
   ]
  }, 
  {
   "begin": "2.040", 
   "end": "2.240", 
   "id": "f000005", 
   "language": "en", 
   "lines": [
    "the"
   ]
  }, 
  {
   "begin": "2.240", 
   "end": "2.560", 
   "id": "f000006", 
   "language": "en", 
   "lines": [
    "bamboo"
   ]
  }, 
  {
   "begin": "2.560", 
   "end": "2.840", 
   "id": "f000007", 
   "language": "en", 
   "lines": [
    "on"
   ]
  }, 
  {
   "begin": "2.840", 
   "end": "3.040", 
   "id": "f000008", 
   "language": "en", 
   "lines": [
    "their"
   ]
  }, 
  {
   "begin": "3.040", 
   "end": "3.640", 
   "id": "f000009", 
   "language": "en", 
   "lines": [
    "backs,"
   ]
  }, 
  {
   "begin": "3.640", 
   "end": "3.920", 
   "id": "f000010", 
   "language": "en", 
   "lines": [
    "they"
   ]
  }, 
  {
   "begin": "3.920", 
   "end": "4.120", 
   "id": "f000011", 
   "language": "en", 
   "lines": [
    "heard"
   ]
  }, 
  {
   "begin": "4.120", 
   "end": "4.280", 
   "id": "f000012", 
   "language": "en", 
   "lines": [
    "a"
   ]
  }, 
  {
   "begin": "4.280", 
   "end": "4.920", 
   "id": "f000013", 
   "language": "en", 
   "lines": [
    "mournful"
   ]
  }, 
  {
   "begin": "4.920", 
   "end": "5.680", 
   "id": "f000014", 
   "language": "en", 
   "lines": [
    "\u2018moo\u2019."
   ]
  }, 
  {
   "begin": "5.680", 
   "end": "5.840", 
   "id": "f000015", 
   "language": "en", 
   "lines": [
    "It"
   ]
  }, 
  {
   "begin": "5.840", 
   "end": "6.200", 
   "id": "f000016", 
   "language": "en", 
   "lines": [
    "was"
   ]
  }, 
  {
   "begin": "6.200", 
   "end": "6.280", 
   "id": "f000017", 
   "language": "en", 
   "lines": [
    "a"
   ]
  }, 
  {
   "begin": "6.280", 
   "end": "7.080", 
   "id": "f000018", 
   "language": "en", 
   "lines": [
    "mithun,"
   ]
  }, 
  {
   "begin": "7.080", 
   "end": "7.240", 
   "id": "f000019", 
   "language": "en", 
   "lines": [
    "a"
   ]
  }, 
  {
   "begin": "7.240", 
   "end": "7.720", 
   "id": "f000020", 
   "language": "en", 
   "lines": [
    "large"
   ]
  }, 
  {
   "begin": "7.720", 
   "end": "8.360", 
   "id": "f000021", 
   "language": "en", 
   "lines": [
    "buffalo-like"
   ]
  }, 
  {
   "begin": "8.360", 
   "end": "8.840", 
   "id": "f000022", 
   "language": "en", 
   "lines": [
    "creature"
   ]
  }, 
  {
   "begin": "8.840", 
   "end": "8.920", 
   "id": "f000023", 
   "language": "en", 
   "lines": [
    "who"
   ]
  }, 
  {
   "begin": "8.920", 
   "end": "9.280", 
   "id": "f000024", 
   "language": "en", 
   "lines": [
    "lives"
   ]
  }, 
  {
   "begin": "9.280", 
   "end": "9.440", 
   "id": "f000025", 
   "language": "en", 
   "lines": [
    "in"
   ]
  }, 
  {
   "begin": "9.440", 
   "end": "9.800", 
   "id": "f000026", 
   "language": "en", 
   "lines": [
    "those"
   ]
  }, 
  {
   "begin": "9.800", 
   "end": "10.800", 
   "id": "f000027", 
   "language": "en", 
   "lines": [
    "areas"
   ]
  }, 
  {
   "begin": "10.800", 
   "end": "10.960", 
   "id": "f000028", 
   "language": "en", 
   "lines": [
    "and"
   ]
  }, 
  {
   "begin": "10.960", 
   "end": "11.200", 
   "id": "f000029", 
   "language": "en", 
   "lines": [
    "she"
   ]
  }, 
  {
   "begin": "11.200", 
   "end": "11.400", 
   "id": "f000030", 
   "language": "en", 
   "lines": [
    "was"
   ]
  }, 
  {
   "begin": "11.400", 
   "end": "11.800", 
   "id": "f000031", 
   "language": "en", 
   "lines": [
    "bending"
   ]
  }, 
  {
   "begin": "11.800", 
   "end": "11.960", 
   "id": "f000032", 
   "language": "en", 
   "lines": [
    "over"
   ]
  }, 
  {
   "begin": "11.960", 
   "end": "12.080", 
   "id": "f000033", 
   "language": "en", 
   "lines": [
    "the"
   ]
  }, 
  {
   "begin": "12.080", 
   "end": "12.760", 
   "id": "f000034", 
   "language": "en", 
   "lines": [
    "carcass"
   ]
  }, 
  {
   "begin": "12.760", 
   "end": "13.000", 
   "id": "f000035", 
   "language": "en", 
   "lines": [
    "of"
   ]
  }, 
  {
   "begin": "13.000", 
   "end": "13.280", 
   "id": "f000036", 
   "language": "en", 
   "lines": [
    "an"
   ]
  }, 
  {
   "begin": "13.280", 
   "end": "13.480", 
   "id": "f000037", 
   "language": "en", 
   "lines": [
    "animal.\n\n"
   ]
  }, 
  {
   "begin": "13.480", 
   "end": "13.480", 
   "id": "f000038", 
   "language": "en", 
   "lines": [
    ""
   ]
  }, 
  {
   "begin": "13.480", 
   "end": "13.480", 
   "id": "f000039", 
   "language": "en", 
   "lines": [
    ""
   ]
  }, 
  {
   "begin": "13.480", 
   "end": "14.440", 
   "id": "f000040", 
   "language": "en", 
   "lines": [
    "\u201cCan"
   ]
  }, 
  {
   "begin": "14.440", 
   "end": "14.440", 
   "id": "f000041", 
   "language": "en", 
   "lines": [
    "you"
   ]
  }, 
  {
   "begin": "14.440", 
   "end": "14.640", 
   "id": "f000042", 
   "language": "en", 
   "lines": [
    "tell"
   ]
  }, 
  {
   "begin": "14.640", 
   "end": "14.840", 
   "id": "f000043", 
   "language": "en", 
   "lines": [
    "us"
   ]
  }, 
  {
   "begin": "14.840", 
   "end": "15.120", 
   "id": "f000044", 
   "language": "en", 
   "lines": [
    "how"
   ]
  }, 
  {
   "begin": "15.120", 
   "end": "15.120", 
   "id": "f000045", 
   "language": "en", 
   "lines": [
    "to"
   ]
  }, 
  {
   "begin": "15.120", 
   "end": "15.280", 
   "id": "f000046", 
   "language": "en", 
   "lines": [
    "build"
   ]
  }, 
  {
   "begin": "15.280", 
   "end": "15.560", 
   "id": "f000047", 
   "language": "en", 
   "lines": [
    "a"
   ]
  }, 
  {
   "begin": "15.560", 
   "end": "16.000", 
   "id": "f000048", 
   "language": "en", 
   "lines": [
    "house"
   ]
  }, 
  {
   "begin": "16.000", 
   "end": "17.240", 
   "id": "f000049", 
   "language": "en", 
   "lines": [
    "please?\u201d"
   ]
  }, 
  {
   "begin": "17.240", 
   "end": "17.720", 
   "id": "f000050", 
   "language": "en", 
   "lines": [
    "asked"
   ]
  }, 
  {
   "begin": "17.720", 
   "end": "18.160", 
   "id": "f000051", 
   "language": "en", 
   "lines": [
    "Kincha"
   ]
  }, 
  {
   "begin": "18.160", 
   "end": "19.240", 
   "id": "f000052", 
   "language": "en", 
   "lines": [
    "Lali-Dam."
   ]
  }
 ]
}