{
 "fragments": [
  {
   "begin": "0.000", 
   "end": "0.960", 
   "id": "f000001", 
   "language": "en", 
   "lines": [
    "Kindru-Lalim"
   ]
  }, 
  {
   "begin": "0.960", 
   "end": "1.120", 
   "id": "f000002", 
   "language": "en", 
   "lines": [
    "and"
   ]
  }, 
  {
   "begin": "1.120", 
   "end": "1.560", 
   "id": "f000003", 
   "language": "en", 
   "lines": [
    "Kincha"
   ]
  }, 
  {
   "begin": "1.560", 
   "end": "2.160", 
   "id": "f000004", 
   "language": "en", 
   "lines": [
    "Lali-Dam"
   ]
  }, 
  {
   "begin": "2.160", 
   "end": "2.400", 
   "id": "f000005", 
   "language": "en", 
   "lines": [
    "now"
   ]
  }, 
  {
   "begin": "2.400", 
   "end": "2.800", 
   "id": "f000006", 
   "language": "en", 
   "lines": [
    "had"
   ]
  }, 
  {
   "begin": "2.800", 
   "end": "3.080", 
   "id": "f000007", 
   "language": "en", 
   "lines": [
    "all"
   ]
  }, 
  {
   "begin": "3.080", 
   "end": "3.320", 
   "id": "f000008", 
   "language": "en", 
   "lines": [
    "the"
   ]
  }, 
  {
   "begin": "3.320", 
   "end": "3.760", 
   "id": "f000009", 
   "language": "en", 
   "lines": [
    "advice"
   ]
  }, 
  {
   "begin": "3.760", 
   "end": "3.920", 
   "id": "f000010", 
   "language": "en", 
   "lines": [
    "they"
   ]
  }, 
  {
   "begin": "3.920", 
   "end": "4.040", 
   "id": "f000011", 
   "language": "en", 
   "lines": [
    "needed"
   ]
  }, 
  {
   "begin": "4.040", 
   "end": "4.200", 
   "id": "f000012", 
   "language": "en", 
   "lines": [
    "to"
   ]
  }, 
  {
   "begin": "4.200", 
   "end": "4.440", 
   "id": "f000013", 
   "language": "en", 
   "lines": [
    "build"
   ]
  }, 
  {
   "begin": "4.440", 
   "end": "4.760", 
   "id": "f000014", 
   "language": "en", 
   "lines": [
    "a"
   ]
  }, 
  {
   "begin": "4.760", 
   "end": "5.360", 
   "id": "f000015", 
   "language": "en", 
   "lines": [
    "house"
   ]
  }, 
  {
   "begin": "5.360", 
   "end": "5.560", 
   "id": "f000016", 
   "language": "en", 
   "lines": [
    "and"
   ]
  }, 
  {
   "begin": "5.560", 
   "end": "5.680", 
   "id": "f000017", 
   "language": "en", 
   "lines": [
    "they"
   ]
  }, 
  {
   "begin": "5.680", 
   "end": "6.160", 
   "id": "f000018", 
   "language": "en", 
   "lines": [
    "worked"
   ]
  }, 
  {
   "begin": "6.160", 
   "end": "6.560", 
   "id": "f000019", 
   "language": "en", 
   "lines": [
    "very"
   ]
  }, 
  {
   "begin": "6.560", 
   "end": "6.800", 
   "id": "f000020", 
   "language": "en", 
   "lines": [
    "hard"
   ]
  }, 
  {
   "begin": "6.800", 
   "end": "6.960", 
   "id": "f000021", 
   "language": "en", 
   "lines": [
    "to"
   ]
  }, 
  {
   "begin": "6.960", 
   "end": "7.440", 
   "id": "f000022", 
   "language": "en", 
   "lines": [
    "complete"
   ]
  }, 
  {
   "begin": "7.440", 
   "end": "8.040", 
   "id": "f000023", 
   "language": "en", 
   "lines": [
    "it."
   ]
  }, 
  {
   "begin": "8.040", 
   "end": "8.280", 
   "id": "f000024", 
   "language": "en", 
   "lines": [
    "When"
   ]
  }, 
  {
   "begin": "8.280", 
   "end": "8.360", 
   "id": "f000025", 
   "language": "en", 
   "lines": [
    "it"
   ]
  }, 
  {
   "begin": "8.360", 
   "end": "8.640", 
   "id": "f000026", 
   "language": "en", 
   "lines": [
    "was"
   ]
  }, 
  {
   "begin": "8.640", 
   "end": "9.200", 
   "id": "f000027", 
   "language": "en", 
   "lines": [
    "finally"
   ]
  }, 
  {
   "begin": "9.200", 
   "end": "9.520", 
   "id": "f000028", 
   "language": "en", 
   "lines": [
    "done,"
   ]
  }, 
  {
   "begin": "9.520", 
   "end": "10.120", 
   "id": "f000029", 
   "language": "en", 
   "lines": [
    "they"
   ]
  }, 
  {
   "begin": "10.120", 
   "end": "10.400", 
   "id": "f000030", 
   "language": "en", 
   "lines": [
    "called"
   ]
  }, 
  {
   "begin": "10.400", 
   "end": "10.560", 
   "id": "f000031", 
   "language": "en", 
   "lines": [
    "the"
   ]
  }, 
  {
   "begin": "10.560", 
   "end": "11.200", 
   "id": "f000032", 
   "language": "en", 
   "lines": [
    "creatures"
   ]
  }, 
  {
   "begin": "11.200", 
   "end": "11.240", 
   "id": "f000033", 
   "language": "en", 
   "lines": [
    "of"
   ]
  }, 
  {
   "begin": "11.240", 
   "end": "11.400", 
   "id": "f000034", 
   "language": "en", 
   "lines": [
    "the"
   ]
  }, 
  {
   "begin": "11.400", 
   "end": "11.840", 
   "id": "f000035", 
   "language": "en", 
   "lines": [
    "forest"
   ]
  }, 
  {
   "begin": "11.840", 
   "end": "11.920", 
   "id": "f000036", 
   "language": "en", 
   "lines": [
    "to"
   ]
  }, 
  {
   "begin": "11.920", 
   "end": "11.920", 
   "id": "f000037", 
   "language": "en", 
   "lines": [
    "come"
   ]
  }, 
  {
   "begin": "11.920", 
   "end": "11.960", 
   "id": "f000038", 
   "language": "en", 
   "lines": [
    "and"
   ]
  }, 
  {
   "begin": "11.960", 
   "end": "12.200", 
   "id": "f000039", 
   "language": "en", 
   "lines": [
    "have"
   ]
  }, 
  {
   "begin": "12.200", 
   "end": "12.280", 
   "id": "f000040", 
   "language": "en", 
   "lines": [
    "a"
   ]
  }, 
  {
   "begin": "12.280", 
   "end": "12.560", 
   "id": "f000041", 
   "language": "en", 
   "lines": [
    "look."
   ]
  }, 
  {
   "begin": "12.560", 
   "end": "12.840", 
   "id": "f000042", 
   "language": "en", 
   "lines": [
    "\n\n"
   ]
  }, 
  {
   "begin": "12.840", 
   "end": "13.960", 
   "id": "f000043", 
   "language": "en", 
   "lines": [
    "\u201cWhat"
   ]
  }, 
  {
   "begin": "13.960", 
   "end": "14.120", 
   "id": "f000044", 
   "language": "en", 
   "lines": [
    "a"
   ]
  }, 
  {
   "begin": "14.120", 
   "end": "14.840", 
   "id": "f000045", 
   "language": "en", 
   "lines": [
    "wonderful"
   ]
  }, 
  {
   "begin": "14.840", 
   "end": "15.360", 
   "id": "f000046", 
   "language": "en", 
   "lines": [
    "house"
   ]
  }, 
  {
   "begin": "15.360", 
   "end": "15.480", 
   "id": "f000047", 
   "language": "en", 
   "lines": [
    "you\u2019ve"
   ]
  }, 
  {
   "begin": "15.480", 
   "end": "16.000", 
   "id": "f000048", 
   "language": "en", 
   "lines": [
    "built!\u201d"
   ]
  }, 
  {
   "begin": "16.000", 
   "end": "16.840", 
   "id": "f000049", 
   "language": "en", 
   "lines": [
    "cried"
   ]
  }, 
  {
   "begin": "16.840", 
   "end": "17.560", 
   "id": "f000050", 
   "language": "en", 
   "lines": [
    "everyone."
   ]
  }, 
  {
   "begin": "17.560", 
   "end": "18.520", 
   "id": "f000051", 
   "language": "en", 
   "lines": [
    "\u201cAnd"
   ]
  }, 
  {
   "begin": "18.520", 
   "end": "18.960", 
   "id": "f000052", 
   "language": "en", 
   "lines": [
    "now"
   ]
  }, 
  {
   "begin": "18.960", 
   "end": "19.280", 
   "id": "f000053", 
   "language": "en", 
   "lines": [
    "it\u2019s"
   ]
  }, 
  {
   "begin": "19.280", 
   "end": "19.640", 
   "id": "f000054", 
   "language": "en", 
   "lines": [
    "all"
   ]
  }, 
  {
   "begin": "19.640", 
   "end": "20.080", 
   "id": "f000055", 
   "language": "en", 
   "lines": [
    "yours"
   ]
  }, 
  {
   "begin": "20.080", 
   "end": "20.240", 
   "id": "f000056", 
   "language": "en", 
   "lines": [
    "to"
   ]
  }, 
  {
   "begin": "20.240", 
   "end": "20.480", 
   "id": "f000057", 
   "language": "en", 
   "lines": [
    "live"
   ]
  }, 
  {
   "begin": "20.480", 
   "end": "21.240", 
   "id": "f000058", 
   "language": "en", 
   "lines": [
    "in!\u201d"
   ]
  }
 ]
}