{
 "fragments": [
  {
   "begin": "0.000", 
   "end": "0.800", 
   "id": "f000001", 
   "language": "en", 
   "lines": [
    "\"Wait,\""
   ]
  }, 
  {
   "begin": "0.800", 
   "end": "1.720", 
   "id": "f000002", 
   "language": "en", 
   "lines": [
    "says"
   ]
  }, 
  {
   "begin": "1.720", 
   "end": "2.120", 
   "id": "f000003", 
   "language": "en", 
   "lines": [
    "my"
   ]
  }, 
  {
   "begin": "2.120", 
   "end": "2.400", 
   "id": "f000004", 
   "language": "en", 
   "lines": [
    "mother.&nbsp;"
   ]
  }, 
  {
   "begin": "2.400", 
   "end": "3.600", 
   "id": "f000005", 
   "language": "en", 
   "lines": [
    "\"We"
   ]
  }, 
  {
   "begin": "3.600", 
   "end": "3.720", 
   "id": "f000006", 
   "language": "en", 
   "lines": [
    "are"
   ]
  }, 
  {
   "begin": "3.720", 
   "end": "3.760", 
   "id": "f000007", 
   "language": "en", 
   "lines": [
    "not"
   ]
  }, 
  {
   "begin": "3.760", 
   "end": "4.360", 
   "id": "f000008", 
   "language": "en", 
   "lines": [
    "even"
   ]
  }, 
  {
   "begin": "4.360", 
   "end": "4.360", 
   "id": "f000009", 
   "language": "en", 
   "lines": [
    "on"
   ]
  }, 
  {
   "begin": "4.360", 
   "end": "4.360", 
   "id": "f000010", 
   "language": "en", 
   "lines": [
    "the"
   ]
  }, 
  {
   "begin": "4.360", 
   "end": "5.000", 
   "id": "f000011", 
   "language": "en", 
   "lines": [
    "train."
   ]
  }, 
  {
   "begin": "5.000", 
   "end": "5.040", 
   "id": "f000012", 
   "language": "en", 
   "lines": [
    "I"
   ]
  }, 
  {
   "begin": "5.040", 
   "end": "5.560", 
   "id": "f000013", 
   "language": "en", 
   "lines": [
    "have"
   ]
  }, 
  {
   "begin": "5.560", 
   "end": "6.320", 
   "id": "f000014", 
   "language": "en", 
   "lines": [
    "sweets"
   ]
  }, 
  {
   "begin": "6.320", 
   "end": "6.680", 
   "id": "f000015", 
   "language": "en", 
   "lines": [
    "if"
   ]
  }, 
  {
   "begin": "6.680", 
   "end": "7.360", 
   "id": "f000016", 
   "language": "en", 
   "lines": [
    "you"
   ]
  }, 
  {
   "begin": "7.360", 
   "end": "8.200", 
   "id": "f000017", 
   "language": "en", 
   "lines": [
    "are"
   ]
  }, 
  {
   "begin": "8.200", 
   "end": "8.800", 
   "id": "f000018", 
   "language": "en", 
   "lines": [
    "hungry."
   ]
  }, 
  {
   "begin": "8.800", 
   "end": "8.960", 
   "id": "f000019", 
   "language": "en", 
   "lines": [
    "I"
   ]
  }, 
  {
   "begin": "8.960", 
   "end": "9.280", 
   "id": "f000020", 
   "language": "en", 
   "lines": [
    "have"
   ]
  }, 
  {
   "begin": "9.280", 
   "end": "9.880", 
   "id": "f000021", 
   "language": "en", 
   "lines": [
    "water"
   ]
  }, 
  {
   "begin": "9.880", 
   "end": "10.160", 
   "id": "f000022", 
   "language": "en", 
   "lines": [
    "if"
   ]
  }, 
  {
   "begin": "10.160", 
   "end": "10.160", 
   "id": "f000023", 
   "language": "en", 
   "lines": [
    "you"
   ]
  }, 
  {
   "begin": "10.160", 
   "end": "10.200", 
   "id": "f000024", 
   "language": "en", 
   "lines": [
    "are"
   ]
  }, 
  {
   "begin": "10.200", 
   "end": "11.080", 
   "id": "f000025", 
   "language": "en", 
   "lines": [
    "thirsty."
   ]
  }, 
  {
   "begin": "11.080", 
   "end": "11.480", 
   "id": "f000026", 
   "language": "en", 
   "lines": [
    "But"
   ]
  }, 
  {
   "begin": "11.480", 
   "end": "11.800", 
   "id": "f000027", 
   "language": "en", 
   "lines": [
    "wait"
   ]
  }, 
  {
   "begin": "11.800", 
   "end": "12.160", 
   "id": "f000028", 
   "language": "en", 
   "lines": [
    "till"
   ]
  }, 
  {
   "begin": "12.160", 
   "end": "12.160", 
   "id": "f000029", 
   "language": "en", 
   "lines": [
    "the"
   ]
  }, 
  {
   "begin": "12.160", 
   "end": "12.520", 
   "id": "f000030", 
   "language": "en", 
   "lines": [
    "train"
   ]
  }, 
  {
   "begin": "12.520", 
   "end": "13.320", 
   "id": "f000031", 
   "language": "en", 
   "lines": [
    "comes.\""
   ]
  }
 ]
}