{
 "fragments": [
  {
   "begin": "0.000", 
   "end": "0.280", 
   "id": "f000001", 
   "language": "en", 
   "lines": [
    "My"
   ]
  }, 
  {
   "begin": "0.280", 
   "end": "0.880", 
   "id": "f000002", 
   "language": "en", 
   "lines": [
    "mother"
   ]
  }, 
  {
   "begin": "0.880", 
   "end": "1.360", 
   "id": "f000003", 
   "language": "en", 
   "lines": [
    "looks"
   ]
  }, 
  {
   "begin": "1.360", 
   "end": "2.480", 
   "id": "f000004", 
   "language": "en", 
   "lines": [
    "worried."
   ]
  }, 
  {
   "begin": "2.480", 
   "end": "2.640", 
   "id": "f000005", 
   "language": "en", 
   "lines": [
    "But"
   ]
  }, 
  {
   "begin": "2.640", 
   "end": "2.960", 
   "id": "f000006", 
   "language": "en", 
   "lines": [
    "my"
   ]
  }, 
  {
   "begin": "2.960", 
   "end": "3.880", 
   "id": "f000007", 
   "language": "en", 
   "lines": [
    "grandmother"
   ]
  }, 
  {
   "begin": "3.880", 
   "end": "4.320", 
   "id": "f000008", 
   "language": "en", 
   "lines": [
    "is"
   ]
  }, 
  {
   "begin": "4.320", 
   "end": "5.120", 
   "id": "f000009", 
   "language": "en", 
   "lines": [
    "smiling."
   ]
  }, 
  {
   "begin": "5.120", 
   "end": "6.680", 
   "id": "f000010", 
   "language": "en", 
   "lines": [
    "\"There"
   ]
  }, 
  {
   "begin": "6.680", 
   "end": "7.120", 
   "id": "f000011", 
   "language": "en", 
   "lines": [
    "he"
   ]
  }, 
  {
   "begin": "7.120", 
   "end": "7.560", 
   "id": "f000012", 
   "language": "en", 
   "lines": [
    "is!\""
   ]
  }, 
  {
   "begin": "7.560", 
   "end": "9.120", 
   "id": "f000013", 
   "language": "en", 
   "lines": [
    "grandmother"
   ]
  }, 
  {
   "begin": "9.120", 
   "end": "10.240", 
   "id": "f000014", 
   "language": "en", 
   "lines": [
    "says.\n"
   ]
  }, 
  {
   "begin": "10.240", 
   "end": "10.480", 
   "id": "f000015", 
   "language": "en", 
   "lines": [
    "My"
   ]
  }, 
  {
   "begin": "10.480", 
   "end": "11.280", 
   "id": "f000016", 
   "language": "en", 
   "lines": [
    "uncle"
   ]
  }, 
  {
   "begin": "11.280", 
   "end": "11.760", 
   "id": "f000017", 
   "language": "en", 
   "lines": [
    "is"
   ]
  }, 
  {
   "begin": "11.760", 
   "end": "12.040", 
   "id": "f000018", 
   "language": "en", 
   "lines": [
    "running"
   ]
  }, 
  {
   "begin": "12.040", 
   "end": "12.560", 
   "id": "f000019", 
   "language": "en", 
   "lines": [
    "towards"
   ]
  }, 
  {
   "begin": "12.560", 
   "end": "12.560", 
   "id": "f000020", 
   "language": "en", 
   "lines": [
    "us."
   ]
  }, 
  {
   "begin": "12.560", 
   "end": "13.680", 
   "id": "f000021", 
   "language": "en", 
   "lines": [
    "\u201cSo"
   ]
  }, 
  {
   "begin": "13.680", 
   "end": "14.040", 
   "id": "f000022", 
   "language": "en", 
   "lines": [
    "sorry,"
   ]
  }, 
  {
   "begin": "14.040", 
   "end": "14.560", 
   "id": "f000023", 
   "language": "en", 
   "lines": [
    "so"
   ]
  }, 
  {
   "begin": "14.560", 
   "end": "14.760", 
   "id": "f000024", 
   "language": "en", 
   "lines": [
    "sorry,\u201d"
   ]
  }, 
  {
   "begin": "14.760", 
   "end": "15.400", 
   "id": "f000025", 
   "language": "en", 
   "lines": [
    "he"
   ]
  }, 
  {
   "begin": "15.400", 
   "end": "17.000", 
   "id": "f000026", 
   "language": "en", 
   "lines": [
    "says.&nbsp;"
   ]
  }, 
  {
   "begin": "17.000", 
   "end": "17.320", 
   "id": "f000027", 
   "language": "en", 
   "lines": [
    "We"
   ]
  }, 
  {
   "begin": "17.320", 
   "end": "17.760", 
   "id": "f000028", 
   "language": "en", 
   "lines": [
    "all"
   ]
  }, 
  {
   "begin": "17.760", 
   "end": "18.000", 
   "id": "f000029", 
   "language": "en", 
   "lines": [
    "get"
   ]
  }, 
  {
   "begin": "18.000", 
   "end": "18.320", 
   "id": "f000030", 
   "language": "en", 
   "lines": [
    "on"
   ]
  }, 
  {
   "begin": "18.320", 
   "end": "18.320", 
   "id": "f000031", 
   "language": "en", 
   "lines": [
    "the"
   ]
  }, 
  {
   "begin": "18.320", 
   "end": "19.360", 
   "id": "f000032", 
   "language": "en", 
   "lines": [
    "train."
   ]
  }, 
  {
   "begin": "19.360", 
   "end": "19.560", 
   "id": "f000033", 
   "language": "en", 
   "lines": [
    "The"
   ]
  }, 
  {
   "begin": "19.560", 
   "end": "20.040", 
   "id": "f000034", 
   "language": "en", 
   "lines": [
    "train"
   ]
  }, 
  {
   "begin": "20.040", 
   "end": "20.480", 
   "id": "f000035", 
   "language": "en", 
   "lines": [
    "leaves"
   ]
  }, 
  {
   "begin": "20.480", 
   "end": "20.840", 
   "id": "f000036", 
   "language": "en", 
   "lines": [
    "the"
   ]
  }, 
  {
   "begin": "20.840", 
   "end": "21.760", 
   "id": "f000037", 
   "language": "en", 
   "lines": [
    "station."
   ]
  }
 ]
}