{
 "fragments": [
  {
   "begin": "0.000", 
   "end": "0.760", 
   "id": "f000001", 
   "language": "en", 
   "lines": [
    "My"
   ]
  }, 
  {
   "begin": "0.760", 
   "end": "1.160", 
   "id": "f000002", 
   "language": "en", 
   "lines": [
    "youngest"
   ]
  }, 
  {
   "begin": "1.160", 
   "end": "1.320", 
   "id": "f000003", 
   "language": "en", 
   "lines": [
    "uncle"
   ]
  }, 
  {
   "begin": "1.320", 
   "end": "1.640", 
   "id": "f000004", 
   "language": "en", 
   "lines": [
    "is"
   ]
  }, 
  {
   "begin": "1.640", 
   "end": "1.880", 
   "id": "f000005", 
   "language": "en", 
   "lines": [
    "getting"
   ]
  }, 
  {
   "begin": "1.880", 
   "end": "3.600", 
   "id": "f000006", 
   "language": "en", 
   "lines": [
    "married.\n"
   ]
  }, 
  {
   "begin": "3.600", 
   "end": "3.800", 
   "id": "f000007", 
   "language": "en", 
   "lines": [
    "The"
   ]
  }, 
  {
   "begin": "3.800", 
   "end": "4.080", 
   "id": "f000008", 
   "language": "en", 
   "lines": [
    "wedding"
   ]
  }, 
  {
   "begin": "4.080", 
   "end": "4.320", 
   "id": "f000009", 
   "language": "en", 
   "lines": [
    "is"
   ]
  }, 
  {
   "begin": "4.320", 
   "end": "4.440", 
   "id": "f000010", 
   "language": "en", 
   "lines": [
    "in"
   ]
  }, 
  {
   "begin": "4.440", 
   "end": "4.480", 
   "id": "f000011", 
   "language": "en", 
   "lines": [
    "the"
   ]
  }, 
  {
   "begin": "4.480", 
   "end": "6.480", 
   "id": "f000012", 
   "language": "en", 
   "lines": [
    "village.\n"
   ]
  }, 
  {
   "begin": "6.480", 
   "end": "6.960", 
   "id": "f000013", 
   "language": "en", 
   "lines": [
    "We"
   ]
  }, 
  {
   "begin": "6.960", 
   "end": "7.520", 
   "id": "f000014", 
   "language": "en", 
   "lines": [
    "are"
   ]
  }, 
  {
   "begin": "7.520", 
   "end": "7.560", 
   "id": "f000015", 
   "language": "en", 
   "lines": [
    "all"
   ]
  }, 
  {
   "begin": "7.560", 
   "end": "7.920", 
   "id": "f000016", 
   "language": "en", 
   "lines": [
    "going"
   ]
  }, 
  {
   "begin": "7.920", 
   "end": "7.920", 
   "id": "f000017", 
   "language": "en", 
   "lines": [
    "to"
   ]
  }, 
  {
   "begin": "7.920", 
   "end": "7.920", 
   "id": "f000018", 
   "language": "en", 
   "lines": [
    "the"
   ]
  }, 
  {
   "begin": "7.920", 
   "end": "8.640", 
   "id": "f000019", 
   "language": "en", 
   "lines": [
    "wedding.\n"
   ]
  }, 
  {
   "begin": "8.640", 
   "end": "9.360", 
   "id": "f000020", 
   "language": "en", 
   "lines": [
    "We"
   ]
  }, 
  {
   "begin": "9.360", 
   "end": "9.760", 
   "id": "f000021", 
   "language": "en", 
   "lines": [
    "are"
   ]
  }, 
  {
   "begin": "9.760", 
   "end": "10.120", 
   "id": "f000022", 
   "language": "en", 
   "lines": [
    "going"
   ]
  }, 
  {
   "begin": "10.120", 
   "end": "10.480", 
   "id": "f000023", 
   "language": "en", 
   "lines": [
    "by"
   ]
  }, 
  {
   "begin": "10.480", 
   "end": "11.640", 
   "id": "f000024", 
   "language": "en", 
   "lines": [
    "train."
   ]
  }
 ]
}