{
 "fragments": [
  {
   "begin": "0.000", 
   "end": "0.480", 
   "id": "f000001", 
   "language": "en", 
   "lines": [
    "There"
   ]
  }, 
  {
   "begin": "0.480", 
   "end": "1.040", 
   "id": "f000002", 
   "language": "en", 
   "lines": [
    "is"
   ]
  }, 
  {
   "begin": "1.040", 
   "end": "1.200", 
   "id": "f000003", 
   "language": "en", 
   "lines": [
    "a"
   ]
  }, 
  {
   "begin": "1.200", 
   "end": "2.240", 
   "id": "f000004", 
   "language": "en", 
   "lines": [
    "big"
   ]
  }, 
  {
   "begin": "2.240", 
   "end": "2.760", 
   "id": "f000005", 
   "language": "en", 
   "lines": [
    "noise."
   ]
  }, 
  {
   "begin": "2.760", 
   "end": "3.480", 
   "id": "f000006", 
   "language": "en", 
   "lines": [
    "The"
   ]
  }, 
  {
   "begin": "3.480", 
   "end": "3.880", 
   "id": "f000007", 
   "language": "en", 
   "lines": [
    "train"
   ]
  }, 
  {
   "begin": "3.880", 
   "end": "4.120", 
   "id": "f000008", 
   "language": "en", 
   "lines": [
    "is"
   ]
  }, 
  {
   "begin": "4.120", 
   "end": "4.920", 
   "id": "f000009", 
   "language": "en", 
   "lines": [
    "coming."
   ]
  }, 
  {
   "begin": "4.920", 
   "end": "5.240", 
   "id": "f000010", 
   "language": "en", 
   "lines": [
    "The"
   ]
  }, 
  {
   "begin": "5.240", 
   "end": "5.880", 
   "id": "f000011", 
   "language": "en", 
   "lines": [
    "train"
   ]
  }, 
  {
   "begin": "5.880", 
   "end": "6.600", 
   "id": "f000012", 
   "language": "en", 
   "lines": [
    "is"
   ]
  }, 
  {
   "begin": "6.600", 
   "end": "8.000", 
   "id": "f000013", 
   "language": "en", 
   "lines": [
    "coming!\n"
   ]
  }, 
  {
   "begin": "8.000", 
   "end": "8.760", 
   "id": "f000014", 
   "language": "en", 
   "lines": [
    "Everyone"
   ]
  }, 
  {
   "begin": "8.760", 
   "end": "9.160", 
   "id": "f000015", 
   "language": "en", 
   "lines": [
    "wants"
   ]
  }, 
  {
   "begin": "9.160", 
   "end": "9.280", 
   "id": "f000016", 
   "language": "en", 
   "lines": [
    "to"
   ]
  }, 
  {
   "begin": "9.280", 
   "end": "9.560", 
   "id": "f000017", 
   "language": "en", 
   "lines": [
    "get"
   ]
  }, 
  {
   "begin": "9.560", 
   "end": "10.480", 
   "id": "f000018", 
   "language": "en", 
   "lines": [
    "in."
   ]
  }, 
  {
   "begin": "10.480", 
   "end": "10.600", 
   "id": "f000019", 
   "language": "en", 
   "lines": [
    "Where"
   ]
  }, 
  {
   "begin": "10.600", 
   "end": "10.880", 
   "id": "f000020", 
   "language": "en", 
   "lines": [
    "is"
   ]
  }, 
  {
   "begin": "10.880", 
   "end": "11.160", 
   "id": "f000021", 
   "language": "en", 
   "lines": [
    "the"
   ]
  }, 
  {
   "begin": "11.160", 
   "end": "11.400", 
   "id": "f000022", 
   "language": "en", 
   "lines": [
    "young"
   ]
  }, 
  {
   "begin": "11.400", 
   "end": "11.400", 
   "id": "f000023", 
   "language": "en", 
   "lines": [
    "man,"
   ]
  }, 
  {
   "begin": "11.400", 
   "end": "11.480", 
   "id": "f000024", 
   "language": "en", 
   "lines": [
    "who"
   ]
  }, 
  {
   "begin": "11.480", 
   "end": "12.000", 
   "id": "f000025", 
   "language": "en", 
   "lines": [
    "is"
   ]
  }, 
  {
   "begin": "12.000", 
   "end": "12.440", 
   "id": "f000026", 
   "language": "en", 
   "lines": [
    "getting"
   ]
  }, 
  {
   "begin": "12.440", 
   "end": "13.720", 
   "id": "f000027", 
   "language": "en", 
   "lines": [
    "married?"
   ]
  }, 
  {
   "begin": "13.720", 
   "end": "14.280", 
   "id": "f000028", 
   "language": "en", 
   "lines": [
    "We"
   ]
  }, 
  {
   "begin": "14.280", 
   "end": "14.880", 
   "id": "f000029", 
   "language": "en", 
   "lines": [
    "are"
   ]
  }, 
  {
   "begin": "14.880", 
   "end": "14.960", 
   "id": "f000030", 
   "language": "en", 
   "lines": [
    "all"
   ]
  }, 
  {
   "begin": "14.960", 
   "end": "15.640", 
   "id": "f000031", 
   "language": "en", 
   "lines": [
    "ready."
   ]
  }, 
  {
   "begin": "15.640", 
   "end": "15.800", 
   "id": "f000032", 
   "language": "en", 
   "lines": [
    "But"
   ]
  }, 
  {
   "begin": "15.800", 
   "end": "15.920", 
   "id": "f000033", 
   "language": "en", 
   "lines": [
    "where"
   ]
  }, 
  {
   "begin": "15.920", 
   "end": "16.040", 
   "id": "f000034", 
   "language": "en", 
   "lines": [
    "is"
   ]
  }, 
  {
   "begin": "16.040", 
   "end": "16.840", 
   "id": "f000035", 
   "language": "en", 
   "lines": [
    "he?&nbsp;"
   ]
  }, 
  {
   "begin": "16.840", 
   "end": "18.320", 
   "id": "f000036", 
   "language": "en", 
   "lines": [
    "My"
   ]
  }, 
  {
   "begin": "18.320", 
   "end": "18.920", 
   "id": "f000037", 
   "language": "en", 
   "lines": [
    "father"
   ]
  }, 
  {
   "begin": "18.920", 
   "end": "19.360", 
   "id": "f000038", 
   "language": "en", 
   "lines": [
    "goes"
   ]
  }, 
  {
   "begin": "19.360", 
   "end": "19.560", 
   "id": "f000039", 
   "language": "en", 
   "lines": [
    "to"
   ]
  }, 
  {
   "begin": "19.560", 
   "end": "19.760", 
   "id": "f000040", 
   "language": "en", 
   "lines": [
    "look"
   ]
  }, 
  {
   "begin": "19.760", 
   "end": "19.960", 
   "id": "f000041", 
   "language": "en", 
   "lines": [
    "for"
   ]
  }, 
  {
   "begin": "19.960", 
   "end": "20.360", 
   "id": "f000042", 
   "language": "en", 
   "lines": [
    "my"
   ]
  }, 
  {
   "begin": "20.360", 
   "end": "21.520", 
   "id": "f000043", 
   "language": "en", 
   "lines": [
    "uncle."
   ]
  }, 
  {
   "begin": "21.520", 
   "end": "21.800", 
   "id": "f000044", 
   "language": "en", 
   "lines": [
    "My"
   ]
  }, 
  {
   "begin": "21.800", 
   "end": "22.560", 
   "id": "f000045", 
   "language": "en", 
   "lines": [
    "grandfather"
   ]
  }, 
  {
   "begin": "22.560", 
   "end": "23.200", 
   "id": "f000046", 
   "language": "en", 
   "lines": [
    "looks"
   ]
  }, 
  {
   "begin": "23.200", 
   "end": "24.080", 
   "id": "f000047", 
   "language": "en", 
   "lines": [
    "too."
   ]
  }
 ]
}