{
 "fragments": [
  {
   "begin": "0.000", 
   "end": "0.280", 
   "id": "f000001", 
   "language": "en", 
   "lines": [
    "My"
   ]
  }, 
  {
   "begin": "0.280", 
   "end": "0.760", 
   "id": "f000002", 
   "language": "en", 
   "lines": [
    "fat"
   ]
  }, 
  {
   "begin": "0.760", 
   "end": "1.320", 
   "id": "f000003", 
   "language": "en", 
   "lines": [
    "aunt"
   ]
  }, 
  {
   "begin": "1.320", 
   "end": "1.760", 
   "id": "f000004", 
   "language": "en", 
   "lines": [
    "has"
   ]
  }, 
  {
   "begin": "1.760", 
   "end": "3.360", 
   "id": "f000005", 
   "language": "en", 
   "lines": [
    "arrived."
   ]
  }, 
  {
   "begin": "3.360", 
   "end": "3.560", 
   "id": "f000006", 
   "language": "en", 
   "lines": [
    "Her"
   ]
  }, 
  {
   "begin": "3.560", 
   "end": "3.760", 
   "id": "f000007", 
   "language": "en", 
   "lines": [
    "thin"
   ]
  }, 
  {
   "begin": "3.760", 
   "end": "4.400", 
   "id": "f000008", 
   "language": "en", 
   "lines": [
    "husband"
   ]
  }, 
  {
   "begin": "4.400", 
   "end": "4.760", 
   "id": "f000009", 
   "language": "en", 
   "lines": [
    "is"
   ]
  }, 
  {
   "begin": "4.760", 
   "end": "5.520", 
   "id": "f000010", 
   "language": "en", 
   "lines": [
    "here"
   ]
  }, 
  {
   "begin": "5.520", 
   "end": "6.600", 
   "id": "f000011", 
   "language": "en", 
   "lines": [
    "too.\n"
   ]
  }, 
  {
   "begin": "6.600", 
   "end": "6.920", 
   "id": "f000012", 
   "language": "en", 
   "lines": [
    "Their"
   ]
  }, 
  {
   "begin": "6.920", 
   "end": "7.800", 
   "id": "f000013", 
   "language": "en", 
   "lines": [
    "suitcase"
   ]
  }, 
  {
   "begin": "7.800", 
   "end": "8.120", 
   "id": "f000014", 
   "language": "en", 
   "lines": [
    "is"
   ]
  }, 
  {
   "begin": "8.120", 
   "end": "8.920", 
   "id": "f000015", 
   "language": "en", 
   "lines": [
    "full"
   ]
  }, 
  {
   "begin": "8.920", 
   "end": "8.960", 
   "id": "f000016", 
   "language": "en", 
   "lines": [
    "of"
   ]
  }, 
  {
   "begin": "8.960", 
   "end": "10.120", 
   "id": "f000017", 
   "language": "en", 
   "lines": [
    "clothes."
   ]
  }, 
  {
   "begin": "10.120", 
   "end": "10.480", 
   "id": "f000018", 
   "language": "en", 
   "lines": [
    "They"
   ]
  }, 
  {
   "begin": "10.480", 
   "end": "10.760", 
   "id": "f000019", 
   "language": "en", 
   "lines": [
    "both"
   ]
  }, 
  {
   "begin": "10.760", 
   "end": "11.200", 
   "id": "f000020", 
   "language": "en", 
   "lines": [
    "like"
   ]
  }, 
  {
   "begin": "11.200", 
   "end": "11.520", 
   "id": "f000021", 
   "language": "en", 
   "lines": [
    "to"
   ]
  }, 
  {
   "begin": "11.520", 
   "end": "12.200", 
   "id": "f000022", 
   "language": "en", 
   "lines": [
    "dress"
   ]
  }, 
  {
   "begin": "12.200", 
   "end": "12.760", 
   "id": "f000023", 
   "language": "en", 
   "lines": [
    "up."
   ]
  }
 ]
}