{
 "fragments": [
  {
   "begin": "0.000", 
   "end": "0.560", 
   "id": "f000001", 
   "language": "en", 
   "lines": [
    "My"
   ]
  }, 
  {
   "begin": "0.560", 
   "end": "1.480", 
   "id": "f000002", 
   "language": "en", 
   "lines": [
    "grandfather"
   ]
  }, 
  {
   "begin": "1.480", 
   "end": "2.000", 
   "id": "f000003", 
   "language": "en", 
   "lines": [
    "has"
   ]
  }, 
  {
   "begin": "2.000", 
   "end": "2.320", 
   "id": "f000004", 
   "language": "en", 
   "lines": [
    "a"
   ]
  }, 
  {
   "begin": "2.320", 
   "end": "2.400", 
   "id": "f000005", 
   "language": "en", 
   "lines": [
    "very"
   ]
  }, 
  {
   "begin": "2.400", 
   "end": "2.880", 
   "id": "f000006", 
   "language": "en", 
   "lines": [
    "small"
   ]
  }, 
  {
   "begin": "2.880", 
   "end": "4.320", 
   "id": "f000007", 
   "language": "en", 
   "lines": [
    "bag."
   ]
  }, 
  {
   "begin": "4.320", 
   "end": "4.640", 
   "id": "f000008", 
   "language": "en", 
   "lines": [
    "He"
   ]
  }, 
  {
   "begin": "4.640", 
   "end": "5.360", 
   "id": "f000009", 
   "language": "en", 
   "lines": [
    "also"
   ]
  }, 
  {
   "begin": "5.360", 
   "end": "6.200", 
   "id": "f000010", 
   "language": "en", 
   "lines": [
    "has"
   ]
  }, 
  {
   "begin": "6.200", 
   "end": "6.480", 
   "id": "f000011", 
   "language": "en", 
   "lines": [
    "a"
   ]
  }, 
  {
   "begin": "6.480", 
   "end": "7.200", 
   "id": "f000012", 
   "language": "en", 
   "lines": [
    "stick.\n"
   ]
  }, 
  {
   "begin": "7.200", 
   "end": "7.680", 
   "id": "f000013", 
   "language": "en", 
   "lines": [
    "My"
   ]
  }, 
  {
   "begin": "7.680", 
   "end": "8.520", 
   "id": "f000014", 
   "language": "en", 
   "lines": [
    "grandmother's"
   ]
  }, 
  {
   "begin": "8.520", 
   "end": "9.080", 
   "id": "f000015", 
   "language": "en", 
   "lines": [
    "bag"
   ]
  }, 
  {
   "begin": "9.080", 
   "end": "9.720", 
   "id": "f000016", 
   "language": "en", 
   "lines": [
    "is"
   ]
  }, 
  {
   "begin": "9.720", 
   "end": "11.360", 
   "id": "f000017", 
   "language": "en", 
   "lines": [
    "big."
   ]
  }, 
  {
   "begin": "11.360", 
   "end": "11.680", 
   "id": "f000018", 
   "language": "en", 
   "lines": [
    "I"
   ]
  }, 
  {
   "begin": "11.680", 
   "end": "12.400", 
   "id": "f000019", 
   "language": "en", 
   "lines": [
    "think"
   ]
  }, 
  {
   "begin": "12.400", 
   "end": "12.960", 
   "id": "f000020", 
   "language": "en", 
   "lines": [
    "there"
   ]
  }, 
  {
   "begin": "12.960", 
   "end": "13.040", 
   "id": "f000021", 
   "language": "en", 
   "lines": [
    "are"
   ]
  }, 
  {
   "begin": "13.040", 
   "end": "13.560", 
   "id": "f000022", 
   "language": "en", 
   "lines": [
    "many"
   ]
  }, 
  {
   "begin": "13.560", 
   "end": "13.920", 
   "id": "f000023", 
   "language": "en", 
   "lines": [
    "good"
   ]
  }, 
  {
   "begin": "13.920", 
   "end": "14.360", 
   "id": "f000024", 
   "language": "en", 
   "lines": [
    "things"
   ]
  }, 
  {
   "begin": "14.360", 
   "end": "14.720", 
   "id": "f000025", 
   "language": "en", 
   "lines": [
    "to"
   ]
  }, 
  {
   "begin": "14.720", 
   "end": "15.040", 
   "id": "f000026", 
   "language": "en", 
   "lines": [
    "eat"
   ]
  }, 
  {
   "begin": "15.040", 
   "end": "15.240", 
   "id": "f000027", 
   "language": "en", 
   "lines": [
    "in"
   ]
  }, 
  {
   "begin": "15.240", 
   "end": "16.080", 
   "id": "f000028", 
   "language": "en", 
   "lines": [
    "it."
   ]
  }
 ]
}