{
 "fragments": [
  {
   "begin": "0.000", 
   "end": "0.000", 
   "id": "f000001", 
   "language": "en", 
   "lines": [
    "We"
   ]
  }, 
  {
   "begin": "0.000", 
   "end": "0.240", 
   "id": "f000002", 
   "language": "en", 
   "lines": [
    "are"
   ]
  }, 
  {
   "begin": "0.240", 
   "end": "0.760", 
   "id": "f000003", 
   "language": "en", 
   "lines": [
    "the"
   ]
  }, 
  {
   "begin": "0.760", 
   "end": "1.280", 
   "id": "f000004", 
   "language": "en", 
   "lines": [
    "first"
   ]
  }, 
  {
   "begin": "1.280", 
   "end": "1.440", 
   "id": "f000005", 
   "language": "en", 
   "lines": [
    "to"
   ]
  }, 
  {
   "begin": "1.440", 
   "end": "1.440", 
   "id": "f000006", 
   "language": "en", 
   "lines": [
    "come"
   ]
  }, 
  {
   "begin": "1.440", 
   "end": "1.720", 
   "id": "f000007", 
   "language": "en", 
   "lines": [
    "to"
   ]
  }, 
  {
   "begin": "1.720", 
   "end": "2.040", 
   "id": "f000008", 
   "language": "en", 
   "lines": [
    "the"
   ]
  }, 
  {
   "begin": "2.040", 
   "end": "4.080", 
   "id": "f000009", 
   "language": "en", 
   "lines": [
    "station.\n"
   ]
  }, 
  {
   "begin": "4.080", 
   "end": "4.880", 
   "id": "f000010", 
   "language": "en", 
   "lines": [
    "My"
   ]
  }, 
  {
   "begin": "4.880", 
   "end": "5.440", 
   "id": "f000011", 
   "language": "en", 
   "lines": [
    "father,"
   ]
  }, 
  {
   "begin": "5.440", 
   "end": "6.280", 
   "id": "f000012", 
   "language": "en", 
   "lines": [
    "my"
   ]
  }, 
  {
   "begin": "6.280", 
   "end": "6.560", 
   "id": "f000013", 
   "language": "en", 
   "lines": [
    "mother,"
   ]
  }, 
  {
   "begin": "6.560", 
   "end": "6.880", 
   "id": "f000014", 
   "language": "en", 
   "lines": [
    "my"
   ]
  }, 
  {
   "begin": "6.880", 
   "end": "7.560", 
   "id": "f000015", 
   "language": "en", 
   "lines": [
    "brother"
   ]
  }, 
  {
   "begin": "7.560", 
   "end": "7.960", 
   "id": "f000016", 
   "language": "en", 
   "lines": [
    "and"
   ]
  }, 
  {
   "begin": "7.960", 
   "end": "8.960", 
   "id": "f000017", 
   "language": "en", 
   "lines": [
    "I."
   ]
  }
 ]
}