{
 "fragments": [
  {
   "begin": "0.000", 
   "end": "0.000", 
   "id": "f000001", 
   "language": "en", 
   "lines": [
    "Dogs"
   ]
  }, 
  {
   "begin": "0.000", 
   "end": "0.800", 
   "id": "f000002", 
   "language": "en", 
   "lines": [
    "can\u2019t"
   ]
  }, 
  {
   "begin": "0.800", 
   "end": "1.480", 
   "id": "f000003", 
   "language": "en", 
   "lines": [
    "dance,"
   ]
  }, 
  {
   "begin": "1.480", 
   "end": "2.280", 
   "id": "f000004", 
   "language": "en", 
   "lines": [
    "ants"
   ]
  }, 
  {
   "begin": "2.280", 
   "end": "3.280", 
   "id": "f000005", 
   "language": "en", 
   "lines": [
    "can\u2019t"
   ]
  }, 
  {
   "begin": "3.280", 
   "end": "3.600", 
   "id": "f000006", 
   "language": "en", 
   "lines": [
    "read,"
   ]
  }, 
  {
   "begin": "3.600", 
   "end": "4.560", 
   "id": "f000007", 
   "language": "en", 
   "lines": [
    "crows"
   ]
  }, 
  {
   "begin": "4.560", 
   "end": "6.040", 
   "id": "f000008", 
   "language": "en", 
   "lines": [
    "can\u2019t"
   ]
  }, 
  {
   "begin": "6.040", 
   "end": "7.200", 
   "id": "f000009", 
   "language": "en", 
   "lines": [
    "sing..."
   ]
  }
 ]
}