{
 "fragments": [
  {
   "begin": "0.000", 
   "end": "0.920", 
   "id": "f000001", 
   "language": "en", 
   "lines": [
    "Pigs"
   ]
  }, 
  {
   "begin": "0.920", 
   "end": "1.480", 
   "id": "f000002", 
   "language": "en", 
   "lines": [
    "can"
   ]
  }, 
  {
   "begin": "1.480", 
   "end": "1.960", 
   "id": "f000003", 
   "language": "en", 
   "lines": [
    "eat,"
   ]
  }, 
  {
   "begin": "1.960", 
   "end": "2.400", 
   "id": "f000004", 
   "language": "en", 
   "lines": [
    "fish"
   ]
  }, 
  {
   "begin": "2.400", 
   "end": "3.560", 
   "id": "f000005", 
   "language": "en", 
   "lines": [
    "can"
   ]
  }, 
  {
   "begin": "3.560", 
   "end": "4.400", 
   "id": "f000006", 
   "language": "en", 
   "lines": [
    "swim,"
   ]
  }, 
  {
   "begin": "4.400", 
   "end": "5.280", 
   "id": "f000007", 
   "language": "en", 
   "lines": [
    "cats"
   ]
  }, 
  {
   "begin": "5.280", 
   "end": "5.600", 
   "id": "f000008", 
   "language": "en", 
   "lines": [
    "can"
   ]
  }, 
  {
   "begin": "5.600", 
   "end": "6.760", 
   "id": "f000009", 
   "language": "en", 
   "lines": [
    "jump..."
   ]
  }, 
  {
   "begin": "6.760", 
   "end": "7.040", 
   "id": "f000010", 
   "language": "en", 
   "lines": [
    "and"
   ]
  }, 
  {
   "begin": "7.040", 
   "end": "7.680", 
   "id": "f000011", 
   "language": "en", 
   "lines": [
    "I"
   ]
  }, 
  {
   "begin": "7.680", 
   "end": "8.280", 
   "id": "f000012", 
   "language": "en", 
   "lines": [
    "can"
   ]
  }, 
  {
   "begin": "8.280", 
   "end": "9.400", 
   "id": "f000013", 
   "language": "en", 
   "lines": [
    "read!"
   ]
  }
 ]
}