{
 "fragments": [
  {
   "begin": "0.000", 
   "end": "1.160", 
   "id": "f000001", 
   "language": "en", 
   "lines": [
    "Crows"
   ]
  }, 
  {
   "begin": "1.160", 
   "end": "1.640", 
   "id": "f000002", 
   "language": "en", 
   "lines": [
    "can"
   ]
  }, 
  {
   "begin": "1.640", 
   "end": "2.920", 
   "id": "f000003", 
   "language": "en", 
   "lines": [
    "caw..."
   ]
  }, 
  {
   "begin": "2.920", 
   "end": "3.440", 
   "id": "f000004", 
   "language": "en", 
   "lines": [
    "ants"
   ]
  }, 
  {
   "begin": "3.440", 
   "end": "3.880", 
   "id": "f000005", 
   "language": "en", 
   "lines": [
    "can"
   ]
  }, 
  {
   "begin": "3.880", 
   "end": "5.080", 
   "id": "f000006", 
   "language": "en", 
   "lines": [
    "bite..."
   ]
  }, 
  {
   "begin": "5.080", 
   "end": "5.640", 
   "id": "f000007", 
   "language": "en", 
   "lines": [
    "dogs"
   ]
  }, 
  {
   "begin": "5.640", 
   "end": "6.040", 
   "id": "f000008", 
   "language": "en", 
   "lines": [
    "can"
   ]
  }, 
  {
   "begin": "6.040", 
   "end": "7.120", 
   "id": "f000009", 
   "language": "en", 
   "lines": [
    "bark!"
   ]
  }
 ]
}