{
 "fragments": [
  {
   "begin": "0.000", 
   "end": "0.440", 
   "id": "f000001", 
   "language": "en", 
   "lines": [
    "I"
   ]
  }, 
  {
   "begin": "0.440", 
   "end": "0.960", 
   "id": "f000002", 
   "language": "en", 
   "lines": [
    "can\u2019t"
   ]
  }, 
  {
   "begin": "0.960", 
   "end": "1.560", 
   "id": "f000003", 
   "language": "en", 
   "lines": [
    "knit,"
   ]
  }, 
  {
   "begin": "1.560", 
   "end": "2.520", 
   "id": "f000004", 
   "language": "en", 
   "lines": [
    "cats"
   ]
  }, 
  {
   "begin": "2.520", 
   "end": "3.160", 
   "id": "f000005", 
   "language": "en", 
   "lines": [
    "can\u2019t"
   ]
  }, 
  {
   "begin": "3.160", 
   "end": "3.760", 
   "id": "f000006", 
   "language": "en", 
   "lines": [
    "write,"
   ]
  }, 
  {
   "begin": "3.760", 
   "end": "4.720", 
   "id": "f000007", 
   "language": "en", 
   "lines": [
    "fish"
   ]
  }, 
  {
   "begin": "4.720", 
   "end": "5.400", 
   "id": "f000008", 
   "language": "en", 
   "lines": [
    "can\u2019t"
   ]
  }, 
  {
   "begin": "5.400", 
   "end": "6.160", 
   "id": "f000009", 
   "language": "en", 
   "lines": [
    "blink..."
   ]
  }
 ]
}