{
 "fragments": [
  {
   "begin": "0.000", 
   "end": "0.000", 
   "id": "f000001", 
   "language": "en", 
   "lines": [
    "..."
   ]
  }, 
  {
   "begin": "0.000", 
   "end": "0.840", 
   "id": "f000002", 
   "language": "en", 
   "lines": [
    "pigs"
   ]
  }, 
  {
   "begin": "0.840", 
   "end": "1.440", 
   "id": "f000003", 
   "language": "en", 
   "lines": [
    "can't"
   ]
  }, 
  {
   "begin": "1.440", 
   "end": "2.760", 
   "id": "f000004", 
   "language": "en", 
   "lines": [
    "fly!"
   ]
  }
 ]
}