{
 "fragments": [
  {
   "begin": "0.000", 
   "end": "1.280", 
   "id": "f000001", 
   "language": "en", 
   "lines": [
    "But,"
   ]
  }, 
  {
   "begin": "1.280", 
   "end": "2.000", 
   "id": "f000002", 
   "language": "en", 
   "lines": [
    "monkeys"
   ]
  }, 
  {
   "begin": "2.000", 
   "end": "2.280", 
   "id": "f000003", 
   "language": "en", 
   "lines": [
    "can"
   ]
  }, 
  {
   "begin": "2.280", 
   "end": "3.600", 
   "id": "f000004", 
   "language": "en", 
   "lines": [
    "swing!"
   ]
  }
 ]
}