{
 "fragments": [
  {
   "begin": "0.000", 
   "end": "0.760", 
   "id": "f000001", 
   "language": "en", 
   "lines": [
    "This"
   ]
  }, 
  {
   "begin": "0.760", 
   "end": "1.200", 
   "id": "f000002", 
   "language": "en", 
   "lines": [
    "is"
   ]
  }, 
  {
   "begin": "1.200", 
   "end": "1.720", 
   "id": "f000003", 
   "language": "en", 
   "lines": [
    "my"
   ]
  }, 
  {
   "begin": "1.720", 
   "end": "2.920", 
   "id": "f000004", 
   "language": "en", 
   "lines": [
    "school."
   ]
  }, 
  {
   "begin": "2.920", 
   "end": "3.200", 
   "id": "f000005", 
   "language": "en", 
   "lines": [
    "It"
   ]
  }, 
  {
   "begin": "3.200", 
   "end": "3.360", 
   "id": "f000006", 
   "language": "en", 
   "lines": [
    "is"
   ]
  }, 
  {
   "begin": "3.360", 
   "end": "4.200", 
   "id": "f000007", 
   "language": "en", 
   "lines": [
    "called"
   ]
  }, 
  {
   "begin": "4.200", 
   "end": "4.880", 
   "id": "f000008", 
   "language": "en", 
   "lines": [
    "the"
   ]
  }, 
  {
   "begin": "4.880", 
   "end": "5.760", 
   "id": "f000009", 
   "language": "en", 
   "lines": [
    "balwadi."
   ]
  }
 ]
}