{
 "fragments": [
  {
   "begin": "0.000", 
   "end": "0.640", 
   "id": "f000001", 
   "language": "en", 
   "lines": [
    "We"
   ]
  }, 
  {
   "begin": "0.640", 
   "end": "1.320", 
   "id": "f000002", 
   "language": "en", 
   "lines": [
    "leave"
   ]
  }, 
  {
   "begin": "1.320", 
   "end": "1.440", 
   "id": "f000003", 
   "language": "en", 
   "lines": [
    "our"
   ]
  }, 
  {
   "begin": "1.440", 
   "end": "2.200", 
   "id": "f000004", 
   "language": "en", 
   "lines": [
    "shoes"
   ]
  }, 
  {
   "begin": "2.200", 
   "end": "2.480", 
   "id": "f000005", 
   "language": "en", 
   "lines": [
    "and"
   ]
  }, 
  {
   "begin": "2.480", 
   "end": "3.560", 
   "id": "f000006", 
   "language": "en", 
   "lines": [
    "slippers"
   ]
  }, 
  {
   "begin": "3.560", 
   "end": "3.800", 
   "id": "f000007", 
   "language": "en", 
   "lines": [
    "by"
   ]
  }, 
  {
   "begin": "3.800", 
   "end": "4.120", 
   "id": "f000008", 
   "language": "en", 
   "lines": [
    "the"
   ]
  }, 
  {
   "begin": "4.120", 
   "end": "5.240", 
   "id": "f000009", 
   "language": "en", 
   "lines": [
    "door.\n"
   ]
  }, 
  {
   "begin": "5.240", 
   "end": "6.120", 
   "id": "f000010", 
   "language": "en", 
   "lines": [
    "Everyone"
   ]
  }, 
  {
   "begin": "6.120", 
   "end": "6.480", 
   "id": "f000011", 
   "language": "en", 
   "lines": [
    "puts"
   ]
  }, 
  {
   "begin": "6.480", 
   "end": "6.800", 
   "id": "f000012", 
   "language": "en", 
   "lines": [
    "their"
   ]
  }, 
  {
   "begin": "6.800", 
   "end": "7.640", 
   "id": "f000013", 
   "language": "en", 
   "lines": [
    "shoes"
   ]
  }, 
  {
   "begin": "7.640", 
   "end": "7.840", 
   "id": "f000014", 
   "language": "en", 
   "lines": [
    "or"
   ]
  }, 
  {
   "begin": "7.840", 
   "end": "8.480", 
   "id": "f000015", 
   "language": "en", 
   "lines": [
    "slippers"
   ]
  }, 
  {
   "begin": "8.480", 
   "end": "9.000", 
   "id": "f000016", 
   "language": "en", 
   "lines": [
    "in"
   ]
  }, 
  {
   "begin": "9.000", 
   "end": "9.480", 
   "id": "f000017", 
   "language": "en", 
   "lines": [
    "a"
   ]
  }, 
  {
   "begin": "9.480", 
   "end": "10.520", 
   "id": "f000018", 
   "language": "en", 
   "lines": [
    "line.\n"
   ]
  }, 
  {
   "begin": "10.520", 
   "end": "10.720", 
   "id": "f000019", 
   "language": "en", 
   "lines": [
    "It"
   ]
  }, 
  {
   "begin": "10.720", 
   "end": "11.240", 
   "id": "f000020", 
   "language": "en", 
   "lines": [
    "looks"
   ]
  }, 
  {
   "begin": "11.240", 
   "end": "11.520", 
   "id": "f000021", 
   "language": "en", 
   "lines": [
    "good"
   ]
  }, 
  {
   "begin": "11.520", 
   "end": "11.880", 
   "id": "f000022", 
   "language": "en", 
   "lines": [
    "that"
   ]
  }, 
  {
   "begin": "11.880", 
   "end": "13.080", 
   "id": "f000023", 
   "language": "en", 
   "lines": [
    "way."
   ]
  }
 ]
}