{
 "fragments": [
  {
   "begin": "0.000", 
   "end": "0.720", 
   "id": "f000001", 
   "language": "en", 
   "lines": [
    "My"
   ]
  }, 
  {
   "begin": "0.720", 
   "end": "1.160", 
   "id": "f000002", 
   "language": "en", 
   "lines": [
    "friends"
   ]
  }, 
  {
   "begin": "1.160", 
   "end": "1.960", 
   "id": "f000003", 
   "language": "en", 
   "lines": [
    "think"
   ]
  }, 
  {
   "begin": "1.960", 
   "end": "2.320", 
   "id": "f000004", 
   "language": "en", 
   "lines": [
    "that"
   ]
  }, 
  {
   "begin": "2.320", 
   "end": "2.520", 
   "id": "f000005", 
   "language": "en", 
   "lines": [
    "the"
   ]
  }, 
  {
   "begin": "2.520", 
   "end": "2.800", 
   "id": "f000006", 
   "language": "en", 
   "lines": [
    "puppets"
   ]
  }, 
  {
   "begin": "2.800", 
   "end": "3.400", 
   "id": "f000007", 
   "language": "en", 
   "lines": [
    "can"
   ]
  }, 
  {
   "begin": "3.400", 
   "end": "3.840", 
   "id": "f000008", 
   "language": "en", 
   "lines": [
    "speak."
   ]
  }, 
  {
   "begin": "3.840", 
   "end": "4.000", 
   "id": "f000009", 
   "language": "en", 
   "lines": [
    "They"
   ]
  }, 
  {
   "begin": "4.000", 
   "end": "4.080", 
   "id": "f000010", 
   "language": "en", 
   "lines": [
    "are"
   ]
  }, 
  {
   "begin": "4.080", 
   "end": "6.600", 
   "id": "f000011", 
   "language": "en", 
   "lines": [
    "surprised.\n"
   ]
  }, 
  {
   "begin": "6.600", 
   "end": "6.920", 
   "id": "f000012", 
   "language": "en", 
   "lines": [
    "But"
   ]
  }, 
  {
   "begin": "6.920", 
   "end": "7.480", 
   "id": "f000013", 
   "language": "en", 
   "lines": [
    "I"
   ]
  }, 
  {
   "begin": "7.480", 
   "end": "7.760", 
   "id": "f000014", 
   "language": "en", 
   "lines": [
    "am"
   ]
  }, 
  {
   "begin": "7.760", 
   "end": "7.880", 
   "id": "f000015", 
   "language": "en", 
   "lines": [
    "not."
   ]
  }, 
  {
   "begin": "7.880", 
   "end": "8.800", 
   "id": "f000016", 
   "language": "en", 
   "lines": [
    "Puppets"
   ]
  }, 
  {
   "begin": "8.800", 
   "end": "9.440", 
   "id": "f000017", 
   "language": "en", 
   "lines": [
    "do"
   ]
  }, 
  {
   "begin": "9.440", 
   "end": "9.760", 
   "id": "f000018", 
   "language": "en", 
   "lines": [
    "not"
   ]
  }, 
  {
   "begin": "9.760", 
   "end": "10.480", 
   "id": "f000019", 
   "language": "en", 
   "lines": [
    "talk.\n"
   ]
  }, 
  {
   "begin": "10.480", 
   "end": "10.840", 
   "id": "f000020", 
   "language": "en", 
   "lines": [
    "I"
   ]
  }, 
  {
   "begin": "10.840", 
   "end": "11.200", 
   "id": "f000021", 
   "language": "en", 
   "lines": [
    "know"
   ]
  }, 
  {
   "begin": "11.200", 
   "end": "11.560", 
   "id": "f000022", 
   "language": "en", 
   "lines": [
    "that"
   ]
  }, 
  {
   "begin": "11.560", 
   "end": "11.720", 
   "id": "f000023", 
   "language": "en", 
   "lines": [
    "it"
   ]
  }, 
  {
   "begin": "11.720", 
   "end": "11.920", 
   "id": "f000024", 
   "language": "en", 
   "lines": [
    "is"
   ]
  }, 
  {
   "begin": "11.920", 
   "end": "12.160", 
   "id": "f000025", 
   "language": "en", 
   "lines": [
    "the"
   ]
  }, 
  {
   "begin": "12.160", 
   "end": "13.040", 
   "id": "f000026", 
   "language": "en", 
   "lines": [
    "teacher"
   ]
  }, 
  {
   "begin": "13.040", 
   "end": "13.520", 
   "id": "f000027", 
   "language": "en", 
   "lines": [
    "who"
   ]
  }, 
  {
   "begin": "13.520", 
   "end": "14.000", 
   "id": "f000028", 
   "language": "en", 
   "lines": [
    "speaks"
   ]
  }, 
  {
   "begin": "14.000", 
   "end": "14.120", 
   "id": "f000029", 
   "language": "en", 
   "lines": [
    "in"
   ]
  }, 
  {
   "begin": "14.120", 
   "end": "14.280", 
   "id": "f000030", 
   "language": "en", 
   "lines": [
    "a"
   ]
  }, 
  {
   "begin": "14.280", 
   "end": "14.680", 
   "id": "f000031", 
   "language": "en", 
   "lines": [
    "funny"
   ]
  }, 
  {
   "begin": "14.680", 
   "end": "15.080", 
   "id": "f000032", 
   "language": "en", 
   "lines": [
    "voice"
   ]
  }, 
  {
   "begin": "15.080", 
   "end": "15.240", 
   "id": "f000033", 
   "language": "en", 
   "lines": [
    "for"
   ]
  }, 
  {
   "begin": "15.240", 
   "end": "16.320", 
   "id": "f000034", 
   "language": "en", 
   "lines": [
    "them."
   ]
  }
 ]
}