{
 "fragments": [
  {
   "begin": "0.000", 
   "end": "0.320", 
   "id": "f000001", 
   "language": "en", 
   "lines": [
    "It"
   ]
  }, 
  {
   "begin": "0.320", 
   "end": "0.760", 
   "id": "f000002", 
   "language": "en", 
   "lines": [
    "is"
   ]
  }, 
  {
   "begin": "0.760", 
   "end": "1.160", 
   "id": "f000003", 
   "language": "en", 
   "lines": [
    "now"
   ]
  }, 
  {
   "begin": "1.160", 
   "end": "1.600", 
   "id": "f000004", 
   "language": "en", 
   "lines": [
    "time"
   ]
  }, 
  {
   "begin": "1.600", 
   "end": "1.960", 
   "id": "f000005", 
   "language": "en", 
   "lines": [
    "to"
   ]
  }, 
  {
   "begin": "1.960", 
   "end": "2.600", 
   "id": "f000006", 
   "language": "en", 
   "lines": [
    "play."
   ]
  }, 
  {
   "begin": "2.600", 
   "end": "3.400", 
   "id": "f000007", 
   "language": "en", 
   "lines": [
    "The"
   ]
  }, 
  {
   "begin": "3.400", 
   "end": "3.560", 
   "id": "f000008", 
   "language": "en", 
   "lines": [
    "school"
   ]
  }, 
  {
   "begin": "3.560", 
   "end": "4.200", 
   "id": "f000009", 
   "language": "en", 
   "lines": [
    "has"
   ]
  }, 
  {
   "begin": "4.200", 
   "end": "4.360", 
   "id": "f000010", 
   "language": "en", 
   "lines": [
    "a"
   ]
  }, 
  {
   "begin": "4.360", 
   "end": "5.120", 
   "id": "f000011", 
   "language": "en", 
   "lines": [
    "tub"
   ]
  }, 
  {
   "begin": "5.120", 
   "end": "5.320", 
   "id": "f000012", 
   "language": "en", 
   "lines": [
    "with"
   ]
  }, 
  {
   "begin": "5.320", 
   "end": "5.680", 
   "id": "f000013", 
   "language": "en", 
   "lines": [
    "some"
   ]
  }, 
  {
   "begin": "5.680", 
   "end": "6.040", 
   "id": "f000014", 
   "language": "en", 
   "lines": [
    "play"
   ]
  }, 
  {
   "begin": "6.040", 
   "end": "6.760", 
   "id": "f000015", 
   "language": "en", 
   "lines": [
    "dough."
   ]
  }, 
  {
   "begin": "6.760", 
   "end": "7.160", 
   "id": "f000016", 
   "language": "en", 
   "lines": [
    "Mannu"
   ]
  }, 
  {
   "begin": "7.160", 
   "end": "7.400", 
   "id": "f000017", 
   "language": "en", 
   "lines": [
    "likes"
   ]
  }, 
  {
   "begin": "7.400", 
   "end": "7.640", 
   "id": "f000018", 
   "language": "en", 
   "lines": [
    "to"
   ]
  }, 
  {
   "begin": "7.640", 
   "end": "7.920", 
   "id": "f000019", 
   "language": "en", 
   "lines": [
    "make"
   ]
  }, 
  {
   "begin": "7.920", 
   "end": "8.480", 
   "id": "f000020", 
   "language": "en", 
   "lines": [
    "shapes"
   ]
  }, 
  {
   "begin": "8.480", 
   "end": "8.640", 
   "id": "f000021", 
   "language": "en", 
   "lines": [
    "out"
   ]
  }, 
  {
   "begin": "8.640", 
   "end": "8.640", 
   "id": "f000022", 
   "language": "en", 
   "lines": [
    "of"
   ]
  }, 
  {
   "begin": "8.640", 
   "end": "8.640", 
   "id": "f000023", 
   "language": "en", 
   "lines": [
    "the"
   ]
  }, 
  {
   "begin": "8.640", 
   "end": "9.240", 
   "id": "f000024", 
   "language": "en", 
   "lines": [
    "dough."
   ]
  }, 
  {
   "begin": "9.240", 
   "end": "9.920", 
   "id": "f000025", 
   "language": "en", 
   "lines": [
    "I"
   ]
  }, 
  {
   "begin": "9.920", 
   "end": "10.560", 
   "id": "f000026", 
   "language": "en", 
   "lines": [
    "like"
   ]
  }, 
  {
   "begin": "10.560", 
   "end": "10.680", 
   "id": "f000027", 
   "language": "en", 
   "lines": [
    "to"
   ]
  }, 
  {
   "begin": "10.680", 
   "end": "11.040", 
   "id": "f000028", 
   "language": "en", 
   "lines": [
    "make"
   ]
  }, 
  {
   "begin": "11.040", 
   "end": "11.760", 
   "id": "f000029", 
   "language": "en", 
   "lines": [
    "fruits,"
   ]
  }, 
  {
   "begin": "11.760", 
   "end": "13.120", 
   "id": "f000030", 
   "language": "en", 
   "lines": [
    "toys"
   ]
  }, 
  {
   "begin": "13.120", 
   "end": "13.480", 
   "id": "f000031", 
   "language": "en", 
   "lines": [
    "and"
   ]
  }, 
  {
   "begin": "13.480", 
   "end": "13.760", 
   "id": "f000032", 
   "language": "en", 
   "lines": [
    "other"
   ]
  }, 
  {
   "begin": "13.760", 
   "end": "14.840", 
   "id": "f000033", 
   "language": "en", 
   "lines": [
    "things."
   ]
  }, 
  {
   "begin": "14.840", 
   "end": "15.160", 
   "id": "f000034", 
   "language": "en", 
   "lines": [
    "\n"
   ]
  }, 
  {
   "begin": "15.160", 
   "end": "15.160", 
   "id": "f000035", 
   "language": "en", 
   "lines": [
    "At"
   ]
  }, 
  {
   "begin": "15.160", 
   "end": "15.640", 
   "id": "f000036", 
   "language": "en", 
   "lines": [
    "4"
   ]
  }, 
  {
   "begin": "15.640", 
   "end": "16.400", 
   "id": "f000037", 
   "language": "en", 
   "lines": [
    "o'clock,"
   ]
  }, 
  {
   "begin": "16.400", 
   "end": "16.720", 
   "id": "f000038", 
   "language": "en", 
   "lines": [
    "the"
   ]
  }, 
  {
   "begin": "16.720", 
   "end": "17.080", 
   "id": "f000039", 
   "language": "en", 
   "lines": [
    "school"
   ]
  }, 
  {
   "begin": "17.080", 
   "end": "17.360", 
   "id": "f000040", 
   "language": "en", 
   "lines": [
    "bell"
   ]
  }, 
  {
   "begin": "17.360", 
   "end": "18.520", 
   "id": "f000041", 
   "language": "en", 
   "lines": [
    "rings."
   ]
  }, 
  {
   "begin": "18.520", 
   "end": "18.880", 
   "id": "f000042", 
   "language": "en", 
   "lines": [
    "My"
   ]
  }, 
  {
   "begin": "18.880", 
   "end": "19.280", 
   "id": "f000043", 
   "language": "en", 
   "lines": [
    "mother"
   ]
  }, 
  {
   "begin": "19.280", 
   "end": "19.680", 
   "id": "f000044", 
   "language": "en", 
   "lines": [
    "comes"
   ]
  }, 
  {
   "begin": "19.680", 
   "end": "19.840", 
   "id": "f000045", 
   "language": "en", 
   "lines": [
    "to"
   ]
  }, 
  {
   "begin": "19.840", 
   "end": "20.160", 
   "id": "f000046", 
   "language": "en", 
   "lines": [
    "take"
   ]
  }, 
  {
   "begin": "20.160", 
   "end": "20.520", 
   "id": "f000047", 
   "language": "en", 
   "lines": [
    "us"
   ]
  }, 
  {
   "begin": "20.520", 
   "end": "21.680", 
   "id": "f000048", 
   "language": "en", 
   "lines": [
    "home."
   ]
  }, 
  {
   "begin": "21.680", 
   "end": "22.280", 
   "id": "f000049", 
   "language": "en", 
   "lines": [
    "I"
   ]
  }, 
  {
   "begin": "22.280", 
   "end": "22.600", 
   "id": "f000050", 
   "language": "en", 
   "lines": [
    "hug"
   ]
  }, 
  {
   "begin": "22.600", 
   "end": "22.960", 
   "id": "f000051", 
   "language": "en", 
   "lines": [
    "her"
   ]
  }, 
  {
   "begin": "22.960", 
   "end": "23.560", 
   "id": "f000052", 
   "language": "en", 
   "lines": [
    "first."
   ]
  }, 
  {
   "begin": "23.560", 
   "end": "24.320", 
   "id": "f000053", 
   "language": "en", 
   "lines": [
    "Mannu"
   ]
  }, 
  {
   "begin": "24.320", 
   "end": "24.560", 
   "id": "f000054", 
   "language": "en", 
   "lines": [
    "does"
   ]
  }, 
  {
   "begin": "24.560", 
   "end": "24.600", 
   "id": "f000055", 
   "language": "en", 
   "lines": [
    "not"
   ]
  }, 
  {
   "begin": "24.600", 
   "end": "24.960", 
   "id": "f000056", 
   "language": "en", 
   "lines": [
    "like"
   ]
  }, 
  {
   "begin": "24.960", 
   "end": "25.760", 
   "id": "f000057", 
   "language": "en", 
   "lines": [
    "that."
   ]
  }, 
  {
   "begin": "25.760", 
   "end": "26.000", 
   "id": "f000058", 
   "language": "en", 
   "lines": [
    "He"
   ]
  }, 
  {
   "begin": "26.000", 
   "end": "26.960", 
   "id": "f000059", 
   "language": "en", 
   "lines": [
    "complains."
   ]
  }, 
  {
   "begin": "26.960", 
   "end": "27.560", 
   "id": "f000060", 
   "language": "en", 
   "lines": [
    "I"
   ]
  }, 
  {
   "begin": "27.560", 
   "end": "28.160", 
   "id": "f000061", 
   "language": "en", 
   "lines": [
    "have"
   ]
  }, 
  {
   "begin": "28.160", 
   "end": "28.560", 
   "id": "f000062", 
   "language": "en", 
   "lines": [
    "fun"
   ]
  }, 
  {
   "begin": "28.560", 
   "end": "28.800", 
   "id": "f000063", 
   "language": "en", 
   "lines": [
    "at"
   ]
  }, 
  {
   "begin": "28.800", 
   "end": "29.680", 
   "id": "f000064", 
   "language": "en", 
   "lines": [
    "school."
   ]
  }, 
  {
   "begin": "29.680", 
   "end": "30.000", 
   "id": "f000065", 
   "language": "en", 
   "lines": [
    "But"
   ]
  }, 
  {
   "begin": "30.000", 
   "end": "30.440", 
   "id": "f000066", 
   "language": "en", 
   "lines": [
    "going"
   ]
  }, 
  {
   "begin": "30.440", 
   "end": "30.960", 
   "id": "f000067", 
   "language": "en", 
   "lines": [
    "home"
   ]
  }, 
  {
   "begin": "30.960", 
   "end": "31.200", 
   "id": "f000068", 
   "language": "en", 
   "lines": [
    "is"
   ]
  }, 
  {
   "begin": "31.200", 
   "end": "31.560", 
   "id": "f000069", 
   "language": "en", 
   "lines": [
    "more"
   ]
  }, 
  {
   "begin": "31.560", 
   "end": "32.240", 
   "id": "f000070", 
   "language": "en", 
   "lines": [
    "fun."
   ]
  }
 ]
}