{
 "fragments": [
  {
   "begin": "0.000", 
   "end": "0.640", 
   "id": "f000001", 
   "language": "en", 
   "lines": [
    "My"
   ]
  }, 
  {
   "begin": "0.640", 
   "end": "1.080", 
   "id": "f000002", 
   "language": "en", 
   "lines": [
    "brother"
   ]
  }, 
  {
   "begin": "1.080", 
   "end": "1.720", 
   "id": "f000003", 
   "language": "en", 
   "lines": [
    "Mannu"
   ]
  }, 
  {
   "begin": "1.720", 
   "end": "2.040", 
   "id": "f000004", 
   "language": "en", 
   "lines": [
    "and"
   ]
  }, 
  {
   "begin": "2.040", 
   "end": "2.800", 
   "id": "f000005", 
   "language": "en", 
   "lines": [
    "I"
   ]
  }, 
  {
   "begin": "2.800", 
   "end": "3.080", 
   "id": "f000006", 
   "language": "en", 
   "lines": [
    "go"
   ]
  }, 
  {
   "begin": "3.080", 
   "end": "3.440", 
   "id": "f000007", 
   "language": "en", 
   "lines": [
    "to"
   ]
  }, 
  {
   "begin": "3.440", 
   "end": "3.840", 
   "id": "f000008", 
   "language": "en", 
   "lines": [
    "the"
   ]
  }, 
  {
   "begin": "3.840", 
   "end": "4.240", 
   "id": "f000009", 
   "language": "en", 
   "lines": [
    "balwadi.\n"
   ]
  }, 
  {
   "begin": "4.240", 
   "end": "4.880", 
   "id": "f000010", 
   "language": "en", 
   "lines": [
    "It"
   ]
  }, 
  {
   "begin": "4.880", 
   "end": "5.480", 
   "id": "f000011", 
   "language": "en", 
   "lines": [
    "is"
   ]
  }, 
  {
   "begin": "5.480", 
   "end": "5.840", 
   "id": "f000012", 
   "language": "en", 
   "lines": [
    "a"
   ]
  }, 
  {
   "begin": "5.840", 
   "end": "6.680", 
   "id": "f000013", 
   "language": "en", 
   "lines": [
    "small"
   ]
  }, 
  {
   "begin": "6.680", 
   "end": "7.080", 
   "id": "f000014", 
   "language": "en", 
   "lines": [
    "school"
   ]
  }, 
  {
   "begin": "7.080", 
   "end": "7.320", 
   "id": "f000015", 
   "language": "en", 
   "lines": [
    "for"
   ]
  }, 
  {
   "begin": "7.320", 
   "end": "7.320", 
   "id": "f000016", 
   "language": "en", 
   "lines": [
    "little"
   ]
  }, 
  {
   "begin": "7.320", 
   "end": "7.720", 
   "id": "f000017", 
   "language": "en", 
   "lines": [
    "children"
   ]
  }, 
  {
   "begin": "7.720", 
   "end": "8.320", 
   "id": "f000018", 
   "language": "en", 
   "lines": [
    "like"
   ]
  }, 
  {
   "begin": "8.320", 
   "end": "9.200", 
   "id": "f000019", 
   "language": "en", 
   "lines": [
    "us."
   ]
  }
 ]
}