{
 "fragments": [
  {
   "begin": "0.000", 
   "end": "0.760", 
   "id": "f000001", 
   "language": "en", 
   "lines": [
    "We"
   ]
  }, 
  {
   "begin": "0.760", 
   "end": "1.400", 
   "id": "f000002", 
   "language": "en", 
   "lines": [
    "leave"
   ]
  }, 
  {
   "begin": "1.400", 
   "end": "1.680", 
   "id": "f000003", 
   "language": "en", 
   "lines": [
    "our"
   ]
  }, 
  {
   "begin": "1.680", 
   "end": "2.160", 
   "id": "f000004", 
   "language": "en", 
   "lines": [
    "tiffin"
   ]
  }, 
  {
   "begin": "2.160", 
   "end": "3.200", 
   "id": "f000005", 
   "language": "en", 
   "lines": [
    "boxes"
   ]
  }, 
  {
   "begin": "3.200", 
   "end": "3.520", 
   "id": "f000006", 
   "language": "en", 
   "lines": [
    "near"
   ]
  }, 
  {
   "begin": "3.520", 
   "end": "3.880", 
   "id": "f000007", 
   "language": "en", 
   "lines": [
    "the"
   ]
  }, 
  {
   "begin": "3.880", 
   "end": "4.360", 
   "id": "f000008", 
   "language": "en", 
   "lines": [
    "wall.\n"
   ]
  }, 
  {
   "begin": "4.360", 
   "end": "5.600", 
   "id": "f000009", 
   "language": "en", 
   "lines": [
    "Some"
   ]
  }, 
  {
   "begin": "5.600", 
   "end": "6.280", 
   "id": "f000010", 
   "language": "en", 
   "lines": [
    "boxes"
   ]
  }, 
  {
   "begin": "6.280", 
   "end": "6.920", 
   "id": "f000011", 
   "language": "en", 
   "lines": [
    "are"
   ]
  }, 
  {
   "begin": "6.920", 
   "end": "8.440", 
   "id": "f000012", 
   "language": "en", 
   "lines": [
    "big."
   ]
  }, 
  {
   "begin": "8.440", 
   "end": "9.000", 
   "id": "f000013", 
   "language": "en", 
   "lines": [
    "Others"
   ]
  }, 
  {
   "begin": "9.000", 
   "end": "10.080", 
   "id": "f000014", 
   "language": "en", 
   "lines": [
    "are"
   ]
  }, 
  {
   "begin": "10.080", 
   "end": "10.880", 
   "id": "f000015", 
   "language": "en", 
   "lines": [
    "small.\n"
   ]
  }, 
  {
   "begin": "10.880", 
   "end": "11.560", 
   "id": "f000016", 
   "language": "en", 
   "lines": [
    "Water"
   ]
  }, 
  {
   "begin": "11.560", 
   "end": "12.320", 
   "id": "f000017", 
   "language": "en", 
   "lines": [
    "bottles"
   ]
  }, 
  {
   "begin": "12.320", 
   "end": "12.560", 
   "id": "f000018", 
   "language": "en", 
   "lines": [
    "are"
   ]
  }, 
  {
   "begin": "12.560", 
   "end": "12.800", 
   "id": "f000019", 
   "language": "en", 
   "lines": [
    "hung"
   ]
  }, 
  {
   "begin": "12.800", 
   "end": "13.160", 
   "id": "f000020", 
   "language": "en", 
   "lines": [
    "on"
   ]
  }, 
  {
   "begin": "13.160", 
   "end": "14.040", 
   "id": "f000021", 
   "language": "en", 
   "lines": [
    "the"
   ]
  }, 
  {
   "begin": "14.040", 
   "end": "14.240", 
   "id": "f000022", 
   "language": "en", 
   "lines": [
    "wall.\n"
   ]
  }, 
  {
   "begin": "14.240", 
   "end": "14.560", 
   "id": "f000023", 
   "language": "en", 
   "lines": [
    "The"
   ]
  }, 
  {
   "begin": "14.560", 
   "end": "15.080", 
   "id": "f000024", 
   "language": "en", 
   "lines": [
    "bottles"
   ]
  }, 
  {
   "begin": "15.080", 
   "end": "15.440", 
   "id": "f000025", 
   "language": "en", 
   "lines": [
    "are"
   ]
  }, 
  {
   "begin": "15.440", 
   "end": "15.600", 
   "id": "f000026", 
   "language": "en", 
   "lines": [
    "of"
   ]
  }, 
  {
   "begin": "15.600", 
   "end": "16.200", 
   "id": "f000027", 
   "language": "en", 
   "lines": [
    "different"
   ]
  }, 
  {
   "begin": "16.200", 
   "end": "17.480", 
   "id": "f000028", 
   "language": "en", 
   "lines": [
    "colours."
   ]
  }, 
  {
   "begin": "17.480", 
   "end": "18.120", 
   "id": "f000029", 
   "language": "en", 
   "lines": [
    "Red,"
   ]
  }, 
  {
   "begin": "18.120", 
   "end": "20.080", 
   "id": "f000030", 
   "language": "en", 
   "lines": [
    "blue,"
   ]
  }, 
  {
   "begin": "20.080", 
   "end": "21.240", 
   "id": "f000031", 
   "language": "en", 
   "lines": [
    "green,"
   ]
  }, 
  {
   "begin": "21.240", 
   "end": "22.720", 
   "id": "f000032", 
   "language": "en", 
   "lines": [
    "yellow."
   ]
  }
 ]
}