{
 "fragments": [
  {
   "begin": "0.000", 
   "end": "0.000", 
   "id": "f000001", 
   "language": "en", 
   "lines": [
    "Anu"
   ]
  }, 
  {
   "begin": "0.000", 
   "end": "0.800", 
   "id": "f000002", 
   "language": "en", 
   "lines": [
    "sat"
   ]
  }, 
  {
   "begin": "0.800", 
   "end": "0.960", 
   "id": "f000003", 
   "language": "en", 
   "lines": [
    "up"
   ]
  }, 
  {
   "begin": "0.960", 
   "end": "1.160", 
   "id": "f000004", 
   "language": "en", 
   "lines": [
    "like"
   ]
  }, 
  {
   "begin": "1.160", 
   "end": "1.280", 
   "id": "f000005", 
   "language": "en", 
   "lines": [
    "a"
   ]
  }, 
  {
   "begin": "1.280", 
   "end": "1.800", 
   "id": "f000006", 
   "language": "en", 
   "lines": [
    "shot."
   ]
  }, 
  {
   "begin": "1.800", 
   "end": "3.040", 
   "id": "f000007", 
   "language": "en", 
   "lines": [
    "\u201cBaby?"
   ]
  }, 
  {
   "begin": "3.040", 
   "end": "3.360", 
   "id": "f000008", 
   "language": "en", 
   "lines": [
    "Is"
   ]
  }, 
  {
   "begin": "3.360", 
   "end": "3.920", 
   "id": "f000009", 
   "language": "en", 
   "lines": [
    "it"
   ]
  }, 
  {
   "begin": "3.920", 
   "end": "3.920", 
   "id": "f000010", 
   "language": "en", 
   "lines": [
    "a"
   ]
  }, 
  {
   "begin": "3.920", 
   "end": "4.840", 
   "id": "f000011", 
   "language": "en", 
   "lines": [
    "teeny-tiny"
   ]
  }, 
  {
   "begin": "4.840", 
   "end": "6.040", 
   "id": "f000012", 
   "language": "en", 
   "lines": [
    "baby?"
   ]
  }, 
  {
   "begin": "6.040", 
   "end": "6.280", 
   "id": "f000013", 
   "language": "en", 
   "lines": [
    "Like"
   ]
  }, 
  {
   "begin": "6.280", 
   "end": "6.480", 
   "id": "f000014", 
   "language": "en", 
   "lines": [
    "a"
   ]
  }, 
  {
   "begin": "6.480", 
   "end": "7.400", 
   "id": "f000015", 
   "language": "en", 
   "lines": [
    "doll?"
   ]
  }, 
  {
   "begin": "7.400", 
   "end": "8.160", 
   "id": "f000016", 
   "language": "en", 
   "lines": [
    "Wait"
   ]
  }, 
  {
   "begin": "8.160", 
   "end": "8.400", 
   "id": "f000017", 
   "language": "en", 
   "lines": [
    "for"
   ]
  }, 
  {
   "begin": "8.400", 
   "end": "8.600", 
   "id": "f000018", 
   "language": "en", 
   "lines": [
    "me,"
   ]
  }, 
  {
   "begin": "8.600", 
   "end": "9.160", 
   "id": "f000019", 
   "language": "en", 
   "lines": [
    "I\u2019m"
   ]
  }, 
  {
   "begin": "9.160", 
   "end": "9.760", 
   "id": "f000020", 
   "language": "en", 
   "lines": [
    "coming!\u201d"
   ]
  }
 ]
}