{
 "fragments": [
  {
   "begin": "0.000", 
   "end": "0.840", 
   "id": "f000001", 
   "language": "en", 
   "lines": [
    "\u201cLet\u2019s"
   ]
  }, 
  {
   "begin": "0.840", 
   "end": "1.200", 
   "id": "f000002", 
   "language": "en", 
   "lines": [
    "go"
   ]
  }, 
  {
   "begin": "1.200", 
   "end": "1.680", 
   "id": "f000003", 
   "language": "en", 
   "lines": [
    "home,"
   ]
  }, 
  {
   "begin": "1.680", 
   "end": "2.400", 
   "id": "f000004", 
   "language": "en", 
   "lines": [
    "Aai!\u201d"
   ]
  }, 
  {
   "begin": "2.400", 
   "end": "2.720", 
   "id": "f000005", 
   "language": "en", 
   "lines": [
    "Anu"
   ]
  }, 
  {
   "begin": "2.720", 
   "end": "3.280", 
   "id": "f000006", 
   "language": "en", 
   "lines": [
    "cried."
   ]
  }, 
  {
   "begin": "3.280", 
   "end": "5.040", 
   "id": "f000007", 
   "language": "en", 
   "lines": [
    "\u201cWhy,"
   ]
  }, 
  {
   "begin": "5.040", 
   "end": "5.840", 
   "id": "f000008", 
   "language": "en", 
   "lines": [
    "Anu,"
   ]
  }, 
  {
   "begin": "5.840", 
   "end": "6.080", 
   "id": "f000009", 
   "language": "en", 
   "lines": [
    "don\u2019t"
   ]
  }, 
  {
   "begin": "6.080", 
   "end": "6.240", 
   "id": "f000010", 
   "language": "en", 
   "lines": [
    "you"
   ]
  }, 
  {
   "begin": "6.240", 
   "end": "6.480", 
   "id": "f000011", 
   "language": "en", 
   "lines": [
    "like"
   ]
  }, 
  {
   "begin": "6.480", 
   "end": "6.640", 
   "id": "f000012", 
   "language": "en", 
   "lines": [
    "the"
   ]
  }, 
  {
   "begin": "6.640", 
   "end": "8.040", 
   "id": "f000013", 
   "language": "en", 
   "lines": [
    "baby?\u201d"
   ]
  }, 
  {
   "begin": "8.040", 
   "end": "8.600", 
   "id": "f000014", 
   "language": "en", 
   "lines": [
    "asked"
   ]
  }, 
  {
   "begin": "8.600", 
   "end": "9.120", 
   "id": "f000015", 
   "language": "en", 
   "lines": [
    "Aunty."
   ]
  }, 
  {
   "begin": "9.120", 
   "end": "10.400", 
   "id": "f000016", 
   "language": "en", 
   "lines": [
    "\u201cChee!\u201d"
   ]
  }, 
  {
   "begin": "10.400", 
   "end": "11.480", 
   "id": "f000017", 
   "language": "en", 
   "lines": [
    "said"
   ]
  }, 
  {
   "begin": "11.480", 
   "end": "11.880", 
   "id": "f000018", 
   "language": "en", 
   "lines": [
    "Anu."
   ]
  }, 
  {
   "begin": "11.880", 
   "end": "13.480", 
   "id": "f000019", 
   "language": "en", 
   "lines": [
    "\u201cSilly"
   ]
  }, 
  {
   "begin": "13.480", 
   "end": "14.280", 
   "id": "f000020", 
   "language": "en", 
   "lines": [
    "baby,"
   ]
  }, 
  {
   "begin": "14.280", 
   "end": "14.640", 
   "id": "f000021", 
   "language": "en", 
   "lines": [
    "does"
   ]
  }, 
  {
   "begin": "14.640", 
   "end": "14.840", 
   "id": "f000022", 
   "language": "en", 
   "lines": [
    "potty"
   ]
  }, 
  {
   "begin": "14.840", 
   "end": "14.960", 
   "id": "f000023", 
   "language": "en", 
   "lines": [
    "in"
   ]
  }, 
  {
   "begin": "14.960", 
   "end": "15.520", 
   "id": "f000024", 
   "language": "en", 
   "lines": [
    "the"
   ]
  }, 
  {
   "begin": "15.520", 
   "end": "15.800", 
   "id": "f000025", 
   "language": "en", 
   "lines": [
    "nappy,"
   ]
  }, 
  {
   "begin": "15.800", 
   "end": "16.040", 
   "id": "f000026", 
   "language": "en", 
   "lines": [
    "doesn\u2019t"
   ]
  }, 
  {
   "begin": "16.040", 
   "end": "16.040", 
   "id": "f000027", 
   "language": "en", 
   "lines": [
    "talk,"
   ]
  }, 
  {
   "begin": "16.040", 
   "end": "16.120", 
   "id": "f000028", 
   "language": "en", 
   "lines": [
    "doesn\u2019t"
   ]
  }, 
  {
   "begin": "16.120", 
   "end": "17.040", 
   "id": "f000029", 
   "language": "en", 
   "lines": [
    "play."
   ]
  }, 
  {
   "begin": "17.040", 
   "end": "17.560", 
   "id": "f000030", 
   "language": "en", 
   "lines": [
    "I"
   ]
  }, 
  {
   "begin": "17.560", 
   "end": "18.120", 
   "id": "f000031", 
   "language": "en", 
   "lines": [
    "don\u2019t"
   ]
  }, 
  {
   "begin": "18.120", 
   "end": "18.920", 
   "id": "f000032", 
   "language": "en", 
   "lines": [
    "like"
   ]
  }, 
  {
   "begin": "18.920", 
   "end": "19.520", 
   "id": "f000033", 
   "language": "en", 
   "lines": [
    "your"
   ]
  }, 
  {
   "begin": "19.520", 
   "end": "20.000", 
   "id": "f000034", 
   "language": "en", 
   "lines": [
    "baby."
   ]
  }, 
  {
   "begin": "20.000", 
   "end": "20.200", 
   "id": "f000035", 
   "language": "en", 
   "lines": [
    "Why"
   ]
  }, 
  {
   "begin": "20.200", 
   "end": "20.400", 
   "id": "f000036", 
   "language": "en", 
   "lines": [
    "did"
   ]
  }, 
  {
   "begin": "20.400", 
   "end": "20.440", 
   "id": "f000037", 
   "language": "en", 
   "lines": [
    "you"
   ]
  }, 
  {
   "begin": "20.440", 
   "end": "21.080", 
   "id": "f000038", 
   "language": "en", 
   "lines": [
    "get"
   ]
  }, 
  {
   "begin": "21.080", 
   "end": "21.960", 
   "id": "f000039", 
   "language": "en", 
   "lines": [
    "yourself"
   ]
  }, 
  {
   "begin": "21.960", 
   "end": "22.680", 
   "id": "f000040", 
   "language": "en", 
   "lines": [
    "such"
   ]
  }, 
  {
   "begin": "22.680", 
   "end": "22.720", 
   "id": "f000041", 
   "language": "en", 
   "lines": [
    "a"
   ]
  }, 
  {
   "begin": "22.720", 
   "end": "23.320", 
   "id": "f000042", 
   "language": "en", 
   "lines": [
    "silly"
   ]
  }, 
  {
   "begin": "23.320", 
   "end": "24.240", 
   "id": "f000043", 
   "language": "en", 
   "lines": [
    "baby?\u201d"
   ]
  }
 ]
}