{
 "fragments": [
  {
   "begin": "0.000", 
   "end": "1.680", 
   "id": "f000001", 
   "language": "en", 
   "lines": [
    "\u201cAnuuuu!"
   ]
  }, 
  {
   "begin": "1.680", 
   "end": "2.000", 
   "id": "f000002", 
   "language": "en", 
   "lines": [
    "Wake"
   ]
  }, 
  {
   "begin": "2.000", 
   "end": "3.000", 
   "id": "f000003", 
   "language": "en", 
   "lines": [
    "up!"
   ]
  }, 
  {
   "begin": "3.000", 
   "end": "4.000", 
   "id": "f000004", 
   "language": "en", 
   "lines": [
    "Sleepyhead!\u201d"
   ]
  }, 
  {
   "begin": "4.000", 
   "end": "5.280", 
   "id": "f000005", 
   "language": "en", 
   "lines": [
    "called"
   ]
  }, 
  {
   "begin": "5.280", 
   "end": "5.880", 
   "id": "f000006", 
   "language": "en", 
   "lines": [
    "Anu's"
   ]
  }, 
  {
   "begin": "5.880", 
   "end": "6.200", 
   "id": "f000007", 
   "language": "en", 
   "lines": [
    "mother."
   ]
  }, 
  {
   "begin": "6.200", 
   "end": "9.320", 
   "id": "f000008", 
   "language": "en", 
   "lines": [
    "\u201cMmmm...let"
   ]
  }, 
  {
   "begin": "9.320", 
   "end": "9.480", 
   "id": "f000009", 
   "language": "en", 
   "lines": [
    "me"
   ]
  }, 
  {
   "begin": "9.480", 
   "end": "11.600", 
   "id": "f000010", 
   "language": "en", 
   "lines": [
    "sleep!\u201d"
   ]
  }, 
  {
   "begin": "11.600", 
   "end": "12.200", 
   "id": "f000011", 
   "language": "en", 
   "lines": [
    "mumbled"
   ]
  }, 
  {
   "begin": "12.200", 
   "end": "12.680", 
   "id": "f000012", 
   "language": "en", 
   "lines": [
    "Anu."
   ]
  }, 
  {
   "begin": "12.680", 
   "end": "14.240", 
   "id": "f000013", 
   "language": "en", 
   "lines": [
    "\u201cOk,"
   ]
  }, 
  {
   "begin": "14.240", 
   "end": "14.960", 
   "id": "f000014", 
   "language": "en", 
   "lines": [
    "then"
   ]
  }, 
  {
   "begin": "14.960", 
   "end": "15.320", 
   "id": "f000015", 
   "language": "en", 
   "lines": [
    "I\u2019ll"
   ]
  }, 
  {
   "begin": "15.320", 
   "end": "15.680", 
   "id": "f000016", 
   "language": "en", 
   "lines": [
    "go"
   ]
  }, 
  {
   "begin": "15.680", 
   "end": "16.000", 
   "id": "f000017", 
   "language": "en", 
   "lines": [
    "see"
   ]
  }, 
  {
   "begin": "16.000", 
   "end": "16.360", 
   "id": "f000018", 
   "language": "en", 
   "lines": [
    "Aunty"
   ]
  }, 
  {
   "begin": "16.360", 
   "end": "16.840", 
   "id": "f000019", 
   "language": "en", 
   "lines": [
    "Jui\u2019s"
   ]
  }, 
  {
   "begin": "16.840", 
   "end": "17.280", 
   "id": "f000020", 
   "language": "en", 
   "lines": [
    "baby"
   ]
  }, 
  {
   "begin": "17.280", 
   "end": "17.480", 
   "id": "f000021", 
   "language": "en", 
   "lines": [
    "by"
   ]
  }, 
  {
   "begin": "17.480", 
   "end": "19.000", 
   "id": "f000022", 
   "language": "en", 
   "lines": [
    "myself,\u201d"
   ]
  }, 
  {
   "begin": "19.000", 
   "end": "19.280", 
   "id": "f000023", 
   "language": "en", 
   "lines": [
    "said"
   ]
  }, 
  {
   "begin": "19.280", 
   "end": "19.360", 
   "id": "f000024", 
   "language": "en", 
   "lines": [
    "Aai*."
   ]
  }, 
  {
   "begin": "19.360", 
   "end": "19.880", 
   "id": "f000025", 
   "language": "en", 
   "lines": [
    "&nbsp;"
   ]
  }, 
  {
   "begin": "19.880", 
   "end": "19.880", 
   "id": "f000026", 
   "language": "en", 
   "lines": [
    "*"
   ]
  }, 
  {
   "begin": "19.880", 
   "end": "19.880", 
   "id": "f000027", 
   "language": "en", 
   "lines": [
    "Aai"
   ]
  }, 
  {
   "begin": "19.880", 
   "end": "19.880", 
   "id": "f000028", 
   "language": "en", 
   "lines": [
    ","
   ]
  }, 
  {
   "begin": "19.880", 
   "end": "19.880", 
   "id": "f000029", 
   "language": "en", 
   "lines": [
    "Marathi"
   ]
  }, 
  {
   "begin": "19.880", 
   "end": "19.880", 
   "id": "f000030", 
   "language": "en", 
   "lines": [
    "for"
   ]
  }, 
  {
   "begin": "19.880", 
   "end": "20.040", 
   "id": "f000031", 
   "language": "en", 
   "lines": [
    "mother"
   ]
  }
 ]
}