{
 "fragments": [
  {
   "begin": "0.000", 
   "end": "0.400", 
   "id": "f000001", 
   "language": "en", 
   "lines": [
    "Why"
   ]
  }, 
  {
   "begin": "0.400", 
   "end": "0.840", 
   "id": "f000002", 
   "language": "en", 
   "lines": [
    "should"
   ]
  }, 
  {
   "begin": "0.840", 
   "end": "0.840", 
   "id": "f000003", 
   "language": "en", 
   "lines": [
    "the"
   ]
  }, 
  {
   "begin": "0.840", 
   "end": "1.080", 
   "id": "f000004", 
   "language": "en", 
   "lines": [
    "baby"
   ]
  }, 
  {
   "begin": "1.080", 
   "end": "1.480", 
   "id": "f000005", 
   "language": "en", 
   "lines": [
    "sit"
   ]
  }, 
  {
   "begin": "1.480", 
   "end": "1.760", 
   "id": "f000006", 
   "language": "en", 
   "lines": [
    "on"
   ]
  }, 
  {
   "begin": "1.760", 
   "end": "2.080", 
   "id": "f000007", 
   "language": "en", 
   "lines": [
    "Aai\u2019s"
   ]
  }, 
  {
   "begin": "2.080", 
   "end": "2.480", 
   "id": "f000008", 
   "language": "en", 
   "lines": [
    "lap?"
   ]
  }, 
  {
   "begin": "2.480", 
   "end": "2.520", 
   "id": "f000009", 
   "language": "en", 
   "lines": [
    "I"
   ]
  }, 
  {
   "begin": "2.520", 
   "end": "2.520", 
   "id": "f000010", 
   "language": "en", 
   "lines": [
    "want"
   ]
  }, 
  {
   "begin": "2.520", 
   "end": "4.440", 
   "id": "f000011", 
   "language": "en", 
   "lines": [
    "to"
   ]
  }, 
  {
   "begin": "4.440", 
   "end": "4.680", 
   "id": "f000012", 
   "language": "en", 
   "lines": [
    "sit"
   ]
  }, 
  {
   "begin": "4.680", 
   "end": "4.920", 
   "id": "f000013", 
   "language": "en", 
   "lines": [
    "on"
   ]
  }, 
  {
   "begin": "4.920", 
   "end": "5.280", 
   "id": "f000014", 
   "language": "en", 
   "lines": [
    "Aai\u2019s"
   ]
  }, 
  {
   "begin": "5.280", 
   "end": "5.600", 
   "id": "f000015", 
   "language": "en", 
   "lines": [
    "lap"
   ]
  }, 
  {
   "begin": "5.600", 
   "end": "6.000", 
   "id": "f000016", 
   "language": "en", 
   "lines": [
    "too,"
   ]
  }, 
  {
   "begin": "6.000", 
   "end": "6.960", 
   "id": "f000017", 
   "language": "en", 
   "lines": [
    "thought"
   ]
  }, 
  {
   "begin": "6.960", 
   "end": "8.440", 
   "id": "f000018", 
   "language": "en", 
   "lines": [
    "Anu."
   ]
  }, 
  {
   "begin": "8.440", 
   "end": "8.720", 
   "id": "f000019", 
   "language": "en", 
   "lines": [
    "But"
   ]
  }, 
  {
   "begin": "8.720", 
   "end": "9.080", 
   "id": "f000020", 
   "language": "en", 
   "lines": [
    "Aai"
   ]
  }, 
  {
   "begin": "9.080", 
   "end": "9.440", 
   "id": "f000021", 
   "language": "en", 
   "lines": [
    "said,"
   ]
  }, 
  {
   "begin": "9.440", 
   "end": "10.440", 
   "id": "f000022", 
   "language": "en", 
   "lines": [
    "\u201cAnu,"
   ]
  }, 
  {
   "begin": "10.440", 
   "end": "10.920", 
   "id": "f000023", 
   "language": "en", 
   "lines": [
    "move"
   ]
  }, 
  {
   "begin": "10.920", 
   "end": "11.600", 
   "id": "f000024", 
   "language": "en", 
   "lines": [
    "away!"
   ]
  }, 
  {
   "begin": "11.600", 
   "end": "12.320", 
   "id": "f000025", 
   "language": "en", 
   "lines": [
    "You"
   ]
  }, 
  {
   "begin": "12.320", 
   "end": "12.840", 
   "id": "f000026", 
   "language": "en", 
   "lines": [
    "must"
   ]
  }, 
  {
   "begin": "12.840", 
   "end": "13.160", 
   "id": "f000027", 
   "language": "en", 
   "lines": [
    "not"
   ]
  }, 
  {
   "begin": "13.160", 
   "end": "13.600", 
   "id": "f000028", 
   "language": "en", 
   "lines": [
    "bother"
   ]
  }, 
  {
   "begin": "13.600", 
   "end": "13.800", 
   "id": "f000029", 
   "language": "en", 
   "lines": [
    "baby."
   ]
  }, 
  {
   "begin": "13.800", 
   "end": "14.600", 
   "id": "f000030", 
   "language": "en", 
   "lines": [
    "See"
   ]
  }, 
  {
   "begin": "14.600", 
   "end": "15.120", 
   "id": "f000031", 
   "language": "en", 
   "lines": [
    "how"
   ]
  }, 
  {
   "begin": "15.120", 
   "end": "15.520", 
   "id": "f000032", 
   "language": "en", 
   "lines": [
    "tiny"
   ]
  }, 
  {
   "begin": "15.520", 
   "end": "16.160", 
   "id": "f000033", 
   "language": "en", 
   "lines": [
    "she"
   ]
  }, 
  {
   "begin": "16.160", 
   "end": "16.480", 
   "id": "f000034", 
   "language": "en", 
   "lines": [
    "is?\u201d"
   ]
  }
 ]
}