{
 "fragments": [
  {
   "begin": "0.000", 
   "end": "0.480", 
   "id": "f000001", 
   "language": "en", 
   "lines": [
    "On"
   ]
  }, 
  {
   "begin": "0.480", 
   "end": "0.840", 
   "id": "f000002", 
   "language": "en", 
   "lines": [
    "the"
   ]
  }, 
  {
   "begin": "0.840", 
   "end": "0.960", 
   "id": "f000003", 
   "language": "en", 
   "lines": [
    "way"
   ]
  }, 
  {
   "begin": "0.960", 
   "end": "0.960", 
   "id": "f000004", 
   "language": "en", 
   "lines": [
    "back"
   ]
  }, 
  {
   "begin": "0.960", 
   "end": "0.960", 
   "id": "f000005", 
   "language": "en", 
   "lines": [
    "home,"
   ]
  }, 
  {
   "begin": "0.960", 
   "end": "0.960", 
   "id": "f000006", 
   "language": "en", 
   "lines": [
    "Anu"
   ]
  }, 
  {
   "begin": "0.960", 
   "end": "1.240", 
   "id": "f000007", 
   "language": "en", 
   "lines": [
    "asked"
   ]
  }, 
  {
   "begin": "1.240", 
   "end": "2.120", 
   "id": "f000008", 
   "language": "en", 
   "lines": [
    "her"
   ]
  }, 
  {
   "begin": "2.120", 
   "end": "2.440", 
   "id": "f000009", 
   "language": "en", 
   "lines": [
    "mother,"
   ]
  }, 
  {
   "begin": "2.440", 
   "end": "2.800", 
   "id": "f000010", 
   "language": "en", 
   "lines": [
    "\u201cAai,"
   ]
  }, 
  {
   "begin": "2.800", 
   "end": "3.240", 
   "id": "f000011", 
   "language": "en", 
   "lines": [
    "when"
   ]
  }, 
  {
   "begin": "3.240", 
   "end": "3.440", 
   "id": "f000012", 
   "language": "en", 
   "lines": [
    "will"
   ]
  }, 
  {
   "begin": "3.440", 
   "end": "5.200", 
   "id": "f000013", 
   "language": "en", 
   "lines": [
    "I"
   ]
  }, 
  {
   "begin": "5.200", 
   "end": "5.680", 
   "id": "f000014", 
   "language": "en", 
   "lines": [
    "become"
   ]
  }, 
  {
   "begin": "5.680", 
   "end": "6.160", 
   "id": "f000015", 
   "language": "en", 
   "lines": [
    "a"
   ]
  }, 
  {
   "begin": "6.160", 
   "end": "6.480", 
   "id": "f000016", 
   "language": "en", 
   "lines": [
    "baby?\u201d"
   ]
  }, 
  {
   "begin": "6.480", 
   "end": "6.480", 
   "id": "f000017", 
   "language": "en", 
   "lines": [
    "&nbsp;"
   ]
  }, 
  {
   "begin": "6.480", 
   "end": "6.560", 
   "id": "f000018", 
   "language": "en", 
   "lines": [
    "\u201cYou"
   ]
  }, 
  {
   "begin": "6.560", 
   "end": "8.160", 
   "id": "f000019", 
   "language": "en", 
   "lines": [
    "won\u2019t"
   ]
  }, 
  {
   "begin": "8.160", 
   "end": "8.720", 
   "id": "f000020", 
   "language": "en", 
   "lines": [
    "become"
   ]
  }, 
  {
   "begin": "8.720", 
   "end": "9.120", 
   "id": "f000021", 
   "language": "en", 
   "lines": [
    "a"
   ]
  }, 
  {
   "begin": "9.120", 
   "end": "9.480", 
   "id": "f000022", 
   "language": "en", 
   "lines": [
    "baby"
   ]
  }, 
  {
   "begin": "9.480", 
   "end": "9.880", 
   "id": "f000023", 
   "language": "en", 
   "lines": [
    "again,"
   ]
  }, 
  {
   "begin": "9.880", 
   "end": "10.040", 
   "id": "f000024", 
   "language": "en", 
   "lines": [
    "\u201c"
   ]
  }, 
  {
   "begin": "10.040", 
   "end": "10.320", 
   "id": "f000025", 
   "language": "en", 
   "lines": [
    "said"
   ]
  }, 
  {
   "begin": "10.320", 
   "end": "10.800", 
   "id": "f000026", 
   "language": "en", 
   "lines": [
    "Aai."
   ]
  }, 
  {
   "begin": "10.800", 
   "end": "11.520", 
   "id": "f000027", 
   "language": "en", 
   "lines": [
    "\u201cYou\u2019ll"
   ]
  }, 
  {
   "begin": "11.520", 
   "end": "11.920", 
   "id": "f000028", 
   "language": "en", 
   "lines": [
    "grow"
   ]
  }, 
  {
   "begin": "11.920", 
   "end": "12.360", 
   "id": "f000029", 
   "language": "en", 
   "lines": [
    "bigger"
   ]
  }, 
  {
   "begin": "12.360", 
   "end": "13.520", 
   "id": "f000030", 
   "language": "en", 
   "lines": [
    "now.\u201d"
   ]
  }, 
  {
   "begin": "13.520", 
   "end": "13.840", 
   "id": "f000031", 
   "language": "en", 
   "lines": [
    "&nbsp;"
   ]
  }, 
  {
   "begin": "13.840", 
   "end": "14.240", 
   "id": "f000032", 
   "language": "en", 
   "lines": [
    "\u201cI"
   ]
  }, 
  {
   "begin": "14.240", 
   "end": "14.720", 
   "id": "f000033", 
   "language": "en", 
   "lines": [
    "don\u2019t"
   ]
  }, 
  {
   "begin": "14.720", 
   "end": "17.960", 
   "id": "f000034", 
   "language": "en", 
   "lines": [
    "want"
   ]
  }, 
  {
   "begin": "17.960", 
   "end": "19.000", 
   "id": "f000035", 
   "language": "en", 
   "lines": [
    "to"
   ]
  }, 
  {
   "begin": "19.000", 
   "end": "19.840", 
   "id": "f000036", 
   "language": "en", 
   "lines": [
    "be"
   ]
  }, 
  {
   "begin": "19.840", 
   "end": "20.160", 
   "id": "f000037", 
   "language": "en", 
   "lines": [
    "big!"
   ]
  }, 
  {
   "begin": "20.160", 
   "end": "20.240", 
   "id": "f000038", 
   "language": "en", 
   "lines": [
    "I"
   ]
  }, 
  {
   "begin": "20.240", 
   "end": "20.240", 
   "id": "f000039", 
   "language": "en", 
   "lines": [
    "want"
   ]
  }, 
  {
   "begin": "20.240", 
   "end": "20.560", 
   "id": "f000040", 
   "language": "en", 
   "lines": [
    "to"
   ]
  }, 
  {
   "begin": "20.560", 
   "end": "20.920", 
   "id": "f000041", 
   "language": "en", 
   "lines": [
    "be"
   ]
  }, 
  {
   "begin": "20.920", 
   "end": "21.200", 
   "id": "f000042", 
   "language": "en", 
   "lines": [
    "a"
   ]
  }, 
  {
   "begin": "21.200", 
   "end": "21.520", 
   "id": "f000043", 
   "language": "en", 
   "lines": [
    "baby"
   ]
  }, 
  {
   "begin": "21.520", 
   "end": "21.760", 
   "id": "f000044", 
   "language": "en", 
   "lines": [
    "and"
   ]
  }, 
  {
   "begin": "21.760", 
   "end": "21.760", 
   "id": "f000045", 
   "language": "en", 
   "lines": [
    "I"
   ]
  }, 
  {
   "begin": "21.760", 
   "end": "22.200", 
   "id": "f000046", 
   "language": "en", 
   "lines": [
    "want"
   ]
  }, 
  {
   "begin": "22.200", 
   "end": "22.680", 
   "id": "f000047", 
   "language": "en", 
   "lines": [
    "to"
   ]
  }, 
  {
   "begin": "22.680", 
   "end": "22.760", 
   "id": "f000048", 
   "language": "en", 
   "lines": [
    "sleep"
   ]
  }, 
  {
   "begin": "22.760", 
   "end": "22.760", 
   "id": "f000049", 
   "language": "en", 
   "lines": [
    "in"
   ]
  }, 
  {
   "begin": "22.760", 
   "end": "23.520", 
   "id": "f000050", 
   "language": "en", 
   "lines": [
    "your"
   ]
  }, 
  {
   "begin": "23.520", 
   "end": "23.600", 
   "id": "f000051", 
   "language": "en", 
   "lines": [
    "lap,"
   ]
  }, 
  {
   "begin": "23.600", 
   "end": "23.800", 
   "id": "f000052", 
   "language": "en", 
   "lines": [
    "and"
   ]
  }, 
  {
   "begin": "23.800", 
   "end": "24.320", 
   "id": "f000053", 
   "language": "en", 
   "lines": [
    "I"
   ]
  }, 
  {
   "begin": "24.320", 
   "end": "24.640", 
   "id": "f000054", 
   "language": "en", 
   "lines": [
    "want"
   ]
  }, 
  {
   "begin": "24.640", 
   "end": "25.280", 
   "id": "f000055", 
   "language": "en", 
   "lines": [
    "to"
   ]
  }, 
  {
   "begin": "25.280", 
   "end": "25.720", 
   "id": "f000056", 
   "language": "en", 
   "lines": [
    "drink"
   ]
  }, 
  {
   "begin": "25.720", 
   "end": "25.800", 
   "id": "f000057", 
   "language": "en", 
   "lines": [
    "milk"
   ]
  }, 
  {
   "begin": "25.800", 
   "end": "25.840", 
   "id": "f000058", 
   "language": "en", 
   "lines": [
    "with"
   ]
  }, 
  {
   "begin": "25.840", 
   "end": "25.840", 
   "id": "f000059", 
   "language": "en", 
   "lines": [
    "a"
   ]
  }, 
  {
   "begin": "25.840", 
   "end": "25.840", 
   "id": "f000060", 
   "language": "en", 
   "lines": [
    "spoon"
   ]
  }, 
  {
   "begin": "25.840", 
   "end": "25.840", 
   "id": "f000061", 
   "language": "en", 
   "lines": [
    "and"
   ]
  }, 
  {
   "begin": "25.840", 
   "end": "26.080", 
   "id": "f000062", 
   "language": "en", 
   "lines": [
    "I"
   ]
  }, 
  {
   "begin": "26.080", 
   "end": "26.560", 
   "id": "f000063", 
   "language": "en", 
   "lines": [
    "want"
   ]
  }, 
  {
   "begin": "26.560", 
   "end": "26.760", 
   "id": "f000064", 
   "language": "en", 
   "lines": [
    "to"
   ]
  }, 
  {
   "begin": "26.760", 
   "end": "26.760", 
   "id": "f000065", 
   "language": "en", 
   "lines": [
    "sit"
   ]
  }, 
  {
   "begin": "26.760", 
   "end": "26.760", 
   "id": "f000066", 
   "language": "en", 
   "lines": [
    "on"
   ]
  }, 
  {
   "begin": "26.760", 
   "end": "26.880", 
   "id": "f000067", 
   "language": "en", 
   "lines": [
    "Baba\u2019s"
   ]
  }, 
  {
   "begin": "26.880", 
   "end": "27.160", 
   "id": "f000068", 
   "language": "en", 
   "lines": [
    "shoulders"
   ]
  }, 
  {
   "begin": "27.160", 
   "end": "27.200", 
   "id": "f000069", 
   "language": "en", 
   "lines": [
    "and"
   ]
  }, 
  {
   "begin": "27.200", 
   "end": "28.280", 
   "id": "f000070", 
   "language": "en", 
   "lines": [
    "go"
   ]
  }, 
  {
   "begin": "28.280", 
   "end": "28.720", 
   "id": "f000071", 
   "language": "en", 
   "lines": [
    "out"
   ]
  }, 
  {
   "begin": "28.720", 
   "end": "28.760", 
   "id": "f000072", 
   "language": "en", 
   "lines": [
    "and...\u201d"
   ]
  }, 
  {
   "begin": "28.760", 
   "end": "29.560", 
   "id": "f000073", 
   "language": "en", 
   "lines": [
    "&nbsp;"
   ]
  }, 
  {
   "begin": "29.560", 
   "end": "30.000", 
   "id": "f000074", 
   "language": "en", 
   "lines": [
    "Anu"
   ]
  }, 
  {
   "begin": "30.000", 
   "end": "30.440", 
   "id": "f000075", 
   "language": "en", 
   "lines": [
    "muttered"
   ]
  }, 
  {
   "begin": "30.440", 
   "end": "31.800", 
   "id": "f000076", 
   "language": "en", 
   "lines": [
    "all"
   ]
  }, 
  {
   "begin": "31.800", 
   "end": "32.000", 
   "id": "f000077", 
   "language": "en", 
   "lines": [
    "the"
   ]
  }, 
  {
   "begin": "32.000", 
   "end": "32.280", 
   "id": "f000078", 
   "language": "en", 
   "lines": [
    "way"
   ]
  }, 
  {
   "begin": "32.280", 
   "end": "32.600", 
   "id": "f000079", 
   "language": "en", 
   "lines": [
    "home."
   ]
  }
 ]
}