{
 "fragments": [
  {
   "begin": "0.000",
   "end": "0.480",
   "id": "f000001",
   "language": "en",
   "lines": [
    "The"
   ]
  },
  {
   "begin": "0.480",
   "end": "1.280",
   "id": "f000002",
   "language": "en",
   "lines": [
    "baby"
   ]
  },
  {
   "begin": "1.280",
   "end": "1.560",
   "id": "f000003",
   "language": "en",
   "lines": [
    "was"
   ]
  },
  {
   "begin": "1.560",
   "end": "3.600",
   "id": "f000004",
   "language": "en",
   "lines": [
    "still"
   ]
  },
  {
   "begin": "3.600",
   "end": "5.840",
   "id": "f000005",
   "language": "en",
   "lines": [
    "wailing."
   ]
  },
  {
   "begin": "5.840",
   "end": "9.080",
   "id": "f000006",
   "language": "en",
   "lines": [
    "\u201cWaah... Waah...\u201d"
   ]
  },
  {
   "begin": "9.080",
   "end": "10.720",
   "id": "f000007",
   "language": "en",
   "lines": [
    "\u201cOh"
   ]
  },
  {
   "begin": "10.720",
   "end": "11.880",
   "id": "f000008",
   "language": "en",
   "lines": [
    "dear!\u201d"
   ]
  },
  {
   "begin": "11.880",
   "end": "12.280",
   "id": "f000009",
   "language": "en",
   "lines": [
    "said"
   ]
  },
  {
   "begin": "12.280",
   "end": "12.840",
   "id": "f000010",
   "language": "en",
   "lines": [
    "Aunty."
   ]
  },
  {
   "begin": "12.840",
   "end": "14.040",
   "id": "f000011",
   "language": "en",
   "lines": [
    "\u201cI"
   ]
  },
  {
   "begin": "14.040",
   "end": "14.440",
   "id": "f000012",
   "language": "en",
   "lines": [
    "think"
   ]
  },
  {
   "begin": "14.440",
   "end": "14.640",
   "id": "f000013",
   "language": "en",
   "lines": [
    "she\u2019s"
   ]
  },
  {
   "begin": "14.640",
   "end": "15.000",
   "id": "f000014",
   "language": "en",
   "lines": [
    "soiled"
   ]
  },
  {
   "begin": "15.000",
   "end": "15.600",
   "id": "f000015",
   "language": "en",
   "lines": [
    "her"
   ]
  },
  {
   "begin": "15.600",
   "end": "17.280",
   "id": "f000016",
   "language": "en",
   "lines": [
    "nappy.\u201d"
   ]
  },
  {
   "begin": "17.280",
   "end": "17.520",
   "id": "f000017",
   "language": "en",
   "lines": [
    "She"
   ]
  },
  {
   "begin": "17.520",
   "end": "17.840",
   "id": "f000018",
   "language": "en",
   "lines": [
    "cleaned"
   ]
  },
  {
   "begin": "17.840",
   "end": "18.000",
   "id": "f000019",
   "language": "en",
   "lines": [
    "the"
   ]
  },
  {
   "begin": "18.000",
   "end": "18.800",
   "id": "f000020",
   "language": "en",
   "lines": [
    "baby"
   ]
  },
  {
   "begin": "18.800",
   "end": "18.960",
   "id": "f000021",
   "language": "en",
   "lines": [
    "and"
   ]
  },
  {
   "begin": "18.960",
   "end": "19.400",
   "id": "f000022",
   "language": "en",
   "lines": [
    "changed"
   ]
  },
  {
   "begin": "19.400",
   "end": "19.680",
   "id": "f000023",
   "language": "en",
   "lines": [
    "her"
   ]
  },
  {
   "begin": "19.680",
   "end": "21.160",
   "id": "f000024",
   "language": "en",
   "lines": [
    "nappy."
   ]
  },
  {
   "begin": "21.160",
   "end": "21.320",
   "id": "f000025",
   "language": "en",
   "lines": [
    "The"
   ]
  },
  {
   "begin": "21.320",
   "end": "22.040",
   "id": "f000026",
   "language": "en",
   "lines": [
    "baby"
   ]
  },
  {
   "begin": "22.040",
   "end": "22.880",
   "id": "f000027",
   "language": "en",
   "lines": [
    "gurgled"
   ]
  },
  {
   "begin": "22.880",
   "end": "23.680",
   "id": "f000028",
   "language": "en",
   "lines": [
    "happily."
   ]
  }
 ]
}