{
 "fragments": [
  {
   "begin": "0.000", 
   "end": "0.480", 
   "id": "f000001", 
   "language": "en", 
   "lines": [
    "Anu"
   ]
  }, 
  {
   "begin": "0.480", 
   "end": "1.080", 
   "id": "f000002", 
   "language": "en", 
   "lines": [
    "crawled"
   ]
  }, 
  {
   "begin": "1.080", 
   "end": "1.400", 
   "id": "f000003", 
   "language": "en", 
   "lines": [
    "all"
   ]
  }, 
  {
   "begin": "1.400", 
   "end": "1.640", 
   "id": "f000004", 
   "language": "en", 
   "lines": [
    "over"
   ]
  }, 
  {
   "begin": "1.640", 
   "end": "1.760", 
   "id": "f000005", 
   "language": "en", 
   "lines": [
    "the"
   ]
  }, 
  {
   "begin": "1.760", 
   "end": "3.480", 
   "id": "f000006", 
   "language": "en", 
   "lines": [
    "house."
   ]
  }, 
  {
   "begin": "3.480", 
   "end": "3.760", 
   "id": "f000007", 
   "language": "en", 
   "lines": [
    "She"
   ]
  }, 
  {
   "begin": "3.760", 
   "end": "4.240", 
   "id": "f000008", 
   "language": "en", 
   "lines": [
    "balanced"
   ]
  }, 
  {
   "begin": "4.240", 
   "end": "4.480", 
   "id": "f000009", 
   "language": "en", 
   "lines": [
    "the"
   ]
  }, 
  {
   "begin": "4.480", 
   "end": "4.800", 
   "id": "f000010", 
   "language": "en", 
   "lines": [
    "ball"
   ]
  }, 
  {
   "begin": "4.800", 
   "end": "5.000", 
   "id": "f000011", 
   "language": "en", 
   "lines": [
    "on"
   ]
  }, 
  {
   "begin": "5.000", 
   "end": "5.160", 
   "id": "f000012", 
   "language": "en", 
   "lines": [
    "her"
   ]
  }, 
  {
   "begin": "5.160", 
   "end": "5.800", 
   "id": "f000013", 
   "language": "en", 
   "lines": [
    "head"
   ]
  }, 
  {
   "begin": "5.800", 
   "end": "6.000", 
   "id": "f000014", 
   "language": "en", 
   "lines": [
    "and"
   ]
  }, 
  {
   "begin": "6.000", 
   "end": "6.440", 
   "id": "f000015", 
   "language": "en", 
   "lines": [
    "wandered"
   ]
  }, 
  {
   "begin": "6.440", 
   "end": "6.920", 
   "id": "f000016", 
   "language": "en", 
   "lines": [
    "around,"
   ]
  }, 
  {
   "begin": "6.920", 
   "end": "7.720", 
   "id": "f000017", 
   "language": "en", 
   "lines": [
    "calling,"
   ]
  }, 
  {
   "begin": "7.720", 
   "end": "9.400", 
   "id": "f000018", 
   "language": "en", 
   "lines": [
    "\u2018Curd!"
   ]
  }, 
  {
   "begin": "9.400", 
   "end": "9.840", 
   "id": "f000019", 
   "language": "en", 
   "lines": [
    "Fresh"
   ]
  }, 
  {
   "begin": "9.840", 
   "end": "11.160", 
   "id": "f000020", 
   "language": "en", 
   "lines": [
    "curd!\u2019"
   ]
  }, 
  {
   "begin": "11.160", 
   "end": "11.400", 
   "id": "f000021", 
   "language": "en", 
   "lines": [
    "She"
   ]
  }, 
  {
   "begin": "11.400", 
   "end": "11.680", 
   "id": "f000022", 
   "language": "en", 
   "lines": [
    "played"
   ]
  }, 
  {
   "begin": "11.680", 
   "end": "11.760", 
   "id": "f000023", 
   "language": "en", 
   "lines": [
    "with"
   ]
  }, 
  {
   "begin": "11.760", 
   "end": "11.960", 
   "id": "f000024", 
   "language": "en", 
   "lines": [
    "the"
   ]
  }, 
  {
   "begin": "11.960", 
   "end": "13.080", 
   "id": "f000025", 
   "language": "en", 
   "lines": [
    "rattle:"
   ]
  }, 
  {
   "begin": "13.080", 
   "end": "14.440", 
   "id": "f000026", 
   "language": "en", 
   "lines": [
    "rat-a-tat-tat."
   ]
  }
 ]
}