{
 "fragments": [
  {
   "begin": "0.000", 
   "end": "0.160", 
   "id": "f000001", 
   "language": "en", 
   "lines": [
    "The"
   ]
  }, 
  {
   "begin": "0.160", 
   "end": "0.640", 
   "id": "f000002", 
   "language": "en", 
   "lines": [
    "next"
   ]
  }, 
  {
   "begin": "0.640", 
   "end": "1.360", 
   "id": "f000003", 
   "language": "en", 
   "lines": [
    "day"
   ]
  }, 
  {
   "begin": "1.360", 
   "end": "1.720", 
   "id": "f000004", 
   "language": "en", 
   "lines": [
    "Aai"
   ]
  }, 
  {
   "begin": "1.720", 
   "end": "2.040", 
   "id": "f000005", 
   "language": "en", 
   "lines": [
    "said,"
   ]
  }, 
  {
   "begin": "2.040", 
   "end": "4.040", 
   "id": "f000006", 
   "language": "en", 
   "lines": [
    "\u201dAnu,"
   ]
  }, 
  {
   "begin": "4.040", 
   "end": "4.360", 
   "id": "f000007", 
   "language": "en", 
   "lines": [
    "let\u2019s"
   ]
  }, 
  {
   "begin": "4.360", 
   "end": "4.480", 
   "id": "f000008", 
   "language": "en", 
   "lines": [
    "give"
   ]
  }, 
  {
   "begin": "4.480", 
   "end": "4.800", 
   "id": "f000009", 
   "language": "en", 
   "lines": [
    "your"
   ]
  }, 
  {
   "begin": "4.800", 
   "end": "5.160", 
   "id": "f000010", 
   "language": "en", 
   "lines": [
    "small"
   ]
  }, 
  {
   "begin": "5.160", 
   "end": "5.800", 
   "id": "f000011", 
   "language": "en", 
   "lines": [
    "clothes,"
   ]
  }, 
  {
   "begin": "5.800", 
   "end": "6.560", 
   "id": "f000012", 
   "language": "en", 
   "lines": [
    "toys"
   ]
  }, 
  {
   "begin": "6.560", 
   "end": "6.760", 
   "id": "f000013", 
   "language": "en", 
   "lines": [
    "and"
   ]
  }, 
  {
   "begin": "6.760", 
   "end": "7.240", 
   "id": "f000014", 
   "language": "en", 
   "lines": [
    "cradle"
   ]
  }, 
  {
   "begin": "7.240", 
   "end": "7.440", 
   "id": "f000015", 
   "language": "en", 
   "lines": [
    "to"
   ]
  }, 
  {
   "begin": "7.440", 
   "end": "7.760", 
   "id": "f000016", 
   "language": "en", 
   "lines": [
    "Aunty"
   ]
  }, 
  {
   "begin": "7.760", 
   "end": "8.200", 
   "id": "f000017", 
   "language": "en", 
   "lines": [
    "Jui\u2019s"
   ]
  }, 
  {
   "begin": "8.200", 
   "end": "8.800", 
   "id": "f000018", 
   "language": "en", 
   "lines": [
    "baby,"
   ]
  }, 
  {
   "begin": "8.800", 
   "end": "9.120", 
   "id": "f000019", 
   "language": "en", 
   "lines": [
    "shall"
   ]
  }, 
  {
   "begin": "9.120", 
   "end": "9.560", 
   "id": "f000020", 
   "language": "en", 
   "lines": [
    "we?\u201d"
   ]
  }
 ]
}