{
 "fragments": [
  {
   "begin": "0.000", 
   "end": "0.520", 
   "id": "f000001", 
   "language": "en", 
   "lines": [
    "Just"
   ]
  }, 
  {
   "begin": "0.520", 
   "end": "0.960", 
   "id": "f000002", 
   "language": "en", 
   "lines": [
    "then"
   ]
  }, 
  {
   "begin": "0.960", 
   "end": "1.440", 
   "id": "f000003", 
   "language": "en", 
   "lines": [
    "they"
   ]
  }, 
  {
   "begin": "1.440", 
   "end": "1.760", 
   "id": "f000004", 
   "language": "en", 
   "lines": [
    "heard"
   ]
  }, 
  {
   "begin": "1.760", 
   "end": "1.880", 
   "id": "f000005", 
   "language": "en", 
   "lines": [
    "a"
   ]
  }, 
  {
   "begin": "1.880", 
   "end": "2.160", 
   "id": "f000006", 
   "language": "en", 
   "lines": [
    "thin"
   ]
  }, 
  {
   "begin": "2.160", 
   "end": "2.680", 
   "id": "f000007", 
   "language": "en", 
   "lines": [
    "wail...\n"
   ]
  }, 
  {
   "begin": "2.680", 
   "end": "4.040", 
   "id": "f000008", 
   "language": "en", 
   "lines": [
    "\u201cShe"
   ]
  }, 
  {
   "begin": "4.040", 
   "end": "4.160", 
   "id": "f000009", 
   "language": "en", 
   "lines": [
    "is"
   ]
  }, 
  {
   "begin": "4.160", 
   "end": "4.400", 
   "id": "f000010", 
   "language": "en", 
   "lines": [
    "up,\u201d"
   ]
  }, 
  {
   "begin": "4.400", 
   "end": "5.720", 
   "id": "f000011", 
   "language": "en", 
   "lines": [
    "said"
   ]
  }, 
  {
   "begin": "5.720", 
   "end": "6.840", 
   "id": "f000012", 
   "language": "en", 
   "lines": [
    "Aunty,"
   ]
  }, 
  {
   "begin": "6.840", 
   "end": "7.280", 
   "id": "f000013", 
   "language": "en", 
   "lines": [
    "and"
   ]
  }, 
  {
   "begin": "7.280", 
   "end": "7.440", 
   "id": "f000014", 
   "language": "en", 
   "lines": [
    "gave"
   ]
  }, 
  {
   "begin": "7.440", 
   "end": "7.640", 
   "id": "f000015", 
   "language": "en", 
   "lines": [
    "the"
   ]
  }, 
  {
   "begin": "7.640", 
   "end": "7.800", 
   "id": "f000016", 
   "language": "en", 
   "lines": [
    "baby"
   ]
  }, 
  {
   "begin": "7.800", 
   "end": "8.000", 
   "id": "f000017", 
   "language": "en", 
   "lines": [
    "to"
   ]
  }, 
  {
   "begin": "8.000", 
   "end": "8.000", 
   "id": "f000018", 
   "language": "en", 
   "lines": [
    "Aai."
   ]
  }, 
  {
   "begin": "8.000", 
   "end": "8.280", 
   "id": "f000019", 
   "language": "en", 
   "lines": [
    "\u201cI"
   ]
  }, 
  {
   "begin": "8.280", 
   "end": "8.480", 
   "id": "f000020", 
   "language": "en", 
   "lines": [
    "want"
   ]
  }, 
  {
   "begin": "8.480", 
   "end": "8.480", 
   "id": "f000021", 
   "language": "en", 
   "lines": [
    "to"
   ]
  }, 
  {
   "begin": "8.480", 
   "end": "10.360", 
   "id": "f000022", 
   "language": "en", 
   "lines": [
    "hold"
   ]
  }, 
  {
   "begin": "10.360", 
   "end": "10.800", 
   "id": "f000023", 
   "language": "en", 
   "lines": [
    "the"
   ]
  }, 
  {
   "begin": "10.800", 
   "end": "11.480", 
   "id": "f000024", 
   "language": "en", 
   "lines": [
    "baby,\u201d"
   ]
  }, 
  {
   "begin": "11.480", 
   "end": "12.840", 
   "id": "f000025", 
   "language": "en", 
   "lines": [
    "said"
   ]
  }, 
  {
   "begin": "12.840", 
   "end": "13.360", 
   "id": "f000026", 
   "language": "en", 
   "lines": [
    "Anu."
   ]
  }, 
  {
   "begin": "13.360", 
   "end": "14.800", 
   "id": "f000027", 
   "language": "en", 
   "lines": [
    "\u201cOh"
   ]
  }, 
  {
   "begin": "14.800", 
   "end": "15.200", 
   "id": "f000028", 
   "language": "en", 
   "lines": [
    "no,"
   ]
  }, 
  {
   "begin": "15.200", 
   "end": "15.560", 
   "id": "f000029", 
   "language": "en", 
   "lines": [
    "Anu."
   ]
  }, 
  {
   "begin": "15.560", 
   "end": "16.040", 
   "id": "f000030", 
   "language": "en", 
   "lines": [
    "You"
   ]
  }, 
  {
   "begin": "16.040", 
   "end": "16.600", 
   "id": "f000031", 
   "language": "en", 
   "lines": [
    "won\u2019t"
   ]
  }, 
  {
   "begin": "16.600", 
   "end": "16.880", 
   "id": "f000032", 
   "language": "en", 
   "lines": [
    "be"
   ]
  }, 
  {
   "begin": "16.880", 
   "end": "17.040", 
   "id": "f000033", 
   "language": "en", 
   "lines": [
    "able"
   ]
  }, 
  {
   "begin": "17.040", 
   "end": "17.080", 
   "id": "f000034", 
   "language": "en", 
   "lines": [
    "to."
   ]
  }, 
  {
   "begin": "17.080", 
   "end": "17.920", 
   "id": "f000035", 
   "language": "en", 
   "lines": [
    "You\u2019re"
   ]
  }, 
  {
   "begin": "17.920", 
   "end": "17.960", 
   "id": "f000036", 
   "language": "en", 
   "lines": [
    "much"
   ]
  }, 
  {
   "begin": "17.960", 
   "end": "18.520", 
   "id": "f000037", 
   "language": "en", 
   "lines": [
    "too"
   ]
  }, 
  {
   "begin": "18.520", 
   "end": "18.640", 
   "id": "f000038", 
   "language": "en", 
   "lines": [
    "small,\u201d"
   ]
  }, 
  {
   "begin": "18.640", 
   "end": "19.120", 
   "id": "f000039", 
   "language": "en", 
   "lines": [
    "said"
   ]
  }, 
  {
   "begin": "19.120", 
   "end": "19.600", 
   "id": "f000040", 
   "language": "en", 
   "lines": [
    "Aai."
   ]
  }, 
  {
   "begin": "19.600", 
   "end": "20.840", 
   "id": "f000041", 
   "language": "en", 
   "lines": [
    "\u201cBut"
   ]
  }, 
  {
   "begin": "20.840", 
   "end": "22.400", 
   "id": "f000042", 
   "language": "en", 
   "lines": [
    "I\u2019m"
   ]
  }, 
  {
   "begin": "22.400", 
   "end": "23.040", 
   "id": "f000043", 
   "language": "en", 
   "lines": [
    "her"
   ]
  }, 
  {
   "begin": "23.040", 
   "end": "23.360", 
   "id": "f000044", 
   "language": "en", 
   "lines": [
    "big"
   ]
  }, 
  {
   "begin": "23.360", 
   "end": "24.800", 
   "id": "f000045", 
   "language": "en", 
   "lines": [
    "sister,\u201d"
   ]
  }, 
  {
   "begin": "24.800", 
   "end": "25.240", 
   "id": "f000046", 
   "language": "en", 
   "lines": [
    "said"
   ]
  }, 
  {
   "begin": "25.240", 
   "end": "26.080", 
   "id": "f000047", 
   "language": "en", 
   "lines": [
    "Anu."
   ]
  }
 ]
}