{
 "fragments": [
  {
   "begin": "0.000", 
   "end": "0.320", 
   "id": "f000001", 
   "language": "en", 
   "lines": [
    "If"
   ]
  }, 
  {
   "begin": "0.320", 
   "end": "0.520", 
   "id": "f000002", 
   "language": "en", 
   "lines": [
    "I"
   ]
  }, 
  {
   "begin": "0.520", 
   "end": "0.800", 
   "id": "f000003", 
   "language": "en", 
   "lines": [
    "just"
   ]
  }, 
  {
   "begin": "0.800", 
   "end": "0.880", 
   "id": "f000004", 
   "language": "en", 
   "lines": [
    "pee"
   ]
  }, 
  {
   "begin": "0.880", 
   "end": "1.160", 
   "id": "f000005", 
   "language": "en", 
   "lines": [
    "in"
   ]
  }, 
  {
   "begin": "1.160", 
   "end": "1.440", 
   "id": "f000006", 
   "language": "en", 
   "lines": [
    "my"
   ]
  }, 
  {
   "begin": "1.440", 
   "end": "2.000", 
   "id": "f000007", 
   "language": "en", 
   "lines": [
    "underwear"
   ]
  }, 
  {
   "begin": "2.000", 
   "end": "2.480", 
   "id": "f000008", 
   "language": "en", 
   "lines": [
    "by"
   ]
  }, 
  {
   "begin": "2.480", 
   "end": "3.280", 
   "id": "f000009", 
   "language": "en", 
   "lines": [
    "mistake,"
   ]
  }, 
  {
   "begin": "3.280", 
   "end": "3.720", 
   "id": "f000010", 
   "language": "en", 
   "lines": [
    "Aai"
   ]
  }, 
  {
   "begin": "3.720", 
   "end": "4.360", 
   "id": "f000011", 
   "language": "en", 
   "lines": [
    "glares"
   ]
  }, 
  {
   "begin": "4.360", 
   "end": "4.640", 
   "id": "f000012", 
   "language": "en", 
   "lines": [
    "at"
   ]
  }, 
  {
   "begin": "4.640", 
   "end": "5.320", 
   "id": "f000013", 
   "language": "en", 
   "lines": [
    "me."
   ]
  }, 
  {
   "begin": "5.320", 
   "end": "5.560", 
   "id": "f000014", 
   "language": "en", 
   "lines": [
    "But"
   ]
  }, 
  {
   "begin": "5.560", 
   "end": "5.920", 
   "id": "f000015", 
   "language": "en", 
   "lines": [
    "now"
   ]
  }, 
  {
   "begin": "5.920", 
   "end": "6.160", 
   "id": "f000016", 
   "language": "en", 
   "lines": [
    "look"
   ]
  }, 
  {
   "begin": "6.160", 
   "end": "6.280", 
   "id": "f000017", 
   "language": "en", 
   "lines": [
    "at"
   ]
  }, 
  {
   "begin": "6.280", 
   "end": "6.720", 
   "id": "f000018", 
   "language": "en", 
   "lines": [
    "her"
   ]
  }, 
  {
   "begin": "6.720", 
   "end": "7.160", 
   "id": "f000019", 
   "language": "en", 
   "lines": [
    "doing"
   ]
  }, 
  {
   "begin": "7.160", 
   "end": "7.320", 
   "id": "f000020", 
   "language": "en", 
   "lines": [
    "\u2018kootchie-coo!\u2019"
   ]
  }, 
  {
   "begin": "7.320", 
   "end": "7.560", 
   "id": "f000021", 
   "language": "en", 
   "lines": [
    "to"
   ]
  }, 
  {
   "begin": "7.560", 
   "end": "7.840", 
   "id": "f000022", 
   "language": "en", 
   "lines": [
    "the"
   ]
  }, 
  {
   "begin": "7.840", 
   "end": "9.240", 
   "id": "f000023", 
   "language": "en", 
   "lines": [
    "baby!"
   ]
  }, 
  {
   "begin": "9.240", 
   "end": "9.640", 
   "id": "f000024", 
   "language": "en", 
   "lines": [
    "Wait"
   ]
  }, 
  {
   "begin": "9.640", 
   "end": "9.840", 
   "id": "f000025", 
   "language": "en", 
   "lines": [
    "till"
   ]
  }, 
  {
   "begin": "9.840", 
   "end": "10.040", 
   "id": "f000026", 
   "language": "en", 
   "lines": [
    "I"
   ]
  }, 
  {
   "begin": "10.040", 
   "end": "10.200", 
   "id": "f000027", 
   "language": "en", 
   "lines": [
    "get"
   ]
  }, 
  {
   "begin": "10.200", 
   "end": "11.160", 
   "id": "f000028", 
   "language": "en", 
   "lines": [
    "home."
   ]
  }, 
  {
   "begin": "11.160", 
   "end": "11.440", 
   "id": "f000029", 
   "language": "en", 
   "lines": [
    "I\u2019ll"
   ]
  }, 
  {
   "begin": "11.440", 
   "end": "11.760", 
   "id": "f000030", 
   "language": "en", 
   "lines": [
    "tell"
   ]
  }, 
  {
   "begin": "11.760", 
   "end": "12.560", 
   "id": "f000031", 
   "language": "en", 
   "lines": [
    "Baba"
   ]
  }, 
  {
   "begin": "12.560", 
   "end": "12.880", 
   "id": "f000032", 
   "language": "en", 
   "lines": [
    "how"
   ]
  }, 
  {
   "begin": "12.880", 
   "end": "13.480", 
   "id": "f000033", 
   "language": "en", 
   "lines": [
    "unfair"
   ]
  }, 
  {
   "begin": "13.480", 
   "end": "13.840", 
   "id": "f000034", 
   "language": "en", 
   "lines": [
    "Aai"
   ]
  }, 
  {
   "begin": "13.840", 
   "end": "14.440", 
   "id": "f000035", 
   "language": "en", 
   "lines": [
    "is."
   ]
  }
 ]
}