{
 "fragments": [
  {
   "begin": "0.000", 
   "end": "0.480", 
   "id": "f000001", 
   "language": "en", 
   "lines": [
    "Anu"
   ]
  }, 
  {
   "begin": "0.480", 
   "end": "0.960", 
   "id": "f000002", 
   "language": "en", 
   "lines": [
    "climbed"
   ]
  }, 
  {
   "begin": "0.960", 
   "end": "1.240", 
   "id": "f000003", 
   "language": "en", 
   "lines": [
    "into"
   ]
  }, 
  {
   "begin": "1.240", 
   "end": "1.400", 
   "id": "f000004", 
   "language": "en", 
   "lines": [
    "the"
   ]
  }, 
  {
   "begin": "1.400", 
   "end": "2.640", 
   "id": "f000005", 
   "language": "en", 
   "lines": [
    "cradle."
   ]
  }, 
  {
   "begin": "2.640", 
   "end": "3.000", 
   "id": "f000006", 
   "language": "en", 
   "lines": [
    "She"
   ]
  }, 
  {
   "begin": "3.000", 
   "end": "3.240", 
   "id": "f000007", 
   "language": "en", 
   "lines": [
    "wanted"
   ]
  }, 
  {
   "begin": "3.240", 
   "end": "3.400", 
   "id": "f000008", 
   "language": "en", 
   "lines": [
    "to"
   ]
  }, 
  {
   "begin": "3.400", 
   "end": "3.680", 
   "id": "f000009", 
   "language": "en", 
   "lines": [
    "lie"
   ]
  }, 
  {
   "begin": "3.680", 
   "end": "4.360", 
   "id": "f000010", 
   "language": "en", 
   "lines": [
    "down"
   ]
  }, 
  {
   "begin": "4.360", 
   "end": "4.520", 
   "id": "f000011", 
   "language": "en", 
   "lines": [
    "and"
   ]
  }, 
  {
   "begin": "4.520", 
   "end": "4.760", 
   "id": "f000012", 
   "language": "en", 
   "lines": [
    "suck"
   ]
  }, 
  {
   "begin": "4.760", 
   "end": "5.000", 
   "id": "f000013", 
   "language": "en", 
   "lines": [
    "her"
   ]
  }, 
  {
   "begin": "5.000", 
   "end": "6.160", 
   "id": "f000014", 
   "language": "en", 
   "lines": [
    "thumb."
   ]
  }, 
  {
   "begin": "6.160", 
   "end": "6.320", 
   "id": "f000015", 
   "language": "en", 
   "lines": [
    "But"
   ]
  }, 
  {
   "begin": "6.320", 
   "end": "6.600", 
   "id": "f000016", 
   "language": "en", 
   "lines": [
    "she"
   ]
  }, 
  {
   "begin": "6.600", 
   "end": "6.960", 
   "id": "f000017", 
   "language": "en", 
   "lines": [
    "didn\u2019t"
   ]
  }, 
  {
   "begin": "6.960", 
   "end": "8.120", 
   "id": "f000018", 
   "language": "en", 
   "lines": [
    "fit!"
   ]
  }, 
  {
   "begin": "8.120", 
   "end": "8.480", 
   "id": "f000019", 
   "language": "en", 
   "lines": [
    "Her"
   ]
  }, 
  {
   "begin": "8.480", 
   "end": "8.720", 
   "id": "f000020", 
   "language": "en", 
   "lines": [
    "feet"
   ]
  }, 
  {
   "begin": "8.720", 
   "end": "8.960", 
   "id": "f000021", 
   "language": "en", 
   "lines": [
    "stuck"
   ]
  }, 
  {
   "begin": "8.960", 
   "end": "9.480", 
   "id": "f000022", 
   "language": "en", 
   "lines": [
    "out"
   ]
  }, 
  {
   "begin": "9.480", 
   "end": "9.560", 
   "id": "f000023", 
   "language": "en", 
   "lines": [
    "at"
   ]
  }, 
  {
   "begin": "9.560", 
   "end": "9.880", 
   "id": "f000024", 
   "language": "en", 
   "lines": [
    "one"
   ]
  }, 
  {
   "begin": "9.880", 
   "end": "10.600", 
   "id": "f000025", 
   "language": "en", 
   "lines": [
    "end,"
   ]
  }, 
  {
   "begin": "10.600", 
   "end": "10.760", 
   "id": "f000026", 
   "language": "en", 
   "lines": [
    "and"
   ]
  }, 
  {
   "begin": "10.760", 
   "end": "10.960", 
   "id": "f000027", 
   "language": "en", 
   "lines": [
    "she"
   ]
  }, 
  {
   "begin": "10.960", 
   "end": "11.400", 
   "id": "f000028", 
   "language": "en", 
   "lines": [
    "couldn\u2019t"
   ]
  }, 
  {
   "begin": "11.400", 
   "end": "11.600", 
   "id": "f000029", 
   "language": "en", 
   "lines": [
    "keep"
   ]
  }, 
  {
   "begin": "11.600", 
   "end": "11.840", 
   "id": "f000030", 
   "language": "en", 
   "lines": [
    "her"
   ]
  }, 
  {
   "begin": "11.840", 
   "end": "12.320", 
   "id": "f000031", 
   "language": "en", 
   "lines": [
    "arms"
   ]
  }, 
  {
   "begin": "12.320", 
   "end": "13.480", 
   "id": "f000032", 
   "language": "en", 
   "lines": [
    "straight."
   ]
  }, 
  {
   "begin": "13.480", 
   "end": "13.640", 
   "id": "f000033", 
   "language": "en", 
   "lines": [
    "The"
   ]
  }, 
  {
   "begin": "13.640", 
   "end": "13.960", 
   "id": "f000034", 
   "language": "en", 
   "lines": [
    "tight"
   ]
  }, 
  {
   "begin": "13.960", 
   "end": "14.280", 
   "id": "f000035", 
   "language": "en", 
   "lines": [
    "little"
   ]
  }, 
  {
   "begin": "14.280", 
   "end": "14.960", 
   "id": "f000036", 
   "language": "en", 
   "lines": [
    "frock"
   ]
  }, 
  {
   "begin": "14.960", 
   "end": "15.360", 
   "id": "f000037", 
   "language": "en", 
   "lines": [
    "began"
   ]
  }, 
  {
   "begin": "15.360", 
   "end": "15.560", 
   "id": "f000038", 
   "language": "en", 
   "lines": [
    "to"
   ]
  }, 
  {
   "begin": "15.560", 
   "end": "17.440", 
   "id": "f000039", 
   "language": "en", 
   "lines": [
    "pinch."
   ]
  }, 
  {
   "begin": "17.440", 
   "end": "17.760", 
   "id": "f000040", 
   "language": "en", 
   "lines": [
    "Anu"
   ]
  }, 
  {
   "begin": "17.760", 
   "end": "18.120", 
   "id": "f000041", 
   "language": "en", 
   "lines": [
    "was"
   ]
  }, 
  {
   "begin": "18.120", 
   "end": "18.320", 
   "id": "f000042", 
   "language": "en", 
   "lines": [
    "fed"
   ]
  }, 
  {
   "begin": "18.320", 
   "end": "18.600", 
   "id": "f000043", 
   "language": "en", 
   "lines": [
    "up."
   ]
  }, 
  {
   "begin": "18.600", 
   "end": "19.480", 
   "id": "f000044", 
   "language": "en", 
   "lines": [
    "This"
   ]
  }, 
  {
   "begin": "19.480", 
   "end": "19.760", 
   "id": "f000045", 
   "language": "en", 
   "lines": [
    "was"
   ]
  }, 
  {
   "begin": "19.760", 
   "end": "20.080", 
   "id": "f000046", 
   "language": "en", 
   "lines": [
    "no"
   ]
  }, 
  {
   "begin": "20.080", 
   "end": "20.440", 
   "id": "f000047", 
   "language": "en", 
   "lines": [
    "fun"
   ]
  }, 
  {
   "begin": "20.440", 
   "end": "20.480", 
   "id": "f000048", 
   "language": "en", 
   "lines": [
    "at"
   ]
  }, 
  {
   "begin": "20.480", 
   "end": "21.000", 
   "id": "f000049", 
   "language": "en", 
   "lines": [
    "all!"
   ]
  }
 ]
}