{
 "fragments": [
  {
   "begin": "0.000", 
   "end": "0.000", 
   "id": "f000001", 
   "language": "en", 
   "lines": [
    "Aai"
   ]
  }, 
  {
   "begin": "0.000", 
   "end": "1.160", 
   "id": "f000002", 
   "language": "en", 
   "lines": [
    "pulled"
   ]
  }, 
  {
   "begin": "1.160", 
   "end": "1.520", 
   "id": "f000003", 
   "language": "en", 
   "lines": [
    "Anu"
   ]
  }, 
  {
   "begin": "1.520", 
   "end": "2.120", 
   "id": "f000004", 
   "language": "en", 
   "lines": [
    "close."
   ]
  }, 
  {
   "begin": "2.120", 
   "end": "3.480", 
   "id": "f000005", 
   "language": "en", 
   "lines": [
    "\u201cThe"
   ]
  }, 
  {
   "begin": "3.480", 
   "end": "3.880", 
   "id": "f000006", 
   "language": "en", 
   "lines": [
    "baby"
   ]
  }, 
  {
   "begin": "3.880", 
   "end": "4.120", 
   "id": "f000007", 
   "language": "en", 
   "lines": [
    "is"
   ]
  }, 
  {
   "begin": "4.120", 
   "end": "4.560", 
   "id": "f000008", 
   "language": "en", 
   "lines": [
    "still"
   ]
  }, 
  {
   "begin": "4.560", 
   "end": "4.960", 
   "id": "f000009", 
   "language": "en", 
   "lines": [
    "very"
   ]
  }, 
  {
   "begin": "4.960", 
   "end": "5.520", 
   "id": "f000010", 
   "language": "en", 
   "lines": [
    "small,"
   ]
  }, 
  {
   "begin": "5.520", 
   "end": "6.360", 
   "id": "f000011", 
   "language": "en", 
   "lines": [
    "Anu."
   ]
  }, 
  {
   "begin": "6.360", 
   "end": "6.520", 
   "id": "f000012", 
   "language": "en", 
   "lines": [
    "You"
   ]
  }, 
  {
   "begin": "6.520", 
   "end": "6.840", 
   "id": "f000013", 
   "language": "en", 
   "lines": [
    "must"
   ]
  }, 
  {
   "begin": "6.840", 
   "end": "7.080", 
   "id": "f000014", 
   "language": "en", 
   "lines": [
    "not"
   ]
  }, 
  {
   "begin": "7.080", 
   "end": "7.760", 
   "id": "f000015", 
   "language": "en", 
   "lines": [
    "trouble"
   ]
  }, 
  {
   "begin": "7.760", 
   "end": "8.520", 
   "id": "f000016", 
   "language": "en", 
   "lines": [
    "her."
   ]
  }, 
  {
   "begin": "8.520", 
   "end": "8.920", 
   "id": "f000017", 
   "language": "en", 
   "lines": [
    "After"
   ]
  }, 
  {
   "begin": "8.920", 
   "end": "9.680", 
   "id": "f000018", 
   "language": "en", 
   "lines": [
    "all,"
   ]
  }, 
  {
   "begin": "9.680", 
   "end": "10.040", 
   "id": "f000019", 
   "language": "en", 
   "lines": [
    "you"
   ]
  }, 
  {
   "begin": "10.040", 
   "end": "10.320", 
   "id": "f000020", 
   "language": "en", 
   "lines": [
    "are"
   ]
  }, 
  {
   "begin": "10.320", 
   "end": "10.520", 
   "id": "f000021", 
   "language": "en", 
   "lines": [
    "her"
   ]
  }, 
  {
   "begin": "10.520", 
   "end": "10.560", 
   "id": "f000022", 
   "language": "en", 
   "lines": [
    "big"
   ]
  }, 
  {
   "begin": "10.560", 
   "end": "11.160", 
   "id": "f000023", 
   "language": "en", 
   "lines": [
    "sister!\u201d"
   ]
  }, 
  {
   "begin": "11.160", 
   "end": "12.600", 
   "id": "f000024", 
   "language": "en", 
   "lines": [
    "Big"
   ]
  }, 
  {
   "begin": "12.600", 
   "end": "13.040", 
   "id": "f000025", 
   "language": "en", 
   "lines": [
    "sister!"
   ]
  }, 
  {
   "begin": "13.040", 
   "end": "14.440", 
   "id": "f000026", 
   "language": "en", 
   "lines": [
    "Anu"
   ]
  }, 
  {
   "begin": "14.440", 
   "end": "14.920", 
   "id": "f000027", 
   "language": "en", 
   "lines": [
    "felt"
   ]
  }, 
  {
   "begin": "14.920", 
   "end": "15.440", 
   "id": "f000028", 
   "language": "en", 
   "lines": [
    "very"
   ]
  }, 
  {
   "begin": "15.440", 
   "end": "17.080", 
   "id": "f000029", 
   "language": "en", 
   "lines": [
    "important."
   ]
  }, 
  {
   "begin": "17.080", 
   "end": "17.360", 
   "id": "f000030", 
   "language": "en", 
   "lines": [
    "But"
   ]
  }, 
  {
   "begin": "17.360", 
   "end": "17.720", 
   "id": "f000031", 
   "language": "en", 
   "lines": [
    "why"
   ]
  }, 
  {
   "begin": "17.720", 
   "end": "17.880", 
   "id": "f000032", 
   "language": "en", 
   "lines": [
    "did"
   ]
  }, 
  {
   "begin": "17.880", 
   "end": "18.000", 
   "id": "f000033", 
   "language": "en", 
   "lines": [
    "the"
   ]
  }, 
  {
   "begin": "18.000", 
   "end": "18.360", 
   "id": "f000034", 
   "language": "en", 
   "lines": [
    "baby"
   ]
  }, 
  {
   "begin": "18.360", 
   "end": "18.560", 
   "id": "f000035", 
   "language": "en", 
   "lines": [
    "have"
   ]
  }, 
  {
   "begin": "18.560", 
   "end": "18.600", 
   "id": "f000036", 
   "language": "en", 
   "lines": [
    "to"
   ]
  }, 
  {
   "begin": "18.600", 
   "end": "19.040", 
   "id": "f000037", 
   "language": "en", 
   "lines": [
    "go"
   ]
  }, 
  {
   "begin": "19.040", 
   "end": "19.640", 
   "id": "f000038", 
   "language": "en", 
   "lines": [
    "to"
   ]
  }, 
  {
   "begin": "19.640", 
   "end": "19.800", 
   "id": "f000039", 
   "language": "en", 
   "lines": [
    "sleep?"
   ]
  }
 ]
}