{
 "fragments": [
  {
   "begin": "0.000", 
   "end": "0.000", 
   "id": "f000001", 
   "language": "en", 
   "lines": [
    "Anu"
   ]
  }, 
  {
   "begin": "0.000", 
   "end": "0.760", 
   "id": "f000002", 
   "language": "en", 
   "lines": [
    "was"
   ]
  }, 
  {
   "begin": "0.760", 
   "end": "1.360", 
   "id": "f000003", 
   "language": "en", 
   "lines": [
    "disgusted."
   ]
  }, 
  {
   "begin": "1.360", 
   "end": "2.160", 
   "id": "f000004", 
   "language": "en", 
   "lines": [
    "What"
   ]
  }, 
  {
   "begin": "2.160", 
   "end": "2.440", 
   "id": "f000005", 
   "language": "en", 
   "lines": [
    "a"
   ]
  }, 
  {
   "begin": "2.440", 
   "end": "3.040", 
   "id": "f000006", 
   "language": "en", 
   "lines": [
    "silly"
   ]
  }, 
  {
   "begin": "3.040", 
   "end": "3.440", 
   "id": "f000007", 
   "language": "en", 
   "lines": [
    "baby."
   ]
  }, 
  {
   "begin": "3.440", 
   "end": "4.360", 
   "id": "f000008", 
   "language": "en", 
   "lines": [
    "Potty"
   ]
  }, 
  {
   "begin": "4.360", 
   "end": "4.840", 
   "id": "f000009", 
   "language": "en", 
   "lines": [
    "in"
   ]
  }, 
  {
   "begin": "4.840", 
   "end": "5.120", 
   "id": "f000010", 
   "language": "en", 
   "lines": [
    "the"
   ]
  }, 
  {
   "begin": "5.120", 
   "end": "6.360", 
   "id": "f000011", 
   "language": "en", 
   "lines": [
    "nappy!"
   ]
  }, 
  {
   "begin": "6.360", 
   "end": "6.680", 
   "id": "f000012", 
   "language": "en", 
   "lines": [
    "And"
   ]
  }, 
  {
   "begin": "6.680", 
   "end": "7.240", 
   "id": "f000013", 
   "language": "en", 
   "lines": [
    "Aai"
   ]
  }, 
  {
   "begin": "7.240", 
   "end": "7.480", 
   "id": "f000014", 
   "language": "en", 
   "lines": [
    "and"
   ]
  }, 
  {
   "begin": "7.480", 
   "end": "7.520", 
   "id": "f000015", 
   "language": "en", 
   "lines": [
    "Aunty"
   ]
  }, 
  {
   "begin": "7.520", 
   "end": "8.040", 
   "id": "f000016", 
   "language": "en", 
   "lines": [
    "were"
   ]
  }, 
  {
   "begin": "8.040", 
   "end": "8.480", 
   "id": "f000017", 
   "language": "en", 
   "lines": [
    "mad!"
   ]
  }, 
  {
   "begin": "8.480", 
   "end": "9.520", 
   "id": "f000018", 
   "language": "en", 
   "lines": [
    "They"
   ]
  }, 
  {
   "begin": "9.520", 
   "end": "9.800", 
   "id": "f000019", 
   "language": "en", 
   "lines": [
    "didn't"
   ]
  }, 
  {
   "begin": "9.800", 
   "end": "9.800", 
   "id": "f000020", 
   "language": "en", 
   "lines": [
    "even"
   ]
  }, 
  {
   "begin": "9.800", 
   "end": "10.400", 
   "id": "f000021", 
   "language": "en", 
   "lines": [
    "scold"
   ]
  }, 
  {
   "begin": "10.400", 
   "end": "10.800", 
   "id": "f000022", 
   "language": "en", 
   "lines": [
    "the"
   ]
  }, 
  {
   "begin": "10.800", 
   "end": "11.480", 
   "id": "f000023", 
   "language": "en", 
   "lines": [
    "baby."
   ]
  }
 ]
}