{
 "fragments": [
  {
   "begin": "0.000", 
   "end": "0.000", 
   "id": "f000001", 
   "language": "en", 
   "lines": [
    "Anu"
   ]
  }, 
  {
   "begin": "0.000", 
   "end": "0.280", 
   "id": "f000002", 
   "language": "en", 
   "lines": [
    "got"
   ]
  }, 
  {
   "begin": "0.280", 
   "end": "1.160", 
   "id": "f000003", 
   "language": "en", 
   "lines": [
    "ready"
   ]
  }, 
  {
   "begin": "1.160", 
   "end": "1.360", 
   "id": "f000004", 
   "language": "en", 
   "lines": [
    "in"
   ]
  }, 
  {
   "begin": "1.360", 
   "end": "1.680", 
   "id": "f000005", 
   "language": "en", 
   "lines": [
    "a"
   ]
  }, 
  {
   "begin": "1.680", 
   "end": "2.920", 
   "id": "f000006", 
   "language": "en", 
   "lines": [
    "jiffy."
   ]
  }, 
  {
   "begin": "2.920", 
   "end": "3.160", 
   "id": "f000007", 
   "language": "en", 
   "lines": [
    "She"
   ]
  }, 
  {
   "begin": "3.160", 
   "end": "3.560", 
   "id": "f000008", 
   "language": "en", 
   "lines": [
    "gulped"
   ]
  }, 
  {
   "begin": "3.560", 
   "end": "4.000", 
   "id": "f000009", 
   "language": "en", 
   "lines": [
    "down"
   ]
  }, 
  {
   "begin": "4.000", 
   "end": "4.240", 
   "id": "f000010", 
   "language": "en", 
   "lines": [
    "her"
   ]
  }, 
  {
   "begin": "4.240", 
   "end": "4.400", 
   "id": "f000011", 
   "language": "en", 
   "lines": [
    "milk"
   ]
  }, 
  {
   "begin": "4.400", 
   "end": "4.800", 
   "id": "f000012", 
   "language": "en", 
   "lines": [
    "without"
   ]
  }, 
  {
   "begin": "4.800", 
   "end": "5.000", 
   "id": "f000013", 
   "language": "en", 
   "lines": [
    "a"
   ]
  }, 
  {
   "begin": "5.000", 
   "end": "6.200", 
   "id": "f000014", 
   "language": "en", 
   "lines": [
    "fuss."
   ]
  }, 
  {
   "begin": "6.200", 
   "end": "6.440", 
   "id": "f000015", 
   "language": "en", 
   "lines": [
    "She"
   ]
  }, 
  {
   "begin": "6.440", 
   "end": "6.840", 
   "id": "f000016", 
   "language": "en", 
   "lines": [
    "didn't"
   ]
  }, 
  {
   "begin": "6.840", 
   "end": "7.160", 
   "id": "f000017", 
   "language": "en", 
   "lines": [
    "even"
   ]
  }, 
  {
   "begin": "7.160", 
   "end": "7.760", 
   "id": "f000018", 
   "language": "en", 
   "lines": [
    "cry"
   ]
  }, 
  {
   "begin": "7.760", 
   "end": "8.000", 
   "id": "f000019", 
   "language": "en", 
   "lines": [
    "when"
   ]
  }, 
  {
   "begin": "8.000", 
   "end": "8.360", 
   "id": "f000020", 
   "language": "en", 
   "lines": [
    "her"
   ]
  }, 
  {
   "begin": "8.360", 
   "end": "8.720", 
   "id": "f000021", 
   "language": "en", 
   "lines": [
    "mother"
   ]
  }, 
  {
   "begin": "8.720", 
   "end": "9.040", 
   "id": "f000022", 
   "language": "en", 
   "lines": [
    "combed"
   ]
  }, 
  {
   "begin": "9.040", 
   "end": "9.280", 
   "id": "f000023", 
   "language": "en", 
   "lines": [
    "her"
   ]
  }, 
  {
   "begin": "9.280", 
   "end": "10.080", 
   "id": "f000024", 
   "language": "en", 
   "lines": [
    "hair."
   ]
  }
 ]
}