{
 "fragments": [
  {
   "begin": "0.000", 
   "end": "1.440", 
   "id": "f000001", 
   "language": "en", 
   "lines": [
    "\u201cNo!\u201d"
   ]
  }, 
  {
   "begin": "1.440", 
   "end": "1.840", 
   "id": "f000002", 
   "language": "en", 
   "lines": [
    "yelled"
   ]
  }, 
  {
   "begin": "1.840", 
   "end": "2.280", 
   "id": "f000003", 
   "language": "en", 
   "lines": [
    "Anu."
   ]
  }, 
  {
   "begin": "2.280", 
   "end": "3.680", 
   "id": "f000004", 
   "language": "en", 
   "lines": [
    "\u201cThat\u2019s"
   ]
  }, 
  {
   "begin": "3.680", 
   "end": "4.400", 
   "id": "f000005", 
   "language": "en", 
   "lines": [
    "my"
   ]
  }, 
  {
   "begin": "4.400", 
   "end": "5.040", 
   "id": "f000006", 
   "language": "en", 
   "lines": [
    "ball"
   ]
  }, 
  {
   "begin": "5.040", 
   "end": "5.280", 
   "id": "f000007", 
   "language": "en", 
   "lines": [
    "and"
   ]
  }, 
  {
   "begin": "5.280", 
   "end": "5.680", 
   "id": "f000008", 
   "language": "en", 
   "lines": [
    "my"
   ]
  }, 
  {
   "begin": "5.680", 
   "end": "6.760", 
   "id": "f000009", 
   "language": "en", 
   "lines": [
    "cradle!\u201d"
   ]
  }, 
  {
   "begin": "6.760", 
   "end": "7.120", 
   "id": "f000010", 
   "language": "en", 
   "lines": [
    "\u201cOkay,"
   ]
  }, 
  {
   "begin": "7.120", 
   "end": "7.680", 
   "id": "f000011", 
   "language": "en", 
   "lines": [
    "what"
   ]
  }, 
  {
   "begin": "7.680", 
   "end": "8.280", 
   "id": "f000012", 
   "language": "en", 
   "lines": [
    "about"
   ]
  }, 
  {
   "begin": "8.280", 
   "end": "8.720", 
   "id": "f000013", 
   "language": "en", 
   "lines": [
    "giving"
   ]
  }, 
  {
   "begin": "8.720", 
   "end": "8.880", 
   "id": "f000014", 
   "language": "en", 
   "lines": [
    "away"
   ]
  }, 
  {
   "begin": "8.880", 
   "end": "9.240", 
   "id": "f000015", 
   "language": "en", 
   "lines": [
    "these"
   ]
  }, 
  {
   "begin": "9.240", 
   "end": "9.680", 
   "id": "f000016", 
   "language": "en", 
   "lines": [
    "clothes"
   ]
  }, 
  {
   "begin": "9.680", 
   "end": "11.080", 
   "id": "f000017", 
   "language": "en", 
   "lines": [
    "then?"
   ]
  }, 
  {
   "begin": "11.080", 
   "end": "11.680", 
   "id": "f000018", 
   "language": "en", 
   "lines": [
    "They\u2019re"
   ]
  }, 
  {
   "begin": "11.680", 
   "end": "13.120", 
   "id": "f000019", 
   "language": "en", 
   "lines": [
    "so"
   ]
  }, 
  {
   "begin": "13.120", 
   "end": "13.400", 
   "id": "f000020", 
   "language": "en", 
   "lines": [
    "small,\u201d"
   ]
  }, 
  {
   "begin": "13.400", 
   "end": "13.520", 
   "id": "f000021", 
   "language": "en", 
   "lines": [
    "said"
   ]
  }, 
  {
   "begin": "13.520", 
   "end": "13.960", 
   "id": "f000022", 
   "language": "en", 
   "lines": [
    "Aai."
   ]
  }, 
  {
   "begin": "13.960", 
   "end": "16.000", 
   "id": "f000023", 
   "language": "en", 
   "lines": [
    "\u201cNo!\u201d"
   ]
  }, 
  {
   "begin": "16.000", 
   "end": "16.560", 
   "id": "f000024", 
   "language": "en", 
   "lines": [
    "shouted"
   ]
  }, 
  {
   "begin": "16.560", 
   "end": "16.800", 
   "id": "f000025", 
   "language": "en", 
   "lines": [
    "Anu"
   ]
  }, 
  {
   "begin": "16.800", 
   "end": "16.840", 
   "id": "f000026", 
   "language": "en", 
   "lines": [
    "again."
   ]
  }, 
  {
   "begin": "16.840", 
   "end": "17.040", 
   "id": "f000027", 
   "language": "en", 
   "lines": [
    "\u201cI"
   ]
  }, 
  {
   "begin": "17.040", 
   "end": "17.400", 
   "id": "f000028", 
   "language": "en", 
   "lines": [
    "want"
   ]
  }, 
  {
   "begin": "17.400", 
   "end": "18.800", 
   "id": "f000029", 
   "language": "en", 
   "lines": [
    "to"
   ]
  }, 
  {
   "begin": "18.800", 
   "end": "19.520", 
   "id": "f000030", 
   "language": "en", 
   "lines": [
    "wear"
   ]
  }, 
  {
   "begin": "19.520", 
   "end": "19.840", 
   "id": "f000031", 
   "language": "en", 
   "lines": [
    "them,"
   ]
  }, 
  {
   "begin": "19.840", 
   "end": "21.240", 
   "id": "f000032", 
   "language": "en", 
   "lines": [
    "NOW!\u201d"
   ]
  }, 
  {
   "begin": "21.240", 
   "end": "21.520", 
   "id": "f000033", 
   "language": "en", 
   "lines": [
    "So"
   ]
  }, 
  {
   "begin": "21.520", 
   "end": "21.920", 
   "id": "f000034", 
   "language": "en", 
   "lines": [
    "Aai"
   ]
  }, 
  {
   "begin": "21.920", 
   "end": "22.240", 
   "id": "f000035", 
   "language": "en", 
   "lines": [
    "put"
   ]
  }, 
  {
   "begin": "22.240", 
   "end": "22.560", 
   "id": "f000036", 
   "language": "en", 
   "lines": [
    "the"
   ]
  }, 
  {
   "begin": "22.560", 
   "end": "23.000", 
   "id": "f000037", 
   "language": "en", 
   "lines": [
    "small"
   ]
  }, 
  {
   "begin": "23.000", 
   "end": "23.400", 
   "id": "f000038", 
   "language": "en", 
   "lines": [
    "frock"
   ]
  }, 
  {
   "begin": "23.400", 
   "end": "23.640", 
   "id": "f000039", 
   "language": "en", 
   "lines": [
    "on"
   ]
  }, 
  {
   "begin": "23.640", 
   "end": "24.000", 
   "id": "f000040", 
   "language": "en", 
   "lines": [
    "Anu."
   ]
  }, 
  {
   "begin": "24.000", 
   "end": "25.000", 
   "id": "f000041", 
   "language": "en", 
   "lines": [
    "She"
   ]
  }, 
  {
   "begin": "25.000", 
   "end": "25.360", 
   "id": "f000042", 
   "language": "en", 
   "lines": [
    "even"
   ]
  }, 
  {
   "begin": "25.360", 
   "end": "25.360", 
   "id": "f000043", 
   "language": "en", 
   "lines": [
    "put"
   ]
  }, 
  {
   "begin": "25.360", 
   "end": "25.720", 
   "id": "f000044", 
   "language": "en", 
   "lines": [
    "the"
   ]
  }, 
  {
   "begin": "25.720", 
   "end": "26.120", 
   "id": "f000045", 
   "language": "en", 
   "lines": [
    "little"
   ]
  }, 
  {
   "begin": "26.120", 
   "end": "26.520", 
   "id": "f000046", 
   "language": "en", 
   "lines": [
    "baby"
   ]
  }, 
  {
   "begin": "26.520", 
   "end": "27.000", 
   "id": "f000047", 
   "language": "en", 
   "lines": [
    "bonnet"
   ]
  }, 
  {
   "begin": "27.000", 
   "end": "27.160", 
   "id": "f000048", 
   "language": "en", 
   "lines": [
    "on"
   ]
  }, 
  {
   "begin": "27.160", 
   "end": "27.360", 
   "id": "f000049", 
   "language": "en", 
   "lines": [
    "her"
   ]
  }, 
  {
   "begin": "27.360", 
   "end": "28.120", 
   "id": "f000050", 
   "language": "en", 
   "lines": [
    "head."
   ]
  }
 ]
}