{
 "fragments": [
  {
   "begin": "0.000", 
   "end": "0.000", 
   "id": "f000001", 
   "language": "en", 
   "lines": [
    "Anu"
   ]
  }, 
  {
   "begin": "0.000", 
   "end": "0.800", 
   "id": "f000002", 
   "language": "en", 
   "lines": [
    "said"
   ]
  }, 
  {
   "begin": "0.800", 
   "end": "1.000", 
   "id": "f000003", 
   "language": "en", 
   "lines": [
    "to"
   ]
  }, 
  {
   "begin": "1.000", 
   "end": "1.280", 
   "id": "f000004", 
   "language": "en", 
   "lines": [
    "her"
   ]
  }, 
  {
   "begin": "1.280", 
   "end": "1.560", 
   "id": "f000005", 
   "language": "en", 
   "lines": [
    "mother,"
   ]
  }, 
  {
   "begin": "1.560", 
   "end": "3.360", 
   "id": "f000006", 
   "language": "en", 
   "lines": [
    "\u201cAai,"
   ]
  }, 
  {
   "begin": "3.360", 
   "end": "3.680", 
   "id": "f000007", 
   "language": "en", 
   "lines": [
    "why"
   ]
  }, 
  {
   "begin": "3.680", 
   "end": "4.040", 
   "id": "f000008", 
   "language": "en", 
   "lines": [
    "don\u2019t"
   ]
  }, 
  {
   "begin": "4.040", 
   "end": "4.040", 
   "id": "f000009", 
   "language": "en", 
   "lines": [
    "we"
   ]
  }, 
  {
   "begin": "4.040", 
   "end": "4.080", 
   "id": "f000010", 
   "language": "en", 
   "lines": [
    "give"
   ]
  }, 
  {
   "begin": "4.080", 
   "end": "4.600", 
   "id": "f000011", 
   "language": "en", 
   "lines": [
    "this"
   ]
  }, 
  {
   "begin": "4.600", 
   "end": "4.960", 
   "id": "f000012", 
   "language": "en", 
   "lines": [
    "frock"
   ]
  }, 
  {
   "begin": "4.960", 
   "end": "5.480", 
   "id": "f000013", 
   "language": "en", 
   "lines": [
    "and"
   ]
  }, 
  {
   "begin": "5.480", 
   "end": "5.720", 
   "id": "f000014", 
   "language": "en", 
   "lines": [
    "bonnet"
   ]
  }, 
  {
   "begin": "5.720", 
   "end": "6.040", 
   "id": "f000015", 
   "language": "en", 
   "lines": [
    "and"
   ]
  }, 
  {
   "begin": "6.040", 
   "end": "6.320", 
   "id": "f000016", 
   "language": "en", 
   "lines": [
    "cradle"
   ]
  }, 
  {
   "begin": "6.320", 
   "end": "6.640", 
   "id": "f000017", 
   "language": "en", 
   "lines": [
    "to"
   ]
  }, 
  {
   "begin": "6.640", 
   "end": "7.240", 
   "id": "f000018", 
   "language": "en", 
   "lines": [
    "Aunty"
   ]
  }, 
  {
   "begin": "7.240", 
   "end": "7.800", 
   "id": "f000019", 
   "language": "en", 
   "lines": [
    "Jui\u2019s"
   ]
  }, 
  {
   "begin": "7.800", 
   "end": "8.280", 
   "id": "f000020", 
   "language": "en", 
   "lines": [
    "baby?\u201d"
   ]
  }, 
  {
   "begin": "8.280", 
   "end": "8.320", 
   "id": "f000021", 
   "language": "en", 
   "lines": [
    "\u201cGive"
   ]
  }, 
  {
   "begin": "8.320", 
   "end": "9.160", 
   "id": "f000022", 
   "language": "en", 
   "lines": [
    "it"
   ]
  }, 
  {
   "begin": "9.160", 
   "end": "9.560", 
   "id": "f000023", 
   "language": "en", 
   "lines": [
    "all"
   ]
  }, 
  {
   "begin": "9.560", 
   "end": "11.240", 
   "id": "f000024", 
   "language": "en", 
   "lines": [
    "away?"
   ]
  }, 
  {
   "begin": "11.240", 
   "end": "11.480", 
   "id": "f000025", 
   "language": "en", 
   "lines": [
    "But"
   ]
  }, 
  {
   "begin": "11.480", 
   "end": "12.200", 
   "id": "f000026", 
   "language": "en", 
   "lines": [
    "then"
   ]
  }, 
  {
   "begin": "12.200", 
   "end": "12.640", 
   "id": "f000027", 
   "language": "en", 
   "lines": [
    "what"
   ]
  }, 
  {
   "begin": "12.640", 
   "end": "13.080", 
   "id": "f000028", 
   "language": "en", 
   "lines": [
    "will"
   ]
  }, 
  {
   "begin": "13.080", 
   "end": "13.360", 
   "id": "f000029", 
   "language": "en", 
   "lines": [
    "you"
   ]
  }, 
  {
   "begin": "13.360", 
   "end": "14.160", 
   "id": "f000030", 
   "language": "en", 
   "lines": [
    "do?\u201d"
   ]
  }, 
  {
   "begin": "14.160", 
   "end": "14.640", 
   "id": "f000031", 
   "language": "en", 
   "lines": [
    "asked"
   ]
  }, 
  {
   "begin": "14.640", 
   "end": "14.680", 
   "id": "f000032", 
   "language": "en", 
   "lines": [
    "Aai."
   ]
  }, 
  {
   "begin": "14.680", 
   "end": "15.120", 
   "id": "f000033", 
   "language": "en", 
   "lines": [
    "&nbsp;"
   ]
  }, 
  {
   "begin": "15.120", 
   "end": "17.160", 
   "id": "f000034", 
   "language": "en", 
   "lines": [
    "\u201cAai,"
   ]
  }, 
  {
   "begin": "17.160", 
   "end": "17.640", 
   "id": "f000035", 
   "language": "en", 
   "lines": [
    "I\u2019m"
   ]
  }, 
  {
   "begin": "17.640", 
   "end": "17.800", 
   "id": "f000036", 
   "language": "en", 
   "lines": [
    "a"
   ]
  }, 
  {
   "begin": "17.800", 
   "end": "17.880", 
   "id": "f000037", 
   "language": "en", 
   "lines": [
    "big"
   ]
  }, 
  {
   "begin": "17.880", 
   "end": "18.240", 
   "id": "f000038", 
   "language": "en", 
   "lines": [
    "sister"
   ]
  }, 
  {
   "begin": "18.240", 
   "end": "18.960", 
   "id": "f000039", 
   "language": "en", 
   "lines": [
    "now,"
   ]
  }, 
  {
   "begin": "18.960", 
   "end": "19.400", 
   "id": "f000040", 
   "language": "en", 
   "lines": [
    "aren\u2019t"
   ]
  }, 
  {
   "begin": "19.400", 
   "end": "20.760", 
   "id": "f000041", 
   "language": "en", 
   "lines": [
    "I?"
   ]
  }, 
  {
   "begin": "20.760", 
   "end": "20.920", 
   "id": "f000042", 
   "language": "en", 
   "lines": [
    "Once"
   ]
  }, 
  {
   "begin": "20.920", 
   "end": "21.200", 
   "id": "f000043", 
   "language": "en", 
   "lines": [
    "you"
   ]
  }, 
  {
   "begin": "21.200", 
   "end": "21.640", 
   "id": "f000044", 
   "language": "en", 
   "lines": [
    "become"
   ]
  }, 
  {
   "begin": "21.640", 
   "end": "21.760", 
   "id": "f000045", 
   "language": "en", 
   "lines": [
    "a"
   ]
  }, 
  {
   "begin": "21.760", 
   "end": "21.800", 
   "id": "f000046", 
   "language": "en", 
   "lines": [
    "big"
   ]
  }, 
  {
   "begin": "21.800", 
   "end": "22.200", 
   "id": "f000047", 
   "language": "en", 
   "lines": [
    "sister"
   ]
  }, 
  {
   "begin": "22.200", 
   "end": "22.720", 
   "id": "f000048", 
   "language": "en", 
   "lines": [
    "you"
   ]
  }, 
  {
   "begin": "22.720", 
   "end": "23.320", 
   "id": "f000049", 
   "language": "en", 
   "lines": [
    "wear"
   ]
  }, 
  {
   "begin": "23.320", 
   "end": "23.880", 
   "id": "f000050", 
   "language": "en", 
   "lines": [
    "proper"
   ]
  }, 
  {
   "begin": "23.880", 
   "end": "24.760", 
   "id": "f000051", 
   "language": "en", 
   "lines": [
    "clothes,"
   ]
  }, 
  {
   "begin": "24.760", 
   "end": "25.040", 
   "id": "f000052", 
   "language": "en", 
   "lines": [
    "and"
   ]
  }, 
  {
   "begin": "25.040", 
   "end": "25.400", 
   "id": "f000053", 
   "language": "en", 
   "lines": [
    "sleep"
   ]
  }, 
  {
   "begin": "25.400", 
   "end": "25.840", 
   "id": "f000054", 
   "language": "en", 
   "lines": [
    "on"
   ]
  }, 
  {
   "begin": "25.840", 
   "end": "25.840", 
   "id": "f000055", 
   "language": "en", 
   "lines": [
    "the"
   ]
  }, 
  {
   "begin": "25.840", 
   "end": "26.280", 
   "id": "f000056", 
   "language": "en", 
   "lines": [
    "bed.\u201d"
   ]
  }, 
  {
   "begin": "26.280", 
   "end": "27.440", 
   "id": "f000057", 
   "language": "en", 
   "lines": [
    "\u201cOh"
   ]
  }, 
  {
   "begin": "27.440", 
   "end": "28.480", 
   "id": "f000058", 
   "language": "en", 
   "lines": [
    "really?"
   ]
  }, 
  {
   "begin": "28.480", 
   "end": "28.640", 
   "id": "f000059", 
   "language": "en", 
   "lines": [
    "I"
   ]
  }, 
  {
   "begin": "28.640", 
   "end": "29.000", 
   "id": "f000060", 
   "language": "en", 
   "lines": [
    "had"
   ]
  }, 
  {
   "begin": "29.000", 
   "end": "29.360", 
   "id": "f000061", 
   "language": "en", 
   "lines": [
    "no"
   ]
  }, 
  {
   "begin": "29.360", 
   "end": "29.760", 
   "id": "f000062", 
   "language": "en", 
   "lines": [
    "idea!\u201d"
   ]
  }, 
  {
   "begin": "29.760", 
   "end": "31.120", 
   "id": "f000063", 
   "language": "en", 
   "lines": [
    "said"
   ]
  }, 
  {
   "begin": "31.120", 
   "end": "31.880", 
   "id": "f000064", 
   "language": "en", 
   "lines": [
    "Aai,"
   ]
  }, 
  {
   "begin": "31.880", 
   "end": "32.680", 
   "id": "f000065", 
   "language": "en", 
   "lines": [
    "smiling."
   ]
  }, 
  {
   "begin": "32.680", 
   "end": "33.560", 
   "id": "f000066", 
   "language": "en", 
   "lines": [
    "&nbsp;"
   ]
  }, 
  {
   "begin": "33.560", 
   "end": "33.920", 
   "id": "f000067", 
   "language": "en", 
   "lines": [
    "Anu"
   ]
  }, 
  {
   "begin": "33.920", 
   "end": "34.320", 
   "id": "f000068", 
   "language": "en", 
   "lines": [
    "wore"
   ]
  }, 
  {
   "begin": "34.320", 
   "end": "34.400", 
   "id": "f000069", 
   "language": "en", 
   "lines": [
    "her"
   ]
  }, 
  {
   "begin": "34.400", 
   "end": "34.680", 
   "id": "f000070", 
   "language": "en", 
   "lines": [
    "own"
   ]
  }, 
  {
   "begin": "34.680", 
   "end": "35.440", 
   "id": "f000071", 
   "language": "en", 
   "lines": [
    "clothes"
   ]
  }, 
  {
   "begin": "35.440", 
   "end": "35.600", 
   "id": "f000072", 
   "language": "en", 
   "lines": [
    "and"
   ]
  }, 
  {
   "begin": "35.600", 
   "end": "36.120", 
   "id": "f000073", 
   "language": "en", 
   "lines": [
    "said,"
   ]
  }, 
  {
   "begin": "36.120", 
   "end": "37.440", 
   "id": "f000074", 
   "language": "en", 
   "lines": [
    "\u201cAai,"
   ]
  }, 
  {
   "begin": "37.440", 
   "end": "37.960", 
   "id": "f000075", 
   "language": "en", 
   "lines": [
    "tell"
   ]
  }, 
  {
   "begin": "37.960", 
   "end": "38.600", 
   "id": "f000076", 
   "language": "en", 
   "lines": [
    "baby"
   ]
  }, 
  {
   "begin": "38.600", 
   "end": "39.040", 
   "id": "f000077", 
   "language": "en", 
   "lines": [
    "that"
   ]
  }, 
  {
   "begin": "39.040", 
   "end": "39.040", 
   "id": "f000078", 
   "language": "en", 
   "lines": [
    "her"
   ]
  }, 
  {
   "begin": "39.040", 
   "end": "39.280", 
   "id": "f000079", 
   "language": "en", 
   "lines": [
    "big"
   ]
  }, 
  {
   "begin": "39.280", 
   "end": "39.560", 
   "id": "f000080", 
   "language": "en", 
   "lines": [
    "sister"
   ]
  }, 
  {
   "begin": "39.560", 
   "end": "39.960", 
   "id": "f000081", 
   "language": "en", 
   "lines": [
    "has"
   ]
  }, 
  {
   "begin": "39.960", 
   "end": "40.560", 
   "id": "f000082", 
   "language": "en", 
   "lines": [
    "given"
   ]
  }, 
  {
   "begin": "40.560", 
   "end": "40.960", 
   "id": "f000083", 
   "language": "en", 
   "lines": [
    "her"
   ]
  }, 
  {
   "begin": "40.960", 
   "end": "41.240", 
   "id": "f000084", 
   "language": "en", 
   "lines": [
    "all"
   ]
  }, 
  {
   "begin": "41.240", 
   "end": "42.000", 
   "id": "f000085", 
   "language": "en", 
   "lines": [
    "this."
   ]
  }, 
  {
   "begin": "42.000", 
   "end": "42.600", 
   "id": "f000086", 
   "language": "en", 
   "lines": [
    "You\u2019ll"
   ]
  }, 
  {
   "begin": "42.600", 
   "end": "43.080", 
   "id": "f000087", 
   "language": "en", 
   "lines": [
    "tell"
   ]
  }, 
  {
   "begin": "43.080", 
   "end": "44.080", 
   "id": "f000088", 
   "language": "en", 
   "lines": [
    "her,"
   ]
  }, 
  {
   "begin": "44.080", 
   "end": "44.640", 
   "id": "f000089", 
   "language": "en", 
   "lines": [
    "won\u2019t"
   ]
  }, 
  {
   "begin": "44.640", 
   "end": "44.760", 
   "id": "f000090", 
   "language": "en", 
   "lines": [
    "you?\u201d"
   ]
  }, 
  {
   "begin": "44.760", 
   "end": "45.000", 
   "id": "f000091", 
   "language": "en", 
   "lines": [
    "Anu"
   ]
  }, 
  {
   "begin": "45.000", 
   "end": "45.400", 
   "id": "f000092", 
   "language": "en", 
   "lines": [
    "jumped"
   ]
  }, 
  {
   "begin": "45.400", 
   "end": "45.560", 
   "id": "f000093", 
   "language": "en", 
   "lines": [
    "on"
   ]
  }, 
  {
   "begin": "45.560", 
   "end": "45.560", 
   "id": "f000094", 
   "language": "en", 
   "lines": [
    "to"
   ]
  }, 
  {
   "begin": "45.560", 
   "end": "45.800", 
   "id": "f000095", 
   "language": "en", 
   "lines": [
    "her"
   ]
  }, 
  {
   "begin": "45.800", 
   "end": "46.120", 
   "id": "f000096", 
   "language": "en", 
   "lines": [
    "scooter"
   ]
  }, 
  {
   "begin": "46.120", 
   "end": "46.240", 
   "id": "f000097", 
   "language": "en", 
   "lines": [
    "and"
   ]
  }, 
  {
   "begin": "46.240", 
   "end": "46.560", 
   "id": "f000098", 
   "language": "en", 
   "lines": [
    "went"
   ]
  }, 
  {
   "begin": "46.560", 
   "end": "46.800", 
   "id": "f000099", 
   "language": "en", 
   "lines": [
    "off"
   ]
  }, 
  {
   "begin": "46.800", 
   "end": "46.960", 
   "id": "f000100", 
   "language": "en", 
   "lines": [
    "to"
   ]
  }, 
  {
   "begin": "46.960", 
   "end": "47.640", 
   "id": "f000101", 
   "language": "en", 
   "lines": [
    "play."
   ]
  }
 ]
}