{
 "fragments": [
  {
   "begin": "0.000", 
   "end": "0.720", 
   "id": "f000001", 
   "language": "en", 
   "lines": [
    "Chikku"
   ]
  }, 
  {
   "begin": "0.720", 
   "end": "1.200", 
   "id": "f000002", 
   "language": "en", 
   "lines": [
    "Cat"
   ]
  }, 
  {
   "begin": "1.200", 
   "end": "1.480", 
   "id": "f000003", 
   "language": "en", 
   "lines": [
    "and"
   ]
  }, 
  {
   "begin": "1.480", 
   "end": "1.800", 
   "id": "f000004", 
   "language": "en", 
   "lines": [
    "Meetu"
   ]
  }, 
  {
   "begin": "1.800", 
   "end": "2.720", 
   "id": "f000005", 
   "language": "en", 
   "lines": [
    "Mouse"
   ]
  }, 
  {
   "begin": "2.720", 
   "end": "3.120", 
   "id": "f000006", 
   "language": "en", 
   "lines": [
    "lived"
   ]
  }, 
  {
   "begin": "3.120", 
   "end": "3.120", 
   "id": "f000007", 
   "language": "en", 
   "lines": [
    "in"
   ]
  }, 
  {
   "begin": "3.120", 
   "end": "3.440", 
   "id": "f000008", 
   "language": "en", 
   "lines": [
    "the"
   ]
  }, 
  {
   "begin": "3.440", 
   "end": "3.800", 
   "id": "f000009", 
   "language": "en", 
   "lines": [
    "same"
   ]
  }, 
  {
   "begin": "3.800", 
   "end": "4.400", 
   "id": "f000010", 
   "language": "en", 
   "lines": [
    "house."
   ]
  }, 
  {
   "begin": "4.400", 
   "end": "5.960", 
   "id": "f000011", 
   "language": "en", 
   "lines": [
    "Chikku"
   ]
  }, 
  {
   "begin": "5.960", 
   "end": "6.640", 
   "id": "f000012", 
   "language": "en", 
   "lines": [
    "always"
   ]
  }, 
  {
   "begin": "6.640", 
   "end": "6.960", 
   "id": "f000013", 
   "language": "en", 
   "lines": [
    "tried"
   ]
  }, 
  {
   "begin": "6.960", 
   "end": "7.120", 
   "id": "f000014", 
   "language": "en", 
   "lines": [
    "to"
   ]
  }, 
  {
   "begin": "7.120", 
   "end": "7.520", 
   "id": "f000015", 
   "language": "en", 
   "lines": [
    "catch"
   ]
  }, 
  {
   "begin": "7.520", 
   "end": "8.080", 
   "id": "f000016", 
   "language": "en", 
   "lines": [
    "Meetu."
   ]
  }
 ]
}