{"id":194,"name":"A cat and mouse become friends","writtenby":"","illustrationsby":"","translationby":"","source":"","status":"active","level":1,"pages":[{"id":2144,"content":"Chikku Cat and Meetu Mouse lived in the same house. Chikku always tried to catch Meetu.","pageno":1,"image":"937f7163ab16a77645aee1b3852e95e1.png","audio":"1645f3e4e3786ba436409a7599ab94d2.mp3","audio_map":"00b1efa17b5fe5d338639582f500e0d6.json","language":[]},{"id":2154,"content":"One day, Meetu's friend Mikku found a piece of cheese. \"Please give me some,\" Meetu begged Mikku. \"No! It's mine. I won't share it with you,\" Mikku said.","pageno":2,"image":"3a57201bc843d7875a1d52a510effea1.png","audio":"f025c6453466f035fa23880bbbc142fc.mp3","audio_map":"26858fb63a5481429169d1031153abcf.json","language":[]},{"id":2155,"content":"Meetu started crying. \"Don't worry. Today is my birthday, and for today, you're my friend. This is for you.\" Chikku gave Meetu a large piece of cheese.","pageno":3,"image":"0a2e22523e878b4f19719dc12748974b.png","audio":"3f49f615d65bcf87a267029b73b1194c.mp3","audio_map":"994ae49788e5dcea8bf9f40f0c37d42a.json","language":[]},{"id":2164,"content":"\"Thank you! Wish you a happy birthday,\" Meetu said happily. From then on, Meetu and Chikku became good friends.","pageno":4,"image":"8041363e2cadbef447684667de6dc9d5.png","audio":"71f38074ab0ebc0a31a937af52baa5a3.mp3","audio_map":"596a813499f2748e8eed6aebd3df9455.json","language":[]}],"language":[],"questions":[{"id":7494,"type":"pre","storypage_id":0,"order_number":1,"title":"Vocabulary","question":{"question_type":"vocabulary","question":{"text":"","image":"","type":""},"words":[{"word":"cat","image":"8614c5c9c7c858bbb1365df7b81a56c2.png"},{"word":"mouse","image":"63f6047d6be97ff98ca0e43fb21d3149.png"},{"word":"cheese","image":"d6074f2bc4c8b8473400ccc5c4aa7aec.png"},{"word":"crying","image":"e98ca731ee794e46973555bb7206b997.png"}]},"score":1,"question_template_id":21,"question_template":"Vocab"},{"id":7504,"type":"post","storypage_id":0,"order_number":1,"title":"Let's try speaking.","question":{"question_type":"conversation","question":{"text":"Meetu mouse meets Mikku mouse after this story. This is what they say to each other.","image":"","type":"text"},"conversation":[{"sentence":"Mikku, you did not give me cheese, but I got cheese anyway!","image":"","question":0},{"sentence":"Really, Meetu? How did you get the cheese?","image":"","question":0},{"sentence":"WHAT DOES MEETU MOUSE SAY?","image":"","question":1},{"sentence":"I see! I am sorry I didn't give you any cheese. I was hungry.","image":"","question":0}]},"score":1,"question_template_id":6,"question_template":"Conversation"},{"id":7444,"type":"during","storypage_id":2144,"order_number":1,"title":"Choose the correct answer.","question":{"question_type":"mcq_single_answer","question":{"text":"What was the cat's name?","image":"","type":"text"},"options":[{"text":"Chikku","type":"text","image":"","ans":1},{"text":"Meetu","type":"text","image":"","ans":0},{"text":"Bittu","type":"text","image":"","ans":0},{"text":"Lakeesha","type":"text","image":"","ans":0}],"answers":["Chikku"]},"score":1,"question_template_id":2,"question_template":"Text MCQ"},{"id":7464,"type":"during","storypage_id":2144,"order_number":2,"title":"Choose the correct answer.","question":{"question_type":"mcq_single_answer","question":{"text":"What was the mouse's name?","image":"","type":"text"},"options":[{"text":"Chikku","type":"text","image":"","ans":0},{"text":"Meetu","type":"text","image":"","ans":1},{"text":"Neetu","type":"text","image":"","ans":0},{"text":"Alan","type":"text","image":"","ans":0}],"answers":["Meetu"]},"score":1,"question_template_id":2,"question_template":"Text MCQ"},{"id":7454,"type":"during","storypage_id":2144,"order_number":3,"title":"Choose the correct answer.","question":{"question_type":"mcq_single_answer","question":{"text":"True or false: Chikku and Meetu lived in the same house.","image":"","type":"text"},"options":[{"text":"True","type":"text","image":"","ans":1},{"text":"False","type":"text","image":"","ans":0}],"answers":["True"]},"score":1,"question_template_id":2,"question_template":"Text MCQ"},{"id":7474,"type":"during","storypage_id":2154,"order_number":4,"title":"Choose the correct answer.","question":{"question_type":"mcq_single_answer","question":{"text":"What did Meetu beg his friend Mikku for?","image":"","type":"text"},"options":[{"text":"A piece of cheese.","type":"text","image":"","ans":1},{"text":"A pizza.","type":"text","image":"","ans":0},{"text":"A bowl of rice.","type":"text","image":"","ans":0},{"text":"Some curry.","type":"text","image":"","ans":0}],"answers":["A piece of cheese."]},"score":1,"question_template_id":2,"question_template":"Text MCQ"},{"id":7514,"type":"own_story","storypage_id":0,"order_number":1,"title":"Let's write a new story.","question":{"question_type":"mcq_single_answer","question":{"text":"There was once a dog called _____.","image":"","type":"text"},"options":[{"text":"Tommy","type":"text","image":"","ans":1},{"text":"Jimmy","type":"text","image":"","ans":1},{"text":"Bobby","type":"text","image":"","ans":1},{"text":"Noddy","type":"text","image":"","ans":1}],"answers":["Tommy","Jimmy","Bobby","Noddy"]},"score":1,"question_template_id":2,"question_template":"Text MCQ"},{"id":7524,"type":"own_story","storypage_id":0,"order_number":2,"title":"Let's write a new story.","question":{"question_type":"mcq_single_answer","question":{"text":"The dog lived with a cat called Minnie. Minnie was much _____ than the dog.","image":"","type":"text"},"options":[{"text":"bigger","type":"text","image":"","ans":1},{"text":"fatter","type":"text","image":"","ans":1},{"text":"smaller","type":"text","image":"","ans":1}],"answers":["bigger","fatter","smaller"]},"score":1,"question_template_id":2,"question_template":"Text MCQ"},{"id":7534,"type":"own_story","storypage_id":0,"order_number":3,"title":"Let's write a new story.","question":{"question_type":"mcq_single_answer","question":{"text":"One day Minnie found a tasty _____. She did not want to share with the dog.","image":"","type":"text"},"options":[{"text":"treat","type":"text","image":"","ans":1},{"text":"sweet","type":"text","image":"","ans":1},{"text":"piece of meat","type":"text","image":"","ans":1},{"text":"dish","type":"text","image":"","ans":1}],"answers":["treat","sweet","piece of meat","dish"]},"score":1,"question_template_id":2,"question_template":"Text MCQ"},{"id":7544,"type":"own_story","storypage_id":0,"order_number":4,"title":"Let's write a new story.","question":{"question_type":"mcq_single_answer","question":{"text":"The dog felt very _____. But just then his friend, Bablu bear came to visit. Bablu bear felt bad for the dog and gave him what he had in his bag. Everyone was happy again! ","image":"","type":"text"},"options":[{"text":"sad","type":"text","image":"","ans":1},{"text":"upset","type":"text","image":"","ans":1},{"text":"angry","type":"text","image":"","ans":1},{"text":"unhappy","type":"text","image":"","ans":1}],"answers":["sad","upset","angry","unhappy"]},"score":1,"question_template_id":2,"question_template":"Text MCQ"}]}