{
 "fragments": [
  {
   "begin": "0.000", 
   "end": "0.440", 
   "id": "f000001", 
   "language": "en", 
   "lines": [
    "One"
   ]
  }, 
  {
   "begin": "0.440", 
   "end": "1.040", 
   "id": "f000002", 
   "language": "en", 
   "lines": [
    "day,"
   ]
  }, 
  {
   "begin": "1.040", 
   "end": "1.480", 
   "id": "f000003", 
   "language": "en", 
   "lines": [
    "Meetu's"
   ]
  }, 
  {
   "begin": "1.480", 
   "end": "2.040", 
   "id": "f000004", 
   "language": "en", 
   "lines": [
    "friend"
   ]
  }, 
  {
   "begin": "2.040", 
   "end": "2.680", 
   "id": "f000005", 
   "language": "en", 
   "lines": [
    "Mikku"
   ]
  }, 
  {
   "begin": "2.680", 
   "end": "3.200", 
   "id": "f000006", 
   "language": "en", 
   "lines": [
    "found"
   ]
  }, 
  {
   "begin": "3.200", 
   "end": "3.200", 
   "id": "f000007", 
   "language": "en", 
   "lines": [
    "a"
   ]
  }, 
  {
   "begin": "3.200", 
   "end": "3.520", 
   "id": "f000008", 
   "language": "en", 
   "lines": [
    "piece"
   ]
  }, 
  {
   "begin": "3.520", 
   "end": "3.680", 
   "id": "f000009", 
   "language": "en", 
   "lines": [
    "of"
   ]
  }, 
  {
   "begin": "3.680", 
   "end": "4.280", 
   "id": "f000010", 
   "language": "en", 
   "lines": [
    "cheese."
   ]
  }, 
  {
   "begin": "4.280", 
   "end": "5.480", 
   "id": "f000011", 
   "language": "en", 
   "lines": [
    "\"Please"
   ]
  }, 
  {
   "begin": "5.480", 
   "end": "5.640", 
   "id": "f000012", 
   "language": "en", 
   "lines": [
    "give"
   ]
  }, 
  {
   "begin": "5.640", 
   "end": "5.880", 
   "id": "f000013", 
   "language": "en", 
   "lines": [
    "me"
   ]
  }, 
  {
   "begin": "5.880", 
   "end": "7.080", 
   "id": "f000014", 
   "language": "en", 
   "lines": [
    "some,\""
   ]
  }, 
  {
   "begin": "7.080", 
   "end": "7.600", 
   "id": "f000015", 
   "language": "en", 
   "lines": [
    "Meetu"
   ]
  }, 
  {
   "begin": "7.600", 
   "end": "7.960", 
   "id": "f000016", 
   "language": "en", 
   "lines": [
    "begged"
   ]
  }, 
  {
   "begin": "7.960", 
   "end": "8.520", 
   "id": "f000017", 
   "language": "en", 
   "lines": [
    "Mikku."
   ]
  }, 
  {
   "begin": "8.520", 
   "end": "10.160", 
   "id": "f000018", 
   "language": "en", 
   "lines": [
    "\"No!"
   ]
  }, 
  {
   "begin": "10.160", 
   "end": "10.480", 
   "id": "f000019", 
   "language": "en", 
   "lines": [
    "It's"
   ]
  }, 
  {
   "begin": "10.480", 
   "end": "11.400", 
   "id": "f000020", 
   "language": "en", 
   "lines": [
    "mine."
   ]
  }, 
  {
   "begin": "11.400", 
   "end": "11.800", 
   "id": "f000021", 
   "language": "en", 
   "lines": [
    "I"
   ]
  }, 
  {
   "begin": "11.800", 
   "end": "11.880", 
   "id": "f000022", 
   "language": "en", 
   "lines": [
    "won't"
   ]
  }, 
  {
   "begin": "11.880", 
   "end": "12.280", 
   "id": "f000023", 
   "language": "en", 
   "lines": [
    "share"
   ]
  }, 
  {
   "begin": "12.280", 
   "end": "12.400", 
   "id": "f000024", 
   "language": "en", 
   "lines": [
    "it"
   ]
  }, 
  {
   "begin": "12.400", 
   "end": "12.600", 
   "id": "f000025", 
   "language": "en", 
   "lines": [
    "with"
   ]
  }, 
  {
   "begin": "12.600", 
   "end": "13.480", 
   "id": "f000026", 
   "language": "en", 
   "lines": [
    "you,\""
   ]
  }, 
  {
   "begin": "13.480", 
   "end": "13.840", 
   "id": "f000027", 
   "language": "en", 
   "lines": [
    "Mikku"
   ]
  }, 
  {
   "begin": "13.840", 
   "end": "14.520", 
   "id": "f000028", 
   "language": "en", 
   "lines": [
    "said."
   ]
  }
 ]
}