{
 "fragments": [
  {
   "begin": "0.000", 
   "end": "0.800", 
   "id": "f000001", 
   "language": "en", 
   "lines": [
    "\"Thank"
   ]
  }, 
  {
   "begin": "0.800", 
   "end": "1.040", 
   "id": "f000002", 
   "language": "en", 
   "lines": [
    "you!"
   ]
  }, 
  {
   "begin": "1.040", 
   "end": "1.640", 
   "id": "f000003", 
   "language": "en", 
   "lines": [
    "Wish"
   ]
  }, 
  {
   "begin": "1.640", 
   "end": "2.040", 
   "id": "f000004", 
   "language": "en", 
   "lines": [
    "you"
   ]
  }, 
  {
   "begin": "2.040", 
   "end": "2.440", 
   "id": "f000005", 
   "language": "en", 
   "lines": [
    "a"
   ]
  }, 
  {
   "begin": "2.440", 
   "end": "2.560", 
   "id": "f000006", 
   "language": "en", 
   "lines": [
    "happy"
   ]
  }, 
  {
   "begin": "2.560", 
   "end": "3.440", 
   "id": "f000007", 
   "language": "en", 
   "lines": [
    "birthday,\""
   ]
  }, 
  {
   "begin": "3.440", 
   "end": "3.800", 
   "id": "f000008", 
   "language": "en", 
   "lines": [
    "Meetu"
   ]
  }, 
  {
   "begin": "3.800", 
   "end": "4.120", 
   "id": "f000009", 
   "language": "en", 
   "lines": [
    "said"
   ]
  }, 
  {
   "begin": "4.120", 
   "end": "5.320", 
   "id": "f000010", 
   "language": "en", 
   "lines": [
    "happily."
   ]
  }, 
  {
   "begin": "5.320", 
   "end": "5.640", 
   "id": "f000011", 
   "language": "en", 
   "lines": [
    "From"
   ]
  }, 
  {
   "begin": "5.640", 
   "end": "6.000", 
   "id": "f000012", 
   "language": "en", 
   "lines": [
    "then"
   ]
  }, 
  {
   "begin": "6.000", 
   "end": "6.520", 
   "id": "f000013", 
   "language": "en", 
   "lines": [
    "on,"
   ]
  }, 
  {
   "begin": "6.520", 
   "end": "6.880", 
   "id": "f000014", 
   "language": "en", 
   "lines": [
    "Meetu"
   ]
  }, 
  {
   "begin": "6.880", 
   "end": "7.240", 
   "id": "f000015", 
   "language": "en", 
   "lines": [
    "and"
   ]
  }, 
  {
   "begin": "7.240", 
   "end": "7.760", 
   "id": "f000016", 
   "language": "en", 
   "lines": [
    "Chikku"
   ]
  }, 
  {
   "begin": "7.760", 
   "end": "8.280", 
   "id": "f000017", 
   "language": "en", 
   "lines": [
    "became"
   ]
  }, 
  {
   "begin": "8.280", 
   "end": "8.480", 
   "id": "f000018", 
   "language": "en", 
   "lines": [
    "good"
   ]
  }, 
  {
   "begin": "8.480", 
   "end": "9.480", 
   "id": "f000019", 
   "language": "en", 
   "lines": [
    "friends."
   ]
  }
 ]
}