{
 "fragments": [
  {
   "begin": "0.000", 
   "end": "0.760", 
   "id": "f000001", 
   "language": "en", 
   "lines": [
    "This"
   ]
  }, 
  {
   "begin": "0.760", 
   "end": "1.120", 
   "id": "f000002", 
   "language": "en", 
   "lines": [
    "made"
   ]
  }, 
  {
   "begin": "1.120", 
   "end": "1.760", 
   "id": "f000003", 
   "language": "en", 
   "lines": [
    "Ramya"
   ]
  }, 
  {
   "begin": "1.760", 
   "end": "2.440", 
   "id": "f000004", 
   "language": "en", 
   "lines": [
    "very"
   ]
  }, 
  {
   "begin": "2.440", 
   "end": "3.000", 
   "id": "f000005", 
   "language": "en", 
   "lines": [
    "sad."
   ]
  }, 
  {
   "begin": "3.000", 
   "end": "5.240", 
   "id": "f000006", 
   "language": "en", 
   "lines": [
    "\"Twinkle,"
   ]
  }, 
  {
   "begin": "5.240", 
   "end": "6.000", 
   "id": "f000007", 
   "language": "en", 
   "lines": [
    "twinkle"
   ]
  }, 
  {
   "begin": "6.000", 
   "end": "7.920", 
   "id": "f000008", 
   "language": "en", 
   "lines": [
    "little"
   ]
  }, 
  {
   "begin": "7.920", 
   "end": "9.080", 
   "id": "f000009", 
   "language": "en", 
   "lines": [
    "star,"
   ]
  }, 
  {
   "begin": "9.080", 
   "end": "9.920", 
   "id": "f000010", 
   "language": "en", 
   "lines": [
    "How"
   ]
  }, 
  {
   "begin": "9.920", 
   "end": "10.560", 
   "id": "f000011", 
   "language": "en", 
   "lines": [
    "I"
   ]
  }, 
  {
   "begin": "10.560", 
   "end": "11.600", 
   "id": "f000012", 
   "language": "en", 
   "lines": [
    "wonder"
   ]
  }, 
  {
   "begin": "11.600", 
   "end": "12.200", 
   "id": "f000013", 
   "language": "en", 
   "lines": [
    "where"
   ]
  }, 
  {
   "begin": "12.200", 
   "end": "12.920", 
   "id": "f000014", 
   "language": "en", 
   "lines": [
    "you"
   ]
  }, 
  {
   "begin": "12.920", 
   "end": "14.200", 
   "id": "f000015", 
   "language": "en", 
   "lines": [
    "are?\n"
   ]
  }, 
  {
   "begin": "14.200", 
   "end": "15.040", 
   "id": "f000016", 
   "language": "en", 
   "lines": [
    "Up"
   ]
  }, 
  {
   "begin": "15.040", 
   "end": "15.360", 
   "id": "f000017", 
   "language": "en", 
   "lines": [
    "above"
   ]
  }, 
  {
   "begin": "15.360", 
   "end": "15.920", 
   "id": "f000018", 
   "language": "en", 
   "lines": [
    "the"
   ]
  }, 
  {
   "begin": "15.920", 
   "end": "17.000", 
   "id": "f000019", 
   "language": "en", 
   "lines": [
    "world"
   ]
  }, 
  {
   "begin": "17.000", 
   "end": "17.760", 
   "id": "f000020", 
   "language": "en", 
   "lines": [
    "so"
   ]
  }, 
  {
   "begin": "17.760", 
   "end": "18.480", 
   "id": "f000021", 
   "language": "en", 
   "lines": [
    "high,"
   ]
  }, 
  {
   "begin": "18.480", 
   "end": "19.560", 
   "id": "f000022", 
   "language": "en", 
   "lines": [
    "Please"
   ]
  }, 
  {
   "begin": "19.560", 
   "end": "20.640", 
   "id": "f000023", 
   "language": "en", 
   "lines": [
    "come"
   ]
  }, 
  {
   "begin": "20.640", 
   "end": "20.760", 
   "id": "f000024", 
   "language": "en", 
   "lines": [
    "back"
   ]
  }, 
  {
   "begin": "20.760", 
   "end": "21.480", 
   "id": "f000025", 
   "language": "en", 
   "lines": [
    "like"
   ]
  }, 
  {
   "begin": "21.480", 
   "end": "22.680", 
   "id": "f000026", 
   "language": "en", 
   "lines": [
    "diamonds"
   ]
  }, 
  {
   "begin": "22.680", 
   "end": "22.680", 
   "id": "f000027", 
   "language": "en", 
   "lines": [
    "in"
   ]
  }, 
  {
   "begin": "22.680", 
   "end": "22.720", 
   "id": "f000028", 
   "language": "en", 
   "lines": [
    "the"
   ]
  }, 
  {
   "begin": "22.720", 
   "end": "23.800", 
   "id": "f000029", 
   "language": "en", 
   "lines": [
    "sky!\""
   ]
  }, 
  {
   "begin": "23.800", 
   "end": "24.360", 
   "id": "f000030", 
   "language": "en", 
   "lines": [
    "Ramya"
   ]
  }, 
  {
   "begin": "24.360", 
   "end": "24.960", 
   "id": "f000031", 
   "language": "en", 
   "lines": [
    "sang"
   ]
  }, 
  {
   "begin": "24.960", 
   "end": "26.520", 
   "id": "f000032", 
   "language": "en", 
   "lines": [
    "unhappily."
   ]
  }
 ]
}