{
 "fragments": [
  {
   "begin": "0.000", 
   "end": "1.080", 
   "id": "f000001", 
   "language": "en", 
   "lines": [
    "Now,"
   ]
  }, 
  {
   "begin": "1.080", 
   "end": "1.560", 
   "id": "f000002", 
   "language": "en", 
   "lines": [
    "Ramya"
   ]
  }, 
  {
   "begin": "1.560", 
   "end": "1.640", 
   "id": "f000003", 
   "language": "en", 
   "lines": [
    "is"
   ]
  }, 
  {
   "begin": "1.640", 
   "end": "2.280", 
   "id": "f000004", 
   "language": "en", 
   "lines": [
    "so"
   ]
  }, 
  {
   "begin": "2.280", 
   "end": "3.160", 
   "id": "f000005", 
   "language": "en", 
   "lines": [
    "happy!"
   ]
  }
 ]
}