{
 "fragments": [
  {
   "begin": "0.000", 
   "end": "0.480", 
   "id": "f000001", 
   "language": "en", 
   "lines": [
    "It"
   ]
  }, 
  {
   "begin": "0.480", 
   "end": "1.200", 
   "id": "f000002", 
   "language": "en", 
   "lines": [
    "was"
   ]
  }, 
  {
   "begin": "1.200", 
   "end": "1.240", 
   "id": "f000003", 
   "language": "en", 
   "lines": [
    "a"
   ]
  }, 
  {
   "begin": "1.240", 
   "end": "1.920", 
   "id": "f000004", 
   "language": "en", 
   "lines": [
    "starless"
   ]
  }, 
  {
   "begin": "1.920", 
   "end": "2.720", 
   "id": "f000005", 
   "language": "en", 
   "lines": [
    "night,"
   ]
  }, 
  {
   "begin": "2.720", 
   "end": "3.040", 
   "id": "f000006", 
   "language": "en", 
   "lines": [
    "and"
   ]
  }, 
  {
   "begin": "3.040", 
   "end": "3.760", 
   "id": "f000007", 
   "language": "en", 
   "lines": [
    "Grandma"
   ]
  }, 
  {
   "begin": "3.760", 
   "end": "4.400", 
   "id": "f000008", 
   "language": "en", 
   "lines": [
    "pointed"
   ]
  }, 
  {
   "begin": "4.400", 
   "end": "4.400", 
   "id": "f000009", 
   "language": "en", 
   "lines": [
    "to"
   ]
  }, 
  {
   "begin": "4.400", 
   "end": "4.680", 
   "id": "f000010", 
   "language": "en", 
   "lines": [
    "the"
   ]
  }, 
  {
   "begin": "4.680", 
   "end": "5.240", 
   "id": "f000011", 
   "language": "en", 
   "lines": [
    "sky.&nbsp;"
   ]
  }, 
  {
   "begin": "5.240", 
   "end": "6.800", 
   "id": "f000012", 
   "language": "en", 
   "lines": [
    "\"See,"
   ]
  }, 
  {
   "begin": "6.800", 
   "end": "7.640", 
   "id": "f000013", 
   "language": "en", 
   "lines": [
    "there"
   ]
  }, 
  {
   "begin": "7.640", 
   "end": "8.040", 
   "id": "f000014", 
   "language": "en", 
   "lines": [
    "are"
   ]
  }, 
  {
   "begin": "8.040", 
   "end": "8.080", 
   "id": "f000015", 
   "language": "en", 
   "lines": [
    "no"
   ]
  }, 
  {
   "begin": "8.080", 
   "end": "8.600", 
   "id": "f000016", 
   "language": "en", 
   "lines": [
    "stars"
   ]
  }, 
  {
   "begin": "8.600", 
   "end": "8.680", 
   "id": "f000017", 
   "language": "en", 
   "lines": [
    "in"
   ]
  }, 
  {
   "begin": "8.680", 
   "end": "8.880", 
   "id": "f000018", 
   "language": "en", 
   "lines": [
    "the"
   ]
  }, 
  {
   "begin": "8.880", 
   "end": "9.880", 
   "id": "f000019", 
   "language": "en", 
   "lines": [
    "sky"
   ]
  }, 
  {
   "begin": "9.880", 
   "end": "10.280", 
   "id": "f000020", 
   "language": "en", 
   "lines": [
    "any"
   ]
  }, 
  {
   "begin": "10.280", 
   "end": "11.560", 
   "id": "f000021", 
   "language": "en", 
   "lines": [
    "longer."
   ]
  }, 
  {
   "begin": "11.560", 
   "end": "12.040", 
   "id": "f000022", 
   "language": "en", 
   "lines": [
    "I"
   ]
  }, 
  {
   "begin": "12.040", 
   "end": "12.640", 
   "id": "f000023", 
   "language": "en", 
   "lines": [
    "plucked"
   ]
  }, 
  {
   "begin": "12.640", 
   "end": "13.360", 
   "id": "f000024", 
   "language": "en", 
   "lines": [
    "all"
   ]
  }, 
  {
   "begin": "13.360", 
   "end": "13.720", 
   "id": "f000025", 
   "language": "en", 
   "lines": [
    "the"
   ]
  }, 
  {
   "begin": "13.720", 
   "end": "14.320", 
   "id": "f000026", 
   "language": "en", 
   "lines": [
    "stars"
   ]
  }, 
  {
   "begin": "14.320", 
   "end": "14.320", 
   "id": "f000027", 
   "language": "en", 
   "lines": [
    "from"
   ]
  }, 
  {
   "begin": "14.320", 
   "end": "14.320", 
   "id": "f000028", 
   "language": "en", 
   "lines": [
    "the"
   ]
  }, 
  {
   "begin": "14.320", 
   "end": "15.120", 
   "id": "f000029", 
   "language": "en", 
   "lines": [
    "sky"
   ]
  }, 
  {
   "begin": "15.120", 
   "end": "15.360", 
   "id": "f000030", 
   "language": "en", 
   "lines": [
    "and"
   ]
  }, 
  {
   "begin": "15.360", 
   "end": "15.880", 
   "id": "f000031", 
   "language": "en", 
   "lines": [
    "chose"
   ]
  }, 
  {
   "begin": "15.880", 
   "end": "16.200", 
   "id": "f000032", 
   "language": "en", 
   "lines": [
    "the"
   ]
  }, 
  {
   "begin": "16.200", 
   "end": "16.560", 
   "id": "f000033", 
   "language": "en", 
   "lines": [
    "best"
   ]
  }, 
  {
   "begin": "16.560", 
   "end": "17.120", 
   "id": "f000034", 
   "language": "en", 
   "lines": [
    "ones"
   ]
  }, 
  {
   "begin": "17.120", 
   "end": "17.400", 
   "id": "f000035", 
   "language": "en", 
   "lines": [
    "for"
   ]
  }, 
  {
   "begin": "17.400", 
   "end": "17.680", 
   "id": "f000036", 
   "language": "en", 
   "lines": [
    "your"
   ]
  }, 
  {
   "begin": "17.680", 
   "end": "20.000", 
   "id": "f000037", 
   "language": "en", 
   "lines": [
    "earrings,\"Grandma"
   ]
  }, 
  {
   "begin": "20.000", 
   "end": "21.240", 
   "id": "f000038", 
   "language": "en", 
   "lines": [
    "replied."
   ]
  }
 ]
}