{
 "fragments": [
  {
   "begin": "0.000", 
   "end": "0.640", 
   "id": "f000001", 
   "language": "en", 
   "lines": [
    "Once"
   ]
  }, 
  {
   "begin": "0.640", 
   "end": "1.080", 
   "id": "f000002", 
   "language": "en", 
   "lines": [
    "upon"
   ]
  }, 
  {
   "begin": "1.080", 
   "end": "1.320", 
   "id": "f000003", 
   "language": "en", 
   "lines": [
    "a"
   ]
  }, 
  {
   "begin": "1.320", 
   "end": "2.240", 
   "id": "f000004", 
   "language": "en", 
   "lines": [
    "time"
   ]
  }, 
  {
   "begin": "2.240", 
   "end": "2.600", 
   "id": "f000005", 
   "language": "en", 
   "lines": [
    "there"
   ]
  }, 
  {
   "begin": "2.600", 
   "end": "3.000", 
   "id": "f000006", 
   "language": "en", 
   "lines": [
    "was"
   ]
  }, 
  {
   "begin": "3.000", 
   "end": "3.080", 
   "id": "f000007", 
   "language": "en", 
   "lines": [
    "a"
   ]
  }, 
  {
   "begin": "3.080", 
   "end": "3.360", 
   "id": "f000008", 
   "language": "en", 
   "lines": [
    "little"
   ]
  }, 
  {
   "begin": "3.360", 
   "end": "3.920", 
   "id": "f000009", 
   "language": "en", 
   "lines": [
    "girl"
   ]
  }, 
  {
   "begin": "3.920", 
   "end": "4.680", 
   "id": "f000010", 
   "language": "en", 
   "lines": [
    "called"
   ]
  }, 
  {
   "begin": "4.680", 
   "end": "6.080", 
   "id": "f000011", 
   "language": "en", 
   "lines": [
    "Ramya."
   ]
  }, 
  {
   "begin": "6.080", 
   "end": "6.720", 
   "id": "f000012", 
   "language": "en", 
   "lines": [
    "Ramya"
   ]
  }, 
  {
   "begin": "6.720", 
   "end": "7.160", 
   "id": "f000013", 
   "language": "en", 
   "lines": [
    "loved"
   ]
  }, 
  {
   "begin": "7.160", 
   "end": "8.840", 
   "id": "f000014", 
   "language": "en", 
   "lines": [
    "earrings."
   ]
  }, 
  {
   "begin": "8.840", 
   "end": "9.400", 
   "id": "f000015", 
   "language": "en", 
   "lines": [
    "Everybody"
   ]
  }, 
  {
   "begin": "9.400", 
   "end": "10.000", 
   "id": "f000016", 
   "language": "en", 
   "lines": [
    "who"
   ]
  }, 
  {
   "begin": "10.000", 
   "end": "10.200", 
   "id": "f000017", 
   "language": "en", 
   "lines": [
    "gave"
   ]
  }, 
  {
   "begin": "10.200", 
   "end": "10.480", 
   "id": "f000018", 
   "language": "en", 
   "lines": [
    "her"
   ]
  }, 
  {
   "begin": "10.480", 
   "end": "11.040", 
   "id": "f000019", 
   "language": "en", 
   "lines": [
    "gifts,"
   ]
  }, 
  {
   "begin": "11.040", 
   "end": "11.560", 
   "id": "f000020", 
   "language": "en", 
   "lines": [
    "gave"
   ]
  }, 
  {
   "begin": "11.560", 
   "end": "11.840", 
   "id": "f000021", 
   "language": "en", 
   "lines": [
    "her"
   ]
  }, 
  {
   "begin": "11.840", 
   "end": "13.280", 
   "id": "f000022", 
   "language": "en", 
   "lines": [
    "earrings."
   ]
  }, 
  {
   "begin": "13.280", 
   "end": "13.560", 
   "id": "f000023", 
   "language": "en", 
   "lines": [
    "She"
   ]
  }, 
  {
   "begin": "13.560", 
   "end": "13.960", 
   "id": "f000024", 
   "language": "en", 
   "lines": [
    "had"
   ]
  }, 
  {
   "begin": "13.960", 
   "end": "14.400", 
   "id": "f000025", 
   "language": "en", 
   "lines": [
    "red"
   ]
  }, 
  {
   "begin": "14.400", 
   "end": "15.600", 
   "id": "f000026", 
   "language": "en", 
   "lines": [
    "earrings,"
   ]
  }, 
  {
   "begin": "15.600", 
   "end": "16.040", 
   "id": "f000027", 
   "language": "en", 
   "lines": [
    "blue"
   ]
  }, 
  {
   "begin": "16.040", 
   "end": "17.280", 
   "id": "f000028", 
   "language": "en", 
   "lines": [
    "earrings,"
   ]
  }, 
  {
   "begin": "17.280", 
   "end": "17.840", 
   "id": "f000029", 
   "language": "en", 
   "lines": [
    "green"
   ]
  }, 
  {
   "begin": "17.840", 
   "end": "19.000", 
   "id": "f000030", 
   "language": "en", 
   "lines": [
    "earrings,"
   ]
  }, 
  {
   "begin": "19.000", 
   "end": "19.280", 
   "id": "f000031", 
   "language": "en", 
   "lines": [
    "and"
   ]
  }, 
  {
   "begin": "19.280", 
   "end": "20.160", 
   "id": "f000032", 
   "language": "en", 
   "lines": [
    "earrings"
   ]
  }, 
  {
   "begin": "20.160", 
   "end": "20.600", 
   "id": "f000033", 
   "language": "en", 
   "lines": [
    "of"
   ]
  }, 
  {
   "begin": "20.600", 
   "end": "21.160", 
   "id": "f000034", 
   "language": "en", 
   "lines": [
    "all"
   ]
  }, 
  {
   "begin": "21.160", 
   "end": "21.160", 
   "id": "f000035", 
   "language": "en", 
   "lines": [
    "the"
   ]
  }, 
  {
   "begin": "21.160", 
   "end": "21.720", 
   "id": "f000036", 
   "language": "en", 
   "lines": [
    "colours"
   ]
  }, 
  {
   "begin": "21.720", 
   "end": "21.720", 
   "id": "f000037", 
   "language": "en", 
   "lines": [
    "in"
   ]
  }, 
  {
   "begin": "21.720", 
   "end": "21.840", 
   "id": "f000038", 
   "language": "en", 
   "lines": [
    "the"
   ]
  }, 
  {
   "begin": "21.840", 
   "end": "23.440", 
   "id": "f000039", 
   "language": "en", 
   "lines": [
    "rainbow.\n"
   ]
  }, 
  {
   "begin": "23.440", 
   "end": "24.200", 
   "id": "f000040", 
   "language": "en", 
   "lines": [
    "&nbsp;Then,"
   ]
  }, 
  {
   "begin": "24.200", 
   "end": "24.640", 
   "id": "f000041", 
   "language": "en", 
   "lines": [
    "for"
   ]
  }, 
  {
   "begin": "24.640", 
   "end": "25.040", 
   "id": "f000042", 
   "language": "en", 
   "lines": [
    "Ramya's"
   ]
  }, 
  {
   "begin": "25.040", 
   "end": "25.680", 
   "id": "f000043", 
   "language": "en", 
   "lines": [
    "birthday,"
   ]
  }, 
  {
   "begin": "25.680", 
   "end": "25.720", 
   "id": "f000044", 
   "language": "en", 
   "lines": [
    "do"
   ]
  }, 
  {
   "begin": "25.720", 
   "end": "26.200", 
   "id": "f000045", 
   "language": "en", 
   "lines": [
    "you"
   ]
  }, 
  {
   "begin": "26.200", 
   "end": "26.760", 
   "id": "f000046", 
   "language": "en", 
   "lines": [
    "know"
   ]
  }, 
  {
   "begin": "26.760", 
   "end": "27.000", 
   "id": "f000047", 
   "language": "en", 
   "lines": [
    "what"
   ]
  }, 
  {
   "begin": "27.000", 
   "end": "27.240", 
   "id": "f000048", 
   "language": "en", 
   "lines": [
    "her"
   ]
  }, 
  {
   "begin": "27.240", 
   "end": "27.840", 
   "id": "f000049", 
   "language": "en", 
   "lines": [
    "Grandma"
   ]
  }, 
  {
   "begin": "27.840", 
   "end": "28.080", 
   "id": "f000050", 
   "language": "en", 
   "lines": [
    "got"
   ]
  }, 
  {
   "begin": "28.080", 
   "end": "28.760", 
   "id": "f000051", 
   "language": "en", 
   "lines": [
    "her?"
   ]
  }
 ]
}