{
 "fragments": [
  {
   "begin": "0.000", 
   "end": "0.240", 
   "id": "f000001", 
   "language": "en", 
   "lines": [
    "I"
   ]
  }, 
  {
   "begin": "0.240", 
   "end": "1.000", 
   "id": "f000002", 
   "language": "en", 
   "lines": [
    "see"
   ]
  }, 
  {
   "begin": "1.000", 
   "end": "1.040", 
   "id": "f000003", 
   "language": "en", 
   "lines": [
    "with"
   ]
  }, 
  {
   "begin": "1.040", 
   "end": "1.440", 
   "id": "f000004", 
   "language": "en", 
   "lines": [
    "my"
   ]
  }, 
  {
   "begin": "1.440", 
   "end": "1.800", 
   "id": "f000005", 
   "language": "en", 
   "lines": [
    "two"
   ]
  }, 
  {
   "begin": "1.800", 
   "end": "2.280", 
   "id": "f000006", 
   "language": "en", 
   "lines": [
    "black"
   ]
  }, 
  {
   "begin": "2.280", 
   "end": "3.320", 
   "id": "f000007", 
   "language": "en", 
   "lines": [
    "eyes"
   ]
  }, 
  {
   "begin": "3.320", 
   "end": "3.920", 
   "id": "f000008", 
   "language": "en", 
   "lines": [
    "all"
   ]
  }, 
  {
   "begin": "3.920", 
   "end": "3.920", 
   "id": "f000009", 
   "language": "en", 
   "lines": [
    "the"
   ]
  }, 
  {
   "begin": "3.920", 
   "end": "4.680", 
   "id": "f000010", 
   "language": "en", 
   "lines": [
    "colours"
   ]
  }, 
  {
   "begin": "4.680", 
   "end": "4.960", 
   "id": "f000011", 
   "language": "en", 
   "lines": [
    "as"
   ]
  }, 
  {
   "begin": "4.960", 
   "end": "5.240", 
   "id": "f000012", 
   "language": "en", 
   "lines": [
    "they"
   ]
  }, 
  {
   "begin": "5.240", 
   "end": "6.320", 
   "id": "f000013", 
   "language": "en", 
   "lines": [
    "fly"
   ]
  }
 ]
}