{
 "fragments": [
  {
   "begin": "0.000", 
   "end": "0.280", 
   "id": "f000001", 
   "language": "en", 
   "lines": [
    "I"
   ]
  }, 
  {
   "begin": "0.280", 
   "end": "1.120", 
   "id": "f000002", 
   "language": "en", 
   "lines": [
    "see"
   ]
  }, 
  {
   "begin": "1.120", 
   "end": "1.560", 
   "id": "f000003", 
   "language": "en", 
   "lines": [
    "a"
   ]
  }, 
  {
   "begin": "1.560", 
   "end": "1.880", 
   "id": "f000004", 
   "language": "en", 
   "lines": [
    "black"
   ]
  }, 
  {
   "begin": "1.880", 
   "end": "2.120", 
   "id": "f000005", 
   "language": "en", 
   "lines": [
    "and"
   ]
  }, 
  {
   "begin": "2.120", 
   "end": "2.520", 
   "id": "f000006", 
   "language": "en", 
   "lines": [
    "purple"
   ]
  }, 
  {
   "begin": "2.520", 
   "end": "3.360", 
   "id": "f000007", 
   "language": "en", 
   "lines": [
    "goat"
   ]
  }, 
  {
   "begin": "3.360", 
   "end": "4.160", 
   "id": "f000008", 
   "language": "en", 
   "lines": [
    "sailing"
   ]
  }, 
  {
   "begin": "4.160", 
   "end": "4.240", 
   "id": "f000009", 
   "language": "en", 
   "lines": [
    "in"
   ]
  }, 
  {
   "begin": "4.240", 
   "end": "4.920", 
   "id": "f000010", 
   "language": "en", 
   "lines": [
    "a"
   ]
  }, 
  {
   "begin": "4.920", 
   "end": "5.000", 
   "id": "f000011", 
   "language": "en", 
   "lines": [
    "red"
   ]
  }, 
  {
   "begin": "5.000", 
   "end": "5.840", 
   "id": "f000012", 
   "language": "en", 
   "lines": [
    "boat"
   ]
  }
 ]
}