{
 "fragments": [
  {
   "begin": "0.000", 
   "end": "0.400", 
   "id": "f000001", 
   "language": "en", 
   "lines": [
    "I"
   ]
  }, 
  {
   "begin": "0.400", 
   "end": "1.080", 
   "id": "f000002", 
   "language": "en", 
   "lines": [
    "see"
   ]
  }, 
  {
   "begin": "1.080", 
   "end": "1.120", 
   "id": "f000003", 
   "language": "en", 
   "lines": [
    "a"
   ]
  }, 
  {
   "begin": "1.120", 
   "end": "1.600", 
   "id": "f000004", 
   "language": "en", 
   "lines": [
    "green"
   ]
  }, 
  {
   "begin": "1.600", 
   "end": "2.200", 
   "id": "f000005", 
   "language": "en", 
   "lines": [
    "frog"
   ]
  }, 
  {
   "begin": "2.200", 
   "end": "2.560", 
   "id": "f000006", 
   "language": "en", 
   "lines": [
    "playing"
   ]
  }, 
  {
   "begin": "2.560", 
   "end": "3.040", 
   "id": "f000007", 
   "language": "en", 
   "lines": [
    "with"
   ]
  }, 
  {
   "begin": "3.040", 
   "end": "3.440", 
   "id": "f000008", 
   "language": "en", 
   "lines": [
    "a"
   ]
  }, 
  {
   "begin": "3.440", 
   "end": "3.880", 
   "id": "f000009", 
   "language": "en", 
   "lines": [
    "puppy"
   ]
  }, 
  {
   "begin": "3.880", 
   "end": "4.640", 
   "id": "f000010", 
   "language": "en", 
   "lines": [
    "dog"
   ]
  }
 ]
}