{"id":31,"name":"Colours of Nature","writtenby":"Bulbul Sharma","illustrationsby":"Bulbul Sharma","translationby":"","source":"Pratham Books","status":"active","level":1,"pages":[{"id":277,"content":"I see a blue butterfly waving goodbye","pageno":1,"image":"78e340ff4e7d06ccbaa7b60bb11a0189.jpg","audio":"fcbe90e19c8ac8d0d04fb88bdf96d25c.mp3","audio_map":"58569b21088939f764f12d25437bfe96.json","language":[{"language_id":5,"content":"\u0aae\u0ac7\u0a82 \u0a8f\u0a95 \u0ab5\u0abe\u0aa6\u0ab3\u0ac0 \u0aaa\u0aa4\u0a82\u0a97\u0abf\u0aaf\u0ac1\u0a82\u0a9c\u0acb\u0aaf\u0ac1\u0a82. \u0a8f \u0a86\u0ab5\u0a9c\u0acb \u0a95\u0ab9\u0ac7\u0aa4\u0ac1\u0a82\u0ab9\u0aa4\u0ac1\u0a82.\u2029"},{"language_id":6,"content":"\u0928\u0940\u0932\u0940 \u0924\u093f\u0924\u0932\u0940 \u0915\u0939\u0924\u0940 \u092c\u093e\u092f"},{"language_id":10,"content":"\u0a28\u0a40\u0a32\u0a40 \u0a24\u0a3f\u0a24\u0a32\u0a40 \u0a15\u0a39\u0a3f\u0a70\u0a26\u0a40 \u0a2e\u0a48\u0a02 \u0a1a\u0a71\u0a32\u0a40 \u0a39\u0a3e\u0a02\u2029"},{"language_id":12,"content":"\u0c28\u0c40\u0c32\u0c3f\u0c30\u0c02\u0c17\u0c41 \u0c38\u0c40\u0c24\u0c3e\u0c15\u0c4b\u0c15 \u0c1a\u0c3f\u0c32\u0c41\u0c15 \u0c17\u0c41\u0c21\u0c4d \u0c2c\u0c48 \u0c1a\u0c46\u0c2a\u0c4d\u0c2a\u0c1f\u0c02 \u0c1a\u0c42\u0c38\u0c4d\u0c24\u0c41\u0c28\u0c4d\u0c28\u0c3e\u0c28\u0c41.\u2029"},{"language_id":8,"content":"\u0928\u093f\u0933\u0902 \u0928\u093f\u0933\u0902 \u092b\u0941\u0932\u092a\u093e\u0916\u0930\u0942\u2029 \u0909\u0921\u0924\u0902 \u0906\u0939\u0947 \u0906\u0915\u093e\u0936\u0940\u2029"},{"language_id":7,"content":"\u0ca8\u0cc0\u0cb2\u0cbf \u0c9a\u0cbf\u0c9f\u0ccd\u0c9f\u0cc6\u0caf\u0cca\u0c82\u0ca6\u0cc1 \u0c9f\u0cbe\u0c9f\u0cbe \u0cae\u0cbe\u0ca1\u0cc1\u0cb5\u0cc1\u0ca6\u0ca8\u0cc1 \u0ca8\u0cbe \u0c95\u0c82\u0ca1\u0cc6\u2029"}]},{"id":278,"content":"I see a yellow bee drinking a cup of tea","pageno":2,"image":"b61ea405d7a0acb709dcf6c6ff8784a6.jpg","audio":"d0d55789e4ec0d504328a6cd9965bcb3.mp3","audio_map":"2dc592e92449ee9560ff218cb57e9b73.json","language":[{"language_id":5,"content":"\u0aae\u0ac7\u0a82 \u0a8f\u0a95 \u0aaa\u0ac0\u0ab3\u0ac0 \u0aae\u0abe\u0a96\u0ac0 \u0a9c\u0acb\u0a88 . \u0a8f \u0a95\u0aaa\u0aae\u0abe\u0a82\u0aa5\u0ac0 \u0a9a\u0abe \u0aaa\u0ac0\u0aa4\u0ac0 \u0ab9\u0aa4\u0ac0.\u2029"},{"language_id":6,"content":"\u092a\u0940\u0932\u0940 \u092e\u0927\u0941\u092e\u0915\u094d\u0916\u0940 \u092a\u0940\u0924\u0940 \u091a\u093e\u092f\u2029"},{"language_id":10,"content":"\u0a2a\u0a40\u0a32\u0a40 \u0a2e\u0a27\u0a42 \u0a2e\u0a71\u0a16\u0a40 \u0a2a\u0a40\u0a02\u0a26\u0a40 \u0a1a\u0a3e\u0a39\u2029"},{"language_id":12,"content":"\u0c15\u0c2a\u0c4d\u0c2a\u0c41\u0c32\u0c4b \u0c09\u0c28\u0c4d\u0c28 \u0c1f\u0c40 \u0c28\u0c3f \u0c24\u0c3e\u0c17\u0c41\u0c24\u0c41\u0c28\u0c4d\u0c28 \u0c2a\u0c38\u0c4d\u0c38\u0c41\u0c2a\u0c41 \u0c2a\u0c1a\u0c4d\u0c1a \u0c24\u0c47\u0c28\u0c47\u0c1f\u0c40\u0c17\u0c28\u0c3f \u0c1a\u0c42\u0c38\u0c4d\u0c24\u0c41\u0c28\u0c3e\u0c28\u0c41.\u2029"},{"language_id":8,"content":"\u091a\u094b\u0930\u0941\u0928 \u091a\u0939\u093e \u092a\u093f\u0924\u0947 \u0915\u0936\u0940  \u092a\u093f\u0935\u0933\u0940 \u092a\u093f\u0935\u0933\u0940 \u092e\u093e\u0936\u0940"},{"language_id":7,"content":"\u0cb9\u0cb3\u0ca6\u0cbf \u0ca6\u0cc1\u0c82\u0cac\u0cbf\u0caf\u0cca\u0c82\u0ca6\u0cc1 \u0c9f\u0cc0 \u0c95\u0cc1\u0ca1\u0cbf\u0caf\u0cc1\u0cb5\u0cc1\u0ca6\u0ca8\u0cc1 \u0ca8\u0cbe \u0c95\u0c82\u0ca1\u0cc6 \u2029"}]},{"id":279,"content":"I see a red fish in a dish","pageno":3,"image":"1bfb713720fbff5f965c42f0a4db6884.jpg","audio":"172d3537d93b75ddc6c3101b0711c501.mp3","audio_map":"c8a8f3370f2ef580755517e46eded437.json","language":[{"language_id":5,"content":"\u0aae\u0ac7\u0a82 \u0a8f\u0a95 \u0ab2\u0abe\u0ab2 \u0aae\u0abe\u0a9b\u0ab2\u0ac0 \u0a9c\u0acb\u0a88.\u2029 \u0a8f\u0a95 \u0aa1\u0ac0\u0ab6\u0aae\u0abe\u0a82 \u0a8f \u0a9d\u0acb\u0a95\u0abe\u0a96\u0abe\u0aa4\u0ac0 \u0ab9\u0aa4\u0ac0.\u2029"},{"language_id":6,"content":"\u092e\u091b\u0932\u0940 \u0938\u094b\u0924\u0940 \u0906\u0901\u0916\u0947\u0902 \u0916\u094b\u0932\u0947  \u2029"},{"language_id":10,"content":"\u0a2e\u0a71\u0a1b\u0a40 \u0a38\u0a4c\u0a02\u0a26\u0a40 \u0a16\u0a41\u0a32\u0a4d\u0a39\u0a15\u0a47 \u0a05\u0a71\u0a16\u0a3e\u0a02\u2029"},{"language_id":12,"content":"\u0c12\u0c15 \u0c17\u0c3f\u0c28\u0c4d\u0c28\u0c46\u0c32\u0c4b \u0c0f\u0c30\u0c4d\u0c30\u0c28\u0c3f \u0c1a\u0c47\u0c2a \u0c15\u0c41\u0c28\u0c41\u0c15\u0c41 \u0c24\u0c40\u0c2f\u0c1f\u0c02 \u0c1a\u0c41\u0c38\u0c4d\u0c24\u0c41\u0c28\u0c4d\u0c28\u0c3e\u0c28\u0c41.\u2029"},{"language_id":8,"content":"\u092e\u0932\u093e \u0926\u093f\u0938\u0932\u093e \u092c\u0936\u0940\u0924 \u092c\u0938\u0932\u093e\u2029 \u0932\u093e\u0932 \u0932\u093e\u0932 \u092e\u093e\u0938\u093e\u2029"},{"language_id":7,"content":"\u0c95\u0cc6\u0c82\u0caa\u0cc1 \u0cae\u0cc0\u0ca8\u0cca\u0c82\u0ca6\u0cc1 \u0caa\u0cbe\u0ca4\u0ccd\u0cb0\u0cc6\u0caf\u0cca\u0c82\u0ca6\u0cb0\u0cb2\u0ccd\u0cb2\u0cbf \u0ca8\u0cbf\u0ca6\u0ccd\u0cb0\u0cbf\u0cb8\u0cc1\u0cb5\u0cc1\u0ca6\u0ca8\u0cc1 \u0ca8\u0cbe \u0c95\u0c82\u0ca1\u0cc6"}]},{"id":280,"content":"I see a green frog playing with a puppy dog","pageno":4,"image":"1b21a6d58eb944866f22481b647b2bf8.jpg","audio":"ef6b71d969369959d0727e86576abd23.mp3","audio_map":"2a0b17257807477c5643b29b101705e3.json","language":[{"language_id":5,"content":"\u0aae\u0ac7\u0a82 \u0a8f\u0a95 \u0ab2\u0ac0\u0ab2\u0acb \u0aa6\u0ac7\u0aa1\u0a95\u0acb \u0a9c\u0acb\u0aaf\u0acb \u0a9c\u0ac7 \u0a97\u0ab2\u0ac1\u0aa1\u0abf\u0aaf\u0abe \u0ab8\u0abe\u0aa5\u0ac7 \u0ab0\u0aae\u0aa4\u0acb \u0ab9\u0aa4\u0acb.\u2029"},{"language_id":6,"content":"\u092e\u0947\u0902\u0922\u0915 \u0926\u0947\u0916\u094b \u091f\u0930 \u091f\u0930 \u092c\u094b\u0932\u0947"},{"language_id":10,"content":"\u0a21\u0a71\u0a21\u0a42 \u0a26\u0a47\u0a16\u0a4b \u0a1f\u0a30-\u0a1f\u0a30 \u0a2c\u0a4b\u0a32\u0a47\u2029"},{"language_id":12,"content":"\u0c12\u0c15 \u0c2c\u0c4a\u0c26\u0c4d\u0c26\u0c48\u0c28 \u0c15\u0c41\u0c15\u0c4d\u0c15 \u0c2a\u0c3f\u0c32\u0c4d\u0c32\u0c24\u0c4b \u0c06\u0c21\u0c41\u0c15\u0c41\u0c02\u0c1f\u0c41\u0c28\u0c4d\u0c28 \u0c06\u0c15\u0c41\u0c2a\u0c1a\u0c4d\u0c1a\u0c28\u0c3f \u0c15\u0c2a\u0c4d\u0c2a\u0c28\u0c3f \u0c1a\u0c42\u0c38\u0c4d\u0c24\u0c41\u0c28\u0c4d\u0c28\u0c3e\u0c28\u0c41.\u2029"},{"language_id":8,"content":"\u0939\u093f\u0930\u0935\u093e \u092c\u0947\u0921\u0942\u0915 \u092d\u0942\u092d\u0942\u0942\u092c\u0930\u094b\u092c\u0930\u2029 \u091a\u0947\u0902\u0921\u0942 \u0916\u0947\u0933\u0924\u094b \u0915\u0938\u093e\u2029"},{"language_id":7,"content":"\u0cb9\u0cb8\u0cbf\u0cb0\u0cc1 \u0c95\u0caa\u0ccd\u0caa\u0cc6\u0caf\u0cca\u0c82\u0ca6\u0cc1 \u0ca8\u0cbe\u0caf\u0cbf\u0cae\u0cb0\u0cbf \u0c9c\u0cca\u0ca4\u0cc6 \u0c86\u0ca1\u0cc1\u0cb5\u0cc1\u0ca6\u0ca8\u0cc1 \u0ca8\u0cbe \u0c95\u0c82\u0ca1\u0cc6\u2029"}]},{"id":281,"content":"I see an orange duck wishing me good luck","pageno":5,"image":"d2883b3bf3e10c346de1962aafffe798.jpg","audio":"eab411dc29293afad517cc0022e6d35e.mp3","audio_map":"6dadd6d23f85b1c3f62509bc1a1e4011.json","language":[{"language_id":5,"content":"\u0aae\u0ac7\u0a82 \u0a8f\u0a95 \u0a95\u0ac7\u0ab8\u0ab0\u0ac0 \u0aac\u0aa4\u0a95 \u0a9c\u0acb\u0aaf\u0ac1\u0a82. \u0a8f \u0aae\u0aa8\u0ac7 \u0ab6\u0ac1\u0aad\u0ac7\u0a9a\u0acd\u0a9b\u0abe \u0aaa\u0abe\u0aa0\u0ab5\u0aa4\u0ac1\u0a82 \u0ab9\u0aa4\u0ac1\u0a82.\u2029"},{"language_id":6,"content":"\u092a\u094d\u092f\u093e\u0930\u0940 \u092c\u0924\u094d\u0924\u0916 \u0915\u0940 \u0938\u0941\u0928\u094b \u0938\u0926\u093e\u2029"},{"language_id":10,"content":"\u0a2a\u0a3f\u0a06\u0a30\u0a40 \u0a2c\u0a71\u0a24\u0a59 \u0a26\u0a40 \u0a38\u0a41\u0a23\u0a4b \u0a06\u0a35\u0a3e\u0a5b\u0964"},{"language_id":12,"content":"\u0c12\u0c15 \u0c28\u0c3e\u0c30\u0c3f\u0c02\u0c1c \u0c30\u0c02\u0c17\u0c41 \u0c2c\u0c3e\u0c24\u0c41 \u0c28\u0c3e\u0c15\u0c41 \u0c36\u0c41\u0c2d\u0c3e\u0c15\u0c3e\u0c02\u0c15\u0c4d\u0c37\u0c32\u0c41 \u0c1a\u0c46\u0c2a\u0c4d\u0c2a\u0c1f\u0c02 \u0c1a\u0c42\u0c38\u0c4d\u0c24\u0c41\u0c28\u0c4d\u0c28\u0c3e\u0c28\u0c41.\u2029"},{"language_id":8,"content":"\u0915\u0947\u0936\u0930\u0940 \u092c\u0926\u0915 \u0932\u093e\u0932 \u0915\u092e\u0933 \r\n \u0932\u093e\u0932 \u0932\u093e\u0932 \u0915\u0933\u0940"},{"language_id":7,"content":"\u0ca8\u0ca8\u0c97\u0cc6 \u0c92\u0cb3\u0cbf\u0ca4\u0cbe\u0c97\u0cb2\u0cc6\u0c82\u0ca6\u0cc1 \u0cb9\u0cbe\u0cb0\u0cc8\u0cb8\u0cc1\u0cb5 \u0c95\u0cbf\u0ca4\u0ccd\u0ca4\u0cb3\u0cc6 \u0cac\u0ca3\u0ccd\u0ca3\u0ca6 \u0cac\u0cbe\u0ca4\u0cc1\u0c95\u0ccb\u0cb3\u0cbf\u0caf\u0ca8\u0cc1 \u0ca8\u0cbe \u0c95\u0c82\u0ca1\u0cc6\u2029"}]},{"id":282,"content":"I see a violet flower dancing with a caterpillar","pageno":6,"image":"a72348484af9eb38db76a46c913572db.jpg","audio":"13f301f65b66a7c4ca0c15da49d9da3b.mp3","audio_map":"ef03dfccbd16f31a5f97c97086d355c8.json","language":[{"language_id":5,"content":"\u0aae\u0ac7\u0a82 \u0a8f\u0a95 \u0a9c\u0abe\u0a82\u0aac\u0ab2\u0ac0 \u0aab\u0ac2\u0ab2 \u0a9c\u0acb\u0aaf\u0ac1\u0a82.\u2029 \u0a8f\u0a95 \u0a88\u0aaf\u0ab3 \u0ab8\u0abe\u0aa5\u0ac7 \u0a8f \u0aa8\u0ac3\u0aa4\u0acd\u0aaf \u0a95\u0ab0\u0aa4\u0ac1\u0a82 \u0ab9\u0aa4\u0ac1\u0a82.\u2029"},{"language_id":6,"content":"\u092b\u0942\u0932 \u0914\u0930 \u0907\u0932\u094d\u0932\u0940 \u0915\u0930\u0924\u0947 \u092e\u093c\u091c\u093e\u2029"},{"language_id":10,"content":"\u0a2b\u0a41\u0a71\u0a32 \u0a05\u0a24\u0a47 \u0a38\u0a41\u0a70\u0a21\u0a40 \u0a15\u0a30\u0a26\u0a47 \u0a2e\u0a5b\u0a3e\u0964"},{"language_id":12,"content":"\u0c12\u0c15 \u0c0a\u0c26\u0c3e\u0c30\u0c02\u0c17\u0c41 \u0c2a\u0c41\u0c35\u0c4d\u0c35\u0c41 \u0c15\u0c02\u0c2c\u0c33\u0c40 \u0c2a\u0c41\u0c30\u0c41\u0c17\u0c41\u0c24\u0c4b \u0c28\u0c3e\u0c1f\u0c4d\u0c2f\u0c02 \u0c1a\u0c47\u0c2f\u0c1f\u0c02 \u0c1a\u0c42\u0c38\u0c4d\u0c24\u0c41\u0c28\u0c4d\u0c28\u0c3e\u0c28\u0c41.\u2029"},{"language_id":8,"content":"\u092b\u0941\u0932\u0902 \u0915\u093f\u0924\u0940 \u091c\u093e\u0902\u092d\u0933\u0940 \u091c\u093e\u0902\u092d\u0933\u0940\u2029 \u0924\u094d\u092f\u093e\u0935\u0930 \u0928\u093e\u091a\u0924\u0947 \u0939\u093f\u0930\u0935\u0940 \u0905\u0933\u0940\u2029"},{"language_id":7,"content":"\u0ca8\u0cc7\u0cb0\u0cb3\u0cc6 \u0cb9\u0cc2\u0cb5\u0cca\u0c82\u0ca6\u0cc1 \u0c95\u0c82\u0cac\u0cb3\u0cbf \u0cb9\u0cc1\u0cb3\u0ca6\u0cca\u0ca1\u0ca8\u0cc6 \u0ca8\u0cb0\u0ccd\u0ca4\u0cbf\u0cb8\u0cc1\u0cb5\u0cc1\u0ca6\u0ca8\u0cc1 \u0ca8\u0cbe \u0c95\u0c82\u0ca1\u0cc6\u2029"}]},{"id":283,"content":"I see a grey and black cat wearing an orange hat","pageno":7,"image":"ca5f99f9ef4be503f61afbdd8beef932.jpg","audio":"e7d769be86dcc8cb7c036e7598315fcb.mp3","audio_map":"ed9ceb1a783e9e82b89f3bad545a7a02.json","language":[{"language_id":5,"content":"\u0aae\u0ac7\u0a82 \u0a8f\u0a95 \u0ab0\u0abe\u0a96\u0acb\u0aa1\u0ac0\u0a85\u0aa8\u0ac7 \u0a95\u0abe\u0ab3\u0abe \u0ab0\u0a82\u0a97\u0aa8\u0ac0 \u0aac\u0abf\u0ab2\u0abe\u0aa1\u0ac0 \u0a9c\u0acb\u0a88.\u2029 \u0a8f\u0aa3\u0ac7 \u0a95\u0ac7\u0ab8\u0ab0\u0ac0\u0a9f\u0acb\u0aaa\u0acb \u0aaa\u0ab9\u0ac7\u0ab0\u0acd\u0aaf\u0acb \u0ab9\u0aa4\u0acb.\u2029"},{"language_id":6,"content":"\u092c\u093f\u0932\u094d\u0932\u0940 \u092a\u0930 \u0938\u091c\u0924\u0940 \u0928\u093e\u0930\u0902\u0917\u0940 \u091f\u094b\u092a\u0940\u2029"},{"language_id":10,"content":"\u0a2c\u0a3f\u0a71\u0a32\u0a40 \u2018\u0a24\u0a47 \u0a38\u0a1c\u0a26\u0a40 \u0a28\u0a3e\u0a30\u0a70\u0a17\u0a40 \u0a1f\u0a4b\u0a2a\u0a40\u2029"},{"language_id":12,"content":"\u0c12\u0c15 \u0c2c\u0c42\u0c21\u0c3f\u0c26 \u0c30\u0c02\u0c17\u0c41, \u0c28\u0c32\u0c41\u0c2a\u0c41\u0c32\u0c24\u0c4b \u0c15\u0c32\u0c17\u0c32\u0c3f\u0c38\u0c3f\u0c28 \u0c30\u0c02\u0c17\u0c41\u0c32\u0c4b \u0c09\u0c28\u0c4d\u0c28 \u0c2a\u0c3f\u0c32\u0c4d\u0c32\u0c3f \u0c28\u0c3e\u0c30\u0c3f\u0c02\u0c1c \u0c24\u0c4b\u0c2a\u0c40 \u0c2a\u0c46\u0c1f\u0c4d\u0c1f\u0c41\u0c15\u0c4b\u0c35\u0c1f\u0c02 \u0c1a\u0c42\u0c38\u0c4d\u0c24\u0c41\u0c28\u0c4d\u0c28\u0c3e\u0c28\u0c41.\u2029"},{"language_id":8,"content":"\u0915\u093e\u0933\u0940 \u0915\u0930\u0921\u0940 \u092e\u0928\u0940\u092e\u093e\u090a\u2029 \u0915\u0947\u0936\u0930\u0940 \u091f\u094b\u092a\u0940 \u0910\u091f \u092a\u093e\u0939\u0942\u2029"},{"language_id":7,"content":"\u0cac\u0cc2\u0ca6\u0cc1 \u0cae\u0ca4\u0ccd\u0ca4\u0cc1 \u0c95\u0cb0\u0cbf \u0cac\u0ca3\u0ccd\u0ca3\u0ca6 \u0cac\u0cc6\u0c95\u0ccd\u0c95\u0cca\u0c82\u0ca6\u0cc1 \u0c95\u0cbf\u0ca4\u0ccd\u0ca4\u0cb3\u0cc6 \u0cac\u0ca3\u0ccd\u0ca3\u0ca6 \u0cb9\u0ccd\u0caf\u0cbe\u0c9f\u0ccd \u0ca7\u0cb0\u0cbf\u0cb8\u0cbf\u0ca6\u0ccd\u0ca6\u0ca8\u0cc1 \u0ca8\u0cbe \u0c95\u0c82\u0ca1\u0cc6\u2029"}]},{"id":284,"content":"I see a grey and brown mouse hiding in a pink house","pageno":8,"image":"e4f62963e64a260db8ae1e0203bb034d.jpg","audio":"a319ae04bf85438bae88be8b8396613e.mp3","audio_map":"86a099003e3dcc8211cba50f4e43a12a.json","language":[{"language_id":5,"content":"\u0aae\u0ac7\u0a82 \u0a8f\u0a95 \u0aad\u0ac2\u0a96\u0ab0\u0acb\u0a85\u0aa8\u0ac7 \u0a95\u0aa5\u0acd\u0aa5\u0a88 \u0a8a\u0a82\u0aa6\u0ab0 \u0a9c\u0acb\u0aaf\u0acb.\u2029 \u0a8f\u0a95 \u0a97\u0ac1\u0ab2\u0abe\u0aac\u0ac0 \u0a98\u0ab0\u0aae\u0abe\u0a82 \u0a8f \u0a9b\u0ac1\u0aaa\u0abe\u0aaf\u0acb \u0ab9\u0aa4\u0acb.\u2029"},{"language_id":6,"content":"\u0917\u0941\u0932\u093e\u092c\u0940 \u0918\u0930 \u092e\u0947\u0902 \u091a\u0941\u0939\u093f\u092f\u093e \u091b\u0941\u092a\u0940"},{"language_id":10,"content":"\u0a17\u0a41\u0a32\u0a3e\u0a2c\u0a40 \u0a18\u0a30 \u0a35\u0a3f\u0a1a \u0a1a\u0a42\u0a39\u0a40 \u0a32\u0a41\u0a15\u0a26\u0a40\u2029"},{"language_id":12,"content":"\u0c12\u0c15 \u0c2c\u0c42\u0c21\u0c3f\u0c26 \u0c30\u0c02\u0c17\u0c41, \u0c17\u0c4b\u0c27\u0c41\u0c2e \u0c30\u0c02\u0c17\u0c41\u0c32\u0c24\u0c4b \u0c15\u0c32\u0c17\u0c32\u0c3f\u0c38\u0c3f\u0c28 \u0c30\u0c02\u0c17\u0c41\u0c32\u0c4b \u0c09\u0c28\u0c4d\u0c28 \u0c0e\u0c32\u0c41\u0c15 \u0c05\u0c30\u0c41\u0c23\u0c35\u0c30\u0c4d\u0c23\u0c02 \u0c15\u0c32\u0c3f\u0c17\u0c3f\u0c28 \u0c07\u0c02\u0c1f\u0c4d\u0c32\u0c4b \u0c26\u0c3e\u0c15\u0c4d\u0c15\u0c41\u0c28\u0c3f \u0c09\u0c02\u0c26\u0c3f.\u2029"},{"language_id":8,"content":"\u0917\u0941\u0932\u093e\u092c\u0940 \u0918\u0930\u093e\u0924 \u0932\u092a\u0932\u0947 \u0915\u094b\u0923 \u0909\u0902\u0926\u0940\u0930\u092e\u093e\u092e\u093e \u0915\u093e\u0933\u0947\u0922\u094b\u0923"},{"language_id":7,"content":"\u0ca4\u0cbf\u0cb3\u0cbf\u0c97\u0cc1\u0cb2\u0cbe\u0cac\u0cbf \u0cae\u0ca8\u0cc6\u0caf\u0cca\u0c82\u0ca6\u0cb0\u0cb2\u0cbf \u0c85\u0cb5\u0cbf\u0ca4\u0cbf\u0cb0\u0cc1\u0cb5 \u0cac\u0cc2\u0ca6\u0cc1 \u0cae\u0ca4\u0ccd\u0ca4\u0cc1 \u0c9a\u0cbe\u0c95\u0cb2\u0cc7\u0c9f\u0ccd \u0cac\u0ca3\u0ccd\u0ca3\u0ca6 \u0c87\u0cb2\u0cbf\u0caf\u0cca\u0c82\u0ca6\u0ca8\u0cc1 \u0ca8\u0cbe \u0c95\u0c82\u0ca1\u0cc6\u2029"}]},{"id":285,"content":"I see a red and black fox wearing purple socks","pageno":9,"image":"ef120e4aa2487b4c9f5f1be47b592b69.jpg","audio":"6f999d13e8597f17a9dd24af8e8850ba.mp3","audio_map":"ef46d231bcccf0a9ec931f87f5f0db26.json","language":[{"language_id":5,"content":"\u0aae\u0ac7\u0a82 \u0a8f\u0a95 \u0ab2\u0abe\u0ab2 \u0a85\u0aa8\u0ac7 \u0a95\u0abe\u0ab3\u0ac1\u0a82 \u0ab6\u0abf\u0aaf\u0abe\u0ab3 \u0a9c\u0acb\u0aaf\u0ac1\u0a82,\u2029 \u0a9c\u0ac7\u0aa3\u0ac7 \u0a9c\u0abe\u0a82\u0aac\u0ab2\u0ac0 \u0aae\u0acb\u0a9c\u0abe\u0a82 \u0aaa\u0ab9\u0ac7\u0ab0\u0acd\u0aaf\u0abe \u0ab9\u0aa4\u0abe.\u2029"},{"language_id":6,"content":"\u091c\u093e\u092e\u0928\u0940 \u092e\u094b\u095b\u0947 \u0932\u094b\u092e\u095c\u0940 \u092a\u0939\u0928\u0947"},{"language_id":10,"content":"\u0a1c\u0a3e\u0a2e\u0a23\u0a40 \u0a1c\u0a41\u0a30\u0a3e\u0a2c\u0a3e\u0a02 \u0a2a\u0a3e\u0a08\u0a06\u0a02 \u0a32\u0a42\u0a70\u0a2c\u0a5c\u0a40 \u0a28\u0a47\u2029"},{"language_id":12,"content":"\u0c12\u0c15 \u0c0e\u0c30\u0c41\u0c2a\u0c4d\u0c2a\u0c41, \u0c28\u0c32\u0c41\u0c2a\u0c41 \u0c15\u0c32\u0c17\u0c32\u0c3f\u0c38\u0c3f\u0c28 \u0c30\u0c02\u0c17\u0c41\u0c32\u0c4b \u0c09\u0c28\u0c4d\u0c28 \u0c28\u0c15\u0c4d\u0c15 \u0c28\u0c47\u0c30\u0c47\u0c21\u0c41\u0c2a\u0c02\u0c21\u0c41 \u0c38\u0c3e\u0c15\u0c4d\u0c38\u0c41\u0c32\u0c41 \u0c35\u0c47\u0c38\u0c41\u0c15\u0c4b\u0c35\u0c1f\u0c02 \u0c1a\u0c42\u0c38\u0c4d\u0c24\u0c41\u0c28\u0c4d\u0c28\u0c3e\u0c28\u0c41.\u2029"},{"language_id":8,"content":"\u0915\u094b\u0932\u094d\u0939\u094b\u092c\u093e \u0926\u093f\u0938\u0924\u093e\u0924 \u0932\u093e\u0932 \u0915\u093e\u0933\u0947\u2029 \u091a\u093e\u0930 \u092e\u094b\u091c\u0947 \u091c\u093e\u0902\u092d\u0933\u0947 \u091c\u093e\u0902\u092d\u0933\u0947\u2029"},{"language_id":7,"content":"\u0c95\u0ca1\u0cc1 \u0ca8\u0cc7\u0cb0\u0cb3\u0cc6 \u0c95\u0cbe\u0cb2\u0cc1\u0c9a\u0cc7\u0cb2 \u0ca7\u0cb0\u0cbf\u0cb8\u0cbf\u0ca6 \u0c95\u0cc6\u0c82\u0caa\u0cc1-\u0c95\u0caa\u0ccd\u0caa\u0cc1 \u0cac\u0ca3\u0ccd\u0ca3\u0ca6 \u0ca8\u0cb0\u0cbf\u0caf\u0cca\u0c82\u0ca6\u0ca8\u0cc1 \u0ca8\u0cbe \u0c95\u0c82\u0ca1\u0cc6"}]},{"id":286,"content":"I see a green grasshopper reading a black and white newspaper","pageno":10,"image":"57da12185a2dcc07edfaad815d5c9f72.jpg","audio":"b21fbffcdf4c04f25d071f960acaab60.mp3","audio_map":"9fe5bde9f892d71fec25e9930ee3b5bf.json","language":[{"language_id":5,"content":"\u0aae\u0ac7\u0a82 \u0a8f\u0a95 \u0ab2\u0ac0\u0ab2\u0acb \u0aa4\u0ac0\u0aa4\u0ac0\u0a98\u0acb\u0aa1\u0acb \u0a9c\u0acb\u0aaf\u0acb.\u2029 \u0a8f \u0ab8\u0aab\u0ac7\u0aa6 \u0a85\u0aa8\u0ac7 \u0a95\u0abe\u0ab3\u0ac1\u0a82 \u0a85\u0a96\u0aac\u0abe\u0ab0 \u0ab5\u0abe\u0a82\u0a9a\u0aa4\u0acb \u0ab9\u0aa4\u0acb.\u2029"},{"language_id":6,"content":"\u091f\u093f\u0921\u094d\u0921\u093e \u0932\u0917\u093e \u0905\u0916\u092c\u093e\u0930 \u092a\u095d\u0928\u0947\u2029"},{"language_id":10,"content":"\u0a1f\u0a3f\u0a71\u0a21\u0a3e \u0a32\u0a71\u0a17\u0a3f\u0a06 \u0a2a\u0a5c\u0a4d\u0a39\u0a28 \u0a05\u0a59\u0a2c\u0a3e\u0a30\u2029"},{"language_id":12,"content":"\u0c12\u0c15 \u0c06\u0c15\u0c41 \u0c2a\u0c1a\u0c4d\u0c1a\u0c28\u0c3f \u0c17\u0c4a\u0c32\u0c4d\u0c32 \u0c2d\u0c3e\u0c2e \u0c28\u0c32\u0c41\u0c2a\u0c41, \u0c24\u0c46\u0c32\u0c41\u0c2a\u0c41\u0c32\u0c4d\u0c32\u0c4b \u0c09\u0c28\u0c4d\u0c28 \u0c35\u0c3e\u0c30\u0c4d\u0c24\u0c3e \u0c2a\u0c24\u0c4d\u0c30\u0c3f\u0c15\u0c28\u0c41 \u0c1a\u0c26\u0c35\u0c1f\u0c02   \u0c1a\u0c42\u0c38\u0c4d\u0c24\u0c41\u0c28\u0c4d\u0c28\u0c3e\u0c28\u0c41.\u2029"},{"language_id":8,"content":"\u0905\u092d\u094d\u092f\u093e\u0938 \u0915\u0930\u0924\u094b \u0925\u094b\u0921\u093e \u0925\u094b\u0921\u093e\u2029 \u0939\u093f\u0930\u0935\u093e \u0939\u093f\u0930\u0935\u093e \u0928\u093e\u0915\u0924\u094b\u0921\u093e\u2029"},{"language_id":7,"content":"\u0cb9\u0cb8\u0cbf\u0cb0\u0cc1 \u0cae\u0cbf\u0ca1\u0ca4\u0cc6\u0caf\u0cca\u0c82\u0ca6\u0cc1 \u0c95\u0caa\u0ccd\u0caa\u0cc1-\u0cac\u0cbf\u0cb3\u0cbf \u0ca8\u0ccd\u0caf\u0cc2\u0cb8\u0ccd\u200c\u0caa\u0cc7\u0caa\u0cb0\u0ccd \u0c93\u0ca6\u0cc1\u0cb5\u0cc1\u0ca6\u0ca8\u0cc1 \u0ca8\u0cbe \u0c95\u0c82\u0ca1\u0cc6\u2029"}]},{"id":287,"content":"I see a black and purple goat sailing in a red boat","pageno":11,"image":"71589883e8183aba95e39ff85706bea6.jpg","audio":"fc4a492c76158f678a7fe16e72f5e88a.mp3","audio_map":"16397e2f91f70ed8a96023c040ed3078.json","language":[{"language_id":5,"content":"\u0aae\u0ac7\u0a82 \u0a8f\u0a95 \u0a95\u0abe\u0ab3\u0ac0 \u0a85\u0aa8\u0ac7 \u0a9c\u0abe\u0a82\u0aac\u0ab2\u0ac0  \u0aac\u0a95\u0ab0\u0ac0 \u0a9c\u0acb\u0a88.\u2029 \u0a8f \u0ab2\u0abe\u0ab2 \u0ab9\u0acb\u0aa1\u0ac0\u0aae\u0abe\u0a82 \u0ab8\u0ab9\u0ac7\u0ab2 \u0a95\u0ab0\u0aa4\u0ac0 \u0ab9\u0aa4\u0ac0.\u2029"},{"language_id":6,"content":"\u0932\u093e\u0932 \u0928\u093e\u0935 \u092e\u0947\u0902 \u092c\u0948\u0920\u0940 \u092c\u0915\u0930\u0940\u2029"},{"language_id":10,"content":"\u0a32\u0a3e\u0a32 \u0a15\u0a3f\u0a36\u0a24\u0a40 \u0a35\u0a3f\u0a1a \u0a2c\u0a48\u0a20\u0a40 \u0a2c\u0a71\u0a15\u0a30\u0a40\u2029"},{"language_id":12,"content":"\u0c12\u0c15 \u0c28\u0c32\u0c41\u0c2a\u0c41, \u0c28\u0c47\u0c30\u0c47\u0c21\u0c41 \u0c2a\u0c02\u0c21\u0c41 \u0c30\u0c02\u0c17\u0c41\u0c32\u0c41 \u0c15\u0c32\u0c17\u0c32\u0c3f\u0c38\u0c3f\u0c28 \u0c2e\u0c47\u0c15 \u0c0e\u0c30\u0c4d\u0c30\u0c28\u0c3f \u0c2a\u0c21\u0c35\u0c32\u0c4b \u0c2a\u0c4d\u0c30\u0c2f\u0c3e\u0c23\u0c3f\u0c02\u0c1a\u0c1f\u0c02 \u0c1a\u0c42\u0c38\u0c4d\u0c24\u0c41\u0c28\u0c4d\u0c28\u0c3e\u0c28\u0c41.\u2029"},{"language_id":8,"content":"\u0915\u093e\u0933\u093e \u091c\u093e\u0902\u092d\u0933\u093e \u092c\u094b\u0915\u0921 \u091a\u093e\u0932\u0935\u0947 \u0939\u094b\u0921\u0940 \u0932\u093e\u0932 \u0932\u093e\u0932"},{"language_id":7,"content":"\u0cb9\u0cb8\u0cbf\u0cb0\u0cc1 \u0cb9\u0cbe\u0c97\u0cc2 \u0c9a\u0cbe\u0c95\u0cb2\u0cc7\u0c9f\u0ccd \u0cac\u0ca3\u0ccd\u0ca3\u0ca6 \u0cae\u0cca\u0cb8\u0cb3\u0cc6\u0caf\u0cca\u0c82\u0ca6\u0cc1 \u0cac\u0cbe\u0caf\u0cbf\u0ca4\u0cc1\u0c82\u0cac \u0ca8\u0c97\u0cc6 \u0cb8\u0cc2\u0cb8\u0cc1\u0cb5\u0cc1\u0ca6\u0ca8\u0cc1 \u0ca8\u0cbe \u0c95\u0c82\u0ca1\u0cc6\u2029"}]},{"id":288,"content":"I see a green and brown crocodile giving me a big smile","pageno":12,"image":"9aae528541d752b607ab548ffd4360ef.jpg","audio":"39b988b1baa3c774aa8ff305d10e2dc5.mp3","audio_map":"54db2c051ec400906f626fb97dc6e355.json","language":[{"language_id":5,"content":"\u0aae\u0ac7\u0a82 \u0ab2\u0ac0\u0ab2\u0acb \u0a85\u0aa8\u0ac7 \u0a95\u0aa5\u0acd\u0aa5\u0a88 \u0aae\u0a97\u0ab0 \u0a9c\u0acb\u0aaf\u0acb.\u2029 \u0a8f \u0aae\u0abe\u0ab0\u0ac0 \u0ab8\u0abe\u0aae\u0ac7 \u0aae\u0acb \u0aab\u0abe\u0aa1\u0ac0\u0aa8\u0ac7 \u0ab9\u0ab8\u0aa4\u0acb \u0ab9\u0aa4\u0acb.\u2029"},{"language_id":6,"content":"\u0939\u0930\u093e \u092e\u0917\u0930 \u0915\u0930\u0947 \u092e\u0938\u0916\u0930\u0940\u2029"},{"language_id":10,"content":"\u0a2d\u0a42\u0a30\u0a3e \u0a05\u0a24\u0a47 \u0a39\u0a30\u0a3e \u0a2e\u0a17\u0a30\u0a2e\u0a71\u0a1b \u0a15\u0a30\u0a47 \u0a2e\u0a36\u0a15\u0a30\u0a40\u2029"},{"language_id":12,"content":"\u0c12\u0c15 \u0c06\u0c15\u0c41\u0c2a\u0c1a\u0c4d\u0c1a, \u0c17\u0c4b\u0c27\u0c41\u0c2e \u0c15\u0c32\u0c17\u0c32\u0c3f\u0c38\u0c3f\u0c28 \u0c30\u0c02\u0c17\u0c41\u0c32\u0c4b \u0c09\u0c28\u0c4d\u0c28 \u0c2e\u0c4a\u0c38\u0c32\u0c3f \u0c2a\u0c46\u0c26\u0c4d\u0c26\u0c17\u0c3e \u0c28\u0c35\u0c4d\u0c35\u0c1f\u0c02 \u0c1a\u0c42\u0c38\u0c4d\u0c24\u0c41\u0c28\u0c4d\u0c28\u0c3e\u0c28\u0c41.\u2029"},{"language_id":8,"content":"\u0939\u093f\u0930\u0935\u0940 \u0915\u0930\u0921\u0940 \u092e\u0917\u0930\u2029 \u0939\u0938\u0924\u0947 \u0915\u0936\u0940 \u0917\u094b\u0921 \u0927\u092e\u093e\u0932\u2029"},{"language_id":7,"content":"\u0cb9\u0cb8\u0cbf\u0cb0\u0cc1 \u0cb9\u0cbe\u0c97\u0cc2 \u0c9a\u0cbe\u0c95\u0cb2\u0cc7\u0c9f\u0ccd \u0cac\u0ca3\u0ccd\u0ca3\u0ca6 \u0cae\u0cca\u0cb8\u0cb3\u0cc6\u0caf\u0cca\u0c82\u0ca6\u0cc1 \u0cac\u0cbe\u0caf\u0cbf\u0ca4\u0cc1\u0c82\u0cac \u0ca8\u0c97\u0cc6 \u0cb8\u0cc2\u0cb8\u0cc1\u0cb5\u0cc1\u0ca6\u0ca8\u0cc1 \u0ca8\u0cbe \u0c95\u0c82\u0ca1\u0cc6\u2029"}]},{"id":289,"content":"I see a black and blue snake eating a slice of cake","pageno":13,"image":"7807181182ee5c9d18b3a4ba55f4972e.jpg","audio":"dd3e10aa3f4679580472c76c0cfcd9af.mp3","audio_map":"6f575275003906d88706c9437742633f.json","language":[{"language_id":5,"content":"\u0aae\u0ac7\u0a82 \u0a8f\u0a95 \u0a95\u0abe\u0ab3\u0acb \u0a85\u0aa8\u0ac7 \u0ab5\u0abe\u0aa6\u0ab3\u0ac0 \u0ab8\u0abe\u0aaa \u0a9c\u0acb\u0aaf\u0acb.\u2029 \u0a8f \u0a95\u0ac7\u0a95 \u0a96\u0abe\u0aa4\u0acb \u0ab9\u0aa4\u0acb.\u2029"},{"language_id":6,"content":"\u0938\u093e\u0901\u092a \u092e\u093c\u091c\u0947 \u0938\u0947 \u0916\u093e\u0924\u093e \u0915\u0947\u0915\u2029"},{"language_id":10,"content":"\u0a38\u0a71\u0a2a  \u0a2e\u0a5b\u0a47\u0a28\u0a3e\u0a32 \u0a16\u0a3e\u0a02\u0a26\u0a3e \u0a15\u0a47\u0a15\u2029"},{"language_id":12,"content":"\u0c12\u0c15 \u0c28\u0c32\u0c41\u0c2a\u0c41, \u0c28\u0c40\u0c32\u0c3f\u0c2e \u0c30\u0c02\u0c17\u0c41 \u0c15\u0c32\u0c17\u0c32\u0c3f\u0c38\u0c3f\u0c28 \u0c30\u0c02\u0c17\u0c41\u0c32\u0c4b \u0c09\u0c28\u0c4d\u0c28 \u0c2a\u0c3e\u0c2e\u0c41 \u0c12\u0c15 \u0c15\u0c47\u0c15\u0c4d \u0c2e\u0c41\u0c15\u0c4d\u0c15\u0c28\u0c3f \u0c24\u0c3f\u0c28\u0c1f\u0c02 \u0c1a\u0c42\u0c38\u0c4d\u0c24\u0c41\u0c28\u0c4d\u0c28\u0c3e\u0c28\u0c41.\u2029"},{"language_id":8,"content":"\u0915\u093e\u0933\u093e \u0928\u093f\u0933\u093e \u0938\u093e\u092a\u2029 \u0915\u0947\u0915 \u0916\u093e\u0924\u094b \u092e\u091f\u093e\u092e\u091f\u093e\u2029"},{"language_id":7,"content":"\u0c95\u0caa\u0ccd\u0caa\u0cc1-\u0ca8\u0cc0\u0cb2\u0cbf \u0cb9\u0cbe\u0cb5\u0cca\u0c82\u0ca6\u0cc1 \u0c95\u0cc7\u0c95\u0ccd \u0ca4\u0cc1\u0ca3\u0cc1\u0c95\u0ca8\u0ccd\u0ca8\u0cc1 \u0ca4\u0cbf\u0ca8\u0ccd\u0ca8\u0cc1\u0cb5\u0cc1\u0ca6\u0ca8\u0cc1 \u0ca8\u0cbe \u0c95\u0c82\u0ca1\u0cc6\u2029"}]},{"id":290,"content":"I see a red and yellow hen writing with a pen","pageno":14,"image":"4cd4de2506253f54ff46a544e01b9d0c.jpg","audio":"b0cf0a37cdc6de10908809f2c04fba7c.mp3","audio_map":"b500b1891d1c7dd1dd5e59e3549e1796.json","language":[{"language_id":5,"content":"\u0aaa\u0ac0\u0ab3\u0ac0 \u0aae\u0ab0\u0a98\u0ac0\u0ab2\u0a96\u0ac7 \u0a9b\u0ac7 \u0ab2\u0ac7\u0a96.\u2029"},{"language_id":6,"content":"\u092a\u0940\u0932\u0940 \u092e\u0941\u0930\u094d\u0917\u0940 \u0932\u093f\u0916\u0924\u0940 \u0932\u0947\u0916\u2029"},{"language_id":10,"content":"\u0a2a\u0a40\u0a32\u0a40 \u0a2e\u0a41\u0a30\u0a17\u0a40 \u0a32\u0a3f\u0a16\u0a26\u0a40 \u0a32\u0a47\u0a16\u2029"},{"language_id":12,"content":"\u0c12\u0c15 \u0c0e\u0c30\u0c41\u0c2a\u0c41, \u0c2a\u0c38\u0c41\u0c2a\u0c41 \u0c2a\u0c1a\u0c4d\u0c1a \u0c15\u0c32\u0c17\u0c32\u0c3f\u0c38\u0c3f\u0c28 \u0c30\u0c02\u0c17\u0c41\u0c32\u0c4b \u0c09\u0c28\u0c4d\u0c28 \u0c15\u0c4b\u0c21\u0c3f \u0c2a\u0c46\u0c1f\u0c4d\u0c1f \u0c12\u0c15 \u0c2a\u0c46\u0c28\u0c4d\u0c28\u0c41\u0c24\u0c4b \u0c35\u0c4d\u0c30\u0c3e\u0c2f\u0c1f\u0c02 \u0c1a\u0c42\u0c38\u0c4d\u0c24\u0c41\u0c28\u0c4d\u0c28\u0c3e\u0c28\u0c41.\u2029"},{"language_id":8,"content":"\u0932\u093e\u0932 \u092a\u093f\u0935\u0933\u0940 \u0915\u094b\u0902\u092c\u0921\u0940\u2029 \u0932\u093f\u0939\u093f\u0924\u0947 \u0915\u0936\u0940 \u092a\u091f\u093e\u092a\u091f\u093e\u2029"},{"language_id":7,"content":"\u0caa\u0cc6\u0ca8\u0ccd\u0ca8\u0cbf\u0ca8\u0cb2\u0ccd\u0cb2\u0cbf \u0cac\u0cb0\u0cc6\u0caf\u0cc1\u0ca4\u0ccd\u0ca4\u0cbf\u0cb0\u0cc1\u0cb5 \u0c95\u0cc6\u0c82\u0caa\u0cc1 \u0cb9\u0cb3\u0ca6\u0cbf \u0cac\u0ca3\u0ccd\u0ca3\u0ca6 \u0c95\u0ccb\u0cb3\u0cbf\u0caf\u0cca\u0c82\u0ca6\u0ca8\u0ccd\u0ca8\u0cc1 \u0ca8\u0cbe \u0c95\u0c82\u0ca1\u0cc6\u2029"}]},{"id":291,"content":"I see a black and orange tiger standing in the water","pageno":15,"image":"7c20f7688a97844ee077cf9d34941588.jpg","audio":"f0a8482e3cbf14ee1e30e2107e51d9d3.mp3","audio_map":"a550f0e662549d7ec2518387d9dd0ae5.json","language":[{"language_id":5,"content":"\u0a95\u0abe\u0ab3\u0acb\u0a95\u0ac7\u0ab8\u0ab0\u0ac0\u0ab5\u0abe\u0a98 \u0aa8\u0aa6\u0ac0\u0aae\u0abe\u0a82 \u0a95\u0ac7\u0ab5\u0acb \u0aa8\u0ab9\u0abe\u0aaf.\u2029"},{"language_id":6,"content":"\u0936\u0947\u0930 \u0915\u0948\u0938\u0947 \u0928\u0926\u0940 \u092e\u0947\u0902 \u0928\u0939\u093e\u092f\u0947\u2029"},{"language_id":10,"content":"\u0a36\u0a47\u0a30 \u0a15\u0a3f\u0a35\u0a47\u0a02 \u0a28\u0a26\u0a40 \u0a35\u0a3f\u0a1a \u0a28\u0a39\u0a3e\u0a0f\u2029"},{"language_id":12,"content":"\u0c12\u0c15 \u0c28\u0c32\u0c41\u0c2a\u0c41, \u0c28\u0c3e\u0c30\u0c3f\u0c02\u0c1c\u0c30\u0c02\u0c17\u0c41 \u0c15\u0c32\u0c17\u0c32\u0c3f\u0c38\u0c3f\u0c28 \u0c30\u0c02\u0c17\u0c41\u0c32\u0c4b \u0c09\u0c28\u0c4d\u0c28 \u0c2a\u0c46\u0c26\u0c4d\u0c26 \u0c2a\u0c41\u0c32\u0c4d\u0c32\u0c3f \u0c28\u0c26\u0c3f\u0c32\u0c4b \u0c08\u0c26\u0c1f\u0c02 \u0c1a\u0c42\u0c38\u0c4d\u0c24\u0c41\u0c28\u0c4d\u0c28\u0c3e\u0c28\u0c41.\u2029"},{"language_id":8,"content":"\u0915\u093e\u0933\u093e \u092a\u093f\u0935\u0933\u093e \u0935\u093e\u0918\u094b\u092c\u093e \u0924\u094d\u092f\u093e\u091a\u093e \u2029 \u0935\u0947\u0917\u0933\u093e\u091a \u0922\u0902\u0917"},{"language_id":7,"content":"\u0c95\u0cbf\u0ca4\u0ccd\u0ca4\u0cb3\u0cc6 \u0cac\u0ca3\u0ccd\u0ca3\u0ca6 \u0cae\u0cc7\u0cb2\u0cc6 \u0c95\u0cb0\u0cbf\u0caa\u0c9f\u0ccd\u0c9f\u0cc6 \u0cb9\u0cc1\u0cb2\u0cbf\u0caf\u0cca\u0c82\u0ca6\u0cc1 \u0ca8\u0ca6\u0cbf\u0caf\u0cb2\u0cbf \u0c88\u0c9c\u0cc1\u0ca4\u0cbf\u0cb0\u0cc1\u0cb5\u0cc1\u0ca6\u0ca8\u0cc1  \u0ca8\u0cbe \u0c95\u0c82\u0ca1\u0cc6\u2029"}]},{"id":292,"content":"I see with my two black eyes all the colours as they fly","pageno":16,"image":"a17e43107c20a9f758c90e860acb0643.jpg","audio":"c969f7ef835ffe9832451cf528583914.mp3","audio_map":"1104a434e001d252509fbe8da456ad00.json","language":[{"language_id":5,"content":"\u0aae\u0abe\u0ab0\u0ac0  \u0aac\u0ac7\u0a95\u0abe\u0ab3\u0ac0 \u0a86\u0a82\u0a96\u0acb\u0aae\u0abe\u0a82\u0ab8\u0a98\u0ab3\u0abe \u0ab0\u0a82\u0a97 \u0ab8\u0aae\u0abe\u0aaf!\u2029"},{"language_id":6,"content":"\u092e\u0947\u0930\u0940 \u0926\u094b \u0906\u0901\u0916\u094b\u0902 \u092e\u0947\u0902 \u0938\u092c \u0930\u0902\u0917 \u0938\u092e\u093e\u092f\u0947!\u2029"},{"language_id":10,"content":"\u0a2e\u0a47\u0a30\u0a40\u0a06\u0a02 \u0a26\u0a4b\u0a05\u0a71\u0a16\u0a3e\u0a02 \u0a35\u0a3f\u0a1a \u0a38\u0a2d \u0a30\u0a70\u0a17 \u0a38\u0a2e\u0a3e\u0a0f!\u2029"},{"language_id":12,"content":"\u0c28\u0c32\u0c4d\u0c32\u0c28\u0c3f \u0c28\u0c3e \u0c30\u0c46\u0c02\u0c21\u0c41 \u0c15\u0c33\u0c4d\u0c33\u0c24\u0c4b \u0c05\u0c28\u0c47\u0c15 \u0c30\u0c02\u0c17\u0c41\u0c32\u0c41 \u0c05\u0c32\u0c3e \u0c0e\u0c17\u0c3f\u0c30\u0c3f\u0c2a\u0c4b\u0c24\u0c42\u0c02\u0c1f\u0c47 \u0c1a\u0c42\u0c38\u0c4d\u0c24\u0c41\u0c28\u0c4d\u0c28\u0c3e\u0c28\u0c41.\u2029"},{"language_id":8,"content":"\u0921\u094b\u0933\u094d\u092f\u093e\u0902\u092a\u0941\u0922\u0947 \u0928\u093e\u091a\u0924\u093e\u0924 \u2029 \u092e\u093e\u091d\u094d\u092f\u093e \u0930\u0902\u0917 \u0930\u0902\u0917\u2029"},{"language_id":7,"content":"\u0ca8\u0ca8\u0ccd\u0ca8\u0cc6\u0cb0\u0ca1\u0cc1 \u0c95\u0ca3\u0ccd\u0ca3\u0cc1\u0c97\u0cb3\u0cb2\u0cbf \u0c86 \u0cac\u0ca3\u0ccd\u0ca3\u0c97\u0cb3\u0cc6\u0cb2\u0ccd\u0cb2\u0cb5\u0cc2 \u0cb9\u0cbe\u0cb0\u0cc1\u0ca4\u0cbf\u0cb0\u0cc1\u0cb5\u0cc1\u0ca6\u0ca8\u0cc1 \u0ca8\u0cbe \u0c95\u0c82\u0ca1\u0cc6\u2029"}]}],"language":[{"id":5,"name":"Gujarati"},{"id":6,"name":"Hindi"},{"id":10,"name":"Punjabi"},{"id":12,"name":"Telugu"},{"id":8,"name":"Marathi"},{"id":7,"name":"Kannada"}],"questions":[{"id":1925,"type":"pre","storypage_id":0,"order_number":1,"title":"Vocabulary","question":{"question_type":"vocabulary","question":{"text":"Vocabulary","image":"","type":"text"},"words":[{"word":"Caterpillar","image":"9f91a94ece19e09826b61366ec6a54c4.JPG"},{"word":"Fox","image":"5b873c40c32fa4b1746f35b4268048b4.JPG"},{"word":"Grasshopper","image":"f5e7ba3a4efccaa23910140bf761543c.JPG"},{"word":"Violet","image":"93ffb2362daad2b5acc71c6128ccef09.JPG"}]},"score":1,"question_template_id":21,"question_template":"Vocab"},{"id":1926,"type":"pre","storypage_id":0,"order_number":2,"title":"What do you think this story is about?","question":{"question_type":"mcq_single_answer","question":{"text":"What do you think this story is about?","image":"c6aca8371496ed34d8053153fdcc7607.JPG","type":"both"},"options":[{"text":"A butterfly","type":"both","image":"c8fdb0815a7bf725ae4878e02402a316.JPG","ans":1},{"text":"A dog","type":"both","image":"f5a0dc194e0f2601ea40202f1548c186.JPG","ans":1},{"text":"A girl","type":"both","image":"31cc18bd994f8a5da9ea081442ae24ab.JPG","ans":1},{"text":"A bee","type":"both","image":"9514fe29fb2c51281b82fde3657a76b4.JPG","ans":1}],"answers":["A butterfly","A dog","A girl","A bee"]},"score":1,"question_template_id":2,"question_template":"Text MCQ"},{"id":1933,"type":"post","storypage_id":0,"order_number":1,"title":"What is happening in this picture?","question":{"question_type":"story_read_aloud","question":{"text":"What is happening in this picture?","image":"2e14663d62647f14a12271d32352c09d.JPG","type":"both"}},"score":1,"question_template_id":7,"question_template":"Describe an Image"},{"id":1927,"type":"during","storypage_id":277,"order_number":1,"title":"Choose the correct answer.","question":{"question_type":"mcq_single_answer","question":{"text":"What does the girl see the butterfly doing?","image":"","type":"text"},"options":[{"text":"Waving goodbye","type":"both","image":"0d0d996282b0140a6243c8dfb567a7da.JPG","ans":1},{"text":"Drinking tea","type":"both","image":"d7792ca7eb0e4f758e461a59486f3283.JPG","ans":0},{"text":"Playing with a dog","type":"both","image":"d0cc76f2b544e2952a65d6ed147ccdff.JPG","ans":0},{"text":"Wishing her good luck","type":"both","image":"94ff2f6b4e896f0ab00111b3208135bf.JPG","ans":0}],"answers":["Waving goodbye"]},"score":1,"question_template_id":2,"question_template":"Text MCQ"},{"id":1928,"type":"during","storypage_id":278,"order_number":2,"title":"Choose the correct answer.","question":{"question_type":"mcq_single_answer","question":{"text":"What does the girl see the bee doing?","image":"","type":"text"},"options":[{"text":"Wearing a hat","type":"both","image":"75f61a82c5e78d3971165eb9c650c9ba.JPG","ans":0},{"text":"Drinking tea","type":"both","image":"f7f30078c5bc1c8762de5548262e7f5c.JPG","ans":1},{"text":"Hiding in a house","type":"both","image":"b2fef1899c7aac6dee1bf4eb8f34cc8b.JPG","ans":0},{"text":"Wearing socks","type":"both","image":"21e45971edf92a410586a05ad194d73d.JPG","ans":0}],"answers":["Drinking tea"]},"score":1,"question_template_id":2,"question_template":"Text MCQ"},{"id":1929,"type":"during","storypage_id":280,"order_number":3,"title":"Choose the correct answer.","question":{"question_type":"mcq_single_answer","question":{"text":"What does the girl see the frog doing?","image":"","type":"text"},"options":[{"text":"Drinking tea","type":"both","image":"5b2ddbb72c851907725b209908e366e3.JPG","ans":0},{"text":"Hiding in a house","type":"both","image":"3e4f159b6d6aae1798f0e644a61b46b6.JPG","ans":0},{"text":"Waving goodbye","type":"both","image":"a90d44ee430ca2f8b5f577414bcda6b2.JPG","ans":0},{"text":"Playing with a puppy dog","type":"both","image":"4238045a2ab5b134a41540e5c907ae0c.JPG","ans":1}],"answers":["Playing with a puppy dog"]},"score":1,"question_template_id":2,"question_template":"Text MCQ"},{"id":1930,"type":"during","storypage_id":285,"order_number":4,"title":"Choose the correct answer.","question":{"question_type":"mcq_single_answer","question":{"text":"What does the girl see the fox doing?","image":"","type":"text"},"options":[{"text":"Wearing purple socks","type":"both","image":"821c4c39beacd6ff8f17b9a732c9d951.JPG","ans":1},{"text":"Reading a newspaper","type":"both","image":"9aa22fddca762fed4025a42f12831e90.JPG","ans":0},{"text":"Waving goodbye","type":"both","image":"53f3cf0d7ae2ff1f88a702518050a192.JPG","ans":0},{"text":"Sailing in a boat","type":"both","image":"ce72ec100055932c4afae79a717c6c30.JPG","ans":0}],"answers":["Wearing purple socks"]},"score":1,"question_template_id":2,"question_template":"Text MCQ"},{"id":1931,"type":"during","storypage_id":287,"order_number":5,"title":"Choose the correct answer.","question":{"question_type":"mcq_single_answer","question":{"text":"What colour was the goat the girl saw?","image":"","type":"text"},"options":[{"text":"Red and yellow","type":"both","image":"13c1ca624c22dc77c8a635e3746524af.JPG","ans":0},{"text":"Black and purple","type":"both","image":"badd85caef9e36da552d8095e7b99a89.JPG","ans":1},{"text":"Green and brown","type":"both","image":"4b965a6c811475babba93d1791a63045.JPG","ans":0},{"text":"Black and blue","type":"both","image":"0e69429d86ede725ca8424ca5240275f.JPG","ans":0}],"answers":["Black and purple"]},"score":1,"question_template_id":2,"question_template":"Text MCQ"},{"id":1932,"type":"during","storypage_id":290,"order_number":6,"title":"Choose the correct answer.","question":{"question_type":"mcq_single_answer","question":{"text":"What was the hen writing with?","image":"","type":"text"},"options":[{"text":"A pen","type":"both","image":"22582583917a979f1d5654eabb5a95a5.JPG","ans":1},{"text":"A boat","type":"both","image":"77683b7dc3dbddce31be33536c680258.JPG","ans":0},{"text":"A dish","type":"both","image":"d90c8a6e98ce50dcadfd1bb9a73ab106.JPG","ans":0},{"text":"A caterpillar","type":"both","image":"188e83df79fa4bbc05b5b342f4412abb.JPG","ans":0}],"answers":["A pen"]},"score":1,"question_template_id":2,"question_template":"Text MCQ"},{"id":1934,"type":"own_story","storypage_id":0,"order_number":1,"title":"Make your own story!","question":{"question_type":"mcq_single_answer","question":{"text":"Some cats are all white. Mine is _________!","image":"","type":"text"},"options":[{"text":"black and white","type":"text","image":"","ans":1},{"text":"red and white","type":"text","image":"","ans":1},{"text":"brown and white","type":"text","image":"","ans":1},{"text":"grey and white","type":"text","image":"","ans":1}],"answers":["black and white","red and white","brown and white","grey and white"]},"score":1,"question_template_id":2,"question_template":"Text MCQ"},{"id":1935,"type":"own_story","storypage_id":0,"order_number":2,"title":"Make your own story!","question":{"question_type":"mcq_single_answer","question":{"text":"Turtles are green, but I once saw one on TV that was _________!","image":"","type":"text"},"options":[{"text":"yellow","type":"text","image":"","ans":1},{"text":"orange","type":"text","image":"","ans":1},{"text":"black","type":"text","image":"","ans":1},{"text":"grey","type":"text","image":"","ans":1}],"answers":["yellow","orange","black","grey"]},"score":1,"question_template_id":2,"question_template":"Text MCQ"},{"id":1936,"type":"own_story","storypage_id":0,"order_number":3,"title":"Make your own story!","question":{"question_type":"mcq_single_answer","question":{"text":"Flowers come in all sorts of pretty colours. My favourite flowers are _________!","image":"","type":"text"},"options":[{"text":"pink","type":"text","image":"","ans":1},{"text":"blue","type":"text","image":"","ans":1},{"text":"red","type":"text","image":"","ans":1},{"text":"purple","type":"text","image":"","ans":1}],"answers":["pink","blue","red","purple"]},"score":1,"question_template_id":2,"question_template":"Text MCQ"},{"id":1937,"type":"own_story","storypage_id":0,"order_number":4,"title":"Make your own story!","question":{"question_type":"mcq_single_answer","question":{"text":"Water has no colour, but soft drinks can be _________!","image":"","type":"text"},"options":[{"text":"black","type":"text","image":"","ans":1},{"text":"green","type":"text","image":"","ans":1},{"text":"blue","type":"text","image":"","ans":1},{"text":"red","type":"text","image":"","ans":1}],"answers":["black","green","blue","red"]},"score":1,"question_template_id":2,"question_template":"Text MCQ"}]}