{
 "fragments": [
  {
   "begin": "0.000", 
   "end": "0.200", 
   "id": "f000001", 
   "language": "en", 
   "lines": [
    "I"
   ]
  }, 
  {
   "begin": "0.200", 
   "end": "0.960", 
   "id": "f000002", 
   "language": "en", 
   "lines": [
    "see"
   ]
  }, 
  {
   "begin": "0.960", 
   "end": "1.000", 
   "id": "f000003", 
   "language": "en", 
   "lines": [
    "a"
   ]
  }, 
  {
   "begin": "1.000", 
   "end": "1.520", 
   "id": "f000004", 
   "language": "en", 
   "lines": [
    "green"
   ]
  }, 
  {
   "begin": "1.520", 
   "end": "1.800", 
   "id": "f000005", 
   "language": "en", 
   "lines": [
    "and"
   ]
  }, 
  {
   "begin": "1.800", 
   "end": "2.240", 
   "id": "f000006", 
   "language": "en", 
   "lines": [
    "brown"
   ]
  }, 
  {
   "begin": "2.240", 
   "end": "3.720", 
   "id": "f000007", 
   "language": "en", 
   "lines": [
    "crocodile"
   ]
  }, 
  {
   "begin": "3.720", 
   "end": "4.120", 
   "id": "f000008", 
   "language": "en", 
   "lines": [
    "giving"
   ]
  }, 
  {
   "begin": "4.120", 
   "end": "4.720", 
   "id": "f000009", 
   "language": "en", 
   "lines": [
    "me"
   ]
  }, 
  {
   "begin": "4.720", 
   "end": "5.280", 
   "id": "f000010", 
   "language": "en", 
   "lines": [
    "a"
   ]
  }, 
  {
   "begin": "5.280", 
   "end": "5.360", 
   "id": "f000011", 
   "language": "en", 
   "lines": [
    "big"
   ]
  }, 
  {
   "begin": "5.360", 
   "end": "6.560", 
   "id": "f000012", 
   "language": "en", 
   "lines": [
    "smile"
   ]
  }
 ]
}