{
 "fragments": [
  {
   "begin": "0.000", 
   "end": "0.200", 
   "id": "f000001", 
   "language": "en", 
   "lines": [
    "I"
   ]
  }, 
  {
   "begin": "0.200", 
   "end": "0.960", 
   "id": "f000002", 
   "language": "en", 
   "lines": [
    "see"
   ]
  }, 
  {
   "begin": "0.960", 
   "end": "1.360", 
   "id": "f000003", 
   "language": "en", 
   "lines": [
    "a"
   ]
  }, 
  {
   "begin": "1.360", 
   "end": "1.440", 
   "id": "f000004", 
   "language": "en", 
   "lines": [
    "blue"
   ]
  }, 
  {
   "begin": "1.440", 
   "end": "2.360", 
   "id": "f000005", 
   "language": "en", 
   "lines": [
    "butterfly"
   ]
  }, 
  {
   "begin": "2.360", 
   "end": "3.240", 
   "id": "f000006", 
   "language": "en", 
   "lines": [
    "waving"
   ]
  }, 
  {
   "begin": "3.240", 
   "end": "4.040", 
   "id": "f000007", 
   "language": "en", 
   "lines": [
    "goodbye"
   ]
  }
 ]
}