{
 "fragments": [
  {
   "begin": "0.000", 
   "end": "0.440", 
   "id": "f000001", 
   "language": "en", 
   "lines": [
    "I"
   ]
  }, 
  {
   "begin": "0.440", 
   "end": "1.120", 
   "id": "f000002", 
   "language": "en", 
   "lines": [
    "see"
   ]
  }, 
  {
   "begin": "1.120", 
   "end": "1.240", 
   "id": "f000003", 
   "language": "en", 
   "lines": [
    "an"
   ]
  }, 
  {
   "begin": "1.240", 
   "end": "1.840", 
   "id": "f000004", 
   "language": "en", 
   "lines": [
    "orange"
   ]
  }, 
  {
   "begin": "1.840", 
   "end": "2.520", 
   "id": "f000005", 
   "language": "en", 
   "lines": [
    "duck"
   ]
  }, 
  {
   "begin": "2.520", 
   "end": "3.320", 
   "id": "f000006", 
   "language": "en", 
   "lines": [
    "wishing"
   ]
  }, 
  {
   "begin": "3.320", 
   "end": "3.560", 
   "id": "f000007", 
   "language": "en", 
   "lines": [
    "me"
   ]
  }, 
  {
   "begin": "3.560", 
   "end": "3.640", 
   "id": "f000008", 
   "language": "en", 
   "lines": [
    "good"
   ]
  }, 
  {
   "begin": "3.640", 
   "end": "4.720", 
   "id": "f000009", 
   "language": "en", 
   "lines": [
    "luck"
   ]
  }
 ]
}