{
 "fragments": [
  {
   "begin": "0.000", 
   "end": "0.160", 
   "id": "f000001", 
   "language": "en", 
   "lines": [
    "I"
   ]
  }, 
  {
   "begin": "0.160", 
   "end": "1.120", 
   "id": "f000002", 
   "language": "en", 
   "lines": [
    "see"
   ]
  }, 
  {
   "begin": "1.120", 
   "end": "1.400", 
   "id": "f000003", 
   "language": "en", 
   "lines": [
    "a"
   ]
  }, 
  {
   "begin": "1.400", 
   "end": "1.400", 
   "id": "f000004", 
   "language": "en", 
   "lines": [
    "black"
   ]
  }, 
  {
   "begin": "1.400", 
   "end": "1.760", 
   "id": "f000005", 
   "language": "en", 
   "lines": [
    "and"
   ]
  }, 
  {
   "begin": "1.760", 
   "end": "2.120", 
   "id": "f000006", 
   "language": "en", 
   "lines": [
    "blue"
   ]
  }, 
  {
   "begin": "2.120", 
   "end": "2.920", 
   "id": "f000007", 
   "language": "en", 
   "lines": [
    "snake"
   ]
  }, 
  {
   "begin": "2.920", 
   "end": "3.480", 
   "id": "f000008", 
   "language": "en", 
   "lines": [
    "eating"
   ]
  }, 
  {
   "begin": "3.480", 
   "end": "3.760", 
   "id": "f000009", 
   "language": "en", 
   "lines": [
    "a"
   ]
  }, 
  {
   "begin": "3.760", 
   "end": "4.600", 
   "id": "f000010", 
   "language": "en", 
   "lines": [
    "slice"
   ]
  }, 
  {
   "begin": "4.600", 
   "end": "4.920", 
   "id": "f000011", 
   "language": "en", 
   "lines": [
    "of"
   ]
  }, 
  {
   "begin": "4.920", 
   "end": "6.080", 
   "id": "f000012", 
   "language": "en", 
   "lines": [
    "cake"
   ]
  }
 ]
}