{
 "fragments": [
  {
   "begin": "0.000", 
   "end": "0.280", 
   "id": "f000001", 
   "language": "en", 
   "lines": [
    "I"
   ]
  }, 
  {
   "begin": "0.280", 
   "end": "1.040", 
   "id": "f000002", 
   "language": "en", 
   "lines": [
    "see"
   ]
  }, 
  {
   "begin": "1.040", 
   "end": "1.480", 
   "id": "f000003", 
   "language": "en", 
   "lines": [
    "a"
   ]
  }, 
  {
   "begin": "1.480", 
   "end": "1.520", 
   "id": "f000004", 
   "language": "en", 
   "lines": [
    "grey"
   ]
  }, 
  {
   "begin": "1.520", 
   "end": "1.800", 
   "id": "f000005", 
   "language": "en", 
   "lines": [
    "and"
   ]
  }, 
  {
   "begin": "1.800", 
   "end": "2.440", 
   "id": "f000006", 
   "language": "en", 
   "lines": [
    "brown"
   ]
  }, 
  {
   "begin": "2.440", 
   "end": "3.320", 
   "id": "f000007", 
   "language": "en", 
   "lines": [
    "mouse"
   ]
  }, 
  {
   "begin": "3.320", 
   "end": "4.120", 
   "id": "f000008", 
   "language": "en", 
   "lines": [
    "hiding"
   ]
  }, 
  {
   "begin": "4.120", 
   "end": "4.160", 
   "id": "f000009", 
   "language": "en", 
   "lines": [
    "in"
   ]
  }, 
  {
   "begin": "4.160", 
   "end": "4.560", 
   "id": "f000010", 
   "language": "en", 
   "lines": [
    "a"
   ]
  }, 
  {
   "begin": "4.560", 
   "end": "5.120", 
   "id": "f000011", 
   "language": "en", 
   "lines": [
    "pink"
   ]
  }, 
  {
   "begin": "5.120", 
   "end": "5.840", 
   "id": "f000012", 
   "language": "en", 
   "lines": [
    "house"
   ]
  }
 ]
}