{
 "fragments": [
  {
   "begin": "0.000", 
   "end": "0.360", 
   "id": "f000001", 
   "language": "en", 
   "lines": [
    "I"
   ]
  }, 
  {
   "begin": "0.360", 
   "end": "1.000", 
   "id": "f000002", 
   "language": "en", 
   "lines": [
    "see"
   ]
  }, 
  {
   "begin": "1.000", 
   "end": "1.040", 
   "id": "f000003", 
   "language": "en", 
   "lines": [
    "a"
   ]
  }, 
  {
   "begin": "1.040", 
   "end": "1.520", 
   "id": "f000004", 
   "language": "en", 
   "lines": [
    "green"
   ]
  }, 
  {
   "begin": "1.520", 
   "end": "2.280", 
   "id": "f000005", 
   "language": "en", 
   "lines": [
    "grasshopper"
   ]
  }, 
  {
   "begin": "2.280", 
   "end": "3.320", 
   "id": "f000006", 
   "language": "en", 
   "lines": [
    "reading"
   ]
  }, 
  {
   "begin": "3.320", 
   "end": "3.760", 
   "id": "f000007", 
   "language": "en", 
   "lines": [
    "a"
   ]
  }, 
  {
   "begin": "3.760", 
   "end": "4.160", 
   "id": "f000008", 
   "language": "en", 
   "lines": [
    "black"
   ]
  }, 
  {
   "begin": "4.160", 
   "end": "4.600", 
   "id": "f000009", 
   "language": "en", 
   "lines": [
    "and"
   ]
  }, 
  {
   "begin": "4.600", 
   "end": "5.320", 
   "id": "f000010", 
   "language": "en", 
   "lines": [
    "white"
   ]
  }, 
  {
   "begin": "5.320", 
   "end": "6.800", 
   "id": "f000011", 
   "language": "en", 
   "lines": [
    "newspaper"
   ]
  }
 ]
}