{
 "fragments": [
  {
   "begin": "0.000", 
   "end": "0.160", 
   "id": "f000001", 
   "language": "en", 
   "lines": [
    "I"
   ]
  }, 
  {
   "begin": "0.160", 
   "end": "0.960", 
   "id": "f000002", 
   "language": "en", 
   "lines": [
    "see"
   ]
  }, 
  {
   "begin": "0.960", 
   "end": "0.960", 
   "id": "f000003", 
   "language": "en", 
   "lines": [
    "a"
   ]
  }, 
  {
   "begin": "0.960", 
   "end": "1.480", 
   "id": "f000004", 
   "language": "en", 
   "lines": [
    "black"
   ]
  }, 
  {
   "begin": "1.480", 
   "end": "1.800", 
   "id": "f000005", 
   "language": "en", 
   "lines": [
    "and"
   ]
  }, 
  {
   "begin": "1.800", 
   "end": "2.440", 
   "id": "f000006", 
   "language": "en", 
   "lines": [
    "orange"
   ]
  }, 
  {
   "begin": "2.440", 
   "end": "3.280", 
   "id": "f000007", 
   "language": "en", 
   "lines": [
    "tiger"
   ]
  }, 
  {
   "begin": "3.280", 
   "end": "4.280", 
   "id": "f000008", 
   "language": "en", 
   "lines": [
    "standing"
   ]
  }, 
  {
   "begin": "4.280", 
   "end": "4.320", 
   "id": "f000009", 
   "language": "en", 
   "lines": [
    "in"
   ]
  }, 
  {
   "begin": "4.320", 
   "end": "4.320", 
   "id": "f000010", 
   "language": "en", 
   "lines": [
    "the"
   ]
  }, 
  {
   "begin": "4.320", 
   "end": "5.640", 
   "id": "f000011", 
   "language": "en", 
   "lines": [
    "water"
   ]
  }
 ]
}