{
 "fragments": [
  {
   "begin": "0.000", 
   "end": "0.120", 
   "id": "f000001", 
   "language": "en", 
   "lines": [
    "I"
   ]
  }, 
  {
   "begin": "0.120", 
   "end": "0.960", 
   "id": "f000002", 
   "language": "en", 
   "lines": [
    "see"
   ]
  }, 
  {
   "begin": "0.960", 
   "end": "1.240", 
   "id": "f000003", 
   "language": "en", 
   "lines": [
    "a"
   ]
  }, 
  {
   "begin": "1.240", 
   "end": "1.440", 
   "id": "f000004", 
   "language": "en", 
   "lines": [
    "red"
   ]
  }, 
  {
   "begin": "1.440", 
   "end": "1.960", 
   "id": "f000005", 
   "language": "en", 
   "lines": [
    "and"
   ]
  }, 
  {
   "begin": "1.960", 
   "end": "2.400", 
   "id": "f000006", 
   "language": "en", 
   "lines": [
    "yellow"
   ]
  }, 
  {
   "begin": "2.400", 
   "end": "3.360", 
   "id": "f000007", 
   "language": "en", 
   "lines": [
    "hen"
   ]
  }, 
  {
   "begin": "3.360", 
   "end": "3.760", 
   "id": "f000008", 
   "language": "en", 
   "lines": [
    "writing"
   ]
  }, 
  {
   "begin": "3.760", 
   "end": "4.520", 
   "id": "f000009", 
   "language": "en", 
   "lines": [
    "with"
   ]
  }, 
  {
   "begin": "4.520", 
   "end": "4.800", 
   "id": "f000010", 
   "language": "en", 
   "lines": [
    "a"
   ]
  }, 
  {
   "begin": "4.800", 
   "end": "5.320", 
   "id": "f000011", 
   "language": "en", 
   "lines": [
    "pen"
   ]
  }
 ]
}