{
 "fragments": [
  {
   "begin": "0.000", 
   "end": "0.200", 
   "id": "f000001", 
   "language": "en", 
   "lines": [
    "I"
   ]
  }, 
  {
   "begin": "0.200", 
   "end": "0.880", 
   "id": "f000002", 
   "language": "en", 
   "lines": [
    "see"
   ]
  }, 
  {
   "begin": "0.880", 
   "end": "1.080", 
   "id": "f000003", 
   "language": "en", 
   "lines": [
    "a"
   ]
  }, 
  {
   "begin": "1.080", 
   "end": "1.360", 
   "id": "f000004", 
   "language": "en", 
   "lines": [
    "red"
   ]
  }, 
  {
   "begin": "1.360", 
   "end": "2.040", 
   "id": "f000005", 
   "language": "en", 
   "lines": [
    "fish"
   ]
  }, 
  {
   "begin": "2.040", 
   "end": "2.240", 
   "id": "f000006", 
   "language": "en", 
   "lines": [
    "in"
   ]
  }, 
  {
   "begin": "2.240", 
   "end": "2.720", 
   "id": "f000007", 
   "language": "en", 
   "lines": [
    "a"
   ]
  }, 
  {
   "begin": "2.720", 
   "end": "3.600", 
   "id": "f000008", 
   "language": "en", 
   "lines": [
    "dish"
   ]
  }
 ]
}