{
 "fragments": [
  {
   "begin": "0.000", 
   "end": "0.160", 
   "id": "f000001", 
   "language": "en", 
   "lines": [
    "I"
   ]
  }, 
  {
   "begin": "0.160", 
   "end": "1.000", 
   "id": "f000002", 
   "language": "en", 
   "lines": [
    "see"
   ]
  }, 
  {
   "begin": "1.000", 
   "end": "1.320", 
   "id": "f000003", 
   "language": "en", 
   "lines": [
    "a"
   ]
  }, 
  {
   "begin": "1.320", 
   "end": "1.800", 
   "id": "f000004", 
   "language": "en", 
   "lines": [
    "grey"
   ]
  }, 
  {
   "begin": "1.800", 
   "end": "2.040", 
   "id": "f000005", 
   "language": "en", 
   "lines": [
    "and"
   ]
  }, 
  {
   "begin": "2.040", 
   "end": "2.720", 
   "id": "f000006", 
   "language": "en", 
   "lines": [
    "black"
   ]
  }, 
  {
   "begin": "2.720", 
   "end": "3.040", 
   "id": "f000007", 
   "language": "en", 
   "lines": [
    "cat"
   ]
  }, 
  {
   "begin": "3.040", 
   "end": "3.720", 
   "id": "f000008", 
   "language": "en", 
   "lines": [
    "wearing"
   ]
  }, 
  {
   "begin": "3.720", 
   "end": "4.040", 
   "id": "f000009", 
   "language": "en", 
   "lines": [
    "an"
   ]
  }, 
  {
   "begin": "4.040", 
   "end": "4.480", 
   "id": "f000010", 
   "language": "en", 
   "lines": [
    "orange"
   ]
  }, 
  {
   "begin": "4.480", 
   "end": "5.680", 
   "id": "f000011", 
   "language": "en", 
   "lines": [
    "hat"
   ]
  }
 ]
}