{
 "fragments": [
  {
   "begin": "0.000", 
   "end": "0.320", 
   "id": "f000001", 
   "language": "en", 
   "lines": [
    "I"
   ]
  }, 
  {
   "begin": "0.320", 
   "end": "1.160", 
   "id": "f000002", 
   "language": "en", 
   "lines": [
    "see"
   ]
  }, 
  {
   "begin": "1.160", 
   "end": "1.440", 
   "id": "f000003", 
   "language": "en", 
   "lines": [
    "a"
   ]
  }, 
  {
   "begin": "1.440", 
   "end": "1.520", 
   "id": "f000004", 
   "language": "en", 
   "lines": [
    "violet"
   ]
  }, 
  {
   "begin": "1.520", 
   "end": "2.680", 
   "id": "f000005", 
   "language": "en", 
   "lines": [
    "flower"
   ]
  }, 
  {
   "begin": "2.680", 
   "end": "3.400", 
   "id": "f000006", 
   "language": "en", 
   "lines": [
    "dancing"
   ]
  }, 
  {
   "begin": "3.400", 
   "end": "3.560", 
   "id": "f000007", 
   "language": "en", 
   "lines": [
    "with"
   ]
  }, 
  {
   "begin": "3.560", 
   "end": "3.800", 
   "id": "f000008", 
   "language": "en", 
   "lines": [
    "a"
   ]
  }, 
  {
   "begin": "3.800", 
   "end": "5.160", 
   "id": "f000009", 
   "language": "en", 
   "lines": [
    "caterpillar"
   ]
  }
 ]
}