{
 "fragments": [
  {
   "begin": "0.000", 
   "end": "0.360", 
   "id": "f000001", 
   "language": "en", 
   "lines": [
    "I"
   ]
  }, 
  {
   "begin": "0.360", 
   "end": "1.160", 
   "id": "f000002", 
   "language": "en", 
   "lines": [
    "see"
   ]
  }, 
  {
   "begin": "1.160", 
   "end": "1.400", 
   "id": "f000003", 
   "language": "en", 
   "lines": [
    "a"
   ]
  }, 
  {
   "begin": "1.400", 
   "end": "1.520", 
   "id": "f000004", 
   "language": "en", 
   "lines": [
    "red"
   ]
  }, 
  {
   "begin": "1.520", 
   "end": "1.880", 
   "id": "f000005", 
   "language": "en", 
   "lines": [
    "and"
   ]
  }, 
  {
   "begin": "1.880", 
   "end": "2.320", 
   "id": "f000006", 
   "language": "en", 
   "lines": [
    "black"
   ]
  }, 
  {
   "begin": "2.320", 
   "end": "3.320", 
   "id": "f000007", 
   "language": "en", 
   "lines": [
    "fox"
   ]
  }, 
  {
   "begin": "3.320", 
   "end": "3.960", 
   "id": "f000008", 
   "language": "en", 
   "lines": [
    "wearing"
   ]
  }, 
  {
   "begin": "3.960", 
   "end": "4.480", 
   "id": "f000009", 
   "language": "en", 
   "lines": [
    "purple"
   ]
  }, 
  {
   "begin": "4.480", 
   "end": "5.560", 
   "id": "f000010", 
   "language": "en", 
   "lines": [
    "socks"
   ]
  }
 ]
}