{
 "fragments": [
  {
   "begin": "0.000", 
   "end": "0.240", 
   "id": "f000001", 
   "language": "en", 
   "lines": [
    "Jiril"
   ]
  }, 
  {
   "begin": "0.240", 
   "end": "0.840", 
   "id": "f000002", 
   "language": "en", 
   "lines": [
    "the"
   ]
  }, 
  {
   "begin": "0.840", 
   "end": "1.480", 
   "id": "f000003", 
   "language": "en", 
   "lines": [
    "squirrel"
   ]
  }, 
  {
   "begin": "1.480", 
   "end": "1.920", 
   "id": "f000004", 
   "language": "en", 
   "lines": [
    "sat"
   ]
  }, 
  {
   "begin": "1.920", 
   "end": "1.960", 
   "id": "f000005", 
   "language": "en", 
   "lines": [
    "on"
   ]
  }, 
  {
   "begin": "1.960", 
   "end": "2.320", 
   "id": "f000006", 
   "language": "en", 
   "lines": [
    "the"
   ]
  }, 
  {
   "begin": "2.320", 
   "end": "2.880", 
   "id": "f000007", 
   "language": "en", 
   "lines": [
    "branch"
   ]
  }, 
  {
   "begin": "2.880", 
   "end": "3.000", 
   "id": "f000008", 
   "language": "en", 
   "lines": [
    "of"
   ]
  }, 
  {
   "begin": "3.000", 
   "end": "3.000", 
   "id": "f000009", 
   "language": "en", 
   "lines": [
    "a"
   ]
  }, 
  {
   "begin": "3.000", 
   "end": "3.000", 
   "id": "f000010", 
   "language": "en", 
   "lines": [
    "tree."
   ]
  }, 
  {
   "begin": "3.000", 
   "end": "4.240", 
   "id": "f000011", 
   "language": "en", 
   "lines": [
    "He"
   ]
  }, 
  {
   "begin": "4.240", 
   "end": "4.880", 
   "id": "f000012", 
   "language": "en", 
   "lines": [
    "was"
   ]
  }, 
  {
   "begin": "4.880", 
   "end": "5.440", 
   "id": "f000013", 
   "language": "en", 
   "lines": [
    "all"
   ]
  }, 
  {
   "begin": "5.440", 
   "end": "6.000", 
   "id": "f000014", 
   "language": "en", 
   "lines": [
    "alone."
   ]
  }
 ]
}