{
 "fragments": [
  {
   "begin": "0.000", 
   "end": "0.840", 
   "id": "f000001", 
   "language": "en", 
   "lines": [
    "Jiril"
   ]
  }, 
  {
   "begin": "0.840", 
   "end": "1.360", 
   "id": "f000002", 
   "language": "en", 
   "lines": [
    "felt"
   ]
  }, 
  {
   "begin": "1.360", 
   "end": "2.040", 
   "id": "f000003", 
   "language": "en", 
   "lines": [
    "lonely."
   ]
  }, 
  {
   "begin": "2.040", 
   "end": "3.160", 
   "id": "f000004", 
   "language": "en", 
   "lines": [
    "He"
   ]
  }, 
  {
   "begin": "3.160", 
   "end": "3.880", 
   "id": "f000005", 
   "language": "en", 
   "lines": [
    "wished"
   ]
  }, 
  {
   "begin": "3.880", 
   "end": "4.040", 
   "id": "f000006", 
   "language": "en", 
   "lines": [
    "he"
   ]
  }, 
  {
   "begin": "4.040", 
   "end": "4.200", 
   "id": "f000007", 
   "language": "en", 
   "lines": [
    "could"
   ]
  }, 
  {
   "begin": "4.200", 
   "end": "4.800", 
   "id": "f000008", 
   "language": "en", 
   "lines": [
    "play"
   ]
  }, 
  {
   "begin": "4.800", 
   "end": "4.880", 
   "id": "f000009", 
   "language": "en", 
   "lines": [
    "with"
   ]
  }, 
  {
   "begin": "4.880", 
   "end": "5.120", 
   "id": "f000010", 
   "language": "en", 
   "lines": [
    "his"
   ]
  }, 
  {
   "begin": "5.120", 
   "end": "6.160", 
   "id": "f000011", 
   "language": "en", 
   "lines": [
    "friends."
   ]
  }
 ]
}