{"id":161,"name":"The Many Tails of Jiril the Squirrel","writtenby":"Jill Keeler","illustrationsby":"Sanjay Sarkar","translationby":"","source":"Pratham Books","status":"active","level":1,"pages":[{"id":1881,"content":"Jiril the squirrel sat on the branch of a tree. He was all alone.","pageno":1,"image":"1120ba5281b328e823225e055852cc1f.jpg","audio":"29f431d948712b8c0509bb5f355da9d9.mp3","audio_map":"0949f443cb14cbe1c137b28c905a8b9f.json","language":[]},{"id":1882,"content":"Jiril felt lonely. He wished he could play with his friends.","pageno":2,"image":"25ea4014d18195f1c62668cf9df66566.jpg","audio":"f0b7cfa990db0906e79507fbb4cbd0f0.mp3","audio_map":"15a4afcd1c8398d187818eef22b8fcda.json","language":[]},{"id":1883,"content":"He ran down the tree to the ground. He did not find his friends but he did find an acorn to eat.","pageno":3,"image":"679e58c86cd90c5ff2e95b24f2e4d9a1.jpg","audio":"5717d6cf261f4a4ab4aa55484221a1d8.mp3","audio_map":"a88efbbb1804cd00b4ac90c7c60774f4.json","language":[]},{"id":1884,"content":"Jiril looked and looked for his friends but he could not find them.  \nHe took a nap because he was tired.","pageno":4,"image":"cca8bd7375a3a2af58952994392877da.jpg","audio":"19e74134625136828b6f11fcfd7ce3e7.mp3","audio_map":"77d1494eec822b3f509139e28e3e2b09.json","language":[]},{"id":1885,"content":"When Jiril woke up, he decided to climb the tree again. \nBut he was still half asleep and he rolled down to the ground.","pageno":5,"image":"7f93b0d0c168901f3f449a5aeecc7c48.jpg","audio":"707dbdb3e26d02d620488661d627456d.mp3","audio_map":"8d24f8c31afb69fefe75efc7573dabb3.json","language":[]},{"id":1886,"content":"Soon he found his friends playing and eating. Jiril was happy now as he was not alone.","pageno":6,"image":"ee8b795e491e64f1e4c7a1155b0265c1.jpg","audio":"806f4ccd0efed747b7a19693067904de.mp3","audio_map":"b734e6f7a6774421abb44a7280d2d0d4.json","language":[]}],"language":[],"questions":[{"id":5718,"type":"pre","storypage_id":0,"order_number":1,"title":"Learning new words","question":{"question_type":"vocabulary","question":{"text":"Learning new words","image":"","type":"text"},"words":[{"word":"ground","image":"f0430415a776af2b6a332c3aa78c0a52.png"},{"word":"acorn","image":"bcb921b987b9bebecf8046469cf0aa1c.png"},{"word":"nap","image":"2e57f27efb695e0046d50bf39c4c62b6.png"},{"word":"eating","image":"3f78c30a42319b180ef3ed3e7fefd45b.png"}]},"score":1,"question_template_id":21,"question_template":"Vocab"},{"id":5890,"type":"pre","storypage_id":0,"order_number":2,"title":"What do you think this story is about?","question":{"question_type":"mcq_single_answer","question":{"text":"What do you think this story is about?","image":"","type":"text"},"options":[{"text":"A squirrel","type":"text","image":"","ans":1},{"text":"A rat","type":"text","image":"","ans":0},{"text":"A boy","type":"text","image":"","ans":0},{"text":"Fire","type":"text","image":"","ans":0}],"answers":["A squirrel"]},"score":1,"question_template_id":2,"question_template":"Text MCQ"},{"id":5891,"type":"during","storypage_id":1881,"order_number":1,"title":"Choose the correct answer.","question":{"question_type":"mcq_single_answer","question":{"text":"Where was Jiril sitting at the start of the story?","image":"","type":"text"},"options":[{"text":"On a tree branch","type":"both","image":"46e9e9369bd5daa0b1c4d038c2d715df.png","ans":1},{"text":"On a car","type":"both","image":"363888302dac6b4cb663908b72d3709a.png","ans":0},{"text":"On a mountain","type":"both","image":"c8c123c71defb7f1e6b97a43bfaa731d.png","ans":0},{"text":"On a leaf","type":"both","image":"f7f1ac0293e6e9fd802a1116ff997b74.png","ans":0}],"answers":["On a tree branch"]},"score":1,"question_template_id":2,"question_template":"Text MCQ"},{"id":5892,"type":"during","storypage_id":1882,"order_number":2,"title":"Choose the correct answer.","question":{"question_type":"mcq_single_answer","question":{"text":"Who did Jiril wish to play with?","image":"","type":"text"},"options":[{"text":"His friends","type":"both","image":"277fae6a1c0d96401009b09c2dce78b2.png","ans":1},{"text":"His wife","type":"both","image":"bcfa7db7412f59d794b416eba876e4ec.png","ans":0},{"text":"His brother","type":"both","image":"57b4095d585ecf0e8645e6e6622fd68f.png","ans":0},{"text":"His sister","type":"both","image":"785e21d3e67a2cb57286bc3f6853a371.png","ans":0}],"answers":["His friends"]},"score":1,"question_template_id":2,"question_template":"Text MCQ"},{"id":5893,"type":"during","storypage_id":1883,"order_number":3,"title":"Choose the correct answer.","question":{"question_type":"mcq_single_answer","question":{"text":"What did Jiril find to eat?","image":"","type":"text"},"options":[{"text":"An acorn","type":"both","image":"a9fc5cd0da8243c4273aba9c8276b7fd.png","ans":1},{"text":"A nut","type":"both","image":"8b8ad8043f17088be018f5705b6f45f1.png","ans":0},{"text":"A fruit","type":"both","image":"984cbe2b9e76343108e802d4d97a0ee0.png","ans":0},{"text":"A berry","type":"both","image":"ff91de61ca5d97bb0115be8c4b3ffd75.png","ans":0}],"answers":["An acorn"]},"score":1,"question_template_id":2,"question_template":"Text MCQ"},{"id":5894,"type":"during","storypage_id":1884,"order_number":4,"title":"Choose the correct answer.","question":{"question_type":"mcq_single_answer","question":{"text":"Why did Jiril take a nap?","image":"","type":"text"},"options":[{"text":"He was tired.","type":"both","image":"bd1a4b36b6de1cba7c5e2cd5f866cfb5.png","ans":1},{"text":"He was bored.","type":"both","image":"9effe4aa4fa04f04c83f7fcdc7f4ecc8.png","ans":0},{"text":"He slept late the previous night.","type":"both","image":"307c02b3be730910b1ddb6bcecd87bee.png","ans":0},{"text":"He had nothing else to do.","type":"both","image":"e64ce193600f29df9aeb881b18aee0fc.png","ans":0}],"answers":["He was tired."]},"score":1,"question_template_id":2,"question_template":"Text MCQ"},{"id":5895,"type":"during","storypage_id":1885,"order_number":5,"title":"Choose the correct answer.","question":{"question_type":"mcq_single_answer","question":{"text":"Why did Jiril roll back to the ground?","image":"","type":"text"},"options":[{"text":"He was still half asleep.","type":"both","image":"538568e8202703f5e51e4cd322dddcad.png","ans":1},{"text":"He thought it would be fun.","type":"both","image":"1c0fb60eda85fb446662c88729d57edc.png","ans":0},{"text":"He didn't know better.","type":"both","image":"c2306c23cda2e090c202c22cd1a2097d.png","ans":0},{"text":"He couldn't use his legs.","type":"both","image":"46e89b63eb4416063bc7638c0e553c44.png","ans":0}],"answers":["He was still half asleep."]},"score":1,"question_template_id":2,"question_template":"Text MCQ"},{"id":5896,"type":"during","storypage_id":1886,"order_number":6,"title":"Choose the correct answer.","question":{"question_type":"mcq_single_answer","question":{"text":"Why was Jiril happy in the end?","image":"","type":"text"},"options":[{"text":"He found his friends.","type":"both","image":"847024bdb1e2a62eceeaf3c2f151f52f.png","ans":1},{"text":"He got lots to eat.","type":"both","image":"cad3446f315e684f0be72b51a9102b74.png","ans":0},{"text":"He slept well.","type":"both","image":"f97f1724f3a05d5c08ddf3e49bbacc86.png","ans":0},{"text":"The weather was fine.","type":"both","image":"520c848aa2f5a4ab1afe2e771f659687.png","ans":0}],"answers":["He found his friends."]},"score":1,"question_template_id":2,"question_template":"Text MCQ"}]}