{
 "fragments": [
  {
   "begin": "0.000", 
   "end": "0.440", 
   "id": "f000001", 
   "language": "en", 
   "lines": [
    "Jiril"
   ]
  }, 
  {
   "begin": "0.440", 
   "end": "1.960", 
   "id": "f000002", 
   "language": "en", 
   "lines": [
    "looked"
   ]
  }, 
  {
   "begin": "1.960", 
   "end": "2.440", 
   "id": "f000003", 
   "language": "en", 
   "lines": [
    "and"
   ]
  }, 
  {
   "begin": "2.440", 
   "end": "2.800", 
   "id": "f000004", 
   "language": "en", 
   "lines": [
    "looked"
   ]
  }, 
  {
   "begin": "2.800", 
   "end": "3.160", 
   "id": "f000005", 
   "language": "en", 
   "lines": [
    "for"
   ]
  }, 
  {
   "begin": "3.160", 
   "end": "3.360", 
   "id": "f000006", 
   "language": "en", 
   "lines": [
    "his"
   ]
  }, 
  {
   "begin": "3.360", 
   "end": "4.040", 
   "id": "f000007", 
   "language": "en", 
   "lines": [
    "friends"
   ]
  }, 
  {
   "begin": "4.040", 
   "end": "4.760", 
   "id": "f000008", 
   "language": "en", 
   "lines": [
    "but"
   ]
  }, 
  {
   "begin": "4.760", 
   "end": "5.040", 
   "id": "f000009", 
   "language": "en", 
   "lines": [
    "he"
   ]
  }, 
  {
   "begin": "5.040", 
   "end": "5.120", 
   "id": "f000010", 
   "language": "en", 
   "lines": [
    "could"
   ]
  }, 
  {
   "begin": "5.120", 
   "end": "5.600", 
   "id": "f000011", 
   "language": "en", 
   "lines": [
    "not"
   ]
  }, 
  {
   "begin": "5.600", 
   "end": "6.000", 
   "id": "f000012", 
   "language": "en", 
   "lines": [
    "find"
   ]
  }, 
  {
   "begin": "6.000", 
   "end": "7.360", 
   "id": "f000013", 
   "language": "en", 
   "lines": [
    "them."
   ]
  }, 
  {
   "begin": "7.360", 
   "end": "7.360", 
   "id": "f000014", 
   "language": "en", 
   "lines": [
    ""
   ]
  }, 
  {
   "begin": "7.360", 
   "end": "7.600", 
   "id": "f000015", 
   "language": "en", 
   "lines": [
    "\nHe"
   ]
  }, 
  {
   "begin": "7.600", 
   "end": "7.600", 
   "id": "f000016", 
   "language": "en", 
   "lines": [
    "took"
   ]
  }, 
  {
   "begin": "7.600", 
   "end": "7.800", 
   "id": "f000017", 
   "language": "en", 
   "lines": [
    "a"
   ]
  }, 
  {
   "begin": "7.800", 
   "end": "8.360", 
   "id": "f000018", 
   "language": "en", 
   "lines": [
    "nap"
   ]
  }, 
  {
   "begin": "8.360", 
   "end": "8.960", 
   "id": "f000019", 
   "language": "en", 
   "lines": [
    "because"
   ]
  }, 
  {
   "begin": "8.960", 
   "end": "9.040", 
   "id": "f000020", 
   "language": "en", 
   "lines": [
    "he"
   ]
  }, 
  {
   "begin": "9.040", 
   "end": "9.800", 
   "id": "f000021", 
   "language": "en", 
   "lines": [
    "was"
   ]
  }, 
  {
   "begin": "9.800", 
   "end": "10.600", 
   "id": "f000022", 
   "language": "en", 
   "lines": [
    "tired."
   ]
  }
 ]
}