{
 "fragments": [
  {
   "begin": "0.000", 
   "end": "0.480", 
   "id": "f000001", 
   "language": "en", 
   "lines": [
    "When"
   ]
  }, 
  {
   "begin": "0.480", 
   "end": "1.240", 
   "id": "f000002", 
   "language": "en", 
   "lines": [
    "Jiril"
   ]
  }, 
  {
   "begin": "1.240", 
   "end": "1.480", 
   "id": "f000003", 
   "language": "en", 
   "lines": [
    "woke"
   ]
  }, 
  {
   "begin": "1.480", 
   "end": "2.160", 
   "id": "f000004", 
   "language": "en", 
   "lines": [
    "up,"
   ]
  }, 
  {
   "begin": "2.160", 
   "end": "2.360", 
   "id": "f000005", 
   "language": "en", 
   "lines": [
    "he"
   ]
  }, 
  {
   "begin": "2.360", 
   "end": "2.960", 
   "id": "f000006", 
   "language": "en", 
   "lines": [
    "decided"
   ]
  }, 
  {
   "begin": "2.960", 
   "end": "3.160", 
   "id": "f000007", 
   "language": "en", 
   "lines": [
    "to"
   ]
  }, 
  {
   "begin": "3.160", 
   "end": "3.720", 
   "id": "f000008", 
   "language": "en", 
   "lines": [
    "climb"
   ]
  }, 
  {
   "begin": "3.720", 
   "end": "3.720", 
   "id": "f000009", 
   "language": "en", 
   "lines": [
    "the"
   ]
  }, 
  {
   "begin": "3.720", 
   "end": "4.120", 
   "id": "f000010", 
   "language": "en", 
   "lines": [
    "tree"
   ]
  }, 
  {
   "begin": "4.120", 
   "end": "4.840", 
   "id": "f000011", 
   "language": "en", 
   "lines": [
    "again."
   ]
  }, 
  {
   "begin": "4.840", 
   "end": "4.840", 
   "id": "f000012", 
   "language": "en", 
   "lines": [
    ""
   ]
  }, 
  {
   "begin": "4.840", 
   "end": "5.720", 
   "id": "f000013", 
   "language": "en", 
   "lines": [
    "\nBut"
   ]
  }, 
  {
   "begin": "5.720", 
   "end": "5.880", 
   "id": "f000014", 
   "language": "en", 
   "lines": [
    "he"
   ]
  }, 
  {
   "begin": "5.880", 
   "end": "6.240", 
   "id": "f000015", 
   "language": "en", 
   "lines": [
    "was"
   ]
  }, 
  {
   "begin": "6.240", 
   "end": "6.560", 
   "id": "f000016", 
   "language": "en", 
   "lines": [
    "still"
   ]
  }, 
  {
   "begin": "6.560", 
   "end": "7.000", 
   "id": "f000017", 
   "language": "en", 
   "lines": [
    "half"
   ]
  }, 
  {
   "begin": "7.000", 
   "end": "7.560", 
   "id": "f000018", 
   "language": "en", 
   "lines": [
    "asleep"
   ]
  }, 
  {
   "begin": "7.560", 
   "end": "8.160", 
   "id": "f000019", 
   "language": "en", 
   "lines": [
    "and"
   ]
  }, 
  {
   "begin": "8.160", 
   "end": "8.640", 
   "id": "f000020", 
   "language": "en", 
   "lines": [
    "he"
   ]
  }, 
  {
   "begin": "8.640", 
   "end": "9.560", 
   "id": "f000021", 
   "language": "en", 
   "lines": [
    "rolled"
   ]
  }, 
  {
   "begin": "9.560", 
   "end": "9.920", 
   "id": "f000022", 
   "language": "en", 
   "lines": [
    "down"
   ]
  }, 
  {
   "begin": "9.920", 
   "end": "9.960", 
   "id": "f000023", 
   "language": "en", 
   "lines": [
    "to"
   ]
  }, 
  {
   "begin": "9.960", 
   "end": "10.400", 
   "id": "f000024", 
   "language": "en", 
   "lines": [
    "the"
   ]
  }, 
  {
   "begin": "10.400", 
   "end": "11.280", 
   "id": "f000025", 
   "language": "en", 
   "lines": [
    "ground."
   ]
  }
 ]
}