{
 "fragments": [
  {
   "begin": "0.000", 
   "end": "0.480", 
   "id": "f000001", 
   "language": "en", 
   "lines": [
    "He"
   ]
  }, 
  {
   "begin": "0.480", 
   "end": "1.000", 
   "id": "f000002", 
   "language": "en", 
   "lines": [
    "ran"
   ]
  }, 
  {
   "begin": "1.000", 
   "end": "1.360", 
   "id": "f000003", 
   "language": "en", 
   "lines": [
    "down"
   ]
  }, 
  {
   "begin": "1.360", 
   "end": "1.360", 
   "id": "f000004", 
   "language": "en", 
   "lines": [
    "the"
   ]
  }, 
  {
   "begin": "1.360", 
   "end": "1.720", 
   "id": "f000005", 
   "language": "en", 
   "lines": [
    "tree"
   ]
  }, 
  {
   "begin": "1.720", 
   "end": "1.760", 
   "id": "f000006", 
   "language": "en", 
   "lines": [
    "to"
   ]
  }, 
  {
   "begin": "1.760", 
   "end": "2.200", 
   "id": "f000007", 
   "language": "en", 
   "lines": [
    "the"
   ]
  }, 
  {
   "begin": "2.200", 
   "end": "2.560", 
   "id": "f000008", 
   "language": "en", 
   "lines": [
    "ground."
   ]
  }, 
  {
   "begin": "2.560", 
   "end": "3.520", 
   "id": "f000009", 
   "language": "en", 
   "lines": [
    "He"
   ]
  }, 
  {
   "begin": "3.520", 
   "end": "3.960", 
   "id": "f000010", 
   "language": "en", 
   "lines": [
    "did"
   ]
  }, 
  {
   "begin": "3.960", 
   "end": "4.200", 
   "id": "f000011", 
   "language": "en", 
   "lines": [
    "not"
   ]
  }, 
  {
   "begin": "4.200", 
   "end": "4.640", 
   "id": "f000012", 
   "language": "en", 
   "lines": [
    "find"
   ]
  }, 
  {
   "begin": "4.640", 
   "end": "4.840", 
   "id": "f000013", 
   "language": "en", 
   "lines": [
    "his"
   ]
  }, 
  {
   "begin": "4.840", 
   "end": "5.600", 
   "id": "f000014", 
   "language": "en", 
   "lines": [
    "friends"
   ]
  }, 
  {
   "begin": "5.600", 
   "end": "5.600", 
   "id": "f000015", 
   "language": "en", 
   "lines": [
    ""
   ]
  }, 
  {
   "begin": "5.600", 
   "end": "6.680", 
   "id": "f000016", 
   "language": "en", 
   "lines": [
    "but"
   ]
  }, 
  {
   "begin": "6.680", 
   "end": "6.960", 
   "id": "f000017", 
   "language": "en", 
   "lines": [
    "he"
   ]
  }, 
  {
   "begin": "6.960", 
   "end": "7.160", 
   "id": "f000018", 
   "language": "en", 
   "lines": [
    "did"
   ]
  }, 
  {
   "begin": "7.160", 
   "end": "7.760", 
   "id": "f000019", 
   "language": "en", 
   "lines": [
    "find"
   ]
  }, 
  {
   "begin": "7.760", 
   "end": "8.000", 
   "id": "f000020", 
   "language": "en", 
   "lines": [
    "an"
   ]
  }, 
  {
   "begin": "8.000", 
   "end": "8.560", 
   "id": "f000021", 
   "language": "en", 
   "lines": [
    "acorn"
   ]
  }, 
  {
   "begin": "8.560", 
   "end": "8.800", 
   "id": "f000022", 
   "language": "en", 
   "lines": [
    "to"
   ]
  }, 
  {
   "begin": "8.800", 
   "end": "9.560", 
   "id": "f000023", 
   "language": "en", 
   "lines": [
    "eat."
   ]
  }
 ]
}