{
 "fragments": [
  {
   "begin": "0.000", 
   "end": "0.000", 
   "id": "f000001", 
   "language": "en", 
   "lines": [
    "Soon"
   ]
  }, 
  {
   "begin": "0.000", 
   "end": "0.240", 
   "id": "f000002", 
   "language": "en", 
   "lines": [
    "he"
   ]
  }, 
  {
   "begin": "0.240", 
   "end": "1.120", 
   "id": "f000003", 
   "language": "en", 
   "lines": [
    "found"
   ]
  }, 
  {
   "begin": "1.120", 
   "end": "1.320", 
   "id": "f000004", 
   "language": "en", 
   "lines": [
    "his"
   ]
  }, 
  {
   "begin": "1.320", 
   "end": "1.840", 
   "id": "f000005", 
   "language": "en", 
   "lines": [
    "friends"
   ]
  }, 
  {
   "begin": "1.840", 
   "end": "2.520", 
   "id": "f000006", 
   "language": "en", 
   "lines": [
    "playing"
   ]
  }, 
  {
   "begin": "2.520", 
   "end": "2.920", 
   "id": "f000007", 
   "language": "en", 
   "lines": [
    "and"
   ]
  }, 
  {
   "begin": "2.920", 
   "end": "3.160", 
   "id": "f000008", 
   "language": "en", 
   "lines": [
    "eating."
   ]
  }, 
  {
   "begin": "3.160", 
   "end": "4.360", 
   "id": "f000009", 
   "language": "en", 
   "lines": [
    "Jiril"
   ]
  }, 
  {
   "begin": "4.360", 
   "end": "5.240", 
   "id": "f000010", 
   "language": "en", 
   "lines": [
    "was"
   ]
  }, 
  {
   "begin": "5.240", 
   "end": "5.400", 
   "id": "f000011", 
   "language": "en", 
   "lines": [
    "happy"
   ]
  }, 
  {
   "begin": "5.400", 
   "end": "5.760", 
   "id": "f000012", 
   "language": "en", 
   "lines": [
    "now"
   ]
  }, 
  {
   "begin": "5.760", 
   "end": "6.080", 
   "id": "f000013", 
   "language": "en", 
   "lines": [
    "as"
   ]
  }, 
  {
   "begin": "6.080", 
   "end": "6.640", 
   "id": "f000014", 
   "language": "en", 
   "lines": [
    "he"
   ]
  }, 
  {
   "begin": "6.640", 
   "end": "7.240", 
   "id": "f000015", 
   "language": "en", 
   "lines": [
    "was"
   ]
  }, 
  {
   "begin": "7.240", 
   "end": "7.480", 
   "id": "f000016", 
   "language": "en", 
   "lines": [
    "not"
   ]
  }, 
  {
   "begin": "7.480", 
   "end": "7.800", 
   "id": "f000017", 
   "language": "en", 
   "lines": [
    "alone."
   ]
  }
 ]
}