{
 "fragments": [
  {
   "begin": "0.000", 
   "end": "0.120", 
   "id": "f000001", 
   "language": "en", 
   "lines": [
    "The"
   ]
  }, 
  {
   "begin": "0.120", 
   "end": "0.560", 
   "id": "f000002", 
   "language": "en", 
   "lines": [
    "boy"
   ]
  }, 
  {
   "begin": "0.560", 
   "end": "0.920", 
   "id": "f000003", 
   "language": "en", 
   "lines": [
    "sang"
   ]
  }, 
  {
   "begin": "0.920", 
   "end": "1.360", 
   "id": "f000004", 
   "language": "en", 
   "lines": [
    "away,"
   ]
  }, 
  {
   "begin": "1.360", 
   "end": "1.840", 
   "id": "f000005", 
   "language": "en", 
   "lines": [
    "\"Oh"
   ]
  }, 
  {
   "begin": "1.840", 
   "end": "2.400", 
   "id": "f000006", 
   "language": "en", 
   "lines": [
    "so"
   ]
  }, 
  {
   "begin": "2.400", 
   "end": "3.120", 
   "id": "f000007", 
   "language": "en", 
   "lines": [
    "funny"
   ]
  }, 
  {
   "begin": "3.120", 
   "end": "3.480", 
   "id": "f000008", 
   "language": "en", 
   "lines": [
    "indeed!"
   ]
  }, 
  {
   "begin": "3.480", 
   "end": "4.120", 
   "id": "f000009", 
   "language": "en", 
   "lines": [
    "People"
   ]
  }, 
  {
   "begin": "4.120", 
   "end": "4.640", 
   "id": "f000010", 
   "language": "en", 
   "lines": [
    "looking"
   ]
  }, 
  {
   "begin": "4.640", 
   "end": "5.040", 
   "id": "f000011", 
   "language": "en", 
   "lines": [
    "for"
   ]
  }, 
  {
   "begin": "5.040", 
   "end": "5.680", 
   "id": "f000012", 
   "language": "en", 
   "lines": [
    "things,\n"
   ]
  }, 
  {
   "begin": "5.680", 
   "end": "5.960", 
   "id": "f000013", 
   "language": "en", 
   "lines": [
    "And"
   ]
  }, 
  {
   "begin": "5.960", 
   "end": "6.160", 
   "id": "f000014", 
   "language": "en", 
   "lines": [
    "I"
   ]
  }, 
  {
   "begin": "6.160", 
   "end": "6.760", 
   "id": "f000015", 
   "language": "en", 
   "lines": [
    "have"
   ]
  }, 
  {
   "begin": "6.760", 
   "end": "6.760", 
   "id": "f000016", 
   "language": "en", 
   "lines": [
    "what"
   ]
  }, 
  {
   "begin": "6.760", 
   "end": "7.280", 
   "id": "f000017", 
   "language": "en", 
   "lines": [
    "they"
   ]
  }, 
  {
   "begin": "7.280", 
   "end": "7.800", 
   "id": "f000018", 
   "language": "en", 
   "lines": [
    "need!"
   ]
  }, 
  {
   "begin": "7.800", 
   "end": "8.120", 
   "id": "f000019", 
   "language": "en", 
   "lines": [
    "A"
   ]
  }, 
  {
   "begin": "8.120", 
   "end": "8.560", 
   "id": "f000020", 
   "language": "en", 
   "lines": [
    "man"
   ]
  }, 
  {
   "begin": "8.560", 
   "end": "9.160", 
   "id": "f000021", 
   "language": "en", 
   "lines": [
    "needs"
   ]
  }, 
  {
   "begin": "9.160", 
   "end": "9.240", 
   "id": "f000022", 
   "language": "en", 
   "lines": [
    "a"
   ]
  }, 
  {
   "begin": "9.240", 
   "end": "9.720", 
   "id": "f000023", 
   "language": "en", 
   "lines": [
    "shirt,\n"
   ]
  }, 
  {
   "begin": "9.720", 
   "end": "10.200", 
   "id": "f000024", 
   "language": "en", 
   "lines": [
    "But"
   ]
  }, 
  {
   "begin": "10.200", 
   "end": "10.480", 
   "id": "f000025", 
   "language": "en", 
   "lines": [
    "all"
   ]
  }, 
  {
   "begin": "10.480", 
   "end": "10.640", 
   "id": "f000026", 
   "language": "en", 
   "lines": [
    "he"
   ]
  }, 
  {
   "begin": "10.640", 
   "end": "11.000", 
   "id": "f000027", 
   "language": "en", 
   "lines": [
    "has"
   ]
  }, 
  {
   "begin": "11.000", 
   "end": "11.520", 
   "id": "f000028", 
   "language": "en", 
   "lines": [
    "is"
   ]
  }, 
  {
   "begin": "11.520", 
   "end": "11.840", 
   "id": "f000029", 
   "language": "en", 
   "lines": [
    "a"
   ]
  }, 
  {
   "begin": "11.840", 
   "end": "12.080", 
   "id": "f000030", 
   "language": "en", 
   "lines": [
    "big"
   ]
  }, 
  {
   "begin": "12.080", 
   "end": "12.480", 
   "id": "f000031", 
   "language": "en", 
   "lines": [
    "fine"
   ]
  }, 
  {
   "begin": "12.480", 
   "end": "13.440", 
   "id": "f000032", 
   "language": "en", 
   "lines": [
    "horse!"
   ]
  }, 
  {
   "begin": "13.440", 
   "end": "13.720", 
   "id": "f000033", 
   "language": "en", 
   "lines": [
    "I"
   ]
  }, 
  {
   "begin": "13.720", 
   "end": "14.000", 
   "id": "f000034", 
   "language": "en", 
   "lines": [
    "gave"
   ]
  }, 
  {
   "begin": "14.000", 
   "end": "14.520", 
   "id": "f000035", 
   "language": "en", 
   "lines": [
    "him"
   ]
  }, 
  {
   "begin": "14.520", 
   "end": "14.800", 
   "id": "f000036", 
   "language": "en", 
   "lines": [
    "my"
   ]
  }, 
  {
   "begin": "14.800", 
   "end": "15.600", 
   "id": "f000037", 
   "language": "en", 
   "lines": [
    "coat,"
   ]
  }, 
  {
   "begin": "15.600", 
   "end": "16.280", 
   "id": "f000038", 
   "language": "en", 
   "lines": [
    "what"
   ]
  }, 
  {
   "begin": "16.280", 
   "end": "16.520", 
   "id": "f000039", 
   "language": "en", 
   "lines": [
    "did"
   ]
  }, 
  {
   "begin": "16.520", 
   "end": "16.800", 
   "id": "f000040", 
   "language": "en", 
   "lines": [
    "I"
   ]
  }, 
  {
   "begin": "16.800", 
   "end": "17.840", 
   "id": "f000041", 
   "language": "en", 
   "lines": [
    "get?\n"
   ]
  }, 
  {
   "begin": "17.840", 
   "end": "18.160", 
   "id": "f000042", 
   "language": "en", 
   "lines": [
    "His"
   ]
  }, 
  {
   "begin": "18.160", 
   "end": "18.720", 
   "id": "f000043", 
   "language": "en", 
   "lines": [
    "big"
   ]
  }, 
  {
   "begin": "18.720", 
   "end": "19.560", 
   "id": "f000044", 
   "language": "en", 
   "lines": [
    "fine"
   ]
  }, 
  {
   "begin": "19.560", 
   "end": "19.960", 
   "id": "f000045", 
   "language": "en", 
   "lines": [
    "horse,"
   ]
  }, 
  {
   "begin": "19.960", 
   "end": "20.600", 
   "id": "f000046", 
   "language": "en", 
   "lines": [
    "of"
   ]
  }, 
  {
   "begin": "20.600", 
   "end": "21.080", 
   "id": "f000047", 
   "language": "en", 
   "lines": [
    "course!\""
   ]
  }
 ]
}