{
 "fragments": [
  {
   "begin": "0.000", 
   "end": "0.320", 
   "id": "f000001", 
   "language": "en", 
   "lines": [
    "The"
   ]
  }, 
  {
   "begin": "0.320", 
   "end": "0.640", 
   "id": "f000002", 
   "language": "en", 
   "lines": [
    "boy"
   ]
  }, 
  {
   "begin": "0.640", 
   "end": "0.840", 
   "id": "f000003", 
   "language": "en", 
   "lines": [
    "went"
   ]
  }, 
  {
   "begin": "0.840", 
   "end": "1.480", 
   "id": "f000004", 
   "language": "en", 
   "lines": [
    "home"
   ]
  }, 
  {
   "begin": "1.480", 
   "end": "2.040", 
   "id": "f000005", 
   "language": "en", 
   "lines": [
    "singing"
   ]
  }, 
  {
   "begin": "2.040", 
   "end": "2.160", 
   "id": "f000006", 
   "language": "en", 
   "lines": [
    "a"
   ]
  }, 
  {
   "begin": "2.160", 
   "end": "2.600", 
   "id": "f000007", 
   "language": "en", 
   "lines": [
    "merry"
   ]
  }, 
  {
   "begin": "2.600", 
   "end": "3.120", 
   "id": "f000008", 
   "language": "en", 
   "lines": [
    "tune,\n"
   ]
  }, 
  {
   "begin": "3.120", 
   "end": "4.320", 
   "id": "f000009", 
   "language": "en", 
   "lines": [
    "\"My"
   ]
  }, 
  {
   "begin": "4.320", 
   "end": "5.000", 
   "id": "f000010", 
   "language": "en", 
   "lines": [
    "piece"
   ]
  }, 
  {
   "begin": "5.000", 
   "end": "5.200", 
   "id": "f000011", 
   "language": "en", 
   "lines": [
    "of"
   ]
  }, 
  {
   "begin": "5.200", 
   "end": "5.400", 
   "id": "f000012", 
   "language": "en", 
   "lines": [
    "wood"
   ]
  }, 
  {
   "begin": "5.400", 
   "end": "6.280", 
   "id": "f000013", 
   "language": "en", 
   "lines": [
    "did"
   ]
  }, 
  {
   "begin": "6.280", 
   "end": "6.640", 
   "id": "f000014", 
   "language": "en", 
   "lines": [
    "a"
   ]
  }, 
  {
   "begin": "6.640", 
   "end": "7.120", 
   "id": "f000015", 
   "language": "en", 
   "lines": [
    "lot"
   ]
  }, 
  {
   "begin": "7.120", 
   "end": "7.640", 
   "id": "f000016", 
   "language": "en", 
   "lines": [
    "of"
   ]
  }, 
  {
   "begin": "7.640", 
   "end": "7.960", 
   "id": "f000017", 
   "language": "en", 
   "lines": [
    "good!\n"
   ]
  }, 
  {
   "begin": "7.960", 
   "end": "8.200", 
   "id": "f000018", 
   "language": "en", 
   "lines": [
    "It"
   ]
  }, 
  {
   "begin": "8.200", 
   "end": "8.440", 
   "id": "f000019", 
   "language": "en", 
   "lines": [
    "got"
   ]
  }, 
  {
   "begin": "8.440", 
   "end": "8.800", 
   "id": "f000020", 
   "language": "en", 
   "lines": [
    "me"
   ]
  }, 
  {
   "begin": "8.800", 
   "end": "9.400", 
   "id": "f000021", 
   "language": "en", 
   "lines": [
    "bread"
   ]
  }, 
  {
   "begin": "9.400", 
   "end": "9.920", 
   "id": "f000022", 
   "language": "en", 
   "lines": [
    "as"
   ]
  }, 
  {
   "begin": "9.920", 
   "end": "10.240", 
   "id": "f000023", 
   "language": "en", 
   "lines": [
    "food."
   ]
  }, 
  {
   "begin": "10.240", 
   "end": "10.440", 
   "id": "f000024", 
   "language": "en", 
   "lines": [
    "My"
   ]
  }, 
  {
   "begin": "10.440", 
   "end": "10.840", 
   "id": "f000025", 
   "language": "en", 
   "lines": [
    "piece"
   ]
  }, 
  {
   "begin": "10.840", 
   "end": "11.040", 
   "id": "f000026", 
   "language": "en", 
   "lines": [
    "of"
   ]
  }, 
  {
   "begin": "11.040", 
   "end": "11.640", 
   "id": "f000027", 
   "language": "en", 
   "lines": [
    "bread"
   ]
  }, 
  {
   "begin": "11.640", 
   "end": "12.200", 
   "id": "f000028", 
   "language": "en", 
   "lines": [
    "lasted"
   ]
  }, 
  {
   "begin": "12.200", 
   "end": "12.600", 
   "id": "f000029", 
   "language": "en", 
   "lines": [
    "not,\n"
   ]
  }, 
  {
   "begin": "12.600", 
   "end": "12.880", 
   "id": "f000030", 
   "language": "en", 
   "lines": [
    "But"
   ]
  }, 
  {
   "begin": "12.880", 
   "end": "13.560", 
   "id": "f000031", 
   "language": "en", 
   "lines": [
    "gave"
   ]
  }, 
  {
   "begin": "13.560", 
   "end": "13.960", 
   "id": "f000032", 
   "language": "en", 
   "lines": [
    "me"
   ]
  }, 
  {
   "begin": "13.960", 
   "end": "14.000", 
   "id": "f000033", 
   "language": "en", 
   "lines": [
    "a"
   ]
  }, 
  {
   "begin": "14.000", 
   "end": "14.520", 
   "id": "f000034", 
   "language": "en", 
   "lines": [
    "lovely"
   ]
  }, 
  {
   "begin": "14.520", 
   "end": "15.040", 
   "id": "f000035", 
   "language": "en", 
   "lines": [
    "pot.\n"
   ]
  }, 
  {
   "begin": "15.040", 
   "end": "15.280", 
   "id": "f000036", 
   "language": "en", 
   "lines": [
    "My"
   ]
  }, 
  {
   "begin": "15.280", 
   "end": "15.640", 
   "id": "f000037", 
   "language": "en", 
   "lines": [
    "pot"
   ]
  }, 
  {
   "begin": "15.640", 
   "end": "15.920", 
   "id": "f000038", 
   "language": "en", 
   "lines": [
    "got"
   ]
  }, 
  {
   "begin": "15.920", 
   "end": "16.320", 
   "id": "f000039", 
   "language": "en", 
   "lines": [
    "me"
   ]
  }, 
  {
   "begin": "16.320", 
   "end": "16.760", 
   "id": "f000040", 
   "language": "en", 
   "lines": [
    "a"
   ]
  }, 
  {
   "begin": "16.760", 
   "end": "16.960", 
   "id": "f000041", 
   "language": "en", 
   "lines": [
    "lovely"
   ]
  }, 
  {
   "begin": "16.960", 
   "end": "17.600", 
   "id": "f000042", 
   "language": "en", 
   "lines": [
    "coat.\n"
   ]
  }, 
  {
   "begin": "17.600", 
   "end": "17.920", 
   "id": "f000043", 
   "language": "en", 
   "lines": [
    "The"
   ]
  }, 
  {
   "begin": "17.920", 
   "end": "18.280", 
   "id": "f000044", 
   "language": "en", 
   "lines": [
    "coat"
   ]
  }, 
  {
   "begin": "18.280", 
   "end": "18.480", 
   "id": "f000045", 
   "language": "en", 
   "lines": [
    "did"
   ]
  }, 
  {
   "begin": "18.480", 
   "end": "18.840", 
   "id": "f000046", 
   "language": "en", 
   "lines": [
    "help"
   ]
  }, 
  {
   "begin": "18.840", 
   "end": "19.000", 
   "id": "f000047", 
   "language": "en", 
   "lines": [
    "a"
   ]
  }, 
  {
   "begin": "19.000", 
   "end": "19.520", 
   "id": "f000048", 
   "language": "en", 
   "lines": [
    "needy"
   ]
  }, 
  {
   "begin": "19.520", 
   "end": "20.440", 
   "id": "f000049", 
   "language": "en", 
   "lines": [
    "man.\n"
   ]
  }, 
  {
   "begin": "20.440", 
   "end": "20.680", 
   "id": "f000050", 
   "language": "en", 
   "lines": [
    "I"
   ]
  }, 
  {
   "begin": "20.680", 
   "end": "21.040", 
   "id": "f000051", 
   "language": "en", 
   "lines": [
    "got"
   ]
  }, 
  {
   "begin": "21.040", 
   "end": "21.240", 
   "id": "f000052", 
   "language": "en", 
   "lines": [
    "me"
   ]
  }, 
  {
   "begin": "21.240", 
   "end": "21.440", 
   "id": "f000053", 
   "language": "en", 
   "lines": [
    "a"
   ]
  }, 
  {
   "begin": "21.440", 
   "end": "21.520", 
   "id": "f000054", 
   "language": "en", 
   "lines": [
    "big"
   ]
  }, 
  {
   "begin": "21.520", 
   "end": "21.880", 
   "id": "f000055", 
   "language": "en", 
   "lines": [
    "fine"
   ]
  }, 
  {
   "begin": "21.880", 
   "end": "22.680", 
   "id": "f000056", 
   "language": "en", 
   "lines": [
    "horse"
   ]
  }, 
  {
   "begin": "22.680", 
   "end": "23.200", 
   "id": "f000057", 
   "language": "en", 
   "lines": [
    "to"
   ]
  }, 
  {
   "begin": "23.200", 
   "end": "23.480", 
   "id": "f000058", 
   "language": "en", 
   "lines": [
    "ride."
   ]
  }, 
  {
   "begin": "23.480", 
   "end": "23.480", 
   "id": "f000059", 
   "language": "en", 
   "lines": [
    "With"
   ]
  }, 
  {
   "begin": "23.480", 
   "end": "23.840", 
   "id": "f000060", 
   "language": "en", 
   "lines": [
    "that"
   ]
  }, 
  {
   "begin": "23.840", 
   "end": "24.440", 
   "id": "f000061", 
   "language": "en", 
   "lines": [
    "horse,"
   ]
  }, 
  {
   "begin": "24.440", 
   "end": "24.680", 
   "id": "f000062", 
   "language": "en", 
   "lines": [
    "I"
   ]
  }, 
  {
   "begin": "24.680", 
   "end": "24.960", 
   "id": "f000063", 
   "language": "en", 
   "lines": [
    "got"
   ]
  }, 
  {
   "begin": "24.960", 
   "end": "25.080", 
   "id": "f000064", 
   "language": "en", 
   "lines": [
    "a"
   ]
  }, 
  {
   "begin": "25.080", 
   "end": "25.080", 
   "id": "f000065", 
   "language": "en", 
   "lines": [
    "groom"
   ]
  }, 
  {
   "begin": "25.080", 
   "end": "25.680", 
   "id": "f000066", 
   "language": "en", 
   "lines": [
    "his"
   ]
  }, 
  {
   "begin": "25.680", 
   "end": "26.320", 
   "id": "f000067", 
   "language": "en", 
   "lines": [
    "bride!\n"
   ]
  }, 
  {
   "begin": "26.320", 
   "end": "26.360", 
   "id": "f000068", 
   "language": "en", 
   "lines": [
    "So"
   ]
  }, 
  {
   "begin": "26.360", 
   "end": "26.400", 
   "id": "f000069", 
   "language": "en", 
   "lines": [
    "you"
   ]
  }, 
  {
   "begin": "26.400", 
   "end": "27.840", 
   "id": "f000070", 
   "language": "en", 
   "lines": [
    "see"
   ]
  }, 
  {
   "begin": "27.840", 
   "end": "27.920", 
   "id": "f000071", 
   "language": "en", 
   "lines": [
    "it"
   ]
  }, 
  {
   "begin": "27.920", 
   "end": "28.120", 
   "id": "f000072", 
   "language": "en", 
   "lines": [
    "is"
   ]
  }, 
  {
   "begin": "28.120", 
   "end": "28.840", 
   "id": "f000073", 
   "language": "en", 
   "lines": [
    "simple"
   ]
  }, 
  {
   "begin": "28.840", 
   "end": "29.320", 
   "id": "f000074", 
   "language": "en", 
   "lines": [
    "indeed\n"
   ]
  }, 
  {
   "begin": "29.320", 
   "end": "29.800", 
   "id": "f000075", 
   "language": "en", 
   "lines": [
    "A"
   ]
  }, 
  {
   "begin": "29.800", 
   "end": "30.120", 
   "id": "f000076", 
   "language": "en", 
   "lines": [
    "little"
   ]
  }, 
  {
   "begin": "30.120", 
   "end": "30.360", 
   "id": "f000077", 
   "language": "en", 
   "lines": [
    "bit"
   ]
  }, 
  {
   "begin": "30.360", 
   "end": "30.680", 
   "id": "f000078", 
   "language": "en", 
   "lines": [
    "of"
   ]
  }, 
  {
   "begin": "30.680", 
   "end": "30.920", 
   "id": "f000079", 
   "language": "en", 
   "lines": [
    "give"
   ]
  }, 
  {
   "begin": "30.920", 
   "end": "31.200", 
   "id": "f000080", 
   "language": "en", 
   "lines": [
    "and"
   ]
  }, 
  {
   "begin": "31.200", 
   "end": "31.600", 
   "id": "f000081", 
   "language": "en", 
   "lines": [
    "take,\n"
   ]
  }, 
  {
   "begin": "31.600", 
   "end": "31.960", 
   "id": "f000082", 
   "language": "en", 
   "lines": [
    "Will"
   ]
  }, 
  {
   "begin": "31.960", 
   "end": "32.320", 
   "id": "f000083", 
   "language": "en", 
   "lines": [
    "a"
   ]
  }, 
  {
   "begin": "32.320", 
   "end": "32.800", 
   "id": "f000084", 
   "language": "en", 
   "lines": [
    "lot"
   ]
  }, 
  {
   "begin": "32.800", 
   "end": "32.800", 
   "id": "f000085", 
   "language": "en", 
   "lines": [
    "of"
   ]
  }, 
  {
   "begin": "32.800", 
   "end": "33.040", 
   "id": "f000086", 
   "language": "en", 
   "lines": [
    "people"
   ]
  }, 
  {
   "begin": "33.040", 
   "end": "33.880", 
   "id": "f000087", 
   "language": "en", 
   "lines": [
    "happy"
   ]
  }, 
  {
   "begin": "33.880", 
   "end": "34.560", 
   "id": "f000088", 
   "language": "en", 
   "lines": [
    "make!\n"
   ]
  }, 
  {
   "begin": "34.560", 
   "end": "34.880", 
   "id": "f000089", 
   "language": "en", 
   "lines": [
    "So"
   ]
  }, 
  {
   "begin": "34.880", 
   "end": "35.160", 
   "id": "f000090", 
   "language": "en", 
   "lines": [
    "when"
   ]
  }, 
  {
   "begin": "35.160", 
   "end": "35.360", 
   "id": "f000091", 
   "language": "en", 
   "lines": [
    "you"
   ]
  }, 
  {
   "begin": "35.360", 
   "end": "35.680", 
   "id": "f000092", 
   "language": "en", 
   "lines": [
    "meet"
   ]
  }, 
  {
   "begin": "35.680", 
   "end": "36.000", 
   "id": "f000093", 
   "language": "en", 
   "lines": [
    "your"
   ]
  }, 
  {
   "begin": "36.000", 
   "end": "36.480", 
   "id": "f000094", 
   "language": "en", 
   "lines": [
    "friends"
   ]
  }, 
  {
   "begin": "36.480", 
   "end": "37.280", 
   "id": "f000095", 
   "language": "en", 
   "lines": [
    "today,\n"
   ]
  }, 
  {
   "begin": "37.280", 
   "end": "37.840", 
   "id": "f000096", 
   "language": "en", 
   "lines": [
    "Try"
   ]
  }, 
  {
   "begin": "37.840", 
   "end": "37.880", 
   "id": "f000097", 
   "language": "en", 
   "lines": [
    "and"
   ]
  }, 
  {
   "begin": "37.880", 
   "end": "38.240", 
   "id": "f000098", 
   "language": "en", 
   "lines": [
    "make"
   ]
  }, 
  {
   "begin": "38.240", 
   "end": "38.600", 
   "id": "f000099", 
   "language": "en", 
   "lines": [
    "their"
   ]
  }, 
  {
   "begin": "38.600", 
   "end": "39.640", 
   "id": "f000100", 
   "language": "en", 
   "lines": [
    "day!\""
   ]
  }
 ]
}