{
 "fragments": [
  {
   "begin": "0.000", 
   "end": "0.200", 
   "id": "f000001", 
   "language": "en", 
   "lines": [
    "As"
   ]
  }, 
  {
   "begin": "0.200", 
   "end": "0.600", 
   "id": "f000002", 
   "language": "en", 
   "lines": [
    "he"
   ]
  }, 
  {
   "begin": "0.600", 
   "end": "1.040", 
   "id": "f000003", 
   "language": "en", 
   "lines": [
    "went"
   ]
  }, 
  {
   "begin": "1.040", 
   "end": "1.320", 
   "id": "f000004", 
   "language": "en", 
   "lines": [
    "skipping"
   ]
  }, 
  {
   "begin": "1.320", 
   "end": "2.040", 
   "id": "f000005", 
   "language": "en", 
   "lines": [
    "along,"
   ]
  }, 
  {
   "begin": "2.040", 
   "end": "2.240", 
   "id": "f000006", 
   "language": "en", 
   "lines": [
    "wood"
   ]
  }, 
  {
   "begin": "2.240", 
   "end": "2.400", 
   "id": "f000007", 
   "language": "en", 
   "lines": [
    "in"
   ]
  }, 
  {
   "begin": "2.400", 
   "end": "2.920", 
   "id": "f000008", 
   "language": "en", 
   "lines": [
    "hand"
   ]
  }, 
  {
   "begin": "2.920", 
   "end": "3.520", 
   "id": "f000009", 
   "language": "en", 
   "lines": [
    "he"
   ]
  }, 
  {
   "begin": "3.520", 
   "end": "3.760", 
   "id": "f000010", 
   "language": "en", 
   "lines": [
    "met"
   ]
  }, 
  {
   "begin": "3.760", 
   "end": "3.800", 
   "id": "f000011", 
   "language": "en", 
   "lines": [
    "an"
   ]
  }, 
  {
   "begin": "3.800", 
   "end": "4.200", 
   "id": "f000012", 
   "language": "en", 
   "lines": [
    "old"
   ]
  }, 
  {
   "begin": "4.200", 
   "end": "4.560", 
   "id": "f000013", 
   "language": "en", 
   "lines": [
    "man"
   ]
  }, 
  {
   "begin": "4.560", 
   "end": "4.680", 
   "id": "f000014", 
   "language": "en", 
   "lines": [
    "who"
   ]
  }, 
  {
   "begin": "4.680", 
   "end": "5.240", 
   "id": "f000015", 
   "language": "en", 
   "lines": [
    "could"
   ]
  }, 
  {
   "begin": "5.240", 
   "end": "5.640", 
   "id": "f000016", 
   "language": "en", 
   "lines": [
    "not"
   ]
  }, 
  {
   "begin": "5.640", 
   "end": "6.000", 
   "id": "f000017", 
   "language": "en", 
   "lines": [
    "start"
   ]
  }, 
  {
   "begin": "6.000", 
   "end": "6.120", 
   "id": "f000018", 
   "language": "en", 
   "lines": [
    "a"
   ]
  }, 
  {
   "begin": "6.120", 
   "end": "6.760", 
   "id": "f000019", 
   "language": "en", 
   "lines": [
    "fire.\n"
   ]
  }, 
  {
   "begin": "6.760", 
   "end": "7.400", 
   "id": "f000020", 
   "language": "en", 
   "lines": [
    "&nbsp;The"
   ]
  }, 
  {
   "begin": "7.400", 
   "end": "8.280", 
   "id": "f000021", 
   "language": "en", 
   "lines": [
    "kind-hearted"
   ]
  }, 
  {
   "begin": "8.280", 
   "end": "8.640", 
   "id": "f000022", 
   "language": "en", 
   "lines": [
    "boy"
   ]
  }, 
  {
   "begin": "8.640", 
   "end": "8.840", 
   "id": "f000023", 
   "language": "en", 
   "lines": [
    "gave"
   ]
  }, 
  {
   "begin": "8.840", 
   "end": "9.080", 
   "id": "f000024", 
   "language": "en", 
   "lines": [
    "the"
   ]
  }, 
  {
   "begin": "9.080", 
   "end": "9.360", 
   "id": "f000025", 
   "language": "en", 
   "lines": [
    "old"
   ]
  }, 
  {
   "begin": "9.360", 
   "end": "9.720", 
   "id": "f000026", 
   "language": "en", 
   "lines": [
    "man"
   ]
  }, 
  {
   "begin": "9.720", 
   "end": "10.040", 
   "id": "f000027", 
   "language": "en", 
   "lines": [
    "his"
   ]
  }, 
  {
   "begin": "10.040", 
   "end": "10.080", 
   "id": "f000028", 
   "language": "en", 
   "lines": [
    "wood"
   ]
  }, 
  {
   "begin": "10.080", 
   "end": "10.400", 
   "id": "f000029", 
   "language": "en", 
   "lines": [
    "and"
   ]
  }, 
  {
   "begin": "10.400", 
   "end": "10.840", 
   "id": "f000030", 
   "language": "en", 
   "lines": [
    "the"
   ]
  }, 
  {
   "begin": "10.840", 
   "end": "11.160", 
   "id": "f000031", 
   "language": "en", 
   "lines": [
    "old"
   ]
  }, 
  {
   "begin": "11.160", 
   "end": "11.600", 
   "id": "f000032", 
   "language": "en", 
   "lines": [
    "man"
   ]
  }, 
  {
   "begin": "11.600", 
   "end": "12.080", 
   "id": "f000033", 
   "language": "en", 
   "lines": [
    "made"
   ]
  }, 
  {
   "begin": "12.080", 
   "end": "12.440", 
   "id": "f000034", 
   "language": "en", 
   "lines": [
    "some"
   ]
  }, 
  {
   "begin": "12.440", 
   "end": "12.840", 
   "id": "f000035", 
   "language": "en", 
   "lines": [
    "bread"
   ]
  }, 
  {
   "begin": "12.840", 
   "end": "13.080", 
   "id": "f000036", 
   "language": "en", 
   "lines": [
    "and"
   ]
  }, 
  {
   "begin": "13.080", 
   "end": "13.320", 
   "id": "f000037", 
   "language": "en", 
   "lines": [
    "gave"
   ]
  }, 
  {
   "begin": "13.320", 
   "end": "13.600", 
   "id": "f000038", 
   "language": "en", 
   "lines": [
    "a"
   ]
  }, 
  {
   "begin": "13.600", 
   "end": "13.960", 
   "id": "f000039", 
   "language": "en", 
   "lines": [
    "piece"
   ]
  }, 
  {
   "begin": "13.960", 
   "end": "14.120", 
   "id": "f000040", 
   "language": "en", 
   "lines": [
    "to"
   ]
  }, 
  {
   "begin": "14.120", 
   "end": "14.320", 
   "id": "f000041", 
   "language": "en", 
   "lines": [
    "the"
   ]
  }, 
  {
   "begin": "14.320", 
   "end": "15.360", 
   "id": "f000042", 
   "language": "en", 
   "lines": [
    "boy.\n\n"
   ]
  }, 
  {
   "begin": "15.360", 
   "end": "15.360", 
   "id": "f000043", 
   "language": "en", 
   "lines": [
    ""
   ]
  }, 
  {
   "begin": "15.360", 
   "end": "15.520", 
   "id": "f000044", 
   "language": "en", 
   "lines": [
    "The"
   ]
  }, 
  {
   "begin": "15.520", 
   "end": "15.840", 
   "id": "f000045", 
   "language": "en", 
   "lines": [
    "boy"
   ]
  }, 
  {
   "begin": "15.840", 
   "end": "16.200", 
   "id": "f000046", 
   "language": "en", 
   "lines": [
    "sang"
   ]
  }, 
  {
   "begin": "16.200", 
   "end": "16.680", 
   "id": "f000047", 
   "language": "en", 
   "lines": [
    "away,\n"
   ]
  }, 
  {
   "begin": "16.680", 
   "end": "17.800", 
   "id": "f000048", 
   "language": "en", 
   "lines": [
    "\"My"
   ]
  }, 
  {
   "begin": "17.800", 
   "end": "18.400", 
   "id": "f000049", 
   "language": "en", 
   "lines": [
    "piece"
   ]
  }, 
  {
   "begin": "18.400", 
   "end": "19.320", 
   "id": "f000050", 
   "language": "en", 
   "lines": [
    "of"
   ]
  }, 
  {
   "begin": "19.320", 
   "end": "19.360", 
   "id": "f000051", 
   "language": "en", 
   "lines": [
    "wood"
   ]
  }, 
  {
   "begin": "19.360", 
   "end": "19.840", 
   "id": "f000052", 
   "language": "en", 
   "lines": [
    "got"
   ]
  }, 
  {
   "begin": "19.840", 
   "end": "20.400", 
   "id": "f000053", 
   "language": "en", 
   "lines": [
    "me"
   ]
  }, 
  {
   "begin": "20.400", 
   "end": "20.760", 
   "id": "f000054", 
   "language": "en", 
   "lines": [
    "some"
   ]
  }, 
  {
   "begin": "20.760", 
   "end": "21.280", 
   "id": "f000055", 
   "language": "en", 
   "lines": [
    "food.\n"
   ]
  }, 
  {
   "begin": "21.280", 
   "end": "21.640", 
   "id": "f000056", 
   "language": "en", 
   "lines": [
    "A"
   ]
  }, 
  {
   "begin": "21.640", 
   "end": "21.960", 
   "id": "f000057", 
   "language": "en", 
   "lines": [
    "lovely"
   ]
  }, 
  {
   "begin": "21.960", 
   "end": "22.440", 
   "id": "f000058", 
   "language": "en", 
   "lines": [
    "piece"
   ]
  }, 
  {
   "begin": "22.440", 
   "end": "22.520", 
   "id": "f000059", 
   "language": "en", 
   "lines": [
    "of"
   ]
  }, 
  {
   "begin": "22.520", 
   "end": "23.520", 
   "id": "f000060", 
   "language": "en", 
   "lines": [
    "bread.\n"
   ]
  }, 
  {
   "begin": "23.520", 
   "end": "23.920", 
   "id": "f000061", 
   "language": "en", 
   "lines": [
    "My"
   ]
  }, 
  {
   "begin": "23.920", 
   "end": "24.480", 
   "id": "f000062", 
   "language": "en", 
   "lines": [
    "piece"
   ]
  }, 
  {
   "begin": "24.480", 
   "end": "24.720", 
   "id": "f000063", 
   "language": "en", 
   "lines": [
    "of"
   ]
  }, 
  {
   "begin": "24.720", 
   "end": "24.760", 
   "id": "f000064", 
   "language": "en", 
   "lines": [
    "wood"
   ]
  }, 
  {
   "begin": "24.760", 
   "end": "24.960", 
   "id": "f000065", 
   "language": "en", 
   "lines": [
    "is"
   ]
  }, 
  {
   "begin": "24.960", 
   "end": "25.240", 
   "id": "f000066", 
   "language": "en", 
   "lines": [
    "not"
   ]
  }, 
  {
   "begin": "25.240", 
   "end": "25.440", 
   "id": "f000067", 
   "language": "en", 
   "lines": [
    "a"
   ]
  }, 
  {
   "begin": "25.440", 
   "end": "25.800", 
   "id": "f000068", 
   "language": "en", 
   "lines": [
    "drum,"
   ]
  }, 
  {
   "begin": "25.800", 
   "end": "25.960", 
   "id": "f000069", 
   "language": "en", 
   "lines": [
    "but"
   ]
  }, 
  {
   "begin": "25.960", 
   "end": "26.160", 
   "id": "f000070", 
   "language": "en", 
   "lines": [
    "it"
   ]
  }, 
  {
   "begin": "26.160", 
   "end": "26.640", 
   "id": "f000071", 
   "language": "en", 
   "lines": [
    "got"
   ]
  }, 
  {
   "begin": "26.640", 
   "end": "27.080", 
   "id": "f000072", 
   "language": "en", 
   "lines": [
    "me"
   ]
  }, 
  {
   "begin": "27.080", 
   "end": "27.920", 
   "id": "f000073", 
   "language": "en", 
   "lines": [
    "bread."
   ]
  }, 
  {
   "begin": "27.920", 
   "end": "28.280", 
   "id": "f000074", 
   "language": "en", 
   "lines": [
    "A"
   ]
  }, 
  {
   "begin": "28.280", 
   "end": "28.600", 
   "id": "f000075", 
   "language": "en", 
   "lines": [
    "lovely"
   ]
  }, 
  {
   "begin": "28.600", 
   "end": "29.080", 
   "id": "f000076", 
   "language": "en", 
   "lines": [
    "piece"
   ]
  }, 
  {
   "begin": "29.080", 
   "end": "29.120", 
   "id": "f000077", 
   "language": "en", 
   "lines": [
    "of"
   ]
  }, 
  {
   "begin": "29.120", 
   "end": "29.800", 
   "id": "f000078", 
   "language": "en", 
   "lines": [
    "bread.\""
   ]
  }
 ]
}