{
 "fragments": [
  {
   "begin": "0.000", 
   "end": "0.200", 
   "id": "f000001", 
   "language": "en", 
   "lines": [
    "The"
   ]
  }, 
  {
   "begin": "0.200", 
   "end": "0.440", 
   "id": "f000002", 
   "language": "en", 
   "lines": [
    "groom"
   ]
  }, 
  {
   "begin": "0.440", 
   "end": "1.120", 
   "id": "f000003", 
   "language": "en", 
   "lines": [
    "was"
   ]
  }, 
  {
   "begin": "1.120", 
   "end": "1.640", 
   "id": "f000004", 
   "language": "en", 
   "lines": [
    "very"
   ]
  }, 
  {
   "begin": "1.640", 
   "end": "2.560", 
   "id": "f000005", 
   "language": "en", 
   "lines": [
    "happy"
   ]
  }, 
  {
   "begin": "2.560", 
   "end": "2.720", 
   "id": "f000006", 
   "language": "en", 
   "lines": [
    "and"
   ]
  }, 
  {
   "begin": "2.720", 
   "end": "3.040", 
   "id": "f000007", 
   "language": "en", 
   "lines": [
    "he"
   ]
  }, 
  {
   "begin": "3.040", 
   "end": "3.360", 
   "id": "f000008", 
   "language": "en", 
   "lines": [
    "asked"
   ]
  }, 
  {
   "begin": "3.360", 
   "end": "3.520", 
   "id": "f000009", 
   "language": "en", 
   "lines": [
    "the"
   ]
  }, 
  {
   "begin": "3.520", 
   "end": "3.920", 
   "id": "f000010", 
   "language": "en", 
   "lines": [
    "boy"
   ]
  }, 
  {
   "begin": "3.920", 
   "end": "4.040", 
   "id": "f000011", 
   "language": "en", 
   "lines": [
    "what"
   ]
  }, 
  {
   "begin": "4.040", 
   "end": "4.680", 
   "id": "f000012", 
   "language": "en", 
   "lines": [
    "he"
   ]
  }, 
  {
   "begin": "4.680", 
   "end": "4.880", 
   "id": "f000013", 
   "language": "en", 
   "lines": [
    "could"
   ]
  }, 
  {
   "begin": "4.880", 
   "end": "4.880", 
   "id": "f000014", 
   "language": "en", 
   "lines": [
    "give"
   ]
  }, 
  {
   "begin": "4.880", 
   "end": "5.560", 
   "id": "f000015", 
   "language": "en", 
   "lines": [
    "him"
   ]
  }, 
  {
   "begin": "5.560", 
   "end": "5.760", 
   "id": "f000016", 
   "language": "en", 
   "lines": [
    "in"
   ]
  }, 
  {
   "begin": "5.760", 
   "end": "6.360", 
   "id": "f000017", 
   "language": "en", 
   "lines": [
    "exchange"
   ]
  }, 
  {
   "begin": "6.360", 
   "end": "6.520", 
   "id": "f000018", 
   "language": "en", 
   "lines": [
    "for"
   ]
  }, 
  {
   "begin": "6.520", 
   "end": "6.840", 
   "id": "f000019", 
   "language": "en", 
   "lines": [
    "his"
   ]
  }, 
  {
   "begin": "6.840", 
   "end": "7.400", 
   "id": "f000020", 
   "language": "en", 
   "lines": [
    "horse."
   ]
  }, 
  {
   "begin": "7.400", 
   "end": "8.760", 
   "id": "f000021", 
   "language": "en", 
   "lines": [
    "&nbsp;"
   ]
  }, 
  {
   "begin": "8.760", 
   "end": "8.920", 
   "id": "f000022", 
   "language": "en", 
   "lines": [
    "The"
   ]
  }, 
  {
   "begin": "8.920", 
   "end": "8.920", 
   "id": "f000023", 
   "language": "en", 
   "lines": [
    "boy"
   ]
  }, 
  {
   "begin": "8.920", 
   "end": "9.080", 
   "id": "f000024", 
   "language": "en", 
   "lines": [
    "looked"
   ]
  }, 
  {
   "begin": "9.080", 
   "end": "9.600", 
   "id": "f000025", 
   "language": "en", 
   "lines": [
    "around"
   ]
  }, 
  {
   "begin": "9.600", 
   "end": "9.920", 
   "id": "f000026", 
   "language": "en", 
   "lines": [
    "among"
   ]
  }, 
  {
   "begin": "9.920", 
   "end": "10.080", 
   "id": "f000027", 
   "language": "en", 
   "lines": [
    "the"
   ]
  }, 
  {
   "begin": "10.080", 
   "end": "11.120", 
   "id": "f000028", 
   "language": "en", 
   "lines": [
    "musicians"
   ]
  }, 
  {
   "begin": "11.120", 
   "end": "11.440", 
   "id": "f000029", 
   "language": "en", 
   "lines": [
    "and"
   ]
  }, 
  {
   "begin": "11.440", 
   "end": "12.120", 
   "id": "f000030", 
   "language": "en", 
   "lines": [
    "quickly"
   ]
  }, 
  {
   "begin": "12.120", 
   "end": "12.640", 
   "id": "f000031", 
   "language": "en", 
   "lines": [
    "spotted"
   ]
  }, 
  {
   "begin": "12.640", 
   "end": "12.800", 
   "id": "f000032", 
   "language": "en", 
   "lines": [
    "the"
   ]
  }, 
  {
   "begin": "12.800", 
   "end": "13.840", 
   "id": "f000033", 
   "language": "en", 
   "lines": [
    "drummer."
   ]
  }, 
  {
   "begin": "13.840", 
   "end": "13.880", 
   "id": "f000034", 
   "language": "en", 
   "lines": [
    "&nbsp;"
   ]
  }, 
  {
   "begin": "13.880", 
   "end": "13.920", 
   "id": "f000035", 
   "language": "en", 
   "lines": [
    "He"
   ]
  }, 
  {
   "begin": "13.920", 
   "end": "14.600", 
   "id": "f000036", 
   "language": "en", 
   "lines": [
    "said:&nbsp;"
   ]
  }, 
  {
   "begin": "14.600", 
   "end": "15.440", 
   "id": "f000037", 
   "language": "en", 
   "lines": [
    "\"A"
   ]
  }, 
  {
   "begin": "15.440", 
   "end": "15.840", 
   "id": "f000038", 
   "language": "en", 
   "lines": [
    "stitch"
   ]
  }, 
  {
   "begin": "15.840", 
   "end": "15.840", 
   "id": "f000039", 
   "language": "en", 
   "lines": [
    "in"
   ]
  }, 
  {
   "begin": "15.840", 
   "end": "16.240", 
   "id": "f000040", 
   "language": "en", 
   "lines": [
    "time"
   ]
  }, 
  {
   "begin": "16.240", 
   "end": "16.440", 
   "id": "f000041", 
   "language": "en", 
   "lines": [
    "they"
   ]
  }, 
  {
   "begin": "16.440", 
   "end": "16.760", 
   "id": "f000042", 
   "language": "en", 
   "lines": [
    "say"
   ]
  }, 
  {
   "begin": "16.760", 
   "end": "17.400", 
   "id": "f000043", 
   "language": "en", 
   "lines": [
    "saves"
   ]
  }, 
  {
   "begin": "17.400", 
   "end": "17.960", 
   "id": "f000044", 
   "language": "en", 
   "lines": [
    "nine."
   ]
  }, 
  {
   "begin": "17.960", 
   "end": "18.440", 
   "id": "f000045", 
   "language": "en", 
   "lines": [
    "And"
   ]
  }, 
  {
   "begin": "18.440", 
   "end": "19.080", 
   "id": "f000046", 
   "language": "en", 
   "lines": [
    "what"
   ]
  }, 
  {
   "begin": "19.080", 
   "end": "19.440", 
   "id": "f000047", 
   "language": "en", 
   "lines": [
    "indeed"
   ]
  }, 
  {
   "begin": "19.440", 
   "end": "19.640", 
   "id": "f000048", 
   "language": "en", 
   "lines": [
    "did"
   ]
  }, 
  {
   "begin": "19.640", 
   "end": "19.960", 
   "id": "f000049", 
   "language": "en", 
   "lines": [
    "save"
   ]
  }, 
  {
   "begin": "19.960", 
   "end": "20.160", 
   "id": "f000050", 
   "language": "en", 
   "lines": [
    "the"
   ]
  }, 
  {
   "begin": "20.160", 
   "end": "20.440", 
   "id": "f000051", 
   "language": "en", 
   "lines": [
    "day,"
   ]
  }, 
  {
   "begin": "20.440", 
   "end": "20.600", 
   "id": "f000052", 
   "language": "en", 
   "lines": [
    "Was"
   ]
  }, 
  {
   "begin": "20.600", 
   "end": "21.480", 
   "id": "f000053", 
   "language": "en", 
   "lines": [
    "this"
   ]
  }, 
  {
   "begin": "21.480", 
   "end": "22.160", 
   "id": "f000054", 
   "language": "en", 
   "lines": [
    "splendid"
   ]
  }, 
  {
   "begin": "22.160", 
   "end": "22.480", 
   "id": "f000055", 
   "language": "en", 
   "lines": [
    "horse"
   ]
  }, 
  {
   "begin": "22.480", 
   "end": "22.640", 
   "id": "f000056", 
   "language": "en", 
   "lines": [
    "of"
   ]
  }, 
  {
   "begin": "22.640", 
   "end": "23.680", 
   "id": "f000057", 
   "language": "en", 
   "lines": [
    "mine!\n"
   ]
  }, 
  {
   "begin": "23.680", 
   "end": "24.200", 
   "id": "f000058", 
   "language": "en", 
   "lines": [
    "All"
   ]
  }, 
  {
   "begin": "24.200", 
   "end": "24.360", 
   "id": "f000059", 
   "language": "en", 
   "lines": [
    "I"
   ]
  }, 
  {
   "begin": "24.360", 
   "end": "24.400", 
   "id": "f000060", 
   "language": "en", 
   "lines": [
    "want"
   ]
  }, 
  {
   "begin": "24.400", 
   "end": "24.680", 
   "id": "f000061", 
   "language": "en", 
   "lines": [
    "from"
   ]
  }, 
  {
   "begin": "24.680", 
   "end": "24.920", 
   "id": "f000062", 
   "language": "en", 
   "lines": [
    "you"
   ]
  }, 
  {
   "begin": "24.920", 
   "end": "25.600", 
   "id": "f000063", 
   "language": "en", 
   "lines": [
    "is\n"
   ]
  }, 
  {
   "begin": "25.600", 
   "end": "25.760", 
   "id": "f000064", 
   "language": "en", 
   "lines": [
    "That"
   ]
  }, 
  {
   "begin": "25.760", 
   "end": "26.400", 
   "id": "f000065", 
   "language": "en", 
   "lines": [
    "fine"
   ]
  }, 
  {
   "begin": "26.400", 
   "end": "26.800", 
   "id": "f000066", 
   "language": "en", 
   "lines": [
    "little"
   ]
  }, 
  {
   "begin": "26.800", 
   "end": "26.880", 
   "id": "f000067", 
   "language": "en", 
   "lines": [
    "drum"
   ]
  }, 
  {
   "begin": "26.880", 
   "end": "27.480", 
   "id": "f000068", 
   "language": "en", 
   "lines": [
    "that"
   ]
  }, 
  {
   "begin": "27.480", 
   "end": "27.680", 
   "id": "f000069", 
   "language": "en", 
   "lines": [
    "you"
   ]
  }, 
  {
   "begin": "27.680", 
   "end": "28.560", 
   "id": "f000070", 
   "language": "en", 
   "lines": [
    "play!\n"
   ]
  }, 
  {
   "begin": "28.560", 
   "end": "29.280", 
   "id": "f000071", 
   "language": "en", 
   "lines": [
    "Oh,"
   ]
  }, 
  {
   "begin": "29.280", 
   "end": "29.680", 
   "id": "f000072", 
   "language": "en", 
   "lines": [
    "make"
   ]
  }, 
  {
   "begin": "29.680", 
   "end": "29.920", 
   "id": "f000073", 
   "language": "en", 
   "lines": [
    "my"
   ]
  }, 
  {
   "begin": "29.920", 
   "end": "30.280", 
   "id": "f000074", 
   "language": "en", 
   "lines": [
    "dreams"
   ]
  }, 
  {
   "begin": "30.280", 
   "end": "30.560", 
   "id": "f000075", 
   "language": "en", 
   "lines": [
    "come"
   ]
  }, 
  {
   "begin": "30.560", 
   "end": "31.200", 
   "id": "f000076", 
   "language": "en", 
   "lines": [
    "true!\n"
   ]
  }, 
  {
   "begin": "31.200", 
   "end": "31.880", 
   "id": "f000077", 
   "language": "en", 
   "lines": [
    "Please"
   ]
  }, 
  {
   "begin": "31.880", 
   "end": "32.160", 
   "id": "f000078", 
   "language": "en", 
   "lines": [
    "make"
   ]
  }, 
  {
   "begin": "32.160", 
   "end": "32.360", 
   "id": "f000079", 
   "language": "en", 
   "lines": [
    "my"
   ]
  }, 
  {
   "begin": "32.360", 
   "end": "32.680", 
   "id": "f000080", 
   "language": "en", 
   "lines": [
    "dream"
   ]
  }, 
  {
   "begin": "32.680", 
   "end": "32.960", 
   "id": "f000081", 
   "language": "en", 
   "lines": [
    "come"
   ]
  }, 
  {
   "begin": "32.960", 
   "end": "34.120", 
   "id": "f000082", 
   "language": "en", 
   "lines": [
    "true!\""
   ]
  }, 
  {
   "begin": "34.120", 
   "end": "34.280", 
   "id": "f000083", 
   "language": "en", 
   "lines": [
    "The&nbsp;"
   ]
  }, 
  {
   "begin": "34.280", 
   "end": "35.000", 
   "id": "f000084", 
   "language": "en", 
   "lines": [
    "drummer"
   ]
  }, 
  {
   "begin": "35.000", 
   "end": "35.240", 
   "id": "f000085", 
   "language": "en", 
   "lines": [
    "gave"
   ]
  }, 
  {
   "begin": "35.240", 
   "end": "35.600", 
   "id": "f000086", 
   "language": "en", 
   "lines": [
    "away"
   ]
  }, 
  {
   "begin": "35.600", 
   "end": "35.880", 
   "id": "f000087", 
   "language": "en", 
   "lines": [
    "his"
   ]
  }, 
  {
   "begin": "35.880", 
   "end": "37.080", 
   "id": "f000088", 
   "language": "en", 
   "lines": [
    "drum."
   ]
  }
 ]
}