{
 "fragments": [
  {
   "begin": "0.000", 
   "end": "0.280", 
   "id": "f000001", 
   "language": "en", 
   "lines": [
    "The"
   ]
  }, 
  {
   "begin": "0.280", 
   "end": "0.560", 
   "id": "f000002", 
   "language": "en", 
   "lines": [
    "boy"
   ]
  }, 
  {
   "begin": "0.560", 
   "end": "0.960", 
   "id": "f000003", 
   "language": "en", 
   "lines": [
    "sang"
   ]
  }, 
  {
   "begin": "0.960", 
   "end": "1.440", 
   "id": "f000004", 
   "language": "en", 
   "lines": [
    "away,\n"
   ]
  }, 
  {
   "begin": "1.440", 
   "end": "2.600", 
   "id": "f000005", 
   "language": "en", 
   "lines": [
    "\"As"
   ]
  }, 
  {
   "begin": "2.600", 
   "end": "2.760", 
   "id": "f000006", 
   "language": "en", 
   "lines": [
    "I"
   ]
  }, 
  {
   "begin": "2.760", 
   "end": "3.120", 
   "id": "f000007", 
   "language": "en", 
   "lines": [
    "walked"
   ]
  }, 
  {
   "begin": "3.120", 
   "end": "3.760", 
   "id": "f000008", 
   "language": "en", 
   "lines": [
    "along,"
   ]
  }, 
  {
   "begin": "3.760", 
   "end": "4.160", 
   "id": "f000009", 
   "language": "en", 
   "lines": [
    "with"
   ]
  }, 
  {
   "begin": "4.160", 
   "end": "4.680", 
   "id": "f000010", 
   "language": "en", 
   "lines": [
    "my"
   ]
  }, 
  {
   "begin": "4.680", 
   "end": "4.760", 
   "id": "f000011", 
   "language": "en", 
   "lines": [
    "pot"
   ]
  }, 
  {
   "begin": "4.760", 
   "end": "5.200", 
   "id": "f000012", 
   "language": "en", 
   "lines": [
    "in"
   ]
  }, 
  {
   "begin": "5.200", 
   "end": "6.240", 
   "id": "f000013", 
   "language": "en", 
   "lines": [
    "hand,"
   ]
  }, 
  {
   "begin": "6.240", 
   "end": "6.680", 
   "id": "f000014", 
   "language": "en", 
   "lines": [
    "I"
   ]
  }, 
  {
   "begin": "6.680", 
   "end": "6.960", 
   "id": "f000015", 
   "language": "en", 
   "lines": [
    "met"
   ]
  }, 
  {
   "begin": "6.960", 
   "end": "7.200", 
   "id": "f000016", 
   "language": "en", 
   "lines": [
    "a"
   ]
  }, 
  {
   "begin": "7.200", 
   "end": "7.800", 
   "id": "f000017", 
   "language": "en", 
   "lines": [
    "washerman."
   ]
  }, 
  {
   "begin": "7.800", 
   "end": "8.200", 
   "id": "f000018", 
   "language": "en", 
   "lines": [
    "Who"
   ]
  }, 
  {
   "begin": "8.200", 
   "end": "8.360", 
   "id": "f000019", 
   "language": "en", 
   "lines": [
    "gave"
   ]
  }, 
  {
   "begin": "8.360", 
   "end": "8.440", 
   "id": "f000020", 
   "language": "en", 
   "lines": [
    "me"
   ]
  }, 
  {
   "begin": "8.440", 
   "end": "8.440", 
   "id": "f000021", 
   "language": "en", 
   "lines": [
    "this"
   ]
  }, 
  {
   "begin": "8.440", 
   "end": "8.480", 
   "id": "f000022", 
   "language": "en", 
   "lines": [
    "coat"
   ]
  }, 
  {
   "begin": "8.480", 
   "end": "8.800", 
   "id": "f000023", 
   "language": "en", 
   "lines": [
    "so"
   ]
  }, 
  {
   "begin": "8.800", 
   "end": "9.360", 
   "id": "f000024", 
   "language": "en", 
   "lines": [
    "grand!\n"
   ]
  }, 
  {
   "begin": "9.360", 
   "end": "9.600", 
   "id": "f000025", 
   "language": "en", 
   "lines": [
    "Oh"
   ]
  }, 
  {
   "begin": "9.600", 
   "end": "9.840", 
   "id": "f000026", 
   "language": "en", 
   "lines": [
    "so"
   ]
  }, 
  {
   "begin": "9.840", 
   "end": "10.680", 
   "id": "f000027", 
   "language": "en", 
   "lines": [
    "funny"
   ]
  }, 
  {
   "begin": "10.680", 
   "end": "12.320", 
   "id": "f000028", 
   "language": "en", 
   "lines": [
    "indeed!&nbsp;"
   ]
  }, 
  {
   "begin": "12.320", 
   "end": "12.720", 
   "id": "f000029", 
   "language": "en", 
   "lines": [
    "People"
   ]
  }, 
  {
   "begin": "12.720", 
   "end": "13.240", 
   "id": "f000030", 
   "language": "en", 
   "lines": [
    "looking"
   ]
  }, 
  {
   "begin": "13.240", 
   "end": "13.600", 
   "id": "f000031", 
   "language": "en", 
   "lines": [
    "for"
   ]
  }, 
  {
   "begin": "13.600", 
   "end": "14.560", 
   "id": "f000032", 
   "language": "en", 
   "lines": [
    "things,\n"
   ]
  }, 
  {
   "begin": "14.560", 
   "end": "14.800", 
   "id": "f000033", 
   "language": "en", 
   "lines": [
    "And"
   ]
  }, 
  {
   "begin": "14.800", 
   "end": "15.320", 
   "id": "f000034", 
   "language": "en", 
   "lines": [
    "I"
   ]
  }, 
  {
   "begin": "15.320", 
   "end": "15.480", 
   "id": "f000035", 
   "language": "en", 
   "lines": [
    "have"
   ]
  }, 
  {
   "begin": "15.480", 
   "end": "15.560", 
   "id": "f000036", 
   "language": "en", 
   "lines": [
    "what"
   ]
  }, 
  {
   "begin": "15.560", 
   "end": "15.760", 
   "id": "f000037", 
   "language": "en", 
   "lines": [
    "they"
   ]
  }, 
  {
   "begin": "15.760", 
   "end": "16.480", 
   "id": "f000038", 
   "language": "en", 
   "lines": [
    "need!\""
   ]
  }
 ]
}