{
 "fragments": [
  {
   "begin": "0.000", 
   "end": "0.120", 
   "id": "f000001", 
   "language": "en", 
   "lines": [
    "As"
   ]
  }, 
  {
   "begin": "0.120", 
   "end": "0.480", 
   "id": "f000002", 
   "language": "en", 
   "lines": [
    "he"
   ]
  }, 
  {
   "begin": "0.480", 
   "end": "0.880", 
   "id": "f000003", 
   "language": "en", 
   "lines": [
    "went"
   ]
  }, 
  {
   "begin": "0.880", 
   "end": "1.160", 
   "id": "f000004", 
   "language": "en", 
   "lines": [
    "skipping"
   ]
  }, 
  {
   "begin": "1.160", 
   "end": "1.720", 
   "id": "f000005", 
   "language": "en", 
   "lines": [
    "along,"
   ]
  }, 
  {
   "begin": "1.720", 
   "end": "2.400", 
   "id": "f000006", 
   "language": "en", 
   "lines": [
    "pot"
   ]
  }, 
  {
   "begin": "2.400", 
   "end": "2.440", 
   "id": "f000007", 
   "language": "en", 
   "lines": [
    "in"
   ]
  }, 
  {
   "begin": "2.440", 
   "end": "3.240", 
   "id": "f000008", 
   "language": "en", 
   "lines": [
    "hand"
   ]
  }, 
  {
   "begin": "3.240", 
   "end": "3.480", 
   "id": "f000009", 
   "language": "en", 
   "lines": [
    "he"
   ]
  }, 
  {
   "begin": "3.480", 
   "end": "3.680", 
   "id": "f000010", 
   "language": "en", 
   "lines": [
    "met"
   ]
  }, 
  {
   "begin": "3.680", 
   "end": "3.840", 
   "id": "f000011", 
   "language": "en", 
   "lines": [
    "a"
   ]
  }, 
  {
   "begin": "3.840", 
   "end": "4.680", 
   "id": "f000012", 
   "language": "en", 
   "lines": [
    "washerman"
   ]
  }, 
  {
   "begin": "4.680", 
   "end": "5.360", 
   "id": "f000013", 
   "language": "en", 
   "lines": [
    "quarrelling"
   ]
  }, 
  {
   "begin": "5.360", 
   "end": "5.560", 
   "id": "f000014", 
   "language": "en", 
   "lines": [
    "with"
   ]
  }, 
  {
   "begin": "5.560", 
   "end": "5.760", 
   "id": "f000015", 
   "language": "en", 
   "lines": [
    "his"
   ]
  }, 
  {
   "begin": "5.760", 
   "end": "6.200", 
   "id": "f000016", 
   "language": "en", 
   "lines": [
    "wife"
   ]
  }, 
  {
   "begin": "6.200", 
   "end": "6.680", 
   "id": "f000017", 
   "language": "en", 
   "lines": [
    "over"
   ]
  }, 
  {
   "begin": "6.680", 
   "end": "6.680", 
   "id": "f000018", 
   "language": "en", 
   "lines": [
    "a"
   ]
  }, 
  {
   "begin": "6.680", 
   "end": "7.120", 
   "id": "f000019", 
   "language": "en", 
   "lines": [
    "broken"
   ]
  }, 
  {
   "begin": "7.120", 
   "end": "7.560", 
   "id": "f000020", 
   "language": "en", 
   "lines": [
    "pot.\n"
   ]
  }, 
  {
   "begin": "7.560", 
   "end": "8.040", 
   "id": "f000021", 
   "language": "en", 
   "lines": [
    "&nbsp;The"
   ]
  }, 
  {
   "begin": "8.040", 
   "end": "8.880", 
   "id": "f000022", 
   "language": "en", 
   "lines": [
    "kind-hearted"
   ]
  }, 
  {
   "begin": "8.880", 
   "end": "9.240", 
   "id": "f000023", 
   "language": "en", 
   "lines": [
    "boy"
   ]
  }, 
  {
   "begin": "9.240", 
   "end": "9.480", 
   "id": "f000024", 
   "language": "en", 
   "lines": [
    "gave"
   ]
  }, 
  {
   "begin": "9.480", 
   "end": "9.640", 
   "id": "f000025", 
   "language": "en", 
   "lines": [
    "the"
   ]
  }, 
  {
   "begin": "9.640", 
   "end": "10.320", 
   "id": "f000026", 
   "language": "en", 
   "lines": [
    "washerman"
   ]
  }, 
  {
   "begin": "10.320", 
   "end": "10.600", 
   "id": "f000027", 
   "language": "en", 
   "lines": [
    "his"
   ]
  }, 
  {
   "begin": "10.600", 
   "end": "11.440", 
   "id": "f000028", 
   "language": "en", 
   "lines": [
    "pot"
   ]
  }, 
  {
   "begin": "11.440", 
   "end": "11.560", 
   "id": "f000029", 
   "language": "en", 
   "lines": [
    "and"
   ]
  }, 
  {
   "begin": "11.560", 
   "end": "11.720", 
   "id": "f000030", 
   "language": "en", 
   "lines": [
    "the"
   ]
  }, 
  {
   "begin": "11.720", 
   "end": "12.720", 
   "id": "f000031", 
   "language": "en", 
   "lines": [
    "washerman"
   ]
  }, 
  {
   "begin": "12.720", 
   "end": "13.040", 
   "id": "f000032", 
   "language": "en", 
   "lines": [
    "gave"
   ]
  }, 
  {
   "begin": "13.040", 
   "end": "13.040", 
   "id": "f000033", 
   "language": "en", 
   "lines": [
    "a"
   ]
  }, 
  {
   "begin": "13.040", 
   "end": "13.400", 
   "id": "f000034", 
   "language": "en", 
   "lines": [
    "coat"
   ]
  }, 
  {
   "begin": "13.400", 
   "end": "13.560", 
   "id": "f000035", 
   "language": "en", 
   "lines": [
    "to"
   ]
  }, 
  {
   "begin": "13.560", 
   "end": "13.720", 
   "id": "f000036", 
   "language": "en", 
   "lines": [
    "the"
   ]
  }, 
  {
   "begin": "13.720", 
   "end": "14.840", 
   "id": "f000037", 
   "language": "en", 
   "lines": [
    "boy."
   ]
  }
 ]
}