{
 "fragments": [
  {
   "begin": "0.000", 
   "end": "0.160", 
   "id": "f000001", 
   "language": "en", 
   "lines": [
    "The"
   ]
  }, 
  {
   "begin": "0.160", 
   "end": "0.560", 
   "id": "f000002", 
   "language": "en", 
   "lines": [
    "mother"
   ]
  }, 
  {
   "begin": "0.560", 
   "end": "0.880", 
   "id": "f000003", 
   "language": "en", 
   "lines": [
    "was"
   ]
  }, 
  {
   "begin": "0.880", 
   "end": "1.360", 
   "id": "f000004", 
   "language": "en", 
   "lines": [
    "poor"
   ]
  }, 
  {
   "begin": "1.360", 
   "end": "1.880", 
   "id": "f000005", 
   "language": "en", 
   "lines": [
    "so"
   ]
  }, 
  {
   "begin": "1.880", 
   "end": "2.120", 
   "id": "f000006", 
   "language": "en", 
   "lines": [
    "when"
   ]
  }, 
  {
   "begin": "2.120", 
   "end": "2.320", 
   "id": "f000007", 
   "language": "en", 
   "lines": [
    "she"
   ]
  }, 
  {
   "begin": "2.320", 
   "end": "2.760", 
   "id": "f000008", 
   "language": "en", 
   "lines": [
    "saw"
   ]
  }, 
  {
   "begin": "2.760", 
   "end": "2.920", 
   "id": "f000009", 
   "language": "en", 
   "lines": [
    "a"
   ]
  }, 
  {
   "begin": "2.920", 
   "end": "3.240", 
   "id": "f000010", 
   "language": "en", 
   "lines": [
    "nice"
   ]
  }, 
  {
   "begin": "3.240", 
   "end": "3.800", 
   "id": "f000011", 
   "language": "en", 
   "lines": [
    "piece"
   ]
  }, 
  {
   "begin": "3.800", 
   "end": "3.960", 
   "id": "f000012", 
   "language": "en", 
   "lines": [
    "of"
   ]
  }, 
  {
   "begin": "3.960", 
   "end": "3.960", 
   "id": "f000013", 
   "language": "en", 
   "lines": [
    "wood"
   ]
  }, 
  {
   "begin": "3.960", 
   "end": "4.080", 
   "id": "f000014", 
   "language": "en", 
   "lines": [
    "on"
   ]
  }, 
  {
   "begin": "4.080", 
   "end": "4.120", 
   "id": "f000015", 
   "language": "en", 
   "lines": [
    "the"
   ]
  }, 
  {
   "begin": "4.120", 
   "end": "5.200", 
   "id": "f000016", 
   "language": "en", 
   "lines": [
    "road,"
   ]
  }, 
  {
   "begin": "5.200", 
   "end": "5.520", 
   "id": "f000017", 
   "language": "en", 
   "lines": [
    "she"
   ]
  }, 
  {
   "begin": "5.520", 
   "end": "5.720", 
   "id": "f000018", 
   "language": "en", 
   "lines": [
    "brought"
   ]
  }, 
  {
   "begin": "5.720", 
   "end": "5.840", 
   "id": "f000019", 
   "language": "en", 
   "lines": [
    "it"
   ]
  }, 
  {
   "begin": "5.840", 
   "end": "6.360", 
   "id": "f000020", 
   "language": "en", 
   "lines": [
    "home.\n\n"
   ]
  }, 
  {
   "begin": "6.360", 
   "end": "7.120", 
   "id": "f000021", 
   "language": "en", 
   "lines": [
    "The"
   ]
  }, 
  {
   "begin": "7.120", 
   "end": "7.600", 
   "id": "f000022", 
   "language": "en", 
   "lines": [
    "son"
   ]
  }, 
  {
   "begin": "7.600", 
   "end": "8.000", 
   "id": "f000023", 
   "language": "en", 
   "lines": [
    "happily"
   ]
  }, 
  {
   "begin": "8.000", 
   "end": "8.480", 
   "id": "f000024", 
   "language": "en", 
   "lines": [
    "carried"
   ]
  }, 
  {
   "begin": "8.480", 
   "end": "8.920", 
   "id": "f000025", 
   "language": "en", 
   "lines": [
    "it"
   ]
  }, 
  {
   "begin": "8.920", 
   "end": "9.120", 
   "id": "f000026", 
   "language": "en", 
   "lines": [
    "and"
   ]
  }, 
  {
   "begin": "9.120", 
   "end": "9.880", 
   "id": "f000027", 
   "language": "en", 
   "lines": [
    "sang:\n"
   ]
  }, 
  {
   "begin": "9.880", 
   "end": "10.600", 
   "id": "f000028", 
   "language": "en", 
   "lines": [
    "\"I"
   ]
  }, 
  {
   "begin": "10.600", 
   "end": "11.080", 
   "id": "f000029", 
   "language": "en", 
   "lines": [
    "asked"
   ]
  }, 
  {
   "begin": "11.080", 
   "end": "11.640", 
   "id": "f000030", 
   "language": "en", 
   "lines": [
    "for"
   ]
  }, 
  {
   "begin": "11.640", 
   "end": "11.720", 
   "id": "f000031", 
   "language": "en", 
   "lines": [
    "a"
   ]
  }, 
  {
   "begin": "11.720", 
   "end": "12.520", 
   "id": "f000032", 
   "language": "en", 
   "lines": [
    "drum"
   ]
  }, 
  {
   "begin": "12.520", 
   "end": "12.800", 
   "id": "f000033", 
   "language": "en", 
   "lines": [
    "and"
   ]
  }, 
  {
   "begin": "12.800", 
   "end": "13.320", 
   "id": "f000034", 
   "language": "en", 
   "lines": [
    "look"
   ]
  }, 
  {
   "begin": "13.320", 
   "end": "13.960", 
   "id": "f000035", 
   "language": "en", 
   "lines": [
    "what"
   ]
  }, 
  {
   "begin": "13.960", 
   "end": "14.480", 
   "id": "f000036", 
   "language": "en", 
   "lines": [
    "I"
   ]
  }, 
  {
   "begin": "14.480", 
   "end": "14.760", 
   "id": "f000037", 
   "language": "en", 
   "lines": [
    "got,"
   ]
  }, 
  {
   "begin": "14.760", 
   "end": "15.000", 
   "id": "f000038", 
   "language": "en", 
   "lines": [
    "A"
   ]
  }, 
  {
   "begin": "15.000", 
   "end": "15.480", 
   "id": "f000039", 
   "language": "en", 
   "lines": [
    "lovely"
   ]
  }, 
  {
   "begin": "15.480", 
   "end": "16.120", 
   "id": "f000040", 
   "language": "en", 
   "lines": [
    "piece"
   ]
  }, 
  {
   "begin": "16.120", 
   "end": "16.480", 
   "id": "f000041", 
   "language": "en", 
   "lines": [
    "of"
   ]
  }, 
  {
   "begin": "16.480", 
   "end": "16.840", 
   "id": "f000042", 
   "language": "en", 
   "lines": [
    "wood!"
   ]
  }, 
  {
   "begin": "16.840", 
   "end": "17.200", 
   "id": "f000043", 
   "language": "en", 
   "lines": [
    "I"
   ]
  }, 
  {
   "begin": "17.200", 
   "end": "17.520", 
   "id": "f000044", 
   "language": "en", 
   "lines": [
    "asked"
   ]
  }, 
  {
   "begin": "17.520", 
   "end": "18.200", 
   "id": "f000045", 
   "language": "en", 
   "lines": [
    "for"
   ]
  }, 
  {
   "begin": "18.200", 
   "end": "18.280", 
   "id": "f000046", 
   "language": "en", 
   "lines": [
    "a"
   ]
  }, 
  {
   "begin": "18.280", 
   "end": "19.080", 
   "id": "f000047", 
   "language": "en", 
   "lines": [
    "drum"
   ]
  }, 
  {
   "begin": "19.080", 
   "end": "19.920", 
   "id": "f000048", 
   "language": "en", 
   "lines": [
    "and"
   ]
  }, 
  {
   "begin": "19.920", 
   "end": "20.440", 
   "id": "f000049", 
   "language": "en", 
   "lines": [
    "look"
   ]
  }, 
  {
   "begin": "20.440", 
   "end": "21.160", 
   "id": "f000050", 
   "language": "en", 
   "lines": [
    "what"
   ]
  }, 
  {
   "begin": "21.160", 
   "end": "21.400", 
   "id": "f000051", 
   "language": "en", 
   "lines": [
    "I"
   ]
  }, 
  {
   "begin": "21.400", 
   "end": "21.760", 
   "id": "f000052", 
   "language": "en", 
   "lines": [
    "got,"
   ]
  }, 
  {
   "begin": "21.760", 
   "end": "22.240", 
   "id": "f000053", 
   "language": "en", 
   "lines": [
    "I"
   ]
  }, 
  {
   "begin": "22.240", 
   "end": "22.520", 
   "id": "f000054", 
   "language": "en", 
   "lines": [
    "think"
   ]
  }, 
  {
   "begin": "22.520", 
   "end": "22.880", 
   "id": "f000055", 
   "language": "en", 
   "lines": [
    "my"
   ]
  }, 
  {
   "begin": "22.880", 
   "end": "23.080", 
   "id": "f000056", 
   "language": "en", 
   "lines": [
    "luck"
   ]
  }, 
  {
   "begin": "23.080", 
   "end": "23.080", 
   "id": "f000057", 
   "language": "en", 
   "lines": [
    "is"
   ]
  }, 
  {
   "begin": "23.080", 
   "end": "23.360", 
   "id": "f000058", 
   "language": "en", 
   "lines": [
    "good\""
   ]
  }
 ]
}