{
 "fragments": [
  {
   "begin": "0.000", 
   "end": "0.120", 
   "id": "f000001", 
   "language": "en", 
   "lines": [
    "As"
   ]
  }, 
  {
   "begin": "0.120", 
   "end": "0.520", 
   "id": "f000002", 
   "language": "en", 
   "lines": [
    "he"
   ]
  }, 
  {
   "begin": "0.520", 
   "end": "0.960", 
   "id": "f000003", 
   "language": "en", 
   "lines": [
    "went"
   ]
  }, 
  {
   "begin": "0.960", 
   "end": "1.200", 
   "id": "f000004", 
   "language": "en", 
   "lines": [
    "skipping"
   ]
  }, 
  {
   "begin": "1.200", 
   "end": "2.040", 
   "id": "f000005", 
   "language": "en", 
   "lines": [
    "along,"
   ]
  }, 
  {
   "begin": "2.040", 
   "end": "2.280", 
   "id": "f000006", 
   "language": "en", 
   "lines": [
    "bread"
   ]
  }, 
  {
   "begin": "2.280", 
   "end": "2.440", 
   "id": "f000007", 
   "language": "en", 
   "lines": [
    "in"
   ]
  }, 
  {
   "begin": "2.440", 
   "end": "2.960", 
   "id": "f000008", 
   "language": "en", 
   "lines": [
    "hand"
   ]
  }, 
  {
   "begin": "2.960", 
   "end": "3.440", 
   "id": "f000009", 
   "language": "en", 
   "lines": [
    "he"
   ]
  }, 
  {
   "begin": "3.440", 
   "end": "3.760", 
   "id": "f000010", 
   "language": "en", 
   "lines": [
    "met"
   ]
  }, 
  {
   "begin": "3.760", 
   "end": "3.760", 
   "id": "f000011", 
   "language": "en", 
   "lines": [
    "a"
   ]
  }, 
  {
   "begin": "3.760", 
   "end": "4.320", 
   "id": "f000012", 
   "language": "en", 
   "lines": [
    "potter's"
   ]
  }, 
  {
   "begin": "4.320", 
   "end": "4.720", 
   "id": "f000013", 
   "language": "en", 
   "lines": [
    "wife"
   ]
  }, 
  {
   "begin": "4.720", 
   "end": "5.040", 
   "id": "f000014", 
   "language": "en", 
   "lines": [
    "who"
   ]
  }, 
  {
   "begin": "5.040", 
   "end": "5.360", 
   "id": "f000015", 
   "language": "en", 
   "lines": [
    "had"
   ]
  }, 
  {
   "begin": "5.360", 
   "end": "5.560", 
   "id": "f000016", 
   "language": "en", 
   "lines": [
    "a"
   ]
  }, 
  {
   "begin": "5.560", 
   "end": "6.120", 
   "id": "f000017", 
   "language": "en", 
   "lines": [
    "wailing"
   ]
  }, 
  {
   "begin": "6.120", 
   "end": "6.400", 
   "id": "f000018", 
   "language": "en", 
   "lines": [
    "baby"
   ]
  }, 
  {
   "begin": "6.400", 
   "end": "6.560", 
   "id": "f000019", 
   "language": "en", 
   "lines": [
    "in"
   ]
  }, 
  {
   "begin": "6.560", 
   "end": "7.000", 
   "id": "f000020", 
   "language": "en", 
   "lines": [
    "her"
   ]
  }, 
  {
   "begin": "7.000", 
   "end": "8.120", 
   "id": "f000021", 
   "language": "en", 
   "lines": [
    "arms.\n"
   ]
  }, 
  {
   "begin": "8.120", 
   "end": "8.320", 
   "id": "f000022", 
   "language": "en", 
   "lines": [
    "&nbsp;The"
   ]
  }, 
  {
   "begin": "8.320", 
   "end": "9.120", 
   "id": "f000023", 
   "language": "en", 
   "lines": [
    "kind-hearted"
   ]
  }, 
  {
   "begin": "9.120", 
   "end": "9.480", 
   "id": "f000024", 
   "language": "en", 
   "lines": [
    "boy"
   ]
  }, 
  {
   "begin": "9.480", 
   "end": "9.680", 
   "id": "f000025", 
   "language": "en", 
   "lines": [
    "gave"
   ]
  }, 
  {
   "begin": "9.680", 
   "end": "9.760", 
   "id": "f000026", 
   "language": "en", 
   "lines": [
    "the"
   ]
  }, 
  {
   "begin": "9.760", 
   "end": "10.120", 
   "id": "f000027", 
   "language": "en", 
   "lines": [
    "lady"
   ]
  }, 
  {
   "begin": "10.120", 
   "end": "10.600", 
   "id": "f000028", 
   "language": "en", 
   "lines": [
    "his"
   ]
  }, 
  {
   "begin": "10.600", 
   "end": "11.040", 
   "id": "f000029", 
   "language": "en", 
   "lines": [
    "bread"
   ]
  }, 
  {
   "begin": "11.040", 
   "end": "11.040", 
   "id": "f000030", 
   "language": "en", 
   "lines": [
    "and"
   ]
  }, 
  {
   "begin": "11.040", 
   "end": "11.360", 
   "id": "f000031", 
   "language": "en", 
   "lines": [
    "the"
   ]
  }, 
  {
   "begin": "11.360", 
   "end": "11.880", 
   "id": "f000032", 
   "language": "en", 
   "lines": [
    "lady"
   ]
  }, 
  {
   "begin": "11.880", 
   "end": "12.080", 
   "id": "f000033", 
   "language": "en", 
   "lines": [
    "gave"
   ]
  }, 
  {
   "begin": "12.080", 
   "end": "12.280", 
   "id": "f000034", 
   "language": "en", 
   "lines": [
    "a"
   ]
  }, 
  {
   "begin": "12.280", 
   "end": "12.760", 
   "id": "f000035", 
   "language": "en", 
   "lines": [
    "large"
   ]
  }, 
  {
   "begin": "12.760", 
   "end": "13.040", 
   "id": "f000036", 
   "language": "en", 
   "lines": [
    "pot"
   ]
  }, 
  {
   "begin": "13.040", 
   "end": "13.200", 
   "id": "f000037", 
   "language": "en", 
   "lines": [
    "to"
   ]
  }, 
  {
   "begin": "13.200", 
   "end": "13.400", 
   "id": "f000038", 
   "language": "en", 
   "lines": [
    "the"
   ]
  }, 
  {
   "begin": "13.400", 
   "end": "13.800", 
   "id": "f000039", 
   "language": "en", 
   "lines": [
    "boy.\n\n"
   ]
  }, 
  {
   "begin": "13.800", 
   "end": "14.240", 
   "id": "f000040", 
   "language": "en", 
   "lines": [
    "&nbsp;The"
   ]
  }, 
  {
   "begin": "14.240", 
   "end": "14.680", 
   "id": "f000041", 
   "language": "en", 
   "lines": [
    "boy"
   ]
  }, 
  {
   "begin": "14.680", 
   "end": "15.080", 
   "id": "f000042", 
   "language": "en", 
   "lines": [
    "sang"
   ]
  }, 
  {
   "begin": "15.080", 
   "end": "15.480", 
   "id": "f000043", 
   "language": "en", 
   "lines": [
    "away,"
   ]
  }, 
  {
   "begin": "15.480", 
   "end": "15.520", 
   "id": "f000044", 
   "language": "en", 
   "lines": [
    "\"I"
   ]
  }, 
  {
   "begin": "15.520", 
   "end": "16.560", 
   "id": "f000045", 
   "language": "en", 
   "lines": [
    "gave"
   ]
  }, 
  {
   "begin": "16.560", 
   "end": "16.960", 
   "id": "f000046", 
   "language": "en", 
   "lines": [
    "my"
   ]
  }, 
  {
   "begin": "16.960", 
   "end": "17.280", 
   "id": "f000047", 
   "language": "en", 
   "lines": [
    "bread"
   ]
  }, 
  {
   "begin": "17.280", 
   "end": "18.240", 
   "id": "f000048", 
   "language": "en", 
   "lines": [
    "away"
   ]
  }, 
  {
   "begin": "18.240", 
   "end": "18.440", 
   "id": "f000049", 
   "language": "en", 
   "lines": [
    "and"
   ]
  }, 
  {
   "begin": "18.440", 
   "end": "18.720", 
   "id": "f000050", 
   "language": "en", 
   "lines": [
    "look"
   ]
  }, 
  {
   "begin": "18.720", 
   "end": "19.000", 
   "id": "f000051", 
   "language": "en", 
   "lines": [
    "what"
   ]
  }, 
  {
   "begin": "19.000", 
   "end": "19.160", 
   "id": "f000052", 
   "language": "en", 
   "lines": [
    "I"
   ]
  }, 
  {
   "begin": "19.160", 
   "end": "19.520", 
   "id": "f000053", 
   "language": "en", 
   "lines": [
    "got!"
   ]
  }, 
  {
   "begin": "19.520", 
   "end": "20.120", 
   "id": "f000054", 
   "language": "en", 
   "lines": [
    "I"
   ]
  }, 
  {
   "begin": "20.120", 
   "end": "20.360", 
   "id": "f000055", 
   "language": "en", 
   "lines": [
    "gave"
   ]
  }, 
  {
   "begin": "20.360", 
   "end": "20.720", 
   "id": "f000056", 
   "language": "en", 
   "lines": [
    "my"
   ]
  }, 
  {
   "begin": "20.720", 
   "end": "21.160", 
   "id": "f000057", 
   "language": "en", 
   "lines": [
    "bread"
   ]
  }, 
  {
   "begin": "21.160", 
   "end": "21.400", 
   "id": "f000058", 
   "language": "en", 
   "lines": [
    "away"
   ]
  }, 
  {
   "begin": "21.400", 
   "end": "22.040", 
   "id": "f000059", 
   "language": "en", 
   "lines": [
    "and&nbsp;"
   ]
  }, 
  {
   "begin": "22.040", 
   "end": "22.120", 
   "id": "f000060", 
   "language": "en", 
   "lines": [
    "it"
   ]
  }, 
  {
   "begin": "22.120", 
   "end": "22.160", 
   "id": "f000061", 
   "language": "en", 
   "lines": [
    "got"
   ]
  }, 
  {
   "begin": "22.160", 
   "end": "22.320", 
   "id": "f000062", 
   "language": "en", 
   "lines": [
    "me"
   ]
  }, 
  {
   "begin": "22.320", 
   "end": "22.600", 
   "id": "f000063", 
   "language": "en", 
   "lines": [
    "a"
   ]
  }, 
  {
   "begin": "22.600", 
   "end": "22.640", 
   "id": "f000064", 
   "language": "en", 
   "lines": [
    "lovely"
   ]
  }, 
  {
   "begin": "22.640", 
   "end": "23.160", 
   "id": "f000065", 
   "language": "en", 
   "lines": [
    "pot\""
   ]
  }, 
  {
   "begin": "23.160", 
   "end": "25.120", 
   "id": "f000066", 
   "language": "en", 
   "lines": [
    "&nbsp;"
   ]
  }
 ]
}