{
 "fragments": [
  {
   "begin": "0.000", 
   "end": "1.520", 
   "id": "f000001", 
   "language": "en", 
   "lines": [
    "Animals"
   ]
  }, 
  {
   "begin": "1.520", 
   "end": "1.920", 
   "id": "f000002", 
   "language": "en", 
   "lines": [
    "want"
   ]
  }, 
  {
   "begin": "1.920", 
   "end": "2.240", 
   "id": "f000003", 
   "language": "en", 
   "lines": [
    "me"
   ]
  }, 
  {
   "begin": "2.240", 
   "end": "2.440", 
   "id": "f000004", 
   "language": "en", 
   "lines": [
    "to"
   ]
  }, 
  {
   "begin": "2.440", 
   "end": "3.080", 
   "id": "f000005", 
   "language": "en", 
   "lines": [
    "decorate"
   ]
  }, 
  {
   "begin": "3.080", 
   "end": "4.440", 
   "id": "f000006", 
   "language": "en", 
   "lines": [
    "them.\n"
   ]
  }, 
  {
   "begin": "4.440", 
   "end": "4.600", 
   "id": "f000007", 
   "language": "en", 
   "lines": [
    "The"
   ]
  }, 
  {
   "begin": "4.600", 
   "end": "4.960", 
   "id": "f000008", 
   "language": "en", 
   "lines": [
    "cheetah,"
   ]
  }, 
  {
   "begin": "4.960", 
   "end": "5.520", 
   "id": "f000009", 
   "language": "en", 
   "lines": [
    "the"
   ]
  }, 
  {
   "begin": "5.520", 
   "end": "6.440", 
   "id": "f000010", 
   "language": "en", 
   "lines": [
    "chital"
   ]
  }, 
  {
   "begin": "6.440", 
   "end": "6.880", 
   "id": "f000011", 
   "language": "en", 
   "lines": [
    "deer,\n"
   ]
  }, 
  {
   "begin": "6.880", 
   "end": "7.600", 
   "id": "f000012", 
   "language": "en", 
   "lines": [
    "have"
   ]
  }, 
  {
   "begin": "7.600", 
   "end": "8.080", 
   "id": "f000013", 
   "language": "en", 
   "lines": [
    "me"
   ]
  }, 
  {
   "begin": "8.080", 
   "end": "8.520", 
   "id": "f000014", 
   "language": "en", 
   "lines": [
    "all"
   ]
  }, 
  {
   "begin": "8.520", 
   "end": "8.800", 
   "id": "f000015", 
   "language": "en", 
   "lines": [
    "over"
   ]
  }, 
  {
   "begin": "8.800", 
   "end": "9.240", 
   "id": "f000016", 
   "language": "en", 
   "lines": [
    "their"
   ]
  }, 
  {
   "begin": "9.240", 
   "end": "10.720", 
   "id": "f000017", 
   "language": "en", 
   "lines": [
    "skin.\n"
   ]
  }, 
  {
   "begin": "10.720", 
   "end": "11.240", 
   "id": "f000018", 
   "language": "en", 
   "lines": [
    "I'm"
   ]
  }, 
  {
   "begin": "11.240", 
   "end": "11.760", 
   "id": "f000019", 
   "language": "en", 
   "lines": [
    "there"
   ]
  }, 
  {
   "begin": "11.760", 
   "end": "12.040", 
   "id": "f000020", 
   "language": "en", 
   "lines": [
    "on"
   ]
  }, 
  {
   "begin": "12.040", 
   "end": "13.280", 
   "id": "f000021", 
   "language": "en", 
   "lines": [
    "ladybirds"
   ]
  }, 
  {
   "begin": "13.280", 
   "end": "13.600", 
   "id": "f000022", 
   "language": "en", 
   "lines": [
    "and"
   ]
  }, 
  {
   "begin": "13.600", 
   "end": "14.480", 
   "id": "f000023", 
   "language": "en", 
   "lines": [
    "butterflies"
   ]
  }, 
  {
   "begin": "14.480", 
   "end": "15.640", 
   "id": "f000024", 
   "language": "en", 
   "lines": [
    "too!"
   ]
  }
 ]
}