{
 "fragments": [
  {
   "begin": "0.000", 
   "end": "0.400", 
   "id": "f000001", 
   "language": "en", 
   "lines": [
    "In"
   ]
  }, 
  {
   "begin": "0.400", 
   "end": "0.760", 
   "id": "f000002", 
   "language": "en", 
   "lines": [
    "the"
   ]
  }, 
  {
   "begin": "0.760", 
   "end": "2.080", 
   "id": "f000003", 
   "language": "en", 
   "lines": [
    "playground,"
   ]
  }, 
  {
   "begin": "2.080", 
   "end": "2.440", 
   "id": "f000004", 
   "language": "en", 
   "lines": [
    "I'm"
   ]
  }, 
  {
   "begin": "2.440", 
   "end": "2.880", 
   "id": "f000005", 
   "language": "en", 
   "lines": [
    "there"
   ]
  }, 
  {
   "begin": "2.880", 
   "end": "3.200", 
   "id": "f000006", 
   "language": "en", 
   "lines": [
    "as"
   ]
  }, 
  {
   "begin": "3.200", 
   "end": "3.240", 
   "id": "f000007", 
   "language": "en", 
   "lines": [
    "a"
   ]
  }, 
  {
   "begin": "3.240", 
   "end": "3.760", 
   "id": "f000008", 
   "language": "en", 
   "lines": [
    "ball,"
   ]
  }, 
  {
   "begin": "3.760", 
   "end": "3.840", 
   "id": "f000009", 
   "language": "en", 
   "lines": [
    "a"
   ]
  }, 
  {
   "begin": "3.840", 
   "end": "4.440", 
   "id": "f000010", 
   "language": "en", 
   "lines": [
    "hoopla"
   ]
  }, 
  {
   "begin": "4.440", 
   "end": "4.840", 
   "id": "f000011", 
   "language": "en", 
   "lines": [
    "ring"
   ]
  }, 
  {
   "begin": "4.840", 
   "end": "5.800", 
   "id": "f000012", 
   "language": "en", 
   "lines": [
    "and"
   ]
  }, 
  {
   "begin": "5.800", 
   "end": "6.360", 
   "id": "f000013", 
   "language": "en", 
   "lines": [
    "many"
   ]
  }, 
  {
   "begin": "6.360", 
   "end": "7.000", 
   "id": "f000014", 
   "language": "en", 
   "lines": [
    "other"
   ]
  }, 
  {
   "begin": "7.000", 
   "end": "7.640", 
   "id": "f000015", 
   "language": "en", 
   "lines": [
    "joyful"
   ]
  }, 
  {
   "begin": "7.640", 
   "end": "8.960", 
   "id": "f000016", 
   "language": "en", 
   "lines": [
    "games!"
   ]
  }
 ]
}