{
 "fragments": [
  {
   "begin": "0.000", 
   "end": "0.520", 
   "id": "f000001", 
   "language": "en", 
   "lines": [
    "The"
   ]
  }, 
  {
   "begin": "0.520", 
   "end": "1.000", 
   "id": "f000002", 
   "language": "en", 
   "lines": [
    "sun"
   ]
  }, 
  {
   "begin": "1.000", 
   "end": "1.360", 
   "id": "f000003", 
   "language": "en", 
   "lines": [
    "looks"
   ]
  }, 
  {
   "begin": "1.360", 
   "end": "1.720", 
   "id": "f000004", 
   "language": "en", 
   "lines": [
    "like"
   ]
  }, 
  {
   "begin": "1.720", 
   "end": "2.480", 
   "id": "f000005", 
   "language": "en", 
   "lines": [
    "me."
   ]
  }, 
  {
   "begin": "2.480", 
   "end": "2.800", 
   "id": "f000006", 
   "language": "en", 
   "lines": [
    "When"
   ]
  }, 
  {
   "begin": "2.800", 
   "end": "3.040", 
   "id": "f000007", 
   "language": "en", 
   "lines": [
    "it's"
   ]
  }, 
  {
   "begin": "3.040", 
   "end": "3.400", 
   "id": "f000008", 
   "language": "en", 
   "lines": [
    "too"
   ]
  }, 
  {
   "begin": "3.400", 
   "end": "4.880", 
   "id": "f000009", 
   "language": "en", 
   "lines": [
    "hot,"
   ]
  }, 
  {
   "begin": "4.880", 
   "end": "5.400", 
   "id": "f000010", 
   "language": "en", 
   "lines": [
    "you"
   ]
  }, 
  {
   "begin": "5.400", 
   "end": "5.760", 
   "id": "f000011", 
   "language": "en", 
   "lines": [
    "need"
   ]
  }, 
  {
   "begin": "5.760", 
   "end": "6.080", 
   "id": "f000012", 
   "language": "en", 
   "lines": [
    "an"
   ]
  }, 
  {
   "begin": "6.080", 
   "end": "6.920", 
   "id": "f000013", 
   "language": "en", 
   "lines": [
    "umbrella"
   ]
  }, 
  {
   "begin": "6.920", 
   "end": "7.280", 
   "id": "f000014", 
   "language": "en", 
   "lines": [
    "which"
   ]
  }, 
  {
   "begin": "7.280", 
   "end": "7.880", 
   "id": "f000015", 
   "language": "en", 
   "lines": [
    "also"
   ]
  }, 
  {
   "begin": "7.880", 
   "end": "8.040", 
   "id": "f000016", 
   "language": "en", 
   "lines": [
    "looks"
   ]
  }, 
  {
   "begin": "8.040", 
   "end": "8.520", 
   "id": "f000017", 
   "language": "en", 
   "lines": [
    "like"
   ]
  }, 
  {
   "begin": "8.520", 
   "end": "9.080", 
   "id": "f000018", 
   "language": "en", 
   "lines": [
    "half"
   ]
  }, 
  {
   "begin": "9.080", 
   "end": "9.080", 
   "id": "f000019", 
   "language": "en", 
   "lines": [
    "of"
   ]
  }, 
  {
   "begin": "9.080", 
   "end": "9.560", 
   "id": "f000020", 
   "language": "en", 
   "lines": [
    "me"
   ]
  }, 
  {
   "begin": "9.560", 
   "end": "10.160", 
   "id": "f000021", 
   "language": "en", 
   "lines": [
    "."
   ]
  }
 ]
}