{
 "fragments": [
  {
   "begin": "0.000", 
   "end": "0.920", 
   "id": "f000001", 
   "language": "en", 
   "lines": [
    "Huge"
   ]
  }, 
  {
   "begin": "0.920", 
   "end": "3.080", 
   "id": "f000002", 
   "language": "en", 
   "lines": [
    "watermelons,"
   ]
  }, 
  {
   "begin": "3.080", 
   "end": "4.360", 
   "id": "f000003", 
   "language": "en", 
   "lines": [
    "apples,"
   ]
  }, 
  {
   "begin": "4.360", 
   "end": "5.480", 
   "id": "f000004", 
   "language": "en", 
   "lines": [
    "oranges,"
   ]
  }, 
  {
   "begin": "5.480", 
   "end": "7.640", 
   "id": "f000005", 
   "language": "en", 
   "lines": [
    "tomatoes,\n"
   ]
  }, 
  {
   "begin": "7.640", 
   "end": "8.200", 
   "id": "f000006", 
   "language": "en", 
   "lines": [
    "even"
   ]
  }, 
  {
   "begin": "8.200", 
   "end": "8.240", 
   "id": "f000007", 
   "language": "en", 
   "lines": [
    "the"
   ]
  }, 
  {
   "begin": "8.240", 
   "end": "8.760", 
   "id": "f000008", 
   "language": "en", 
   "lines": [
    "tiny"
   ]
  }, 
  {
   "begin": "8.760", 
   "end": "10.200", 
   "id": "f000009", 
   "language": "en", 
   "lines": [
    "lemons"
   ]
  }, 
  {
   "begin": "10.200", 
   "end": "10.200", 
   "id": "f000010", 
   "language": "en", 
   "lines": [
    "-"
   ]
  }, 
  {
   "begin": "10.200", 
   "end": "10.760", 
   "id": "f000011", 
   "language": "en", 
   "lines": [
    "all"
   ]
  }, 
  {
   "begin": "10.760", 
   "end": "10.840", 
   "id": "f000012", 
   "language": "en", 
   "lines": [
    "look"
   ]
  }, 
  {
   "begin": "10.840", 
   "end": "11.200", 
   "id": "f000013", 
   "language": "en", 
   "lines": [
    "like"
   ]
  }, 
  {
   "begin": "11.200", 
   "end": "12.520", 
   "id": "f000014", 
   "language": "en", 
   "lines": [
    "me..."
   ]
  }, 
  {
   "begin": "12.520", 
   "end": "13.000", 
   "id": "f000015", 
   "language": "en", 
   "lines": [
    "and"
   ]
  }, 
  {
   "begin": "13.000", 
   "end": "14.880", 
   "id": "f000016", 
   "language": "en", 
   "lines": [
    "mithai!\n"
   ]
  }, 
  {
   "begin": "14.880", 
   "end": "15.960", 
   "id": "f000017", 
   "language": "en", 
   "lines": [
    "Juicy"
   ]
  }, 
  {
   "begin": "15.960", 
   "end": "16.920", 
   "id": "f000018", 
   "language": "en", 
   "lines": [
    "rasgullas,"
   ]
  }, 
  {
   "begin": "16.920", 
   "end": "17.840", 
   "id": "f000019", 
   "language": "en", 
   "lines": [
    "syrupy"
   ]
  }, 
  {
   "begin": "17.840", 
   "end": "19.720", 
   "id": "f000020", 
   "language": "en", 
   "lines": [
    "gulabjamuns,"
   ]
  }, 
  {
   "begin": "19.720", 
   "end": "21.360", 
   "id": "f000021", 
   "language": "en", 
   "lines": [
    "lovely"
   ]
  }, 
  {
   "begin": "21.360", 
   "end": "22.280", 
   "id": "f000022", 
   "language": "en", 
   "lines": [
    "laddus...\n"
   ]
  }, 
  {
   "begin": "22.280", 
   "end": "22.640", 
   "id": "f000023", 
   "language": "en", 
   "lines": [
    "are"
   ]
  }, 
  {
   "begin": "22.640", 
   "end": "22.920", 
   "id": "f000024", 
   "language": "en", 
   "lines": [
    "among"
   ]
  }, 
  {
   "begin": "22.920", 
   "end": "23.160", 
   "id": "f000025", 
   "language": "en", 
   "lines": [
    "the"
   ]
  }, 
  {
   "begin": "23.160", 
   "end": "23.600", 
   "id": "f000026", 
   "language": "en", 
   "lines": [
    "many"
   ]
  }, 
  {
   "begin": "23.600", 
   "end": "24.400", 
   "id": "f000027", 
   "language": "en", 
   "lines": [
    "sweets"
   ]
  }, 
  {
   "begin": "24.400", 
   "end": "24.760", 
   "id": "f000028", 
   "language": "en", 
   "lines": [
    "that"
   ]
  }, 
  {
   "begin": "24.760", 
   "end": "25.080", 
   "id": "f000029", 
   "language": "en", 
   "lines": [
    "look"
   ]
  }, 
  {
   "begin": "25.080", 
   "end": "25.440", 
   "id": "f000030", 
   "language": "en", 
   "lines": [
    "like"
   ]
  }, 
  {
   "begin": "25.440", 
   "end": "26.720", 
   "id": "f000031", 
   "language": "en", 
   "lines": [
    "me."
   ]
  }
 ]
}