{
 "fragments": [
  {
   "begin": "0.000", 
   "end": "0.680", 
   "id": "f000001", 
   "language": "en", 
   "lines": [
    "At"
   ]
  }, 
  {
   "begin": "0.680", 
   "end": "1.440", 
   "id": "f000002", 
   "language": "en", 
   "lines": [
    "night,"
   ]
  }, 
  {
   "begin": "1.440", 
   "end": "2.040", 
   "id": "f000003", 
   "language": "en", 
   "lines": [
    "the"
   ]
  }, 
  {
   "begin": "2.040", 
   "end": "2.360", 
   "id": "f000004", 
   "language": "en", 
   "lines": [
    "moon"
   ]
  }, 
  {
   "begin": "2.360", 
   "end": "2.760", 
   "id": "f000005", 
   "language": "en", 
   "lines": [
    "looks"
   ]
  }, 
  {
   "begin": "2.760", 
   "end": "3.000", 
   "id": "f000006", 
   "language": "en", 
   "lines": [
    "like"
   ]
  }, 
  {
   "begin": "3.000", 
   "end": "3.120", 
   "id": "f000007", 
   "language": "en", 
   "lines": [
    "me"
   ]
  }, 
  {
   "begin": "3.120", 
   "end": "3.480", 
   "id": "f000008", 
   "language": "en", 
   "lines": [
    "with"
   ]
  }, 
  {
   "begin": "3.480", 
   "end": "3.840", 
   "id": "f000009", 
   "language": "en", 
   "lines": [
    "a"
   ]
  }, 
  {
   "begin": "3.840", 
   "end": "5.720", 
   "id": "f000010", 
   "language": "en", 
   "lines": [
    "smile."
   ]
  }, 
  {
   "begin": "5.720", 
   "end": "6.240", 
   "id": "f000011", 
   "language": "en", 
   "lines": [
    "I"
   ]
  }, 
  {
   "begin": "6.240", 
   "end": "6.360", 
   "id": "f000012", 
   "language": "en", 
   "lines": [
    "look"
   ]
  }, 
  {
   "begin": "6.360", 
   "end": "6.600", 
   "id": "f000013", 
   "language": "en", 
   "lines": [
    "at"
   ]
  }, 
  {
   "begin": "6.600", 
   "end": "7.200", 
   "id": "f000014", 
   "language": "en", 
   "lines": [
    "it"
   ]
  }, 
  {
   "begin": "7.200", 
   "end": "7.400", 
   "id": "f000015", 
   "language": "en", 
   "lines": [
    "through"
   ]
  }, 
  {
   "begin": "7.400", 
   "end": "7.720", 
   "id": "f000016", 
   "language": "en", 
   "lines": [
    "the"
   ]
  }, 
  {
   "begin": "7.720", 
   "end": "8.760", 
   "id": "f000017", 
   "language": "en", 
   "lines": [
    "owl's"
   ]
  }, 
  {
   "begin": "8.760", 
   "end": "9.400", 
   "id": "f000018", 
   "language": "en", 
   "lines": [
    "round"
   ]
  }, 
  {
   "begin": "9.400", 
   "end": "10.640", 
   "id": "f000019", 
   "language": "en", 
   "lines": [
    "eyes."
   ]
  }
 ]
}