{"id":184,"name":"Sheebu - the Sheep","writtenby":"Neetu Sharma","illustrationsby":"Partha Sengupta","translationby":"","source":"","status":"active","level":1,"pages":[{"id":2075,"content":"Sheebu was a sheep.\nOne day she found a bell.\nShe thought to herself 'Wow! What a tingle-jingle bell.\nI will wear this bell.'\nShe hung it around her neck.\nSeeing the bell her friends asked, \"Sheebu, what a lovely bell you have.\"\nSheebu felt happy.","pageno":1,"image":"a05fdbd613cfa2d3ab9b67909f7ed8df.png","audio":"f84b97b1af4d5687ccffaed9bf880fe8.mp3","audio_map":"5cdfc69d0907fb0b6915e96bb3deb383.json","language":[]},{"id":2084,"content":"The other day, she was grazing in the field.\nIt was night and dark.\nSuddenly, she realised that she had lost her beautiful bell.\nShe cried. And cried.","pageno":2,"image":"f8fcbf9d3f5929fd77b7eca0b1cf5861.png","audio":"6df4191938fd6b81db9c97476075de56.mp3","audio_map":"719feaf050aebe7a0cac937e31359ee9.json","language":[]},{"id":2085,"content":"Her friends asked, \"What's the matter Sheebu?\"\n\"I have lost my bell\" She answered.\nEverybody felt bad.\nOne of them said, \"Why don't you take the help of Jugnu, the firefly? He will definitely help you out\"\nThe other sheep said, \"Yes, yes. He glows like a bulb at night\"","pageno":3,"image":"3a7c5e41e12b88af0ea24685a14ffea7.png","audio":"28f4769d546390a2c8dbc01e2224e4e0.mp3","audio_map":"724edecc0d9f13034daca0574570058c.json","language":[]},{"id":2094,"content":"Sheebu thought for a while and went to Jugnu.\n\"Hi, Jugnu. Can you help me find my tingle-jingle bell? It is dark everywhere.\"\nJugnu nodded his head. \"But I need some more light. Wait...\" He said.\nJugnu came back with many fireflies. It looked like as if the sun was shining in the night.","pageno":4,"image":"cffba881d4915b142db277693b514e57.png","audio":"5bf18411be76ad87b172463fa0a007cf.mp3","audio_map":"d4d2292f3ac290db079033d909e85e5b.json","language":[]},{"id":2224,"content":"","pageno":5,"image":"d05bc93b9ef2ca03a04e61377f22d0b7.png","audio":"","audio_map":"","audio_map_obj":"","language":[]},{"id":2104,"content":"They all searched left and right.\nFinally, they found it near a plant.","pageno":6,"image":"8fc24be143fe579a6f170ab19fba4f48.png","audio":"3c84a886efa7e51dcd591f8cab41f66f.mp3","audio_map":"7b32d4406663bbc3502c81b863a9e63a.json","language":[]},{"id":2114,"content":"On seeing it, Sheebu was overjoyed. She thanked Jugnu and his brigade for helping her.\nAnd once again Sheebu was happy with her tingle-jingle bell.","pageno":7,"image":"97c043ab93e813b1fd668321d942cb01.png","audio":"178d582f21e42dca875c1fbdcf724f65.mp3","audio_map":"aadd1fecfc4aaf59b478672ef625a8fc.json","language":[]},{"id":2124,"content":"Firefly facts:\nFirefly is also called the lightning bug.\nFirefly is a soft-bodied beetle which ranges from 5 to 25 millimetres in length.\nOn the underside of the abdomen, it has a special light organ that glows in luminous flashes.\nMost of the fireflies feed on pollen and nectar.\nAdult firefly does not eat.\nFirefly's tail causes flashes of light that can be measured quantitatively. The firefly technique is used to study human diseases, waste water treatment, environmental protection.\nThe light emitted by firefly is unique, nearly 100 percent of the energy is emitted as light whereas in an electric bulb only 10 percent of the energy is light and the other 90 percent is given off as heat.","pageno":8,"image":"","audio":"","audio_map":"","audio_map_obj":"","language":[]}],"language":[],"questions":[{"id":7364,"type":"pre","storypage_id":0,"order_number":1,"title":"Vocabulary","question":{"question_type":"vocabulary","question":{"text":"","image":"","type":""},"words":[{"word":"firefly","image":"5b86fad442b03863429cf8b8f1064d11.png"},{"word":"sheep","image":"83321cbe616278661d9e682b75d1cf3c.png"},{"word":"bell","image":"455ec130ad42b71d1d52a3c3f560123e.png"},{"word":"plant","image":"aeb068e71a9702f1c2318f87320de1ba.png"}]},"score":1,"question_template_id":21,"question_template":"Vocab"},{"id":7374,"type":"post","storypage_id":0,"order_number":1,"title":"Let's try speaking.","question":{"question_type":"conversation","question":{"text":"Sheebu meets with her sheep friend Manu after this story. This is what they say.","image":"","type":"text"},"conversation":[{"sentence":"Hi Manu, I found my bell!","image":"","question":0},{"sentence":"Hi Sheebu, that's good news! How did you find it?","image":"","question":0},{"sentence":"WHAT DOES SHEEBU SAY?","image":"","question":1},{"sentence":"That's great! I'm so happy for you!","image":"","question":0}]},"score":1,"question_template_id":6,"question_template":"Conversation"},{"id":7314,"type":"during","storypage_id":2075,"order_number":1,"title":"Choose the correct answer.","question":{"question_type":"mcq_single_answer","question":{"text":"What did Sheebu find?","image":"","type":"text"},"options":[{"text":"A bell.","type":"text","image":"","ans":1},{"text":"A rock.","type":"text","image":"","ans":0},{"text":"A mouse.","type":"text","image":"","ans":0},{"text":"A cat.","type":"text","image":"","ans":0}],"answers":["A bell."]},"score":1,"question_template_id":2,"question_template":"Text MCQ"},{"id":7324,"type":"during","storypage_id":2084,"order_number":2,"title":"Choose the correct answer.","question":{"question_type":"mcq_single_answer","question":{"text":"Why did Sheebu start crying one night?","image":"","type":"text"},"options":[{"text":"She lost her bell.","type":"text","image":"","ans":1},{"text":"She felt sad.","type":"text","image":"","ans":0},{"text":"She was lonely.","type":"text","image":"","ans":0},{"text":"She was very tired.","type":"text","image":"","ans":0}],"answers":["She lost her bell."]},"score":1,"question_template_id":2,"question_template":"Text MCQ"},{"id":7334,"type":"during","storypage_id":2085,"order_number":3,"title":"Choose the correct answer.","question":{"question_type":"mcq_single_answer","question":{"text":"Who did the other sheep suggest Sheebu take help from?","image":"","type":"text"},"options":[{"text":"Jugnu the firefly","type":"text","image":"","ans":1},{"text":"Zero the cola","type":"text","image":"","ans":0},{"text":"Malini the bee","type":"text","image":"","ans":0},{"text":"Ammu the cat","type":"text","image":"","ans":0}],"answers":["Jugnu the firefly"]},"score":1,"question_template_id":2,"question_template":"Text MCQ"},{"id":7354,"type":"during","storypage_id":2104,"order_number":4,"title":"Choose the correct answer.","question":{"question_type":"mcq_single_answer","question":{"text":"Where was the bell?","image":"","type":"text"},"options":[{"text":"Near a plant.","type":"text","image":"","ans":1},{"text":"Near a shed.","type":"text","image":"","ans":0},{"text":"Near a river.","type":"text","image":"","ans":0},{"text":"Near the beach.","type":"text","image":"","ans":0}],"answers":["Near a plant."]},"score":1,"question_template_id":2,"question_template":"Text MCQ"},{"id":7384,"type":"own_story","storypage_id":0,"order_number":1,"title":"Let's write a new story.","question":{"question_type":"mcq_single_answer","question":{"text":"Jamila was a cow. She was big and _____.","image":"","type":"text"},"options":[{"text":"brown","type":"text","image":"","ans":1},{"text":"white","type":"text","image":"","ans":0},{"text":"black","type":"text","image":"","ans":0},{"text":"grey","type":"text","image":"","ans":0}],"answers":["brown"]},"score":1,"question_template_id":2,"question_template":"Text MCQ"},{"id":7394,"type":"own_story","storypage_id":0,"order_number":2,"title":"Let's write a new story.","question":{"question_type":"mcq_single_answer","question":{"text":"Jamila found a pearl bracelet one day. It made her feel very _____.","image":"","type":"text"},"options":[{"text":"happy","type":"text","image":"","ans":1},{"text":"glad","type":"text","image":"","ans":1},{"text":"proud","type":"text","image":"","ans":1},{"text":"fancy","type":"text","image":"","ans":1}],"answers":["happy","glad","proud","fancy"]},"score":1,"question_template_id":2,"question_template":"Text MCQ"},{"id":7404,"type":"own_story","storypage_id":0,"order_number":3,"title":"Let's write a new story.","question":{"question_type":"mcq_single_answer","question":{"text":"But one day, Jamila noticed her bracelet was _____.","image":"","type":"text"},"options":[{"text":"missing","type":"text","image":"","ans":1},{"text":"not on her ankle","type":"text","image":"","ans":1},{"text":"lost","type":"text","image":"","ans":1},{"text":"nowhere to be seen","type":"text","image":"","ans":1}],"answers":["missing","not on her ankle","lost","nowhere to be seen"]},"score":1,"question_template_id":2,"question_template":"Text MCQ"},{"id":7414,"type":"own_story","storypage_id":0,"order_number":4,"title":"Let's write a new story.","question":{"question_type":"mcq_single_answer","question":{"text":"That made Jamila feel very _____.","image":"","type":"text"},"options":[{"text":"sad","type":"text","image":"","ans":1},{"text":"glum","type":"text","image":"","ans":1},{"text":"frustrated","type":"text","image":"","ans":1},{"text":"hurt","type":"text","image":"","ans":1}],"answers":["sad","glum","frustrated","hurt"]},"score":1,"question_template_id":2,"question_template":"Text MCQ"},{"id":7424,"type":"own_story","storypage_id":0,"order_number":5,"title":"Let's write a new story.","question":{"question_type":"mcq_single_answer","question":{"text":"But Jamila asked her friend _____, a firefly, to help her look in the dark of the night.","image":"","type":"text"},"options":[{"text":"Bablu","type":"text","image":"","ans":1},{"text":"Tiplu","type":"text","image":"","ans":1},{"text":"Chiplu","type":"text","image":"","ans":1},{"text":"Jonathan","type":"text","image":"","ans":0}],"answers":["Bablu","Tiplu","Chiplu"]},"score":1,"question_template_id":2,"question_template":"Text MCQ"}]}