{
 "fragments": [
  {
   "begin": "0.000", 
   "end": "0.640", 
   "id": "f000001", 
   "language": "en", 
   "lines": [
    "Sheebu"
   ]
  }, 
  {
   "begin": "0.640", 
   "end": "1.080", 
   "id": "f000002", 
   "language": "en", 
   "lines": [
    "was"
   ]
  }, 
  {
   "begin": "1.080", 
   "end": "1.400", 
   "id": "f000003", 
   "language": "en", 
   "lines": [
    "a"
   ]
  }, 
  {
   "begin": "1.400", 
   "end": "2.400", 
   "id": "f000004", 
   "language": "en", 
   "lines": [
    "sheep.\n"
   ]
  }, 
  {
   "begin": "2.400", 
   "end": "2.760", 
   "id": "f000005", 
   "language": "en", 
   "lines": [
    "One"
   ]
  }, 
  {
   "begin": "2.760", 
   "end": "3.000", 
   "id": "f000006", 
   "language": "en", 
   "lines": [
    "day"
   ]
  }, 
  {
   "begin": "3.000", 
   "end": "3.360", 
   "id": "f000007", 
   "language": "en", 
   "lines": [
    "she"
   ]
  }, 
  {
   "begin": "3.360", 
   "end": "3.840", 
   "id": "f000008", 
   "language": "en", 
   "lines": [
    "found"
   ]
  }, 
  {
   "begin": "3.840", 
   "end": "3.920", 
   "id": "f000009", 
   "language": "en", 
   "lines": [
    "a"
   ]
  }, 
  {
   "begin": "3.920", 
   "end": "4.320", 
   "id": "f000010", 
   "language": "en", 
   "lines": [
    "bell.\n"
   ]
  }, 
  {
   "begin": "4.320", 
   "end": "5.080", 
   "id": "f000011", 
   "language": "en", 
   "lines": [
    "She"
   ]
  }, 
  {
   "begin": "5.080", 
   "end": "5.400", 
   "id": "f000012", 
   "language": "en", 
   "lines": [
    "thought"
   ]
  }, 
  {
   "begin": "5.400", 
   "end": "5.560", 
   "id": "f000013", 
   "language": "en", 
   "lines": [
    "to"
   ]
  }, 
  {
   "begin": "5.560", 
   "end": "6.680", 
   "id": "f000014", 
   "language": "en", 
   "lines": [
    "herself"
   ]
  }, 
  {
   "begin": "6.680", 
   "end": "7.440", 
   "id": "f000015", 
   "language": "en", 
   "lines": [
    "'Wow!"
   ]
  }, 
  {
   "begin": "7.440", 
   "end": "7.640", 
   "id": "f000016", 
   "language": "en", 
   "lines": [
    "What"
   ]
  }, 
  {
   "begin": "7.640", 
   "end": "8.000", 
   "id": "f000017", 
   "language": "en", 
   "lines": [
    "a"
   ]
  }, 
  {
   "begin": "8.000", 
   "end": "8.800", 
   "id": "f000018", 
   "language": "en", 
   "lines": [
    "tingle-jingle"
   ]
  }, 
  {
   "begin": "8.800", 
   "end": "9.560", 
   "id": "f000019", 
   "language": "en", 
   "lines": [
    "bell.\n"
   ]
  }, 
  {
   "begin": "9.560", 
   "end": "9.760", 
   "id": "f000020", 
   "language": "en", 
   "lines": [
    "I"
   ]
  }, 
  {
   "begin": "9.760", 
   "end": "10.240", 
   "id": "f000021", 
   "language": "en", 
   "lines": [
    "will"
   ]
  }, 
  {
   "begin": "10.240", 
   "end": "10.480", 
   "id": "f000022", 
   "language": "en", 
   "lines": [
    "wear"
   ]
  }, 
  {
   "begin": "10.480", 
   "end": "10.760", 
   "id": "f000023", 
   "language": "en", 
   "lines": [
    "this"
   ]
  }, 
  {
   "begin": "10.760", 
   "end": "11.640", 
   "id": "f000024", 
   "language": "en", 
   "lines": [
    "bell.'\n"
   ]
  }, 
  {
   "begin": "11.640", 
   "end": "11.960", 
   "id": "f000025", 
   "language": "en", 
   "lines": [
    "She"
   ]
  }, 
  {
   "begin": "11.960", 
   "end": "12.320", 
   "id": "f000026", 
   "language": "en", 
   "lines": [
    "hung"
   ]
  }, 
  {
   "begin": "12.320", 
   "end": "12.480", 
   "id": "f000027", 
   "language": "en", 
   "lines": [
    "it"
   ]
  }, 
  {
   "begin": "12.480", 
   "end": "13.120", 
   "id": "f000028", 
   "language": "en", 
   "lines": [
    "around"
   ]
  }, 
  {
   "begin": "13.120", 
   "end": "13.360", 
   "id": "f000029", 
   "language": "en", 
   "lines": [
    "her"
   ]
  }, 
  {
   "begin": "13.360", 
   "end": "13.880", 
   "id": "f000030", 
   "language": "en", 
   "lines": [
    "neck.\n"
   ]
  }, 
  {
   "begin": "13.880", 
   "end": "14.400", 
   "id": "f000031", 
   "language": "en", 
   "lines": [
    "Seeing"
   ]
  }, 
  {
   "begin": "14.400", 
   "end": "14.440", 
   "id": "f000032", 
   "language": "en", 
   "lines": [
    "the"
   ]
  }, 
  {
   "begin": "14.440", 
   "end": "14.720", 
   "id": "f000033", 
   "language": "en", 
   "lines": [
    "bell"
   ]
  }, 
  {
   "begin": "14.720", 
   "end": "14.880", 
   "id": "f000034", 
   "language": "en", 
   "lines": [
    "her"
   ]
  }, 
  {
   "begin": "14.880", 
   "end": "15.400", 
   "id": "f000035", 
   "language": "en", 
   "lines": [
    "friends"
   ]
  }, 
  {
   "begin": "15.400", 
   "end": "16.000", 
   "id": "f000036", 
   "language": "en", 
   "lines": [
    "asked,"
   ]
  }, 
  {
   "begin": "16.000", 
   "end": "16.840", 
   "id": "f000037", 
   "language": "en", 
   "lines": [
    "\"Sheebu,"
   ]
  }, 
  {
   "begin": "16.840", 
   "end": "17.160", 
   "id": "f000038", 
   "language": "en", 
   "lines": [
    "what"
   ]
  }, 
  {
   "begin": "17.160", 
   "end": "17.440", 
   "id": "f000039", 
   "language": "en", 
   "lines": [
    "a"
   ]
  }, 
  {
   "begin": "17.440", 
   "end": "18.120", 
   "id": "f000040", 
   "language": "en", 
   "lines": [
    "lovely"
   ]
  }, 
  {
   "begin": "18.120", 
   "end": "18.480", 
   "id": "f000041", 
   "language": "en", 
   "lines": [
    "bell"
   ]
  }, 
  {
   "begin": "18.480", 
   "end": "19.040", 
   "id": "f000042", 
   "language": "en", 
   "lines": [
    "you"
   ]
  }, 
  {
   "begin": "19.040", 
   "end": "19.800", 
   "id": "f000043", 
   "language": "en", 
   "lines": [
    "have.\"\n"
   ]
  }, 
  {
   "begin": "19.800", 
   "end": "20.320", 
   "id": "f000044", 
   "language": "en", 
   "lines": [
    "Sheebu"
   ]
  }, 
  {
   "begin": "20.320", 
   "end": "20.960", 
   "id": "f000045", 
   "language": "en", 
   "lines": [
    "felt"
   ]
  }, 
  {
   "begin": "20.960", 
   "end": "21.720", 
   "id": "f000046", 
   "language": "en", 
   "lines": [
    "happy."
   ]
  }
 ]
}