{
 "fragments": [
  {
   "begin": "0.000", 
   "end": "0.080", 
   "id": "f000001", 
   "language": "en", 
   "lines": [
    "The"
   ]
  }, 
  {
   "begin": "0.080", 
   "end": "0.400", 
   "id": "f000002", 
   "language": "en", 
   "lines": [
    "other"
   ]
  }, 
  {
   "begin": "0.400", 
   "end": "0.520", 
   "id": "f000003", 
   "language": "en", 
   "lines": [
    "day,"
   ]
  }, 
  {
   "begin": "0.520", 
   "end": "0.960", 
   "id": "f000004", 
   "language": "en", 
   "lines": [
    "she"
   ]
  }, 
  {
   "begin": "0.960", 
   "end": "1.160", 
   "id": "f000005", 
   "language": "en", 
   "lines": [
    "was"
   ]
  }, 
  {
   "begin": "1.160", 
   "end": "1.720", 
   "id": "f000006", 
   "language": "en", 
   "lines": [
    "grazing"
   ]
  }, 
  {
   "begin": "1.720", 
   "end": "1.920", 
   "id": "f000007", 
   "language": "en", 
   "lines": [
    "in"
   ]
  }, 
  {
   "begin": "1.920", 
   "end": "2.400", 
   "id": "f000008", 
   "language": "en", 
   "lines": [
    "the"
   ]
  }, 
  {
   "begin": "2.400", 
   "end": "2.960", 
   "id": "f000009", 
   "language": "en", 
   "lines": [
    "field.\n"
   ]
  }, 
  {
   "begin": "2.960", 
   "end": "3.280", 
   "id": "f000010", 
   "language": "en", 
   "lines": [
    "It"
   ]
  }, 
  {
   "begin": "3.280", 
   "end": "3.760", 
   "id": "f000011", 
   "language": "en", 
   "lines": [
    "was"
   ]
  }, 
  {
   "begin": "3.760", 
   "end": "4.560", 
   "id": "f000012", 
   "language": "en", 
   "lines": [
    "night"
   ]
  }, 
  {
   "begin": "4.560", 
   "end": "5.000", 
   "id": "f000013", 
   "language": "en", 
   "lines": [
    "and"
   ]
  }, 
  {
   "begin": "5.000", 
   "end": "6.400", 
   "id": "f000014", 
   "language": "en", 
   "lines": [
    "dark.\n"
   ]
  }, 
  {
   "begin": "6.400", 
   "end": "7.480", 
   "id": "f000015", 
   "language": "en", 
   "lines": [
    "Suddenly,"
   ]
  }, 
  {
   "begin": "7.480", 
   "end": "7.760", 
   "id": "f000016", 
   "language": "en", 
   "lines": [
    "she"
   ]
  }, 
  {
   "begin": "7.760", 
   "end": "8.560", 
   "id": "f000017", 
   "language": "en", 
   "lines": [
    "realised"
   ]
  }, 
  {
   "begin": "8.560", 
   "end": "8.920", 
   "id": "f000018", 
   "language": "en", 
   "lines": [
    "that"
   ]
  }, 
  {
   "begin": "8.920", 
   "end": "9.320", 
   "id": "f000019", 
   "language": "en", 
   "lines": [
    "she"
   ]
  }, 
  {
   "begin": "9.320", 
   "end": "9.400", 
   "id": "f000020", 
   "language": "en", 
   "lines": [
    "had"
   ]
  }, 
  {
   "begin": "9.400", 
   "end": "10.080", 
   "id": "f000021", 
   "language": "en", 
   "lines": [
    "lost"
   ]
  }, 
  {
   "begin": "10.080", 
   "end": "10.360", 
   "id": "f000022", 
   "language": "en", 
   "lines": [
    "her"
   ]
  }, 
  {
   "begin": "10.360", 
   "end": "10.720", 
   "id": "f000023", 
   "language": "en", 
   "lines": [
    "beautiful"
   ]
  }, 
  {
   "begin": "10.720", 
   "end": "11.680", 
   "id": "f000024", 
   "language": "en", 
   "lines": [
    "bell.\n"
   ]
  }, 
  {
   "begin": "11.680", 
   "end": "12.040", 
   "id": "f000025", 
   "language": "en", 
   "lines": [
    "She"
   ]
  }, 
  {
   "begin": "12.040", 
   "end": "13.240", 
   "id": "f000026", 
   "language": "en", 
   "lines": [
    "cried."
   ]
  }, 
  {
   "begin": "13.240", 
   "end": "13.760", 
   "id": "f000027", 
   "language": "en", 
   "lines": [
    "And"
   ]
  }, 
  {
   "begin": "13.760", 
   "end": "14.760", 
   "id": "f000028", 
   "language": "en", 
   "lines": [
    "cried."
   ]
  }
 ]
}