{
 "fragments": [
  {
   "begin": "0.000", 
   "end": "0.680", 
   "id": "f000001", 
   "language": "en", 
   "lines": [
    "Her"
   ]
  }, 
  {
   "begin": "0.680", 
   "end": "1.280", 
   "id": "f000002", 
   "language": "en", 
   "lines": [
    "friends"
   ]
  }, 
  {
   "begin": "1.280", 
   "end": "1.960", 
   "id": "f000003", 
   "language": "en", 
   "lines": [
    "asked,"
   ]
  }, 
  {
   "begin": "1.960", 
   "end": "2.800", 
   "id": "f000004", 
   "language": "en", 
   "lines": [
    "\"What's"
   ]
  }, 
  {
   "begin": "2.800", 
   "end": "2.840", 
   "id": "f000005", 
   "language": "en", 
   "lines": [
    "the"
   ]
  }, 
  {
   "begin": "2.840", 
   "end": "3.280", 
   "id": "f000006", 
   "language": "en", 
   "lines": [
    "matter"
   ]
  }, 
  {
   "begin": "3.280", 
   "end": "4.360", 
   "id": "f000007", 
   "language": "en", 
   "lines": [
    "Sheebu?\"\n"
   ]
  }, 
  {
   "begin": "4.360", 
   "end": "4.680", 
   "id": "f000008", 
   "language": "en", 
   "lines": [
    "\"I"
   ]
  }, 
  {
   "begin": "4.680", 
   "end": "6.120", 
   "id": "f000009", 
   "language": "en", 
   "lines": [
    "have"
   ]
  }, 
  {
   "begin": "6.120", 
   "end": "7.160", 
   "id": "f000010", 
   "language": "en", 
   "lines": [
    "lost"
   ]
  }, 
  {
   "begin": "7.160", 
   "end": "7.560", 
   "id": "f000011", 
   "language": "en", 
   "lines": [
    "my"
   ]
  }, 
  {
   "begin": "7.560", 
   "end": "8.760", 
   "id": "f000012", 
   "language": "en", 
   "lines": [
    "bell\""
   ]
  }, 
  {
   "begin": "8.760", 
   "end": "9.080", 
   "id": "f000013", 
   "language": "en", 
   "lines": [
    "She"
   ]
  }, 
  {
   "begin": "9.080", 
   "end": "10.760", 
   "id": "f000014", 
   "language": "en", 
   "lines": [
    "answered.\n"
   ]
  }, 
  {
   "begin": "10.760", 
   "end": "11.560", 
   "id": "f000015", 
   "language": "en", 
   "lines": [
    "Everybody"
   ]
  }, 
  {
   "begin": "11.560", 
   "end": "11.960", 
   "id": "f000016", 
   "language": "en", 
   "lines": [
    "felt"
   ]
  }, 
  {
   "begin": "11.960", 
   "end": "13.320", 
   "id": "f000017", 
   "language": "en", 
   "lines": [
    "bad.\n"
   ]
  }, 
  {
   "begin": "13.320", 
   "end": "13.800", 
   "id": "f000018", 
   "language": "en", 
   "lines": [
    "One"
   ]
  }, 
  {
   "begin": "13.800", 
   "end": "13.800", 
   "id": "f000019", 
   "language": "en", 
   "lines": [
    "of"
   ]
  }, 
  {
   "begin": "13.800", 
   "end": "14.040", 
   "id": "f000020", 
   "language": "en", 
   "lines": [
    "them"
   ]
  }, 
  {
   "begin": "14.040", 
   "end": "14.480", 
   "id": "f000021", 
   "language": "en", 
   "lines": [
    "said,"
   ]
  }, 
  {
   "begin": "14.480", 
   "end": "16.080", 
   "id": "f000022", 
   "language": "en", 
   "lines": [
    "\"Why"
   ]
  }, 
  {
   "begin": "16.080", 
   "end": "16.240", 
   "id": "f000023", 
   "language": "en", 
   "lines": [
    "don't"
   ]
  }, 
  {
   "begin": "16.240", 
   "end": "16.240", 
   "id": "f000024", 
   "language": "en", 
   "lines": [
    "you"
   ]
  }, 
  {
   "begin": "16.240", 
   "end": "16.480", 
   "id": "f000025", 
   "language": "en", 
   "lines": [
    "take"
   ]
  }, 
  {
   "begin": "16.480", 
   "end": "16.600", 
   "id": "f000026", 
   "language": "en", 
   "lines": [
    "the"
   ]
  }, 
  {
   "begin": "16.600", 
   "end": "17.040", 
   "id": "f000027", 
   "language": "en", 
   "lines": [
    "help"
   ]
  }, 
  {
   "begin": "17.040", 
   "end": "17.280", 
   "id": "f000028", 
   "language": "en", 
   "lines": [
    "of"
   ]
  }, 
  {
   "begin": "17.280", 
   "end": "17.520", 
   "id": "f000029", 
   "language": "en", 
   "lines": [
    "Jugnu,"
   ]
  }, 
  {
   "begin": "17.520", 
   "end": "18.040", 
   "id": "f000030", 
   "language": "en", 
   "lines": [
    "the"
   ]
  }, 
  {
   "begin": "18.040", 
   "end": "19.960", 
   "id": "f000031", 
   "language": "en", 
   "lines": [
    "firefly?"
   ]
  }, 
  {
   "begin": "19.960", 
   "end": "20.360", 
   "id": "f000032", 
   "language": "en", 
   "lines": [
    "He"
   ]
  }, 
  {
   "begin": "20.360", 
   "end": "20.480", 
   "id": "f000033", 
   "language": "en", 
   "lines": [
    "will"
   ]
  }, 
  {
   "begin": "20.480", 
   "end": "21.280", 
   "id": "f000034", 
   "language": "en", 
   "lines": [
    "definitely"
   ]
  }, 
  {
   "begin": "21.280", 
   "end": "21.520", 
   "id": "f000035", 
   "language": "en", 
   "lines": [
    "help"
   ]
  }, 
  {
   "begin": "21.520", 
   "end": "21.720", 
   "id": "f000036", 
   "language": "en", 
   "lines": [
    "you"
   ]
  }, 
  {
   "begin": "21.720", 
   "end": "22.800", 
   "id": "f000037", 
   "language": "en", 
   "lines": [
    "out\"\n"
   ]
  }, 
  {
   "begin": "22.800", 
   "end": "23.200", 
   "id": "f000038", 
   "language": "en", 
   "lines": [
    "The"
   ]
  }, 
  {
   "begin": "23.200", 
   "end": "23.680", 
   "id": "f000039", 
   "language": "en", 
   "lines": [
    "other"
   ]
  }, 
  {
   "begin": "23.680", 
   "end": "24.040", 
   "id": "f000040", 
   "language": "en", 
   "lines": [
    "sheep"
   ]
  }, 
  {
   "begin": "24.040", 
   "end": "24.520", 
   "id": "f000041", 
   "language": "en", 
   "lines": [
    "said,"
   ]
  }, 
  {
   "begin": "24.520", 
   "end": "25.840", 
   "id": "f000042", 
   "language": "en", 
   "lines": [
    "\"Yes,"
   ]
  }, 
  {
   "begin": "25.840", 
   "end": "26.600", 
   "id": "f000043", 
   "language": "en", 
   "lines": [
    "yes."
   ]
  }, 
  {
   "begin": "26.600", 
   "end": "27.200", 
   "id": "f000044", 
   "language": "en", 
   "lines": [
    "He"
   ]
  }, 
  {
   "begin": "27.200", 
   "end": "27.720", 
   "id": "f000045", 
   "language": "en", 
   "lines": [
    "glows"
   ]
  }, 
  {
   "begin": "27.720", 
   "end": "27.920", 
   "id": "f000046", 
   "language": "en", 
   "lines": [
    "like"
   ]
  }, 
  {
   "begin": "27.920", 
   "end": "27.960", 
   "id": "f000047", 
   "language": "en", 
   "lines": [
    "a"
   ]
  }, 
  {
   "begin": "27.960", 
   "end": "28.240", 
   "id": "f000048", 
   "language": "en", 
   "lines": [
    "bulb"
   ]
  }, 
  {
   "begin": "28.240", 
   "end": "28.760", 
   "id": "f000049", 
   "language": "en", 
   "lines": [
    "at"
   ]
  }, 
  {
   "begin": "28.760", 
   "end": "30.000", 
   "id": "f000050", 
   "language": "en", 
   "lines": [
    "night\""
   ]
  }
 ]
}