{
 "fragments": [
  {
   "begin": "0.000", 
   "end": "0.360", 
   "id": "f000001", 
   "language": "en", 
   "lines": [
    "On"
   ]
  }, 
  {
   "begin": "0.360", 
   "end": "0.880", 
   "id": "f000002", 
   "language": "en", 
   "lines": [
    "seeing"
   ]
  }, 
  {
   "begin": "0.880", 
   "end": "1.360", 
   "id": "f000003", 
   "language": "en", 
   "lines": [
    "it,"
   ]
  }, 
  {
   "begin": "1.360", 
   "end": "1.640", 
   "id": "f000004", 
   "language": "en", 
   "lines": [
    "Sheebu"
   ]
  }, 
  {
   "begin": "1.640", 
   "end": "2.200", 
   "id": "f000005", 
   "language": "en", 
   "lines": [
    "was"
   ]
  }, 
  {
   "begin": "2.200", 
   "end": "3.800", 
   "id": "f000006", 
   "language": "en", 
   "lines": [
    "overjoyed."
   ]
  }, 
  {
   "begin": "3.800", 
   "end": "4.080", 
   "id": "f000007", 
   "language": "en", 
   "lines": [
    "She"
   ]
  }, 
  {
   "begin": "4.080", 
   "end": "4.560", 
   "id": "f000008", 
   "language": "en", 
   "lines": [
    "thanked"
   ]
  }, 
  {
   "begin": "4.560", 
   "end": "4.920", 
   "id": "f000009", 
   "language": "en", 
   "lines": [
    "Jugnu"
   ]
  }, 
  {
   "begin": "4.920", 
   "end": "5.120", 
   "id": "f000010", 
   "language": "en", 
   "lines": [
    "and"
   ]
  }, 
  {
   "begin": "5.120", 
   "end": "5.160", 
   "id": "f000011", 
   "language": "en", 
   "lines": [
    "his"
   ]
  }, 
  {
   "begin": "5.160", 
   "end": "5.600", 
   "id": "f000012", 
   "language": "en", 
   "lines": [
    "brigade"
   ]
  }, 
  {
   "begin": "5.600", 
   "end": "6.040", 
   "id": "f000013", 
   "language": "en", 
   "lines": [
    "for"
   ]
  }, 
  {
   "begin": "6.040", 
   "end": "6.520", 
   "id": "f000014", 
   "language": "en", 
   "lines": [
    "helping"
   ]
  }, 
  {
   "begin": "6.520", 
   "end": "6.800", 
   "id": "f000015", 
   "language": "en", 
   "lines": [
    "her.\n"
   ]
  }, 
  {
   "begin": "6.800", 
   "end": "7.880", 
   "id": "f000016", 
   "language": "en", 
   "lines": [
    "And"
   ]
  }, 
  {
   "begin": "7.880", 
   "end": "8.520", 
   "id": "f000017", 
   "language": "en", 
   "lines": [
    "once"
   ]
  }, 
  {
   "begin": "8.520", 
   "end": "9.200", 
   "id": "f000018", 
   "language": "en", 
   "lines": [
    "again"
   ]
  }, 
  {
   "begin": "9.200", 
   "end": "9.680", 
   "id": "f000019", 
   "language": "en", 
   "lines": [
    "Sheebu"
   ]
  }, 
  {
   "begin": "9.680", 
   "end": "9.960", 
   "id": "f000020", 
   "language": "en", 
   "lines": [
    "was"
   ]
  }, 
  {
   "begin": "9.960", 
   "end": "10.400", 
   "id": "f000021", 
   "language": "en", 
   "lines": [
    "happy"
   ]
  }, 
  {
   "begin": "10.400", 
   "end": "10.640", 
   "id": "f000022", 
   "language": "en", 
   "lines": [
    "with"
   ]
  }, 
  {
   "begin": "10.640", 
   "end": "10.880", 
   "id": "f000023", 
   "language": "en", 
   "lines": [
    "her"
   ]
  }, 
  {
   "begin": "10.880", 
   "end": "11.640", 
   "id": "f000024", 
   "language": "en", 
   "lines": [
    "tingle-jingle"
   ]
  }, 
  {
   "begin": "11.640", 
   "end": "12.320", 
   "id": "f000025", 
   "language": "en", 
   "lines": [
    "bell."
   ]
  }
 ]
}