{
 "fragments": [
  {
   "begin": "0.000", 
   "end": "0.240", 
   "id": "f000001", 
   "language": "en", 
   "lines": [
    "Sheebu"
   ]
  }, 
  {
   "begin": "0.240", 
   "end": "1.040", 
   "id": "f000002", 
   "language": "en", 
   "lines": [
    "thought"
   ]
  }, 
  {
   "begin": "1.040", 
   "end": "1.680", 
   "id": "f000003", 
   "language": "en", 
   "lines": [
    "for"
   ]
  }, 
  {
   "begin": "1.680", 
   "end": "2.240", 
   "id": "f000004", 
   "language": "en", 
   "lines": [
    "a"
   ]
  }, 
  {
   "begin": "2.240", 
   "end": "2.720", 
   "id": "f000005", 
   "language": "en", 
   "lines": [
    "while"
   ]
  }, 
  {
   "begin": "2.720", 
   "end": "2.720", 
   "id": "f000006", 
   "language": "en", 
   "lines": [
    "and"
   ]
  }, 
  {
   "begin": "2.720", 
   "end": "2.720", 
   "id": "f000007", 
   "language": "en", 
   "lines": [
    "went"
   ]
  }, 
  {
   "begin": "2.720", 
   "end": "2.920", 
   "id": "f000008", 
   "language": "en", 
   "lines": [
    "to"
   ]
  }, 
  {
   "begin": "2.920", 
   "end": "3.480", 
   "id": "f000009", 
   "language": "en", 
   "lines": [
    "Jugnu.\n"
   ]
  }, 
  {
   "begin": "3.480", 
   "end": "4.560", 
   "id": "f000010", 
   "language": "en", 
   "lines": [
    "\"Hi,"
   ]
  }, 
  {
   "begin": "4.560", 
   "end": "5.200", 
   "id": "f000011", 
   "language": "en", 
   "lines": [
    "Jugnu."
   ]
  }, 
  {
   "begin": "5.200", 
   "end": "6.360", 
   "id": "f000012", 
   "language": "en", 
   "lines": [
    "Can"
   ]
  }, 
  {
   "begin": "6.360", 
   "end": "6.800", 
   "id": "f000013", 
   "language": "en", 
   "lines": [
    "you"
   ]
  }, 
  {
   "begin": "6.800", 
   "end": "7.080", 
   "id": "f000014", 
   "language": "en", 
   "lines": [
    "help"
   ]
  }, 
  {
   "begin": "7.080", 
   "end": "7.720", 
   "id": "f000015", 
   "language": "en", 
   "lines": [
    "me"
   ]
  }, 
  {
   "begin": "7.720", 
   "end": "8.080", 
   "id": "f000016", 
   "language": "en", 
   "lines": [
    "find"
   ]
  }, 
  {
   "begin": "8.080", 
   "end": "8.080", 
   "id": "f000017", 
   "language": "en", 
   "lines": [
    "my"
   ]
  }, 
  {
   "begin": "8.080", 
   "end": "9.080", 
   "id": "f000018", 
   "language": "en", 
   "lines": [
    "tingle-jingle"
   ]
  }, 
  {
   "begin": "9.080", 
   "end": "9.920", 
   "id": "f000019", 
   "language": "en", 
   "lines": [
    "bell?"
   ]
  }, 
  {
   "begin": "9.920", 
   "end": "10.200", 
   "id": "f000020", 
   "language": "en", 
   "lines": [
    "It"
   ]
  }, 
  {
   "begin": "10.200", 
   "end": "10.760", 
   "id": "f000021", 
   "language": "en", 
   "lines": [
    "is"
   ]
  }, 
  {
   "begin": "10.760", 
   "end": "11.280", 
   "id": "f000022", 
   "language": "en", 
   "lines": [
    "dark"
   ]
  }, 
  {
   "begin": "11.280", 
   "end": "13.280", 
   "id": "f000023", 
   "language": "en", 
   "lines": [
    "everywhere.\"\n"
   ]
  }, 
  {
   "begin": "13.280", 
   "end": "13.960", 
   "id": "f000024", 
   "language": "en", 
   "lines": [
    "Jugnu"
   ]
  }, 
  {
   "begin": "13.960", 
   "end": "14.160", 
   "id": "f000025", 
   "language": "en", 
   "lines": [
    "noticed"
   ]
  }, 
  {
   "begin": "14.160", 
   "end": "14.480", 
   "id": "f000026", 
   "language": "en", 
   "lines": [
    "his"
   ]
  }, 
  {
   "begin": "14.480", 
   "end": "14.880", 
   "id": "f000027", 
   "language": "en", 
   "lines": [
    "head."
   ]
  }, 
  {
   "begin": "14.880", 
   "end": "16.080", 
   "id": "f000028", 
   "language": "en", 
   "lines": [
    "\"But"
   ]
  }, 
  {
   "begin": "16.080", 
   "end": "16.360", 
   "id": "f000029", 
   "language": "en", 
   "lines": [
    "I"
   ]
  }, 
  {
   "begin": "16.360", 
   "end": "16.600", 
   "id": "f000030", 
   "language": "en", 
   "lines": [
    "need"
   ]
  }, 
  {
   "begin": "16.600", 
   "end": "16.880", 
   "id": "f000031", 
   "language": "en", 
   "lines": [
    "some"
   ]
  }, 
  {
   "begin": "16.880", 
   "end": "16.920", 
   "id": "f000032", 
   "language": "en", 
   "lines": [
    "more"
   ]
  }, 
  {
   "begin": "16.920", 
   "end": "18.440", 
   "id": "f000033", 
   "language": "en", 
   "lines": [
    "light."
   ]
  }, 
  {
   "begin": "18.440", 
   "end": "19.000", 
   "id": "f000034", 
   "language": "en", 
   "lines": [
    "Wait...\""
   ]
  }, 
  {
   "begin": "19.000", 
   "end": "19.360", 
   "id": "f000035", 
   "language": "en", 
   "lines": [
    "He"
   ]
  }, 
  {
   "begin": "19.360", 
   "end": "20.840", 
   "id": "f000036", 
   "language": "en", 
   "lines": [
    "said.\n"
   ]
  }, 
  {
   "begin": "20.840", 
   "end": "21.360", 
   "id": "f000037", 
   "language": "en", 
   "lines": [
    "Jugnu"
   ]
  }, 
  {
   "begin": "21.360", 
   "end": "21.920", 
   "id": "f000038", 
   "language": "en", 
   "lines": [
    "came"
   ]
  }, 
  {
   "begin": "21.920", 
   "end": "22.160", 
   "id": "f000039", 
   "language": "en", 
   "lines": [
    "back"
   ]
  }, 
  {
   "begin": "22.160", 
   "end": "22.240", 
   "id": "f000040", 
   "language": "en", 
   "lines": [
    "with"
   ]
  }, 
  {
   "begin": "22.240", 
   "end": "22.720", 
   "id": "f000041", 
   "language": "en", 
   "lines": [
    "many"
   ]
  }, 
  {
   "begin": "22.720", 
   "end": "24.200", 
   "id": "f000042", 
   "language": "en", 
   "lines": [
    "fireflies."
   ]
  }, 
  {
   "begin": "24.200", 
   "end": "24.320", 
   "id": "f000043", 
   "language": "en", 
   "lines": [
    "It"
   ]
  }, 
  {
   "begin": "24.320", 
   "end": "24.400", 
   "id": "f000044", 
   "language": "en", 
   "lines": [
    "looked"
   ]
  }, 
  {
   "begin": "24.400", 
   "end": "24.960", 
   "id": "f000045", 
   "language": "en", 
   "lines": [
    "like"
   ]
  }, 
  {
   "begin": "24.960", 
   "end": "25.120", 
   "id": "f000046", 
   "language": "en", 
   "lines": [
    "as"
   ]
  }, 
  {
   "begin": "25.120", 
   "end": "25.120", 
   "id": "f000047", 
   "language": "en", 
   "lines": [
    "if"
   ]
  }, 
  {
   "begin": "25.120", 
   "end": "25.120", 
   "id": "f000048", 
   "language": "en", 
   "lines": [
    "the"
   ]
  }, 
  {
   "begin": "25.120", 
   "end": "25.120", 
   "id": "f000049", 
   "language": "en", 
   "lines": [
    "sun"
   ]
  }, 
  {
   "begin": "25.120", 
   "end": "25.720", 
   "id": "f000050", 
   "language": "en", 
   "lines": [
    "was"
   ]
  }, 
  {
   "begin": "25.720", 
   "end": "26.280", 
   "id": "f000051", 
   "language": "en", 
   "lines": [
    "shining"
   ]
  }, 
  {
   "begin": "26.280", 
   "end": "26.360", 
   "id": "f000052", 
   "language": "en", 
   "lines": [
    "in"
   ]
  }, 
  {
   "begin": "26.360", 
   "end": "26.520", 
   "id": "f000053", 
   "language": "en", 
   "lines": [
    "the"
   ]
  }, 
  {
   "begin": "26.520", 
   "end": "27.520", 
   "id": "f000054", 
   "language": "en", 
   "lines": [
    "night."
   ]
  }
 ]
}