{
 "fragments": [
  {
   "begin": "0.000", 
   "end": "0.000", 
   "id": "f000001", 
   "language": "en", 
   "lines": [
    "Oh,"
   ]
  }, 
  {
   "begin": "0.000", 
   "end": "0.000", 
   "id": "f000002", 
   "language": "en", 
   "lines": [
    "it"
   ]
  }, 
  {
   "begin": "0.000", 
   "end": "0.280", 
   "id": "f000003", 
   "language": "en", 
   "lines": [
    "is"
   ]
  }, 
  {
   "begin": "0.280", 
   "end": "1.200", 
   "id": "f000004", 
   "language": "en", 
   "lines": [
    "only"
   ]
  }, 
  {
   "begin": "1.200", 
   "end": "1.560", 
   "id": "f000005", 
   "language": "en", 
   "lines": [
    "the"
   ]
  }, 
  {
   "begin": "1.560", 
   "end": "2.320", 
   "id": "f000006", 
   "language": "en", 
   "lines": [
    "well."
   ]
  }, 
  {
   "begin": "2.320", 
   "end": "3.640", 
   "id": "f000007", 
   "language": "en", 
   "lines": [
    "I"
   ]
  }, 
  {
   "begin": "3.640", 
   "end": "4.120", 
   "id": "f000008", 
   "language": "en", 
   "lines": [
    "am"
   ]
  }, 
  {
   "begin": "4.120", 
   "end": "4.400", 
   "id": "f000009", 
   "language": "en", 
   "lines": [
    "not"
   ]
  }, 
  {
   "begin": "4.400", 
   "end": "4.640", 
   "id": "f000010", 
   "language": "en", 
   "lines": [
    "afraid."
   ]
  }, 
  {
   "begin": "4.640", 
   "end": "4.640", 
   "id": "f000011", 
   "language": "en", 
   "lines": [
    ""
   ]
  }, 
  {
   "begin": "4.640", 
   "end": "5.720", 
   "id": "f000012", 
   "language": "en", 
   "lines": [
    "&nbsp;"
   ]
  }
 ]
}