{
 "fragments": [
  {
   "begin": "0.000", 
   "end": "0.160", 
   "id": "f000001", 
   "language": "en", 
   "lines": [
    "It"
   ]
  }, 
  {
   "begin": "0.160", 
   "end": "0.600", 
   "id": "f000002", 
   "language": "en", 
   "lines": [
    "is"
   ]
  }, 
  {
   "begin": "0.600", 
   "end": "1.040", 
   "id": "f000003", 
   "language": "en", 
   "lines": [
    "my"
   ]
  }, 
  {
   "begin": "1.040", 
   "end": "2.040", 
   "id": "f000004", 
   "language": "en", 
   "lines": [
    "mother."
   ]
  }, 
  {
   "begin": "2.040", 
   "end": "2.280", 
   "id": "f000005", 
   "language": "en", 
   "lines": [
    "She"
   ]
  }, 
  {
   "begin": "2.280", 
   "end": "2.600", 
   "id": "f000006", 
   "language": "en", 
   "lines": [
    "has"
   ]
  }, 
  {
   "begin": "2.600", 
   "end": "3.000", 
   "id": "f000007", 
   "language": "en", 
   "lines": [
    "come"
   ]
  }, 
  {
   "begin": "3.000", 
   "end": "3.440", 
   "id": "f000008", 
   "language": "en", 
   "lines": [
    "home"
   ]
  }, 
  {
   "begin": "3.440", 
   "end": "4.000", 
   "id": "f000009", 
   "language": "en", 
   "lines": [
    "from"
   ]
  }, 
  {
   "begin": "4.000", 
   "end": "4.000", 
   "id": "f000010", 
   "language": "en", 
   "lines": [
    "the"
   ]
  }, 
  {
   "begin": "4.000", 
   "end": "4.960", 
   "id": "f000011", 
   "language": "en", 
   "lines": [
    "fields."
   ]
  }
 ]
}