{
 "fragments": [
  {
   "begin": "0.000", 
   "end": "0.280", 
   "id": "f000001", 
   "language": "en", 
   "lines": [
    "I"
   ]
  }, 
  {
   "begin": "0.280", 
   "end": "0.920", 
   "id": "f000002", 
   "language": "en", 
   "lines": [
    "hear"
   ]
  }, 
  {
   "begin": "0.920", 
   "end": "1.320", 
   "id": "f000003", 
   "language": "en", 
   "lines": [
    "footsteps!"
   ]
  }, 
  {
   "begin": "1.320", 
   "end": "1.640", 
   "id": "f000004", 
   "language": "en", 
   "lines": [
    "Who"
   ]
  }, 
  {
   "begin": "1.640", 
   "end": "1.920", 
   "id": "f000005", 
   "language": "en", 
   "lines": [
    "is"
   ]
  }, 
  {
   "begin": "1.920", 
   "end": "2.520", 
   "id": "f000006", 
   "language": "en", 
   "lines": [
    "it?"
   ]
  }, 
  {
   "begin": "2.520", 
   "end": "2.800", 
   "id": "f000007", 
   "language": "en", 
   "lines": [
    "Who"
   ]
  }, 
  {
   "begin": "2.800", 
   "end": "3.280", 
   "id": "f000008", 
   "language": "en", 
   "lines": [
    "is"
   ]
  }, 
  {
   "begin": "3.280", 
   "end": "4.040", 
   "id": "f000009", 
   "language": "en", 
   "lines": [
    "it?"
   ]
  }, 
  {
   "begin": "4.040", 
   "end": "4.040", 
   "id": "f000010", 
   "language": "en", 
   "lines": [
    ""
   ]
  }, 
  {
   "begin": "4.040", 
   "end": "5.040", 
   "id": "f000011", 
   "language": "en", 
   "lines": [
    "&nbsp;"
   ]
  }
 ]
}