{
 "fragments": [
  {
   "begin": "0.000", 
   "end": "0.080", 
   "id": "f000001", 
   "language": "en", 
   "lines": [
    "It"
   ]
  }, 
  {
   "begin": "0.080", 
   "end": "0.560", 
   "id": "f000002", 
   "language": "en", 
   "lines": [
    "is"
   ]
  }, 
  {
   "begin": "0.560", 
   "end": "1.080", 
   "id": "f000003", 
   "language": "en", 
   "lines": [
    "so"
   ]
  }, 
  {
   "begin": "1.080", 
   "end": "1.680", 
   "id": "f000004", 
   "language": "en", 
   "lines": [
    "dark!"
   ]
  }, 
  {
   "begin": "1.680", 
   "end": "2.680", 
   "id": "f000005", 
   "language": "en", 
   "lines": [
    "Is"
   ]
  }, 
  {
   "begin": "2.680", 
   "end": "3.560", 
   "id": "f000006", 
   "language": "en", 
   "lines": [
    "someone"
   ]
  }, 
  {
   "begin": "3.560", 
   "end": "4.000", 
   "id": "f000007", 
   "language": "en", 
   "lines": [
    "there?"
   ]
  }, 
  {
   "begin": "4.000", 
   "end": "4.000", 
   "id": "f000008", 
   "language": "en", 
   "lines": [
    "Who"
   ]
  }, 
  {
   "begin": "4.000", 
   "end": "4.000", 
   "id": "f000009", 
   "language": "en", 
   "lines": [
    "is"
   ]
  }, 
  {
   "begin": "4.000", 
   "end": "4.960", 
   "id": "f000010", 
   "language": "en", 
   "lines": [
    "it?"
   ]
  }, 
  {
   "begin": "4.960", 
   "end": "6.040", 
   "id": "f000011", 
   "language": "en", 
   "lines": [
    "&nbsp;"
   ]
  }
 ]
}