{
 "fragments": [
  {
   "begin": "0.000", 
   "end": "0.440", 
   "id": "f000001", 
   "language": "en", 
   "lines": [
    "I"
   ]
  }, 
  {
   "begin": "0.440", 
   "end": "0.720", 
   "id": "f000002", 
   "language": "en", 
   "lines": [
    "can"
   ]
  }, 
  {
   "begin": "0.720", 
   "end": "1.440", 
   "id": "f000003", 
   "language": "en", 
   "lines": [
    "see"
   ]
  }, 
  {
   "begin": "1.440", 
   "end": "1.880", 
   "id": "f000004", 
   "language": "en", 
   "lines": [
    "a"
   ]
  }, 
  {
   "begin": "1.880", 
   "end": "2.040", 
   "id": "f000005", 
   "language": "en", 
   "lines": [
    "big"
   ]
  }, 
  {
   "begin": "2.040", 
   "end": "2.520", 
   "id": "f000006", 
   "language": "en", 
   "lines": [
    "dark"
   ]
  }, 
  {
   "begin": "2.520", 
   "end": "3.080", 
   "id": "f000007", 
   "language": "en", 
   "lines": [
    "thing"
   ]
  }, 
  {
   "begin": "3.080", 
   "end": "4.520", 
   "id": "f000008", 
   "language": "en", 
   "lines": [
    "outside!"
   ]
  }, 
  {
   "begin": "4.520", 
   "end": "4.560", 
   "id": "f000009", 
   "language": "en", 
   "lines": [
    "What"
   ]
  }, 
  {
   "begin": "4.560", 
   "end": "4.560", 
   "id": "f000010", 
   "language": "en", 
   "lines": [
    "is"
   ]
  }, 
  {
   "begin": "4.560", 
   "end": "4.680", 
   "id": "f000011", 
   "language": "en", 
   "lines": [
    "it?"
   ]
  }, 
  {
   "begin": "4.680", 
   "end": "5.560", 
   "id": "f000012", 
   "language": "en", 
   "lines": [
    "&nbsp;"
   ]
  }
 ]
}