{
 "fragments": [
  {
   "begin": "0.000", 
   "end": "0.520", 
   "id": "f000001", 
   "language": "en", 
   "lines": [
    "I"
   ]
  }, 
  {
   "begin": "0.520", 
   "end": "1.040", 
   "id": "f000002", 
   "language": "en", 
   "lines": [
    "am"
   ]
  }, 
  {
   "begin": "1.040", 
   "end": "1.560", 
   "id": "f000003", 
   "language": "en", 
   "lines": [
    "a"
   ]
  }, 
  {
   "begin": "1.560", 
   "end": "1.640", 
   "id": "f000004", 
   "language": "en", 
   "lines": [
    "big"
   ]
  }, 
  {
   "begin": "1.640", 
   "end": "3.120", 
   "id": "f000005", 
   "language": "en", 
   "lines": [
    "girl."
   ]
  }, 
  {
   "begin": "3.120", 
   "end": "3.400", 
   "id": "f000006", 
   "language": "en", 
   "lines": [
    "I"
   ]
  }, 
  {
   "begin": "3.400", 
   "end": "3.600", 
   "id": "f000007", 
   "language": "en", 
   "lines": [
    "go"
   ]
  }, 
  {
   "begin": "3.600", 
   "end": "4.040", 
   "id": "f000008", 
   "language": "en", 
   "lines": [
    "out"
   ]
  }, 
  {
   "begin": "4.040", 
   "end": "4.120", 
   "id": "f000009", 
   "language": "en", 
   "lines": [
    "of"
   ]
  }, 
  {
   "begin": "4.120", 
   "end": "4.320", 
   "id": "f000010", 
   "language": "en", 
   "lines": [
    "the"
   ]
  }, 
  {
   "begin": "4.320", 
   "end": "5.000", 
   "id": "f000011", 
   "language": "en", 
   "lines": [
    "house"
   ]
  }, 
  {
   "begin": "5.000", 
   "end": "5.360", 
   "id": "f000012", 
   "language": "en", 
   "lines": [
    "alone."
   ]
  }, 
  {
   "begin": "5.360", 
   "end": "6.080", 
   "id": "f000013", 
   "language": "en", 
   "lines": [
    "&nbsp;"
   ]
  }
 ]
}