{
 "fragments": [
  {
   "begin": "0.000", 
   "end": "0.600", 
   "id": "f000001", 
   "language": "en", 
   "lines": [
    "Oh,"
   ]
  }, 
  {
   "begin": "0.600", 
   "end": "0.600", 
   "id": "f000002", 
   "language": "en", 
   "lines": [
    "it"
   ]
  }, 
  {
   "begin": "0.600", 
   "end": "1.080", 
   "id": "f000003", 
   "language": "en", 
   "lines": [
    "is"
   ]
  }, 
  {
   "begin": "1.080", 
   "end": "1.720", 
   "id": "f000004", 
   "language": "en", 
   "lines": [
    "only"
   ]
  }, 
  {
   "begin": "1.720", 
   "end": "1.920", 
   "id": "f000005", 
   "language": "en", 
   "lines": [
    "the"
   ]
  }, 
  {
   "begin": "1.920", 
   "end": "3.080", 
   "id": "f000006", 
   "language": "en", 
   "lines": [
    "cat."
   ]
  }, 
  {
   "begin": "3.080", 
   "end": "3.640", 
   "id": "f000007", 
   "language": "en", 
   "lines": [
    "I"
   ]
  }, 
  {
   "begin": "3.640", 
   "end": "3.800", 
   "id": "f000008", 
   "language": "en", 
   "lines": [
    "am"
   ]
  }, 
  {
   "begin": "3.800", 
   "end": "3.880", 
   "id": "f000009", 
   "language": "en", 
   "lines": [
    "not"
   ]
  }, 
  {
   "begin": "3.880", 
   "end": "4.080", 
   "id": "f000010", 
   "language": "en", 
   "lines": [
    "afraid."
   ]
  }, 
  {
   "begin": "4.080", 
   "end": "4.760", 
   "id": "f000011", 
   "language": "en", 
   "lines": [
    "&nbsp;"
   ]
  }
 ]
}