{
 "fragments": [
  {
   "begin": "0.000", 
   "end": "0.640", 
   "id": "f000001", 
   "language": "en", 
   "lines": [
    "Paplu"
   ]
  }, 
  {
   "begin": "0.640", 
   "end": "0.960", 
   "id": "f000002", 
   "language": "en", 
   "lines": [
    "soon"
   ]
  }, 
  {
   "begin": "0.960", 
   "end": "1.160", 
   "id": "f000003", 
   "language": "en", 
   "lines": [
    "made"
   ]
  }, 
  {
   "begin": "1.160", 
   "end": "1.600", 
   "id": "f000004", 
   "language": "en", 
   "lines": [
    "friends"
   ]
  }, 
  {
   "begin": "1.600", 
   "end": "1.720", 
   "id": "f000005", 
   "language": "en", 
   "lines": [
    "with"
   ]
  }, 
  {
   "begin": "1.720", 
   "end": "1.880", 
   "id": "f000006", 
   "language": "en", 
   "lines": [
    "the"
   ]
  }, 
  {
   "begin": "1.880", 
   "end": "2.280", 
   "id": "f000007", 
   "language": "en", 
   "lines": [
    "boys"
   ]
  }, 
  {
   "begin": "2.280", 
   "end": "2.320", 
   "id": "f000008", 
   "language": "en", 
   "lines": [
    "and"
   ]
  }, 
  {
   "begin": "2.320", 
   "end": "2.720", 
   "id": "f000009", 
   "language": "en", 
   "lines": [
    "girls"
   ]
  }, 
  {
   "begin": "2.720", 
   "end": "2.800", 
   "id": "f000010", 
   "language": "en", 
   "lines": [
    "of"
   ]
  }, 
  {
   "begin": "2.800", 
   "end": "2.960", 
   "id": "f000011", 
   "language": "en", 
   "lines": [
    "the"
   ]
  }, 
  {
   "begin": "2.960", 
   "end": "3.920", 
   "id": "f000012", 
   "language": "en", 
   "lines": [
    "village."
   ]
  }, 
  {
   "begin": "3.920", 
   "end": "4.360", 
   "id": "f000013", 
   "language": "en", 
   "lines": [
    "\n\n"
   ]
  }, 
  {
   "begin": "4.360", 
   "end": "4.560", 
   "id": "f000014", 
   "language": "en", 
   "lines": [
    "One"
   ]
  }, 
  {
   "begin": "4.560", 
   "end": "4.640", 
   "id": "f000015", 
   "language": "en", 
   "lines": [
    "day"
   ]
  }, 
  {
   "begin": "4.640", 
   "end": "4.800", 
   "id": "f000016", 
   "language": "en", 
   "lines": [
    "Raghav"
   ]
  }, 
  {
   "begin": "4.800", 
   "end": "5.120", 
   "id": "f000017", 
   "language": "en", 
   "lines": [
    "came"
   ]
  }, 
  {
   "begin": "5.120", 
   "end": "5.520", 
   "id": "f000018", 
   "language": "en", 
   "lines": [
    "home"
   ]
  }, 
  {
   "begin": "5.520", 
   "end": "5.920", 
   "id": "f000019", 
   "language": "en", 
   "lines": [
    "very"
   ]
  }, 
  {
   "begin": "5.920", 
   "end": "6.360", 
   "id": "f000020", 
   "language": "en", 
   "lines": [
    "worried.\n"
   ]
  }, 
  {
   "begin": "6.360", 
   "end": "6.360", 
   "id": "f000021", 
   "language": "en", 
   "lines": [
    ""
   ]
  }, 
  {
   "begin": "6.360", 
   "end": "6.360", 
   "id": "f000022", 
   "language": "en", 
   "lines": [
    ""
   ]
  }, 
  {
   "begin": "6.360", 
   "end": "6.920", 
   "id": "f000023", 
   "language": "en", 
   "lines": [
    "\u201cA"
   ]
  }, 
  {
   "begin": "6.920", 
   "end": "7.520", 
   "id": "f000024", 
   "language": "en", 
   "lines": [
    "ruthless"
   ]
  }, 
  {
   "begin": "7.520", 
   "end": "7.840", 
   "id": "f000025", 
   "language": "en", 
   "lines": [
    "bandit"
   ]
  }, 
  {
   "begin": "7.840", 
   "end": "8.280", 
   "id": "f000026", 
   "language": "en", 
   "lines": [
    "called"
   ]
  }, 
  {
   "begin": "8.280", 
   "end": "9.080", 
   "id": "f000027", 
   "language": "en", 
   "lines": [
    "Angaar"
   ]
  }, 
  {
   "begin": "9.080", 
   "end": "9.400", 
   "id": "f000028", 
   "language": "en", 
   "lines": [
    "has"
   ]
  }, 
  {
   "begin": "9.400", 
   "end": "9.760", 
   "id": "f000029", 
   "language": "en", 
   "lines": [
    "blocked"
   ]
  }, 
  {
   "begin": "9.760", 
   "end": "10.000", 
   "id": "f000030", 
   "language": "en", 
   "lines": [
    "the"
   ]
  }, 
  {
   "begin": "10.000", 
   "end": "10.360", 
   "id": "f000031", 
   "language": "en", 
   "lines": [
    "only"
   ]
  }, 
  {
   "begin": "10.360", 
   "end": "10.560", 
   "id": "f000032", 
   "language": "en", 
   "lines": [
    "way"
   ]
  }, 
  {
   "begin": "10.560", 
   "end": "10.760", 
   "id": "f000033", 
   "language": "en", 
   "lines": [
    "out"
   ]
  }, 
  {
   "begin": "10.760", 
   "end": "10.920", 
   "id": "f000034", 
   "language": "en", 
   "lines": [
    "of"
   ]
  }, 
  {
   "begin": "10.920", 
   "end": "11.080", 
   "id": "f000035", 
   "language": "en", 
   "lines": [
    "our"
   ]
  }, 
  {
   "begin": "11.080", 
   "end": "11.960", 
   "id": "f000036", 
   "language": "en", 
   "lines": [
    "village."
   ]
  }, 
  {
   "begin": "11.960", 
   "end": "12.160", 
   "id": "f000037", 
   "language": "en", 
   "lines": [
    "We"
   ]
  }, 
  {
   "begin": "12.160", 
   "end": "12.640", 
   "id": "f000038", 
   "language": "en", 
   "lines": [
    "cannot"
   ]
  }, 
  {
   "begin": "12.640", 
   "end": "12.840", 
   "id": "f000039", 
   "language": "en", 
   "lines": [
    "go"
   ]
  }, 
  {
   "begin": "12.840", 
   "end": "13.000", 
   "id": "f000040", 
   "language": "en", 
   "lines": [
    "to"
   ]
  }, 
  {
   "begin": "13.000", 
   "end": "13.160", 
   "id": "f000041", 
   "language": "en", 
   "lines": [
    "our"
   ]
  }, 
  {
   "begin": "13.160", 
   "end": "13.560", 
   "id": "f000042", 
   "language": "en", 
   "lines": [
    "farms"
   ]
  }, 
  {
   "begin": "13.560", 
   "end": "13.760", 
   "id": "f000043", 
   "language": "en", 
   "lines": [
    "to"
   ]
  }, 
  {
   "begin": "13.760", 
   "end": "13.840", 
   "id": "f000044", 
   "language": "en", 
   "lines": [
    "work"
   ]
  }, 
  {
   "begin": "13.840", 
   "end": "14.440", 
   "id": "f000045", 
   "language": "en", 
   "lines": [
    "and"
   ]
  }, 
  {
   "begin": "14.440", 
   "end": "14.800", 
   "id": "f000046", 
   "language": "en", 
   "lines": [
    "will"
   ]
  }, 
  {
   "begin": "14.800", 
   "end": "15.480", 
   "id": "f000047", 
   "language": "en", 
   "lines": [
    "surely"
   ]
  }, 
  {
   "begin": "15.480", 
   "end": "15.880", 
   "id": "f000048", 
   "language": "en", 
   "lines": [
    "starve,\u201d"
   ]
  }, 
  {
   "begin": "15.880", 
   "end": "16.600", 
   "id": "f000049", 
   "language": "en", 
   "lines": [
    "he"
   ]
  }, 
  {
   "begin": "16.600", 
   "end": "17.040", 
   "id": "f000050", 
   "language": "en", 
   "lines": [
    "said."
   ]
  }, 
  {
   "begin": "17.040", 
   "end": "18.000", 
   "id": "f000051", 
   "language": "en", 
   "lines": [
    "Paplu"
   ]
  }, 
  {
   "begin": "18.000", 
   "end": "18.480", 
   "id": "f000052", 
   "language": "en", 
   "lines": [
    "wished"
   ]
  }, 
  {
   "begin": "18.480", 
   "end": "18.600", 
   "id": "f000053", 
   "language": "en", 
   "lines": [
    "he"
   ]
  }, 
  {
   "begin": "18.600", 
   "end": "18.760", 
   "id": "f000054", 
   "language": "en", 
   "lines": [
    "could"
   ]
  }, 
  {
   "begin": "18.760", 
   "end": "19.200", 
   "id": "f000055", 
   "language": "en", 
   "lines": [
    "help"
   ]
  }, 
  {
   "begin": "19.200", 
   "end": "19.640", 
   "id": "f000056", 
   "language": "en", 
   "lines": [
    "Raghav"
   ]
  }, 
  {
   "begin": "19.640", 
   "end": "19.840", 
   "id": "f000057", 
   "language": "en", 
   "lines": [
    "in"
   ]
  }, 
  {
   "begin": "19.840", 
   "end": "20.080", 
   "id": "f000058", 
   "language": "en", 
   "lines": [
    "some"
   ]
  }, 
  {
   "begin": "20.080", 
   "end": "20.080", 
   "id": "f000059", 
   "language": "en", 
   "lines": [
    "way."
   ]
  }, 
  {
   "begin": "20.080", 
   "end": "20.360", 
   "id": "f000060", 
   "language": "en", 
   "lines": [
    "\n\n"
   ]
  }, 
  {
   "begin": "20.360", 
   "end": "21.080", 
   "id": "f000061", 
   "language": "en", 
   "lines": [
    "Paplu"
   ]
  }, 
  {
   "begin": "21.080", 
   "end": "21.640", 
   "id": "f000062", 
   "language": "en", 
   "lines": [
    "suddenly"
   ]
  }, 
  {
   "begin": "21.640", 
   "end": "22.160", 
   "id": "f000063", 
   "language": "en", 
   "lines": [
    "remembered"
   ]
  }, 
  {
   "begin": "22.160", 
   "end": "23.200", 
   "id": "f000064", 
   "language": "en", 
   "lines": [
    "something."
   ]
  }, 
  {
   "begin": "23.200", 
   "end": "23.800", 
   "id": "f000065", 
   "language": "en", 
   "lines": [
    "Before"
   ]
  }, 
  {
   "begin": "23.800", 
   "end": "23.960", 
   "id": "f000066", 
   "language": "en", 
   "lines": [
    "leaving"
   ]
  }, 
  {
   "begin": "23.960", 
   "end": "24.040", 
   "id": "f000067", 
   "language": "en", 
   "lines": [
    "the"
   ]
  }, 
  {
   "begin": "24.040", 
   "end": "24.960", 
   "id": "f000068", 
   "language": "en", 
   "lines": [
    "forest,"
   ]
  }, 
  {
   "begin": "24.960", 
   "end": "25.200", 
   "id": "f000069", 
   "language": "en", 
   "lines": [
    "his"
   ]
  }, 
  {
   "begin": "25.200", 
   "end": "25.480", 
   "id": "f000070", 
   "language": "en", 
   "lines": [
    "mother"
   ]
  }, 
  {
   "begin": "25.480", 
   "end": "25.680", 
   "id": "f000071", 
   "language": "en", 
   "lines": [
    "had"
   ]
  }, 
  {
   "begin": "25.680", 
   "end": "26.040", 
   "id": "f000072", 
   "language": "en", 
   "lines": [
    "told"
   ]
  }, 
  {
   "begin": "26.040", 
   "end": "26.280", 
   "id": "f000073", 
   "language": "en", 
   "lines": [
    "him"
   ]
  }, 
  {
   "begin": "26.280", 
   "end": "26.440", 
   "id": "f000074", 
   "language": "en", 
   "lines": [
    "the"
   ]
  }, 
  {
   "begin": "26.440", 
   "end": "26.840", 
   "id": "f000075", 
   "language": "en", 
   "lines": [
    "magic"
   ]
  }, 
  {
   "begin": "26.840", 
   "end": "27.560", 
   "id": "f000076", 
   "language": "en", 
   "lines": [
    "words"
   ]
  }, 
  {
   "begin": "27.560", 
   "end": "27.720", 
   "id": "f000077", 
   "language": "en", 
   "lines": [
    "which"
   ]
  }, 
  {
   "begin": "27.720", 
   "end": "27.880", 
   "id": "f000078", 
   "language": "en", 
   "lines": [
    "would"
   ]
  }, 
  {
   "begin": "27.880", 
   "end": "28.120", 
   "id": "f000079", 
   "language": "en", 
   "lines": [
    "make"
   ]
  }, 
  {
   "begin": "28.120", 
   "end": "28.360", 
   "id": "f000080", 
   "language": "en", 
   "lines": [
    "him"
   ]
  }, 
  {
   "begin": "28.360", 
   "end": "28.400", 
   "id": "f000081", 
   "language": "en", 
   "lines": [
    "a"
   ]
  }, 
  {
   "begin": "28.400", 
   "end": "28.840", 
   "id": "f000082", 
   "language": "en", 
   "lines": [
    "giant"
   ]
  }, 
  {
   "begin": "28.840", 
   "end": "29.240", 
   "id": "f000083", 
   "language": "en", 
   "lines": [
    "once"
   ]
  }, 
  {
   "begin": "29.240", 
   "end": "29.960", 
   "id": "f000084", 
   "language": "en", 
   "lines": [
    "again."
   ]
  }, 
  {
   "begin": "29.960", 
   "end": "30.200", 
   "id": "f000085", 
   "language": "en", 
   "lines": [
    "And"
   ]
  }, 
  {
   "begin": "30.200", 
   "end": "30.600", 
   "id": "f000086", 
   "language": "en", 
   "lines": [
    "as"
   ]
  }, 
  {
   "begin": "30.600", 
   "end": "30.600", 
   "id": "f000087", 
   "language": "en", 
   "lines": [
    "a"
   ]
  }, 
  {
   "begin": "30.600", 
   "end": "31.600", 
   "id": "f000088", 
   "language": "en", 
   "lines": [
    "giant,"
   ]
  }, 
  {
   "begin": "31.600", 
   "end": "31.880", 
   "id": "f000089", 
   "language": "en", 
   "lines": [
    "he"
   ]
  }, 
  {
   "begin": "31.880", 
   "end": "32.080", 
   "id": "f000090", 
   "language": "en", 
   "lines": [
    "would"
   ]
  }, 
  {
   "begin": "32.080", 
   "end": "32.600", 
   "id": "f000091", 
   "language": "en", 
   "lines": [
    "easily"
   ]
  }, 
  {
   "begin": "32.600", 
   "end": "32.920", 
   "id": "f000092", 
   "language": "en", 
   "lines": [
    "be"
   ]
  }, 
  {
   "begin": "32.920", 
   "end": "33.000", 
   "id": "f000093", 
   "language": "en", 
   "lines": [
    "able"
   ]
  }, 
  {
   "begin": "33.000", 
   "end": "33.160", 
   "id": "f000094", 
   "language": "en", 
   "lines": [
    "to"
   ]
  }, 
  {
   "begin": "33.160", 
   "end": "33.360", 
   "id": "f000095", 
   "language": "en", 
   "lines": [
    "take"
   ]
  }, 
  {
   "begin": "33.360", 
   "end": "33.840", 
   "id": "f000096", 
   "language": "en", 
   "lines": [
    "care"
   ]
  }, 
  {
   "begin": "33.840", 
   "end": "33.920", 
   "id": "f000097", 
   "language": "en", 
   "lines": [
    "of"
   ]
  }, 
  {
   "begin": "33.920", 
   "end": "34.440", 
   "id": "f000098", 
   "language": "en", 
   "lines": [
    "Angaar."
   ]
  }, 
  {
   "begin": "34.440", 
   "end": "35.520", 
   "id": "f000099", 
   "language": "en", 
   "lines": [
    "\n\n"
   ]
  }, 
  {
   "begin": "35.520", 
   "end": "35.880", 
   "id": "f000100", 
   "language": "en", 
   "lines": [
    "Paplu"
   ]
  }, 
  {
   "begin": "35.880", 
   "end": "36.080", 
   "id": "f000101", 
   "language": "en", 
   "lines": [
    "did"
   ]
  }, 
  {
   "begin": "36.080", 
   "end": "36.720", 
   "id": "f000102", 
   "language": "en", 
   "lines": [
    "everything"
   ]
  }, 
  {
   "begin": "36.720", 
   "end": "36.760", 
   "id": "f000103", 
   "language": "en", 
   "lines": [
    "he"
   ]
  }, 
  {
   "begin": "36.760", 
   "end": "37.280", 
   "id": "f000104", 
   "language": "en", 
   "lines": [
    "could,"
   ]
  }, 
  {
   "begin": "37.280", 
   "end": "37.880", 
   "id": "f000105", 
   "language": "en", 
   "lines": [
    "including"
   ]
  }, 
  {
   "begin": "37.880", 
   "end": "38.280", 
   "id": "f000106", 
   "language": "en", 
   "lines": [
    "standing"
   ]
  }, 
  {
   "begin": "38.280", 
   "end": "38.400", 
   "id": "f000107", 
   "language": "en", 
   "lines": [
    "on"
   ]
  }, 
  {
   "begin": "38.400", 
   "end": "38.640", 
   "id": "f000108", 
   "language": "en", 
   "lines": [
    "his"
   ]
  }, 
  {
   "begin": "38.640", 
   "end": "39.000", 
   "id": "f000109", 
   "language": "en", 
   "lines": [
    "head"
   ]
  }, 
  {
   "begin": "39.000", 
   "end": "39.160", 
   "id": "f000110", 
   "language": "en", 
   "lines": [
    "and"
   ]
  }, 
  {
   "begin": "39.160", 
   "end": "39.480", 
   "id": "f000111", 
   "language": "en", 
   "lines": [
    "pulling"
   ]
  }, 
  {
   "begin": "39.480", 
   "end": "39.800", 
   "id": "f000112", 
   "language": "en", 
   "lines": [
    "his"
   ]
  }, 
  {
   "begin": "39.800", 
   "end": "40.080", 
   "id": "f000113", 
   "language": "en", 
   "lines": [
    "own"
   ]
  }, 
  {
   "begin": "40.080", 
   "end": "40.880", 
   "id": "f000114", 
   "language": "en", 
   "lines": [
    "ears,"
   ]
  }, 
  {
   "begin": "40.880", 
   "end": "41.040", 
   "id": "f000115", 
   "language": "en", 
   "lines": [
    "but"
   ]
  }, 
  {
   "begin": "41.040", 
   "end": "41.160", 
   "id": "f000116", 
   "language": "en", 
   "lines": [
    "he"
   ]
  }, 
  {
   "begin": "41.160", 
   "end": "41.640", 
   "id": "f000117", 
   "language": "en", 
   "lines": [
    "couldn\u2019t"
   ]
  }, 
  {
   "begin": "41.640", 
   "end": "42.040", 
   "id": "f000118", 
   "language": "en", 
   "lines": [
    "remember"
   ]
  }, 
  {
   "begin": "42.040", 
   "end": "42.400", 
   "id": "f000119", 
   "language": "en", 
   "lines": [
    "those"
   ]
  }, 
  {
   "begin": "42.400", 
   "end": "43.200", 
   "id": "f000120", 
   "language": "en", 
   "lines": [
    "words."
   ]
  }
 ]
}