{"id":135,"name":"Paplu, the Giant","writtenby":"Ramendra Kumar","illustrationsby":"Zainab Tambawalla","translationby":"","source":"Pratham Books","status":"active","level":3,"pages":[{"id":1587,"content":"This is the story of a nine-year old giant called Paplu. He was very different from the other giants. They loved to fight, whereas Paplu hated fighting. While his classmates would spend their time twisting the ears of dinosaurs or yanking the tails of tigers, Paplu would be busy protecting his friends.\n\nPaplu\u2019s mother was worried about her son. One night she woke up Paplu. \u201cSon, you will never be happy staying in our tribe. I am taking you to a village where people are normal human beings. You will stay there with Raghav, the head man.\u201d\n\nJust before they reached the village, Paplu\u2019s mother asked him to close his eyes. When he opened them, he almost fainted. He had shrunk to one-tenth his size and so had she. Paplu\u2019s mother handed him over to Raghav and left.","pageno":1,"image":"5e204e00f24bca51f458621e1b6976e4.jpg","audio":"a93e21be4735e4665ec0b4cf6ae903b0.mp3","audio_map":"8878bbe38f23e49ceb1130a226031b4d.json","language":[]},{"id":1589,"content":"Paplu soon made friends with the boys and girls of the village. \u00a0 \n\nOne day Raghav came home very worried.\n\u201cA ruthless bandit called Angaar has blocked the only way out of our village. We cannot go to our farms to work and will surely starve,\u201d he said. Paplu wished he could help Raghav in some way.\n\nPaplu suddenly remembered something. Before leaving the forest, his mother had told him the magic words which would make him a giant once again. And as a giant, he would easily be able to take care of Angaar.\n\nPaplu did everything he could, including standing on his head and pulling his own ears, but he couldn\u2019t remember those words.","pageno":2,"image":"3306a38219555974048a5b137a547957.jpg","audio":"f9c61723984e536da776e9a59a5b1e39.mp3","audio_map":"04af4ae0c7e3634f9b4460b8a40f03a4.json","language":[]},{"id":1591,"content":"Then Paplu heard a soft lisp. \u201cPaplu paiyaa, play with me, pleath.\u201d\n\nIt was his two-year old neighbour Soni. Paplu was her best friend. He picked her up and threw her high in the air and she started singing:\n\u201cPaplu paiyya, Paplu paiyaa thlow me up, cath me quick, Paplu paiyya, Paplu paiyya please show me youll magic thlik.\u201d\n\nPaplu froze! These words and the tune sounded very familiar. He rushed inside and came out with a blue stone in his hand.\n\nHe now remembered what his mother had told him, \u201cSon, throw the stone in the air and say these words: I\u2019ll throw you up, I\u2019ll catch you quick. Don\u2019t forget my magic trick.\u201d","pageno":3,"image":"640af3fc0f2e04d25b651b78534db4d9.jpg","audio":"f76223abae9e4fae9f1a5665608f0bd1.mp3","audio_map":"6b23ee94fe6c9c40c9cc973dd435c8c0.json","language":[]},{"id":1593,"content":"As Paplu threw the stone and recited the words, he felt himself swelling up like a balloon.\n\nSuddenly he heard a sound \u2013 R-r-rip! R-ri-ip!! His clothes were tearing. If he didn\u2019t look for cover, he would soon be standing bang in the middle of the village, in clothes hundred sizes too small for him.\n\nAll he would have to cover his modesty would be strips of cloth and little else. Paplu rushed into the woods with the sound \u2018R-r-rip! Rri-i-p!\u2019 chasing him. Once deep into the undergrowth, Paplu got down on his knees.\n\nIt looked like he had missed a word or two in the magic chant his mother had made him learn. That is why his clothes had not grown along with his body!","pageno":4,"image":"7b8222c4f28790441193a30e1f530836.jpg","audio":"f0def9eddc2a7b8a30b259b9778e4757.mp3","audio_map":"fd7cb1ecdf431507900642da5e0c147e.json","language":[]},{"id":1595,"content":"What was he to do now? Although he had become a giant, he couldn\u2019t venture out on his rescue mission in his birthday suit. He needed clothes urgently. But how was he to get clothes his size and that too, quickly?\n\nHe heard a voice and looked down. It was Raghav. \u201cSoni told me you had become big and that you had run away somewhere. When I heard this strange story, I came out to investigate.\u201d\n\n\u201cUsing a magic trick my mother taught me, I have become a giant. Now I can take care of Angaar and his gang,\u201d said Paplu.\n\n\u201cThat\u2019s great, then what are you waiting for?\u201d\n\u201cMy clothes didn\u2019t keep pace with my growth. I am wearing almost nothing. How can I come out like this?\u201d Raghav thought for some time and said, \u201cOkay, give me some time. By nightfall, I\u2019ll have your clothes ready.\u201d","pageno":5,"image":"5a84ceb6c98f863073c48691363e79a9.jpg","audio":"49be1f32726bf5bd691348011e98d548.mp3","audio_map":"a6671096a9029bb922bef13f51f7e767.json","language":[]},{"id":1597,"content":"Raghav went back home and summoned all the tailors in the village. Twenty one tailors appeared in no time. Raghav explained the problem to them and said, \u201cI want a pair of pyjamas and a kurta, to be stitched as soon as possible for Paplu.\u201d\n\nSoon \u2018Operation Paplu Dress\u2019 started. It was quite funny to see the tailors scrambling up Paplu\u2019s back, legs and hands to take his measurements. The whole village got into action contributing whatever material they could. Even Soni donated her doll\u2019s shawl to the project!\n\nIn seven hours, the dress was ready. In seven hours, with a whoop of joy, Paplu stood up towering over the villagers. He looked really smart with the multi-coloured kurta and an equally multi-coloured pyjama. There was thunderous applause.","pageno":6,"image":"806a45cb8d8b934850e7d66de6f9a83b.jpg","audio":"4a98fb4290cc28374d5c705a7d95f6e1.mp3","audio_map":"beaabfb8431a00a070349d7004835383.json","language":[]},{"id":1599,"content":"It was just past midnight. Angaar and his men were fast asleep. Only two bandits were on guard. Suddenly Angaar woke up. He could hear a strange sound. He got up and picking up his sword, rushed out of his tent. The other dacoits too were coming out of their enclosures, spears and swords in hand.\n\n\u201cWhoosh!\u201d There was the sound again. It seemed to be growing louder and closer. \u201cWHOOSH!\u201d\n\nAngaar looked around. A dust storm seemed to be gathering momentum.","pageno":7,"image":"84589f7056ae471034d906effb70f284.jpg","audio":"567f1f43a9d790b49c512a30aadd1e3f.mp3","audio_map":"a9deb7845bedff11d01082e0baf14861.json","language":[]},{"id":1600,"content":"Trees had started swaying and the noise was slowly becoming deafening.\n\u201cWHOOSH! WHOOSH!\u201d Angaar felt himself being picked up by the air current. He desperately tried to hold on, flaying his arms and legs, but it was no use. He was flying in the air.\n\nTo his left, was his deputy Jarnail looking like an ungainly dinosaur. To his right, was his most accomplished swordsman, Talwar, air-borne like his colleagues, desperately trying to reach out for his sword which was flying ahead of him. A few minutes later, there was a splash.","pageno":8,"image":"f2b741b8f7d1f5410254a8b2f43a4628.jpg","audio":"293d2188cc14892eb25398dbe0f2ae8f.mp3","audio_map":"35716054f5edaaf1265667ee60b227d5.json","language":[]},{"id":1602,"content":"They landed in the river to the south of the village. As they swam to the shore, spluttering and shivering, a huge shadow loomed over their heads.\n\n\u201cAngaar, you scoundrel!\u201d the shadow thundered, its voice echoing in the night.\n\n\u201cY\u2026yes,\u201d stammered the dreaded Angaar. He had never been so terrified in his life, since the day his father, Rosh Bundela had walloped him for eating up his jalebis.\n\n\u201cThis time I have merely roughed you up. Next time, if you or any of your men come anywhere close to the village, I\u2019ll rip each and every limb from your bodies and chew them up.\u201d\n\n\u201cY..yes, Maharaj, we will never again come within a thousand miles of this place.\u201d","pageno":9,"image":"a991c314e0ff69a6e4547843e8db4f59.jpg","audio":"03aadce22c2e9710f48928e2a477d2c3.mp3","audio_map":"a1b25be9771d84d32c68b1d16248b1ed.json","language":[]},{"id":1604,"content":"\u201cGood. Remember, if I hear you are even passing through these parts, I\u2019ll make a paste of you and your gang and feed it to the fish in this river.\u201d\n\n\u201cYes, Maharaj. But please, do tell me, who are you? I have never seen you in these parts.\u201d\n\n\u201cI am a guardian of this village,\u201d Paplu said. He paused for a good ten seconds and then in his deepest tone said, \u201cAnd my name is Paplu, the Giant.\u201d\n\nAnd with these words, Paplu stormed back to the village. Angaar and his men left the same night and were never heard of again.\n\nPaplu went back to his original shape and size. However, he couldn\u2019t get back his original name. No one called him Paplu anymore. To everyone, and even to Soni, he was Paplu, the Giant.","pageno":10,"image":"2ea81f8b958af96b82ef2078aa303819.jpg","audio":"b5083d7ce67eb3c8565e25ae5d6d03a7.mp3","audio_map":"c389cdb2b67bbb83d95f18aa41c7f730.json","language":[]}],"language":[],"questions":[{"id":6225,"type":"pre","storypage_id":0,"order_number":1,"title":"Vocabulary","question":{"question_type":"vocabulary","question":{"text":"","image":"","type":""},"words":[{"word":"giant","image":"f0feb4dfa6a29a39abcc327ec73e029d.png"},{"word":"fainted","image":"ca67e6ea85cf800bc8cb93ec563aa130.png"},{"word":"woods","image":"187abb4b36f61fcb7e0b7a8a4cb207ba.png"},{"word":"undergrowth","image":"dddd2e9d984590cd582c76ef269a881f.png"}]},"score":1,"question_template_id":21,"question_template":"Vocab"},{"id":6217,"type":"during","storypage_id":1587,"order_number":1,"title":"Choose the correct answer.","question":{"question_type":"mcq_single_answer","question":{"text":"How old was Paplu the giant?","image":"","type":"text"},"options":[{"text":"9","type":"text","image":"","ans":1},{"text":"8","type":"text","image":"","ans":0},{"text":"7","type":"text","image":"","ans":0},{"text":"6","type":"text","image":"","ans":0}],"answers":["9"]},"score":1,"question_template_id":2,"question_template":"Text MCQ"},{"id":6218,"type":"during","storypage_id":1587,"order_number":2,"title":"Choose the correct answer.","question":{"question_type":"mcq_single_answer","question":{"text":"What was different about Paplu?","image":"","type":"text"},"options":[{"text":"He didn't like to fight.","type":"both","image":"e07284c0b564bbb19487e934011e6c48.png","ans":1},{"text":"He liked to get into fights.","type":"both","image":"8b00b38a9bfa40e59bf7e7e3277d4dc5.png","ans":0},{"text":"He was loud.","type":"both","image":"14f3d5f61bb1c5a0451b3f20d969a43a.png","ans":0},{"text":"He was dirty.","type":"both","image":"92770a5fb14459f59c380bee3936bbc7.png","ans":0}],"answers":["He didn't like to fight."]},"score":1,"question_template_id":2,"question_template":"Text MCQ"},{"id":6219,"type":"during","storypage_id":1589,"order_number":3,"title":"Choose the correct answer.","question":{"question_type":"mcq_single_answer","question":{"text":"What couldn't Paplu remember?","image":"","type":"text"},"options":[{"text":"Magic words","type":"text","image":"","ans":1},{"text":"Magic beans","type":"text","image":"","ans":0},{"text":"His address","type":"text","image":"","ans":0},{"text":"His name","type":"text","image":"","ans":0}],"answers":["Magic words"]},"score":1,"question_template_id":2,"question_template":"Text MCQ"},{"id":6220,"type":"during","storypage_id":1591,"order_number":4,"title":"Choose the correct answer.","question":{"question_type":"mcq_single_answer","question":{"text":"What made Paplu remember?","image":"","type":"text"},"options":[{"text":"Throwing Soni in the air.","type":"both","image":"38a6593c9855c6e505932edab3dbd63f.png","ans":1},{"text":"Scratching his head","type":"both","image":"6deb3856711b0ebe49727d4f9fadec3b.png","ans":0},{"text":"Singing","type":"both","image":"1e5d8bbc7457dcb95f400baa81d6b277.png","ans":0},{"text":"Dancing","type":"both","image":"f3e461d13fb5ab63acc3b5c31f0ebe9f.png","ans":0}],"answers":["Throwing Soni in the air."]},"score":1,"question_template_id":2,"question_template":"Text MCQ"},{"id":6221,"type":"during","storypage_id":1593,"order_number":5,"title":"Choose the correct answer.","question":{"question_type":"mcq_single_answer","question":{"text":"What would have happened if Paplu stayed in the open when he became a giant again?","image":"","type":"text"},"options":[{"text":"He would have been naked.","type":"both","image":"c8fb0a766c68b2401bad4ba0820d86c0.png","ans":1},{"text":"He would have scared everyone.","type":"both","image":"616438486bb56b576dfeb5461038e477.png","ans":0},{"text":"He would have gone to sleep.","type":"both","image":"b73f5735b85abc8da3b16e763720f0dc.png","ans":0},{"text":"He would have fallen.","type":"both","image":"516e95b3a95a406eb2bfca300c6bdaed.png","ans":0}],"answers":["He would have been naked."]},"score":1,"question_template_id":2,"question_template":"Text MCQ"},{"id":6222,"type":"during","storypage_id":1595,"order_number":6,"title":"Choose the correct answer.","question":{"question_type":"mcq_single_answer","question":{"text":"What does it mean to be \"in your birthday suit\"?","image":"","type":"text"},"options":[{"text":"It means having no clothes on.","type":"both","image":"7ee7031310e8e45a018a3a70b8680279.png","ans":1},{"text":"It means having a nice suit.","type":"both","image":"1b8aa9520cc8eadf871544a0224a0d8c.png","ans":0},{"text":"It means wearing a birthday cake.","type":"both","image":"6650bbb276d7f29e00522059f60f6fcc.png","ans":0},{"text":"It means laughing.","type":"both","image":"bbb9c028400d98ac747146fc45088b15.png","ans":0}],"answers":["It means having no clothes on."]},"score":1,"question_template_id":2,"question_template":"Text MCQ"},{"id":6223,"type":"during","storypage_id":1597,"order_number":7,"title":"Choose as many answers as are correct.","question":{"question_type":"mcq_multiple_answer","question":{"text":"What did Raghav order the tailors to make?","image":"","type":"text"},"options":[{"text":"A kurta","type":"both","image":"ed1fd8b1dfee505f5214c8a174848d2a.png","ans":1},{"text":"A pair of pyjamas","type":"both","image":"9f1fca2977b82f5cd1b79da0ac493084.png","ans":1},{"text":"A turban","type":"both","image":"76f4c39d6b701cb3749ea1c2b3a1a8b7.png","ans":0},{"text":"A dhoti","type":"both","image":"2ef9c20e9cb6a7e09d4619634261ea59.png","ans":0}],"answers":["A kurta","A pair of pyjamas"]},"score":1,"question_template_id":2,"question_template":"Text MCQ"},{"id":6224,"type":"during","storypage_id":1604,"order_number":8,"title":"Choose the correct answer.","question":{"question_type":"mcq_single_answer","question":{"text":"What did Paplu threaten to do to Angaar?","image":"","type":"text"},"options":[{"text":"To feed him to the fish","type":"both","image":"bf4642dec54853de91936ac67ccd8551.png","ans":1},{"text":"To slap him","type":"both","image":"a35246b23a89e1459b7ae9cdd02f4c3a.png","ans":0},{"text":"To kick him","type":"both","image":"27d13663dfc4b50e3a07cc4427dc93b5.png","ans":0},{"text":"To make him cry","type":"both","image":"359b3671f3f4ab71ad9def07bb5c25d9.png","ans":0}],"answers":["To feed him to the fish"]},"score":1,"question_template_id":2,"question_template":"Text MCQ"}]}