{
 "fragments": [
  {
   "begin": "0.000", 
   "end": "0.560", 
   "id": "f000001", 
   "language": "en", 
   "lines": [
    "This"
   ]
  }, 
  {
   "begin": "0.560", 
   "end": "0.720", 
   "id": "f000002", 
   "language": "en", 
   "lines": [
    "is"
   ]
  }, 
  {
   "begin": "0.720", 
   "end": "0.720", 
   "id": "f000003", 
   "language": "en", 
   "lines": [
    "the"
   ]
  }, 
  {
   "begin": "0.720", 
   "end": "1.200", 
   "id": "f000004", 
   "language": "en", 
   "lines": [
    "story"
   ]
  }, 
  {
   "begin": "1.200", 
   "end": "1.440", 
   "id": "f000005", 
   "language": "en", 
   "lines": [
    "of"
   ]
  }, 
  {
   "begin": "1.440", 
   "end": "1.440", 
   "id": "f000006", 
   "language": "en", 
   "lines": [
    "a"
   ]
  }, 
  {
   "begin": "1.440", 
   "end": "1.920", 
   "id": "f000007", 
   "language": "en", 
   "lines": [
    "nine-year"
   ]
  }, 
  {
   "begin": "1.920", 
   "end": "2.280", 
   "id": "f000008", 
   "language": "en", 
   "lines": [
    "old"
   ]
  }, 
  {
   "begin": "2.280", 
   "end": "2.760", 
   "id": "f000009", 
   "language": "en", 
   "lines": [
    "giant"
   ]
  }, 
  {
   "begin": "2.760", 
   "end": "3.160", 
   "id": "f000010", 
   "language": "en", 
   "lines": [
    "called"
   ]
  }, 
  {
   "begin": "3.160", 
   "end": "4.200", 
   "id": "f000011", 
   "language": "en", 
   "lines": [
    "Paplu."
   ]
  }, 
  {
   "begin": "4.200", 
   "end": "4.240", 
   "id": "f000012", 
   "language": "en", 
   "lines": [
    "He"
   ]
  }, 
  {
   "begin": "4.240", 
   "end": "4.600", 
   "id": "f000013", 
   "language": "en", 
   "lines": [
    "was"
   ]
  }, 
  {
   "begin": "4.600", 
   "end": "5.000", 
   "id": "f000014", 
   "language": "en", 
   "lines": [
    "very"
   ]
  }, 
  {
   "begin": "5.000", 
   "end": "5.400", 
   "id": "f000015", 
   "language": "en", 
   "lines": [
    "different"
   ]
  }, 
  {
   "begin": "5.400", 
   "end": "5.640", 
   "id": "f000016", 
   "language": "en", 
   "lines": [
    "from"
   ]
  }, 
  {
   "begin": "5.640", 
   "end": "5.840", 
   "id": "f000017", 
   "language": "en", 
   "lines": [
    "the"
   ]
  }, 
  {
   "begin": "5.840", 
   "end": "6.000", 
   "id": "f000018", 
   "language": "en", 
   "lines": [
    "other"
   ]
  }, 
  {
   "begin": "6.000", 
   "end": "6.880", 
   "id": "f000019", 
   "language": "en", 
   "lines": [
    "giants."
   ]
  }, 
  {
   "begin": "6.880", 
   "end": "7.080", 
   "id": "f000020", 
   "language": "en", 
   "lines": [
    "They"
   ]
  }, 
  {
   "begin": "7.080", 
   "end": "7.320", 
   "id": "f000021", 
   "language": "en", 
   "lines": [
    "loved"
   ]
  }, 
  {
   "begin": "7.320", 
   "end": "7.480", 
   "id": "f000022", 
   "language": "en", 
   "lines": [
    "to"
   ]
  }, 
  {
   "begin": "7.480", 
   "end": "8.360", 
   "id": "f000023", 
   "language": "en", 
   "lines": [
    "fight,"
   ]
  }, 
  {
   "begin": "8.360", 
   "end": "8.720", 
   "id": "f000024", 
   "language": "en", 
   "lines": [
    "whereas"
   ]
  }, 
  {
   "begin": "8.720", 
   "end": "9.160", 
   "id": "f000025", 
   "language": "en", 
   "lines": [
    "Paplu"
   ]
  }, 
  {
   "begin": "9.160", 
   "end": "9.520", 
   "id": "f000026", 
   "language": "en", 
   "lines": [
    "hated"
   ]
  }, 
  {
   "begin": "9.520", 
   "end": "10.520", 
   "id": "f000027", 
   "language": "en", 
   "lines": [
    "fighting."
   ]
  }, 
  {
   "begin": "10.520", 
   "end": "10.800", 
   "id": "f000028", 
   "language": "en", 
   "lines": [
    "While"
   ]
  }, 
  {
   "begin": "10.800", 
   "end": "11.000", 
   "id": "f000029", 
   "language": "en", 
   "lines": [
    "his"
   ]
  }, 
  {
   "begin": "11.000", 
   "end": "11.800", 
   "id": "f000030", 
   "language": "en", 
   "lines": [
    "classmates"
   ]
  }, 
  {
   "begin": "11.800", 
   "end": "12.000", 
   "id": "f000031", 
   "language": "en", 
   "lines": [
    "would"
   ]
  }, 
  {
   "begin": "12.000", 
   "end": "12.360", 
   "id": "f000032", 
   "language": "en", 
   "lines": [
    "spend"
   ]
  }, 
  {
   "begin": "12.360", 
   "end": "12.560", 
   "id": "f000033", 
   "language": "en", 
   "lines": [
    "their"
   ]
  }, 
  {
   "begin": "12.560", 
   "end": "12.920", 
   "id": "f000034", 
   "language": "en", 
   "lines": [
    "time"
   ]
  }, 
  {
   "begin": "12.920", 
   "end": "13.240", 
   "id": "f000035", 
   "language": "en", 
   "lines": [
    "twisting"
   ]
  }, 
  {
   "begin": "13.240", 
   "end": "13.440", 
   "id": "f000036", 
   "language": "en", 
   "lines": [
    "the"
   ]
  }, 
  {
   "begin": "13.440", 
   "end": "14.040", 
   "id": "f000037", 
   "language": "en", 
   "lines": [
    "ears"
   ]
  }, 
  {
   "begin": "14.040", 
   "end": "14.080", 
   "id": "f000038", 
   "language": "en", 
   "lines": [
    "of"
   ]
  }, 
  {
   "begin": "14.080", 
   "end": "14.960", 
   "id": "f000039", 
   "language": "en", 
   "lines": [
    "dinosaurs"
   ]
  }, 
  {
   "begin": "14.960", 
   "end": "15.200", 
   "id": "f000040", 
   "language": "en", 
   "lines": [
    "or"
   ]
  }, 
  {
   "begin": "15.200", 
   "end": "15.680", 
   "id": "f000041", 
   "language": "en", 
   "lines": [
    "yanking"
   ]
  }, 
  {
   "begin": "15.680", 
   "end": "15.800", 
   "id": "f000042", 
   "language": "en", 
   "lines": [
    "the"
   ]
  }, 
  {
   "begin": "15.800", 
   "end": "16.320", 
   "id": "f000043", 
   "language": "en", 
   "lines": [
    "tails"
   ]
  }, 
  {
   "begin": "16.320", 
   "end": "16.320", 
   "id": "f000044", 
   "language": "en", 
   "lines": [
    "of"
   ]
  }, 
  {
   "begin": "16.320", 
   "end": "17.040", 
   "id": "f000045", 
   "language": "en", 
   "lines": [
    "tigers,"
   ]
  }, 
  {
   "begin": "17.040", 
   "end": "17.680", 
   "id": "f000046", 
   "language": "en", 
   "lines": [
    "Paplu"
   ]
  }, 
  {
   "begin": "17.680", 
   "end": "17.880", 
   "id": "f000047", 
   "language": "en", 
   "lines": [
    "would"
   ]
  }, 
  {
   "begin": "17.880", 
   "end": "18.000", 
   "id": "f000048", 
   "language": "en", 
   "lines": [
    "be"
   ]
  }, 
  {
   "begin": "18.000", 
   "end": "18.280", 
   "id": "f000049", 
   "language": "en", 
   "lines": [
    "busy"
   ]
  }, 
  {
   "begin": "18.280", 
   "end": "18.960", 
   "id": "f000050", 
   "language": "en", 
   "lines": [
    "protecting"
   ]
  }, 
  {
   "begin": "18.960", 
   "end": "19.080", 
   "id": "f000051", 
   "language": "en", 
   "lines": [
    "his"
   ]
  }, 
  {
   "begin": "19.080", 
   "end": "19.680", 
   "id": "f000052", 
   "language": "en", 
   "lines": [
    "friends.\n\n"
   ]
  }, 
  {
   "begin": "19.680", 
   "end": "19.680", 
   "id": "f000053", 
   "language": "en", 
   "lines": [
    ""
   ]
  }, 
  {
   "begin": "19.680", 
   "end": "19.680", 
   "id": "f000054", 
   "language": "en", 
   "lines": [
    ""
   ]
  }, 
  {
   "begin": "19.680", 
   "end": "20.480", 
   "id": "f000055", 
   "language": "en", 
   "lines": [
    "Paplu\u2019s"
   ]
  }, 
  {
   "begin": "20.480", 
   "end": "20.640", 
   "id": "f000056", 
   "language": "en", 
   "lines": [
    "mother"
   ]
  }, 
  {
   "begin": "20.640", 
   "end": "21.000", 
   "id": "f000057", 
   "language": "en", 
   "lines": [
    "was"
   ]
  }, 
  {
   "begin": "21.000", 
   "end": "21.360", 
   "id": "f000058", 
   "language": "en", 
   "lines": [
    "worried"
   ]
  }, 
  {
   "begin": "21.360", 
   "end": "21.720", 
   "id": "f000059", 
   "language": "en", 
   "lines": [
    "about"
   ]
  }, 
  {
   "begin": "21.720", 
   "end": "21.920", 
   "id": "f000060", 
   "language": "en", 
   "lines": [
    "her"
   ]
  }, 
  {
   "begin": "21.920", 
   "end": "22.600", 
   "id": "f000061", 
   "language": "en", 
   "lines": [
    "son."
   ]
  }, 
  {
   "begin": "22.600", 
   "end": "23.120", 
   "id": "f000062", 
   "language": "en", 
   "lines": [
    "One"
   ]
  }, 
  {
   "begin": "23.120", 
   "end": "23.160", 
   "id": "f000063", 
   "language": "en", 
   "lines": [
    "night"
   ]
  }, 
  {
   "begin": "23.160", 
   "end": "23.400", 
   "id": "f000064", 
   "language": "en", 
   "lines": [
    "she"
   ]
  }, 
  {
   "begin": "23.400", 
   "end": "23.640", 
   "id": "f000065", 
   "language": "en", 
   "lines": [
    "woke"
   ]
  }, 
  {
   "begin": "23.640", 
   "end": "23.720", 
   "id": "f000066", 
   "language": "en", 
   "lines": [
    "up"
   ]
  }, 
  {
   "begin": "23.720", 
   "end": "24.240", 
   "id": "f000067", 
   "language": "en", 
   "lines": [
    "Paplu."
   ]
  }, 
  {
   "begin": "24.240", 
   "end": "25.760", 
   "id": "f000068", 
   "language": "en", 
   "lines": [
    "\u201cSon,"
   ]
  }, 
  {
   "begin": "25.760", 
   "end": "26.280", 
   "id": "f000069", 
   "language": "en", 
   "lines": [
    "you"
   ]
  }, 
  {
   "begin": "26.280", 
   "end": "26.280", 
   "id": "f000070", 
   "language": "en", 
   "lines": [
    "will"
   ]
  }, 
  {
   "begin": "26.280", 
   "end": "26.600", 
   "id": "f000071", 
   "language": "en", 
   "lines": [
    "never"
   ]
  }, 
  {
   "begin": "26.600", 
   "end": "26.760", 
   "id": "f000072", 
   "language": "en", 
   "lines": [
    "be"
   ]
  }, 
  {
   "begin": "26.760", 
   "end": "27.160", 
   "id": "f000073", 
   "language": "en", 
   "lines": [
    "happy"
   ]
  }, 
  {
   "begin": "27.160", 
   "end": "27.440", 
   "id": "f000074", 
   "language": "en", 
   "lines": [
    "staying"
   ]
  }, 
  {
   "begin": "27.440", 
   "end": "27.560", 
   "id": "f000075", 
   "language": "en", 
   "lines": [
    "in"
   ]
  }, 
  {
   "begin": "27.560", 
   "end": "27.720", 
   "id": "f000076", 
   "language": "en", 
   "lines": [
    "our"
   ]
  }, 
  {
   "begin": "27.720", 
   "end": "28.120", 
   "id": "f000077", 
   "language": "en", 
   "lines": [
    "tribe."
   ]
  }, 
  {
   "begin": "28.120", 
   "end": "28.440", 
   "id": "f000078", 
   "language": "en", 
   "lines": [
    "I"
   ]
  }, 
  {
   "begin": "28.440", 
   "end": "28.760", 
   "id": "f000079", 
   "language": "en", 
   "lines": [
    "am"
   ]
  }, 
  {
   "begin": "28.760", 
   "end": "29.160", 
   "id": "f000080", 
   "language": "en", 
   "lines": [
    "taking"
   ]
  }, 
  {
   "begin": "29.160", 
   "end": "29.320", 
   "id": "f000081", 
   "language": "en", 
   "lines": [
    "you"
   ]
  }, 
  {
   "begin": "29.320", 
   "end": "29.640", 
   "id": "f000082", 
   "language": "en", 
   "lines": [
    "to"
   ]
  }, 
  {
   "begin": "29.640", 
   "end": "29.720", 
   "id": "f000083", 
   "language": "en", 
   "lines": [
    "a"
   ]
  }, 
  {
   "begin": "29.720", 
   "end": "30.240", 
   "id": "f000084", 
   "language": "en", 
   "lines": [
    "village"
   ]
  }, 
  {
   "begin": "30.240", 
   "end": "30.400", 
   "id": "f000085", 
   "language": "en", 
   "lines": [
    "where"
   ]
  }, 
  {
   "begin": "30.400", 
   "end": "30.680", 
   "id": "f000086", 
   "language": "en", 
   "lines": [
    "people"
   ]
  }, 
  {
   "begin": "30.680", 
   "end": "31.080", 
   "id": "f000087", 
   "language": "en", 
   "lines": [
    "are"
   ]
  }, 
  {
   "begin": "31.080", 
   "end": "31.480", 
   "id": "f000088", 
   "language": "en", 
   "lines": [
    "normal"
   ]
  }, 
  {
   "begin": "31.480", 
   "end": "31.840", 
   "id": "f000089", 
   "language": "en", 
   "lines": [
    "human"
   ]
  }, 
  {
   "begin": "31.840", 
   "end": "32.640", 
   "id": "f000090", 
   "language": "en", 
   "lines": [
    "beings."
   ]
  }, 
  {
   "begin": "32.640", 
   "end": "32.800", 
   "id": "f000091", 
   "language": "en", 
   "lines": [
    "You"
   ]
  }, 
  {
   "begin": "32.800", 
   "end": "32.960", 
   "id": "f000092", 
   "language": "en", 
   "lines": [
    "will"
   ]
  }, 
  {
   "begin": "32.960", 
   "end": "33.280", 
   "id": "f000093", 
   "language": "en", 
   "lines": [
    "stay"
   ]
  }, 
  {
   "begin": "33.280", 
   "end": "33.520", 
   "id": "f000094", 
   "language": "en", 
   "lines": [
    "there"
   ]
  }, 
  {
   "begin": "33.520", 
   "end": "33.760", 
   "id": "f000095", 
   "language": "en", 
   "lines": [
    "with"
   ]
  }, 
  {
   "begin": "33.760", 
   "end": "34.280", 
   "id": "f000096", 
   "language": "en", 
   "lines": [
    "Raghav,"
   ]
  }, 
  {
   "begin": "34.280", 
   "end": "34.600", 
   "id": "f000097", 
   "language": "en", 
   "lines": [
    "the"
   ]
  }, 
  {
   "begin": "34.600", 
   "end": "34.960", 
   "id": "f000098", 
   "language": "en", 
   "lines": [
    "head"
   ]
  }, 
  {
   "begin": "34.960", 
   "end": "35.720", 
   "id": "f000099", 
   "language": "en", 
   "lines": [
    "man.\u201d"
   ]
  }, 
  {
   "begin": "35.720", 
   "end": "36.000", 
   "id": "f000100", 
   "language": "en", 
   "lines": [
    "\n\n"
   ]
  }, 
  {
   "begin": "36.000", 
   "end": "36.120", 
   "id": "f000101", 
   "language": "en", 
   "lines": [
    "Just"
   ]
  }, 
  {
   "begin": "36.120", 
   "end": "36.480", 
   "id": "f000102", 
   "language": "en", 
   "lines": [
    "before"
   ]
  }, 
  {
   "begin": "36.480", 
   "end": "36.600", 
   "id": "f000103", 
   "language": "en", 
   "lines": [
    "they"
   ]
  }, 
  {
   "begin": "36.600", 
   "end": "37.040", 
   "id": "f000104", 
   "language": "en", 
   "lines": [
    "reached"
   ]
  }, 
  {
   "begin": "37.040", 
   "end": "37.160", 
   "id": "f000105", 
   "language": "en", 
   "lines": [
    "the"
   ]
  }, 
  {
   "begin": "37.160", 
   "end": "37.640", 
   "id": "f000106", 
   "language": "en", 
   "lines": [
    "village,"
   ]
  }, 
  {
   "begin": "37.640", 
   "end": "38.600", 
   "id": "f000107", 
   "language": "en", 
   "lines": [
    "Paplu\u2019s"
   ]
  }, 
  {
   "begin": "38.600", 
   "end": "38.920", 
   "id": "f000108", 
   "language": "en", 
   "lines": [
    "mother"
   ]
  }, 
  {
   "begin": "38.920", 
   "end": "39.280", 
   "id": "f000109", 
   "language": "en", 
   "lines": [
    "asked"
   ]
  }, 
  {
   "begin": "39.280", 
   "end": "39.480", 
   "id": "f000110", 
   "language": "en", 
   "lines": [
    "him"
   ]
  }, 
  {
   "begin": "39.480", 
   "end": "39.600", 
   "id": "f000111", 
   "language": "en", 
   "lines": [
    "to"
   ]
  }, 
  {
   "begin": "39.600", 
   "end": "39.960", 
   "id": "f000112", 
   "language": "en", 
   "lines": [
    "close"
   ]
  }, 
  {
   "begin": "39.960", 
   "end": "40.200", 
   "id": "f000113", 
   "language": "en", 
   "lines": [
    "his"
   ]
  }, 
  {
   "begin": "40.200", 
   "end": "41.000", 
   "id": "f000114", 
   "language": "en", 
   "lines": [
    "eyes."
   ]
  }, 
  {
   "begin": "41.000", 
   "end": "41.320", 
   "id": "f000115", 
   "language": "en", 
   "lines": [
    "When"
   ]
  }, 
  {
   "begin": "41.320", 
   "end": "41.360", 
   "id": "f000116", 
   "language": "en", 
   "lines": [
    "he"
   ]
  }, 
  {
   "begin": "41.360", 
   "end": "41.760", 
   "id": "f000117", 
   "language": "en", 
   "lines": [
    "opened"
   ]
  }, 
  {
   "begin": "41.760", 
   "end": "42.440", 
   "id": "f000118", 
   "language": "en", 
   "lines": [
    "them,"
   ]
  }, 
  {
   "begin": "42.440", 
   "end": "42.840", 
   "id": "f000119", 
   "language": "en", 
   "lines": [
    "he"
   ]
  }, 
  {
   "begin": "42.840", 
   "end": "43.080", 
   "id": "f000120", 
   "language": "en", 
   "lines": [
    "almost"
   ]
  }, 
  {
   "begin": "43.080", 
   "end": "44.360", 
   "id": "f000121", 
   "language": "en", 
   "lines": [
    "fainted."
   ]
  }, 
  {
   "begin": "44.360", 
   "end": "44.640", 
   "id": "f000122", 
   "language": "en", 
   "lines": [
    "He"
   ]
  }, 
  {
   "begin": "44.640", 
   "end": "45.120", 
   "id": "f000123", 
   "language": "en", 
   "lines": [
    "had"
   ]
  }, 
  {
   "begin": "45.120", 
   "end": "45.520", 
   "id": "f000124", 
   "language": "en", 
   "lines": [
    "shrunk"
   ]
  }, 
  {
   "begin": "45.520", 
   "end": "45.520", 
   "id": "f000125", 
   "language": "en", 
   "lines": [
    "to"
   ]
  }, 
  {
   "begin": "45.520", 
   "end": "45.840", 
   "id": "f000126", 
   "language": "en", 
   "lines": [
    "one-tenth"
   ]
  }, 
  {
   "begin": "45.840", 
   "end": "46.040", 
   "id": "f000127", 
   "language": "en", 
   "lines": [
    "his"
   ]
  }, 
  {
   "begin": "46.040", 
   "end": "46.720", 
   "id": "f000128", 
   "language": "en", 
   "lines": [
    "size"
   ]
  }, 
  {
   "begin": "46.720", 
   "end": "46.880", 
   "id": "f000129", 
   "language": "en", 
   "lines": [
    "and"
   ]
  }, 
  {
   "begin": "46.880", 
   "end": "47.160", 
   "id": "f000130", 
   "language": "en", 
   "lines": [
    "so"
   ]
  }, 
  {
   "begin": "47.160", 
   "end": "47.400", 
   "id": "f000131", 
   "language": "en", 
   "lines": [
    "had"
   ]
  }, 
  {
   "begin": "47.400", 
   "end": "47.800", 
   "id": "f000132", 
   "language": "en", 
   "lines": [
    "she."
   ]
  }, 
  {
   "begin": "47.800", 
   "end": "48.880", 
   "id": "f000133", 
   "language": "en", 
   "lines": [
    "Paplu\u2019s"
   ]
  }, 
  {
   "begin": "48.880", 
   "end": "49.120", 
   "id": "f000134", 
   "language": "en", 
   "lines": [
    "mother"
   ]
  }, 
  {
   "begin": "49.120", 
   "end": "49.480", 
   "id": "f000135", 
   "language": "en", 
   "lines": [
    "handed"
   ]
  }, 
  {
   "begin": "49.480", 
   "end": "49.720", 
   "id": "f000136", 
   "language": "en", 
   "lines": [
    "him"
   ]
  }, 
  {
   "begin": "49.720", 
   "end": "50.000", 
   "id": "f000137", 
   "language": "en", 
   "lines": [
    "over"
   ]
  }, 
  {
   "begin": "50.000", 
   "end": "50.160", 
   "id": "f000138", 
   "language": "en", 
   "lines": [
    "to"
   ]
  }, 
  {
   "begin": "50.160", 
   "end": "50.640", 
   "id": "f000139", 
   "language": "en", 
   "lines": [
    "Raghav"
   ]
  }, 
  {
   "begin": "50.640", 
   "end": "50.880", 
   "id": "f000140", 
   "language": "en", 
   "lines": [
    "and"
   ]
  }, 
  {
   "begin": "50.880", 
   "end": "51.600", 
   "id": "f000141", 
   "language": "en", 
   "lines": [
    "left."
   ]
  }
 ]
}