{
 "fragments": [
  {
   "begin": "0.000", 
   "end": "0.440", 
   "id": "f000001", 
   "language": "en", 
   "lines": [
    "They"
   ]
  }, 
  {
   "begin": "0.440", 
   "end": "1.160", 
   "id": "f000002", 
   "language": "en", 
   "lines": [
    "landed"
   ]
  }, 
  {
   "begin": "1.160", 
   "end": "1.280", 
   "id": "f000003", 
   "language": "en", 
   "lines": [
    "in"
   ]
  }, 
  {
   "begin": "1.280", 
   "end": "1.480", 
   "id": "f000004", 
   "language": "en", 
   "lines": [
    "the"
   ]
  }, 
  {
   "begin": "1.480", 
   "end": "1.560", 
   "id": "f000005", 
   "language": "en", 
   "lines": [
    "river"
   ]
  }, 
  {
   "begin": "1.560", 
   "end": "1.560", 
   "id": "f000006", 
   "language": "en", 
   "lines": [
    "to"
   ]
  }, 
  {
   "begin": "1.560", 
   "end": "1.680", 
   "id": "f000007", 
   "language": "en", 
   "lines": [
    "the"
   ]
  }, 
  {
   "begin": "1.680", 
   "end": "2.080", 
   "id": "f000008", 
   "language": "en", 
   "lines": [
    "south"
   ]
  }, 
  {
   "begin": "2.080", 
   "end": "2.200", 
   "id": "f000009", 
   "language": "en", 
   "lines": [
    "of"
   ]
  }, 
  {
   "begin": "2.200", 
   "end": "2.320", 
   "id": "f000010", 
   "language": "en", 
   "lines": [
    "the"
   ]
  }, 
  {
   "begin": "2.320", 
   "end": "3.160", 
   "id": "f000011", 
   "language": "en", 
   "lines": [
    "village."
   ]
  }, 
  {
   "begin": "3.160", 
   "end": "3.360", 
   "id": "f000012", 
   "language": "en", 
   "lines": [
    "As"
   ]
  }, 
  {
   "begin": "3.360", 
   "end": "3.640", 
   "id": "f000013", 
   "language": "en", 
   "lines": [
    "they"
   ]
  }, 
  {
   "begin": "3.640", 
   "end": "3.880", 
   "id": "f000014", 
   "language": "en", 
   "lines": [
    "swam"
   ]
  }, 
  {
   "begin": "3.880", 
   "end": "3.880", 
   "id": "f000015", 
   "language": "en", 
   "lines": [
    "to"
   ]
  }, 
  {
   "begin": "3.880", 
   "end": "4.120", 
   "id": "f000016", 
   "language": "en", 
   "lines": [
    "the"
   ]
  }, 
  {
   "begin": "4.120", 
   "end": "4.840", 
   "id": "f000017", 
   "language": "en", 
   "lines": [
    "shore,"
   ]
  }, 
  {
   "begin": "4.840", 
   "end": "5.560", 
   "id": "f000018", 
   "language": "en", 
   "lines": [
    "spluttering"
   ]
  }, 
  {
   "begin": "5.560", 
   "end": "5.720", 
   "id": "f000019", 
   "language": "en", 
   "lines": [
    "and"
   ]
  }, 
  {
   "begin": "5.720", 
   "end": "6.200", 
   "id": "f000020", 
   "language": "en", 
   "lines": [
    "shivering,"
   ]
  }, 
  {
   "begin": "6.200", 
   "end": "6.840", 
   "id": "f000021", 
   "language": "en", 
   "lines": [
    "a"
   ]
  }, 
  {
   "begin": "6.840", 
   "end": "7.280", 
   "id": "f000022", 
   "language": "en", 
   "lines": [
    "huge"
   ]
  }, 
  {
   "begin": "7.280", 
   "end": "7.640", 
   "id": "f000023", 
   "language": "en", 
   "lines": [
    "shadow"
   ]
  }, 
  {
   "begin": "7.640", 
   "end": "8.120", 
   "id": "f000024", 
   "language": "en", 
   "lines": [
    "loomed"
   ]
  }, 
  {
   "begin": "8.120", 
   "end": "8.360", 
   "id": "f000025", 
   "language": "en", 
   "lines": [
    "over"
   ]
  }, 
  {
   "begin": "8.360", 
   "end": "8.600", 
   "id": "f000026", 
   "language": "en", 
   "lines": [
    "their"
   ]
  }, 
  {
   "begin": "8.600", 
   "end": "8.760", 
   "id": "f000027", 
   "language": "en", 
   "lines": [
    "heads."
   ]
  }, 
  {
   "begin": "8.760", 
   "end": "9.080", 
   "id": "f000028", 
   "language": "en", 
   "lines": [
    "\n\n"
   ]
  }, 
  {
   "begin": "9.080", 
   "end": "10.520", 
   "id": "f000029", 
   "language": "en", 
   "lines": [
    "\u201cAngaar,"
   ]
  }, 
  {
   "begin": "10.520", 
   "end": "10.560", 
   "id": "f000030", 
   "language": "en", 
   "lines": [
    "you"
   ]
  }, 
  {
   "begin": "10.560", 
   "end": "11.720", 
   "id": "f000031", 
   "language": "en", 
   "lines": [
    "scoundrel!\u201d"
   ]
  }, 
  {
   "begin": "11.720", 
   "end": "12.600", 
   "id": "f000032", 
   "language": "en", 
   "lines": [
    "the"
   ]
  }, 
  {
   "begin": "12.600", 
   "end": "13.120", 
   "id": "f000033", 
   "language": "en", 
   "lines": [
    "shadow"
   ]
  }, 
  {
   "begin": "13.120", 
   "end": "14.160", 
   "id": "f000034", 
   "language": "en", 
   "lines": [
    "thundered,"
   ]
  }, 
  {
   "begin": "14.160", 
   "end": "14.360", 
   "id": "f000035", 
   "language": "en", 
   "lines": [
    "its"
   ]
  }, 
  {
   "begin": "14.360", 
   "end": "14.800", 
   "id": "f000036", 
   "language": "en", 
   "lines": [
    "voice"
   ]
  }, 
  {
   "begin": "14.800", 
   "end": "15.280", 
   "id": "f000037", 
   "language": "en", 
   "lines": [
    "echoing"
   ]
  }, 
  {
   "begin": "15.280", 
   "end": "15.360", 
   "id": "f000038", 
   "language": "en", 
   "lines": [
    "in"
   ]
  }, 
  {
   "begin": "15.360", 
   "end": "15.520", 
   "id": "f000039", 
   "language": "en", 
   "lines": [
    "the"
   ]
  }, 
  {
   "begin": "15.520", 
   "end": "15.960", 
   "id": "f000040", 
   "language": "en", 
   "lines": [
    "night."
   ]
  }, 
  {
   "begin": "15.960", 
   "end": "16.720", 
   "id": "f000041", 
   "language": "en", 
   "lines": [
    "\n\n"
   ]
  }, 
  {
   "begin": "16.720", 
   "end": "17.880", 
   "id": "f000042", 
   "language": "en", 
   "lines": [
    "\u201cY\u2026yes,\u201d"
   ]
  }, 
  {
   "begin": "17.880", 
   "end": "18.480", 
   "id": "f000043", 
   "language": "en", 
   "lines": [
    "stammered"
   ]
  }, 
  {
   "begin": "18.480", 
   "end": "18.680", 
   "id": "f000044", 
   "language": "en", 
   "lines": [
    "the"
   ]
  }, 
  {
   "begin": "18.680", 
   "end": "19.080", 
   "id": "f000045", 
   "language": "en", 
   "lines": [
    "dreaded"
   ]
  }, 
  {
   "begin": "19.080", 
   "end": "19.640", 
   "id": "f000046", 
   "language": "en", 
   "lines": [
    "Angaar."
   ]
  }, 
  {
   "begin": "19.640", 
   "end": "20.560", 
   "id": "f000047", 
   "language": "en", 
   "lines": [
    "He"
   ]
  }, 
  {
   "begin": "20.560", 
   "end": "20.600", 
   "id": "f000048", 
   "language": "en", 
   "lines": [
    "had"
   ]
  }, 
  {
   "begin": "20.600", 
   "end": "21.000", 
   "id": "f000049", 
   "language": "en", 
   "lines": [
    "never"
   ]
  }, 
  {
   "begin": "21.000", 
   "end": "21.240", 
   "id": "f000050", 
   "language": "en", 
   "lines": [
    "been"
   ]
  }, 
  {
   "begin": "21.240", 
   "end": "21.560", 
   "id": "f000051", 
   "language": "en", 
   "lines": [
    "so"
   ]
  }, 
  {
   "begin": "21.560", 
   "end": "22.120", 
   "id": "f000052", 
   "language": "en", 
   "lines": [
    "terrified"
   ]
  }, 
  {
   "begin": "22.120", 
   "end": "22.160", 
   "id": "f000053", 
   "language": "en", 
   "lines": [
    "in"
   ]
  }, 
  {
   "begin": "22.160", 
   "end": "22.560", 
   "id": "f000054", 
   "language": "en", 
   "lines": [
    "his"
   ]
  }, 
  {
   "begin": "22.560", 
   "end": "23.320", 
   "id": "f000055", 
   "language": "en", 
   "lines": [
    "life,"
   ]
  }, 
  {
   "begin": "23.320", 
   "end": "23.600", 
   "id": "f000056", 
   "language": "en", 
   "lines": [
    "since"
   ]
  }, 
  {
   "begin": "23.600", 
   "end": "23.600", 
   "id": "f000057", 
   "language": "en", 
   "lines": [
    "the"
   ]
  }, 
  {
   "begin": "23.600", 
   "end": "23.760", 
   "id": "f000058", 
   "language": "en", 
   "lines": [
    "day"
   ]
  }, 
  {
   "begin": "23.760", 
   "end": "24.240", 
   "id": "f000059", 
   "language": "en", 
   "lines": [
    "his"
   ]
  }, 
  {
   "begin": "24.240", 
   "end": "25.000", 
   "id": "f000060", 
   "language": "en", 
   "lines": [
    "father,"
   ]
  }, 
  {
   "begin": "25.000", 
   "end": "25.360", 
   "id": "f000061", 
   "language": "en", 
   "lines": [
    "Rosh"
   ]
  }, 
  {
   "begin": "25.360", 
   "end": "25.960", 
   "id": "f000062", 
   "language": "en", 
   "lines": [
    "Bundela"
   ]
  }, 
  {
   "begin": "25.960", 
   "end": "26.200", 
   "id": "f000063", 
   "language": "en", 
   "lines": [
    "had"
   ]
  }, 
  {
   "begin": "26.200", 
   "end": "26.560", 
   "id": "f000064", 
   "language": "en", 
   "lines": [
    "walloped"
   ]
  }, 
  {
   "begin": "26.560", 
   "end": "26.760", 
   "id": "f000065", 
   "language": "en", 
   "lines": [
    "him"
   ]
  }, 
  {
   "begin": "26.760", 
   "end": "27.000", 
   "id": "f000066", 
   "language": "en", 
   "lines": [
    "for"
   ]
  }, 
  {
   "begin": "27.000", 
   "end": "27.360", 
   "id": "f000067", 
   "language": "en", 
   "lines": [
    "eating"
   ]
  }, 
  {
   "begin": "27.360", 
   "end": "27.480", 
   "id": "f000068", 
   "language": "en", 
   "lines": [
    "up"
   ]
  }, 
  {
   "begin": "27.480", 
   "end": "27.680", 
   "id": "f000069", 
   "language": "en", 
   "lines": [
    "his"
   ]
  }, 
  {
   "begin": "27.680", 
   "end": "28.040", 
   "id": "f000070", 
   "language": "en", 
   "lines": [
    "jalebis."
   ]
  }, 
  {
   "begin": "28.040", 
   "end": "28.400", 
   "id": "f000071", 
   "language": "en", 
   "lines": [
    "\n\n"
   ]
  }, 
  {
   "begin": "28.400", 
   "end": "29.640", 
   "id": "f000072", 
   "language": "en", 
   "lines": [
    "\u201cThis"
   ]
  }, 
  {
   "begin": "29.640", 
   "end": "30.320", 
   "id": "f000073", 
   "language": "en", 
   "lines": [
    "time"
   ]
  }, 
  {
   "begin": "30.320", 
   "end": "30.480", 
   "id": "f000074", 
   "language": "en", 
   "lines": [
    "I"
   ]
  }, 
  {
   "begin": "30.480", 
   "end": "30.760", 
   "id": "f000075", 
   "language": "en", 
   "lines": [
    "have"
   ]
  }, 
  {
   "begin": "30.760", 
   "end": "31.400", 
   "id": "f000076", 
   "language": "en", 
   "lines": [
    "merely"
   ]
  }, 
  {
   "begin": "31.400", 
   "end": "31.680", 
   "id": "f000077", 
   "language": "en", 
   "lines": [
    "roughed"
   ]
  }, 
  {
   "begin": "31.680", 
   "end": "31.840", 
   "id": "f000078", 
   "language": "en", 
   "lines": [
    "you"
   ]
  }, 
  {
   "begin": "31.840", 
   "end": "32.840", 
   "id": "f000079", 
   "language": "en", 
   "lines": [
    "up."
   ]
  }, 
  {
   "begin": "32.840", 
   "end": "33.240", 
   "id": "f000080", 
   "language": "en", 
   "lines": [
    "Next"
   ]
  }, 
  {
   "begin": "33.240", 
   "end": "33.880", 
   "id": "f000081", 
   "language": "en", 
   "lines": [
    "time,"
   ]
  }, 
  {
   "begin": "33.880", 
   "end": "34.160", 
   "id": "f000082", 
   "language": "en", 
   "lines": [
    "if"
   ]
  }, 
  {
   "begin": "34.160", 
   "end": "34.280", 
   "id": "f000083", 
   "language": "en", 
   "lines": [
    "you"
   ]
  }, 
  {
   "begin": "34.280", 
   "end": "34.480", 
   "id": "f000084", 
   "language": "en", 
   "lines": [
    "or"
   ]
  }, 
  {
   "begin": "34.480", 
   "end": "34.520", 
   "id": "f000085", 
   "language": "en", 
   "lines": [
    "any"
   ]
  }, 
  {
   "begin": "34.520", 
   "end": "34.800", 
   "id": "f000086", 
   "language": "en", 
   "lines": [
    "of"
   ]
  }, 
  {
   "begin": "34.800", 
   "end": "35.440", 
   "id": "f000087", 
   "language": "en", 
   "lines": [
    "your"
   ]
  }, 
  {
   "begin": "35.440", 
   "end": "35.800", 
   "id": "f000088", 
   "language": "en", 
   "lines": [
    "men"
   ]
  }, 
  {
   "begin": "35.800", 
   "end": "36.280", 
   "id": "f000089", 
   "language": "en", 
   "lines": [
    "come"
   ]
  }, 
  {
   "begin": "36.280", 
   "end": "36.880", 
   "id": "f000090", 
   "language": "en", 
   "lines": [
    "anywhere"
   ]
  }, 
  {
   "begin": "36.880", 
   "end": "37.240", 
   "id": "f000091", 
   "language": "en", 
   "lines": [
    "close"
   ]
  }, 
  {
   "begin": "37.240", 
   "end": "37.360", 
   "id": "f000092", 
   "language": "en", 
   "lines": [
    "to"
   ]
  }, 
  {
   "begin": "37.360", 
   "end": "37.480", 
   "id": "f000093", 
   "language": "en", 
   "lines": [
    "the"
   ]
  }, 
  {
   "begin": "37.480", 
   "end": "38.200", 
   "id": "f000094", 
   "language": "en", 
   "lines": [
    "village,"
   ]
  }, 
  {
   "begin": "38.200", 
   "end": "38.680", 
   "id": "f000095", 
   "language": "en", 
   "lines": [
    "I\u2019ll"
   ]
  }, 
  {
   "begin": "38.680", 
   "end": "38.760", 
   "id": "f000096", 
   "language": "en", 
   "lines": [
    "rip"
   ]
  }, 
  {
   "begin": "38.760", 
   "end": "39.280", 
   "id": "f000097", 
   "language": "en", 
   "lines": [
    "each"
   ]
  }, 
  {
   "begin": "39.280", 
   "end": "39.360", 
   "id": "f000098", 
   "language": "en", 
   "lines": [
    "and"
   ]
  }, 
  {
   "begin": "39.360", 
   "end": "39.680", 
   "id": "f000099", 
   "language": "en", 
   "lines": [
    "every"
   ]
  }, 
  {
   "begin": "39.680", 
   "end": "40.040", 
   "id": "f000100", 
   "language": "en", 
   "lines": [
    "limb"
   ]
  }, 
  {
   "begin": "40.040", 
   "end": "40.280", 
   "id": "f000101", 
   "language": "en", 
   "lines": [
    "from"
   ]
  }, 
  {
   "begin": "40.280", 
   "end": "40.440", 
   "id": "f000102", 
   "language": "en", 
   "lines": [
    "your"
   ]
  }, 
  {
   "begin": "40.440", 
   "end": "40.920", 
   "id": "f000103", 
   "language": "en", 
   "lines": [
    "bodies"
   ]
  }, 
  {
   "begin": "40.920", 
   "end": "41.120", 
   "id": "f000104", 
   "language": "en", 
   "lines": [
    "and"
   ]
  }, 
  {
   "begin": "41.120", 
   "end": "41.520", 
   "id": "f000105", 
   "language": "en", 
   "lines": [
    "chew"
   ]
  }, 
  {
   "begin": "41.520", 
   "end": "41.920", 
   "id": "f000106", 
   "language": "en", 
   "lines": [
    "them"
   ]
  }, 
  {
   "begin": "41.920", 
   "end": "42.760", 
   "id": "f000107", 
   "language": "en", 
   "lines": [
    "up.\u201d"
   ]
  }, 
  {
   "begin": "42.760", 
   "end": "43.000", 
   "id": "f000108", 
   "language": "en", 
   "lines": [
    "\n\n"
   ]
  }, 
  {
   "begin": "43.000", 
   "end": "43.680", 
   "id": "f000109", 
   "language": "en", 
   "lines": [
    "\u201cY..yes,"
   ]
  }, 
  {
   "begin": "43.680", 
   "end": "44.320", 
   "id": "f000110", 
   "language": "en", 
   "lines": [
    "Maharaj,"
   ]
  }, 
  {
   "begin": "44.320", 
   "end": "44.560", 
   "id": "f000111", 
   "language": "en", 
   "lines": [
    "we"
   ]
  }, 
  {
   "begin": "44.560", 
   "end": "44.600", 
   "id": "f000112", 
   "language": "en", 
   "lines": [
    "will"
   ]
  }, 
  {
   "begin": "44.600", 
   "end": "45.120", 
   "id": "f000113", 
   "language": "en", 
   "lines": [
    "never"
   ]
  }, 
  {
   "begin": "45.120", 
   "end": "45.720", 
   "id": "f000114", 
   "language": "en", 
   "lines": [
    "again"
   ]
  }, 
  {
   "begin": "45.720", 
   "end": "45.960", 
   "id": "f000115", 
   "language": "en", 
   "lines": [
    "come"
   ]
  }, 
  {
   "begin": "45.960", 
   "end": "46.120", 
   "id": "f000116", 
   "language": "en", 
   "lines": [
    "within"
   ]
  }, 
  {
   "begin": "46.120", 
   "end": "46.480", 
   "id": "f000117", 
   "language": "en", 
   "lines": [
    "a"
   ]
  }, 
  {
   "begin": "46.480", 
   "end": "46.880", 
   "id": "f000118", 
   "language": "en", 
   "lines": [
    "thousand"
   ]
  }, 
  {
   "begin": "46.880", 
   "end": "47.400", 
   "id": "f000119", 
   "language": "en", 
   "lines": [
    "miles"
   ]
  }, 
  {
   "begin": "47.400", 
   "end": "47.400", 
   "id": "f000120", 
   "language": "en", 
   "lines": [
    "of"
   ]
  }, 
  {
   "begin": "47.400", 
   "end": "47.640", 
   "id": "f000121", 
   "language": "en", 
   "lines": [
    "this"
   ]
  }, 
  {
   "begin": "47.640", 
   "end": "48.160", 
   "id": "f000122", 
   "language": "en", 
   "lines": [
    "place.\u201d"
   ]
  }, 
  {
   "begin": "48.160", 
   "end": "48.520", 
   "id": "f000123", 
   "language": "en", 
   "lines": [
    "&nbsp;"
   ]
  }
 ]
}