{
	"fragments": [{
			"begin": "0.000",
			"end": "0.600",
			"id": "f000001",
			"language": "en",
			"lines": [
				"What"
			]
		},
		{
			"begin": "0.600",
			"end": "1.080",
			"id": "f000002",
			"language": "en",
			"lines": [
				"was"
			]
		},
		{
			"begin": "1.080",
			"end": "1.240",
			"id": "f000003",
			"language": "en",
			"lines": [
				"he"
			]
		},
		{
			"begin": "1.240",
			"end": "1.400",
			"id": "f000004",
			"language": "en",
			"lines": [
				"to"
			]
		},
		{
			"begin": "1.400",
			"end": "1.640",
			"id": "f000005",
			"language": "en",
			"lines": [
				"do"
			]
		},
		{
			"begin": "1.640",
			"end": "2.960",
			"id": "f000006",
			"language": "en",
			"lines": [
				"now?"
			]
		},
		{
			"begin": "2.960",
			"end": "3.720",
			"id": "f000007",
			"language": "en",
			"lines": [
				"Although"
			]
		},
		{
			"begin": "3.720",
			"end": "3.800",
			"id": "f000008",
			"language": "en",
			"lines": [
				"he"
			]
		},
		{
			"begin": "3.800",
			"end": "4.080",
			"id": "f000009",
			"language": "en",
			"lines": [
				"had"
			]
		},
		{
			"begin": "4.080",
			"end": "4.440",
			"id": "f000010",
			"language": "en",
			"lines": [
				"become"
			]
		},
		{
			"begin": "4.440",
			"end": "4.600",
			"id": "f000011",
			"language": "en",
			"lines": [
				"a"
			]
		},
		{
			"begin": "4.600",
			"end": "5.200",
			"id": "f000012",
			"language": "en",
			"lines": [
				"giant,"
			]
		},
		{
			"begin": "5.200",
			"end": "5.360",
			"id": "f000013",
			"language": "en",
			"lines": [
				"he"
			]
		},
		{
			"begin": "5.360",
			"end": "5.360",
			"id": "f000014",
			"language": "en",
			"lines": [
				"couldn\u2019t"
			]
		},
		{
			"begin": "5.360",
			"end": "6.080",
			"id": "f000015",
			"language": "en",
			"lines": [
				"venture"
			]
		},
		{
			"begin": "6.080",
			"end": "6.400",
			"id": "f000016",
			"language": "en",
			"lines": [
				"out"
			]
		},
		{
			"begin": "6.400",
			"end": "6.680",
			"id": "f000017",
			"language": "en",
			"lines": [
				"on"
			]
		},
		{
			"begin": "6.680",
			"end": "7.000",
			"id": "f000018",
			"language": "en",
			"lines": [
				"his"
			]
		},
		{
			"begin": "7.000",
			"end": "7.440",
			"id": "f000019",
			"language": "en",
			"lines": [
				"rescue"
			]
		},
		{
			"begin": "7.440",
			"end": "7.840",
			"id": "f000020",
			"language": "en",
			"lines": [
				"mission"
			]
		},
		{
			"begin": "7.840",
			"end": "8.000",
			"id": "f000021",
			"language": "en",
			"lines": [
				"in"
			]
		},
		{
			"begin": "8.000",
			"end": "8.120",
			"id": "f000022",
			"language": "en",
			"lines": [
				"his"
			]
		},
		{
			"begin": "8.120",
			"end": "8.560",
			"id": "f000023",
			"language": "en",
			"lines": [
				"birthday"
			]
		},
		{
			"begin": "8.560",
			"end": "8.640",
			"id": "f000024",
			"language": "en",
			"lines": [
				"suit."
			]
		},
		{
			"begin": "8.640",
			"end": "9.240",
			"id": "f000025",
			"language": "en",
			"lines": [
				"He"
			]
		},
		{
			"begin": "9.240",
			"end": "9.640",
			"id": "f000026",
			"language": "en",
			"lines": [
				"needed"
			]
		},
		{
			"begin": "9.640",
			"end": "10.120",
			"id": "f000027",
			"language": "en",
			"lines": [
				"clothes"
			]
		},
		{
			"begin": "10.120",
			"end": "10.840",
			"id": "f000028",
			"language": "en",
			"lines": [
				"urgently."
			]
		},
		{
			"begin": "10.840",
			"end": "10.880",
			"id": "f000029",
			"language": "en",
			"lines": [
				"But"
			]
		},
		{
			"begin": "10.880",
			"end": "11.880",
			"id": "f000030",
			"language": "en",
			"lines": [
				"how"
			]
		},
		{
			"begin": "11.880",
			"end": "12.120",
			"id": "f000031",
			"language": "en",
			"lines": [
				"was"
			]
		},
		{
			"begin": "12.120",
			"end": "12.320",
			"id": "f000032",
			"language": "en",
			"lines": [
				"he"
			]
		},
		{
			"begin": "12.320",
			"end": "12.320",
			"id": "f000033",
			"language": "en",
			"lines": [
				"to"
			]
		},
		{
			"begin": "12.320",
			"end": "12.320",
			"id": "f000034",
			"language": "en",
			"lines": [
				"get"
			]
		},
		{
			"begin": "12.320",
			"end": "12.720",
			"id": "f000035",
			"language": "en",
			"lines": [
				"clothes"
			]
		},
		{
			"begin": "12.720",
			"end": "12.880",
			"id": "f000036",
			"language": "en",
			"lines": [
				"his"
			]
		},
		{
			"begin": "12.880",
			"end": "13.680",
			"id": "f000037",
			"language": "en",
			"lines": [
				"size"
			]
		},
		{
			"begin": "13.680",
			"end": "13.880",
			"id": "f000038",
			"language": "en",
			"lines": [
				"and"
			]
		},
		{
			"begin": "13.880",
			"end": "14.160",
			"id": "f000039",
			"language": "en",
			"lines": [
				"that"
			]
		},
		{
			"begin": "14.160",
			"end": "14.400",
			"id": "f000040",
			"language": "en",
			"lines": [
				"too,"
			]
		},
		{
			"begin": "14.400",
			"end": "14.680",
			"id": "f000041",
			"language": "en",
			"lines": [
				"quickly?\n\n"
			]
		},
		{
			"begin": "14.680",
			"end": "14.680",
			"id": "f000042",
			"language": "en",
			"lines": [
				""
			]
		},
		{
			"begin": "14.680",
			"end": "15.320",
			"id": "f000043",
			"language": "en",
			"lines": [
				"He"
			]
		},
		{
			"begin": "15.320",
			"end": "15.760",
			"id": "f000044",
			"language": "en",
			"lines": [
				"heard"
			]
		},
		{
			"begin": "15.760",
			"end": "15.880",
			"id": "f000045",
			"language": "en",
			"lines": [
				"a"
			]
		},
		{
			"begin": "15.880",
			"end": "16.280",
			"id": "f000046",
			"language": "en",
			"lines": [
				"voice"
			]
		},
		{
			"begin": "16.280",
			"end": "16.760",
			"id": "f000047",
			"language": "en",
			"lines": [
				"and"
			]
		},
		{
			"begin": "16.760",
			"end": "16.840",
			"id": "f000048",
			"language": "en",
			"lines": [
				"looked"
			]
		},
		{
			"begin": "16.840",
			"end": "17.880",
			"id": "f000049",
			"language": "en",
			"lines": [
				"down."
			]
		},
		{
			"begin": "17.880",
			"end": "18.040",
			"id": "f000050",
			"language": "en",
			"lines": [
				"It"
			]
		},
		{
			"begin": "18.040",
			"end": "18.080",
			"id": "f000051",
			"language": "en",
			"lines": [
				"was"
			]
		},
		{
			"begin": "18.080",
			"end": "18.520",
			"id": "f000052",
			"language": "en",
			"lines": [
				"Raghav."
			]
		},
		{
			"begin": "18.520",
			"end": "18.920",
			"id": "f000053",
			"language": "en",
			"lines": [
				"\u201cSoni"
			]
		},
		{
			"begin": "18.920",
			"end": "20.000",
			"id": "f000054",
			"language": "en",
			"lines": [
				"told"
			]
		},
		{
			"begin": "20.000",
			"end": "20.280",
			"id": "f000055",
			"language": "en",
			"lines": [
				"me"
			]
		},
		{
			"begin": "20.280",
			"end": "20.680",
			"id": "f000056",
			"language": "en",
			"lines": [
				"you"
			]
		},
		{
			"begin": "20.680",
			"end": "20.960",
			"id": "f000057",
			"language": "en",
			"lines": [
				"had"
			]
		},
		{
			"begin": "20.960",
			"end": "21.360",
			"id": "f000058",
			"language": "en",
			"lines": [
				"become"
			]
		},
		{
			"begin": "21.360",
			"end": "21.360",
			"id": "f000059",
			"language": "en",
			"lines": [
				"big"
			]
		},
		{
			"begin": "21.360",
			"end": "21.400",
			"id": "f000060",
			"language": "en",
			"lines": [
				"and"
			]
		},
		{
			"begin": "21.400",
			"end": "21.440",
			"id": "f000061",
			"language": "en",
			"lines": [
				"that"
			]
		},
		{
			"begin": "21.440",
			"end": "21.760",
			"id": "f000062",
			"language": "en",
			"lines": [
				"you"
			]
		},
		{
			"begin": "21.760",
			"end": "22.400",
			"id": "f000063",
			"language": "en",
			"lines": [
				"had"
			]
		},
		{
			"begin": "22.400",
			"end": "22.440",
			"id": "f000064",
			"language": "en",
			"lines": [
				"run"
			]
		},
		{
			"begin": "22.440",
			"end": "23.040",
			"id": "f000065",
			"language": "en",
			"lines": [
				"away"
			]
		},
		{
			"begin": "23.040",
			"end": "23.400",
			"id": "f000066",
			"language": "en",
			"lines": [
				"somewhere."
			]
		},
		{
			"begin": "23.400",
			"end": "23.880",
			"id": "f000067",
			"language": "en",
			"lines": [
				"When"
			]
		},
		{
			"begin": "23.880",
			"end": "24.600",
			"id": "f000068",
			"language": "en",
			"lines": [
				"I"
			]
		},
		{
			"begin": "24.600",
			"end": "25.120",
			"id": "f000069",
			"language": "en",
			"lines": [
				"heard"
			]
		},
		{
			"begin": "25.120",
			"end": "25.560",
			"id": "f000070",
			"language": "en",
			"lines": [
				"this"
			]
		},
		{
			"begin": "25.560",
			"end": "26.040",
			"id": "f000071",
			"language": "en",
			"lines": [
				"strange"
			]
		},
		{
			"begin": "26.040",
			"end": "26.800",
			"id": "f000072",
			"language": "en",
			"lines": [
				"story,"
			]
		},
		{
			"begin": "26.800",
			"end": "26.960",
			"id": "f000073",
			"language": "en",
			"lines": [
				"I"
			]
		},
		{
			"begin": "26.960",
			"end": "27.400",
			"id": "f000074",
			"language": "en",
			"lines": [
				"came"
			]
		},
		{
			"begin": "27.400",
			"end": "27.400",
			"id": "f000075",
			"language": "en",
			"lines": [
				"out"
			]
		},
		{
			"begin": "27.400",
			"end": "27.440",
			"id": "f000076",
			"language": "en",
			"lines": [
				"to"
			]
		},
		{
			"begin": "27.440",
			"end": "28.360",
			"id": "f000077",
			"language": "en",
			"lines": [
				"investigate.\u201d\n\n"
			]
		},
		{
			"begin": "28.360",
			"end": "28.360",
			"id": "f000078",
			"language": "en",
			"lines": [
				""
			]
		},
		{
			"begin": "28.360",
			"end": "29.240",
			"id": "f000079",
			"language": "en",
			"lines": [
				"\u201cUsing"
			]
		},
		{
			"begin": "29.240",
			"end": "29.520",
			"id": "f000080",
			"language": "en",
			"lines": [
				"a"
			]
		},
		{
			"begin": "29.520",
			"end": "29.880",
			"id": "f000081",
			"language": "en",
			"lines": [
				"magic"
			]
		},
		{
			"begin": "29.880",
			"end": "30.120",
			"id": "f000082",
			"language": "en",
			"lines": [
				"trick"
			]
		},
		{
			"begin": "30.120",
			"end": "30.440",
			"id": "f000083",
			"language": "en",
			"lines": [
				"my"
			]
		},
		{
			"begin": "30.440",
			"end": "30.760",
			"id": "f000084",
			"language": "en",
			"lines": [
				"mother"
			]
		},
		{
			"begin": "30.760",
			"end": "31.160",
			"id": "f000085",
			"language": "en",
			"lines": [
				"taught"
			]
		},
		{
			"begin": "31.160",
			"end": "31.840",
			"id": "f000086",
			"language": "en",
			"lines": [
				"me,"
			]
		},
		{
			"begin": "31.840",
			"end": "32.240",
			"id": "f000087",
			"language": "en",
			"lines": [
				"I"
			]
		},
		{
			"begin": "32.240",
			"end": "32.320",
			"id": "f000088",
			"language": "en",
			"lines": [
				"have"
			]
		},
		{
			"begin": "32.320",
			"end": "32.680",
			"id": "f000089",
			"language": "en",
			"lines": [
				"become"
			]
		},
		{
			"begin": "32.680",
			"end": "32.680",
			"id": "f000090",
			"language": "en",
			"lines": [
				"a"
			]
		},
		{
			"begin": "32.680",
			"end": "33.840",
			"id": "f000091",
			"language": "en",
			"lines": [
				"giant."
			]
		},
		{
			"begin": "33.840",
			"end": "34.400",
			"id": "f000092",
			"language": "en",
			"lines": [
				"Now"
			]
		},
		{
			"begin": "34.400",
			"end": "34.400",
			"id": "f000093",
			"language": "en",
			"lines": [
				"I"
			]
		},
		{
			"begin": "34.400",
			"end": "34.640",
			"id": "f000094",
			"language": "en",
			"lines": [
				"can"
			]
		},
		{
			"begin": "34.640",
			"end": "34.960",
			"id": "f000095",
			"language": "en",
			"lines": [
				"take"
			]
		},
		{
			"begin": "34.960",
			"end": "35.560",
			"id": "f000096",
			"language": "en",
			"lines": [
				"care"
			]
		},
		{
			"begin": "35.560",
			"end": "35.600",
			"id": "f000097",
			"language": "en",
			"lines": [
				"of"
			]
		},
		{
			"begin": "35.600",
			"end": "36.080",
			"id": "f000098",
			"language": "en",
			"lines": [
				"Angaar"
			]
		},
		{
			"begin": "36.080",
			"end": "36.280",
			"id": "f000099",
			"language": "en",
			"lines": [
				"and"
			]
		},
		{
			"begin": "36.280",
			"end": "36.320",
			"id": "f000100",
			"language": "en",
			"lines": [
				"his"
			]
		},
		{
			"begin": "36.320",
			"end": "37.360",
			"id": "f000101",
			"language": "en",
			"lines": [
				"gang,\u201d"
			]
		},
		{
			"begin": "37.360",
			"end": "37.720",
			"id": "f000102",
			"language": "en",
			"lines": [
				"said"
			]
		},
		{
			"begin": "37.720",
			"end": "38.320",
			"id": "f000103",
			"language": "en",
			"lines": [
				"Paplu.\n\n"
			]
		},
		{
			"begin": "38.320",
			"end": "38.320",
			"id": "f000104",
			"language": "en",
			"lines": [
				""
			]
		},
		{
			"begin": "38.320",
			"end": "39.520",
			"id": "f000105",
			"language": "en",
			"lines": [
				"\u201cThat\u2019s"
			]
		},
		{
			"begin": "39.520",
			"end": "39.840",
			"id": "f000106",
			"language": "en",
			"lines": [
				"great,"
			]
		},
		{
			"begin": "39.840",
			"end": "39.840",
			"id": "f000107",
			"language": "en",
			"lines": [
				"then"
			]
		},
		{
			"begin": "39.840",
			"end": "39.960",
			"id": "f000108",
			"language": "en",
			"lines": [
				"what"
			]
		},
		{
			"begin": "39.960",
			"end": "40.320",
			"id": "f000109",
			"language": "en",
			"lines": [
				"are"
			]
		},
		{
			"begin": "40.320",
			"end": "40.560",
			"id": "f000110",
			"language": "en",
			"lines": [
				"you"
			]
		},
		{
			"begin": "40.560",
			"end": "41.400",
			"id": "f000111",
			"language": "en",
			"lines": [
				"waiting"
			]
		},
		{
			"begin": "41.400",
			"end": "42.200",
			"id": "f000112",
			"language": "en",
			"lines": [
				"for?\u201d\n"
			]
		},
		{
			"begin": "42.200",
			"end": "42.440",
			"id": "f000113",
			"language": "en",
			"lines": [
				"\u201cMy"
			]
		},
		{
			"begin": "42.440",
			"end": "43.000",
			"id": "f000114",
			"language": "en",
			"lines": [
				"clothes"
			]
		},
		{
			"begin": "43.000",
			"end": "43.360",
			"id": "f000115",
			"language": "en",
			"lines": [
				"didn\u2019t"
			]
		},
		{
			"begin": "43.360",
			"end": "43.640",
			"id": "f000116",
			"language": "en",
			"lines": [
				"keep"
			]
		},
		{
			"begin": "43.640",
			"end": "44.200",
			"id": "f000117",
			"language": "en",
			"lines": [
				"pace"
			]
		},
		{
			"begin": "44.200",
			"end": "44.240",
			"id": "f000118",
			"language": "en",
			"lines": [
				"with"
			]
		},
		{
			"begin": "44.240",
			"end": "44.520",
			"id": "f000119",
			"language": "en",
			"lines": [
				"my"
			]
		},
		{
			"begin": "44.520",
			"end": "45.400",
			"id": "f000120",
			"language": "en",
			"lines": [
				"growth."
			]
		},
		{
			"begin": "45.400",
			"end": "45.680",
			"id": "f000121",
			"language": "en",
			"lines": [
				"I"
			]
		},
		{
			"begin": "45.680",
			"end": "45.720",
			"id": "f000122",
			"language": "en",
			"lines": [
				"am"
			]
		},
		{
			"begin": "45.720",
			"end": "46.360",
			"id": "f000123",
			"language": "en",
			"lines": [
				"wearing"
			]
		},
		{
			"begin": "46.360",
			"end": "46.800",
			"id": "f000124",
			"language": "en",
			"lines": [
				"almost"
			]
		},
		{
			"begin": "46.800",
			"end": "47.320",
			"id": "f000125",
			"language": "en",
			"lines": [
				"nothing."
			]
		},
		{
			"begin": "47.320",
			"end": "48.000",
			"id": "f000126",
			"language": "en",
			"lines": [
				"How"
			]
		},
		{
			"begin": "48.000",
			"end": "48.040",
			"id": "f000127",
			"language": "en",
			"lines": [
				"can"
			]
		},
		{
			"begin": "48.040",
			"end": "48.320",
			"id": "f000128",
			"language": "en",
			"lines": [
				"I"
			]
		},
		{
			"begin": "48.320",
			"end": "48.520",
			"id": "f000129",
			"language": "en",
			"lines": [
				"come"
			]
		},
		{
			"begin": "48.520",
			"end": "48.760",
			"id": "f000130",
			"language": "en",
			"lines": [
				"out"
			]
		},
		{
			"begin": "48.760",
			"end": "49.040",
			"id": "f000131",
			"language": "en",
			"lines": [
				"like"
			]
		},
		{
			"begin": "49.040",
			"end": "50.440",
			"id": "f000132",
			"language": "en",
			"lines": [
				"this?\u201d"
			]
		},
		{
			"begin": "50.440",
			"end": "50.880",
			"id": "f000133",
			"language": "en",
			"lines": [
				"Raghav"
			]
		},
		{
			"begin": "50.880",
			"end": "50.920",
			"id": "f000134",
			"language": "en",
			"lines": [
				"thought"
			]
		},
		{
			"begin": "50.920",
			"end": "51.120",
			"id": "f000135",
			"language": "en",
			"lines": [
				"for"
			]
		},
		{
			"begin": "51.120",
			"end": "51.560",
			"id": "f000136",
			"language": "en",
			"lines": [
				"some"
			]
		},
		{
			"begin": "51.560",
			"end": "51.960",
			"id": "f000137",
			"language": "en",
			"lines": [
				"time"
			]
		},
		{
			"begin": "51.960",
			"end": "52.200",
			"id": "f000138",
			"language": "en",
			"lines": [
				"and"
			]
		},
		{
			"begin": "52.200",
			"end": "52.560",
			"id": "f000139",
			"language": "en",
			"lines": [
				"said,"
			]
		},
		{
			"begin": "52.560",
			"end": "53.680",
			"id": "f000140",
			"language": "en",
			"lines": [
				"\u201cOkay,"
			]
		},
		{
			"begin": "53.680",
			"end": "53.920",
			"id": "f000141",
			"language": "en",
			"lines": [
				"give"
			]
		},
		{
			"begin": "53.920",
			"end": "54.280",
			"id": "f000142",
			"language": "en",
			"lines": [
				"me"
			]
		},
		{
			"begin": "54.280",
			"end": "54.560",
			"id": "f000143",
			"language": "en",
			"lines": [
				"some"
			]
		},
		{
			"begin": "54.560",
			"end": "55.440",
			"id": "f000144",
			"language": "en",
			"lines": [
				"time."
			]
		},
		{
			"begin": "55.440",
			"end": "55.680",
			"id": "f000145",
			"language": "en",
			"lines": [
				"By"
			]
		},
		{
			"begin": "55.680",
			"end": "56.080",
			"id": "f000146",
			"language": "en",
			"lines": [
				"nightfall,"
			]
		},
		{
			"begin": "56.080",
			"end": "56.560",
			"id": "f000147",
			"language": "en",
			"lines": [
				"I\u2019ll"
			]
		},
		{
			"begin": "56.560",
			"end": "57.000",
			"id": "f000148",
			"language": "en",
			"lines": [
				"have"
			]
		},
		{
			"begin": "57.000",
			"end": "57.200",
			"id": "f000149",
			"language": "en",
			"lines": [
				"your"
			]
		},
		{
			"begin": "57.200",
			"end": "57.760",
			"id": "f000150",
			"language": "en",
			"lines": [
				"clothes"
			]
		},
		{
			"begin": "57.760",
			"end": "58.480",
			"id": "f000151",
			"language": "en",
			"lines": [
				"ready.\u201d"
			]
		}
	]
}