{
 "fragments": [
  {
   "begin": "0.000", 
   "end": "0.320", 
   "id": "f000001", 
   "language": "en", 
   "lines": [
    "It"
   ]
  }, 
  {
   "begin": "0.320", 
   "end": "0.600", 
   "id": "f000002", 
   "language": "en", 
   "lines": [
    "was"
   ]
  }, 
  {
   "begin": "0.600", 
   "end": "0.880", 
   "id": "f000003", 
   "language": "en", 
   "lines": [
    "just"
   ]
  }, 
  {
   "begin": "0.880", 
   "end": "1.360", 
   "id": "f000004", 
   "language": "en", 
   "lines": [
    "past"
   ]
  }, 
  {
   "begin": "1.360", 
   "end": "2.680", 
   "id": "f000005", 
   "language": "en", 
   "lines": [
    "midnight."
   ]
  }, 
  {
   "begin": "2.680", 
   "end": "3.200", 
   "id": "f000006", 
   "language": "en", 
   "lines": [
    "Angaar"
   ]
  }, 
  {
   "begin": "3.200", 
   "end": "3.360", 
   "id": "f000007", 
   "language": "en", 
   "lines": [
    "and"
   ]
  }, 
  {
   "begin": "3.360", 
   "end": "3.520", 
   "id": "f000008", 
   "language": "en", 
   "lines": [
    "his"
   ]
  }, 
  {
   "begin": "3.520", 
   "end": "3.760", 
   "id": "f000009", 
   "language": "en", 
   "lines": [
    "men"
   ]
  }, 
  {
   "begin": "3.760", 
   "end": "4.000", 
   "id": "f000010", 
   "language": "en", 
   "lines": [
    "were"
   ]
  }, 
  {
   "begin": "4.000", 
   "end": "4.400", 
   "id": "f000011", 
   "language": "en", 
   "lines": [
    "fast"
   ]
  }, 
  {
   "begin": "4.400", 
   "end": "5.440", 
   "id": "f000012", 
   "language": "en", 
   "lines": [
    "asleep."
   ]
  }, 
  {
   "begin": "5.440", 
   "end": "5.760", 
   "id": "f000013", 
   "language": "en", 
   "lines": [
    "Only"
   ]
  }, 
  {
   "begin": "5.760", 
   "end": "6.120", 
   "id": "f000014", 
   "language": "en", 
   "lines": [
    "two"
   ]
  }, 
  {
   "begin": "6.120", 
   "end": "6.640", 
   "id": "f000015", 
   "language": "en", 
   "lines": [
    "bandits"
   ]
  }, 
  {
   "begin": "6.640", 
   "end": "6.960", 
   "id": "f000016", 
   "language": "en", 
   "lines": [
    "were"
   ]
  }, 
  {
   "begin": "6.960", 
   "end": "7.040", 
   "id": "f000017", 
   "language": "en", 
   "lines": [
    "on"
   ]
  }, 
  {
   "begin": "7.040", 
   "end": "7.440", 
   "id": "f000018", 
   "language": "en", 
   "lines": [
    "guard."
   ]
  }, 
  {
   "begin": "7.440", 
   "end": "8.760", 
   "id": "f000019", 
   "language": "en", 
   "lines": [
    "Suddenly"
   ]
  }, 
  {
   "begin": "8.760", 
   "end": "9.240", 
   "id": "f000020", 
   "language": "en", 
   "lines": [
    "Angaar"
   ]
  }, 
  {
   "begin": "9.240", 
   "end": "9.520", 
   "id": "f000021", 
   "language": "en", 
   "lines": [
    "woke"
   ]
  }, 
  {
   "begin": "9.520", 
   "end": "9.680", 
   "id": "f000022", 
   "language": "en", 
   "lines": [
    "up."
   ]
  }, 
  {
   "begin": "9.680", 
   "end": "10.520", 
   "id": "f000023", 
   "language": "en", 
   "lines": [
    "He"
   ]
  }, 
  {
   "begin": "10.520", 
   "end": "10.520", 
   "id": "f000024", 
   "language": "en", 
   "lines": [
    "could"
   ]
  }, 
  {
   "begin": "10.520", 
   "end": "10.880", 
   "id": "f000025", 
   "language": "en", 
   "lines": [
    "hear"
   ]
  }, 
  {
   "begin": "10.880", 
   "end": "11.240", 
   "id": "f000026", 
   "language": "en", 
   "lines": [
    "a"
   ]
  }, 
  {
   "begin": "11.240", 
   "end": "11.560", 
   "id": "f000027", 
   "language": "en", 
   "lines": [
    "strange"
   ]
  }, 
  {
   "begin": "11.560", 
   "end": "12.520", 
   "id": "f000028", 
   "language": "en", 
   "lines": [
    "sound."
   ]
  }, 
  {
   "begin": "12.520", 
   "end": "12.720", 
   "id": "f000029", 
   "language": "en", 
   "lines": [
    "He"
   ]
  }, 
  {
   "begin": "12.720", 
   "end": "13.000", 
   "id": "f000030", 
   "language": "en", 
   "lines": [
    "got"
   ]
  }, 
  {
   "begin": "13.000", 
   "end": "13.480", 
   "id": "f000031", 
   "language": "en", 
   "lines": [
    "up"
   ]
  }, 
  {
   "begin": "13.480", 
   "end": "13.720", 
   "id": "f000032", 
   "language": "en", 
   "lines": [
    "and"
   ]
  }, 
  {
   "begin": "13.720", 
   "end": "13.960", 
   "id": "f000033", 
   "language": "en", 
   "lines": [
    "picking"
   ]
  }, 
  {
   "begin": "13.960", 
   "end": "14.280", 
   "id": "f000034", 
   "language": "en", 
   "lines": [
    "up"
   ]
  }, 
  {
   "begin": "14.280", 
   "end": "14.520", 
   "id": "f000035", 
   "language": "en", 
   "lines": [
    "his"
   ]
  }, 
  {
   "begin": "14.520", 
   "end": "15.160", 
   "id": "f000036", 
   "language": "en", 
   "lines": [
    "sword,"
   ]
  }, 
  {
   "begin": "15.160", 
   "end": "15.520", 
   "id": "f000037", 
   "language": "en", 
   "lines": [
    "rushed"
   ]
  }, 
  {
   "begin": "15.520", 
   "end": "15.680", 
   "id": "f000038", 
   "language": "en", 
   "lines": [
    "out"
   ]
  }, 
  {
   "begin": "15.680", 
   "end": "15.800", 
   "id": "f000039", 
   "language": "en", 
   "lines": [
    "of"
   ]
  }, 
  {
   "begin": "15.800", 
   "end": "16.080", 
   "id": "f000040", 
   "language": "en", 
   "lines": [
    "his"
   ]
  }, 
  {
   "begin": "16.080", 
   "end": "17.280", 
   "id": "f000041", 
   "language": "en", 
   "lines": [
    "tent."
   ]
  }, 
  {
   "begin": "17.280", 
   "end": "17.560", 
   "id": "f000042", 
   "language": "en", 
   "lines": [
    "The"
   ]
  }, 
  {
   "begin": "17.560", 
   "end": "17.800", 
   "id": "f000043", 
   "language": "en", 
   "lines": [
    "other"
   ]
  }, 
  {
   "begin": "17.800", 
   "end": "18.200", 
   "id": "f000044", 
   "language": "en", 
   "lines": [
    "dacoits"
   ]
  }, 
  {
   "begin": "18.200", 
   "end": "18.480", 
   "id": "f000045", 
   "language": "en", 
   "lines": [
    "too"
   ]
  }, 
  {
   "begin": "18.480", 
   "end": "18.600", 
   "id": "f000046", 
   "language": "en", 
   "lines": [
    "were"
   ]
  }, 
  {
   "begin": "18.600", 
   "end": "18.960", 
   "id": "f000047", 
   "language": "en", 
   "lines": [
    "coming"
   ]
  }, 
  {
   "begin": "18.960", 
   "end": "19.160", 
   "id": "f000048", 
   "language": "en", 
   "lines": [
    "out"
   ]
  }, 
  {
   "begin": "19.160", 
   "end": "19.320", 
   "id": "f000049", 
   "language": "en", 
   "lines": [
    "of"
   ]
  }, 
  {
   "begin": "19.320", 
   "end": "19.560", 
   "id": "f000050", 
   "language": "en", 
   "lines": [
    "their"
   ]
  }, 
  {
   "begin": "19.560", 
   "end": "20.720", 
   "id": "f000051", 
   "language": "en", 
   "lines": [
    "enclosures,"
   ]
  }, 
  {
   "begin": "20.720", 
   "end": "21.240", 
   "id": "f000052", 
   "language": "en", 
   "lines": [
    "spears"
   ]
  }, 
  {
   "begin": "21.240", 
   "end": "21.440", 
   "id": "f000053", 
   "language": "en", 
   "lines": [
    "and"
   ]
  }, 
  {
   "begin": "21.440", 
   "end": "21.800", 
   "id": "f000054", 
   "language": "en", 
   "lines": [
    "swords"
   ]
  }, 
  {
   "begin": "21.800", 
   "end": "22.000", 
   "id": "f000055", 
   "language": "en", 
   "lines": [
    "in"
   ]
  }, 
  {
   "begin": "22.000", 
   "end": "23.200", 
   "id": "f000056", 
   "language": "en", 
   "lines": [
    "hand."
   ]
  }, 
  {
   "begin": "23.200", 
   "end": "23.960", 
   "id": "f000057", 
   "language": "en", 
   "lines": [
    "\n\n"
   ]
  }, 
  {
   "begin": "23.960", 
   "end": "24.880", 
   "id": "f000058", 
   "language": "en", 
   "lines": [
    "\u201cWhoosh!\u201d"
   ]
  }, 
  {
   "begin": "24.880", 
   "end": "25.120", 
   "id": "f000059", 
   "language": "en", 
   "lines": [
    "There"
   ]
  }, 
  {
   "begin": "25.120", 
   "end": "25.320", 
   "id": "f000060", 
   "language": "en", 
   "lines": [
    "was"
   ]
  }, 
  {
   "begin": "25.320", 
   "end": "25.440", 
   "id": "f000061", 
   "language": "en", 
   "lines": [
    "the"
   ]
  }, 
  {
   "begin": "25.440", 
   "end": "25.920", 
   "id": "f000062", 
   "language": "en", 
   "lines": [
    "sound"
   ]
  }, 
  {
   "begin": "25.920", 
   "end": "27.120", 
   "id": "f000063", 
   "language": "en", 
   "lines": [
    "again."
   ]
  }, 
  {
   "begin": "27.120", 
   "end": "27.240", 
   "id": "f000064", 
   "language": "en", 
   "lines": [
    "It"
   ]
  }, 
  {
   "begin": "27.240", 
   "end": "27.560", 
   "id": "f000065", 
   "language": "en", 
   "lines": [
    "seemed"
   ]
  }, 
  {
   "begin": "27.560", 
   "end": "27.720", 
   "id": "f000066", 
   "language": "en", 
   "lines": [
    "to"
   ]
  }, 
  {
   "begin": "27.720", 
   "end": "27.880", 
   "id": "f000067", 
   "language": "en", 
   "lines": [
    "be"
   ]
  }, 
  {
   "begin": "27.880", 
   "end": "28.320", 
   "id": "f000068", 
   "language": "en", 
   "lines": [
    "growing"
   ]
  }, 
  {
   "begin": "28.320", 
   "end": "28.920", 
   "id": "f000069", 
   "language": "en", 
   "lines": [
    "louder"
   ]
  }, 
  {
   "begin": "28.920", 
   "end": "29.200", 
   "id": "f000070", 
   "language": "en", 
   "lines": [
    "and"
   ]
  }, 
  {
   "begin": "29.200", 
   "end": "29.840", 
   "id": "f000071", 
   "language": "en", 
   "lines": [
    "closer."
   ]
  }, 
  {
   "begin": "29.840", 
   "end": "29.840", 
   "id": "f000072", 
   "language": "en", 
   "lines": [
    "\u201cWHOOSH!\u201d"
   ]
  }, 
  {
   "begin": "29.840", 
   "end": "32.160", 
   "id": "f000073", 
   "language": "en", 
   "lines": [
    "\n\n"
   ]
  }, 
  {
   "begin": "32.160", 
   "end": "32.720", 
   "id": "f000074", 
   "language": "en", 
   "lines": [
    "Angaar"
   ]
  }, 
  {
   "begin": "32.720", 
   "end": "33.000", 
   "id": "f000075", 
   "language": "en", 
   "lines": [
    "looked"
   ]
  }, 
  {
   "begin": "33.000", 
   "end": "34.320", 
   "id": "f000076", 
   "language": "en", 
   "lines": [
    "around."
   ]
  }, 
  {
   "begin": "34.320", 
   "end": "34.520", 
   "id": "f000077", 
   "language": "en", 
   "lines": [
    "A"
   ]
  }, 
  {
   "begin": "34.520", 
   "end": "34.880", 
   "id": "f000078", 
   "language": "en", 
   "lines": [
    "dust"
   ]
  }, 
  {
   "begin": "34.880", 
   "end": "35.360", 
   "id": "f000079", 
   "language": "en", 
   "lines": [
    "storm"
   ]
  }, 
  {
   "begin": "35.360", 
   "end": "35.600", 
   "id": "f000080", 
   "language": "en", 
   "lines": [
    "seemed"
   ]
  }, 
  {
   "begin": "35.600", 
   "end": "35.720", 
   "id": "f000081", 
   "language": "en", 
   "lines": [
    "to"
   ]
  }, 
  {
   "begin": "35.720", 
   "end": "35.920", 
   "id": "f000082", 
   "language": "en", 
   "lines": [
    "be"
   ]
  }, 
  {
   "begin": "35.920", 
   "end": "36.400", 
   "id": "f000083", 
   "language": "en", 
   "lines": [
    "gathering"
   ]
  }, 
  {
   "begin": "36.400", 
   "end": "37.600", 
   "id": "f000084", 
   "language": "en", 
   "lines": [
    "momentum."
   ]
  }
 ]
}