{
 "fragments": [
  {
   "begin": "0.000", 
   "end": "0.800", 
   "id": "f000001", 
   "language": "en", 
   "lines": [
    "Raghav"
   ]
  }, 
  {
   "begin": "0.800", 
   "end": "1.120", 
   "id": "f000002", 
   "language": "en", 
   "lines": [
    "went"
   ]
  }, 
  {
   "begin": "1.120", 
   "end": "1.360", 
   "id": "f000003", 
   "language": "en", 
   "lines": [
    "back"
   ]
  }, 
  {
   "begin": "1.360", 
   "end": "2.040", 
   "id": "f000004", 
   "language": "en", 
   "lines": [
    "home"
   ]
  }, 
  {
   "begin": "2.040", 
   "end": "2.240", 
   "id": "f000005", 
   "language": "en", 
   "lines": [
    "and"
   ]
  }, 
  {
   "begin": "2.240", 
   "end": "2.880", 
   "id": "f000006", 
   "language": "en", 
   "lines": [
    "summoned"
   ]
  }, 
  {
   "begin": "2.880", 
   "end": "3.240", 
   "id": "f000007", 
   "language": "en", 
   "lines": [
    "all"
   ]
  }, 
  {
   "begin": "3.240", 
   "end": "3.360", 
   "id": "f000008", 
   "language": "en", 
   "lines": [
    "the"
   ]
  }, 
  {
   "begin": "3.360", 
   "end": "3.920", 
   "id": "f000009", 
   "language": "en", 
   "lines": [
    "tailors"
   ]
  }, 
  {
   "begin": "3.920", 
   "end": "4.040", 
   "id": "f000010", 
   "language": "en", 
   "lines": [
    "in"
   ]
  }, 
  {
   "begin": "4.040", 
   "end": "4.160", 
   "id": "f000011", 
   "language": "en", 
   "lines": [
    "the"
   ]
  }, 
  {
   "begin": "4.160", 
   "end": "4.560", 
   "id": "f000012", 
   "language": "en", 
   "lines": [
    "village."
   ]
  }, 
  {
   "begin": "4.560", 
   "end": "5.680", 
   "id": "f000013", 
   "language": "en", 
   "lines": [
    "Twenty"
   ]
  }, 
  {
   "begin": "5.680", 
   "end": "5.920", 
   "id": "f000014", 
   "language": "en", 
   "lines": [
    "one"
   ]
  }, 
  {
   "begin": "5.920", 
   "end": "6.480", 
   "id": "f000015", 
   "language": "en", 
   "lines": [
    "tailors"
   ]
  }, 
  {
   "begin": "6.480", 
   "end": "6.960", 
   "id": "f000016", 
   "language": "en", 
   "lines": [
    "appeared"
   ]
  }, 
  {
   "begin": "6.960", 
   "end": "7.040", 
   "id": "f000017", 
   "language": "en", 
   "lines": [
    "in"
   ]
  }, 
  {
   "begin": "7.040", 
   "end": "7.440", 
   "id": "f000018", 
   "language": "en", 
   "lines": [
    "no"
   ]
  }, 
  {
   "begin": "7.440", 
   "end": "8.320", 
   "id": "f000019", 
   "language": "en", 
   "lines": [
    "time."
   ]
  }, 
  {
   "begin": "8.320", 
   "end": "8.800", 
   "id": "f000020", 
   "language": "en", 
   "lines": [
    "Raghav"
   ]
  }, 
  {
   "begin": "8.800", 
   "end": "9.360", 
   "id": "f000021", 
   "language": "en", 
   "lines": [
    "explained"
   ]
  }, 
  {
   "begin": "9.360", 
   "end": "9.360", 
   "id": "f000022", 
   "language": "en", 
   "lines": [
    "the"
   ]
  }, 
  {
   "begin": "9.360", 
   "end": "9.840", 
   "id": "f000023", 
   "language": "en", 
   "lines": [
    "problem"
   ]
  }, 
  {
   "begin": "9.840", 
   "end": "9.960", 
   "id": "f000024", 
   "language": "en", 
   "lines": [
    "to"
   ]
  }, 
  {
   "begin": "9.960", 
   "end": "10.240", 
   "id": "f000025", 
   "language": "en", 
   "lines": [
    "them"
   ]
  }, 
  {
   "begin": "10.240", 
   "end": "10.480", 
   "id": "f000026", 
   "language": "en", 
   "lines": [
    "and"
   ]
  }, 
  {
   "begin": "10.480", 
   "end": "10.840", 
   "id": "f000027", 
   "language": "en", 
   "lines": [
    "said,"
   ]
  }, 
  {
   "begin": "10.840", 
   "end": "11.560", 
   "id": "f000028", 
   "language": "en", 
   "lines": [
    "\u201cI"
   ]
  }, 
  {
   "begin": "11.560", 
   "end": "11.880", 
   "id": "f000029", 
   "language": "en", 
   "lines": [
    "want"
   ]
  }, 
  {
   "begin": "11.880", 
   "end": "11.880", 
   "id": "f000030", 
   "language": "en", 
   "lines": [
    "a"
   ]
  }, 
  {
   "begin": "11.880", 
   "end": "12.280", 
   "id": "f000031", 
   "language": "en", 
   "lines": [
    "pair"
   ]
  }, 
  {
   "begin": "12.280", 
   "end": "12.280", 
   "id": "f000032", 
   "language": "en", 
   "lines": [
    "of"
   ]
  }, 
  {
   "begin": "12.280", 
   "end": "13.040", 
   "id": "f000033", 
   "language": "en", 
   "lines": [
    "pyjamas"
   ]
  }, 
  {
   "begin": "13.040", 
   "end": "13.200", 
   "id": "f000034", 
   "language": "en", 
   "lines": [
    "and"
   ]
  }, 
  {
   "begin": "13.200", 
   "end": "13.280", 
   "id": "f000035", 
   "language": "en", 
   "lines": [
    "a"
   ]
  }, 
  {
   "begin": "13.280", 
   "end": "13.840", 
   "id": "f000036", 
   "language": "en", 
   "lines": [
    "kurta,"
   ]
  }, 
  {
   "begin": "13.840", 
   "end": "14.200", 
   "id": "f000037", 
   "language": "en", 
   "lines": [
    "to"
   ]
  }, 
  {
   "begin": "14.200", 
   "end": "14.520", 
   "id": "f000038", 
   "language": "en", 
   "lines": [
    "be"
   ]
  }, 
  {
   "begin": "14.520", 
   "end": "14.960", 
   "id": "f000039", 
   "language": "en", 
   "lines": [
    "stitched"
   ]
  }, 
  {
   "begin": "14.960", 
   "end": "15.240", 
   "id": "f000040", 
   "language": "en", 
   "lines": [
    "as"
   ]
  }, 
  {
   "begin": "15.240", 
   "end": "15.640", 
   "id": "f000041", 
   "language": "en", 
   "lines": [
    "soon"
   ]
  }, 
  {
   "begin": "15.640", 
   "end": "15.760", 
   "id": "f000042", 
   "language": "en", 
   "lines": [
    "as"
   ]
  }, 
  {
   "begin": "15.760", 
   "end": "16.360", 
   "id": "f000043", 
   "language": "en", 
   "lines": [
    "possible"
   ]
  }, 
  {
   "begin": "16.360", 
   "end": "16.480", 
   "id": "f000044", 
   "language": "en", 
   "lines": [
    "for"
   ]
  }, 
  {
   "begin": "16.480", 
   "end": "16.640", 
   "id": "f000045", 
   "language": "en", 
   "lines": [
    "Paplu.\u201d"
   ]
  }, 
  {
   "begin": "16.640", 
   "end": "17.600", 
   "id": "f000046", 
   "language": "en", 
   "lines": [
    "\n\n"
   ]
  }, 
  {
   "begin": "17.600", 
   "end": "17.960", 
   "id": "f000047", 
   "language": "en", 
   "lines": [
    "Soon"
   ]
  }, 
  {
   "begin": "17.960", 
   "end": "18.680", 
   "id": "f000048", 
   "language": "en", 
   "lines": [
    "\u2018Operation"
   ]
  }, 
  {
   "begin": "18.680", 
   "end": "19.120", 
   "id": "f000049", 
   "language": "en", 
   "lines": [
    "Paplu"
   ]
  }, 
  {
   "begin": "19.120", 
   "end": "19.520", 
   "id": "f000050", 
   "language": "en", 
   "lines": [
    "Dress\u2019"
   ]
  }, 
  {
   "begin": "19.520", 
   "end": "20.520", 
   "id": "f000051", 
   "language": "en", 
   "lines": [
    "started."
   ]
  }, 
  {
   "begin": "20.520", 
   "end": "20.640", 
   "id": "f000052", 
   "language": "en", 
   "lines": [
    "It"
   ]
  }, 
  {
   "begin": "20.640", 
   "end": "20.840", 
   "id": "f000053", 
   "language": "en", 
   "lines": [
    "was"
   ]
  }, 
  {
   "begin": "20.840", 
   "end": "21.120", 
   "id": "f000054", 
   "language": "en", 
   "lines": [
    "quite"
   ]
  }, 
  {
   "begin": "21.120", 
   "end": "21.560", 
   "id": "f000055", 
   "language": "en", 
   "lines": [
    "funny"
   ]
  }, 
  {
   "begin": "21.560", 
   "end": "21.560", 
   "id": "f000056", 
   "language": "en", 
   "lines": [
    "to"
   ]
  }, 
  {
   "begin": "21.560", 
   "end": "21.880", 
   "id": "f000057", 
   "language": "en", 
   "lines": [
    "see"
   ]
  }, 
  {
   "begin": "21.880", 
   "end": "22.000", 
   "id": "f000058", 
   "language": "en", 
   "lines": [
    "the"
   ]
  }, 
  {
   "begin": "22.000", 
   "end": "22.560", 
   "id": "f000059", 
   "language": "en", 
   "lines": [
    "tailors"
   ]
  }, 
  {
   "begin": "22.560", 
   "end": "23.120", 
   "id": "f000060", 
   "language": "en", 
   "lines": [
    "scrambling"
   ]
  }, 
  {
   "begin": "23.120", 
   "end": "23.200", 
   "id": "f000061", 
   "language": "en", 
   "lines": [
    "up"
   ]
  }, 
  {
   "begin": "23.200", 
   "end": "23.840", 
   "id": "f000062", 
   "language": "en", 
   "lines": [
    "Paplu\u2019s"
   ]
  }, 
  {
   "begin": "23.840", 
   "end": "24.520", 
   "id": "f000063", 
   "language": "en", 
   "lines": [
    "back,"
   ]
  }, 
  {
   "begin": "24.520", 
   "end": "25.000", 
   "id": "f000064", 
   "language": "en", 
   "lines": [
    "legs"
   ]
  }, 
  {
   "begin": "25.000", 
   "end": "25.240", 
   "id": "f000065", 
   "language": "en", 
   "lines": [
    "and"
   ]
  }, 
  {
   "begin": "25.240", 
   "end": "25.640", 
   "id": "f000066", 
   "language": "en", 
   "lines": [
    "hands"
   ]
  }, 
  {
   "begin": "25.640", 
   "end": "25.960", 
   "id": "f000067", 
   "language": "en", 
   "lines": [
    "to"
   ]
  }, 
  {
   "begin": "25.960", 
   "end": "26.160", 
   "id": "f000068", 
   "language": "en", 
   "lines": [
    "take"
   ]
  }, 
  {
   "begin": "26.160", 
   "end": "26.400", 
   "id": "f000069", 
   "language": "en", 
   "lines": [
    "his"
   ]
  }, 
  {
   "begin": "26.400", 
   "end": "27.720", 
   "id": "f000070", 
   "language": "en", 
   "lines": [
    "measurements."
   ]
  }, 
  {
   "begin": "27.720", 
   "end": "27.880", 
   "id": "f000071", 
   "language": "en", 
   "lines": [
    "The"
   ]
  }, 
  {
   "begin": "27.880", 
   "end": "28.200", 
   "id": "f000072", 
   "language": "en", 
   "lines": [
    "whole"
   ]
  }, 
  {
   "begin": "28.200", 
   "end": "28.600", 
   "id": "f000073", 
   "language": "en", 
   "lines": [
    "village"
   ]
  }, 
  {
   "begin": "28.600", 
   "end": "28.880", 
   "id": "f000074", 
   "language": "en", 
   "lines": [
    "got"
   ]
  }, 
  {
   "begin": "28.880", 
   "end": "29.280", 
   "id": "f000075", 
   "language": "en", 
   "lines": [
    "into"
   ]
  }, 
  {
   "begin": "29.280", 
   "end": "29.520", 
   "id": "f000076", 
   "language": "en", 
   "lines": [
    "action"
   ]
  }, 
  {
   "begin": "29.520", 
   "end": "30.600", 
   "id": "f000077", 
   "language": "en", 
   "lines": [
    "contributing"
   ]
  }, 
  {
   "begin": "30.600", 
   "end": "31.120", 
   "id": "f000078", 
   "language": "en", 
   "lines": [
    "whatever"
   ]
  }, 
  {
   "begin": "31.120", 
   "end": "31.560", 
   "id": "f000079", 
   "language": "en", 
   "lines": [
    "material"
   ]
  }, 
  {
   "begin": "31.560", 
   "end": "31.720", 
   "id": "f000080", 
   "language": "en", 
   "lines": [
    "they"
   ]
  }, 
  {
   "begin": "31.720", 
   "end": "32.680", 
   "id": "f000081", 
   "language": "en", 
   "lines": [
    "could."
   ]
  }, 
  {
   "begin": "32.680", 
   "end": "33.120", 
   "id": "f000082", 
   "language": "en", 
   "lines": [
    "Even"
   ]
  }, 
  {
   "begin": "33.120", 
   "end": "33.440", 
   "id": "f000083", 
   "language": "en", 
   "lines": [
    "Soni"
   ]
  }, 
  {
   "begin": "33.440", 
   "end": "33.920", 
   "id": "f000084", 
   "language": "en", 
   "lines": [
    "donated"
   ]
  }, 
  {
   "begin": "33.920", 
   "end": "34.120", 
   "id": "f000085", 
   "language": "en", 
   "lines": [
    "her"
   ]
  }, 
  {
   "begin": "34.120", 
   "end": "34.440", 
   "id": "f000086", 
   "language": "en", 
   "lines": [
    "doll\u2019s"
   ]
  }, 
  {
   "begin": "34.440", 
   "end": "34.880", 
   "id": "f000087", 
   "language": "en", 
   "lines": [
    "shawl"
   ]
  }, 
  {
   "begin": "34.880", 
   "end": "35.000", 
   "id": "f000088", 
   "language": "en", 
   "lines": [
    "to"
   ]
  }, 
  {
   "begin": "35.000", 
   "end": "35.120", 
   "id": "f000089", 
   "language": "en", 
   "lines": [
    "the"
   ]
  }, 
  {
   "begin": "35.120", 
   "end": "35.360", 
   "id": "f000090", 
   "language": "en", 
   "lines": [
    "project!"
   ]
  }, 
  {
   "begin": "35.360", 
   "end": "36.440", 
   "id": "f000091", 
   "language": "en", 
   "lines": [
    "\n\n"
   ]
  }, 
  {
   "begin": "36.440", 
   "end": "36.640", 
   "id": "f000092", 
   "language": "en", 
   "lines": [
    "In"
   ]
  }, 
  {
   "begin": "36.640", 
   "end": "37.000", 
   "id": "f000093", 
   "language": "en", 
   "lines": [
    "seven"
   ]
  }, 
  {
   "begin": "37.000", 
   "end": "37.520", 
   "id": "f000094", 
   "language": "en", 
   "lines": [
    "hours,"
   ]
  }, 
  {
   "begin": "37.520", 
   "end": "37.840", 
   "id": "f000095", 
   "language": "en", 
   "lines": [
    "the"
   ]
  }, 
  {
   "begin": "37.840", 
   "end": "38.160", 
   "id": "f000096", 
   "language": "en", 
   "lines": [
    "dress"
   ]
  }, 
  {
   "begin": "38.160", 
   "end": "38.600", 
   "id": "f000097", 
   "language": "en", 
   "lines": [
    "was"
   ]
  }, 
  {
   "begin": "38.600", 
   "end": "39.160", 
   "id": "f000098", 
   "language": "en", 
   "lines": [
    "ready."
   ]
  }, 
  {
   "begin": "39.160", 
   "end": "39.320", 
   "id": "f000099", 
   "language": "en", 
   "lines": [
    "In"
   ]
  }, 
  {
   "begin": "39.320", 
   "end": "39.760", 
   "id": "f000100", 
   "language": "en", 
   "lines": [
    "seven"
   ]
  }, 
  {
   "begin": "39.760", 
   "end": "40.560", 
   "id": "f000101", 
   "language": "en", 
   "lines": [
    "hours,"
   ]
  }, 
  {
   "begin": "40.560", 
   "end": "40.600", 
   "id": "f000102", 
   "language": "en", 
   "lines": [
    "with"
   ]
  }, 
  {
   "begin": "40.600", 
   "end": "40.960", 
   "id": "f000103", 
   "language": "en", 
   "lines": [
    "a"
   ]
  }, 
  {
   "begin": "40.960", 
   "end": "41.200", 
   "id": "f000104", 
   "language": "en", 
   "lines": [
    "whoop"
   ]
  }, 
  {
   "begin": "41.200", 
   "end": "41.440", 
   "id": "f000105", 
   "language": "en", 
   "lines": [
    "of"
   ]
  }, 
  {
   "begin": "41.440", 
   "end": "41.800", 
   "id": "f000106", 
   "language": "en", 
   "lines": [
    "joy,"
   ]
  }, 
  {
   "begin": "41.800", 
   "end": "42.600", 
   "id": "f000107", 
   "language": "en", 
   "lines": [
    "Paplu"
   ]
  }, 
  {
   "begin": "42.600", 
   "end": "42.880", 
   "id": "f000108", 
   "language": "en", 
   "lines": [
    "stood"
   ]
  }, 
  {
   "begin": "42.880", 
   "end": "42.960", 
   "id": "f000109", 
   "language": "en", 
   "lines": [
    "up"
   ]
  }, 
  {
   "begin": "42.960", 
   "end": "43.640", 
   "id": "f000110", 
   "language": "en", 
   "lines": [
    "towering"
   ]
  }, 
  {
   "begin": "43.640", 
   "end": "43.880", 
   "id": "f000111", 
   "language": "en", 
   "lines": [
    "over"
   ]
  }, 
  {
   "begin": "43.880", 
   "end": "44.000", 
   "id": "f000112", 
   "language": "en", 
   "lines": [
    "the"
   ]
  }, 
  {
   "begin": "44.000", 
   "end": "45.160", 
   "id": "f000113", 
   "language": "en", 
   "lines": [
    "villagers."
   ]
  }, 
  {
   "begin": "45.160", 
   "end": "45.560", 
   "id": "f000114", 
   "language": "en", 
   "lines": [
    "He"
   ]
  }, 
  {
   "begin": "45.560", 
   "end": "45.760", 
   "id": "f000115", 
   "language": "en", 
   "lines": [
    "looked"
   ]
  }, 
  {
   "begin": "45.760", 
   "end": "46.240", 
   "id": "f000116", 
   "language": "en", 
   "lines": [
    "really"
   ]
  }, 
  {
   "begin": "46.240", 
   "end": "46.600", 
   "id": "f000117", 
   "language": "en", 
   "lines": [
    "smart"
   ]
  }, 
  {
   "begin": "46.600", 
   "end": "46.720", 
   "id": "f000118", 
   "language": "en", 
   "lines": [
    "with"
   ]
  }, 
  {
   "begin": "46.720", 
   "end": "46.880", 
   "id": "f000119", 
   "language": "en", 
   "lines": [
    "the"
   ]
  }, 
  {
   "begin": "46.880", 
   "end": "47.560", 
   "id": "f000120", 
   "language": "en", 
   "lines": [
    "multi-coloured"
   ]
  }, 
  {
   "begin": "47.560", 
   "end": "47.880", 
   "id": "f000121", 
   "language": "en", 
   "lines": [
    "kurta"
   ]
  }, 
  {
   "begin": "47.880", 
   "end": "48.400", 
   "id": "f000122", 
   "language": "en", 
   "lines": [
    "and"
   ]
  }, 
  {
   "begin": "48.400", 
   "end": "48.800", 
   "id": "f000123", 
   "language": "en", 
   "lines": [
    "an"
   ]
  }, 
  {
   "begin": "48.800", 
   "end": "49.360", 
   "id": "f000124", 
   "language": "en", 
   "lines": [
    "equally"
   ]
  }, 
  {
   "begin": "49.360", 
   "end": "50.000", 
   "id": "f000125", 
   "language": "en", 
   "lines": [
    "multi-coloured"
   ]
  }, 
  {
   "begin": "50.000", 
   "end": "50.640", 
   "id": "f000126", 
   "language": "en", 
   "lines": [
    "pyjama."
   ]
  }, 
  {
   "begin": "50.640", 
   "end": "51.200", 
   "id": "f000127", 
   "language": "en", 
   "lines": [
    "There"
   ]
  }, 
  {
   "begin": "51.200", 
   "end": "51.480", 
   "id": "f000128", 
   "language": "en", 
   "lines": [
    "was"
   ]
  }, 
  {
   "begin": "51.480", 
   "end": "52.240", 
   "id": "f000129", 
   "language": "en", 
   "lines": [
    "thunderous"
   ]
  }, 
  {
   "begin": "52.240", 
   "end": "53.720", 
   "id": "f000130", 
   "language": "en", 
   "lines": [
    "applause."
   ]
  }
 ]
}