{
 "fragments": [
  {
   "begin": "0.000", 
   "end": "1.520", 
   "id": "f000001", 
   "language": "en", 
   "lines": [
    "\u201cGood."
   ]
  }, 
  {
   "begin": "1.520", 
   "end": "2.480", 
   "id": "f000002", 
   "language": "en", 
   "lines": [
    "Remember,"
   ]
  }, 
  {
   "begin": "2.480", 
   "end": "2.680", 
   "id": "f000003", 
   "language": "en", 
   "lines": [
    "if"
   ]
  }, 
  {
   "begin": "2.680", 
   "end": "3.040", 
   "id": "f000004", 
   "language": "en", 
   "lines": [
    "I"
   ]
  }, 
  {
   "begin": "3.040", 
   "end": "3.280", 
   "id": "f000005", 
   "language": "en", 
   "lines": [
    "hear"
   ]
  }, 
  {
   "begin": "3.280", 
   "end": "3.360", 
   "id": "f000006", 
   "language": "en", 
   "lines": [
    "you"
   ]
  }, 
  {
   "begin": "3.360", 
   "end": "3.600", 
   "id": "f000007", 
   "language": "en", 
   "lines": [
    "are"
   ]
  }, 
  {
   "begin": "3.600", 
   "end": "3.920", 
   "id": "f000008", 
   "language": "en", 
   "lines": [
    "even"
   ]
  }, 
  {
   "begin": "3.920", 
   "end": "4.560", 
   "id": "f000009", 
   "language": "en", 
   "lines": [
    "passing"
   ]
  }, 
  {
   "begin": "4.560", 
   "end": "4.840", 
   "id": "f000010", 
   "language": "en", 
   "lines": [
    "through"
   ]
  }, 
  {
   "begin": "4.840", 
   "end": "5.160", 
   "id": "f000011", 
   "language": "en", 
   "lines": [
    "these"
   ]
  }, 
  {
   "begin": "5.160", 
   "end": "6.040", 
   "id": "f000012", 
   "language": "en", 
   "lines": [
    "parts,"
   ]
  }, 
  {
   "begin": "6.040", 
   "end": "6.240", 
   "id": "f000013", 
   "language": "en", 
   "lines": [
    "I\u2019ll"
   ]
  }, 
  {
   "begin": "6.240", 
   "end": "6.480", 
   "id": "f000014", 
   "language": "en", 
   "lines": [
    "make"
   ]
  }, 
  {
   "begin": "6.480", 
   "end": "6.600", 
   "id": "f000015", 
   "language": "en", 
   "lines": [
    "a"
   ]
  }, 
  {
   "begin": "6.600", 
   "end": "7.040", 
   "id": "f000016", 
   "language": "en", 
   "lines": [
    "paste"
   ]
  }, 
  {
   "begin": "7.040", 
   "end": "7.080", 
   "id": "f000017", 
   "language": "en", 
   "lines": [
    "of"
   ]
  }, 
  {
   "begin": "7.080", 
   "end": "7.400", 
   "id": "f000018", 
   "language": "en", 
   "lines": [
    "you"
   ]
  }, 
  {
   "begin": "7.400", 
   "end": "7.640", 
   "id": "f000019", 
   "language": "en", 
   "lines": [
    "and"
   ]
  }, 
  {
   "begin": "7.640", 
   "end": "7.920", 
   "id": "f000020", 
   "language": "en", 
   "lines": [
    "your"
   ]
  }, 
  {
   "begin": "7.920", 
   "end": "8.520", 
   "id": "f000021", 
   "language": "en", 
   "lines": [
    "gang"
   ]
  }, 
  {
   "begin": "8.520", 
   "end": "8.800", 
   "id": "f000022", 
   "language": "en", 
   "lines": [
    "and"
   ]
  }, 
  {
   "begin": "8.800", 
   "end": "9.120", 
   "id": "f000023", 
   "language": "en", 
   "lines": [
    "feed"
   ]
  }, 
  {
   "begin": "9.120", 
   "end": "9.120", 
   "id": "f000024", 
   "language": "en", 
   "lines": [
    "it"
   ]
  }, 
  {
   "begin": "9.120", 
   "end": "9.160", 
   "id": "f000025", 
   "language": "en", 
   "lines": [
    "to"
   ]
  }, 
  {
   "begin": "9.160", 
   "end": "9.400", 
   "id": "f000026", 
   "language": "en", 
   "lines": [
    "the"
   ]
  }, 
  {
   "begin": "9.400", 
   "end": "10.160", 
   "id": "f000027", 
   "language": "en", 
   "lines": [
    "fish"
   ]
  }, 
  {
   "begin": "10.160", 
   "end": "10.560", 
   "id": "f000028", 
   "language": "en", 
   "lines": [
    "in"
   ]
  }, 
  {
   "begin": "10.560", 
   "end": "11.760", 
   "id": "f000029", 
   "language": "en", 
   "lines": [
    "this"
   ]
  }, 
  {
   "begin": "11.760", 
   "end": "12.320", 
   "id": "f000030", 
   "language": "en", 
   "lines": [
    "river.\u201d\n\n"
   ]
  }, 
  {
   "begin": "12.320", 
   "end": "12.320", 
   "id": "f000031", 
   "language": "en", 
   "lines": [
    ""
   ]
  }, 
  {
   "begin": "12.320", 
   "end": "12.320", 
   "id": "f000032", 
   "language": "en", 
   "lines": [
    ""
   ]
  }, 
  {
   "begin": "12.320", 
   "end": "13.160", 
   "id": "f000033", 
   "language": "en", 
   "lines": [
    "\u201cYes,"
   ]
  }, 
  {
   "begin": "13.160", 
   "end": "14.000", 
   "id": "f000034", 
   "language": "en", 
   "lines": [
    "Maharaj."
   ]
  }, 
  {
   "begin": "14.000", 
   "end": "14.160", 
   "id": "f000035", 
   "language": "en", 
   "lines": [
    "But"
   ]
  }, 
  {
   "begin": "14.160", 
   "end": "14.640", 
   "id": "f000036", 
   "language": "en", 
   "lines": [
    "please,"
   ]
  }, 
  {
   "begin": "14.640", 
   "end": "14.800", 
   "id": "f000037", 
   "language": "en", 
   "lines": [
    "do"
   ]
  }, 
  {
   "begin": "14.800", 
   "end": "15.040", 
   "id": "f000038", 
   "language": "en", 
   "lines": [
    "tell"
   ]
  }, 
  {
   "begin": "15.040", 
   "end": "15.200", 
   "id": "f000039", 
   "language": "en", 
   "lines": [
    "me,"
   ]
  }, 
  {
   "begin": "15.200", 
   "end": "15.280", 
   "id": "f000040", 
   "language": "en", 
   "lines": [
    "who"
   ]
  }, 
  {
   "begin": "15.280", 
   "end": "15.280", 
   "id": "f000041", 
   "language": "en", 
   "lines": [
    "are"
   ]
  }, 
  {
   "begin": "15.280", 
   "end": "15.360", 
   "id": "f000042", 
   "language": "en", 
   "lines": [
    "you?"
   ]
  }, 
  {
   "begin": "15.360", 
   "end": "15.680", 
   "id": "f000043", 
   "language": "en", 
   "lines": [
    "I"
   ]
  }, 
  {
   "begin": "15.680", 
   "end": "15.960", 
   "id": "f000044", 
   "language": "en", 
   "lines": [
    "have"
   ]
  }, 
  {
   "begin": "15.960", 
   "end": "16.440", 
   "id": "f000045", 
   "language": "en", 
   "lines": [
    "never"
   ]
  }, 
  {
   "begin": "16.440", 
   "end": "17.160", 
   "id": "f000046", 
   "language": "en", 
   "lines": [
    "seen"
   ]
  }, 
  {
   "begin": "17.160", 
   "end": "17.520", 
   "id": "f000047", 
   "language": "en", 
   "lines": [
    "you"
   ]
  }, 
  {
   "begin": "17.520", 
   "end": "17.600", 
   "id": "f000048", 
   "language": "en", 
   "lines": [
    "in"
   ]
  }, 
  {
   "begin": "17.600", 
   "end": "17.880", 
   "id": "f000049", 
   "language": "en", 
   "lines": [
    "these"
   ]
  }, 
  {
   "begin": "17.880", 
   "end": "18.360", 
   "id": "f000050", 
   "language": "en", 
   "lines": [
    "parts.\u201d\n\n"
   ]
  }, 
  {
   "begin": "18.360", 
   "end": "18.360", 
   "id": "f000051", 
   "language": "en", 
   "lines": [
    ""
   ]
  }, 
  {
   "begin": "18.360", 
   "end": "19.320", 
   "id": "f000052", 
   "language": "en", 
   "lines": [
    "\u201cI"
   ]
  }, 
  {
   "begin": "19.320", 
   "end": "19.600", 
   "id": "f000053", 
   "language": "en", 
   "lines": [
    "am"
   ]
  }, 
  {
   "begin": "19.600", 
   "end": "19.880", 
   "id": "f000054", 
   "language": "en", 
   "lines": [
    "a"
   ]
  }, 
  {
   "begin": "19.880", 
   "end": "20.280", 
   "id": "f000055", 
   "language": "en", 
   "lines": [
    "guardian"
   ]
  }, 
  {
   "begin": "20.280", 
   "end": "20.280", 
   "id": "f000056", 
   "language": "en", 
   "lines": [
    "of"
   ]
  }, 
  {
   "begin": "20.280", 
   "end": "20.520", 
   "id": "f000057", 
   "language": "en", 
   "lines": [
    "this"
   ]
  }, 
  {
   "begin": "20.520", 
   "end": "21.080", 
   "id": "f000058", 
   "language": "en", 
   "lines": [
    "village,\u201d"
   ]
  }, 
  {
   "begin": "21.080", 
   "end": "21.880", 
   "id": "f000059", 
   "language": "en", 
   "lines": [
    "Paplu"
   ]
  }, 
  {
   "begin": "21.880", 
   "end": "21.920", 
   "id": "f000060", 
   "language": "en", 
   "lines": [
    "said."
   ]
  }, 
  {
   "begin": "21.920", 
   "end": "21.920", 
   "id": "f000061", 
   "language": "en", 
   "lines": [
    "He"
   ]
  }, 
  {
   "begin": "21.920", 
   "end": "22.200", 
   "id": "f000062", 
   "language": "en", 
   "lines": [
    "paused"
   ]
  }, 
  {
   "begin": "22.200", 
   "end": "23.000", 
   "id": "f000063", 
   "language": "en", 
   "lines": [
    "for"
   ]
  }, 
  {
   "begin": "23.000", 
   "end": "23.200", 
   "id": "f000064", 
   "language": "en", 
   "lines": [
    "a"
   ]
  }, 
  {
   "begin": "23.200", 
   "end": "23.200", 
   "id": "f000065", 
   "language": "en", 
   "lines": [
    "good"
   ]
  }, 
  {
   "begin": "23.200", 
   "end": "23.440", 
   "id": "f000066", 
   "language": "en", 
   "lines": [
    "ten"
   ]
  }, 
  {
   "begin": "23.440", 
   "end": "23.800", 
   "id": "f000067", 
   "language": "en", 
   "lines": [
    "seconds"
   ]
  }, 
  {
   "begin": "23.800", 
   "end": "23.800", 
   "id": "f000068", 
   "language": "en", 
   "lines": [
    "and"
   ]
  }, 
  {
   "begin": "23.800", 
   "end": "23.800", 
   "id": "f000069", 
   "language": "en", 
   "lines": [
    "then"
   ]
  }, 
  {
   "begin": "23.800", 
   "end": "23.880", 
   "id": "f000070", 
   "language": "en", 
   "lines": [
    "in"
   ]
  }, 
  {
   "begin": "23.880", 
   "end": "24.000", 
   "id": "f000071", 
   "language": "en", 
   "lines": [
    "his"
   ]
  }, 
  {
   "begin": "24.000", 
   "end": "24.320", 
   "id": "f000072", 
   "language": "en", 
   "lines": [
    "deepest"
   ]
  }, 
  {
   "begin": "24.320", 
   "end": "24.720", 
   "id": "f000073", 
   "language": "en", 
   "lines": [
    "tone"
   ]
  }, 
  {
   "begin": "24.720", 
   "end": "25.000", 
   "id": "f000074", 
   "language": "en", 
   "lines": [
    "said,"
   ]
  }, 
  {
   "begin": "25.000", 
   "end": "25.840", 
   "id": "f000075", 
   "language": "en", 
   "lines": [
    "\u201cAnd"
   ]
  }, 
  {
   "begin": "25.840", 
   "end": "26.200", 
   "id": "f000076", 
   "language": "en", 
   "lines": [
    "my"
   ]
  }, 
  {
   "begin": "26.200", 
   "end": "26.480", 
   "id": "f000077", 
   "language": "en", 
   "lines": [
    "name"
   ]
  }, 
  {
   "begin": "26.480", 
   "end": "26.720", 
   "id": "f000078", 
   "language": "en", 
   "lines": [
    "is"
   ]
  }, 
  {
   "begin": "26.720", 
   "end": "26.920", 
   "id": "f000079", 
   "language": "en", 
   "lines": [
    "Paplu,"
   ]
  }, 
  {
   "begin": "26.920", 
   "end": "27.080", 
   "id": "f000080", 
   "language": "en", 
   "lines": [
    "the"
   ]
  }, 
  {
   "begin": "27.080", 
   "end": "27.400", 
   "id": "f000081", 
   "language": "en", 
   "lines": [
    "Giant.\u201d"
   ]
  }, 
  {
   "begin": "27.400", 
   "end": "29.280", 
   "id": "f000082", 
   "language": "en", 
   "lines": [
    "\n\n"
   ]
  }, 
  {
   "begin": "29.280", 
   "end": "29.480", 
   "id": "f000083", 
   "language": "en", 
   "lines": [
    "And"
   ]
  }, 
  {
   "begin": "29.480", 
   "end": "29.680", 
   "id": "f000084", 
   "language": "en", 
   "lines": [
    "with"
   ]
  }, 
  {
   "begin": "29.680", 
   "end": "30.040", 
   "id": "f000085", 
   "language": "en", 
   "lines": [
    "these"
   ]
  }, 
  {
   "begin": "30.040", 
   "end": "30.480", 
   "id": "f000086", 
   "language": "en", 
   "lines": [
    "words,"
   ]
  }, 
  {
   "begin": "30.480", 
   "end": "31.280", 
   "id": "f000087", 
   "language": "en", 
   "lines": [
    "Paplu"
   ]
  }, 
  {
   "begin": "31.280", 
   "end": "31.760", 
   "id": "f000088", 
   "language": "en", 
   "lines": [
    "stormed"
   ]
  }, 
  {
   "begin": "31.760", 
   "end": "31.960", 
   "id": "f000089", 
   "language": "en", 
   "lines": [
    "back"
   ]
  }, 
  {
   "begin": "31.960", 
   "end": "32.120", 
   "id": "f000090", 
   "language": "en", 
   "lines": [
    "to"
   ]
  }, 
  {
   "begin": "32.120", 
   "end": "32.280", 
   "id": "f000091", 
   "language": "en", 
   "lines": [
    "the"
   ]
  }, 
  {
   "begin": "32.280", 
   "end": "33.560", 
   "id": "f000092", 
   "language": "en", 
   "lines": [
    "village."
   ]
  }, 
  {
   "begin": "33.560", 
   "end": "34.040", 
   "id": "f000093", 
   "language": "en", 
   "lines": [
    "Angaar"
   ]
  }, 
  {
   "begin": "34.040", 
   "end": "34.160", 
   "id": "f000094", 
   "language": "en", 
   "lines": [
    "and"
   ]
  }, 
  {
   "begin": "34.160", 
   "end": "34.440", 
   "id": "f000095", 
   "language": "en", 
   "lines": [
    "his"
   ]
  }, 
  {
   "begin": "34.440", 
   "end": "34.720", 
   "id": "f000096", 
   "language": "en", 
   "lines": [
    "men"
   ]
  }, 
  {
   "begin": "34.720", 
   "end": "34.920", 
   "id": "f000097", 
   "language": "en", 
   "lines": [
    "left"
   ]
  }, 
  {
   "begin": "34.920", 
   "end": "34.920", 
   "id": "f000098", 
   "language": "en", 
   "lines": [
    "the"
   ]
  }, 
  {
   "begin": "34.920", 
   "end": "35.440", 
   "id": "f000099", 
   "language": "en", 
   "lines": [
    "same"
   ]
  }, 
  {
   "begin": "35.440", 
   "end": "36.120", 
   "id": "f000100", 
   "language": "en", 
   "lines": [
    "night"
   ]
  }, 
  {
   "begin": "36.120", 
   "end": "36.320", 
   "id": "f000101", 
   "language": "en", 
   "lines": [
    "and"
   ]
  }, 
  {
   "begin": "36.320", 
   "end": "36.600", 
   "id": "f000102", 
   "language": "en", 
   "lines": [
    "were"
   ]
  }, 
  {
   "begin": "36.600", 
   "end": "36.920", 
   "id": "f000103", 
   "language": "en", 
   "lines": [
    "never"
   ]
  }, 
  {
   "begin": "36.920", 
   "end": "37.120", 
   "id": "f000104", 
   "language": "en", 
   "lines": [
    "heard"
   ]
  }, 
  {
   "begin": "37.120", 
   "end": "37.120", 
   "id": "f000105", 
   "language": "en", 
   "lines": [
    "of"
   ]
  }, 
  {
   "begin": "37.120", 
   "end": "37.400", 
   "id": "f000106", 
   "language": "en", 
   "lines": [
    "again."
   ]
  }, 
  {
   "begin": "37.400", 
   "end": "37.800", 
   "id": "f000107", 
   "language": "en", 
   "lines": [
    "\n\n"
   ]
  }, 
  {
   "begin": "37.800", 
   "end": "38.720", 
   "id": "f000108", 
   "language": "en", 
   "lines": [
    "Paplu"
   ]
  }, 
  {
   "begin": "38.720", 
   "end": "39.040", 
   "id": "f000109", 
   "language": "en", 
   "lines": [
    "went"
   ]
  }, 
  {
   "begin": "39.040", 
   "end": "39.200", 
   "id": "f000110", 
   "language": "en", 
   "lines": [
    "back"
   ]
  }, 
  {
   "begin": "39.200", 
   "end": "39.440", 
   "id": "f000111", 
   "language": "en", 
   "lines": [
    "to"
   ]
  }, 
  {
   "begin": "39.440", 
   "end": "39.680", 
   "id": "f000112", 
   "language": "en", 
   "lines": [
    "his"
   ]
  }, 
  {
   "begin": "39.680", 
   "end": "40.200", 
   "id": "f000113", 
   "language": "en", 
   "lines": [
    "original"
   ]
  }, 
  {
   "begin": "40.200", 
   "end": "40.560", 
   "id": "f000114", 
   "language": "en", 
   "lines": [
    "shape"
   ]
  }, 
  {
   "begin": "40.560", 
   "end": "40.760", 
   "id": "f000115", 
   "language": "en", 
   "lines": [
    "and"
   ]
  }, 
  {
   "begin": "40.760", 
   "end": "41.960", 
   "id": "f000116", 
   "language": "en", 
   "lines": [
    "size."
   ]
  }, 
  {
   "begin": "41.960", 
   "end": "42.640", 
   "id": "f000117", 
   "language": "en", 
   "lines": [
    "However,"
   ]
  }, 
  {
   "begin": "42.640", 
   "end": "42.720", 
   "id": "f000118", 
   "language": "en", 
   "lines": [
    "he"
   ]
  }, 
  {
   "begin": "42.720", 
   "end": "43.200", 
   "id": "f000119", 
   "language": "en", 
   "lines": [
    "couldn\u2019t"
   ]
  }, 
  {
   "begin": "43.200", 
   "end": "43.360", 
   "id": "f000120", 
   "language": "en", 
   "lines": [
    "get"
   ]
  }, 
  {
   "begin": "43.360", 
   "end": "43.640", 
   "id": "f000121", 
   "language": "en", 
   "lines": [
    "back"
   ]
  }, 
  {
   "begin": "43.640", 
   "end": "43.960", 
   "id": "f000122", 
   "language": "en", 
   "lines": [
    "his"
   ]
  }, 
  {
   "begin": "43.960", 
   "end": "44.280", 
   "id": "f000123", 
   "language": "en", 
   "lines": [
    "original"
   ]
  }, 
  {
   "begin": "44.280", 
   "end": "44.480", 
   "id": "f000124", 
   "language": "en", 
   "lines": [
    "name."
   ]
  }, 
  {
   "begin": "44.480", 
   "end": "45.120", 
   "id": "f000125", 
   "language": "en", 
   "lines": [
    "No"
   ]
  }, 
  {
   "begin": "45.120", 
   "end": "45.160", 
   "id": "f000126", 
   "language": "en", 
   "lines": [
    "one"
   ]
  }, 
  {
   "begin": "45.160", 
   "end": "45.600", 
   "id": "f000127", 
   "language": "en", 
   "lines": [
    "called"
   ]
  }, 
  {
   "begin": "45.600", 
   "end": "46.040", 
   "id": "f000128", 
   "language": "en", 
   "lines": [
    "him"
   ]
  }, 
  {
   "begin": "46.040", 
   "end": "46.480", 
   "id": "f000129", 
   "language": "en", 
   "lines": [
    "Paplu"
   ]
  }, 
  {
   "begin": "46.480", 
   "end": "47.000", 
   "id": "f000130", 
   "language": "en", 
   "lines": [
    "anymore."
   ]
  }, 
  {
   "begin": "47.000", 
   "end": "48.120", 
   "id": "f000131", 
   "language": "en", 
   "lines": [
    "To"
   ]
  }, 
  {
   "begin": "48.120", 
   "end": "48.320", 
   "id": "f000132", 
   "language": "en", 
   "lines": [
    "everyone,"
   ]
  }, 
  {
   "begin": "48.320", 
   "end": "48.960", 
   "id": "f000133", 
   "language": "en", 
   "lines": [
    "and"
   ]
  }, 
  {
   "begin": "48.960", 
   "end": "49.440", 
   "id": "f000134", 
   "language": "en", 
   "lines": [
    "even"
   ]
  }, 
  {
   "begin": "49.440", 
   "end": "49.600", 
   "id": "f000135", 
   "language": "en", 
   "lines": [
    "to"
   ]
  }, 
  {
   "begin": "49.600", 
   "end": "49.920", 
   "id": "f000136", 
   "language": "en", 
   "lines": [
    "Soni,"
   ]
  }, 
  {
   "begin": "49.920", 
   "end": "50.520", 
   "id": "f000137", 
   "language": "en", 
   "lines": [
    "he"
   ]
  }, 
  {
   "begin": "50.520", 
   "end": "50.840", 
   "id": "f000138", 
   "language": "en", 
   "lines": [
    "was"
   ]
  }, 
  {
   "begin": "50.840", 
   "end": "51.600", 
   "id": "f000139", 
   "language": "en", 
   "lines": [
    "Paplu,"
   ]
  }, 
  {
   "begin": "51.600", 
   "end": "51.760", 
   "id": "f000140", 
   "language": "en", 
   "lines": [
    "the"
   ]
  }, 
  {
   "begin": "51.760", 
   "end": "53.040", 
   "id": "f000141", 
   "language": "en", 
   "lines": [
    "Giant."
   ]
  }
 ]
}