{
 "fragments": [
  {
   "begin": "0.000", 
   "end": "0.000", 
   "id": "f000001", 
   "language": "en", 
   "lines": [
    "As"
   ]
  }, 
  {
   "begin": "0.000", 
   "end": "1.240", 
   "id": "f000002", 
   "language": "en", 
   "lines": [
    "Paplu"
   ]
  }, 
  {
   "begin": "1.240", 
   "end": "1.520", 
   "id": "f000003", 
   "language": "en", 
   "lines": [
    "threw"
   ]
  }, 
  {
   "begin": "1.520", 
   "end": "1.800", 
   "id": "f000004", 
   "language": "en", 
   "lines": [
    "the"
   ]
  }, 
  {
   "begin": "1.800", 
   "end": "2.200", 
   "id": "f000005", 
   "language": "en", 
   "lines": [
    "stone"
   ]
  }, 
  {
   "begin": "2.200", 
   "end": "2.440", 
   "id": "f000006", 
   "language": "en", 
   "lines": [
    "and"
   ]
  }, 
  {
   "begin": "2.440", 
   "end": "2.800", 
   "id": "f000007", 
   "language": "en", 
   "lines": [
    "recited"
   ]
  }, 
  {
   "begin": "2.800", 
   "end": "3.000", 
   "id": "f000008", 
   "language": "en", 
   "lines": [
    "the"
   ]
  }, 
  {
   "begin": "3.000", 
   "end": "3.600", 
   "id": "f000009", 
   "language": "en", 
   "lines": [
    "words,"
   ]
  }, 
  {
   "begin": "3.600", 
   "end": "3.880", 
   "id": "f000010", 
   "language": "en", 
   "lines": [
    "he"
   ]
  }, 
  {
   "begin": "3.880", 
   "end": "4.240", 
   "id": "f000011", 
   "language": "en", 
   "lines": [
    "felt"
   ]
  }, 
  {
   "begin": "4.240", 
   "end": "4.800", 
   "id": "f000012", 
   "language": "en", 
   "lines": [
    "himself"
   ]
  }, 
  {
   "begin": "4.800", 
   "end": "5.400", 
   "id": "f000013", 
   "language": "en", 
   "lines": [
    "swelling"
   ]
  }, 
  {
   "begin": "5.400", 
   "end": "5.560", 
   "id": "f000014", 
   "language": "en", 
   "lines": [
    "up"
   ]
  }, 
  {
   "begin": "5.560", 
   "end": "5.800", 
   "id": "f000015", 
   "language": "en", 
   "lines": [
    "like"
   ]
  }, 
  {
   "begin": "5.800", 
   "end": "5.920", 
   "id": "f000016", 
   "language": "en", 
   "lines": [
    "a"
   ]
  }, 
  {
   "begin": "5.920", 
   "end": "7.280", 
   "id": "f000017", 
   "language": "en", 
   "lines": [
    "balloon."
   ]
  }, 
  {
   "begin": "7.280", 
   "end": "7.880", 
   "id": "f000018", 
   "language": "en", 
   "lines": [
    "\n\n"
   ]
  }, 
  {
   "begin": "7.880", 
   "end": "8.120", 
   "id": "f000019", 
   "language": "en", 
   "lines": [
    "Suddenly"
   ]
  }, 
  {
   "begin": "8.120", 
   "end": "8.120", 
   "id": "f000020", 
   "language": "en", 
   "lines": [
    "he"
   ]
  }, 
  {
   "begin": "8.120", 
   "end": "8.160", 
   "id": "f000021", 
   "language": "en", 
   "lines": [
    "heard"
   ]
  }, 
  {
   "begin": "8.160", 
   "end": "8.240", 
   "id": "f000022", 
   "language": "en", 
   "lines": [
    "a"
   ]
  }, 
  {
   "begin": "8.240", 
   "end": "8.760", 
   "id": "f000023", 
   "language": "en", 
   "lines": [
    "sound"
   ]
  }, 
  {
   "begin": "8.760", 
   "end": "9.320", 
   "id": "f000024", 
   "language": "en", 
   "lines": [
    "\u2013"
   ]
  }, 
  {
   "begin": "9.320", 
   "end": "10.640", 
   "id": "f000025", 
   "language": "en", 
   "lines": [
    "R-r-rip!"
   ]
  }, 
  {
   "begin": "10.640", 
   "end": "12.120", 
   "id": "f000026", 
   "language": "en", 
   "lines": [
    "R-ri-ip!!"
   ]
  }, 
  {
   "begin": "12.120", 
   "end": "12.360", 
   "id": "f000027", 
   "language": "en", 
   "lines": [
    "His"
   ]
  }, 
  {
   "begin": "12.360", 
   "end": "12.800", 
   "id": "f000028", 
   "language": "en", 
   "lines": [
    "clothes"
   ]
  }, 
  {
   "begin": "12.800", 
   "end": "12.920", 
   "id": "f000029", 
   "language": "en", 
   "lines": [
    "were"
   ]
  }, 
  {
   "begin": "12.920", 
   "end": "13.560", 
   "id": "f000030", 
   "language": "en", 
   "lines": [
    "tearing."
   ]
  }, 
  {
   "begin": "13.560", 
   "end": "14.160", 
   "id": "f000031", 
   "language": "en", 
   "lines": [
    "If"
   ]
  }, 
  {
   "begin": "14.160", 
   "end": "14.480", 
   "id": "f000032", 
   "language": "en", 
   "lines": [
    "he"
   ]
  }, 
  {
   "begin": "14.480", 
   "end": "14.840", 
   "id": "f000033", 
   "language": "en", 
   "lines": [
    "didn\u2019t"
   ]
  }, 
  {
   "begin": "14.840", 
   "end": "15.080", 
   "id": "f000034", 
   "language": "en", 
   "lines": [
    "look"
   ]
  }, 
  {
   "begin": "15.080", 
   "end": "15.240", 
   "id": "f000035", 
   "language": "en", 
   "lines": [
    "for"
   ]
  }, 
  {
   "begin": "15.240", 
   "end": "16.080", 
   "id": "f000036", 
   "language": "en", 
   "lines": [
    "cover,"
   ]
  }, 
  {
   "begin": "16.080", 
   "end": "16.120", 
   "id": "f000037", 
   "language": "en", 
   "lines": [
    "he"
   ]
  }, 
  {
   "begin": "16.120", 
   "end": "16.400", 
   "id": "f000038", 
   "language": "en", 
   "lines": [
    "would"
   ]
  }, 
  {
   "begin": "16.400", 
   "end": "16.800", 
   "id": "f000039", 
   "language": "en", 
   "lines": [
    "soon"
   ]
  }, 
  {
   "begin": "16.800", 
   "end": "17.000", 
   "id": "f000040", 
   "language": "en", 
   "lines": [
    "be"
   ]
  }, 
  {
   "begin": "17.000", 
   "end": "17.520", 
   "id": "f000041", 
   "language": "en", 
   "lines": [
    "standing"
   ]
  }, 
  {
   "begin": "17.520", 
   "end": "18.200", 
   "id": "f000042", 
   "language": "en", 
   "lines": [
    "bang"
   ]
  }, 
  {
   "begin": "18.200", 
   "end": "18.320", 
   "id": "f000043", 
   "language": "en", 
   "lines": [
    "in"
   ]
  }, 
  {
   "begin": "18.320", 
   "end": "18.560", 
   "id": "f000044", 
   "language": "en", 
   "lines": [
    "the"
   ]
  }, 
  {
   "begin": "18.560", 
   "end": "18.600", 
   "id": "f000045", 
   "language": "en", 
   "lines": [
    "middle"
   ]
  }, 
  {
   "begin": "18.600", 
   "end": "18.600", 
   "id": "f000046", 
   "language": "en", 
   "lines": [
    "of"
   ]
  }, 
  {
   "begin": "18.600", 
   "end": "18.720", 
   "id": "f000047", 
   "language": "en", 
   "lines": [
    "the"
   ]
  }, 
  {
   "begin": "18.720", 
   "end": "19.440", 
   "id": "f000048", 
   "language": "en", 
   "lines": [
    "village,"
   ]
  }, 
  {
   "begin": "19.440", 
   "end": "19.560", 
   "id": "f000049", 
   "language": "en", 
   "lines": [
    "in"
   ]
  }, 
  {
   "begin": "19.560", 
   "end": "20.040", 
   "id": "f000050", 
   "language": "en", 
   "lines": [
    "clothes"
   ]
  }, 
  {
   "begin": "20.040", 
   "end": "20.440", 
   "id": "f000051", 
   "language": "en", 
   "lines": [
    "hundred"
   ]
  }, 
  {
   "begin": "20.440", 
   "end": "20.920", 
   "id": "f000052", 
   "language": "en", 
   "lines": [
    "sizes"
   ]
  }, 
  {
   "begin": "20.920", 
   "end": "21.240", 
   "id": "f000053", 
   "language": "en", 
   "lines": [
    "too"
   ]
  }, 
  {
   "begin": "21.240", 
   "end": "21.640", 
   "id": "f000054", 
   "language": "en", 
   "lines": [
    "small"
   ]
  }, 
  {
   "begin": "21.640", 
   "end": "21.840", 
   "id": "f000055", 
   "language": "en", 
   "lines": [
    "for"
   ]
  }, 
  {
   "begin": "21.840", 
   "end": "22.800", 
   "id": "f000056", 
   "language": "en", 
   "lines": [
    "him."
   ]
  }, 
  {
   "begin": "22.800", 
   "end": "23.240", 
   "id": "f000057", 
   "language": "en", 
   "lines": [
    "\n\n"
   ]
  }, 
  {
   "begin": "23.240", 
   "end": "23.360", 
   "id": "f000058", 
   "language": "en", 
   "lines": [
    "All"
   ]
  }, 
  {
   "begin": "23.360", 
   "end": "23.680", 
   "id": "f000059", 
   "language": "en", 
   "lines": [
    "he"
   ]
  }, 
  {
   "begin": "23.680", 
   "end": "23.840", 
   "id": "f000060", 
   "language": "en", 
   "lines": [
    "would"
   ]
  }, 
  {
   "begin": "23.840", 
   "end": "23.960", 
   "id": "f000061", 
   "language": "en", 
   "lines": [
    "have"
   ]
  }, 
  {
   "begin": "23.960", 
   "end": "24.360", 
   "id": "f000062", 
   "language": "en", 
   "lines": [
    "to"
   ]
  }, 
  {
   "begin": "24.360", 
   "end": "24.560", 
   "id": "f000063", 
   "language": "en", 
   "lines": [
    "cover"
   ]
  }, 
  {
   "begin": "24.560", 
   "end": "24.760", 
   "id": "f000064", 
   "language": "en", 
   "lines": [
    "his"
   ]
  }, 
  {
   "begin": "24.760", 
   "end": "25.320", 
   "id": "f000065", 
   "language": "en", 
   "lines": [
    "modesty"
   ]
  }, 
  {
   "begin": "25.320", 
   "end": "25.480", 
   "id": "f000066", 
   "language": "en", 
   "lines": [
    "would"
   ]
  }, 
  {
   "begin": "25.480", 
   "end": "25.760", 
   "id": "f000067", 
   "language": "en", 
   "lines": [
    "be"
   ]
  }, 
  {
   "begin": "25.760", 
   "end": "25.920", 
   "id": "f000068", 
   "language": "en", 
   "lines": [
    "strips"
   ]
  }, 
  {
   "begin": "25.920", 
   "end": "25.920", 
   "id": "f000069", 
   "language": "en", 
   "lines": [
    "of"
   ]
  }, 
  {
   "begin": "25.920", 
   "end": "26.360", 
   "id": "f000070", 
   "language": "en", 
   "lines": [
    "cloth"
   ]
  }, 
  {
   "begin": "26.360", 
   "end": "26.680", 
   "id": "f000071", 
   "language": "en", 
   "lines": [
    "and"
   ]
  }, 
  {
   "begin": "26.680", 
   "end": "27.240", 
   "id": "f000072", 
   "language": "en", 
   "lines": [
    "little"
   ]
  }, 
  {
   "begin": "27.240", 
   "end": "27.680", 
   "id": "f000073", 
   "language": "en", 
   "lines": [
    "else."
   ]
  }, 
  {
   "begin": "27.680", 
   "end": "29.400", 
   "id": "f000074", 
   "language": "en", 
   "lines": [
    "Paplu"
   ]
  }, 
  {
   "begin": "29.400", 
   "end": "29.760", 
   "id": "f000075", 
   "language": "en", 
   "lines": [
    "rushed"
   ]
  }, 
  {
   "begin": "29.760", 
   "end": "30.000", 
   "id": "f000076", 
   "language": "en", 
   "lines": [
    "into"
   ]
  }, 
  {
   "begin": "30.000", 
   "end": "30.120", 
   "id": "f000077", 
   "language": "en", 
   "lines": [
    "the"
   ]
  }, 
  {
   "begin": "30.120", 
   "end": "30.440", 
   "id": "f000078", 
   "language": "en", 
   "lines": [
    "woods"
   ]
  }, 
  {
   "begin": "30.440", 
   "end": "30.560", 
   "id": "f000079", 
   "language": "en", 
   "lines": [
    "with"
   ]
  }, 
  {
   "begin": "30.560", 
   "end": "30.640", 
   "id": "f000080", 
   "language": "en", 
   "lines": [
    "the"
   ]
  }, 
  {
   "begin": "30.640", 
   "end": "31.120", 
   "id": "f000081", 
   "language": "en", 
   "lines": [
    "sound"
   ]
  }, 
  {
   "begin": "31.120", 
   "end": "32.440", 
   "id": "f000082", 
   "language": "en", 
   "lines": [
    "\u2018R-r-rip!"
   ]
  }, 
  {
   "begin": "32.440", 
   "end": "32.840", 
   "id": "f000083", 
   "language": "en", 
   "lines": [
    "Rri-i-p!\u2019"
   ]
  }, 
  {
   "begin": "32.840", 
   "end": "33.960", 
   "id": "f000084", 
   "language": "en", 
   "lines": [
    "chasing"
   ]
  }, 
  {
   "begin": "33.960", 
   "end": "34.720", 
   "id": "f000085", 
   "language": "en", 
   "lines": [
    "him."
   ]
  }, 
  {
   "begin": "34.720", 
   "end": "35.160", 
   "id": "f000086", 
   "language": "en", 
   "lines": [
    "Once"
   ]
  }, 
  {
   "begin": "35.160", 
   "end": "35.520", 
   "id": "f000087", 
   "language": "en", 
   "lines": [
    "deep"
   ]
  }, 
  {
   "begin": "35.520", 
   "end": "35.720", 
   "id": "f000088", 
   "language": "en", 
   "lines": [
    "into"
   ]
  }, 
  {
   "begin": "35.720", 
   "end": "35.960", 
   "id": "f000089", 
   "language": "en", 
   "lines": [
    "the"
   ]
  }, 
  {
   "begin": "35.960", 
   "end": "36.560", 
   "id": "f000090", 
   "language": "en", 
   "lines": [
    "undergrowth,"
   ]
  }, 
  {
   "begin": "36.560", 
   "end": "37.320", 
   "id": "f000091", 
   "language": "en", 
   "lines": [
    "Paplu"
   ]
  }, 
  {
   "begin": "37.320", 
   "end": "37.600", 
   "id": "f000092", 
   "language": "en", 
   "lines": [
    "got"
   ]
  }, 
  {
   "begin": "37.600", 
   "end": "37.920", 
   "id": "f000093", 
   "language": "en", 
   "lines": [
    "down"
   ]
  }, 
  {
   "begin": "37.920", 
   "end": "38.080", 
   "id": "f000094", 
   "language": "en", 
   "lines": [
    "on"
   ]
  }, 
  {
   "begin": "38.080", 
   "end": "38.320", 
   "id": "f000095", 
   "language": "en", 
   "lines": [
    "his"
   ]
  }, 
  {
   "begin": "38.320", 
   "end": "38.480", 
   "id": "f000096", 
   "language": "en", 
   "lines": [
    "knees."
   ]
  }, 
  {
   "begin": "38.480", 
   "end": "39.240", 
   "id": "f000097", 
   "language": "en", 
   "lines": [
    "\n\n"
   ]
  }, 
  {
   "begin": "39.240", 
   "end": "39.400", 
   "id": "f000098", 
   "language": "en", 
   "lines": [
    "It"
   ]
  }, 
  {
   "begin": "39.400", 
   "end": "39.680", 
   "id": "f000099", 
   "language": "en", 
   "lines": [
    "looked"
   ]
  }, 
  {
   "begin": "39.680", 
   "end": "39.960", 
   "id": "f000100", 
   "language": "en", 
   "lines": [
    "like"
   ]
  }, 
  {
   "begin": "39.960", 
   "end": "40.320", 
   "id": "f000101", 
   "language": "en", 
   "lines": [
    "he"
   ]
  }, 
  {
   "begin": "40.320", 
   "end": "40.440", 
   "id": "f000102", 
   "language": "en", 
   "lines": [
    "had"
   ]
  }, 
  {
   "begin": "40.440", 
   "end": "41.000", 
   "id": "f000103", 
   "language": "en", 
   "lines": [
    "missed"
   ]
  }, 
  {
   "begin": "41.000", 
   "end": "41.360", 
   "id": "f000104", 
   "language": "en", 
   "lines": [
    "a"
   ]
  }, 
  {
   "begin": "41.360", 
   "end": "41.560", 
   "id": "f000105", 
   "language": "en", 
   "lines": [
    "word"
   ]
  }, 
  {
   "begin": "41.560", 
   "end": "41.680", 
   "id": "f000106", 
   "language": "en", 
   "lines": [
    "or"
   ]
  }, 
  {
   "begin": "41.680", 
   "end": "41.680", 
   "id": "f000107", 
   "language": "en", 
   "lines": [
    "two"
   ]
  }, 
  {
   "begin": "41.680", 
   "end": "41.680", 
   "id": "f000108", 
   "language": "en", 
   "lines": [
    "in"
   ]
  }, 
  {
   "begin": "41.680", 
   "end": "41.800", 
   "id": "f000109", 
   "language": "en", 
   "lines": [
    "the"
   ]
  }, 
  {
   "begin": "41.800", 
   "end": "42.120", 
   "id": "f000110", 
   "language": "en", 
   "lines": [
    "magic"
   ]
  }, 
  {
   "begin": "42.120", 
   "end": "42.520", 
   "id": "f000111", 
   "language": "en", 
   "lines": [
    "chant"
   ]
  }, 
  {
   "begin": "42.520", 
   "end": "42.760", 
   "id": "f000112", 
   "language": "en", 
   "lines": [
    "his"
   ]
  }, 
  {
   "begin": "42.760", 
   "end": "43.040", 
   "id": "f000113", 
   "language": "en", 
   "lines": [
    "mother"
   ]
  }, 
  {
   "begin": "43.040", 
   "end": "43.240", 
   "id": "f000114", 
   "language": "en", 
   "lines": [
    "had"
   ]
  }, 
  {
   "begin": "43.240", 
   "end": "43.400", 
   "id": "f000115", 
   "language": "en", 
   "lines": [
    "made"
   ]
  }, 
  {
   "begin": "43.400", 
   "end": "43.440", 
   "id": "f000116", 
   "language": "en", 
   "lines": [
    "him"
   ]
  }, 
  {
   "begin": "43.440", 
   "end": "43.600", 
   "id": "f000117", 
   "language": "en", 
   "lines": [
    "learn."
   ]
  }, 
  {
   "begin": "43.600", 
   "end": "44.640", 
   "id": "f000118", 
   "language": "en", 
   "lines": [
    "That"
   ]
  }, 
  {
   "begin": "44.640", 
   "end": "44.960", 
   "id": "f000119", 
   "language": "en", 
   "lines": [
    "is"
   ]
  }, 
  {
   "begin": "44.960", 
   "end": "45.320", 
   "id": "f000120", 
   "language": "en", 
   "lines": [
    "why"
   ]
  }, 
  {
   "begin": "45.320", 
   "end": "45.520", 
   "id": "f000121", 
   "language": "en", 
   "lines": [
    "his"
   ]
  }, 
  {
   "begin": "45.520", 
   "end": "45.920", 
   "id": "f000122", 
   "language": "en", 
   "lines": [
    "clothes"
   ]
  }, 
  {
   "begin": "45.920", 
   "end": "46.160", 
   "id": "f000123", 
   "language": "en", 
   "lines": [
    "had"
   ]
  }, 
  {
   "begin": "46.160", 
   "end": "46.560", 
   "id": "f000124", 
   "language": "en", 
   "lines": [
    "not"
   ]
  }, 
  {
   "begin": "46.560", 
   "end": "46.800", 
   "id": "f000125", 
   "language": "en", 
   "lines": [
    "grown"
   ]
  }, 
  {
   "begin": "46.800", 
   "end": "47.160", 
   "id": "f000126", 
   "language": "en", 
   "lines": [
    "along"
   ]
  }, 
  {
   "begin": "47.160", 
   "end": "47.320", 
   "id": "f000127", 
   "language": "en", 
   "lines": [
    "with"
   ]
  }, 
  {
   "begin": "47.320", 
   "end": "47.600", 
   "id": "f000128", 
   "language": "en", 
   "lines": [
    "his"
   ]
  }, 
  {
   "begin": "47.600", 
   "end": "48.360", 
   "id": "f000129", 
   "language": "en", 
   "lines": [
    "body!"
   ]
  }
 ]
}