{
 "fragments": [
  {
   "begin": "0.000", 
   "end": "0.560", 
   "id": "f000001", 
   "language": "en", 
   "lines": [
    "Bath"
   ]
  }, 
  {
   "begin": "0.560", 
   "end": "0.960", 
   "id": "f000002", 
   "language": "en", 
   "lines": [
    "time"
   ]
  }, 
  {
   "begin": "0.960", 
   "end": "1.240", 
   "id": "f000003", 
   "language": "en", 
   "lines": [
    "is"
   ]
  }, 
  {
   "begin": "1.240", 
   "end": "1.680", 
   "id": "f000004", 
   "language": "en", 
   "lines": [
    "over"
   ]
  }, 
  {
   "begin": "1.680", 
   "end": "1.920", 
   "id": "f000005", 
   "language": "en", 
   "lines": [
    "for"
   ]
  }, 
  {
   "begin": "1.920", 
   "end": "2.360", 
   "id": "f000006", 
   "language": "en", 
   "lines": [
    "Chunnu"
   ]
  }, 
  {
   "begin": "2.360", 
   "end": "2.640", 
   "id": "f000007", 
   "language": "en", 
   "lines": [
    "and"
   ]
  }, 
  {
   "begin": "2.640", 
   "end": "2.840", 
   "id": "f000008", 
   "language": "en", 
   "lines": [
    "Munnu,"
   ]
  }, 
  {
   "begin": "2.840", 
   "end": "3.960", 
   "id": "f000009", 
   "language": "en", 
   "lines": [
    "Mama"
   ]
  }, 
  {
   "begin": "3.960", 
   "end": "4.720", 
   "id": "f000010", 
   "language": "en", 
   "lines": [
    "hugs"
   ]
  }, 
  {
   "begin": "4.720", 
   "end": "5.520", 
   "id": "f000011", 
   "language": "en", 
   "lines": [
    "clean-clean"
   ]
  }, 
  {
   "begin": "5.520", 
   "end": "5.880", 
   "id": "f000012", 
   "language": "en", 
   "lines": [
    "Chunnu"
   ]
  }, 
  {
   "begin": "5.880", 
   "end": "6.200", 
   "id": "f000013", 
   "language": "en", 
   "lines": [
    "and"
   ]
  }, 
  {
   "begin": "6.200", 
   "end": "7.120", 
   "id": "f000014", 
   "language": "en", 
   "lines": [
    "Munnu"
   ]
  }, 
  {
   "begin": "7.120", 
   "end": "8.360", 
   "id": "f000015", 
   "language": "en", 
   "lines": [
    "Mmmmm\u2026"
   ]
  }
 ]
}