{
 "fragments": [
  {
   "begin": "0.000", 
   "end": "0.160", 
   "id": "f000001", 
   "language": "en", 
   "lines": [
    "It"
   ]
  }, 
  {
   "begin": "0.160", 
   "end": "0.560", 
   "id": "f000002", 
   "language": "en", 
   "lines": [
    "is"
   ]
  }, 
  {
   "begin": "0.560", 
   "end": "0.920", 
   "id": "f000003", 
   "language": "en", 
   "lines": [
    "bath"
   ]
  }, 
  {
   "begin": "0.920", 
   "end": "1.280", 
   "id": "f000004", 
   "language": "en", 
   "lines": [
    "time"
   ]
  }, 
  {
   "begin": "1.280", 
   "end": "1.560", 
   "id": "f000005", 
   "language": "en", 
   "lines": [
    "for"
   ]
  }, 
  {
   "begin": "1.560", 
   "end": "1.920", 
   "id": "f000006", 
   "language": "en", 
   "lines": [
    "Chunnu"
   ]
  }, 
  {
   "begin": "1.920", 
   "end": "2.200", 
   "id": "f000007", 
   "language": "en", 
   "lines": [
    "and"
   ]
  }, 
  {
   "begin": "2.200", 
   "end": "3.600", 
   "id": "f000008", 
   "language": "en", 
   "lines": [
    "Munnu,"
   ]
  }, 
  {
   "begin": "3.600", 
   "end": "4.120", 
   "id": "f000009", 
   "language": "en", 
   "lines": [
    "Soap"
   ]
  }, 
  {
   "begin": "4.120", 
   "end": "4.720", 
   "id": "f000010", 
   "language": "en", 
   "lines": [
    "bubbles"
   ]
  }, 
  {
   "begin": "4.720", 
   "end": "5.320", 
   "id": "f000011", 
   "language": "en", 
   "lines": [
    "and"
   ]
  }, 
  {
   "begin": "5.320", 
   "end": "5.600", 
   "id": "f000012", 
   "language": "en", 
   "lines": [
    "fun"
   ]
  }, 
  {
   "begin": "5.600", 
   "end": "5.600", 
   "id": "f000013", 
   "language": "en", 
   "lines": [
    "for"
   ]
  }, 
  {
   "begin": "5.600", 
   "end": "5.960", 
   "id": "f000014", 
   "language": "en", 
   "lines": [
    "Chunnu"
   ]
  }, 
  {
   "begin": "5.960", 
   "end": "6.240", 
   "id": "f000015", 
   "language": "en", 
   "lines": [
    "and"
   ]
  }, 
  {
   "begin": "6.240", 
   "end": "7.400", 
   "id": "f000016", 
   "language": "en", 
   "lines": [
    "Munnu"
   ]
  }, 
  {
   "begin": "7.400", 
   "end": "8.000", 
   "id": "f000017", 
   "language": "en", 
   "lines": [
    "Thup!"
   ]
  }, 
  {
   "begin": "8.000", 
   "end": "8.560", 
   "id": "f000018", 
   "language": "en", 
   "lines": [
    "Thup!"
   ]
  }, 
  {
   "begin": "8.560", 
   "end": "9.440", 
   "id": "f000019", 
   "language": "en", 
   "lines": [
    "Thup!"
   ]
  }
 ]
}