{
 "fragments": [
  {
   "begin": "0.000", 
   "end": "0.640", 
   "id": "f000001", 
   "language": "en", 
   "lines": [
    "Bath"
   ]
  }, 
  {
   "begin": "0.640", 
   "end": "1.200", 
   "id": "f000002", 
   "language": "en", 
   "lines": [
    "time"
   ]
  }, 
  {
   "begin": "1.200", 
   "end": "1.440", 
   "id": "f000003", 
   "language": "en", 
   "lines": [
    "is"
   ]
  }, 
  {
   "begin": "1.440", 
   "end": "1.920", 
   "id": "f000004", 
   "language": "en", 
   "lines": [
    "over"
   ]
  }, 
  {
   "begin": "1.920", 
   "end": "2.160", 
   "id": "f000005", 
   "language": "en", 
   "lines": [
    "for"
   ]
  }, 
  {
   "begin": "2.160", 
   "end": "2.640", 
   "id": "f000006", 
   "language": "en", 
   "lines": [
    "Chunnu"
   ]
  }, 
  {
   "begin": "2.640", 
   "end": "2.880", 
   "id": "f000007", 
   "language": "en", 
   "lines": [
    "and"
   ]
  }, 
  {
   "begin": "2.880", 
   "end": "4.440", 
   "id": "f000008", 
   "language": "en", 
   "lines": [
    "Munnu,"
   ]
  }, 
  {
   "begin": "4.440", 
   "end": "4.800", 
   "id": "f000009", 
   "language": "en", 
   "lines": [
    "But"
   ]
  }, 
  {
   "begin": "4.800", 
   "end": "5.400", 
   "id": "f000010", 
   "language": "en", 
   "lines": [
    "tying"
   ]
  }, 
  {
   "begin": "5.400", 
   "end": "5.560", 
   "id": "f000011", 
   "language": "en", 
   "lines": [
    "up"
   ]
  }, 
  {
   "begin": "5.560", 
   "end": "6.400", 
   "id": "f000012", 
   "language": "en", 
   "lines": [
    "pyjamas"
   ]
  }, 
  {
   "begin": "6.400", 
   "end": "6.760", 
   "id": "f000013", 
   "language": "en", 
   "lines": [
    "is"
   ]
  }, 
  {
   "begin": "6.760", 
   "end": "7.240", 
   "id": "f000014", 
   "language": "en", 
   "lines": [
    "hard"
   ]
  }, 
  {
   "begin": "7.240", 
   "end": "7.640", 
   "id": "f000015", 
   "language": "en", 
   "lines": [
    "for"
   ]
  }, 
  {
   "begin": "7.640", 
   "end": "8.080", 
   "id": "f000016", 
   "language": "en", 
   "lines": [
    "Chunnu"
   ]
  }, 
  {
   "begin": "8.080", 
   "end": "8.320", 
   "id": "f000017", 
   "language": "en", 
   "lines": [
    "and"
   ]
  }, 
  {
   "begin": "8.320", 
   "end": "9.480", 
   "id": "f000018", 
   "language": "en", 
   "lines": [
    "Munnu"
   ]
  }, 
  {
   "begin": "9.480", 
   "end": "10.560", 
   "id": "f000019", 
   "language": "en", 
   "lines": [
    "Oh"
   ]
  }, 
  {
   "begin": "10.560", 
   "end": "11.560", 
   "id": "f000020", 
   "language": "en", 
   "lines": [
    "oh"
   ]
  }, 
  {
   "begin": "11.560", 
   "end": "12.480", 
   "id": "f000021", 
   "language": "en", 
   "lines": [
    "aah\u2026."
   ]
  }
 ]
}