{
 "fragments": [
  {
   "begin": "0.000", 
   "end": "0.120", 
   "id": "f000001", 
   "language": "en", 
   "lines": [
    "It"
   ]
  }, 
  {
   "begin": "0.120", 
   "end": "0.520", 
   "id": "f000002", 
   "language": "en", 
   "lines": [
    "is"
   ]
  }, 
  {
   "begin": "0.520", 
   "end": "0.920", 
   "id": "f000003", 
   "language": "en", 
   "lines": [
    "bath"
   ]
  }, 
  {
   "begin": "0.920", 
   "end": "1.520", 
   "id": "f000004", 
   "language": "en", 
   "lines": [
    "time"
   ]
  }, 
  {
   "begin": "1.520", 
   "end": "1.560", 
   "id": "f000005", 
   "language": "en", 
   "lines": [
    "for"
   ]
  }, 
  {
   "begin": "1.560", 
   "end": "1.880", 
   "id": "f000006", 
   "language": "en", 
   "lines": [
    "Chunnu"
   ]
  }, 
  {
   "begin": "1.880", 
   "end": "2.240", 
   "id": "f000007", 
   "language": "en", 
   "lines": [
    "and"
   ]
  }, 
  {
   "begin": "2.240", 
   "end": "2.400", 
   "id": "f000008", 
   "language": "en", 
   "lines": [
    "Munnu,"
   ]
  }, 
  {
   "begin": "2.400", 
   "end": "3.480", 
   "id": "f000009", 
   "language": "en", 
   "lines": [
    "Mama"
   ]
  }, 
  {
   "begin": "3.480", 
   "end": "4.360", 
   "id": "f000010", 
   "language": "en", 
   "lines": [
    "runs"
   ]
  }, 
  {
   "begin": "4.360", 
   "end": "4.520", 
   "id": "f000011", 
   "language": "en", 
   "lines": [
    "to"
   ]
  }, 
  {
   "begin": "4.520", 
   "end": "5.000", 
   "id": "f000012", 
   "language": "en", 
   "lines": [
    "catch"
   ]
  }, 
  {
   "begin": "5.000", 
   "end": "5.400", 
   "id": "f000013", 
   "language": "en", 
   "lines": [
    "naughty"
   ]
  }, 
  {
   "begin": "5.400", 
   "end": "6.080", 
   "id": "f000014", 
   "language": "en", 
   "lines": [
    "Chunnu"
   ]
  }, 
  {
   "begin": "6.080", 
   "end": "6.480", 
   "id": "f000015", 
   "language": "en", 
   "lines": [
    "and"
   ]
  }, 
  {
   "begin": "6.480", 
   "end": "6.520", 
   "id": "f000016", 
   "language": "en", 
   "lines": [
    "Munnu"
   ]
  }, 
  {
   "begin": "6.520", 
   "end": "7.120", 
   "id": "f000017", 
   "language": "en", 
   "lines": [
    "Ha"
   ]
  }, 
  {
   "begin": "7.120", 
   "end": "7.640", 
   "id": "f000018", 
   "language": "en", 
   "lines": [
    "ha"
   ]
  }, 
  {
   "begin": "7.640", 
   "end": "7.880", 
   "id": "f000019", 
   "language": "en", 
   "lines": [
    "ha"
   ]
  }, 
  {
   "begin": "7.880", 
   "end": "8.600", 
   "id": "f000020", 
   "language": "en", 
   "lines": [
    "ha\u2026"
   ]
  }
 ]
}