{
 "fragments": [
  {
   "begin": "0.000", 
   "end": "0.560", 
   "id": "f000001", 
   "language": "en", 
   "lines": [
    "Dinner"
   ]
  }, 
  {
   "begin": "0.560", 
   "end": "1.120", 
   "id": "f000002", 
   "language": "en", 
   "lines": [
    "time"
   ]
  }, 
  {
   "begin": "1.120", 
   "end": "1.400", 
   "id": "f000003", 
   "language": "en", 
   "lines": [
    "is"
   ]
  }, 
  {
   "begin": "1.400", 
   "end": "1.880", 
   "id": "f000004", 
   "language": "en", 
   "lines": [
    "over"
   ]
  }, 
  {
   "begin": "1.880", 
   "end": "2.160", 
   "id": "f000005", 
   "language": "en", 
   "lines": [
    "for"
   ]
  }, 
  {
   "begin": "2.160", 
   "end": "2.640", 
   "id": "f000006", 
   "language": "en", 
   "lines": [
    "Chunnu"
   ]
  }, 
  {
   "begin": "2.640", 
   "end": "2.960", 
   "id": "f000007", 
   "language": "en", 
   "lines": [
    "and"
   ]
  }, 
  {
   "begin": "2.960", 
   "end": "4.360", 
   "id": "f000008", 
   "language": "en", 
   "lines": [
    "Munnu,"
   ]
  }, 
  {
   "begin": "4.360", 
   "end": "4.880", 
   "id": "f000009", 
   "language": "en", 
   "lines": [
    "Nana"
   ]
  }, 
  {
   "begin": "4.880", 
   "end": "5.280", 
   "id": "f000010", 
   "language": "en", 
   "lines": [
    "and"
   ]
  }, 
  {
   "begin": "5.280", 
   "end": "6.040", 
   "id": "f000011", 
   "language": "en", 
   "lines": [
    "Nani"
   ]
  }, 
  {
   "begin": "6.040", 
   "end": "6.240", 
   "id": "f000012", 
   "language": "en", 
   "lines": [
    "are"
   ]
  }, 
  {
   "begin": "6.240", 
   "end": "6.680", 
   "id": "f000013", 
   "language": "en", 
   "lines": [
    "waiting"
   ]
  }, 
  {
   "begin": "6.680", 
   "end": "6.880", 
   "id": "f000014", 
   "language": "en", 
   "lines": [
    "to"
   ]
  }, 
  {
   "begin": "6.880", 
   "end": "7.280", 
   "id": "f000015", 
   "language": "en", 
   "lines": [
    "kiss"
   ]
  }, 
  {
   "begin": "7.280", 
   "end": "7.720", 
   "id": "f000016", 
   "language": "en", 
   "lines": [
    "Chunnu"
   ]
  }, 
  {
   "begin": "7.720", 
   "end": "8.040", 
   "id": "f000017", 
   "language": "en", 
   "lines": [
    "and"
   ]
  }, 
  {
   "begin": "8.040", 
   "end": "8.960", 
   "id": "f000018", 
   "language": "en", 
   "lines": [
    "Munnu"
   ]
  }, 
  {
   "begin": "8.960", 
   "end": "9.840", 
   "id": "f000019", 
   "language": "en", 
   "lines": [
    "Mwaah,"
   ]
  }, 
  {
   "begin": "9.840", 
   "end": "10.640", 
   "id": "f000020", 
   "language": "en", 
   "lines": [
    "Mwaah,"
   ]
  }, 
  {
   "begin": "10.640", 
   "end": "11.520", 
   "id": "f000021", 
   "language": "en", 
   "lines": [
    "Mwaah\u2026"
   ]
  }
 ]
}