{
 "fragments": [
  {
   "begin": "0.000", 
   "end": "0.920", 
   "id": "f000001", 
   "language": "en", 
   "lines": [
    "Yay!"
   ]
  }, 
  {
   "begin": "0.920", 
   "end": "1.400", 
   "id": "f000002", 
   "language": "en", 
   "lines": [
    "It"
   ]
  }, 
  {
   "begin": "1.400", 
   "end": "1.800", 
   "id": "f000003", 
   "language": "en", 
   "lines": [
    "is"
   ]
  }, 
  {
   "begin": "1.800", 
   "end": "2.160", 
   "id": "f000004", 
   "language": "en", 
   "lines": [
    "bath"
   ]
  }, 
  {
   "begin": "2.160", 
   "end": "2.480", 
   "id": "f000005", 
   "language": "en", 
   "lines": [
    "time"
   ]
  }, 
  {
   "begin": "2.480", 
   "end": "2.720", 
   "id": "f000006", 
   "language": "en", 
   "lines": [
    "for"
   ]
  }, 
  {
   "begin": "2.720", 
   "end": "3.120", 
   "id": "f000007", 
   "language": "en", 
   "lines": [
    "Chunnu"
   ]
  }, 
  {
   "begin": "3.120", 
   "end": "3.440", 
   "id": "f000008", 
   "language": "en", 
   "lines": [
    "and"
   ]
  }, 
  {
   "begin": "3.440", 
   "end": "4.680", 
   "id": "f000009", 
   "language": "en", 
   "lines": [
    "Munnu,"
   ]
  }, 
  {
   "begin": "4.680", 
   "end": "5.280", 
   "id": "f000010", 
   "language": "en", 
   "lines": [
    "Today,"
   ]
  }, 
  {
   "begin": "5.280", 
   "end": "6.280", 
   "id": "f000011", 
   "language": "en", 
   "lines": [
    "Mama"
   ]
  }, 
  {
   "begin": "6.280", 
   "end": "7.120", 
   "id": "f000012", 
   "language": "en", 
   "lines": [
    "sings"
   ]
  }, 
  {
   "begin": "7.120", 
   "end": "7.400", 
   "id": "f000013", 
   "language": "en", 
   "lines": [
    "a"
   ]
  }, 
  {
   "begin": "7.400", 
   "end": "7.520", 
   "id": "f000014", 
   "language": "en", 
   "lines": [
    "new"
   ]
  }, 
  {
   "begin": "7.520", 
   "end": "7.680", 
   "id": "f000015", 
   "language": "en", 
   "lines": [
    "rhyme"
   ]
  }, 
  {
   "begin": "7.680", 
   "end": "8.080", 
   "id": "f000016", 
   "language": "en", 
   "lines": [
    "for"
   ]
  }, 
  {
   "begin": "8.080", 
   "end": "8.320", 
   "id": "f000017", 
   "language": "en", 
   "lines": [
    "Chunnu"
   ]
  }, 
  {
   "begin": "8.320", 
   "end": "8.320", 
   "id": "f000018", 
   "language": "en", 
   "lines": [
    "and"
   ]
  }, 
  {
   "begin": "8.320", 
   "end": "8.440", 
   "id": "f000019", 
   "language": "en", 
   "lines": [
    "Munnu"
   ]
  }, 
  {
   "begin": "8.440", 
   "end": "8.600", 
   "id": "f000020", 
   "language": "en", 
   "lines": [
    "La"
   ]
  }, 
  {
   "begin": "8.600", 
   "end": "9.760", 
   "id": "f000021", 
   "language": "en", 
   "lines": [
    "la"
   ]
  }, 
  {
   "begin": "9.760", 
   "end": "10.560", 
   "id": "f000022", 
   "language": "en", 
   "lines": [
    "la"
   ]
  }, 
  {
   "begin": "10.560", 
   "end": "11.440", 
   "id": "f000023", 
   "language": "en", 
   "lines": [
    "la..."
   ]
  }
 ]
}