{
 "fragments": [
  {
   "begin": "0.000", 
   "end": "0.800", 
   "id": "f000001", 
   "language": "en", 
   "lines": [
    "Bath"
   ]
  }, 
  {
   "begin": "0.800", 
   "end": "1.280", 
   "id": "f000002", 
   "language": "en", 
   "lines": [
    "time"
   ]
  }, 
  {
   "begin": "1.280", 
   "end": "1.600", 
   "id": "f000003", 
   "language": "en", 
   "lines": [
    "is"
   ]
  }, 
  {
   "begin": "1.600", 
   "end": "2.040", 
   "id": "f000004", 
   "language": "en", 
   "lines": [
    "over"
   ]
  }, 
  {
   "begin": "2.040", 
   "end": "2.320", 
   "id": "f000005", 
   "language": "en", 
   "lines": [
    "for"
   ]
  }, 
  {
   "begin": "2.320", 
   "end": "2.800", 
   "id": "f000006", 
   "language": "en", 
   "lines": [
    "Chunnu"
   ]
  }, 
  {
   "begin": "2.800", 
   "end": "3.120", 
   "id": "f000007", 
   "language": "en", 
   "lines": [
    "and"
   ]
  }, 
  {
   "begin": "3.120", 
   "end": "4.640", 
   "id": "f000008", 
   "language": "en", 
   "lines": [
    "Munnu,"
   ]
  }, 
  {
   "begin": "4.640", 
   "end": "5.400", 
   "id": "f000009", 
   "language": "en", 
   "lines": [
    "Yay!"
   ]
  }, 
  {
   "begin": "5.400", 
   "end": "5.520", 
   "id": "f000010", 
   "language": "en", 
   "lines": [
    "It"
   ]
  }, 
  {
   "begin": "5.520", 
   "end": "5.840", 
   "id": "f000011", 
   "language": "en", 
   "lines": [
    "is"
   ]
  }, 
  {
   "begin": "5.840", 
   "end": "6.240", 
   "id": "f000012", 
   "language": "en", 
   "lines": [
    "dinner"
   ]
  }, 
  {
   "begin": "6.240", 
   "end": "6.640", 
   "id": "f000013", 
   "language": "en", 
   "lines": [
    "time"
   ]
  }, 
  {
   "begin": "6.640", 
   "end": "6.840", 
   "id": "f000014", 
   "language": "en", 
   "lines": [
    "for"
   ]
  }, 
  {
   "begin": "6.840", 
   "end": "7.320", 
   "id": "f000015", 
   "language": "en", 
   "lines": [
    "Chunnu"
   ]
  }, 
  {
   "begin": "7.320", 
   "end": "7.640", 
   "id": "f000016", 
   "language": "en", 
   "lines": [
    "and"
   ]
  }, 
  {
   "begin": "7.640", 
   "end": "7.840", 
   "id": "f000017", 
   "language": "en", 
   "lines": [
    "Munnu"
   ]
  }, 
  {
   "begin": "7.840", 
   "end": "8.840", 
   "id": "f000018", 
   "language": "en", 
   "lines": [
    "Yum"
   ]
  }, 
  {
   "begin": "8.840", 
   "end": "9.480", 
   "id": "f000019", 
   "language": "en", 
   "lines": [
    "yum"
   ]
  }, 
  {
   "begin": "9.480", 
   "end": "10.520", 
   "id": "f000020", 
   "language": "en", 
   "lines": [
    "yum\u2026"
   ]
  }
 ]
}