{
 "fragments": [
  {
   "begin": "0.000", 
   "end": "0.640", 
   "id": "f000001", 
   "language": "en", 
   "lines": [
    "And"
   ]
  }, 
  {
   "begin": "0.640", 
   "end": "0.760", 
   "id": "f000002", 
   "language": "en", 
   "lines": [
    "for"
   ]
  }, 
  {
   "begin": "0.760", 
   "end": "0.840", 
   "id": "f000003", 
   "language": "en", 
   "lines": [
    "the"
   ]
  }, 
  {
   "begin": "0.840", 
   "end": "1.440", 
   "id": "f000004", 
   "language": "en", 
   "lines": [
    "mangoes"
   ]
  }, 
  {
   "begin": "1.440", 
   "end": "1.640", 
   "id": "f000005", 
   "language": "en", 
   "lines": [
    "that"
   ]
  }, 
  {
   "begin": "1.640", 
   "end": "1.920", 
   "id": "f000006", 
   "language": "en", 
   "lines": [
    "flew"
   ]
  }, 
  {
   "begin": "1.920", 
   "end": "2.520", 
   "id": "f000007", 
   "language": "en", 
   "lines": [
    "away,"
   ]
  }, 
  {
   "begin": "2.520", 
   "end": "2.800", 
   "id": "f000008", 
   "language": "en", 
   "lines": [
    "it"
   ]
  }, 
  {
   "begin": "2.800", 
   "end": "3.040", 
   "id": "f000009", 
   "language": "en", 
   "lines": [
    "is"
   ]
  }, 
  {
   "begin": "3.040", 
   "end": "3.360", 
   "id": "f000010", 
   "language": "en", 
   "lines": [
    "said"
   ]
  }, 
  {
   "begin": "3.360", 
   "end": "3.600", 
   "id": "f000011", 
   "language": "en", 
   "lines": [
    "that"
   ]
  }, 
  {
   "begin": "3.600", 
   "end": "3.920", 
   "id": "f000012", 
   "language": "en", 
   "lines": [
    "they"
   ]
  }, 
  {
   "begin": "3.920", 
   "end": "4.200", 
   "id": "f000013", 
   "language": "en", 
   "lines": [
    "are"
   ]
  }, 
  {
   "begin": "4.200", 
   "end": "4.240", 
   "id": "f000014", 
   "language": "en", 
   "lines": [
    "known"
   ]
  }, 
  {
   "begin": "4.240", 
   "end": "4.560", 
   "id": "f000015", 
   "language": "en", 
   "lines": [
    "as"
   ]
  }, 
  {
   "begin": "4.560", 
   "end": "5.160", 
   "id": "f000016", 
   "language": "en", 
   "lines": [
    "golden"
   ]
  }, 
  {
   "begin": "5.160", 
   "end": "5.880", 
   "id": "f000017", 
   "language": "en", 
   "lines": [
    "orioles"
   ]
  }, 
  {
   "begin": "5.880", 
   "end": "6.600", 
   "id": "f000018", 
   "language": "en", 
   "lines": [
    "now."
   ]
  }, 
  {
   "begin": "6.600", 
   "end": "6.960", 
   "id": "f000019", 
   "language": "en", 
   "lines": [
    "These"
   ]
  }, 
  {
   "begin": "6.960", 
   "end": "7.360", 
   "id": "f000020", 
   "language": "en", 
   "lines": [
    "birds"
   ]
  }, 
  {
   "begin": "7.360", 
   "end": "7.680", 
   "id": "f000021", 
   "language": "en", 
   "lines": [
    "live"
   ]
  }, 
  {
   "begin": "7.680", 
   "end": "8.000", 
   "id": "f000022", 
   "language": "en", 
   "lines": [
    "among"
   ]
  }, 
  {
   "begin": "8.000", 
   "end": "8.400", 
   "id": "f000023", 
   "language": "en", 
   "lines": [
    "mango"
   ]
  }, 
  {
   "begin": "8.400", 
   "end": "9.000", 
   "id": "f000024", 
   "language": "en", 
   "lines": [
    "trees,"
   ]
  }, 
  {
   "begin": "9.000", 
   "end": "9.560", 
   "id": "f000025", 
   "language": "en", 
   "lines": [
    "but"
   ]
  }, 
  {
   "begin": "9.560", 
   "end": "10.000", 
   "id": "f000026", 
   "language": "en", 
   "lines": [
    "never"
   ]
  }, 
  {
   "begin": "10.000", 
   "end": "10.320", 
   "id": "f000027", 
   "language": "en", 
   "lines": [
    "eat"
   ]
  }, 
  {
   "begin": "10.320", 
   "end": "10.320", 
   "id": "f000028", 
   "language": "en", 
   "lines": [
    "the"
   ]
  }, 
  {
   "begin": "10.320", 
   "end": "11.400", 
   "id": "f000029", 
   "language": "en", 
   "lines": [
    "fruit."
   ]
  }
 ]
}