{"id":174,"name":"The mango birds","writtenby":"Deepa Agarwal","illustrationsby":"Subir Roy","translationby":"","source":"","status":"active","level":1,"pages":[{"id":2134,"content":"","pageno":1,"image":"d4e21b1c553fdeb2f6d3eaab33d85e19.png","audio":"","audio_map":"","audio_map_obj":"","language":[]},{"id":1974,"content":"Once, a mango tree grew right in the middle of a forest. It was a wild tree and did not belong to anyone. So everybody shared the juicy fruit that grew on it.","pageno":2,"image":"68322e84e55d5d89efdc95de49fe537e.png","audio":"7db4858b1943620aec078dd93a4fe20d.mp3","audio_map":"10da97fdcfaead32025a33f28029eb39.json","language":[]},{"id":2214,"content":"","pageno":3,"image":"71a5f8d9ad73559a5be74b9859a91c6c.png","audio":"","audio_map":"","audio_map_obj":"","language":[]},{"id":1984,"content":"Birds and animals from the forest, men, women and children from the village nearby, all shared the fruit happily. Till one day...","pageno":4,"image":"4ed0b13ce7109528e528b1f316594edb.png","audio":"19924b12760969d08b190b696c5b113f.mp3","audio_map":"74a4fe61364f9c0c52f52e807cff7f56.json","language":[]},{"id":1994,"content":"The strange man came to the village. He was thirsty. So a village woman gave him a glass of water to drink. Her grandson offered him a mango.","pageno":5,"image":"bc3a8842e282de376959c7083a14476b.png","audio":"36bb7a405c3a82f310b5c768db813117.mp3","audio_map":"5fda3c6e989029c4781b1aee0bdeb813.json","language":[]},{"id":2004,"content":"\"Mmm...mm. These are the best mangoes I've eaten. From where did you get them?\"","pageno":6,"image":"29ed743fa11d3417e0aaa02ca8389549.png","audio":"10d49455d5ea455f5bc821f2042b3d7a.mp3","audio_map":"9675b4a2f9cf35e04e298c6b2479afad.json","language":[]},{"id":2014,"content":"\"From the forest,\" said the boy, \"From a big tree that grows there. I'll show you!\"","pageno":7,"image":"fc72785255c0a81eca3e4c7c40c8d030.png","audio":"74e4393eba3a7b53872afbb1d49888c5.mp3","audio_map":"2f5f6c4eec3d644e617aa0c36a7f39f3.json","language":[]},{"id":2024,"content":"The man saw the mango tree full of juicy fruit. He got an idea...","pageno":8,"image":"251991a701cc927b827711699f5b0481.png","audio":"6b7f04ba84191d40f0ad43215c23caf7.mp3","audio_map":"248e1806ee18a54f2e4bdeca00a0438e.json","language":[]},{"id":2025,"content":"'If I take all these mangoes and sell them in town,' he thought, 'I can make a lot of money!'","pageno":9,"image":"875a21a736e244b9dff778361cfa5a2e.png","audio":"a94059cd654731e1ab4e95f8fc865734.mp3","audio_map":"0acccc6546b59185c662d645a221a494.json","language":[]},{"id":2034,"content":"He brought a big sack and began to fill it.\n\"Stop!\" cried the monkeys.\n\"Stop!\" cried the birds.\n\"Stop! Stop! Those mangoes are for everyone!\"","pageno":10,"image":"0afe8d7e3b295e4e6a9b5426e65d2036.png","audio":"b62e96b4a6ad51342da731f5a11facbf.mp3","audio_map":"2d630327335ddc4acc9924d91e94af68.json","language":[]},{"id":2044,"content":"But the greedy man did not stop. He filled his sack. Then he put it on his bicycle. He was all ready to go, when...","pageno":11,"image":"b5f6a6d6c23e89fa470802701c434848.png","audio":"998f8589ea771cdff8bab41c79336735.mp3","audio_map":"9f5460f9d6a754b4015387029a330bb0.json","language":[]},{"id":2045,"content":"A crow dived down and punctured his tyre. A monkey pulled off his hat and jumped on it. A goat knocked his sack of mangoes over!","pageno":12,"image":"93991695bbee023b800921045eb228cc.png","audio":"7e8eca886521fc13c57d6051fae75577.mp3","audio_map":"d0c232591ef7969c73985775a0c4d36b.json","language":[]},{"id":2054,"content":"The mangoes fell down and rolled down the hill. The man tried to catch them. But...\none by one, the mangoes grew wings and began to fly.","pageno":13,"image":"556c337a97952aaf59078fa7bda7483e.png","audio":"8abb44ba7fe913bde9f23e0382beb6ff.mp3","audio_map":"cf9bba1cc577b565d7292719cb23a757.json","language":[]},{"id":2064,"content":"The greedy man watched helplessly. Then he jumped on his bicycle and pedalled away. Everyone was happy to see him go. Now they could share the mangoes happily again.","pageno":14,"image":"23d9c80fa33a87505f554d709865757c.png","audio":"60f10e947595aa623e848e3db1ac6592.mp3","audio_map":"5551454c5e7d7e621589bef94a43582b.json","language":[]},{"id":2074,"content":"And for the mangoes that flew away, it is said that they are known as golden orioles now. These birds live among mango trees, but never eat the fruit.","pageno":15,"image":"fe340c891f12a84bfd826b2463955c58.png","audio":"a7773b744b0a36b15819ed6571c537f1.mp3","audio_map":"09645418f61af5118abce399a0fe2324.json","language":[]}],"language":[],"questions":[{"id":7244,"type":"pre","storypage_id":0,"order_number":1,"title":"Vocabulary","question":{"question_type":"vocabulary","question":{"text":"","image":"","type":""},"words":[{"word":"mango","image":"c19fa1f331a5c02e05802eb0b4fb055c.png"},{"word":"forest","image":"8ac33607c68af36993b594cac9a97698.png"},{"word":"town","image":"d15dcaef90fe2efbb40b2991264ea245.png"},{"word":"puncture","image":"2919a110809a271e51d417d035d5ee94.png"}]},"score":1,"question_template_id":21,"question_template":"Vocab"},{"id":7254,"type":"post","storypage_id":0,"order_number":1,"title":"Let's try speaking.","question":{"question_type":"conversation","question":{"text":"A monkey and a bird are watching the man steal the mangoes. They are speaking to each other.","image":"","type":"text"},"conversation":[{"sentence":"Look, monkey! That man is stealing the mangoes!","image":"","question":0},{"sentence":"Yes, bird! I can see! How can we stop him?","image":"","question":0},{"sentence":"WHAT DOES THE BIRD SAY?","image":"","question":1},{"sentence":"That's a good idea!","image":"","question":0}]},"score":1,"question_template_id":6,"question_template":"Conversation"},{"id":7144,"type":"during","storypage_id":1974,"order_number":1,"title":"Choose the correct answer.","question":{"question_type":"mcq_single_answer","question":{"text":"What kind of tree grew right in the middle of the forest?","image":"","type":"text"},"options":[{"text":"A mango tree.","type":"text","image":"","ans":1},{"text":"A guava tree.","type":"text","image":"","ans":0},{"text":"A neem tree.","type":"text","image":"","ans":0},{"text":"A gulmohar tree.","type":"text","image":"","ans":0}],"answers":["A mango tree."]},"score":1,"question_template_id":2,"question_template":"Text MCQ"},{"id":7194,"type":"during","storypage_id":2025,"order_number":2,"title":"Choose the correct answer.","question":{"question_type":"mcq_single_answer","question":{"text":"What was the man's idea?","image":"","type":"text"},"options":[{"text":"To sell all the mangoes.","type":"text","image":"","ans":1},{"text":"To eat all the mangoes.","type":"text","image":"","ans":0},{"text":"To make mango pickle.","type":"text","image":"","ans":0},{"text":"To cut down the mango tree.","type":"text","image":"","ans":0}],"answers":["To sell all the mangoes."]},"score":1,"question_template_id":2,"question_template":"Text MCQ"},{"id":7214,"type":"during","storypage_id":2045,"order_number":3,"title":"Choose as many answers as are correct.","question":{"question_type":"mcq_multiple_answer","question":{"text":"What did the animals do to the man?","image":"","type":"text"},"options":[{"text":"Punctured his tyre.","type":"text","image":"","ans":1},{"text":"Pulled off his hat and jumped on it.","type":"text","image":"","ans":1},{"text":"Knocked his sack of mangoes over.","type":"text","image":"","ans":1},{"text":"Called the police on him.","type":"text","image":"","ans":0}],"answers":["Punctured his tyre.","Pulled off his hat and jumped on it.","Knocked his sack of mangoes over."]},"score":1,"question_template_id":12,"question_template":"MCQ Multiple Answer with images"},{"id":7224,"type":"during","storypage_id":2054,"order_number":4,"title":"Choose the correct answer.","question":{"question_type":"mcq_single_answer","question":{"text":"What did the mangoes suddenly do?","image":"","type":"text"},"options":[{"text":"They grew wings and flew.","type":"text","image":"","ans":1},{"text":"They grew faces and talked.","type":"text","image":"","ans":0},{"text":"They grew moustaches and shaved.","type":"text","image":"","ans":0},{"text":"They grew noses and sneezed.","type":"text","image":"","ans":0}],"answers":["They grew wings and flew."]},"score":1,"question_template_id":2,"question_template":"Text MCQ"},{"id":7274,"type":"own_story","storypage_id":0,"order_number":1,"title":"Let's write a new story.","question":{"question_type":"mcq_single_answer","question":{"text":"Once there was a boy called Manu. One day, he saw a strange man come into his ____.","image":"","type":"text"},"options":[{"text":"school","type":"text","image":"","ans":1},{"text":"playground","type":"text","image":"","ans":1},{"text":"courtyard","type":"text","image":"","ans":1},{"text":"kitchen","type":"text","image":"","ans":1}],"answers":["school","playground","courtyard","kitchen"]},"score":1,"question_template_id":2,"question_template":"Text MCQ"},{"id":7284,"type":"own_story","storypage_id":0,"order_number":2,"title":"Let's write a new story.","question":{"question_type":"mcq_single_answer","question":{"text":"Quickly, he went to call his _____.","image":"","type":"text"},"options":[{"text":"friends","type":"text","image":"","ans":1},{"text":"brothers and sisters","type":"text","image":"","ans":1},{"text":"teachers","type":"text","image":"","ans":1},{"text":"parents","type":"text","image":"","ans":1}],"answers":["friends","brothers and sisters","teachers","parents"]},"score":1,"question_template_id":2,"question_template":"Text MCQ"},{"id":7294,"type":"own_story","storypage_id":0,"order_number":3,"title":"Let's write a new story.","question":{"question_type":"mcq_single_answer","question":{"text":"Together, they decided to _____ the man. 'WAAAA!' they yelled, and poked him in the ribs.","image":"","type":"text"},"options":[{"text":"scare","type":"text","image":"","ans":1},{"text":"frighten","type":"text","image":"","ans":1},{"text":"shock","type":"text","image":"","ans":1},{"text":"hurt","type":"text","image":"","ans":1}],"answers":["scare","frighten","shock","hurt"]},"score":1,"question_template_id":2,"question_template":"Text MCQ"},{"id":7304,"type":"own_story","storypage_id":0,"order_number":4,"title":"Let's write a new story.","question":{"question_type":"mcq_single_answer","question":{"text":"The man got so frightened, he went _____ away! They never saw him again.","image":"","type":"text"},"options":[{"text":"flying","type":"text","image":"","ans":1},{"text":"running","type":"text","image":"","ans":1},{"text":"screaming","type":"text","image":"","ans":1},{"text":"screeching","type":"text","image":"","ans":1}],"answers":["flying","running","screaming","screeching"]},"score":1,"question_template_id":2,"question_template":"Text MCQ"}]}