{
 "fragments": [
  {
   "begin": "0.000", 
   "end": "0.200", 
   "id": "f000001", 
   "language": "en", 
   "lines": [
    "The"
   ]
  }, 
  {
   "begin": "0.200", 
   "end": "0.600", 
   "id": "f000002", 
   "language": "en", 
   "lines": [
    "man"
   ]
  }, 
  {
   "begin": "0.600", 
   "end": "0.880", 
   "id": "f000003", 
   "language": "en", 
   "lines": [
    "saw"
   ]
  }, 
  {
   "begin": "0.880", 
   "end": "1.040", 
   "id": "f000004", 
   "language": "en", 
   "lines": [
    "the"
   ]
  }, 
  {
   "begin": "1.040", 
   "end": "1.440", 
   "id": "f000005", 
   "language": "en", 
   "lines": [
    "mango"
   ]
  }, 
  {
   "begin": "1.440", 
   "end": "1.720", 
   "id": "f000006", 
   "language": "en", 
   "lines": [
    "tree"
   ]
  }, 
  {
   "begin": "1.720", 
   "end": "2.240", 
   "id": "f000007", 
   "language": "en", 
   "lines": [
    "full"
   ]
  }, 
  {
   "begin": "2.240", 
   "end": "2.320", 
   "id": "f000008", 
   "language": "en", 
   "lines": [
    "of"
   ]
  }, 
  {
   "begin": "2.320", 
   "end": "2.760", 
   "id": "f000009", 
   "language": "en", 
   "lines": [
    "juicy"
   ]
  }, 
  {
   "begin": "2.760", 
   "end": "3.760", 
   "id": "f000010", 
   "language": "en", 
   "lines": [
    "fruit."
   ]
  }, 
  {
   "begin": "3.760", 
   "end": "4.040", 
   "id": "f000011", 
   "language": "en", 
   "lines": [
    "He"
   ]
  }, 
  {
   "begin": "4.040", 
   "end": "4.440", 
   "id": "f000012", 
   "language": "en", 
   "lines": [
    "got"
   ]
  }, 
  {
   "begin": "4.440", 
   "end": "4.640", 
   "id": "f000013", 
   "language": "en", 
   "lines": [
    "an"
   ]
  }, 
  {
   "begin": "4.640", 
   "end": "5.280", 
   "id": "f000014", 
   "language": "en", 
   "lines": [
    "idea..."
   ]
  }
 ]
}