{
 "fragments": [
  {
   "begin": "0.000", 
   "end": "0.280", 
   "id": "f000001", 
   "language": "en", 
   "lines": [
    "He"
   ]
  }, 
  {
   "begin": "0.280", 
   "end": "0.720", 
   "id": "f000002", 
   "language": "en", 
   "lines": [
    "brought"
   ]
  }, 
  {
   "begin": "0.720", 
   "end": "0.840", 
   "id": "f000003", 
   "language": "en", 
   "lines": [
    "a"
   ]
  }, 
  {
   "begin": "0.840", 
   "end": "0.920", 
   "id": "f000004", 
   "language": "en", 
   "lines": [
    "big"
   ]
  }, 
  {
   "begin": "0.920", 
   "end": "1.560", 
   "id": "f000005", 
   "language": "en", 
   "lines": [
    "sack"
   ]
  }, 
  {
   "begin": "1.560", 
   "end": "1.840", 
   "id": "f000006", 
   "language": "en", 
   "lines": [
    "and"
   ]
  }, 
  {
   "begin": "1.840", 
   "end": "2.240", 
   "id": "f000007", 
   "language": "en", 
   "lines": [
    "began"
   ]
  }, 
  {
   "begin": "2.240", 
   "end": "2.280", 
   "id": "f000008", 
   "language": "en", 
   "lines": [
    "to"
   ]
  }, 
  {
   "begin": "2.280", 
   "end": "2.840", 
   "id": "f000009", 
   "language": "en", 
   "lines": [
    "fill"
   ]
  }, 
  {
   "begin": "2.840", 
   "end": "2.960", 
   "id": "f000010", 
   "language": "en", 
   "lines": [
    "it.\n"
   ]
  }, 
  {
   "begin": "2.960", 
   "end": "3.720", 
   "id": "f000011", 
   "language": "en", 
   "lines": [
    "\"Stop!\""
   ]
  }, 
  {
   "begin": "3.720", 
   "end": "4.760", 
   "id": "f000012", 
   "language": "en", 
   "lines": [
    "cried"
   ]
  }, 
  {
   "begin": "4.760", 
   "end": "5.200", 
   "id": "f000013", 
   "language": "en", 
   "lines": [
    "the"
   ]
  }, 
  {
   "begin": "5.200", 
   "end": "6.040", 
   "id": "f000014", 
   "language": "en", 
   "lines": [
    "monkeys.\n"
   ]
  }, 
  {
   "begin": "6.040", 
   "end": "7.520", 
   "id": "f000015", 
   "language": "en", 
   "lines": [
    "\"Stop!\""
   ]
  }, 
  {
   "begin": "7.520", 
   "end": "8.120", 
   "id": "f000016", 
   "language": "en", 
   "lines": [
    "cried"
   ]
  }, 
  {
   "begin": "8.120", 
   "end": "8.280", 
   "id": "f000017", 
   "language": "en", 
   "lines": [
    "the"
   ]
  }, 
  {
   "begin": "8.280", 
   "end": "8.920", 
   "id": "f000018", 
   "language": "en", 
   "lines": [
    "birds.\n"
   ]
  }, 
  {
   "begin": "8.920", 
   "end": "10.480", 
   "id": "f000019", 
   "language": "en", 
   "lines": [
    "\"Stop!"
   ]
  }, 
  {
   "begin": "10.480", 
   "end": "11.640", 
   "id": "f000020", 
   "language": "en", 
   "lines": [
    "Stop!"
   ]
  }, 
  {
   "begin": "11.640", 
   "end": "12.280", 
   "id": "f000021", 
   "language": "en", 
   "lines": [
    "Those"
   ]
  }, 
  {
   "begin": "12.280", 
   "end": "13.040", 
   "id": "f000022", 
   "language": "en", 
   "lines": [
    "mangoes"
   ]
  }, 
  {
   "begin": "13.040", 
   "end": "13.600", 
   "id": "f000023", 
   "language": "en", 
   "lines": [
    "are"
   ]
  }, 
  {
   "begin": "13.600", 
   "end": "13.840", 
   "id": "f000024", 
   "language": "en", 
   "lines": [
    "for"
   ]
  }, 
  {
   "begin": "13.840", 
   "end": "14.240", 
   "id": "f000025", 
   "language": "en", 
   "lines": [
    "everyone!\""
   ]
  }
 ]
}