{
 "fragments": [
  {
   "begin": "0.000", 
   "end": "0.320", 
   "id": "f000001", 
   "language": "en", 
   "lines": [
    "\"From"
   ]
  }, 
  {
   "begin": "0.320", 
   "end": "0.440", 
   "id": "f000002", 
   "language": "en", 
   "lines": [
    "the"
   ]
  }, 
  {
   "begin": "0.440", 
   "end": "1.160", 
   "id": "f000003", 
   "language": "en", 
   "lines": [
    "forest,\""
   ]
  }, 
  {
   "begin": "1.160", 
   "end": "1.880", 
   "id": "f000004", 
   "language": "en", 
   "lines": [
    "said"
   ]
  }, 
  {
   "begin": "1.880", 
   "end": "2.000", 
   "id": "f000005", 
   "language": "en", 
   "lines": [
    "the"
   ]
  }, 
  {
   "begin": "2.000", 
   "end": "2.480", 
   "id": "f000006", 
   "language": "en", 
   "lines": [
    "boy,"
   ]
  }, 
  {
   "begin": "2.480", 
   "end": "3.640", 
   "id": "f000007", 
   "language": "en", 
   "lines": [
    "\"From"
   ]
  }, 
  {
   "begin": "3.640", 
   "end": "4.040", 
   "id": "f000008", 
   "language": "en", 
   "lines": [
    "a"
   ]
  }, 
  {
   "begin": "4.040", 
   "end": "4.040", 
   "id": "f000009", 
   "language": "en", 
   "lines": [
    "big"
   ]
  }, 
  {
   "begin": "4.040", 
   "end": "4.360", 
   "id": "f000010", 
   "language": "en", 
   "lines": [
    "tree"
   ]
  }, 
  {
   "begin": "4.360", 
   "end": "4.600", 
   "id": "f000011", 
   "language": "en", 
   "lines": [
    "that"
   ]
  }, 
  {
   "begin": "4.600", 
   "end": "4.960", 
   "id": "f000012", 
   "language": "en", 
   "lines": [
    "grows"
   ]
  }, 
  {
   "begin": "4.960", 
   "end": "5.640", 
   "id": "f000013", 
   "language": "en", 
   "lines": [
    "there."
   ]
  }, 
  {
   "begin": "5.640", 
   "end": "5.960", 
   "id": "f000014", 
   "language": "en", 
   "lines": [
    "I'll"
   ]
  }, 
  {
   "begin": "5.960", 
   "end": "6.200", 
   "id": "f000015", 
   "language": "en", 
   "lines": [
    "show"
   ]
  }, 
  {
   "begin": "6.200", 
   "end": "6.640", 
   "id": "f000016", 
   "language": "en", 
   "lines": [
    "you!\""
   ]
  }
 ]
}