{
 "fragments": [
  {
   "begin": "0.000", 
   "end": "0.360", 
   "id": "f000001", 
   "language": "en", 
   "lines": [
    "The"
   ]
  }, 
  {
   "begin": "0.360", 
   "end": "0.760", 
   "id": "f000002", 
   "language": "en", 
   "lines": [
    "greedy"
   ]
  }, 
  {
   "begin": "0.760", 
   "end": "1.080", 
   "id": "f000003", 
   "language": "en", 
   "lines": [
    "man"
   ]
  }, 
  {
   "begin": "1.080", 
   "end": "1.360", 
   "id": "f000004", 
   "language": "en", 
   "lines": [
    "watched"
   ]
  }, 
  {
   "begin": "1.360", 
   "end": "2.840", 
   "id": "f000005", 
   "language": "en", 
   "lines": [
    "helplessly."
   ]
  }, 
  {
   "begin": "2.840", 
   "end": "3.280", 
   "id": "f000006", 
   "language": "en", 
   "lines": [
    "Then"
   ]
  }, 
  {
   "begin": "3.280", 
   "end": "3.600", 
   "id": "f000007", 
   "language": "en", 
   "lines": [
    "he"
   ]
  }, 
  {
   "begin": "3.600", 
   "end": "3.640", 
   "id": "f000008", 
   "language": "en", 
   "lines": [
    "jumped"
   ]
  }, 
  {
   "begin": "3.640", 
   "end": "3.800", 
   "id": "f000009", 
   "language": "en", 
   "lines": [
    "on"
   ]
  }, 
  {
   "begin": "3.800", 
   "end": "4.080", 
   "id": "f000010", 
   "language": "en", 
   "lines": [
    "his"
   ]
  }, 
  {
   "begin": "4.080", 
   "end": "4.680", 
   "id": "f000011", 
   "language": "en", 
   "lines": [
    "bicycle"
   ]
  }, 
  {
   "begin": "4.680", 
   "end": "4.960", 
   "id": "f000012", 
   "language": "en", 
   "lines": [
    "and"
   ]
  }, 
  {
   "begin": "4.960", 
   "end": "5.400", 
   "id": "f000013", 
   "language": "en", 
   "lines": [
    "pedalled"
   ]
  }, 
  {
   "begin": "5.400", 
   "end": "6.280", 
   "id": "f000014", 
   "language": "en", 
   "lines": [
    "away."
   ]
  }, 
  {
   "begin": "6.280", 
   "end": "6.840", 
   "id": "f000015", 
   "language": "en", 
   "lines": [
    "Everyone"
   ]
  }, 
  {
   "begin": "6.840", 
   "end": "7.280", 
   "id": "f000016", 
   "language": "en", 
   "lines": [
    "was"
   ]
  }, 
  {
   "begin": "7.280", 
   "end": "7.280", 
   "id": "f000017", 
   "language": "en", 
   "lines": [
    "happy"
   ]
  }, 
  {
   "begin": "7.280", 
   "end": "7.480", 
   "id": "f000018", 
   "language": "en", 
   "lines": [
    "to"
   ]
  }, 
  {
   "begin": "7.480", 
   "end": "7.720", 
   "id": "f000019", 
   "language": "en", 
   "lines": [
    "see"
   ]
  }, 
  {
   "begin": "7.720", 
   "end": "7.920", 
   "id": "f000020", 
   "language": "en", 
   "lines": [
    "him"
   ]
  }, 
  {
   "begin": "7.920", 
   "end": "8.880", 
   "id": "f000021", 
   "language": "en", 
   "lines": [
    "go."
   ]
  }, 
  {
   "begin": "8.880", 
   "end": "9.200", 
   "id": "f000022", 
   "language": "en", 
   "lines": [
    "Now"
   ]
  }, 
  {
   "begin": "9.200", 
   "end": "9.320", 
   "id": "f000023", 
   "language": "en", 
   "lines": [
    "they"
   ]
  }, 
  {
   "begin": "9.320", 
   "end": "9.520", 
   "id": "f000024", 
   "language": "en", 
   "lines": [
    "could"
   ]
  }, 
  {
   "begin": "9.520", 
   "end": "10.000", 
   "id": "f000025", 
   "language": "en", 
   "lines": [
    "share"
   ]
  }, 
  {
   "begin": "10.000", 
   "end": "10.320", 
   "id": "f000026", 
   "language": "en", 
   "lines": [
    "the"
   ]
  }, 
  {
   "begin": "10.320", 
   "end": "10.600", 
   "id": "f000027", 
   "language": "en", 
   "lines": [
    "mangoes"
   ]
  }, 
  {
   "begin": "10.600", 
   "end": "11.280", 
   "id": "f000028", 
   "language": "en", 
   "lines": [
    "happily"
   ]
  }, 
  {
   "begin": "11.280", 
   "end": "11.920", 
   "id": "f000029", 
   "language": "en", 
   "lines": [
    "again."
   ]
  }
 ]
}