{
 "fragments": [
  {
   "begin": "0.000", 
   "end": "0.720", 
   "id": "f000001", 
   "language": "en", 
   "lines": [
    "Birds"
   ]
  }, 
  {
   "begin": "0.720", 
   "end": "1.000", 
   "id": "f000002", 
   "language": "en", 
   "lines": [
    "and"
   ]
  }, 
  {
   "begin": "1.000", 
   "end": "1.440", 
   "id": "f000003", 
   "language": "en", 
   "lines": [
    "animals"
   ]
  }, 
  {
   "begin": "1.440", 
   "end": "1.760", 
   "id": "f000004", 
   "language": "en", 
   "lines": [
    "from"
   ]
  }, 
  {
   "begin": "1.760", 
   "end": "1.880", 
   "id": "f000005", 
   "language": "en", 
   "lines": [
    "the"
   ]
  }, 
  {
   "begin": "1.880", 
   "end": "3.000", 
   "id": "f000006", 
   "language": "en", 
   "lines": [
    "forest,"
   ]
  }, 
  {
   "begin": "3.000", 
   "end": "3.640", 
   "id": "f000007", 
   "language": "en", 
   "lines": [
    "men,"
   ]
  }, 
  {
   "begin": "3.640", 
   "end": "4.200", 
   "id": "f000008", 
   "language": "en", 
   "lines": [
    "women"
   ]
  }, 
  {
   "begin": "4.200", 
   "end": "4.440", 
   "id": "f000009", 
   "language": "en", 
   "lines": [
    "and"
   ]
  }, 
  {
   "begin": "4.440", 
   "end": "5.000", 
   "id": "f000010", 
   "language": "en", 
   "lines": [
    "children"
   ]
  }, 
  {
   "begin": "5.000", 
   "end": "5.320", 
   "id": "f000011", 
   "language": "en", 
   "lines": [
    "from"
   ]
  }, 
  {
   "begin": "5.320", 
   "end": "5.320", 
   "id": "f000012", 
   "language": "en", 
   "lines": [
    "the"
   ]
  }, 
  {
   "begin": "5.320", 
   "end": "5.800", 
   "id": "f000013", 
   "language": "en", 
   "lines": [
    "village"
   ]
  }, 
  {
   "begin": "5.800", 
   "end": "6.880", 
   "id": "f000014", 
   "language": "en", 
   "lines": [
    "nearby,"
   ]
  }, 
  {
   "begin": "6.880", 
   "end": "7.120", 
   "id": "f000015", 
   "language": "en", 
   "lines": [
    "all"
   ]
  }, 
  {
   "begin": "7.120", 
   "end": "7.560", 
   "id": "f000016", 
   "language": "en", 
   "lines": [
    "shared"
   ]
  }, 
  {
   "begin": "7.560", 
   "end": "7.680", 
   "id": "f000017", 
   "language": "en", 
   "lines": [
    "the"
   ]
  }, 
  {
   "begin": "7.680", 
   "end": "8.040", 
   "id": "f000018", 
   "language": "en", 
   "lines": [
    "fruit"
   ]
  }, 
  {
   "begin": "8.040", 
   "end": "8.800", 
   "id": "f000019", 
   "language": "en", 
   "lines": [
    "happily."
   ]
  }, 
  {
   "begin": "8.800", 
   "end": "9.360", 
   "id": "f000020", 
   "language": "en", 
   "lines": [
    "Till"
   ]
  }, 
  {
   "begin": "9.360", 
   "end": "9.640", 
   "id": "f000021", 
   "language": "en", 
   "lines": [
    "one"
   ]
  }, 
  {
   "begin": "9.640", 
   "end": "10.240", 
   "id": "f000022", 
   "language": "en", 
   "lines": [
    "day..."
   ]
  }
 ]
}