{
 "fragments": [
  {
   "begin": "0.000", 
   "end": "1.360", 
   "id": "f000001", 
   "language": "en", 
   "lines": [
    "\"Mmm...mm."
   ]
  }, 
  {
   "begin": "1.360", 
   "end": "1.960", 
   "id": "f000002", 
   "language": "en", 
   "lines": [
    "These"
   ]
  }, 
  {
   "begin": "1.960", 
   "end": "2.040", 
   "id": "f000003", 
   "language": "en", 
   "lines": [
    "are"
   ]
  }, 
  {
   "begin": "2.040", 
   "end": "2.240", 
   "id": "f000004", 
   "language": "en", 
   "lines": [
    "the"
   ]
  }, 
  {
   "begin": "2.240", 
   "end": "2.600", 
   "id": "f000005", 
   "language": "en", 
   "lines": [
    "best"
   ]
  }, 
  {
   "begin": "2.600", 
   "end": "3.120", 
   "id": "f000006", 
   "language": "en", 
   "lines": [
    "mangoes"
   ]
  }, 
  {
   "begin": "3.120", 
   "end": "3.440", 
   "id": "f000007", 
   "language": "en", 
   "lines": [
    "I've"
   ]
  }, 
  {
   "begin": "3.440", 
   "end": "3.800", 
   "id": "f000008", 
   "language": "en", 
   "lines": [
    "eaten."
   ]
  }, 
  {
   "begin": "3.800", 
   "end": "4.640", 
   "id": "f000009", 
   "language": "en", 
   "lines": [
    "From"
   ]
  }, 
  {
   "begin": "4.640", 
   "end": "4.920", 
   "id": "f000010", 
   "language": "en", 
   "lines": [
    "where"
   ]
  }, 
  {
   "begin": "4.920", 
   "end": "5.040", 
   "id": "f000011", 
   "language": "en", 
   "lines": [
    "did"
   ]
  }, 
  {
   "begin": "5.040", 
   "end": "5.240", 
   "id": "f000012", 
   "language": "en", 
   "lines": [
    "you"
   ]
  }, 
  {
   "begin": "5.240", 
   "end": "5.480", 
   "id": "f000013", 
   "language": "en", 
   "lines": [
    "get"
   ]
  }, 
  {
   "begin": "5.480", 
   "end": "6.040", 
   "id": "f000014", 
   "language": "en", 
   "lines": [
    "them?\""
   ]
  }
 ]
}