{
 "fragments": [
  {
   "begin": "0.000", 
   "end": "0.040", 
   "id": "f000001", 
   "language": "en", 
   "lines": [
    "But"
   ]
  }, 
  {
   "begin": "0.040", 
   "end": "0.440", 
   "id": "f000002", 
   "language": "en", 
   "lines": [
    "the"
   ]
  }, 
  {
   "begin": "0.440", 
   "end": "0.720", 
   "id": "f000003", 
   "language": "en", 
   "lines": [
    "greedy"
   ]
  }, 
  {
   "begin": "0.720", 
   "end": "1.280", 
   "id": "f000004", 
   "language": "en", 
   "lines": [
    "man"
   ]
  }, 
  {
   "begin": "1.280", 
   "end": "1.480", 
   "id": "f000005", 
   "language": "en", 
   "lines": [
    "did"
   ]
  }, 
  {
   "begin": "1.480", 
   "end": "1.840", 
   "id": "f000006", 
   "language": "en", 
   "lines": [
    "not"
   ]
  }, 
  {
   "begin": "1.840", 
   "end": "2.320", 
   "id": "f000007", 
   "language": "en", 
   "lines": [
    "stop."
   ]
  }, 
  {
   "begin": "2.320", 
   "end": "2.800", 
   "id": "f000008", 
   "language": "en", 
   "lines": [
    "He"
   ]
  }, 
  {
   "begin": "2.800", 
   "end": "3.400", 
   "id": "f000009", 
   "language": "en", 
   "lines": [
    "filled"
   ]
  }, 
  {
   "begin": "3.400", 
   "end": "3.600", 
   "id": "f000010", 
   "language": "en", 
   "lines": [
    "his"
   ]
  }, 
  {
   "begin": "3.600", 
   "end": "4.160", 
   "id": "f000011", 
   "language": "en", 
   "lines": [
    "sack."
   ]
  }, 
  {
   "begin": "4.160", 
   "end": "5.240", 
   "id": "f000012", 
   "language": "en", 
   "lines": [
    "Then"
   ]
  }, 
  {
   "begin": "5.240", 
   "end": "5.400", 
   "id": "f000013", 
   "language": "en", 
   "lines": [
    "he"
   ]
  }, 
  {
   "begin": "5.400", 
   "end": "5.840", 
   "id": "f000014", 
   "language": "en", 
   "lines": [
    "put"
   ]
  }, 
  {
   "begin": "5.840", 
   "end": "5.840", 
   "id": "f000015", 
   "language": "en", 
   "lines": [
    "it"
   ]
  }, 
  {
   "begin": "5.840", 
   "end": "5.840", 
   "id": "f000016", 
   "language": "en", 
   "lines": [
    "on"
   ]
  }, 
  {
   "begin": "5.840", 
   "end": "5.880", 
   "id": "f000017", 
   "language": "en", 
   "lines": [
    "his"
   ]
  }, 
  {
   "begin": "5.880", 
   "end": "6.600", 
   "id": "f000018", 
   "language": "en", 
   "lines": [
    "bicycle."
   ]
  }, 
  {
   "begin": "6.600", 
   "end": "7.200", 
   "id": "f000019", 
   "language": "en", 
   "lines": [
    "He"
   ]
  }, 
  {
   "begin": "7.200", 
   "end": "7.480", 
   "id": "f000020", 
   "language": "en", 
   "lines": [
    "was"
   ]
  }, 
  {
   "begin": "7.480", 
   "end": "7.760", 
   "id": "f000021", 
   "language": "en", 
   "lines": [
    "all"
   ]
  }, 
  {
   "begin": "7.760", 
   "end": "8.080", 
   "id": "f000022", 
   "language": "en", 
   "lines": [
    "ready"
   ]
  }, 
  {
   "begin": "8.080", 
   "end": "8.240", 
   "id": "f000023", 
   "language": "en", 
   "lines": [
    "to"
   ]
  }, 
  {
   "begin": "8.240", 
   "end": "8.680", 
   "id": "f000024", 
   "language": "en", 
   "lines": [
    "go,"
   ]
  }, 
  {
   "begin": "8.680", 
   "end": "9.320", 
   "id": "f000025", 
   "language": "en", 
   "lines": [
    "when..."
   ]
  }
 ]
}