{
 "fragments": [
  {
   "begin": "0.000", 
   "end": "0.160", 
   "id": "f000001", 
   "language": "en", 
   "lines": [
    "The"
   ]
  }, 
  {
   "begin": "0.160", 
   "end": "0.760", 
   "id": "f000002", 
   "language": "en", 
   "lines": [
    "mangoes"
   ]
  }, 
  {
   "begin": "0.760", 
   "end": "1.080", 
   "id": "f000003", 
   "language": "en", 
   "lines": [
    "fell"
   ]
  }, 
  {
   "begin": "1.080", 
   "end": "1.520", 
   "id": "f000004", 
   "language": "en", 
   "lines": [
    "down"
   ]
  }, 
  {
   "begin": "1.520", 
   "end": "1.920", 
   "id": "f000005", 
   "language": "en", 
   "lines": [
    "and"
   ]
  }, 
  {
   "begin": "1.920", 
   "end": "2.360", 
   "id": "f000006", 
   "language": "en", 
   "lines": [
    "rolled"
   ]
  }, 
  {
   "begin": "2.360", 
   "end": "2.920", 
   "id": "f000007", 
   "language": "en", 
   "lines": [
    "down"
   ]
  }, 
  {
   "begin": "2.920", 
   "end": "3.200", 
   "id": "f000008", 
   "language": "en", 
   "lines": [
    "the"
   ]
  }, 
  {
   "begin": "3.200", 
   "end": "3.200", 
   "id": "f000009", 
   "language": "en", 
   "lines": [
    "hill."
   ]
  }, 
  {
   "begin": "3.200", 
   "end": "3.640", 
   "id": "f000010", 
   "language": "en", 
   "lines": [
    "The"
   ]
  }, 
  {
   "begin": "3.640", 
   "end": "4.000", 
   "id": "f000011", 
   "language": "en", 
   "lines": [
    "man"
   ]
  }, 
  {
   "begin": "4.000", 
   "end": "4.320", 
   "id": "f000012", 
   "language": "en", 
   "lines": [
    "tried"
   ]
  }, 
  {
   "begin": "4.320", 
   "end": "4.480", 
   "id": "f000013", 
   "language": "en", 
   "lines": [
    "to"
   ]
  }, 
  {
   "begin": "4.480", 
   "end": "4.840", 
   "id": "f000014", 
   "language": "en", 
   "lines": [
    "catch"
   ]
  }, 
  {
   "begin": "4.840", 
   "end": "5.520", 
   "id": "f000015", 
   "language": "en", 
   "lines": [
    "them."
   ]
  }, 
  {
   "begin": "5.520", 
   "end": "6.120", 
   "id": "f000016", 
   "language": "en", 
   "lines": [
    "But...\n"
   ]
  }, 
  {
   "begin": "6.120", 
   "end": "6.240", 
   "id": "f000017", 
   "language": "en", 
   "lines": [
    "one"
   ]
  }, 
  {
   "begin": "6.240", 
   "end": "6.640", 
   "id": "f000018", 
   "language": "en", 
   "lines": [
    "by"
   ]
  }, 
  {
   "begin": "6.640", 
   "end": "7.000", 
   "id": "f000019", 
   "language": "en", 
   "lines": [
    "one,"
   ]
  }, 
  {
   "begin": "7.000", 
   "end": "7.320", 
   "id": "f000020", 
   "language": "en", 
   "lines": [
    "the"
   ]
  }, 
  {
   "begin": "7.320", 
   "end": "8.080", 
   "id": "f000021", 
   "language": "en", 
   "lines": [
    "mangoes"
   ]
  }, 
  {
   "begin": "8.080", 
   "end": "8.320", 
   "id": "f000022", 
   "language": "en", 
   "lines": [
    "grew"
   ]
  }, 
  {
   "begin": "8.320", 
   "end": "9.040", 
   "id": "f000023", 
   "language": "en", 
   "lines": [
    "wings"
   ]
  }, 
  {
   "begin": "9.040", 
   "end": "9.320", 
   "id": "f000024", 
   "language": "en", 
   "lines": [
    "and"
   ]
  }, 
  {
   "begin": "9.320", 
   "end": "9.680", 
   "id": "f000025", 
   "language": "en", 
   "lines": [
    "began"
   ]
  }, 
  {
   "begin": "9.680", 
   "end": "9.760", 
   "id": "f000026", 
   "language": "en", 
   "lines": [
    "to"
   ]
  }, 
  {
   "begin": "9.760", 
   "end": "10.600", 
   "id": "f000027", 
   "language": "en", 
   "lines": [
    "fly."
   ]
  }
 ]
}