{
 "fragments": [
  {
   "begin": "0.000", 
   "end": "0.000", 
   "id": "f000001", 
   "language": "en", 
   "lines": [
    "A"
   ]
  }, 
  {
   "begin": "0.000", 
   "end": "0.800", 
   "id": "f000002", 
   "language": "en", 
   "lines": [
    "crow"
   ]
  }, 
  {
   "begin": "0.800", 
   "end": "1.160", 
   "id": "f000003", 
   "language": "en", 
   "lines": [
    "dived"
   ]
  }, 
  {
   "begin": "1.160", 
   "end": "1.520", 
   "id": "f000004", 
   "language": "en", 
   "lines": [
    "down"
   ]
  }, 
  {
   "begin": "1.520", 
   "end": "1.760", 
   "id": "f000005", 
   "language": "en", 
   "lines": [
    "and"
   ]
  }, 
  {
   "begin": "1.760", 
   "end": "2.280", 
   "id": "f000006", 
   "language": "en", 
   "lines": [
    "punctured"
   ]
  }, 
  {
   "begin": "2.280", 
   "end": "2.400", 
   "id": "f000007", 
   "language": "en", 
   "lines": [
    "his"
   ]
  }, 
  {
   "begin": "2.400", 
   "end": "3.280", 
   "id": "f000008", 
   "language": "en", 
   "lines": [
    "tyre."
   ]
  }, 
  {
   "begin": "3.280", 
   "end": "3.400", 
   "id": "f000009", 
   "language": "en", 
   "lines": [
    "A"
   ]
  }, 
  {
   "begin": "3.400", 
   "end": "4.080", 
   "id": "f000010", 
   "language": "en", 
   "lines": [
    "monkey"
   ]
  }, 
  {
   "begin": "4.080", 
   "end": "4.480", 
   "id": "f000011", 
   "language": "en", 
   "lines": [
    "pulled"
   ]
  }, 
  {
   "begin": "4.480", 
   "end": "4.720", 
   "id": "f000012", 
   "language": "en", 
   "lines": [
    "off"
   ]
  }, 
  {
   "begin": "4.720", 
   "end": "4.960", 
   "id": "f000013", 
   "language": "en", 
   "lines": [
    "his"
   ]
  }, 
  {
   "begin": "4.960", 
   "end": "5.280", 
   "id": "f000014", 
   "language": "en", 
   "lines": [
    "hat"
   ]
  }, 
  {
   "begin": "5.280", 
   "end": "5.560", 
   "id": "f000015", 
   "language": "en", 
   "lines": [
    "and"
   ]
  }, 
  {
   "begin": "5.560", 
   "end": "5.960", 
   "id": "f000016", 
   "language": "en", 
   "lines": [
    "jumped"
   ]
  }, 
  {
   "begin": "5.960", 
   "end": "6.280", 
   "id": "f000017", 
   "language": "en", 
   "lines": [
    "on"
   ]
  }, 
  {
   "begin": "6.280", 
   "end": "6.360", 
   "id": "f000018", 
   "language": "en", 
   "lines": [
    "it."
   ]
  }, 
  {
   "begin": "6.360", 
   "end": "6.680", 
   "id": "f000019", 
   "language": "en", 
   "lines": [
    "A"
   ]
  }, 
  {
   "begin": "6.680", 
   "end": "7.320", 
   "id": "f000020", 
   "language": "en", 
   "lines": [
    "goat"
   ]
  }, 
  {
   "begin": "7.320", 
   "end": "7.680", 
   "id": "f000021", 
   "language": "en", 
   "lines": [
    "knocked"
   ]
  }, 
  {
   "begin": "7.680", 
   "end": "7.920", 
   "id": "f000022", 
   "language": "en", 
   "lines": [
    "his"
   ]
  }, 
  {
   "begin": "7.920", 
   "end": "8.120", 
   "id": "f000023", 
   "language": "en", 
   "lines": [
    "sack"
   ]
  }, 
  {
   "begin": "8.120", 
   "end": "8.320", 
   "id": "f000024", 
   "language": "en", 
   "lines": [
    "of"
   ]
  }, 
  {
   "begin": "8.320", 
   "end": "8.920", 
   "id": "f000025", 
   "language": "en", 
   "lines": [
    "mangoes"
   ]
  }, 
  {
   "begin": "8.920", 
   "end": "9.640", 
   "id": "f000026", 
   "language": "en", 
   "lines": [
    "over!"
   ]
  }
 ]
}