{
 "fragments": [
  {
   "begin": "0.000", 
   "end": "0.560", 
   "id": "f000001", 
   "language": "en", 
   "lines": [
    "\"Stay"
   ]
  }, 
  {
   "begin": "0.560", 
   "end": "0.560", 
   "id": "f000002", 
   "language": "en", 
   "lines": [
    "at"
   ]
  }, 
  {
   "begin": "0.560", 
   "end": "0.920", 
   "id": "f000003", 
   "language": "en", 
   "lines": [
    "home"
   ]
  }, 
  {
   "begin": "0.920", 
   "end": "2.080", 
   "id": "f000004", 
   "language": "en", 
   "lines": [
    "today,\""
   ]
  }, 
  {
   "begin": "2.080", 
   "end": "2.400", 
   "id": "f000005", 
   "language": "en", 
   "lines": [
    "Amma"
   ]
  }, 
  {
   "begin": "2.400", 
   "end": "3.400", 
   "id": "f000006", 
   "language": "en", 
   "lines": [
    "said."
   ]
  }, 
  {
   "begin": "3.400", 
   "end": "3.400", 
   "id": "f000007", 
   "language": "en", 
   "lines": [
    ""
   ]
  }, 
  {
   "begin": "3.400", 
   "end": "3.680", 
   "id": "f000008", 
   "language": "en", 
   "lines": [
    "So"
   ]
  }, 
  {
   "begin": "3.680", 
   "end": "4.160", 
   "id": "f000009", 
   "language": "en", 
   "lines": [
    "Ammu"
   ]
  }, 
  {
   "begin": "4.160", 
   "end": "4.440", 
   "id": "f000010", 
   "language": "en", 
   "lines": [
    "skipped"
   ]
  }, 
  {
   "begin": "4.440", 
   "end": "5.720", 
   "id": "f000011", 
   "language": "en", 
   "lines": [
    "school."
   ]
  }, 
  {
   "begin": "5.720", 
   "end": "5.720", 
   "id": "f000012", 
   "language": "en", 
   "lines": [
    ""
   ]
  }, 
  {
   "begin": "5.720", 
   "end": "6.160", 
   "id": "f000013", 
   "language": "en", 
   "lines": [
    "She"
   ]
  }, 
  {
   "begin": "6.160", 
   "end": "6.520", 
   "id": "f000014", 
   "language": "en", 
   "lines": [
    "lay"
   ]
  }, 
  {
   "begin": "6.520", 
   "end": "6.520", 
   "id": "f000015", 
   "language": "en", 
   "lines": [
    "in"
   ]
  }, 
  {
   "begin": "6.520", 
   "end": "7.080", 
   "id": "f000016", 
   "language": "en", 
   "lines": [
    "bed"
   ]
  }, 
  {
   "begin": "7.080", 
   "end": "7.760", 
   "id": "f000017", 
   "language": "en", 
   "lines": [
    "all"
   ]
  }, 
  {
   "begin": "7.760", 
   "end": "8.840", 
   "id": "f000018", 
   "language": "en", 
   "lines": [
    "day."
   ]
  }, 
  {
   "begin": "8.840", 
   "end": "9.160", 
   "id": "f000019", 
   "language": "en", 
   "lines": [
    "She"
   ]
  }, 
  {
   "begin": "9.160", 
   "end": "9.640", 
   "id": "f000020", 
   "language": "en", 
   "lines": [
    "didn\u2019t"
   ]
  }, 
  {
   "begin": "9.640", 
   "end": "10.080", 
   "id": "f000021", 
   "language": "en", 
   "lines": [
    "smile"
   ]
  }, 
  {
   "begin": "10.080", 
   "end": "10.320", 
   "id": "f000022", 
   "language": "en", 
   "lines": [
    "at"
   ]
  }, 
  {
   "begin": "10.320", 
   "end": "11.520", 
   "id": "f000023", 
   "language": "en", 
   "lines": [
    "all."
   ]
  }, 
  {
   "begin": "11.520", 
   "end": "11.520", 
   "id": "f000024", 
   "language": "en", 
   "lines": [
    ""
   ]
  }, 
  {
   "begin": "11.520", 
   "end": "11.880", 
   "id": "f000025", 
   "language": "en", 
   "lines": [
    "All"
   ]
  }, 
  {
   "begin": "11.880", 
   "end": "12.200", 
   "id": "f000026", 
   "language": "en", 
   "lines": [
    "she"
   ]
  }, 
  {
   "begin": "12.200", 
   "end": "12.640", 
   "id": "f000027", 
   "language": "en", 
   "lines": [
    "ate"
   ]
  }, 
  {
   "begin": "12.640", 
   "end": "13.520", 
   "id": "f000028", 
   "language": "en", 
   "lines": [
    "was"
   ]
  }, 
  {
   "begin": "13.520", 
   "end": "13.640", 
   "id": "f000029", 
   "language": "en", 
   "lines": [
    "a"
   ]
  }, 
  {
   "begin": "13.640", 
   "end": "14.160", 
   "id": "f000030", 
   "language": "en", 
   "lines": [
    "slice"
   ]
  }, 
  {
   "begin": "14.160", 
   "end": "14.400", 
   "id": "f000031", 
   "language": "en", 
   "lines": [
    "of"
   ]
  }, 
  {
   "begin": "14.400", 
   "end": "14.680", 
   "id": "f000032", 
   "language": "en", 
   "lines": [
    "bread."
   ]
  }
 ]
}