{
 "fragments": [
  {
   "begin": "0.000", 
   "end": "0.480", 
   "id": "f000001", 
   "language": "en", 
   "lines": [
    "\"He"
   ]
  }, 
  {
   "begin": "0.480", 
   "end": "0.680", 
   "id": "f000002", 
   "language": "en", 
   "lines": [
    "didn\u2019t"
   ]
  }, 
  {
   "begin": "0.680", 
   "end": "0.920", 
   "id": "f000003", 
   "language": "en", 
   "lines": [
    "want"
   ]
  }, 
  {
   "begin": "0.920", 
   "end": "1.080", 
   "id": "f000004", 
   "language": "en", 
   "lines": [
    "to"
   ]
  }, 
  {
   "begin": "1.080", 
   "end": "1.360", 
   "id": "f000005", 
   "language": "en", 
   "lines": [
    "play"
   ]
  }, 
  {
   "begin": "1.360", 
   "end": "1.880", 
   "id": "f000006", 
   "language": "en", 
   "lines": [
    "ball,\""
   ]
  }, 
  {
   "begin": "1.880", 
   "end": "2.920", 
   "id": "f000007", 
   "language": "en", 
   "lines": [
    "said"
   ]
  }, 
  {
   "begin": "2.920", 
   "end": "4.400", 
   "id": "f000008", 
   "language": "en", 
   "lines": [
    "Abdul."
   ]
  }, 
  {
   "begin": "4.400", 
   "end": "4.400", 
   "id": "f000009", 
   "language": "en", 
   "lines": [
    ""
   ]
  }, 
  {
   "begin": "4.400", 
   "end": "5.560", 
   "id": "f000010", 
   "language": "en", 
   "lines": [
    "Suddenly,"
   ]
  }, 
  {
   "begin": "5.560", 
   "end": "5.880", 
   "id": "f000011", 
   "language": "en", 
   "lines": [
    "Ammu"
   ]
  }, 
  {
   "begin": "5.880", 
   "end": "6.200", 
   "id": "f000012", 
   "language": "en", 
   "lines": [
    "got"
   ]
  }, 
  {
   "begin": "6.200", 
   "end": "6.360", 
   "id": "f000013", 
   "language": "en", 
   "lines": [
    "up"
   ]
  }, 
  {
   "begin": "6.360", 
   "end": "6.600", 
   "id": "f000014", 
   "language": "en", 
   "lines": [
    "from"
   ]
  }, 
  {
   "begin": "6.600", 
   "end": "7.480", 
   "id": "f000015", 
   "language": "en", 
   "lines": [
    "bed."
   ]
  }, 
  {
   "begin": "7.480", 
   "end": "7.480", 
   "id": "f000016", 
   "language": "en", 
   "lines": [
    ""
   ]
  }, 
  {
   "begin": "7.480", 
   "end": "7.880", 
   "id": "f000017", 
   "language": "en", 
   "lines": [
    "She"
   ]
  }, 
  {
   "begin": "7.880", 
   "end": "8.280", 
   "id": "f000018", 
   "language": "en", 
   "lines": [
    "ran"
   ]
  }, 
  {
   "begin": "8.280", 
   "end": "8.960", 
   "id": "f000019", 
   "language": "en", 
   "lines": [
    "outside."
   ]
  }, 
  {
   "begin": "8.960", 
   "end": "9.080", 
   "id": "f000020", 
   "language": "en", 
   "lines": [
    ""
   ]
  }
 ]
}