{
 "fragments": [
  {
   "begin": "0.000", 
   "end": "0.080", 
   "id": "f000001", 
   "language": "en", 
   "lines": [
    "In"
   ]
  }, 
  {
   "begin": "0.080", 
   "end": "0.440", 
   "id": "f000002", 
   "language": "en", 
   "lines": [
    "the"
   ]
  }, 
  {
   "begin": "0.440", 
   "end": "1.760", 
   "id": "f000003", 
   "language": "en", 
   "lines": [
    "evening,"
   ]
  }, 
  {
   "begin": "1.760", 
   "end": "3.080", 
   "id": "f000004", 
   "language": "en", 
   "lines": [
    "Venu,"
   ]
  }, 
  {
   "begin": "3.080", 
   "end": "3.720", 
   "id": "f000005", 
   "language": "en", 
   "lines": [
    "Abdul,"
   ]
  }, 
  {
   "begin": "3.720", 
   "end": "5.560", 
   "id": "f000006", 
   "language": "en", 
   "lines": [
    "Kumari,"
   ]
  }, 
  {
   "begin": "5.560", 
   "end": "5.880", 
   "id": "f000007", 
   "language": "en", 
   "lines": [
    "and"
   ]
  }, 
  {
   "begin": "5.880", 
   "end": "6.360", 
   "id": "f000008", 
   "language": "en", 
   "lines": [
    "Unni"
   ]
  }, 
  {
   "begin": "6.360", 
   "end": "6.880", 
   "id": "f000009", 
   "language": "en", 
   "lines": [
    "came"
   ]
  }, 
  {
   "begin": "6.880", 
   "end": "7.360", 
   "id": "f000010", 
   "language": "en", 
   "lines": [
    "home."
   ]
  }, 
  {
   "begin": "7.360", 
   "end": "7.360", 
   "id": "f000011", 
   "language": "en", 
   "lines": [
    ""
   ]
  }, 
  {
   "begin": "7.360", 
   "end": "8.320", 
   "id": "f000012", 
   "language": "en", 
   "lines": [
    "\"Why"
   ]
  }, 
  {
   "begin": "8.320", 
   "end": "8.720", 
   "id": "f000013", 
   "language": "en", 
   "lines": [
    "didn\u2019t"
   ]
  }, 
  {
   "begin": "8.720", 
   "end": "8.920", 
   "id": "f000014", 
   "language": "en", 
   "lines": [
    "you"
   ]
  }, 
  {
   "begin": "8.920", 
   "end": "9.200", 
   "id": "f000015", 
   "language": "en", 
   "lines": [
    "come"
   ]
  }, 
  {
   "begin": "9.200", 
   "end": "9.440", 
   "id": "f000016", 
   "language": "en", 
   "lines": [
    "to"
   ]
  }, 
  {
   "begin": "9.440", 
   "end": "9.920", 
   "id": "f000017", 
   "language": "en", 
   "lines": [
    "school"
   ]
  }, 
  {
   "begin": "9.920", 
   "end": "11.280", 
   "id": "f000018", 
   "language": "en", 
   "lines": [
    "today?\""
   ]
  }, 
  {
   "begin": "11.280", 
   "end": "11.840", 
   "id": "f000019", 
   "language": "en", 
   "lines": [
    "asked"
   ]
  }, 
  {
   "begin": "11.840", 
   "end": "12.280", 
   "id": "f000020", 
   "language": "en", 
   "lines": [
    "Unni."
   ]
  }, 
  {
   "begin": "12.280", 
   "end": "12.280", 
   "id": "f000021", 
   "language": "en", 
   "lines": [
    ""
   ]
  }, 
  {
   "begin": "12.280", 
   "end": "12.960", 
   "id": "f000022", 
   "language": "en", 
   "lines": [
    "\"I"
   ]
  }, 
  {
   "begin": "12.960", 
   "end": "13.440", 
   "id": "f000023", 
   "language": "en", 
   "lines": [
    "am"
   ]
  }, 
  {
   "begin": "13.440", 
   "end": "14.680", 
   "id": "f000024", 
   "language": "en", 
   "lines": [
    "sick,\""
   ]
  }, 
  {
   "begin": "14.680", 
   "end": "15.120", 
   "id": "f000025", 
   "language": "en", 
   "lines": [
    "said"
   ]
  }, 
  {
   "begin": "15.120", 
   "end": "15.800", 
   "id": "f000026", 
   "language": "en", 
   "lines": [
    "Ammu."
   ]
  }
 ]
}