{
 "fragments": [
  {
   "begin": "0.000", 
   "end": "0.520", 
   "id": "f000001", 
   "language": "en", 
   "lines": [
    "That"
   ]
  }, 
  {
   "begin": "0.520", 
   "end": "1.720", 
   "id": "f000002", 
   "language": "en", 
   "lines": [
    "evening,"
   ]
  }, 
  {
   "begin": "1.720", 
   "end": "2.120", 
   "id": "f000003", 
   "language": "en", 
   "lines": [
    "Ammu"
   ]
  }, 
  {
   "begin": "2.120", 
   "end": "2.520", 
   "id": "f000004", 
   "language": "en", 
   "lines": [
    "asked"
   ]
  }, 
  {
   "begin": "2.520", 
   "end": "3.520", 
   "id": "f000005", 
   "language": "en", 
   "lines": [
    "Achan"
   ]
  }, 
  {
   "begin": "3.520", 
   "end": "3.680", 
   "id": "f000006", 
   "language": "en", 
   "lines": [
    "if"
   ]
  }, 
  {
   "begin": "3.680", 
   "end": "4.040", 
   "id": "f000007", 
   "language": "en", 
   "lines": [
    "he"
   ]
  }, 
  {
   "begin": "4.040", 
   "end": "4.120", 
   "id": "f000008", 
   "language": "en", 
   "lines": [
    "would"
   ]
  }, 
  {
   "begin": "4.120", 
   "end": "4.400", 
   "id": "f000009", 
   "language": "en", 
   "lines": [
    "buy"
   ]
  }, 
  {
   "begin": "4.400", 
   "end": "4.520", 
   "id": "f000010", 
   "language": "en", 
   "lines": [
    "a"
   ]
  }, 
  {
   "begin": "4.520", 
   "end": "4.920", 
   "id": "f000011", 
   "language": "en", 
   "lines": [
    "puppy"
   ]
  }, 
  {
   "begin": "4.920", 
   "end": "5.360", 
   "id": "f000012", 
   "language": "en", 
   "lines": [
    "for"
   ]
  }, 
  {
   "begin": "5.360", 
   "end": "5.480", 
   "id": "f000013", 
   "language": "en", 
   "lines": [
    "her."
   ]
  }, 
  {
   "begin": "5.480", 
   "end": "6.840", 
   "id": "f000014", 
   "language": "en", 
   "lines": [
    "\"We\u2019ll"
   ]
  }, 
  {
   "begin": "6.840", 
   "end": "8.440", 
   "id": "f000015", 
   "language": "en", 
   "lines": [
    "see,\""
   ]
  }, 
  {
   "begin": "8.440", 
   "end": "8.840", 
   "id": "f000016", 
   "language": "en", 
   "lines": [
    "said"
   ]
  }, 
  {
   "begin": "8.840", 
   "end": "9.320", 
   "id": "f000017", 
   "language": "en", 
   "lines": [
    "Achan.\n"
   ]
  }, 
  {
   "begin": "9.320", 
   "end": "11.120", 
   "id": "f000018", 
   "language": "en", 
   "lines": [
    "\"But"
   ]
  }, 
  {
   "begin": "11.120", 
   "end": "11.560", 
   "id": "f000019", 
   "language": "en", 
   "lines": [
    "it\u2019s"
   ]
  }, 
  {
   "begin": "11.560", 
   "end": "12.880", 
   "id": "f000020", 
   "language": "en", 
   "lines": [
    "urgent,\""
   ]
  }, 
  {
   "begin": "12.880", 
   "end": "13.280", 
   "id": "f000021", 
   "language": "en", 
   "lines": [
    "said"
   ]
  }, 
  {
   "begin": "13.280", 
   "end": "13.760", 
   "id": "f000022", 
   "language": "en", 
   "lines": [
    "Ammu."
   ]
  }, 
  {
   "begin": "13.760", 
   "end": "14.560", 
   "id": "f000023", 
   "language": "en", 
   "lines": [
    ""
   ]
  }, 
  {
   "begin": "14.560", 
   "end": "14.920", 
   "id": "f000024", 
   "language": "en", 
   "lines": [
    "Achan"
   ]
  }, 
  {
   "begin": "14.920", 
   "end": "15.360", 
   "id": "f000025", 
   "language": "en", 
   "lines": [
    "laughed."
   ]
  }, 
  {
   "begin": "15.360", 
   "end": "16.560", 
   "id": "f000026", 
   "language": "en", 
   "lines": [
    "Ammu"
   ]
  }, 
  {
   "begin": "16.560", 
   "end": "17.040", 
   "id": "f000027", 
   "language": "en", 
   "lines": [
    "didn\u2019t"
   ]
  }, 
  {
   "begin": "17.040", 
   "end": "17.240", 
   "id": "f000028", 
   "language": "en", 
   "lines": [
    "eat"
   ]
  }, 
  {
   "begin": "17.240", 
   "end": "18.520", 
   "id": "f000029", 
   "language": "en", 
   "lines": [
    "dinner."
   ]
  }, 
  {
   "begin": "18.520", 
   "end": "18.520", 
   "id": "f000030", 
   "language": "en", 
   "lines": [
    ""
   ]
  }, 
  {
   "begin": "18.520", 
   "end": "18.840", 
   "id": "f000031", 
   "language": "en", 
   "lines": [
    "She"
   ]
  }, 
  {
   "begin": "18.840", 
   "end": "19.120", 
   "id": "f000032", 
   "language": "en", 
   "lines": [
    "felt"
   ]
  }, 
  {
   "begin": "19.120", 
   "end": "19.800", 
   "id": "f000033", 
   "language": "en", 
   "lines": [
    "sick."
   ]
  }
 ]
}