{
 "fragments": [
  {
   "begin": "0.000",
   "end": "2.160",
   "id": "f000001",
   "language": "en",
   "lines": [
    "\"Why?\"."
   ]
  },
   {
   "begin": "2.880",
   "end": "2.880",
   "id": "f000004",
   "language": "en",
   "lines": [
    ""
   ]
  },
  {
   "begin": "2.880",
   "end": "3.080",
   "id": "f000005",
   "language": "en",
   "lines": [
    "\"Because"
   ]
  },
  {
   "begin": "3.080",
   "end": "3.400",
   "id": "f000006",
   "language": "en",
   "lines": [
    "Shankar"
   ]
  },
  {
   "begin": "3.400",
   "end": "3.440",
   "id": "f000007",
   "language": "en",
   "lines": [
    "is"
   ]
  },
  {
   "begin": "3.440",
   "end": "3.880",
   "id": "f000008",
   "language": "en",
   "lines": [
    "scared"
   ]
  },
  {
   "begin": "3.880",
   "end": "4.400",
   "id": "f000009",
   "language": "en",
   "lines": [
    "of"
   ]
  },
  {
   "begin": "4.400",
   "end": "5.040",
   "id": "f000010",
   "language": "en",
   "lines": [
    "crowds,\""
   ]
  },
  {
   "begin": "5.040",
   "end": "6.600",
   "id": "f000011",
   "language": "en",
   "lines": [
    "said"
   ]
  },
  {
   "begin": "6.600",
   "end": "7.120",
   "id": "f000012",
   "language": "en",
   "lines": [
    "Ammu."
   ]
  },
  {
   "begin": "7.120",
   "end": "7.120",
   "id": "f000013",
   "language": "en",
   "lines": [
    ""
   ]
  },
  {
   "begin": "7.120",
   "end": "8.560",
   "id": "f000014",
   "language": "en",
   "lines": [
    "\"Then"
   ]
  },
  {
   "begin": "8.560",
   "end": "8.880",
   "id": "f000015",
   "language": "en",
   "lines": [
    "we\u2019ll"
   ]
  },
  {
   "begin": "8.880",
   "end": "9.240",
   "id": "f000016",
   "language": "en",
   "lines": [
    "play"
   ]
  },
  {
   "begin": "9.240",
   "end": "9.240",
   "id": "f000017",
   "language": "en",
   "lines": [
    "with"
   ]
  },
  {
   "begin": "9.240",
   "end": "9.240",
   "id": "f000018",
   "language": "en",
   "lines": [
    "him"
   ]
  },
  {
   "begin": "9.240",
   "end": "9.880",
   "id": "f000019",
   "language": "en",
   "lines": [
    "one"
   ]
  },
  {
   "begin": "9.880",
   "end": "10.400",
   "id": "f000020",
   "language": "en",
   "lines": [
    "by"
   ]
  },
  {
   "begin": "10.400",
   "end": "11.200",
   "id": "f000021",
   "language": "en",
   "lines": [
    "one,\""
   ]
  },
  {
   "begin": "11.200",
   "end": "11.520",
   "id": "f000022",
   "language": "en",
   "lines": [
    "said"
   ]
  },
  {
   "begin": "11.520",
   "end": "12.240",
   "id": "f000023",
   "language": "en",
   "lines": [
    "Kumari."
   ]
  }
 ]
}