{
 "fragments": [
  {
   "begin": "0.000", 
   "end": "0.440", 
   "id": "f000001", 
   "language": "en", 
   "lines": [
    "So"
   ]
  }, 
  {
   "begin": "0.440", 
   "end": "1.400", 
   "id": "f000002", 
   "language": "en", 
   "lines": [
    "Venu,"
   ]
  }, 
  {
   "begin": "1.400", 
   "end": "2.000", 
   "id": "f000003", 
   "language": "en", 
   "lines": [
    "Abdul,"
   ]
  }, 
  {
   "begin": "2.000", 
   "end": "2.640", 
   "id": "f000004", 
   "language": "en", 
   "lines": [
    "Kumari,"
   ]
  }, 
  {
   "begin": "2.640", 
   "end": "3.280", 
   "id": "f000005", 
   "language": "en", 
   "lines": [
    "and"
   ]
  }, 
  {
   "begin": "3.280", 
   "end": "3.480", 
   "id": "f000006", 
   "language": "en", 
   "lines": [
    "Unni"
   ]
  }, 
  {
   "begin": "3.480", 
   "end": "4.000", 
   "id": "f000007", 
   "language": "en", 
   "lines": [
    "told"
   ]
  }, 
  {
   "begin": "4.000", 
   "end": "4.280", 
   "id": "f000008", 
   "language": "en", 
   "lines": [
    "Ammu"
   ]
  }, 
  {
   "begin": "4.280", 
   "end": "4.720", 
   "id": "f000009", 
   "language": "en", 
   "lines": [
    "that"
   ]
  }, 
  {
   "begin": "4.720", 
   "end": "5.600", 
   "id": "f000010", 
   "language": "en", 
   "lines": [
    "they"
   ]
  }, 
  {
   "begin": "5.600", 
   "end": "5.920", 
   "id": "f000011", 
   "language": "en", 
   "lines": [
    "would"
   ]
  }, 
  {
   "begin": "5.920", 
   "end": "6.200", 
   "id": "f000012", 
   "language": "en", 
   "lines": [
    "come"
   ]
  }, 
  {
   "begin": "6.200", 
   "end": "6.560", 
   "id": "f000013", 
   "language": "en", 
   "lines": [
    "home."
   ]
  }, 
  {
   "begin": "6.560", 
   "end": "6.560", 
   "id": "f000014", 
   "language": "en", 
   "lines": [
    ""
   ]
  }, 
  {
   "begin": "6.560", 
   "end": "7.480", 
   "id": "f000015", 
   "language": "en", 
   "lines": [
    "To"
   ]
  }, 
  {
   "begin": "7.480", 
   "end": "7.720", 
   "id": "f000016", 
   "language": "en", 
   "lines": [
    "see"
   ]
  }, 
  {
   "begin": "7.720", 
   "end": "9.120", 
   "id": "f000017", 
   "language": "en", 
   "lines": [
    "Shankar."
   ]
  }, 
  {
   "begin": "9.120", 
   "end": "9.440", 
   "id": "f000018", 
   "language": "en", 
   "lines": [
    "Ammu"
   ]
  }, 
  {
   "begin": "9.440", 
   "end": "9.680", 
   "id": "f000019", 
   "language": "en", 
   "lines": [
    "shook"
   ]
  }, 
  {
   "begin": "9.680", 
   "end": "9.920", 
   "id": "f000020", 
   "language": "en", 
   "lines": [
    "her"
   ]
  }, 
  {
   "begin": "9.920", 
   "end": "10.280", 
   "id": "f000021", 
   "language": "en", 
   "lines": [
    "head."
   ]
  }, 
  {
   "begin": "10.280", 
   "end": "10.280", 
   "id": "f000022", 
   "language": "en", 
   "lines": [
    ""
   ]
  }, 
  {
   "begin": "10.280", 
   "end": "11.440", 
   "id": "f000023", 
   "language": "en", 
   "lines": [
    "\"You"
   ]
  }, 
  {
   "begin": "11.440", 
   "end": "12.160", 
   "id": "f000024", 
   "language": "en", 
   "lines": [
    "can\u2019t,\""
   ]
  }, 
  {
   "begin": "12.160", 
   "end": "13.160", 
   "id": "f000025", 
   "language": "en", 
   "lines": [
    "she"
   ]
  }, 
  {
   "begin": "13.160", 
   "end": "13.760", 
   "id": "f000026", 
   "language": "en", 
   "lines": [
    "said."
   ]
  }
 ]
}