{
 "fragments": [
  {
   "begin": "0.000", 
   "end": "0.600", 
   "id": "f000001", 
   "language": "en", 
   "lines": [
    "\"Then"
   ]
  }, 
  {
   "begin": "0.600", 
   "end": "0.920", 
   "id": "f000002", 
   "language": "en", 
   "lines": [
    "we\u2019ll"
   ]
  }, 
  {
   "begin": "0.920", 
   "end": "0.960", 
   "id": "f000003", 
   "language": "en", 
   "lines": [
    "come"
   ]
  }, 
  {
   "begin": "0.960", 
   "end": "2.880", 
   "id": "f000004", 
   "language": "en", 
   "lines": [
    "tomorrow,\""
   ]
  }, 
  {
   "begin": "2.880", 
   "end": "3.400", 
   "id": "f000005", 
   "language": "en", 
   "lines": [
    "said"
   ]
  }, 
  {
   "begin": "3.400", 
   "end": "3.640", 
   "id": "f000006", 
   "language": "en", 
   "lines": [
    "Abdul."
   ]
  }, 
  {
   "begin": "3.640", 
   "end": "3.640", 
   "id": "f000007", 
   "language": "en", 
   "lines": [
    ""
   ]
  }, 
  {
   "begin": "3.640", 
   "end": "4.840", 
   "id": "f000008", 
   "language": "en", 
   "lines": [
    "\"We\u2019ll"
   ]
  }, 
  {
   "begin": "4.840", 
   "end": "5.320", 
   "id": "f000009", 
   "language": "en", 
   "lines": [
    "bring"
   ]
  }, 
  {
   "begin": "5.320", 
   "end": "6.000", 
   "id": "f000010", 
   "language": "en", 
   "lines": [
    "bananas"
   ]
  }, 
  {
   "begin": "6.000", 
   "end": "6.640", 
   "id": "f000011", 
   "language": "en", 
   "lines": [
    "for"
   ]
  }, 
  {
   "begin": "6.640", 
   "end": "6.680", 
   "id": "f000012", 
   "language": "en", 
   "lines": [
    "him,\""
   ]
  }, 
  {
   "begin": "6.680", 
   "end": "7.840", 
   "id": "f000013", 
   "language": "en", 
   "lines": [
    "said"
   ]
  }, 
  {
   "begin": "7.840", 
   "end": "8.360", 
   "id": "f000014", 
   "language": "en", 
   "lines": [
    "Venu."
   ]
  }, 
  {
   "begin": "8.360", 
   "end": "8.360", 
   "id": "f000015", 
   "language": "en", 
   "lines": [
    ""
   ]
  }, 
  {
   "begin": "8.360", 
   "end": "9.640", 
   "id": "f000016", 
   "language": "en", 
   "lines": [
    "\"We\u2019ll"
   ]
  }, 
  {
   "begin": "9.640", 
   "end": "10.000", 
   "id": "f000017", 
   "language": "en", 
   "lines": [
    "play"
   ]
  }, 
  {
   "begin": "10.000", 
   "end": "10.000", 
   "id": "f000018", 
   "language": "en", 
   "lines": [
    "with"
   ]
  }, 
  {
   "begin": "10.000", 
   "end": "10.000", 
   "id": "f000019", 
   "language": "en", 
   "lines": [
    "him"
   ]
  }, 
  {
   "begin": "10.000", 
   "end": "10.440", 
   "id": "f000020", 
   "language": "en", 
   "lines": [
    "one"
   ]
  }, 
  {
   "begin": "10.440", 
   "end": "11.040", 
   "id": "f000021", 
   "language": "en", 
   "lines": [
    "by"
   ]
  }, 
  {
   "begin": "11.040", 
   "end": "12.000", 
   "id": "f000022", 
   "language": "en", 
   "lines": [
    "one,\""
   ]
  }, 
  {
   "begin": "12.000", 
   "end": "12.360", 
   "id": "f000023", 
   "language": "en", 
   "lines": [
    "said"
   ]
  }, 
  {
   "begin": "12.360", 
   "end": "13.040", 
   "id": "f000024", 
   "language": "en", 
   "lines": [
    "Kumari."
   ]
  }, 
  {
   "begin": "13.040", 
   "end": "13.040", 
   "id": "f000025", 
   "language": "en", 
   "lines": [
    ""
   ]
  }, 
  {
   "begin": "13.040", 
   "end": "15.600", 
   "id": "f000026", 
   "language": "en", 
   "lines": [
    "\"Okay,\""
   ]
  }, 
  {
   "begin": "15.600", 
   "end": "15.960", 
   "id": "f000027", 
   "language": "en", 
   "lines": [
    "said"
   ]
  }, 
  {
   "begin": "15.960", 
   "end": "16.920", 
   "id": "f000028", 
   "language": "en", 
   "lines": [
    "Ammu."
   ]
  }, 
  {
   "begin": "16.920", 
   "end": "17.000", 
   "id": "f000029", 
   "language": "en", 
   "lines": [
    "&nbsp;"
   ]
  }, 
  {
   "begin": "17.000", 
   "end": "17.280", 
   "id": "f000030", 
   "language": "en", 
   "lines": [
    "She"
   ]
  }, 
  {
   "begin": "17.280", 
   "end": "17.640", 
   "id": "f000031", 
   "language": "en", 
   "lines": [
    "didn\u2019t"
   ]
  }, 
  {
   "begin": "17.640", 
   "end": "17.800", 
   "id": "f000032", 
   "language": "en", 
   "lines": [
    "know"
   ]
  }, 
  {
   "begin": "17.800", 
   "end": "18.040", 
   "id": "f000033", 
   "language": "en", 
   "lines": [
    "what"
   ]
  }, 
  {
   "begin": "18.040", 
   "end": "18.320", 
   "id": "f000034", 
   "language": "en", 
   "lines": [
    "else"
   ]
  }, 
  {
   "begin": "18.320", 
   "end": "18.520", 
   "id": "f000035", 
   "language": "en", 
   "lines": [
    "to"
   ]
  }, 
  {
   "begin": "18.520", 
   "end": "19.080", 
   "id": "f000036", 
   "language": "en", 
   "lines": [
    "say."
   ]
  }
 ]
}