{
 "fragments": [
  {
   "begin": "0.000", 
   "end": "0.560", 
   "id": "f000001", 
   "language": "en", 
   "lines": [
    "\"He"
   ]
  }, 
  {
   "begin": "0.560", 
   "end": "0.960", 
   "id": "f000002", 
   "language": "en", 
   "lines": [
    "doesn\u2019t"
   ]
  }, 
  {
   "begin": "0.960", 
   "end": "1.400", 
   "id": "f000003", 
   "language": "en", 
   "lines": [
    "like"
   ]
  }, 
  {
   "begin": "1.400", 
   "end": "1.880", 
   "id": "f000004", 
   "language": "en", 
   "lines": [
    "playing"
   ]
  }, 
  {
   "begin": "1.880", 
   "end": "3.400", 
   "id": "f000005", 
   "language": "en", 
   "lines": [
    "ball,\""
   ]
  }, 
  {
   "begin": "3.400", 
   "end": "3.840", 
   "id": "f000006", 
   "language": "en", 
   "lines": [
    "said"
   ]
  }, 
  {
   "begin": "3.840", 
   "end": "4.320", 
   "id": "f000007", 
   "language": "en", 
   "lines": [
    "Unni."
   ]
  }, 
  {
   "begin": "4.320", 
   "end": "4.320", 
   "id": "f000008", 
   "language": "en", 
   "lines": [
    ""
   ]
  }, 
  {
   "begin": "4.320", 
   "end": "5.560", 
   "id": "f000009", 
   "language": "en", 
   "lines": [
    "\"Oh,\""
   ]
  }, 
  {
   "begin": "5.560", 
   "end": "6.320", 
   "id": "f000010", 
   "language": "en", 
   "lines": [
    "said"
   ]
  }, 
  {
   "begin": "6.320", 
   "end": "6.840", 
   "id": "f000011", 
   "language": "en", 
   "lines": [
    "Ammu."
   ]
  }, 
  {
   "begin": "6.840", 
   "end": "8.080", 
   "id": "f000012", 
   "language": "en", 
   "lines": [
    "\"I"
   ]
  }, 
  {
   "begin": "8.080", 
   "end": "8.280", 
   "id": "f000013", 
   "language": "en", 
   "lines": [
    "made"
   ]
  }, 
  {
   "begin": "8.280", 
   "end": "8.760", 
   "id": "f000014", 
   "language": "en", 
   "lines": [
    "that"
   ]
  }, 
  {
   "begin": "8.760", 
   "end": "8.760", 
   "id": "f000015", 
   "language": "en", 
   "lines": [
    "up!\""
   ]
  }
 ]
}