{
 "fragments": [
  {
   "begin": "0.000", 
   "end": "0.360", 
   "id": "f000001", 
   "language": "en", 
   "lines": [
    "\"But"
   ]
  }, 
  {
   "begin": "0.360", 
   "end": "0.680", 
   "id": "f000002", 
   "language": "en", 
   "lines": [
    "he"
   ]
  }, 
  {
   "begin": "0.680", 
   "end": "1.240", 
   "id": "f000003", 
   "language": "en", 
   "lines": [
    "loves"
   ]
  }, 
  {
   "begin": "1.240", 
   "end": "2.360", 
   "id": "f000004", 
   "language": "en", 
   "lines": [
    "bananas,\""
   ]
  }, 
  {
   "begin": "2.360", 
   "end": "2.720", 
   "id": "f000005", 
   "language": "en", 
   "lines": [
    "said"
   ]
  }, 
  {
   "begin": "2.720", 
   "end": "3.440", 
   "id": "f000006", 
   "language": "en", 
   "lines": [
    "Kumari."
   ]
  }, 
  {
   "begin": "3.440", 
   "end": "3.440", 
   "id": "f000007", 
   "language": "en", 
   "lines": [
    ""
   ]
  }, 
  {
   "begin": "3.440", 
   "end": "4.360", 
   "id": "f000008", 
   "language": "en", 
   "lines": [
    "\"I"
   ]
  }, 
  {
   "begin": "4.360", 
   "end": "5.280", 
   "id": "f000009", 
   "language": "en", 
   "lines": [
    "told"
   ]
  }, 
  {
   "begin": "5.280", 
   "end": "5.360", 
   "id": "f000010", 
   "language": "en", 
   "lines": [
    "you,"
   ]
  }, 
  {
   "begin": "5.360", 
   "end": "5.800", 
   "id": "f000011", 
   "language": "en", 
   "lines": [
    "didn\u2019t"
   ]
  }, 
  {
   "begin": "5.800", 
   "end": "6.840", 
   "id": "f000012", 
   "language": "en", 
   "lines": [
    "I?\""
   ]
  }, 
  {
   "begin": "6.840", 
   "end": "7.480", 
   "id": "f000013", 
   "language": "en", 
   "lines": [
    "smiled"
   ]
  }, 
  {
   "begin": "7.480", 
   "end": "7.800", 
   "id": "f000014", 
   "language": "en", 
   "lines": [
    "Ammu"
   ]
  }, 
  {
   "begin": "7.800", 
   "end": "8.760", 
   "id": "f000015", 
   "language": "en", 
   "lines": [
    "happily."
   ]
  }
 ]
}