{
 "fragments": [
  {
   "begin": "0.000", 
   "end": "0.440", 
   "id": "f000001", 
   "language": "en", 
   "lines": [
    "\"My"
   ]
  }, 
  {
   "begin": "0.440", 
   "end": "0.480", 
   "id": "f000002", 
   "language": "en", 
   "lines": [
    "puppy\u2019s"
   ]
  }, 
  {
   "begin": "0.480", 
   "end": "0.720", 
   "id": "f000003", 
   "language": "en", 
   "lines": [
    "name"
   ]
  }, 
  {
   "begin": "0.720", 
   "end": "1.320", 
   "id": "f000004", 
   "language": "en", 
   "lines": [
    "is"
   ]
  }, 
  {
   "begin": "1.320", 
   "end": "3.080", 
   "id": "f000005", 
   "language": "en", 
   "lines": [
    "Shankar,\""
   ]
  }, 
  {
   "begin": "3.080", 
   "end": "3.280", 
   "id": "f000006", 
   "language": "en", 
   "lines": [
    "she"
   ]
  }, 
  {
   "begin": "3.280", 
   "end": "3.640", 
   "id": "f000007", 
   "language": "en", 
   "lines": [
    "told"
   ]
  }, 
  {
   "begin": "3.640", 
   "end": "4.120", 
   "id": "f000008", 
   "language": "en", 
   "lines": [
    "Venu."
   ]
  }, 
  {
   "begin": "4.120", 
   "end": "4.120", 
   "id": "f000009", 
   "language": "en", 
   "lines": [
    ""
   ]
  }, 
  {
   "begin": "4.120", 
   "end": "5.920", 
   "id": "f000010", 
   "language": "en", 
   "lines": [
    "\"Shankar"
   ]
  }, 
  {
   "begin": "5.920", 
   "end": "6.680", 
   "id": "f000011", 
   "language": "en", 
   "lines": [
    "eats"
   ]
  }, 
  {
   "begin": "6.680", 
   "end": "8.200", 
   "id": "f000012", 
   "language": "en", 
   "lines": [
    "bananas,\""
   ]
  }, 
  {
   "begin": "8.200", 
   "end": "8.560", 
   "id": "f000013", 
   "language": "en", 
   "lines": [
    "she"
   ]
  }, 
  {
   "begin": "8.560", 
   "end": "8.800", 
   "id": "f000014", 
   "language": "en", 
   "lines": [
    "told"
   ]
  }, 
  {
   "begin": "8.800", 
   "end": "9.320", 
   "id": "f000015", 
   "language": "en", 
   "lines": [
    "Abdul."
   ]
  }, 
  {
   "begin": "9.320", 
   "end": "9.320", 
   "id": "f000016", 
   "language": "en", 
   "lines": [
    ""
   ]
  }, 
  {
   "begin": "9.320", 
   "end": "11.440", 
   "id": "f000017", 
   "language": "en", 
   "lines": [
    "\"Shankar"
   ]
  }, 
  {
   "begin": "11.440", 
   "end": "11.520", 
   "id": "f000018", 
   "language": "en", 
   "lines": [
    "is"
   ]
  }, 
  {
   "begin": "11.520", 
   "end": "12.760", 
   "id": "f000019", 
   "language": "en", 
   "lines": [
    "black,\""
   ]
  }, 
  {
   "begin": "12.760", 
   "end": "12.920", 
   "id": "f000020", 
   "language": "en", 
   "lines": [
    "she"
   ]
  }, 
  {
   "begin": "12.920", 
   "end": "13.280", 
   "id": "f000021", 
   "language": "en", 
   "lines": [
    "told"
   ]
  }, 
  {
   "begin": "13.280", 
   "end": "13.880", 
   "id": "f000022", 
   "language": "en", 
   "lines": [
    "Kumari."
   ]
  }, 
  {
   "begin": "13.880", 
   "end": "13.880", 
   "id": "f000023", 
   "language": "en", 
   "lines": [
    ""
   ]
  }, 
  {
   "begin": "13.880", 
   "end": "15.320", 
   "id": "f000024", 
   "language": "en", 
   "lines": [
    "\"Shankar"
   ]
  }, 
  {
   "begin": "15.320", 
   "end": "15.760", 
   "id": "f000025", 
   "language": "en", 
   "lines": [
    "plays"
   ]
  }, 
  {
   "begin": "15.760", 
   "end": "16.360", 
   "id": "f000026", 
   "language": "en", 
   "lines": [
    "ball"
   ]
  }, 
  {
   "begin": "16.360", 
   "end": "16.640", 
   "id": "f000027", 
   "language": "en", 
   "lines": [
    "with"
   ]
  }, 
  {
   "begin": "16.640", 
   "end": "17.360", 
   "id": "f000028", 
   "language": "en", 
   "lines": [
    "me,\""
   ]
  }, 
  {
   "begin": "17.360", 
   "end": "17.560", 
   "id": "f000029", 
   "language": "en", 
   "lines": [
    "she"
   ]
  }, 
  {
   "begin": "17.560", 
   "end": "18.000", 
   "id": "f000030", 
   "language": "en", 
   "lines": [
    "told"
   ]
  }, 
  {
   "begin": "18.000", 
   "end": "18.560", 
   "id": "f000031", 
   "language": "en", 
   "lines": [
    "Unni."
   ]
  }
 ]
}