{
 "fragments": [
  {
   "begin": "0.000", 
   "end": "0.560", 
   "id": "f000001", 
   "language": "en", 
   "lines": [
    "\"We"
   ]
  }, 
  {
   "begin": "0.560", 
   "end": "1.040", 
   "id": "f000002", 
   "language": "en", 
   "lines": [
    "saw"
   ]
  }, 
  {
   "begin": "1.040", 
   "end": "2.360", 
   "id": "f000003", 
   "language": "en", 
   "lines": [
    "Shankar,\""
   ]
  }, 
  {
   "begin": "2.360", 
   "end": "2.760", 
   "id": "f000004", 
   "language": "en", 
   "lines": [
    "said"
   ]
  }, 
  {
   "begin": "2.760", 
   "end": "3.360", 
   "id": "f000005", 
   "language": "en", 
   "lines": [
    "Abdul."
   ]
  }, 
  {
   "begin": "3.360", 
   "end": "3.360", 
   "id": "f000006", 
   "language": "en", 
   "lines": [
    ""
   ]
  }, 
  {
   "begin": "3.360", 
   "end": "5.480", 
   "id": "f000007", 
   "language": "en", 
   "lines": [
    "\"Where?\""
   ]
  }, 
  {
   "begin": "5.480", 
   "end": "5.920", 
   "id": "f000008", 
   "language": "en", 
   "lines": [
    "asked"
   ]
  }, 
  {
   "begin": "5.920", 
   "end": "6.400", 
   "id": "f000009", 
   "language": "en", 
   "lines": [
    "Ammu."
   ]
  }, 
  {
   "begin": "6.400", 
   "end": "6.400", 
   "id": "f000010", 
   "language": "en", 
   "lines": [
    ""
   ]
  }, 
  {
   "begin": "6.400", 
   "end": "7.280", 
   "id": "f000011", 
   "language": "en", 
   "lines": [
    "\"In"
   ]
  }, 
  {
   "begin": "7.280", 
   "end": "7.600", 
   "id": "f000012", 
   "language": "en", 
   "lines": [
    "the"
   ]
  }, 
  {
   "begin": "7.600", 
   "end": "9.080", 
   "id": "f000013", 
   "language": "en", 
   "lines": [
    "garden,\""
   ]
  }, 
  {
   "begin": "9.080", 
   "end": "9.400", 
   "id": "f000014", 
   "language": "en", 
   "lines": [
    "said"
   ]
  }, 
  {
   "begin": "9.400", 
   "end": "10.320", 
   "id": "f000015", 
   "language": "en", 
   "lines": [
    "Kumari."
   ]
  }
 ]
}