{
 "fragments": [
  {
   "begin": "0.000", 
   "end": "0.640", 
   "id": "f000001", 
   "language": "en", 
   "lines": [
    "His"
   ]
  }, 
  {
   "begin": "0.640", 
   "end": "0.960", 
   "id": "f000002", 
   "language": "en", 
   "lines": [
    "grandpa"
   ]
  }, 
  {
   "begin": "0.960", 
   "end": "1.400", 
   "id": "f000003", 
   "language": "en", 
   "lines": [
    "had"
   ]
  }, 
  {
   "begin": "1.400", 
   "end": "1.640", 
   "id": "f000004", 
   "language": "en", 
   "lines": [
    "said"
   ]
  }, 
  {
   "begin": "1.640", 
   "end": "1.840", 
   "id": "f000005", 
   "language": "en", 
   "lines": [
    "to"
   ]
  }, 
  {
   "begin": "1.840", 
   "end": "2.200", 
   "id": "f000006", 
   "language": "en", 
   "lines": [
    "him,"
   ]
  }, 
  {
   "begin": "2.200", 
   "end": "4.000", 
   "id": "f000007", 
   "language": "en", 
   "lines": [
    "\"Kaushik,"
   ]
  }, 
  {
   "begin": "4.000", 
   "end": "4.360", 
   "id": "f000008", 
   "language": "en", 
   "lines": [
    "you"
   ]
  }, 
  {
   "begin": "4.360", 
   "end": "4.480", 
   "id": "f000009", 
   "language": "en", 
   "lines": [
    "look"
   ]
  }, 
  {
   "begin": "4.480", 
   "end": "4.720", 
   "id": "f000010", 
   "language": "en", 
   "lines": [
    "like"
   ]
  }, 
  {
   "begin": "4.720", 
   "end": "4.920", 
   "id": "f000011", 
   "language": "en", 
   "lines": [
    "a"
   ]
  }, 
  {
   "begin": "4.920", 
   "end": "5.400", 
   "id": "f000012", 
   "language": "en", 
   "lines": [
    "true"
   ]
  }, 
  {
   "begin": "5.400", 
   "end": "5.840", 
   "id": "f000013", 
   "language": "en", 
   "lines": [
    "detective"
   ]
  }, 
  {
   "begin": "5.840", 
   "end": "6.640", 
   "id": "f000014", 
   "language": "en", 
   "lines": [
    "today."
   ]
  }, 
  {
   "begin": "6.640", 
   "end": "6.840", 
   "id": "f000015", 
   "language": "en", 
   "lines": [
    "I"
   ]
  }, 
  {
   "begin": "6.840", 
   "end": "7.440", 
   "id": "f000016", 
   "language": "en", 
   "lines": [
    "wonder"
   ]
  }, 
  {
   "begin": "7.440", 
   "end": "7.760", 
   "id": "f000017", 
   "language": "en", 
   "lines": [
    "what"
   ]
  }, 
  {
   "begin": "7.760", 
   "end": "8.080", 
   "id": "f000018", 
   "language": "en", 
   "lines": [
    "you"
   ]
  }, 
  {
   "begin": "8.080", 
   "end": "8.080", 
   "id": "f000019", 
   "language": "en", 
   "lines": [
    "are"
   ]
  }, 
  {
   "begin": "8.080", 
   "end": "8.400", 
   "id": "f000020", 
   "language": "en", 
   "lines": [
    "going"
   ]
  }, 
  {
   "begin": "8.400", 
   "end": "8.520", 
   "id": "f000021", 
   "language": "en", 
   "lines": [
    "to"
   ]
  }, 
  {
   "begin": "8.520", 
   "end": "9.120", 
   "id": "f000022", 
   "language": "en", 
   "lines": [
    "find!\""
   ]
  }, 
  {
   "begin": "9.120", 
   "end": "9.120", 
   "id": "f000023", 
   "language": "en", 
   "lines": [
    "&nbsp;"
   ]
  }, 
  {
   "begin": "9.120", 
   "end": "10.360", 
   "id": "f000024", 
   "language": "en", 
   "lines": [
    "Kaushik"
   ]
  }, 
  {
   "begin": "10.360", 
   "end": "10.760", 
   "id": "f000025", 
   "language": "en", 
   "lines": [
    "was"
   ]
  }, 
  {
   "begin": "10.760", 
   "end": "11.280", 
   "id": "f000026", 
   "language": "en", 
   "lines": [
    "very"
   ]
  }, 
  {
   "begin": "11.280", 
   "end": "11.800", 
   "id": "f000027", 
   "language": "en", 
   "lines": [
    "excited"
   ]
  }, 
  {
   "begin": "11.800", 
   "end": "12.360", 
   "id": "f000028", 
   "language": "en", 
   "lines": [
    "as"
   ]
  }, 
  {
   "begin": "12.360", 
   "end": "12.800", 
   "id": "f000029", 
   "language": "en", 
   "lines": [
    "he"
   ]
  }, 
  {
   "begin": "12.800", 
   "end": "13.280", 
   "id": "f000030", 
   "language": "en", 
   "lines": [
    "walked"
   ]
  }, 
  {
   "begin": "13.280", 
   "end": "13.920", 
   "id": "f000031", 
   "language": "en", 
   "lines": [
    "briskly"
   ]
  }, 
  {
   "begin": "13.920", 
   "end": "14.400", 
   "id": "f000032", 
   "language": "en", 
   "lines": [
    "towards"
   ]
  }, 
  {
   "begin": "14.400", 
   "end": "14.400", 
   "id": "f000033", 
   "language": "en", 
   "lines": [
    "the"
   ]
  }, 
  {
   "begin": "14.400", 
   "end": "15.160", 
   "id": "f000034", 
   "language": "en", 
   "lines": [
    "forest"
   ]
  }, 
  {
   "begin": "15.160", 
   "end": "15.400", 
   "id": "f000035", 
   "language": "en", 
   "lines": [
    "near"
   ]
  }, 
  {
   "begin": "15.400", 
   "end": "15.680", 
   "id": "f000036", 
   "language": "en", 
   "lines": [
    "their"
   ]
  }, 
  {
   "begin": "15.680", 
   "end": "16.560", 
   "id": "f000037", 
   "language": "en", 
   "lines": [
    "farm."
   ]
  }
 ]
}