{
 "fragments": [
  {
   "begin": "0.000", 
   "end": "0.280", 
   "id": "f000001", 
   "language": "en", 
   "lines": [
    "They"
   ]
  }, 
  {
   "begin": "0.280", 
   "end": "0.720", 
   "id": "f000002", 
   "language": "en", 
   "lines": [
    "looked"
   ]
  }, 
  {
   "begin": "0.720", 
   "end": "1.080", 
   "id": "f000003", 
   "language": "en", 
   "lines": [
    "like"
   ]
  }, 
  {
   "begin": "1.080", 
   "end": "2.760", 
   "id": "f000004", 
   "language": "en", 
   "lines": [
    "mushrooms."
   ]
  }, 
  {
   "begin": "2.760", 
   "end": "3.120", 
   "id": "f000005", 
   "language": "en", 
   "lines": [
    "But,"
   ]
  }, 
  {
   "begin": "3.120", 
   "end": "3.960", 
   "id": "f000006", 
   "language": "en", 
   "lines": [
    "should"
   ]
  }, 
  {
   "begin": "3.960", 
   "end": "3.960", 
   "id": "f000007", 
   "language": "en", 
   "lines": [
    "a"
   ]
  }, 
  {
   "begin": "3.960", 
   "end": "4.440", 
   "id": "f000008", 
   "language": "en", 
   "lines": [
    "detective"
   ]
  }, 
  {
   "begin": "4.440", 
   "end": "4.960", 
   "id": "f000009", 
   "language": "en", 
   "lines": [
    "accept"
   ]
  }, 
  {
   "begin": "4.960", 
   "end": "6.200", 
   "id": "f000010", 
   "language": "en", 
   "lines": [
    "that?"
   ]
  }, 
  {
   "begin": "6.200", 
   "end": "6.560", 
   "id": "f000011", 
   "language": "en", 
   "lines": [
    "He"
   ]
  }, 
  {
   "begin": "6.560", 
   "end": "6.920", 
   "id": "f000012", 
   "language": "en", 
   "lines": [
    "wanted"
   ]
  }, 
  {
   "begin": "6.920", 
   "end": "7.080", 
   "id": "f000013", 
   "language": "en", 
   "lines": [
    "to"
   ]
  }, 
  {
   "begin": "7.080", 
   "end": "7.440", 
   "id": "f000014", 
   "language": "en", 
   "lines": [
    "be"
   ]
  }, 
  {
   "begin": "7.440", 
   "end": "8.160", 
   "id": "f000015", 
   "language": "en", 
   "lines": [
    "absolutely"
   ]
  }, 
  {
   "begin": "8.160", 
   "end": "8.600", 
   "id": "f000016", 
   "language": "en", 
   "lines": [
    "certain."
   ]
  }, 
  {
   "begin": "8.600", 
   "end": "8.880", 
   "id": "f000017", 
   "language": "en", 
   "lines": [
    "So"
   ]
  }, 
  {
   "begin": "8.880", 
   "end": "9.960", 
   "id": "f000018", 
   "language": "en", 
   "lines": [
    "he"
   ]
  }, 
  {
   "begin": "9.960", 
   "end": "10.720", 
   "id": "f000019", 
   "language": "en", 
   "lines": [
    "tiptoed"
   ]
  }, 
  {
   "begin": "10.720", 
   "end": "11.080", 
   "id": "f000020", 
   "language": "en", 
   "lines": [
    "around"
   ]
  }, 
  {
   "begin": "11.080", 
   "end": "11.440", 
   "id": "f000021", 
   "language": "en", 
   "lines": [
    "these"
   ]
  }, 
  {
   "begin": "11.440", 
   "end": "12.240", 
   "id": "f000022", 
   "language": "en", 
   "lines": [
    "objects,"
   ]
  }, 
  {
   "begin": "12.240", 
   "end": "13.160", 
   "id": "f000023", 
   "language": "en", 
   "lines": [
    "took"
   ]
  }, 
  {
   "begin": "13.160", 
   "end": "13.400", 
   "id": "f000024", 
   "language": "en", 
   "lines": [
    "out"
   ]
  }, 
  {
   "begin": "13.400", 
   "end": "13.680", 
   "id": "f000025", 
   "language": "en", 
   "lines": [
    "his"
   ]
  }, 
  {
   "begin": "13.680", 
   "end": "14.440", 
   "id": "f000026", 
   "language": "en", 
   "lines": [
    "magnifying"
   ]
  }, 
  {
   "begin": "14.440", 
   "end": "15.360", 
   "id": "f000027", 
   "language": "en", 
   "lines": [
    "glass"
   ]
  }, 
  {
   "begin": "15.360", 
   "end": "15.800", 
   "id": "f000028", 
   "language": "en", 
   "lines": [
    "and"
   ]
  }, 
  {
   "begin": "15.800", 
   "end": "16.080", 
   "id": "f000029", 
   "language": "en", 
   "lines": [
    "looked"
   ]
  }, 
  {
   "begin": "16.080", 
   "end": "18.200", 
   "id": "f000030", 
   "language": "en", 
   "lines": [
    "closely.\n"
   ]
  }, 
  {
   "begin": "18.200", 
   "end": "18.200", 
   "id": "f000031", 
   "language": "en", 
   "lines": [
    ""
   ]
  }, 
  {
   "begin": "18.200", 
   "end": "18.200", 
   "id": "f000032", 
   "language": "en", 
   "lines": [
    ""
   ]
  }, 
  {
   "begin": "18.200", 
   "end": "18.840", 
   "id": "f000033", 
   "language": "en", 
   "lines": [
    "Wonders"
   ]
  }, 
  {
   "begin": "18.840", 
   "end": "19.280", 
   "id": "f000034", 
   "language": "en", 
   "lines": [
    "of"
   ]
  }, 
  {
   "begin": "19.280", 
   "end": "19.760", 
   "id": "f000035", 
   "language": "en", 
   "lines": [
    "wonders!"
   ]
  }, 
  {
   "begin": "19.760", 
   "end": "20.520", 
   "id": "f000036", 
   "language": "en", 
   "lines": [
    "He"
   ]
  }, 
  {
   "begin": "20.520", 
   "end": "21.120", 
   "id": "f000037", 
   "language": "en", 
   "lines": [
    "saw"
   ]
  }, 
  {
   "begin": "21.120", 
   "end": "21.120", 
   "id": "f000038", 
   "language": "en", 
   "lines": [
    "a"
   ]
  }, 
  {
   "begin": "21.120", 
   "end": "21.680", 
   "id": "f000039", 
   "language": "en", 
   "lines": [
    "tiny"
   ]
  }, 
  {
   "begin": "21.680", 
   "end": "21.960", 
   "id": "f000040", 
   "language": "en", 
   "lines": [
    "girl"
   ]
  }, 
  {
   "begin": "21.960", 
   "end": "22.400", 
   "id": "f000041", 
   "language": "en", 
   "lines": [
    "sitting"
   ]
  }, 
  {
   "begin": "22.400", 
   "end": "22.600", 
   "id": "f000042", 
   "language": "en", 
   "lines": [
    "there,"
   ]
  }, 
  {
   "begin": "22.600", 
   "end": "23.200", 
   "id": "f000043", 
   "language": "en", 
   "lines": [
    "under"
   ]
  }, 
  {
   "begin": "23.200", 
   "end": "23.800", 
   "id": "f000044", 
   "language": "en", 
   "lines": [
    "an"
   ]
  }, 
  {
   "begin": "23.800", 
   "end": "24.840", 
   "id": "f000045", 
   "language": "en", 
   "lines": [
    "umbrella."
   ]
  }
 ]
}