{
 "fragments": [
  {
   "begin": "0.000", 
   "end": "0.000", 
   "id": "f000001", 
   "language": "en", 
   "lines": [
    "The"
   ]
  }, 
  {
   "begin": "0.000", 
   "end": "0.000", 
   "id": "f000002", 
   "language": "en", 
   "lines": [
    "torch"
   ]
  }, 
  {
   "begin": "0.000", 
   "end": "0.000", 
   "id": "f000003", 
   "language": "en", 
   "lines": [
    "and"
   ]
  }, 
  {
   "begin": "0.000", 
   "end": "0.000", 
   "id": "f000004", 
   "language": "en", 
   "lines": [
    "the"
   ]
  }, 
  {
   "begin": "0.000", 
   "end": "0.000", 
   "id": "f000005", 
   "language": "en", 
   "lines": [
    "magnifying"
   ]
  }, 
  {
   "begin": "0.000", 
   "end": "0.000", 
   "id": "f000006", 
   "language": "en", 
   "lines": [
    "glass"
   ]
  }, 
  {
   "begin": "0.000", 
   "end": "0.000", 
   "id": "f000007", 
   "language": "en", 
   "lines": [
    "were"
   ]
  }, 
  {
   "begin": "0.000", 
   "end": "0.000", 
   "id": "f000008", 
   "language": "en", 
   "lines": [
    "great."
   ]
  }, 
  {
   "begin": "0.000", 
   "end": "0.000", 
   "id": "f000009", 
   "language": "en", 
   "lines": [
    "He"
   ]
  }, 
  {
   "begin": "0.000", 
   "end": "0.400", 
   "id": "f000010", 
   "language": "en", 
   "lines": [
    "had"
   ]
  }, 
  {
   "begin": "0.400", 
   "end": "1.240", 
   "id": "f000011", 
   "language": "en", 
   "lines": [
    "already"
   ]
  }, 
  {
   "begin": "1.240", 
   "end": "1.560", 
   "id": "f000012", 
   "language": "en", 
   "lines": [
    "found"
   ]
  }, 
  {
   "begin": "1.560", 
   "end": "1.760", 
   "id": "f000013", 
   "language": "en", 
   "lines": [
    "his"
   ]
  }, 
  {
   "begin": "1.760", 
   "end": "2.120", 
   "id": "f000014", 
   "language": "en", 
   "lines": [
    "first"
   ]
  }, 
  {
   "begin": "2.120", 
   "end": "2.400", 
   "id": "f000015", 
   "language": "en", 
   "lines": [
    "clue."
   ]
  }, 
  {
   "begin": "2.400", 
   "end": "3.160", 
   "id": "f000016", 
   "language": "en", 
   "lines": [
    "Not"
   ]
  }, 
  {
   "begin": "3.160", 
   "end": "3.400", 
   "id": "f000017", 
   "language": "en", 
   "lines": [
    "bad"
   ]
  }, 
  {
   "begin": "3.400", 
   "end": "3.480", 
   "id": "f000018", 
   "language": "en", 
   "lines": [
    "for"
   ]
  }, 
  {
   "begin": "3.480", 
   "end": "3.680", 
   "id": "f000019", 
   "language": "en", 
   "lines": [
    "a"
   ]
  }, 
  {
   "begin": "3.680", 
   "end": "4.360", 
   "id": "f000020", 
   "language": "en", 
   "lines": [
    "first"
   ]
  }, 
  {
   "begin": "4.360", 
   "end": "4.640", 
   "id": "f000021", 
   "language": "en", 
   "lines": [
    "time"
   ]
  }, 
  {
   "begin": "4.640", 
   "end": "4.920", 
   "id": "f000022", 
   "language": "en", 
   "lines": [
    "detective!"
   ]
  }, 
  {
   "begin": "4.920", 
   "end": "5.240", 
   "id": "f000023", 
   "language": "en", 
   "lines": [
    "&nbsp;"
   ]
  }, 
  {
   "begin": "5.240", 
   "end": "6.520", 
   "id": "f000024", 
   "language": "en", 
   "lines": [
    "Just"
   ]
  }, 
  {
   "begin": "6.520", 
   "end": "6.960", 
   "id": "f000025", 
   "language": "en", 
   "lines": [
    "then,"
   ]
  }, 
  {
   "begin": "6.960", 
   "end": "7.440", 
   "id": "f000026", 
   "language": "en", 
   "lines": [
    "he"
   ]
  }, 
  {
   "begin": "7.440", 
   "end": "8.160", 
   "id": "f000027", 
   "language": "en", 
   "lines": [
    "noticed"
   ]
  }, 
  {
   "begin": "8.160", 
   "end": "8.280", 
   "id": "f000028", 
   "language": "en", 
   "lines": [
    "a"
   ]
  }, 
  {
   "begin": "8.280", 
   "end": "8.680", 
   "id": "f000029", 
   "language": "en", 
   "lines": [
    "few"
   ]
  }, 
  {
   "begin": "8.680", 
   "end": "9.000", 
   "id": "f000030", 
   "language": "en", 
   "lines": [
    "red"
   ]
  }, 
  {
   "begin": "9.000", 
   "end": "9.680", 
   "id": "f000031", 
   "language": "en", 
   "lines": [
    "objects"
   ]
  }, 
  {
   "begin": "9.680", 
   "end": "9.920", 
   "id": "f000032", 
   "language": "en", 
   "lines": [
    "on"
   ]
  }, 
  {
   "begin": "9.920", 
   "end": "10.200", 
   "id": "f000033", 
   "language": "en", 
   "lines": [
    "the"
   ]
  }, 
  {
   "begin": "10.200", 
   "end": "11.160", 
   "id": "f000034", 
   "language": "en", 
   "lines": [
    "grass."
   ]
  }, 
  {
   "begin": "11.160", 
   "end": "11.440", 
   "id": "f000035", 
   "language": "en", 
   "lines": [
    "What"
   ]
  }, 
  {
   "begin": "11.440", 
   "end": "11.760", 
   "id": "f000036", 
   "language": "en", 
   "lines": [
    "could"
   ]
  }, 
  {
   "begin": "11.760", 
   "end": "12.120", 
   "id": "f000037", 
   "language": "en", 
   "lines": [
    "these"
   ]
  }, 
  {
   "begin": "12.120", 
   "end": "12.560", 
   "id": "f000038", 
   "language": "en", 
   "lines": [
    "be?"
   ]
  }
 ]
}