{
 "fragments": [
  {
   "begin": "0.000", 
   "end": "0.320", 
   "id": "f000001", 
   "language": "en", 
   "lines": [
    "He"
   ]
  }, 
  {
   "begin": "0.320", 
   "end": "0.960", 
   "id": "f000002", 
   "language": "en", 
   "lines": [
    "looked"
   ]
  }, 
  {
   "begin": "0.960", 
   "end": "1.120", 
   "id": "f000003", 
   "language": "en", 
   "lines": [
    "at"
   ]
  }, 
  {
   "begin": "1.120", 
   "end": "1.320", 
   "id": "f000004", 
   "language": "en", 
   "lines": [
    "the"
   ]
  }, 
  {
   "begin": "1.320", 
   "end": "1.680", 
   "id": "f000005", 
   "language": "en", 
   "lines": [
    "wet"
   ]
  }, 
  {
   "begin": "1.680", 
   "end": "2.160", 
   "id": "f000006", 
   "language": "en", 
   "lines": [
    "grass"
   ]
  }, 
  {
   "begin": "2.160", 
   "end": "2.600", 
   "id": "f000007", 
   "language": "en", 
   "lines": [
    "and"
   ]
  }, 
  {
   "begin": "2.600", 
   "end": "3.040", 
   "id": "f000008", 
   "language": "en", 
   "lines": [
    "said"
   ]
  }, 
  {
   "begin": "3.040", 
   "end": "3.240", 
   "id": "f000009", 
   "language": "en", 
   "lines": [
    "to"
   ]
  }, 
  {
   "begin": "3.240", 
   "end": "3.920", 
   "id": "f000010", 
   "language": "en", 
   "lines": [
    "himself,"
   ]
  }, 
  {
   "begin": "3.920", 
   "end": "3.920", 
   "id": "f000011", 
   "language": "en", 
   "lines": [
    "\"Hmm..."
   ]
  }, 
  {
   "begin": "3.920", 
   "end": "4.880", 
   "id": "f000012", 
   "language": "en", 
   "lines": [
    "I"
   ]
  }, 
  {
   "begin": "4.880", 
   "end": "6.000", 
   "id": "f000013", 
   "language": "en", 
   "lines": [
    "think"
   ]
  }, 
  {
   "begin": "6.000", 
   "end": "6.640", 
   "id": "f000014", 
   "language": "en", 
   "lines": [
    "it"
   ]
  }, 
  {
   "begin": "6.640", 
   "end": "7.000", 
   "id": "f000015", 
   "language": "en", 
   "lines": [
    "has"
   ]
  }, 
  {
   "begin": "7.000", 
   "end": "7.480", 
   "id": "f000016", 
   "language": "en", 
   "lines": [
    "just"
   ]
  }, 
  {
   "begin": "7.480", 
   "end": "8.240", 
   "id": "f000017", 
   "language": "en", 
   "lines": [
    "rained"
   ]
  }, 
  {
   "begin": "8.240", 
   "end": "8.360", 
   "id": "f000018", 
   "language": "en", 
   "lines": [
    "in"
   ]
  }, 
  {
   "begin": "8.360", 
   "end": "8.960", 
   "id": "f000019", 
   "language": "en", 
   "lines": [
    "this"
   ]
  }, 
  {
   "begin": "8.960", 
   "end": "10.040", 
   "id": "f000020", 
   "language": "en", 
   "lines": [
    "place.\""
   ]
  }
 ]
}