{
 "fragments": [
  {
   "begin": "0.000", 
   "end": "0.520", 
   "id": "f000001", 
   "language": "en", 
   "lines": [
    "Kaushik"
   ]
  }, 
  {
   "begin": "0.520", 
   "end": "0.760", 
   "id": "f000002", 
   "language": "en", 
   "lines": [
    "looked"
   ]
  }, 
  {
   "begin": "0.760", 
   "end": "0.760", 
   "id": "f000003", 
   "language": "en", 
   "lines": [
    "at"
   ]
  }, 
  {
   "begin": "0.760", 
   "end": "0.920", 
   "id": "f000004", 
   "language": "en", 
   "lines": [
    "her"
   ]
  }, 
  {
   "begin": "0.920", 
   "end": "1.320", 
   "id": "f000005", 
   "language": "en", 
   "lines": [
    "through"
   ]
  }, 
  {
   "begin": "1.320", 
   "end": "1.960", 
   "id": "f000006", 
   "language": "en", 
   "lines": [
    "his"
   ]
  }, 
  {
   "begin": "1.960", 
   "end": "2.520", 
   "id": "f000007", 
   "language": "en", 
   "lines": [
    "magnifying"
   ]
  }, 
  {
   "begin": "2.520", 
   "end": "3.800", 
   "id": "f000008", 
   "language": "en", 
   "lines": [
    "glass."
   ]
  }, 
  {
   "begin": "3.800", 
   "end": "4.080", 
   "id": "f000009", 
   "language": "en", 
   "lines": [
    "He"
   ]
  }, 
  {
   "begin": "4.080", 
   "end": "4.840", 
   "id": "f000010", 
   "language": "en", 
   "lines": [
    "asked,"
   ]
  }, 
  {
   "begin": "4.840", 
   "end": "5.000", 
   "id": "f000011", 
   "language": "en", 
   "lines": [
    "in"
   ]
  }, 
  {
   "begin": "5.000", 
   "end": "5.200", 
   "id": "f000012", 
   "language": "en", 
   "lines": [
    "a"
   ]
  }, 
  {
   "begin": "5.200", 
   "end": "5.640", 
   "id": "f000013", 
   "language": "en", 
   "lines": [
    "brave"
   ]
  }, 
  {
   "begin": "5.640", 
   "end": "6.200", 
   "id": "f000014", 
   "language": "en", 
   "lines": [
    "voice,"
   ]
  }, 
  {
   "begin": "6.200", 
   "end": "6.200", 
   "id": "f000015", 
   "language": "en", 
   "lines": [
    "\"Who"
   ]
  }, 
  {
   "begin": "6.200", 
   "end": "6.200", 
   "id": "f000016", 
   "language": "en", 
   "lines": [
    "are"
   ]
  }, 
  {
   "begin": "6.200", 
   "end": "6.720", 
   "id": "f000017", 
   "language": "en", 
   "lines": [
    "you?"
   ]
  }, 
  {
   "begin": "6.720", 
   "end": "7.400", 
   "id": "f000018", 
   "language": "en", 
   "lines": [
    "What"
   ]
  }, 
  {
   "begin": "7.400", 
   "end": "7.880", 
   "id": "f000019", 
   "language": "en", 
   "lines": [
    "are"
   ]
  }, 
  {
   "begin": "7.880", 
   "end": "8.040", 
   "id": "f000020", 
   "language": "en", 
   "lines": [
    "you"
   ]
  }, 
  {
   "begin": "8.040", 
   "end": "8.640", 
   "id": "f000021", 
   "language": "en", 
   "lines": [
    "doing"
   ]
  }, 
  {
   "begin": "8.640", 
   "end": "10.280", 
   "id": "f000022", 
   "language": "en", 
   "lines": [
    "here?\""
   ]
  }, 
  {
   "begin": "10.280", 
   "end": "10.360", 
   "id": "f000023", 
   "language": "en", 
   "lines": [
    "The"
   ]
  }, 
  {
   "begin": "10.360", 
   "end": "11.080", 
   "id": "f000024", 
   "language": "en", 
   "lines": [
    "tiny"
   ]
  }, 
  {
   "begin": "11.080", 
   "end": "11.280", 
   "id": "f000025", 
   "language": "en", 
   "lines": [
    "girl"
   ]
  }, 
  {
   "begin": "11.280", 
   "end": "11.280", 
   "id": "f000026", 
   "language": "en", 
   "lines": [
    "got"
   ]
  }, 
  {
   "begin": "11.280", 
   "end": "12.040", 
   "id": "f000027", 
   "language": "en", 
   "lines": [
    "frightened"
   ]
  }, 
  {
   "begin": "12.040", 
   "end": "12.240", 
   "id": "f000028", 
   "language": "en", 
   "lines": [
    "by"
   ]
  }, 
  {
   "begin": "12.240", 
   "end": "12.440", 
   "id": "f000029", 
   "language": "en", 
   "lines": [
    "his"
   ]
  }, 
  {
   "begin": "12.440", 
   "end": "12.880", 
   "id": "f000030", 
   "language": "en", 
   "lines": [
    "loud"
   ]
  }, 
  {
   "begin": "12.880", 
   "end": "13.720", 
   "id": "f000031", 
   "language": "en", 
   "lines": [
    "voice"
   ]
  }, 
  {
   "begin": "13.720", 
   "end": "14.000", 
   "id": "f000032", 
   "language": "en", 
   "lines": [
    "and"
   ]
  }, 
  {
   "begin": "14.000", 
   "end": "15.000", 
   "id": "f000033", 
   "language": "en", 
   "lines": [
    "eyes,"
   ]
  }, 
  {
   "begin": "15.000", 
   "end": "15.440", 
   "id": "f000034", 
   "language": "en", 
   "lines": [
    "which"
   ]
  }, 
  {
   "begin": "15.440", 
   "end": "15.640", 
   "id": "f000035", 
   "language": "en", 
   "lines": [
    "looked"
   ]
  }, 
  {
   "begin": "15.640", 
   "end": "16.400", 
   "id": "f000036", 
   "language": "en", 
   "lines": [
    "enormous"
   ]
  }, 
  {
   "begin": "16.400", 
   "end": "16.760", 
   "id": "f000037", 
   "language": "en", 
   "lines": [
    "behind"
   ]
  }, 
  {
   "begin": "16.760", 
   "end": "16.880", 
   "id": "f000038", 
   "language": "en", 
   "lines": [
    "the"
   ]
  }, 
  {
   "begin": "16.880", 
   "end": "17.600", 
   "id": "f000039", 
   "language": "en", 
   "lines": [
    "magnifying"
   ]
  }, 
  {
   "begin": "17.600", 
   "end": "19.240", 
   "id": "f000040", 
   "language": "en", 
   "lines": [
    "glass."
   ]
  }, 
  {
   "begin": "19.240", 
   "end": "19.520", 
   "id": "f000041", 
   "language": "en", 
   "lines": [
    "She"
   ]
  }, 
  {
   "begin": "19.520", 
   "end": "19.840", 
   "id": "f000042", 
   "language": "en", 
   "lines": [
    "let"
   ]
  }, 
  {
   "begin": "19.840", 
   "end": "20.040", 
   "id": "f000043", 
   "language": "en", 
   "lines": [
    "go"
   ]
  }, 
  {
   "begin": "20.040", 
   "end": "20.200", 
   "id": "f000044", 
   "language": "en", 
   "lines": [
    "of"
   ]
  }, 
  {
   "begin": "20.200", 
   "end": "20.480", 
   "id": "f000045", 
   "language": "en", 
   "lines": [
    "her"
   ]
  }, 
  {
   "begin": "20.480", 
   "end": "21.440", 
   "id": "f000046", 
   "language": "en", 
   "lines": [
    "umbrella"
   ]
  }, 
  {
   "begin": "21.440", 
   "end": "21.760", 
   "id": "f000047", 
   "language": "en", 
   "lines": [
    "and"
   ]
  }, 
  {
   "begin": "21.760", 
   "end": "22.080", 
   "id": "f000048", 
   "language": "en", 
   "lines": [
    "leaned"
   ]
  }, 
  {
   "begin": "22.080", 
   "end": "22.440", 
   "id": "f000049", 
   "language": "en", 
   "lines": [
    "back"
   ]
  }, 
  {
   "begin": "22.440", 
   "end": "22.640", 
   "id": "f000050", 
   "language": "en", 
   "lines": [
    "in"
   ]
  }, 
  {
   "begin": "22.640", 
   "end": "24.120", 
   "id": "f000051", 
   "language": "en", 
   "lines": [
    "fear."
   ]
  }
 ]
}