{
 "fragments": [
  {
   "begin": "0.000", 
   "end": "0.400", 
   "id": "f000001", 
   "language": "en", 
   "lines": [
    "The"
   ]
  }, 
  {
   "begin": "0.400", 
   "end": "0.720", 
   "id": "f000002", 
   "language": "en", 
   "lines": [
    "girl"
   ]
  }, 
  {
   "begin": "0.720", 
   "end": "1.440", 
   "id": "f000003", 
   "language": "en", 
   "lines": [
    "climbed"
   ]
  }, 
  {
   "begin": "1.440", 
   "end": "1.560", 
   "id": "f000004", 
   "language": "en", 
   "lines": [
    "on"
   ]
  }, 
  {
   "begin": "1.560", 
   "end": "1.600", 
   "id": "f000005", 
   "language": "en", 
   "lines": [
    "top"
   ]
  }, 
  {
   "begin": "1.600", 
   "end": "1.800", 
   "id": "f000006", 
   "language": "en", 
   "lines": [
    "of"
   ]
  }, 
  {
   "begin": "1.800", 
   "end": "2.280", 
   "id": "f000007", 
   "language": "en", 
   "lines": [
    "Kaushik\u2019s"
   ]
  }, 
  {
   "begin": "2.280", 
   "end": "2.760", 
   "id": "f000008", 
   "language": "en", 
   "lines": [
    "hat"
   ]
  }, 
  {
   "begin": "2.760", 
   "end": "3.200", 
   "id": "f000009", 
   "language": "en", 
   "lines": [
    "and"
   ]
  }, 
  {
   "begin": "3.200", 
   "end": "3.440", 
   "id": "f000010", 
   "language": "en", 
   "lines": [
    "gave"
   ]
  }, 
  {
   "begin": "3.440", 
   "end": "3.880", 
   "id": "f000011", 
   "language": "en", 
   "lines": [
    "him"
   ]
  }, 
  {
   "begin": "3.880", 
   "end": "4.000", 
   "id": "f000012", 
   "language": "en", 
   "lines": [
    "a"
   ]
  }, 
  {
   "begin": "4.000", 
   "end": "4.520", 
   "id": "f000013", 
   "language": "en", 
   "lines": [
    "warm"
   ]
  }, 
  {
   "begin": "4.520", 
   "end": "5.040", 
   "id": "f000014", 
   "language": "en", 
   "lines": [
    "smile.\n"
   ]
  }, 
  {
   "begin": "5.040", 
   "end": "5.040", 
   "id": "f000015", 
   "language": "en", 
   "lines": [
    ""
   ]
  }, 
  {
   "begin": "5.040", 
   "end": "5.040", 
   "id": "f000016", 
   "language": "en", 
   "lines": [
    ""
   ]
  }, 
  {
   "begin": "5.040", 
   "end": "6.000", 
   "id": "f000017", 
   "language": "en", 
   "lines": [
    "\"My"
   ]
  }, 
  {
   "begin": "6.000", 
   "end": "6.200", 
   "id": "f000018", 
   "language": "en", 
   "lines": [
    "name"
   ]
  }, 
  {
   "begin": "6.200", 
   "end": "6.920", 
   "id": "f000019", 
   "language": "en", 
   "lines": [
    "is"
   ]
  }, 
  {
   "begin": "6.920", 
   "end": "7.080", 
   "id": "f000020", 
   "language": "en", 
   "lines": [
    "Lalitha."
   ]
  }, 
  {
   "begin": "7.080", 
   "end": "7.160", 
   "id": "f000021", 
   "language": "en", 
   "lines": [
    "I"
   ]
  }, 
  {
   "begin": "7.160", 
   "end": "7.400", 
   "id": "f000022", 
   "language": "en", 
   "lines": [
    "live"
   ]
  }, 
  {
   "begin": "7.400", 
   "end": "8.280", 
   "id": "f000023", 
   "language": "en", 
   "lines": [
    "in"
   ]
  }, 
  {
   "begin": "8.280", 
   "end": "8.880", 
   "id": "f000024", 
   "language": "en", 
   "lines": [
    "this"
   ]
  }, 
  {
   "begin": "8.880", 
   "end": "10.040", 
   "id": "f000025", 
   "language": "en", 
   "lines": [
    "forest"
   ]
  }, 
  {
   "begin": "10.040", 
   "end": "10.440", 
   "id": "f000026", 
   "language": "en", 
   "lines": [
    "along"
   ]
  }, 
  {
   "begin": "10.440", 
   "end": "10.600", 
   "id": "f000027", 
   "language": "en", 
   "lines": [
    "with"
   ]
  }, 
  {
   "begin": "10.600", 
   "end": "10.960", 
   "id": "f000028", 
   "language": "en", 
   "lines": [
    "my"
   ]
  }, 
  {
   "begin": "10.960", 
   "end": "11.160", 
   "id": "f000029", 
   "language": "en", 
   "lines": [
    "family."
   ]
  }, 
  {
   "begin": "11.160", 
   "end": "11.880", 
   "id": "f000030", 
   "language": "en", 
   "lines": [
    "We"
   ]
  }, 
  {
   "begin": "11.880", 
   "end": "12.480", 
   "id": "f000031", 
   "language": "en", 
   "lines": [
    "don\u2019t"
   ]
  }, 
  {
   "begin": "12.480", 
   "end": "12.680", 
   "id": "f000032", 
   "language": "en", 
   "lines": [
    "know"
   ]
  }, 
  {
   "begin": "12.680", 
   "end": "12.880", 
   "id": "f000033", 
   "language": "en", 
   "lines": [
    "how"
   ]
  }, 
  {
   "begin": "12.880", 
   "end": "13.040", 
   "id": "f000034", 
   "language": "en", 
   "lines": [
    "to"
   ]
  }, 
  {
   "begin": "13.040", 
   "end": "13.280", 
   "id": "f000035", 
   "language": "en", 
   "lines": [
    "build"
   ]
  }, 
  {
   "begin": "13.280", 
   "end": "13.440", 
   "id": "f000036", 
   "language": "en", 
   "lines": [
    "a"
   ]
  }, 
  {
   "begin": "13.440", 
   "end": "14.400", 
   "id": "f000037", 
   "language": "en", 
   "lines": [
    "house."
   ]
  }, 
  {
   "begin": "14.400", 
   "end": "15.080", 
   "id": "f000038", 
   "language": "en", 
   "lines": [
    "So"
   ]
  }, 
  {
   "begin": "15.080", 
   "end": "15.280", 
   "id": "f000039", 
   "language": "en", 
   "lines": [
    "when"
   ]
  }, 
  {
   "begin": "15.280", 
   "end": "15.840", 
   "id": "f000040", 
   "language": "en", 
   "lines": [
    "it"
   ]
  }, 
  {
   "begin": "15.840", 
   "end": "16.520", 
   "id": "f000041", 
   "language": "en", 
   "lines": [
    "rains,"
   ]
  }, 
  {
   "begin": "16.520", 
   "end": "17.080", 
   "id": "f000042", 
   "language": "en", 
   "lines": [
    "we"
   ]
  }, 
  {
   "begin": "17.080", 
   "end": "17.200", 
   "id": "f000043", 
   "language": "en", 
   "lines": [
    "use"
   ]
  }, 
  {
   "begin": "17.200", 
   "end": "17.280", 
   "id": "f000044", 
   "language": "en", 
   "lines": [
    "our"
   ]
  }, 
  {
   "begin": "17.280", 
   "end": "17.360", 
   "id": "f000045", 
   "language": "en", 
   "lines": [
    "umbrellas"
   ]
  }, 
  {
   "begin": "17.360", 
   "end": "17.560", 
   "id": "f000046", 
   "language": "en", 
   "lines": [
    "to"
   ]
  }, 
  {
   "begin": "17.560", 
   "end": "17.880", 
   "id": "f000047", 
   "language": "en", 
   "lines": [
    "protect"
   ]
  }, 
  {
   "begin": "17.880", 
   "end": "18.320", 
   "id": "f000048", 
   "language": "en", 
   "lines": [
    "ourselves"
   ]
  }, 
  {
   "begin": "18.320", 
   "end": "18.480", 
   "id": "f000049", 
   "language": "en", 
   "lines": [
    "from"
   ]
  }, 
  {
   "begin": "18.480", 
   "end": "18.720", 
   "id": "f000050", 
   "language": "en", 
   "lines": [
    "the"
   ]
  }, 
  {
   "begin": "18.720", 
   "end": "19.600", 
   "id": "f000051", 
   "language": "en", 
   "lines": [
    "shower.\""
   ]
  }
 ]
}