{
 "fragments": [
  {
   "begin": "0.000", 
   "end": "0.400", 
   "id": "f000001", 
   "language": "en", 
   "lines": [
    "The"
   ]
  }, 
  {
   "begin": "0.400", 
   "end": "0.880", 
   "id": "f000002", 
   "language": "en", 
   "lines": [
    "tiger"
   ]
  }, 
  {
   "begin": "0.880", 
   "end": "1.400", 
   "id": "f000003", 
   "language": "en", 
   "lines": [
    "sleeping"
   ]
  }, 
  {
   "begin": "1.400", 
   "end": "2.280", 
   "id": "f000004", 
   "language": "en", 
   "lines": [
    "peacefully"
   ]
  }, 
  {
   "begin": "2.280", 
   "end": "2.760", 
   "id": "f000005", 
   "language": "en", 
   "lines": [
    "inside"
   ]
  }, 
  {
   "begin": "2.760", 
   "end": "2.880", 
   "id": "f000006", 
   "language": "en", 
   "lines": [
    "the"
   ]
  }, 
  {
   "begin": "2.880", 
   "end": "3.880", 
   "id": "f000007", 
   "language": "en", 
   "lines": [
    "cave"
   ]
  }, 
  {
   "begin": "3.880", 
   "end": "4.280", 
   "id": "f000008", 
   "language": "en", 
   "lines": [
    "was"
   ]
  }, 
  {
   "begin": "4.280", 
   "end": "4.720", 
   "id": "f000009", 
   "language": "en", 
   "lines": [
    "very"
   ]
  }, 
  {
   "begin": "4.720", 
   "end": "5.360", 
   "id": "f000010", 
   "language": "en", 
   "lines": [
    "disturbed"
   ]
  }, 
  {
   "begin": "5.360", 
   "end": "5.640", 
   "id": "f000011", 
   "language": "en", 
   "lines": [
    "by"
   ]
  }, 
  {
   "begin": "5.640", 
   "end": "5.880", 
   "id": "f000012", 
   "language": "en", 
   "lines": [
    "all"
   ]
  }, 
  {
   "begin": "5.880", 
   "end": "6.040", 
   "id": "f000013", 
   "language": "en", 
   "lines": [
    "the"
   ]
  }, 
  {
   "begin": "6.040", 
   "end": "7.040", 
   "id": "f000014", 
   "language": "en", 
   "lines": [
    "noise."
   ]
  }
 ]
}