{
 "fragments": [
  {
   "begin": "0.000", 
   "end": "0.840", 
   "id": "f000001", 
   "language": "en", 
   "lines": [
    "Sringeri"
   ]
  }, 
  {
   "begin": "0.840", 
   "end": "1.680", 
   "id": "f000002", 
   "language": "en", 
   "lines": [
    "Srinivas"
   ]
  }, 
  {
   "begin": "1.680", 
   "end": "1.960", 
   "id": "f000003", 
   "language": "en", 
   "lines": [
    "left"
   ]
  }, 
  {
   "begin": "1.960", 
   "end": "2.800", 
   "id": "f000004", 
   "language": "en", 
   "lines": [
    "home"
   ]
  }, 
  {
   "begin": "2.800", 
   "end": "3.000", 
   "id": "f000005", 
   "language": "en", 
   "lines": [
    "as"
   ]
  }, 
  {
   "begin": "3.000", 
   "end": "3.640", 
   "id": "f000006", 
   "language": "en", 
   "lines": [
    "usual"
   ]
  }, 
  {
   "begin": "3.640", 
   "end": "4.000", 
   "id": "f000007", 
   "language": "en", 
   "lines": [
    "to"
   ]
  }, 
  {
   "begin": "4.000", 
   "end": "4.400", 
   "id": "f000008", 
   "language": "en", 
   "lines": [
    "go"
   ]
  }, 
  {
   "begin": "4.400", 
   "end": "4.960", 
   "id": "f000009", 
   "language": "en", 
   "lines": [
    "to"
   ]
  }, 
  {
   "begin": "4.960", 
   "end": "5.280", 
   "id": "f000010", 
   "language": "en", 
   "lines": [
    "the"
   ]
  }, 
  {
   "begin": "5.280", 
   "end": "5.600", 
   "id": "f000011", 
   "language": "en", 
   "lines": [
    "local"
   ]
  }, 
  {
   "begin": "5.600", 
   "end": "6.320", 
   "id": "f000012", 
   "language": "en", 
   "lines": [
    "barber."
   ]
  }
 ]
}