{
	"fragments": [{
		"begin": "0.000",
		"end": "0.440",
		"id": "f000001",
		"language": "en",
		"lines": [
			"Poor"
		]
	}, {
		"begin": "0.440",
		"end": "0.640",
		"id": "f000002",
		"language": "en",
		"lines": [
			"Sringeri"
		]
	}, {
		"begin": "0.640",
		"end": "1.160",
		"id": "f000003",
		"language": "en",
		"lines": [
			"Srinivas"
		]
	}, {
		"begin": "1.160",
		"end": "1.760",
		"id": "f000004",
		"language": "en",
		"lines": [
			"was"
		]
	}, {
		"begin": "1.760",
		"end": "2.240",
		"id": "f000005",
		"language": "en",
		"lines": [
			"so"
		]
	}, {
		"begin": "2.240",
		"end": "2.720",
		"id": "f000006",
		"language": "en",
		"lines": [
			"scared,"
		]
	}, {
		"begin": "2.720",
		"end": "3.040",
		"id": "f000007",
		"language": "en",
		"lines": [
			"so"
		]
	}, {
		"begin": "3.040",
		"end": "3.480",
		"id": "f000008",
		"language": "en",
		"lines": [
			"scared"
		]
	}, {
		"begin": "3.960",
		"end": "4.440",
		"id": "f000011",
		"language": "en",
		"lines": [
			"that"
		]
	}, {
		"begin": "4.440",
		"end": "4.520",
		"id": "f000012",
		"language": "en",
		"lines": [
			"..."
		]
	}]
}