{
 "fragments": [
  {
   "begin": "0.000", 
   "end": "0.000", 
   "id": "f000001", 
   "language": "en", 
   "lines": [
    "But"
   ]
  }, 
  {
   "begin": "0.000", 
   "end": "0.640", 
   "id": "f000002", 
   "language": "en", 
   "lines": [
    "the"
   ]
  }, 
  {
   "begin": "0.640", 
   "end": "1.280", 
   "id": "f000003", 
   "language": "en", 
   "lines": [
    "carpenter"
   ]
  }, 
  {
   "begin": "1.280", 
   "end": "1.760", 
   "id": "f000004", 
   "language": "en", 
   "lines": [
    "said,"
   ]
  }, 
  {
   "begin": "1.760", 
   "end": "4.240", 
   "id": "f000005", 
   "language": "en", 
   "lines": [
    "\u201cToday,"
   ]
  }, 
  {
   "begin": "4.240", 
   "end": "5.440", 
   "id": "f000006", 
   "language": "en", 
   "lines": [
    "I"
   ]
  }, 
  {
   "begin": "5.440", 
   "end": "5.720", 
   "id": "f000007", 
   "language": "en", 
   "lines": [
    "have"
   ]
  }, 
  {
   "begin": "5.720", 
   "end": "7.160", 
   "id": "f000008", 
   "language": "en", 
   "lines": [
    "no"
   ]
  }, 
  {
   "begin": "7.160", 
   "end": "7.600", 
   "id": "f000009", 
   "language": "en", 
   "lines": [
    "time"
   ]
  }, 
  {
   "begin": "7.600", 
   "end": "7.840", 
   "id": "f000010", 
   "language": "en", 
   "lines": [
    "to"
   ]
  }, 
  {
   "begin": "7.840", 
   "end": "8.040", 
   "id": "f000011", 
   "language": "en", 
   "lines": [
    "cut"
   ]
  }, 
  {
   "begin": "8.040", 
   "end": "8.600", 
   "id": "f000012", 
   "language": "en", 
   "lines": [
    "such"
   ]
  }, 
  {
   "begin": "8.600", 
   "end": "9.280", 
   "id": "f000013", 
   "language": "en", 
   "lines": [
    "long"
   ]
  }, 
  {
   "begin": "9.280", 
   "end": "10.360", 
   "id": "f000014", 
   "language": "en", 
   "lines": [
    "hair!\u201d"
   ]
  }
 ]
}