{
 "fragments": [
  {
   "begin": "0.000", 
   "end": "0.640", 
   "id": "f000001", 
   "language": "en", 
   "lines": [
    "But"
   ]
  }, 
  {
   "begin": "0.640", 
   "end": "1.080", 
   "id": "f000002", 
   "language": "en", 
   "lines": [
    "the"
   ]
  }, 
  {
   "begin": "1.080", 
   "end": "1.440", 
   "id": "f000003", 
   "language": "en", 
   "lines": [
    "barber"
   ]
  }, 
  {
   "begin": "1.440", 
   "end": "2.000", 
   "id": "f000004", 
   "language": "en", 
   "lines": [
    "said,"
   ]
  }, 
  {
   "begin": "2.000", 
   "end": "3.400", 
   "id": "f000005", 
   "language": "en", 
   "lines": [
    "\u201cToday,"
   ]
  }, 
  {
   "begin": "3.400", 
   "end": "3.640", 
   "id": "f000006", 
   "language": "en", 
   "lines": [
    "I"
   ]
  }, 
  {
   "begin": "3.640", 
   "end": "4.360", 
   "id": "f000007", 
   "language": "en", 
   "lines": [
    "have"
   ]
  }, 
  {
   "begin": "4.360", 
   "end": "4.640", 
   "id": "f000008", 
   "language": "en", 
   "lines": [
    "no"
   ]
  }, 
  {
   "begin": "4.640", 
   "end": "5.080", 
   "id": "f000009", 
   "language": "en", 
   "lines": [
    "time"
   ]
  }, 
  {
   "begin": "5.080", 
   "end": "5.120", 
   "id": "f000010", 
   "language": "en", 
   "lines": [
    "to"
   ]
  }, 
  {
   "begin": "5.120", 
   "end": "5.360", 
   "id": "f000011", 
   "language": "en", 
   "lines": [
    "cut"
   ]
  }, 
  {
   "begin": "5.360", 
   "end": "5.840", 
   "id": "f000012", 
   "language": "en", 
   "lines": [
    "such"
   ]
  }, 
  {
   "begin": "5.840", 
   "end": "6.360", 
   "id": "f000013", 
   "language": "en", 
   "lines": [
    "long"
   ]
  }, 
  {
   "begin": "6.360", 
   "end": "7.200", 
   "id": "f000014", 
   "language": "en", 
   "lines": [
    "hair!\u201d"
   ]
  }
 ]
}