{
 "fragments": [
  {
   "begin": "0.000", 
   "end": "0.440", 
   "id": "f000001", 
   "language": "en", 
   "lines": [
    "But"
   ]
  }, 
  {
   "begin": "0.440", 
   "end": "0.760", 
   "id": "f000002", 
   "language": "en", 
   "lines": [
    "his"
   ]
  }, 
  {
   "begin": "0.760", 
   "end": "1.080", 
   "id": "f000003", 
   "language": "en", 
   "lines": [
    "wife"
   ]
  }, 
  {
   "begin": "1.080", 
   "end": "1.640", 
   "id": "f000004", 
   "language": "en", 
   "lines": [
    "said,"
   ]
  }, 
  {
   "begin": "1.640", 
   "end": "2.800", 
   "id": "f000005", 
   "language": "en", 
   "lines": [
    "\u201cToday,"
   ]
  }, 
  {
   "begin": "2.800", 
   "end": "3.120", 
   "id": "f000006", 
   "language": "en", 
   "lines": [
    "I"
   ]
  }, 
  {
   "begin": "3.120", 
   "end": "3.680", 
   "id": "f000007", 
   "language": "en", 
   "lines": [
    "have"
   ]
  }, 
  {
   "begin": "3.680", 
   "end": "3.920", 
   "id": "f000008", 
   "language": "en", 
   "lines": [
    "no"
   ]
  }, 
  {
   "begin": "3.920", 
   "end": "4.240", 
   "id": "f000009", 
   "language": "en", 
   "lines": [
    "time"
   ]
  }, 
  {
   "begin": "4.240", 
   "end": "4.400", 
   "id": "f000010", 
   "language": "en", 
   "lines": [
    "to"
   ]
  }, 
  {
   "begin": "4.400", 
   "end": "4.560", 
   "id": "f000011", 
   "language": "en", 
   "lines": [
    "cut"
   ]
  }, 
  {
   "begin": "4.560", 
   "end": "4.920", 
   "id": "f000012", 
   "language": "en", 
   "lines": [
    "such"
   ]
  }, 
  {
   "begin": "4.920", 
   "end": "5.400", 
   "id": "f000013", 
   "language": "en", 
   "lines": [
    "long"
   ]
  }, 
  {
   "begin": "5.400", 
   "end": "6.160", 
   "id": "f000014", 
   "language": "en", 
   "lines": [
    "hair!\u201d"
   ]
  }
 ]
}