{
 "fragments": [
  {
   "begin": "0.000", 
   "end": "0.240", 
   "id": "f000001", 
   "language": "en", 
   "lines": [
    "..."
   ]
  }, 
  {
   "begin": "0.240", 
   "end": "0.520", 
   "id": "f000002", 
   "language": "en", 
   "lines": [
    "all"
   ]
  }, 
  {
   "begin": "0.520", 
   "end": "0.960", 
   "id": "f000003", 
   "language": "en", 
   "lines": [
    "the"
   ]
  }, 
  {
   "begin": "0.960", 
   "end": "1.680", 
   "id": "f000004", 
   "language": "en", 
   "lines": [
    "hair"
   ]
  }, 
  {
   "begin": "1.680", 
   "end": "2.080", 
   "id": "f000005", 
   "language": "en", 
   "lines": [
    "fell"
   ]
  }, 
  {
   "begin": "2.080", 
   "end": "2.080", 
   "id": "f000006", 
   "language": "en", 
   "lines": [
    "off"
   ]
  }, 
  {
   "begin": "2.080", 
   "end": "2.200", 
   "id": "f000007", 
   "language": "en", 
   "lines": [
    "his"
   ]
  }, 
  {
   "begin": "2.200", 
   "end": "2.280", 
   "id": "f000008", 
   "language": "en", 
   "lines": [
    "head!"
   ]
  }
 ]
}