{
 "fragments": [
  {
   "begin": "0.000", 
   "end": "0.480", 
   "id": "f000001", 
   "language": "en", 
   "lines": [
    "But"
   ]
  }, 
  {
   "begin": "0.480", 
   "end": "0.480", 
   "id": "f000002", 
   "language": "en", 
   "lines": [
    "the"
   ]
  }, 
  {
   "begin": "0.480", 
   "end": "1.000", 
   "id": "f000003", 
   "language": "en", 
   "lines": [
    "tailor"
   ]
  }, 
  {
   "begin": "1.000", 
   "end": "1.280", 
   "id": "f000004", 
   "language": "en", 
   "lines": [
    "said,"
   ]
  }, 
  {
   "begin": "1.280", 
   "end": "2.120", 
   "id": "f000005", 
   "language": "en", 
   "lines": [
    "\u201cToday,"
   ]
  }, 
  {
   "begin": "2.120", 
   "end": "2.560", 
   "id": "f000006", 
   "language": "en", 
   "lines": [
    "I"
   ]
  }, 
  {
   "begin": "2.560", 
   "end": "3.400", 
   "id": "f000007", 
   "language": "en", 
   "lines": [
    "have"
   ]
  }, 
  {
   "begin": "3.400", 
   "end": "4.480", 
   "id": "f000008", 
   "language": "en", 
   "lines": [
    "no"
   ]
  }, 
  {
   "begin": "4.480", 
   "end": "4.800", 
   "id": "f000009", 
   "language": "en", 
   "lines": [
    "time"
   ]
  }, 
  {
   "begin": "4.800", 
   "end": "5.320", 
   "id": "f000010", 
   "language": "en", 
   "lines": [
    "to"
   ]
  }, 
  {
   "begin": "5.320", 
   "end": "5.560", 
   "id": "f000011", 
   "language": "en", 
   "lines": [
    "cut"
   ]
  }, 
  {
   "begin": "5.560", 
   "end": "6.120", 
   "id": "f000012", 
   "language": "en", 
   "lines": [
    "such"
   ]
  }, 
  {
   "begin": "6.120", 
   "end": "6.760", 
   "id": "f000013", 
   "language": "en", 
   "lines": [
    "long"
   ]
  }, 
  {
   "begin": "6.760", 
   "end": "7.880", 
   "id": "f000014", 
   "language": "en", 
   "lines": [
    "hair!\u201d"
   ]
  }
 ]
}