{
 "fragments": [
  {
   "begin": "0.000", 
   "end": "0.640", 
   "id": "f000001", 
   "language": "en", 
   "lines": [
    "Feeling"
   ]
  }, 
  {
   "begin": "0.640", 
   "end": "1.640", 
   "id": "f000002", 
   "language": "en", 
   "lines": [
    "sad,"
   ]
  }, 
  {
   "begin": "1.640", 
   "end": "2.360", 
   "id": "f000003", 
   "language": "en", 
   "lines": [
    "Sringeri"
   ]
  }, 
  {
   "begin": "2.360", 
   "end": "3.160", 
   "id": "f000004", 
   "language": "en", 
   "lines": [
    "Srinivas"
   ]
  }, 
  {
   "begin": "3.160", 
   "end": "3.480", 
   "id": "f000005", 
   "language": "en", 
   "lines": [
    "went"
   ]
  }, 
  {
   "begin": "3.480", 
   "end": "3.800", 
   "id": "f000006", 
   "language": "en", 
   "lines": [
    "back"
   ]
  }, 
  {
   "begin": "3.800", 
   "end": "4.440", 
   "id": "f000007", 
   "language": "en", 
   "lines": [
    "home"
   ]
  }, 
  {
   "begin": "4.440", 
   "end": "4.960", 
   "id": "f000008", 
   "language": "en", 
   "lines": [
    "to"
   ]
  }, 
  {
   "begin": "4.960", 
   "end": "5.320", 
   "id": "f000009", 
   "language": "en", 
   "lines": [
    "ask"
   ]
  }, 
  {
   "begin": "5.320", 
   "end": "5.680", 
   "id": "f000010", 
   "language": "en", 
   "lines": [
    "his"
   ]
  }, 
  {
   "begin": "5.680", 
   "end": "6.040", 
   "id": "f000011", 
   "language": "en", 
   "lines": [
    "wife"
   ]
  }, 
  {
   "begin": "6.040", 
   "end": "6.240", 
   "id": "f000012", 
   "language": "en", 
   "lines": [
    "for"
   ]
  }, 
  {
   "begin": "6.240", 
   "end": "7.000", 
   "id": "f000013", 
   "language": "en", 
   "lines": [
    "help."
   ]
  }
 ]
}