{
 "fragments": [
  {
   "begin": "0.000", 
   "end": "0.800", 
   "id": "f000001", 
   "language": "en", 
   "lines": [
    "Now"
   ]
  }, 
  {
   "begin": "0.800", 
   "end": "0.880", 
   "id": "f000002", 
   "language": "en", 
   "lines": [
    "a"
   ]
  }, 
  {
   "begin": "0.880", 
   "end": "1.160", 
   "id": "f000003", 
   "language": "en", 
   "lines": [
    "little"
   ]
  }, 
  {
   "begin": "1.160", 
   "end": "2.160", 
   "id": "f000004", 
   "language": "en", 
   "lines": [
    "worried,"
   ]
  }, 
  {
   "begin": "2.160", 
   "end": "2.760", 
   "id": "f000005", 
   "language": "en", 
   "lines": [
    "Sringeri"
   ]
  }, 
  {
   "begin": "2.760", 
   "end": "3.520", 
   "id": "f000006", 
   "language": "en", 
   "lines": [
    "Srinivas"
   ]
  }, 
  {
   "begin": "3.520", 
   "end": "3.720", 
   "id": "f000007", 
   "language": "en", 
   "lines": [
    "went"
   ]
  }, 
  {
   "begin": "3.720", 
   "end": "3.800", 
   "id": "f000008", 
   "language": "en", 
   "lines": [
    "to"
   ]
  }, 
  {
   "begin": "3.800", 
   "end": "4.160", 
   "id": "f000009", 
   "language": "en", 
   "lines": [
    "one"
   ]
  }, 
  {
   "begin": "4.160", 
   "end": "4.440", 
   "id": "f000010", 
   "language": "en", 
   "lines": [
    "more"
   ]
  }, 
  {
   "begin": "4.440", 
   "end": "5.320", 
   "id": "f000011", 
   "language": "en", 
   "lines": [
    "friend,"
   ]
  }, 
  {
   "begin": "5.320", 
   "end": "5.480", 
   "id": "f000012", 
   "language": "en", 
   "lines": [
    "the"
   ]
  }, 
  {
   "begin": "5.480", 
   "end": "6.560", 
   "id": "f000013", 
   "language": "en", 
   "lines": [
    "carpenter."
   ]
  }
 ]
}