{
 "fragments": [
  {
   "begin": "0.000", 
   "end": "0.680", 
   "id": "f000001", 
   "language": "en", 
   "lines": [
    "Feeling"
   ]
  }, 
  {
   "begin": "0.680", 
   "end": "0.880", 
   "id": "f000002", 
   "language": "en", 
   "lines": [
    "a"
   ]
  }, 
  {
   "begin": "0.880", 
   "end": "1.280", 
   "id": "f000003", 
   "language": "en", 
   "lines": [
    "little"
   ]
  }, 
  {
   "begin": "1.280", 
   "end": "2.240", 
   "id": "f000004", 
   "language": "en", 
   "lines": [
    "angry,"
   ]
  }, 
  {
   "begin": "2.240", 
   "end": "2.880", 
   "id": "f000005", 
   "language": "en", 
   "lines": [
    "Sringeri"
   ]
  }, 
  {
   "begin": "2.880", 
   "end": "3.640", 
   "id": "f000006", 
   "language": "en", 
   "lines": [
    "Srinivas"
   ]
  }, 
  {
   "begin": "3.640", 
   "end": "3.840", 
   "id": "f000007", 
   "language": "en", 
   "lines": [
    "went"
   ]
  }, 
  {
   "begin": "3.840", 
   "end": "3.920", 
   "id": "f000008", 
   "language": "en", 
   "lines": [
    "to"
   ]
  }, 
  {
   "begin": "3.920", 
   "end": "4.400", 
   "id": "f000009", 
   "language": "en", 
   "lines": [
    "his"
   ]
  }, 
  {
   "begin": "4.400", 
   "end": "5.240", 
   "id": "f000010", 
   "language": "en", 
   "lines": [
    "friend,"
   ]
  }, 
  {
   "begin": "5.240", 
   "end": "5.400", 
   "id": "f000011", 
   "language": "en", 
   "lines": [
    "the"
   ]
  }, 
  {
   "begin": "5.400", 
   "end": "6.280", 
   "id": "f000012", 
   "language": "en", 
   "lines": [
    "tailor."
   ]
  }
 ]
}