{
 "fragments": [
  {
   "begin": "0.000", 
   "end": "0.320", 
   "id": "f000001", 
   "language": "en", 
   "lines": [
    "Sringeri"
   ]
  }, 
  {
   "begin": "0.320", 
   "end": "1.920", 
   "id": "f000002", 
   "language": "en", 
   "lines": [
    "Srinivas"
   ]
  }, 
  {
   "begin": "1.920", 
   "end": "2.480", 
   "id": "f000003", 
   "language": "en", 
   "lines": [
    "ran"
   ]
  }, 
  {
   "begin": "2.480", 
   "end": "2.720", 
   "id": "f000004", 
   "language": "en", 
   "lines": [
    "all"
   ]
  }, 
  {
   "begin": "2.720", 
   "end": "2.920", 
   "id": "f000005", 
   "language": "en", 
   "lines": [
    "the"
   ]
  }, 
  {
   "begin": "2.920", 
   "end": "3.360", 
   "id": "f000006", 
   "language": "en", 
   "lines": [
    "way"
   ]
  }, 
  {
   "begin": "3.360", 
   "end": "3.560", 
   "id": "f000007", 
   "language": "en", 
   "lines": [
    "back"
   ]
  }, 
  {
   "begin": "3.560", 
   "end": "3.840", 
   "id": "f000008", 
   "language": "en", 
   "lines": [
    "to"
   ]
  }, 
  {
   "begin": "3.840", 
   "end": "3.960", 
   "id": "f000009", 
   "language": "en", 
   "lines": [
    "the"
   ]
  }, 
  {
   "begin": "3.960", 
   "end": "5.240", 
   "id": "f000010", 
   "language": "en", 
   "lines": [
    "village.\n"
   ]
  }, 
  {
   "begin": "5.240", 
   "end": "5.400", 
   "id": "f000011", 
   "language": "en", 
   "lines": [
    "The"
   ]
  }, 
  {
   "begin": "5.400", 
   "end": "5.920", 
   "id": "f000012", 
   "language": "en", 
   "lines": [
    "tiger"
   ]
  }, 
  {
   "begin": "5.920", 
   "end": "6.520", 
   "id": "f000013", 
   "language": "en", 
   "lines": [
    "went"
   ]
  }, 
  {
   "begin": "6.520", 
   "end": "6.720", 
   "id": "f000014", 
   "language": "en", 
   "lines": [
    "back"
   ]
  }, 
  {
   "begin": "6.720", 
   "end": "6.840", 
   "id": "f000015", 
   "language": "en", 
   "lines": [
    "to"
   ]
  }, 
  {
   "begin": "6.840", 
   "end": "7.600", 
   "id": "f000016", 
   "language": "en", 
   "lines": [
    "sleep."
   ]
  }
 ]
}