{
 "fragments": [
  {
   "begin": "0.000", 
   "end": "0.400", 
   "id": "f000001", 
   "language": "en", 
   "lines": [
    "He"
   ]
  }, 
  {
   "begin": "0.400", 
   "end": "0.800", 
   "id": "f000002", 
   "language": "en", 
   "lines": [
    "came"
   ]
  }, 
  {
   "begin": "0.800", 
   "end": "1.640", 
   "id": "f000003", 
   "language": "en", 
   "lines": [
    "out,"
   ]
  }, 
  {
   "begin": "1.640", 
   "end": "3.080", 
   "id": "f000004", 
   "language": "en", 
   "lines": [
    "roaring,"
   ]
  }, 
  {
   "begin": "3.080", 
   "end": "3.760", 
   "id": "f000005", 
   "language": "en", 
   "lines": [
    "waving"
   ]
  }, 
  {
   "begin": "3.760", 
   "end": "4.080", 
   "id": "f000006", 
   "language": "en", 
   "lines": [
    "his"
   ]
  }, 
  {
   "begin": "4.080", 
   "end": "4.640", 
   "id": "f000007", 
   "language": "en", 
   "lines": [
    "giant"
   ]
  }, 
  {
   "begin": "4.640", 
   "end": "5.280", 
   "id": "f000008", 
   "language": "en", 
   "lines": [
    "paws"
   ]
  }, 
  {
   "begin": "5.280", 
   "end": "5.440", 
   "id": "f000009", 
   "language": "en", 
   "lines": [
    "at"
   ]
  }, 
  {
   "begin": "5.440", 
   "end": "6.240", 
   "id": "f000010", 
   "language": "en", 
   "lines": [
    "Sringeri"
   ]
  }, 
  {
   "begin": "6.240", 
   "end": "7.440", 
   "id": "f000011", 
   "language": "en", 
   "lines": [
    "Srinivas."
   ]
  }
 ]
}