{
 "fragments": [
  {
   "begin": "0.000", 
   "end": "1.080", 
   "id": "f000001", 
   "language": "en", 
   "lines": [
    "Bheema"
   ]
  }, 
  {
   "begin": "1.080", 
   "end": "1.360", 
   "id": "f000002", 
   "language": "en", 
   "lines": [
    "was"
   ]
  }, 
  {
   "begin": "1.360", 
   "end": "2.120", 
   "id": "f000003", 
   "language": "en", 
   "lines": [
    "sad."
   ]
  }, 
  {
   "begin": "2.120", 
   "end": "3.960", 
   "id": "f000004", 
   "language": "en", 
   "lines": [
    "The"
   ]
  }, 
  {
   "begin": "3.960", 
   "end": "4.280", 
   "id": "f000005", 
   "language": "en", 
   "lines": [
    "next"
   ]
  }, 
  {
   "begin": "4.280", 
   "end": "4.520", 
   "id": "f000006", 
   "language": "en", 
   "lines": [
    "morning,"
   ]
  }, 
  {
   "begin": "4.520", 
   "end": "5.280", 
   "id": "f000007", 
   "language": "en", 
   "lines": [
    "a"
   ]
  }, 
  {
   "begin": "5.280", 
   "end": "5.680", 
   "id": "f000008", 
   "language": "en", 
   "lines": [
    "fly"
   ]
  }, 
  {
   "begin": "5.680", 
   "end": "6.080", 
   "id": "f000009", 
   "language": "en", 
   "lines": [
    "came"
   ]
  }, 
  {
   "begin": "6.080", 
   "end": "6.240", 
   "id": "f000010", 
   "language": "en", 
   "lines": [
    "and"
   ]
  }, 
  {
   "begin": "6.240", 
   "end": "7.040", 
   "id": "f000011", 
   "language": "en", 
   "lines": [
    "sat"
   ]
  }, 
  {
   "begin": "7.040", 
   "end": "7.280", 
   "id": "f000012", 
   "language": "en", 
   "lines": [
    "on"
   ]
  }, 
  {
   "begin": "7.280", 
   "end": "9.160", 
   "id": "f000013", 
   "language": "en", 
   "lines": [
    "his"
   ]
  }, 
  {
   "begin": "9.160", 
   "end": "9.560", 
   "id": "f000014", 
   "language": "en", 
   "lines": [
    "nose.\n"
   ]
  }, 
  {
   "begin": "9.560", 
   "end": "13.040", 
   "id": "f000015", 
   "language": "en", 
   "lines": [
    "\u201cAaah\u2026chhoooo\u2026"
   ]
  }, 
  {
   "begin": "13.040", 
   "end": "13.160", 
   "id": "f000016", 
   "language": "en", 
   "lines": [
    "ahchhoo!\u201d"
   ]
  }, 
  {
   "begin": "13.160", 
   "end": "13.200", 
   "id": "f000017", 
   "language": "en", 
   "lines": [
    "Bheema"
   ]
  }, 
  {
   "begin": "13.200", 
   "end": "13.400", 
   "id": "f000018", 
   "language": "en", 
   "lines": [
    "got"
   ]
  }, 
  {
   "begin": "13.400", 
   "end": "14.040", 
   "id": "f000019", 
   "language": "en", 
   "lines": [
    "up"
   ]
  }, 
  {
   "begin": "14.040", 
   "end": "14.160", 
   "id": "f000020", 
   "language": "en", 
   "lines": [
    "with"
   ]
  }, 
  {
   "begin": "14.160", 
   "end": "14.400", 
   "id": "f000021", 
   "language": "en", 
   "lines": [
    "a"
   ]
  }, 
  {
   "begin": "14.400", 
   "end": "14.600", 
   "id": "f000022", 
   "language": "en", 
   "lines": [
    "big"
   ]
  }, 
  {
   "begin": "14.600", 
   "end": "16.360", 
   "id": "f000023", 
   "language": "en", 
   "lines": [
    "sneeze."
   ]
  }
 ]
}