{
 "fragments": [
  {
   "begin": "0.000", 
   "end": "1.640", 
   "id": "f000001", 
   "language": "en", 
   "lines": [
    "\u201cWow!"
   ]
  }, 
  {
   "begin": "1.640", 
   "end": "1.800", 
   "id": "f000002", 
   "language": "en", 
   "lines": [
    "I"
   ]
  }, 
  {
   "begin": "1.800", 
   "end": "1.960", 
   "id": "f000003", 
   "language": "en", 
   "lines": [
    "woke"
   ]
  }, 
  {
   "begin": "1.960", 
   "end": "3.160", 
   "id": "f000004", 
   "language": "en", 
   "lines": [
    "up."
   ]
  }, 
  {
   "begin": "3.160", 
   "end": "3.360", 
   "id": "f000005", 
   "language": "en", 
   "lines": [
    "How"
   ]
  }, 
  {
   "begin": "3.360", 
   "end": "3.680", 
   "id": "f000006", 
   "language": "en", 
   "lines": [
    "did"
   ]
  }, 
  {
   "begin": "3.680", 
   "end": "3.800", 
   "id": "f000007", 
   "language": "en", 
   "lines": [
    "I"
   ]
  }, 
  {
   "begin": "3.800", 
   "end": "3.880", 
   "id": "f000008", 
   "language": "en", 
   "lines": [
    "wake"
   ]
  }, 
  {
   "begin": "3.880", 
   "end": "4.920", 
   "id": "f000009", 
   "language": "en", 
   "lines": [
    "up?\u201d"
   ]
  }, 
  {
   "begin": "4.920", 
   "end": "5.120", 
   "id": "f000010", 
   "language": "en", 
   "lines": [
    "he"
   ]
  }, 
  {
   "begin": "5.120", 
   "end": "5.400", 
   "id": "f000011", 
   "language": "en", 
   "lines": [
    "asked"
   ]
  }, 
  {
   "begin": "5.400", 
   "end": "5.600", 
   "id": "f000012", 
   "language": "en", 
   "lines": [
    "in"
   ]
  }, 
  {
   "begin": "5.600", 
   "end": "5.960", 
   "id": "f000013", 
   "language": "en", 
   "lines": [
    "wonder."
   ]
  }, 
  {
   "begin": "5.960", 
   "end": "8.120", 
   "id": "f000014", 
   "language": "en", 
   "lines": [
    "\u201cI"
   ]
  }, 
  {
   "begin": "8.120", 
   "end": "8.360", 
   "id": "f000015", 
   "language": "en", 
   "lines": [
    "woke"
   ]
  }, 
  {
   "begin": "8.360", 
   "end": "8.520", 
   "id": "f000016", 
   "language": "en", 
   "lines": [
    "you"
   ]
  }, 
  {
   "begin": "8.520", 
   "end": "8.600", 
   "id": "f000017", 
   "language": "en", 
   "lines": [
    "up,\u201d"
   ]
  }, 
  {
   "begin": "8.600", 
   "end": "9.240", 
   "id": "f000018", 
   "language": "en", 
   "lines": [
    "said"
   ]
  }, 
  {
   "begin": "9.240", 
   "end": "9.600", 
   "id": "f000019", 
   "language": "en", 
   "lines": [
    "the"
   ]
  }, 
  {
   "begin": "9.600", 
   "end": "11.160", 
   "id": "f000020", 
   "language": "en", 
   "lines": [
    "fly.\u201cWill"
   ]
  }, 
  {
   "begin": "11.160", 
   "end": "11.440", 
   "id": "f000021", 
   "language": "en", 
   "lines": [
    "you"
   ]
  }, 
  {
   "begin": "11.440", 
   "end": "11.720", 
   "id": "f000022", 
   "language": "en", 
   "lines": [
    "wake"
   ]
  }, 
  {
   "begin": "11.720", 
   "end": "11.880", 
   "id": "f000023", 
   "language": "en", 
   "lines": [
    "me"
   ]
  }, 
  {
   "begin": "11.880", 
   "end": "12.040", 
   "id": "f000024", 
   "language": "en", 
   "lines": [
    "up"
   ]
  }, 
  {
   "begin": "12.040", 
   "end": "12.320", 
   "id": "f000025", 
   "language": "en", 
   "lines": [
    "like"
   ]
  }, 
  {
   "begin": "12.320", 
   "end": "12.880", 
   "id": "f000026", 
   "language": "en", 
   "lines": [
    "this"
   ]
  }, 
  {
   "begin": "12.880", 
   "end": "13.440", 
   "id": "f000027", 
   "language": "en", 
   "lines": [
    "early"
   ]
  }, 
  {
   "begin": "13.440", 
   "end": "13.840", 
   "id": "f000028", 
   "language": "en", 
   "lines": [
    "every"
   ]
  }, 
  {
   "begin": "13.840", 
   "end": "14.240", 
   "id": "f000029", 
   "language": "en", 
   "lines": [
    "morning?\u201d\n"
   ]
  }, 
  {
   "begin": "14.240", 
   "end": "15.760", 
   "id": "f000030", 
   "language": "en", 
   "lines": [
    "\u201cSure,\u201d"
   ]
  }, 
  {
   "begin": "15.760", 
   "end": "16.360", 
   "id": "f000031", 
   "language": "en", 
   "lines": [
    "said"
   ]
  }, 
  {
   "begin": "16.360", 
   "end": "16.480", 
   "id": "f000032", 
   "language": "en", 
   "lines": [
    "the"
   ]
  }, 
  {
   "begin": "16.480", 
   "end": "16.800", 
   "id": "f000033", 
   "language": "en", 
   "lines": [
    "fly."
   ]
  }, 
  {
   "begin": "16.800", 
   "end": "18.440", 
   "id": "f000034", 
   "language": "en", 
   "lines": [
    "Bheema"
   ]
  }, 
  {
   "begin": "18.440", 
   "end": "18.680", 
   "id": "f000035", 
   "language": "en", 
   "lines": [
    "was"
   ]
  }, 
  {
   "begin": "18.680", 
   "end": "20.000", 
   "id": "f000036", 
   "language": "en", 
   "lines": [
    "happy."
   ]
  }, 
  {
   "begin": "20.000", 
   "end": "20.360", 
   "id": "f000037", 
   "language": "en", 
   "lines": [
    "Now"
   ]
  }, 
  {
   "begin": "20.360", 
   "end": "20.480", 
   "id": "f000038", 
   "language": "en", 
   "lines": [
    "he"
   ]
  }, 
  {
   "begin": "20.480", 
   "end": "20.600", 
   "id": "f000039", 
   "language": "en", 
   "lines": [
    "would"
   ]
  }, 
  {
   "begin": "20.600", 
   "end": "21.040", 
   "id": "f000040", 
   "language": "en", 
   "lines": [
    "have"
   ]
  }, 
  {
   "begin": "21.040", 
   "end": "21.240", 
   "id": "f000041", 
   "language": "en", 
   "lines": [
    "no"
   ]
  }, 
  {
   "begin": "21.240", 
   "end": "22.160", 
   "id": "f000042", 
   "language": "en", 
   "lines": [
    "problem"
   ]
  }, 
  {
   "begin": "22.160", 
   "end": "22.480", 
   "id": "f000043", 
   "language": "en", 
   "lines": [
    "getting"
   ]
  }, 
  {
   "begin": "22.480", 
   "end": "22.800", 
   "id": "f000044", 
   "language": "en", 
   "lines": [
    "up"
   ]
  }, 
  {
   "begin": "22.800", 
   "end": "24.040", 
   "id": "f000045", 
   "language": "en", 
   "lines": [
    "early"
   ]
  }, 
  {
   "begin": "24.040", 
   "end": "24.200", 
   "id": "f000046", 
   "language": "en", 
   "lines": [
    "every"
   ]
  }, 
  {
   "begin": "24.200", 
   "end": "24.760", 
   "id": "f000047", 
   "language": "en", 
   "lines": [
    "morning!"
   ]
  }
 ]
}