{
 "fragments": [
  {
   "begin": "0.000", 
   "end": "0.880", 
   "id": "f000001", 
   "language": "en", 
   "lines": [
    "One"
   ]
  }, 
  {
   "begin": "0.880", 
   "end": "1.680", 
   "id": "f000002", 
   "language": "en", 
   "lines": [
    "day,"
   ]
  }, 
  {
   "begin": "1.680", 
   "end": "2.040", 
   "id": "f000003", 
   "language": "en", 
   "lines": [
    "Gauri,"
   ]
  }, 
  {
   "begin": "2.040", 
   "end": "2.160", 
   "id": "f000004", 
   "language": "en", 
   "lines": [
    "the"
   ]
  }, 
  {
   "begin": "2.160", 
   "end": "2.960", 
   "id": "f000005", 
   "language": "en", 
   "lines": [
    "cow,"
   ]
  }, 
  {
   "begin": "2.960", 
   "end": "3.200", 
   "id": "f000006", 
   "language": "en", 
   "lines": [
    "asked"
   ]
  }, 
  {
   "begin": "3.200", 
   "end": "3.320", 
   "id": "f000007", 
   "language": "en", 
   "lines": [
    "him,"
   ]
  }, 
  {
   "begin": "3.320", 
   "end": "4.640", 
   "id": "f000008", 
   "language": "en", 
   "lines": [
    "\u201cBheema,"
   ]
  }, 
  {
   "begin": "4.640", 
   "end": "5.360", 
   "id": "f000009", 
   "language": "en", 
   "lines": [
    "why"
   ]
  }, 
  {
   "begin": "5.360", 
   "end": "5.680", 
   "id": "f000010", 
   "language": "en", 
   "lines": [
    "are"
   ]
  }, 
  {
   "begin": "5.680", 
   "end": "5.720", 
   "id": "f000011", 
   "language": "en", 
   "lines": [
    "you"
   ]
  }, 
  {
   "begin": "5.720", 
   "end": "5.840", 
   "id": "f000012", 
   "language": "en", 
   "lines": [
    "so"
   ]
  }, 
  {
   "begin": "5.840", 
   "end": "6.480", 
   "id": "f000013", 
   "language": "en", 
   "lines": [
    "sad?\u201d"
   ]
  }, 
  {
   "begin": "6.480", 
   "end": "8.040", 
   "id": "f000014", 
   "language": "en", 
   "lines": [
    "Bheema"
   ]
  }, 
  {
   "begin": "8.040", 
   "end": "8.320", 
   "id": "f000015", 
   "language": "en", 
   "lines": [
    "said,"
   ]
  }, 
  {
   "begin": "8.320", 
   "end": "9.600", 
   "id": "f000016", 
   "language": "en", 
   "lines": [
    "\u201cI"
   ]
  }, 
  {
   "begin": "9.600", 
   "end": "10.000", 
   "id": "f000017", 
   "language": "en", 
   "lines": [
    "cannot"
   ]
  }, 
  {
   "begin": "10.000", 
   "end": "10.240", 
   "id": "f000018", 
   "language": "en", 
   "lines": [
    "get"
   ]
  }, 
  {
   "begin": "10.240", 
   "end": "10.480", 
   "id": "f000019", 
   "language": "en", 
   "lines": [
    "up"
   ]
  }, 
  {
   "begin": "10.480", 
   "end": "11.520", 
   "id": "f000020", 
   "language": "en", 
   "lines": [
    "early"
   ]
  }, 
  {
   "begin": "11.520", 
   "end": "11.760", 
   "id": "f000021", 
   "language": "en", 
   "lines": [
    "and"
   ]
  }, 
  {
   "begin": "11.760", 
   "end": "12.120", 
   "id": "f000022", 
   "language": "en", 
   "lines": [
    "Ramu"
   ]
  }, 
  {
   "begin": "12.120", 
   "end": "12.800", 
   "id": "f000023", 
   "language": "en", 
   "lines": [
    "shouts"
   ]
  }, 
  {
   "begin": "12.800", 
   "end": "12.880", 
   "id": "f000024", 
   "language": "en", 
   "lines": [
    "at"
   ]
  }, 
  {
   "begin": "12.880", 
   "end": "13.280", 
   "id": "f000025", 
   "language": "en", 
   "lines": [
    "me"
   ]
  }, 
  {
   "begin": "13.280", 
   "end": "13.800", 
   "id": "f000026", 
   "language": "en", 
   "lines": [
    "every"
   ]
  }, 
  {
   "begin": "13.800", 
   "end": "15.320", 
   "id": "f000027", 
   "language": "en", 
   "lines": [
    "day."
   ]
  }, 
  {
   "begin": "15.320", 
   "end": "15.520", 
   "id": "f000028", 
   "language": "en", 
   "lines": [
    "Will"
   ]
  }, 
  {
   "begin": "15.520", 
   "end": "15.760", 
   "id": "f000029", 
   "language": "en", 
   "lines": [
    "you"
   ]
  }, 
  {
   "begin": "15.760", 
   "end": "16.000", 
   "id": "f000030", 
   "language": "en", 
   "lines": [
    "wake"
   ]
  }, 
  {
   "begin": "16.000", 
   "end": "16.200", 
   "id": "f000031", 
   "language": "en", 
   "lines": [
    "me"
   ]
  }, 
  {
   "begin": "16.200", 
   "end": "16.520", 
   "id": "f000032", 
   "language": "en", 
   "lines": [
    "up"
   ]
  }, 
  {
   "begin": "16.520", 
   "end": "16.880", 
   "id": "f000033", 
   "language": "en", 
   "lines": [
    "every"
   ]
  }, 
  {
   "begin": "16.880", 
   "end": "17.320", 
   "id": "f000034", 
   "language": "en", 
   "lines": [
    "morning,"
   ]
  }, 
  {
   "begin": "17.320", 
   "end": "17.800", 
   "id": "f000035", 
   "language": "en", 
   "lines": [
    "please?\u201d"
   ]
  }, 
  {
   "begin": "17.800", 
   "end": "19.480", 
   "id": "f000036", 
   "language": "en", 
   "lines": [
    "\u201cYes,"
   ]
  }, 
  {
   "begin": "19.480", 
   "end": "19.680", 
   "id": "f000037", 
   "language": "en", 
   "lines": [
    "I"
   ]
  }, 
  {
   "begin": "19.680", 
   "end": "20.520", 
   "id": "f000038", 
   "language": "en", 
   "lines": [
    "will,\u201d"
   ]
  }, 
  {
   "begin": "20.520", 
   "end": "20.800", 
   "id": "f000039", 
   "language": "en", 
   "lines": [
    "said"
   ]
  }, 
  {
   "begin": "20.800", 
   "end": "22.520", 
   "id": "f000040", 
   "language": "en", 
   "lines": [
    "Gauri."
   ]
  }, 
  {
   "begin": "22.520", 
   "end": "22.760", 
   "id": "f000041", 
   "language": "en", 
   "lines": [
    "Early"
   ]
  }, 
  {
   "begin": "22.760", 
   "end": "23.080", 
   "id": "f000042", 
   "language": "en", 
   "lines": [
    "next"
   ]
  }, 
  {
   "begin": "23.080", 
   "end": "24.080", 
   "id": "f000043", 
   "language": "en", 
   "lines": [
    "morning,"
   ]
  }, 
  {
   "begin": "24.080", 
   "end": "24.560", 
   "id": "f000044", 
   "language": "en", 
   "lines": [
    "Gauri"
   ]
  }, 
  {
   "begin": "24.560", 
   "end": "25.120", 
   "id": "f000045", 
   "language": "en", 
   "lines": [
    "mooed"
   ]
  }, 
  {
   "begin": "25.120", 
   "end": "26.480", 
   "id": "f000046", 
   "language": "en", 
   "lines": [
    "loudly,"
   ]
  }, 
  {
   "begin": "26.480", 
   "end": "26.600", 
   "id": "f000047", 
   "language": "en", 
   "lines": [
    "but"
   ]
  }, 
  {
   "begin": "26.600", 
   "end": "27.760", 
   "id": "f000048", 
   "language": "en", 
   "lines": [
    "Bheema"
   ]
  }, 
  {
   "begin": "27.760", 
   "end": "28.000", 
   "id": "f000049", 
   "language": "en", 
   "lines": [
    "did"
   ]
  }, 
  {
   "begin": "28.000", 
   "end": "28.400", 
   "id": "f000050", 
   "language": "en", 
   "lines": [
    "not"
   ]
  }, 
  {
   "begin": "28.400", 
   "end": "28.680", 
   "id": "f000051", 
   "language": "en", 
   "lines": [
    "wake"
   ]
  }, 
  {
   "begin": "28.680", 
   "end": "29.800", 
   "id": "f000052", 
   "language": "en", 
   "lines": [
    "up."
   ]
  }
 ]
}