{
 "fragments": [
  {
   "begin": "0.000", 
   "end": "1.480", 
   "id": "f000001", 
   "language": "en", 
   "lines": [
    "Bheema"
   ]
  }, 
  {
   "begin": "1.480", 
   "end": "1.880", 
   "id": "f000002", 
   "language": "en", 
   "lines": [
    "loves"
   ]
  }, 
  {
   "begin": "1.880", 
   "end": "2.000", 
   "id": "f000003", 
   "language": "en", 
   "lines": [
    "to"
   ]
  }, 
  {
   "begin": "2.000", 
   "end": "3.360", 
   "id": "f000004", 
   "language": "en", 
   "lines": [
    "sleep"
   ]
  }, 
  {
   "begin": "3.360", 
   "end": "3.600", 
   "id": "f000005", 
   "language": "en", 
   "lines": [
    "and"
   ]
  }, 
  {
   "begin": "3.600", 
   "end": "3.960", 
   "id": "f000006", 
   "language": "en", 
   "lines": [
    "just"
   ]
  }, 
  {
   "begin": "3.960", 
   "end": "4.600", 
   "id": "f000007", 
   "language": "en", 
   "lines": [
    "cannot"
   ]
  }, 
  {
   "begin": "4.600", 
   "end": "4.720", 
   "id": "f000008", 
   "language": "en", 
   "lines": [
    "get"
   ]
  }, 
  {
   "begin": "4.720", 
   "end": "4.920", 
   "id": "f000009", 
   "language": "en", 
   "lines": [
    "up"
   ]
  }, 
  {
   "begin": "4.920", 
   "end": "6.640", 
   "id": "f000010", 
   "language": "en", 
   "lines": [
    "early."
   ]
  }, 
  {
   "begin": "6.640", 
   "end": "7.000", 
   "id": "f000011", 
   "language": "en", 
   "lines": [
    "Ramu,"
   ]
  }, 
  {
   "begin": "7.000", 
   "end": "7.240", 
   "id": "f000012", 
   "language": "en", 
   "lines": [
    "the"
   ]
  }, 
  {
   "begin": "7.240", 
   "end": "8.200", 
   "id": "f000013", 
   "language": "en", 
   "lines": [
    "washerman,"
   ]
  }, 
  {
   "begin": "8.200", 
   "end": "8.800", 
   "id": "f000014", 
   "language": "en", 
   "lines": [
    "scolds"
   ]
  }, 
  {
   "begin": "8.800", 
   "end": "9.280", 
   "id": "f000015", 
   "language": "en", 
   "lines": [
    "Bheema"
   ]
  }, 
  {
   "begin": "9.280", 
   "end": "10.520", 
   "id": "f000016", 
   "language": "en", 
   "lines": [
    "often."
   ]
  }
 ]
}