{
 "fragments": [
  {
   "begin": "0.000", 
   "end": "1.000", 
   "id": "f000001", 
   "language": "en", 
   "lines": [
    "Coming"
   ]
  }, 
  {
   "begin": "1.000", 
   "end": "1.280", 
   "id": "f000002", 
   "language": "en", 
   "lines": [
    "back"
   ]
  }, 
  {
   "begin": "1.280", 
   "end": "1.440", 
   "id": "f000003", 
   "language": "en", 
   "lines": [
    "from"
   ]
  }, 
  {
   "begin": "1.440", 
   "end": "1.600", 
   "id": "f000004", 
   "language": "en", 
   "lines": [
    "the"
   ]
  }, 
  {
   "begin": "1.600", 
   "end": "2.120", 
   "id": "f000005", 
   "language": "en", 
   "lines": [
    "river"
   ]
  }, 
  {
   "begin": "2.120", 
   "end": "2.200", 
   "id": "f000006", 
   "language": "en", 
   "lines": [
    "in"
   ]
  }, 
  {
   "begin": "2.200", 
   "end": "2.560", 
   "id": "f000007", 
   "language": "en", 
   "lines": [
    "the"
   ]
  }, 
  {
   "begin": "2.560", 
   "end": "2.680", 
   "id": "f000008", 
   "language": "en", 
   "lines": [
    "evening,"
   ]
  }, 
  {
   "begin": "2.680", 
   "end": "3.880", 
   "id": "f000009", 
   "language": "en", 
   "lines": [
    "Bheema"
   ]
  }, 
  {
   "begin": "3.880", 
   "end": "4.200", 
   "id": "f000010", 
   "language": "en", 
   "lines": [
    "met"
   ]
  }, 
  {
   "begin": "4.200", 
   "end": "4.960", 
   "id": "f000011", 
   "language": "en", 
   "lines": [
    "Moti,"
   ]
  }, 
  {
   "begin": "4.960", 
   "end": "5.080", 
   "id": "f000012", 
   "language": "en", 
   "lines": [
    "the"
   ]
  }, 
  {
   "begin": "5.080", 
   "end": "5.400", 
   "id": "f000013", 
   "language": "en", 
   "lines": [
    "dog."
   ]
  }, 
  {
   "begin": "5.400", 
   "end": "7.040", 
   "id": "f000014", 
   "language": "en", 
   "lines": [
    "\u201cI"
   ]
  }, 
  {
   "begin": "7.040", 
   "end": "7.280", 
   "id": "f000015", 
   "language": "en", 
   "lines": [
    "can"
   ]
  }, 
  {
   "begin": "7.280", 
   "end": "7.600", 
   "id": "f000016", 
   "language": "en", 
   "lines": [
    "never"
   ]
  }, 
  {
   "begin": "7.600", 
   "end": "7.760", 
   "id": "f000017", 
   "language": "en", 
   "lines": [
    "get"
   ]
  }, 
  {
   "begin": "7.760", 
   "end": "7.920", 
   "id": "f000018", 
   "language": "en", 
   "lines": [
    "up"
   ]
  }, 
  {
   "begin": "7.920", 
   "end": "8.000", 
   "id": "f000019", 
   "language": "en", 
   "lines": [
    "in"
   ]
  }, 
  {
   "begin": "8.000", 
   "end": "8.160", 
   "id": "f000020", 
   "language": "en", 
   "lines": [
    "the"
   ]
  }, 
  {
   "begin": "8.160", 
   "end": "8.680", 
   "id": "f000021", 
   "language": "en", 
   "lines": [
    "morning"
   ]
  }, 
  {
   "begin": "8.680", 
   "end": "8.840", 
   "id": "f000022", 
   "language": "en", 
   "lines": [
    "on"
   ]
  }, 
  {
   "begin": "8.840", 
   "end": "10.480", 
   "id": "f000023", 
   "language": "en", 
   "lines": [
    "time."
   ]
  }, 
  {
   "begin": "10.480", 
   "end": "10.760", 
   "id": "f000024", 
   "language": "en", 
   "lines": [
    "Will"
   ]
  }, 
  {
   "begin": "10.760", 
   "end": "11.000", 
   "id": "f000025", 
   "language": "en", 
   "lines": [
    "you"
   ]
  }, 
  {
   "begin": "11.000", 
   "end": "11.280", 
   "id": "f000026", 
   "language": "en", 
   "lines": [
    "wake"
   ]
  }, 
  {
   "begin": "11.280", 
   "end": "11.440", 
   "id": "f000027", 
   "language": "en", 
   "lines": [
    "me"
   ]
  }, 
  {
   "begin": "11.440", 
   "end": "12.600", 
   "id": "f000028", 
   "language": "en", 
   "lines": [
    "up?\u201d"
   ]
  }, 
  {
   "begin": "12.600", 
   "end": "12.960", 
   "id": "f000029", 
   "language": "en", 
   "lines": [
    "Bheema"
   ]
  }, 
  {
   "begin": "12.960", 
   "end": "13.320", 
   "id": "f000030", 
   "language": "en", 
   "lines": [
    "asked"
   ]
  }, 
  {
   "begin": "13.320", 
   "end": "13.600", 
   "id": "f000031", 
   "language": "en", 
   "lines": [
    "Moti."
   ]
  }, 
  {
   "begin": "13.600", 
   "end": "15.360", 
   "id": "f000032", 
   "language": "en", 
   "lines": [
    "\u201cYes,"
   ]
  }, 
  {
   "begin": "15.360", 
   "end": "15.600", 
   "id": "f000033", 
   "language": "en", 
   "lines": [
    "I"
   ]
  }, 
  {
   "begin": "15.600", 
   "end": "16.520", 
   "id": "f000034", 
   "language": "en", 
   "lines": [
    "will,\u201d"
   ]
  }, 
  {
   "begin": "16.520", 
   "end": "16.800", 
   "id": "f000035", 
   "language": "en", 
   "lines": [
    "said"
   ]
  }, 
  {
   "begin": "16.800", 
   "end": "16.920", 
   "id": "f000036", 
   "language": "en", 
   "lines": [
    "Moti"
   ]
  }, 
  {
   "begin": "16.920", 
   "end": "18.560", 
   "id": "f000037", 
   "language": "en", 
   "lines": [
    "and"
   ]
  }, 
  {
   "begin": "18.560", 
   "end": "18.720", 
   "id": "f000038", 
   "language": "en", 
   "lines": [
    "the"
   ]
  }, 
  {
   "begin": "18.720", 
   "end": "19.000", 
   "id": "f000039", 
   "language": "en", 
   "lines": [
    "next"
   ]
  }, 
  {
   "begin": "19.000", 
   "end": "19.280", 
   "id": "f000040", 
   "language": "en", 
   "lines": [
    "morning"
   ]
  }, 
  {
   "begin": "19.280", 
   "end": "20.000", 
   "id": "f000041", 
   "language": "en", 
   "lines": [
    "he"
   ]
  }, 
  {
   "begin": "20.000", 
   "end": "20.480", 
   "id": "f000042", 
   "language": "en", 
   "lines": [
    "barked"
   ]
  }, 
  {
   "begin": "20.480", 
   "end": "20.800", 
   "id": "f000043", 
   "language": "en", 
   "lines": [
    "and"
   ]
  }, 
  {
   "begin": "20.800", 
   "end": "22.000", 
   "id": "f000044", 
   "language": "en", 
   "lines": [
    "barked"
   ]
  }, 
  {
   "begin": "22.000", 
   "end": "22.360", 
   "id": "f000045", 
   "language": "en", 
   "lines": [
    "but"
   ]
  }, 
  {
   "begin": "22.360", 
   "end": "22.680", 
   "id": "f000046", 
   "language": "en", 
   "lines": [
    "did"
   ]
  }, 
  {
   "begin": "22.680", 
   "end": "23.000", 
   "id": "f000047", 
   "language": "en", 
   "lines": [
    "Bheema"
   ]
  }, 
  {
   "begin": "23.000", 
   "end": "23.240", 
   "id": "f000048", 
   "language": "en", 
   "lines": [
    "wake"
   ]
  }, 
  {
   "begin": "23.240", 
   "end": "24.520", 
   "id": "f000049", 
   "language": "en", 
   "lines": [
    "up?"
   ]
  }, 
  {
   "begin": "24.520", 
   "end": "24.760", 
   "id": "f000050", 
   "language": "en", 
   "lines": [
    "No"
   ]
  }, 
  {
   "begin": "24.760", 
   "end": "26.200", 
   "id": "f000051", 
   "language": "en", 
   "lines": [
    "Sir!"
   ]
  }
 ]
}