{
 "fragments": [
  {
   "begin": "0.000", 
   "end": "1.360", 
   "id": "f000001", 
   "language": "en", 
   "lines": [
    "That"
   ]
  }, 
  {
   "begin": "1.360", 
   "end": "2.240", 
   "id": "f000002", 
   "language": "en", 
   "lines": [
    "evening"
   ]
  }, 
  {
   "begin": "2.240", 
   "end": "2.640", 
   "id": "f000003", 
   "language": "en", 
   "lines": [
    "Bheema"
   ]
  }, 
  {
   "begin": "2.640", 
   "end": "2.800", 
   "id": "f000004", 
   "language": "en", 
   "lines": [
    "met"
   ]
  }, 
  {
   "begin": "2.800", 
   "end": "3.760", 
   "id": "f000005", 
   "language": "en", 
   "lines": [
    "Cheenu,"
   ]
  }, 
  {
   "begin": "3.760", 
   "end": "4.000", 
   "id": "f000006", 
   "language": "en", 
   "lines": [
    "the"
   ]
  }, 
  {
   "begin": "4.000", 
   "end": "5.640", 
   "id": "f000007", 
   "language": "en", 
   "lines": [
    "rooster."
   ]
  }, 
  {
   "begin": "5.640", 
   "end": "5.760", 
   "id": "f000008", 
   "language": "en", 
   "lines": [
    "He"
   ]
  }, 
  {
   "begin": "5.760", 
   "end": "6.000", 
   "id": "f000009", 
   "language": "en", 
   "lines": [
    "said"
   ]
  }, 
  {
   "begin": "6.000", 
   "end": "6.200", 
   "id": "f000010", 
   "language": "en", 
   "lines": [
    "to"
   ]
  }, 
  {
   "begin": "6.200", 
   "end": "6.640", 
   "id": "f000011", 
   "language": "en", 
   "lines": [
    "Cheenu,"
   ]
  }, 
  {
   "begin": "6.640", 
   "end": "7.960", 
   "id": "f000012", 
   "language": "en", 
   "lines": [
    "\u201cYou"
   ]
  }, 
  {
   "begin": "7.960", 
   "end": "8.400", 
   "id": "f000013", 
   "language": "en", 
   "lines": [
    "crow"
   ]
  }, 
  {
   "begin": "8.400", 
   "end": "8.440", 
   "id": "f000014", 
   "language": "en", 
   "lines": [
    "in"
   ]
  }, 
  {
   "begin": "8.440", 
   "end": "8.560", 
   "id": "f000015", 
   "language": "en", 
   "lines": [
    "the"
   ]
  }, 
  {
   "begin": "8.560", 
   "end": "9.520", 
   "id": "f000016", 
   "language": "en", 
   "lines": [
    "morning"
   ]
  }, 
  {
   "begin": "9.520", 
   "end": "9.920", 
   "id": "f000017", 
   "language": "en", 
   "lines": [
    "and"
   ]
  }, 
  {
   "begin": "9.920", 
   "end": "10.640", 
   "id": "f000018", 
   "language": "en", 
   "lines": [
    "everybody"
   ]
  }, 
  {
   "begin": "10.640", 
   "end": "11.040", 
   "id": "f000019", 
   "language": "en", 
   "lines": [
    "wakes"
   ]
  }, 
  {
   "begin": "11.040", 
   "end": "12.320", 
   "id": "f000020", 
   "language": "en", 
   "lines": [
    "up."
   ]
  }, 
  {
   "begin": "12.320", 
   "end": "12.520", 
   "id": "f000021", 
   "language": "en", 
   "lines": [
    "Will"
   ]
  }, 
  {
   "begin": "12.520", 
   "end": "12.680", 
   "id": "f000022", 
   "language": "en", 
   "lines": [
    "you"
   ]
  }, 
  {
   "begin": "12.680", 
   "end": "12.760", 
   "id": "f000023", 
   "language": "en", 
   "lines": [
    "wake"
   ]
  }, 
  {
   "begin": "12.760", 
   "end": "13.160", 
   "id": "f000024", 
   "language": "en", 
   "lines": [
    "me"
   ]
  }, 
  {
   "begin": "13.160", 
   "end": "13.240", 
   "id": "f000025", 
   "language": "en", 
   "lines": [
    "up"
   ]
  }, 
  {
   "begin": "13.240", 
   "end": "13.640", 
   "id": "f000026", 
   "language": "en", 
   "lines": [
    "too?\u201d\n"
   ]
  }, 
  {
   "begin": "13.640", 
   "end": "15.680", 
   "id": "f000027", 
   "language": "en", 
   "lines": [
    "Cheenu"
   ]
  }, 
  {
   "begin": "15.680", 
   "end": "16.080", 
   "id": "f000028", 
   "language": "en", 
   "lines": [
    "agreed."
   ]
  }, 
  {
   "begin": "16.080", 
   "end": "17.320", 
   "id": "f000029", 
   "language": "en", 
   "lines": [
    "The"
   ]
  }, 
  {
   "begin": "17.320", 
   "end": "17.640", 
   "id": "f000030", 
   "language": "en", 
   "lines": [
    "next"
   ]
  }, 
  {
   "begin": "17.640", 
   "end": "18.000", 
   "id": "f000031", 
   "language": "en", 
   "lines": [
    "morning,"
   ]
  }, 
  {
   "begin": "18.000", 
   "end": "19.000", 
   "id": "f000032", 
   "language": "en", 
   "lines": [
    "Cheenu"
   ]
  }, 
  {
   "begin": "19.000", 
   "end": "19.920", 
   "id": "f000033", 
   "language": "en", 
   "lines": [
    "crowed"
   ]
  }, 
  {
   "begin": "19.920", 
   "end": "20.600", 
   "id": "f000034", 
   "language": "en", 
   "lines": [
    "long"
   ]
  }, 
  {
   "begin": "20.600", 
   "end": "20.840", 
   "id": "f000035", 
   "language": "en", 
   "lines": [
    "and"
   ]
  }, 
  {
   "begin": "20.840", 
   "end": "21.920", 
   "id": "f000036", 
   "language": "en", 
   "lines": [
    "loud,"
   ]
  }, 
  {
   "begin": "21.920", 
   "end": "22.240", 
   "id": "f000037", 
   "language": "en", 
   "lines": [
    "but"
   ]
  }, 
  {
   "begin": "22.240", 
   "end": "22.720", 
   "id": "f000038", 
   "language": "en", 
   "lines": [
    "Bheema"
   ]
  }, 
  {
   "begin": "22.720", 
   "end": "23.560", 
   "id": "f000039", 
   "language": "en", 
   "lines": [
    "did"
   ]
  }, 
  {
   "begin": "23.560", 
   "end": "23.960", 
   "id": "f000040", 
   "language": "en", 
   "lines": [
    "not"
   ]
  }, 
  {
   "begin": "23.960", 
   "end": "24.320", 
   "id": "f000041", 
   "language": "en", 
   "lines": [
    "wake"
   ]
  }, 
  {
   "begin": "24.320", 
   "end": "25.160", 
   "id": "f000042", 
   "language": "en", 
   "lines": [
    "up."
   ]
  }
 ]
}