{
 "fragments": [
  {
   "begin": "0.000", 
   "end": "0.800", 
   "id": "f000001", 
   "language": "en", 
   "lines": [
    "The"
   ]
  }, 
  {
   "begin": "0.800", 
   "end": "1.480", 
   "id": "f000002", 
   "language": "en", 
   "lines": [
    "next"
   ]
  }, 
  {
   "begin": "1.480", 
   "end": "2.400", 
   "id": "f000003", 
   "language": "en", 
   "lines": [
    "evening,"
   ]
  }, 
  {
   "begin": "2.400", 
   "end": "2.680", 
   "id": "f000004", 
   "language": "en", 
   "lines": [
    "Bheema"
   ]
  }, 
  {
   "begin": "2.680", 
   "end": "3.000", 
   "id": "f000005", 
   "language": "en", 
   "lines": [
    "saw"
   ]
  }, 
  {
   "begin": "3.000", 
   "end": "3.480", 
   "id": "f000006", 
   "language": "en", 
   "lines": [
    "Kalu,"
   ]
  }, 
  {
   "begin": "3.480", 
   "end": "3.800", 
   "id": "f000007", 
   "language": "en", 
   "lines": [
    "the"
   ]
  }, 
  {
   "begin": "3.800", 
   "end": "4.160", 
   "id": "f000008", 
   "language": "en", 
   "lines": [
    "crow,"
   ]
  }, 
  {
   "begin": "4.160", 
   "end": "5.320", 
   "id": "f000009", 
   "language": "en", 
   "lines": [
    "cawing"
   ]
  }, 
  {
   "begin": "5.320", 
   "end": "5.560", 
   "id": "f000010", 
   "language": "en", 
   "lines": [
    "away"
   ]
  }, 
  {
   "begin": "5.560", 
   "end": "6.040", 
   "id": "f000011", 
   "language": "en", 
   "lines": [
    "happily."
   ]
  }, 
  {
   "begin": "6.040", 
   "end": "8.480", 
   "id": "f000012", 
   "language": "en", 
   "lines": [
    "\u201cKalu,"
   ]
  }, 
  {
   "begin": "8.480", 
   "end": "8.680", 
   "id": "f000013", 
   "language": "en", 
   "lines": [
    "will"
   ]
  }, 
  {
   "begin": "8.680", 
   "end": "8.840", 
   "id": "f000014", 
   "language": "en", 
   "lines": [
    "you"
   ]
  }, 
  {
   "begin": "8.840", 
   "end": "9.120", 
   "id": "f000015", 
   "language": "en", 
   "lines": [
    "wake"
   ]
  }, 
  {
   "begin": "9.120", 
   "end": "9.280", 
   "id": "f000016", 
   "language": "en", 
   "lines": [
    "me"
   ]
  }, 
  {
   "begin": "9.280", 
   "end": "9.320", 
   "id": "f000017", 
   "language": "en", 
   "lines": [
    "up"
   ]
  }, 
  {
   "begin": "9.320", 
   "end": "9.360", 
   "id": "f000018", 
   "language": "en", 
   "lines": [
    "in"
   ]
  }, 
  {
   "begin": "9.360", 
   "end": "9.560", 
   "id": "f000019", 
   "language": "en", 
   "lines": [
    "the"
   ]
  }, 
  {
   "begin": "9.560", 
   "end": "10.000", 
   "id": "f000020", 
   "language": "en", 
   "lines": [
    "morning,"
   ]
  }, 
  {
   "begin": "10.000", 
   "end": "11.200", 
   "id": "f000021", 
   "language": "en", 
   "lines": [
    "please?\u201d"
   ]
  }, 
  {
   "begin": "11.200", 
   "end": "11.320", 
   "id": "f000022", 
   "language": "en", 
   "lines": [
    "he"
   ]
  }, 
  {
   "begin": "11.320", 
   "end": "11.680", 
   "id": "f000023", 
   "language": "en", 
   "lines": [
    "asked."
   ]
  }, 
  {
   "begin": "11.680", 
   "end": "13.160", 
   "id": "f000024", 
   "language": "en", 
   "lines": [
    "Kalu"
   ]
  }, 
  {
   "begin": "13.160", 
   "end": "13.440", 
   "id": "f000025", 
   "language": "en", 
   "lines": [
    "said,"
   ]
  }, 
  {
   "begin": "13.440", 
   "end": "14.600", 
   "id": "f000026", 
   "language": "en", 
   "lines": [
    "\u201cWhy"
   ]
  }, 
  {
   "begin": "14.600", 
   "end": "15.760", 
   "id": "f000027", 
   "language": "en", 
   "lines": [
    "not?"
   ]
  }, 
  {
   "begin": "15.760", 
   "end": "15.880", 
   "id": "f000028", 
   "language": "en", 
   "lines": [
    "I"
   ]
  }, 
  {
   "begin": "15.880", 
   "end": "16.040", 
   "id": "f000029", 
   "language": "en", 
   "lines": [
    "will"
   ]
  }, 
  {
   "begin": "16.040", 
   "end": "17.000", 
   "id": "f000030", 
   "language": "en", 
   "lines": [
    "caw"
   ]
  }, 
  {
   "begin": "17.000", 
   "end": "17.280", 
   "id": "f000031", 
   "language": "en", 
   "lines": [
    "and"
   ]
  }, 
  {
   "begin": "17.280", 
   "end": "17.520", 
   "id": "f000032", 
   "language": "en", 
   "lines": [
    "wake"
   ]
  }, 
  {
   "begin": "17.520", 
   "end": "17.640", 
   "id": "f000033", 
   "language": "en", 
   "lines": [
    "you"
   ]
  }, 
  {
   "begin": "17.640", 
   "end": "19.120", 
   "id": "f000034", 
   "language": "en", 
   "lines": [
    "up.\u201d"
   ]
  }, 
  {
   "begin": "19.120", 
   "end": "19.240", 
   "id": "f000035", 
   "language": "en", 
   "lines": [
    "The"
   ]
  }, 
  {
   "begin": "19.240", 
   "end": "19.560", 
   "id": "f000036", 
   "language": "en", 
   "lines": [
    "next"
   ]
  }, 
  {
   "begin": "19.560", 
   "end": "19.960", 
   "id": "f000037", 
   "language": "en", 
   "lines": [
    "morning"
   ]
  }, 
  {
   "begin": "19.960", 
   "end": "20.880", 
   "id": "f000038", 
   "language": "en", 
   "lines": [
    "Kalu"
   ]
  }, 
  {
   "begin": "20.880", 
   "end": "21.680", 
   "id": "f000039", 
   "language": "en", 
   "lines": [
    "cawed"
   ]
  }, 
  {
   "begin": "21.680", 
   "end": "22.080", 
   "id": "f000040", 
   "language": "en", 
   "lines": [
    "all"
   ]
  }, 
  {
   "begin": "22.080", 
   "end": "22.200", 
   "id": "f000041", 
   "language": "en", 
   "lines": [
    "he"
   ]
  }, 
  {
   "begin": "22.200", 
   "end": "22.480", 
   "id": "f000042", 
   "language": "en", 
   "lines": [
    "could"
   ]
  }, 
  {
   "begin": "22.480", 
   "end": "23.800", 
   "id": "f000043", 
   "language": "en", 
   "lines": [
    "but"
   ]
  }, 
  {
   "begin": "23.800", 
   "end": "24.760", 
   "id": "f000044", 
   "language": "en", 
   "lines": [
    "Bheema"
   ]
  }, 
  {
   "begin": "24.760", 
   "end": "24.960", 
   "id": "f000045", 
   "language": "en", 
   "lines": [
    "did"
   ]
  }, 
  {
   "begin": "24.960", 
   "end": "25.280", 
   "id": "f000046", 
   "language": "en", 
   "lines": [
    "not"
   ]
  }, 
  {
   "begin": "25.280", 
   "end": "25.520", 
   "id": "f000047", 
   "language": "en", 
   "lines": [
    "wake"
   ]
  }, 
  {
   "begin": "25.520", 
   "end": "26.600", 
   "id": "f000048", 
   "language": "en", 
   "lines": [
    "up."
   ]
  }
 ]
}