{
 "fragments": [
  {
   "begin": "0.000", 
   "end": "0.720", 
   "id": "f000001", 
   "language": "en", 
   "lines": [
    "On"
   ]
  }, 
  {
   "begin": "0.720", 
   "end": "1.440", 
   "id": "f000002", 
   "language": "en", 
   "lines": [
    "Sunday,"
   ]
  }, 
  {
   "begin": "1.440", 
   "end": "2.280", 
   "id": "f000003", 
   "language": "en", 
   "lines": [
    "Manu\u2019s"
   ]
  }, 
  {
   "begin": "2.280", 
   "end": "3.120", 
   "id": "f000004", 
   "language": "en", 
   "lines": [
    "parents"
   ]
  }, 
  {
   "begin": "3.120", 
   "end": "3.360", 
   "id": "f000005", 
   "language": "en", 
   "lines": [
    "got"
   ]
  }, 
  {
   "begin": "3.360", 
   "end": "3.560", 
   "id": "f000006", 
   "language": "en", 
   "lines": [
    "him"
   ]
  }, 
  {
   "begin": "3.560", 
   "end": "3.640", 
   "id": "f000007", 
   "language": "en", 
   "lines": [
    "a"
   ]
  }, 
  {
   "begin": "3.640", 
   "end": "4.120", 
   "id": "f000008", 
   "language": "en", 
   "lines": [
    "red"
   ]
  }, 
  {
   "begin": "4.120", 
   "end": "4.880", 
   "id": "f000009", 
   "language": "en", 
   "lines": [
    "raincoat."
   ]
  }, 
  {
   "begin": "4.880", 
   "end": "5.720", 
   "id": "f000010", 
   "language": "en", 
   "lines": [
    "\u201cMa,"
   ]
  }, 
  {
   "begin": "5.720", 
   "end": "6.280", 
   "id": "f000011", 
   "language": "en", 
   "lines": [
    "may"
   ]
  }, 
  {
   "begin": "6.280", 
   "end": "6.680", 
   "id": "f000012", 
   "language": "en", 
   "lines": [
    "I"
   ]
  }, 
  {
   "begin": "6.680", 
   "end": "7.240", 
   "id": "f000013", 
   "language": "en", 
   "lines": [
    "wear"
   ]
  }, 
  {
   "begin": "7.240", 
   "end": "7.240", 
   "id": "f000014", 
   "language": "en", 
   "lines": [
    "it"
   ]
  }, 
  {
   "begin": "7.240", 
   "end": "7.800", 
   "id": "f000015", 
   "language": "en", 
   "lines": [
    "now?\u201d"
   ]
  }, 
  {
   "begin": "7.800", 
   "end": "8.320", 
   "id": "f000016", 
   "language": "en", 
   "lines": [
    "asked"
   ]
  }, 
  {
   "begin": "8.320", 
   "end": "8.920", 
   "id": "f000017", 
   "language": "en", 
   "lines": [
    "Manu."
   ]
  }, 
  {
   "begin": "8.920", 
   "end": "9.920", 
   "id": "f000018", 
   "language": "en", 
   "lines": [
    "\u201cNo,"
   ]
  }, 
  {
   "begin": "9.920", 
   "end": "10.160", 
   "id": "f000019", 
   "language": "en", 
   "lines": [
    "my"
   ]
  }, 
  {
   "begin": "10.160", 
   "end": "10.480", 
   "id": "f000020", 
   "language": "en", 
   "lines": [
    "dear,"
   ]
  }, 
  {
   "begin": "10.480", 
   "end": "10.880", 
   "id": "f000021", 
   "language": "en", 
   "lines": [
    "the"
   ]
  }, 
  {
   "begin": "10.880", 
   "end": "11.680", 
   "id": "f000022", 
   "language": "en", 
   "lines": [
    "rains"
   ]
  }, 
  {
   "begin": "11.680", 
   "end": "12.440", 
   "id": "f000023", 
   "language": "en", 
   "lines": [
    "are"
   ]
  }, 
  {
   "begin": "12.440", 
   "end": "12.640", 
   "id": "f000024", 
   "language": "en", 
   "lines": [
    "near,"
   ]
  }, 
  {
   "begin": "12.640", 
   "end": "12.720", 
   "id": "f000025", 
   "language": "en", 
   "lines": [
    "but"
   ]
  }, 
  {
   "begin": "12.720", 
   "end": "13.120", 
   "id": "f000026", 
   "language": "en", 
   "lines": [
    "just"
   ]
  }, 
  {
   "begin": "13.120", 
   "end": "13.520", 
   "id": "f000027", 
   "language": "en", 
   "lines": [
    "now"
   ]
  }, 
  {
   "begin": "13.520", 
   "end": "13.840", 
   "id": "f000028", 
   "language": "en", 
   "lines": [
    "the"
   ]
  }, 
  {
   "begin": "13.840", 
   "end": "14.400", 
   "id": "f000029", 
   "language": "en", 
   "lines": [
    "sky"
   ]
  }, 
  {
   "begin": "14.400", 
   "end": "14.600", 
   "id": "f000030", 
   "language": "en", 
   "lines": [
    "is"
   ]
  }, 
  {
   "begin": "14.600", 
   "end": "15.520", 
   "id": "f000031", 
   "language": "en", 
   "lines": [
    "clear,\u201d"
   ]
  }, 
  {
   "begin": "15.520", 
   "end": "15.920", 
   "id": "f000032", 
   "language": "en", 
   "lines": [
    "said"
   ]
  }, 
  {
   "begin": "15.920", 
   "end": "17.000", 
   "id": "f000033", 
   "language": "en", 
   "lines": [
    "Ma."
   ]
  }
 ]
}