{"id":204,"name":"Naughty Bittu","writtenby":"","illustrationsby":"","translationby":"","source":"","status":"active","level":1,"pages":[{"id":2174,"content":"Bittu was a naughty bear. One day, he saw Kittu monkey sleeping on a tree.","pageno":1,"image":"ac575d7d3802a941e14b625f55139aff.png","audio":"41251cf654c4a7add046a468babf24d3.mp3","audio_map":"b9e6a54f0c91e6bc300873424b9fe6c6.json","language":[]},{"id":2184,"content":"'I'll make him fall off the tree,' Bittu decided. He shook the tree vigorously.","pageno":2,"image":"d53a8a9b2d675d0bfe3c0ece9144846a.png","audio":"cb511bee7fd6694e0678cea2dfe6a0c0.mp3","audio_map":"2167b44b62c20341607b1135c05c7e5f.json","language":[]},{"id":2194,"content":"Kittu woke up, and jumped onto a nearby tree.","pageno":3,"image":"696bbca421ed0da3f611034970ec9a34.png","audio":"4dfd422dc74847466d5c23dd7aecb990.mp3","audio_map":"b6e01a041346f5a710005a94131e0b42.json","language":[]},{"id":2204,"content":"A branch from the tree broke, and fell on naughty Bittu, who ran off in shame.","pageno":4,"image":"db492ea41d28f0cfa3f35be1a981bc66.png","audio":"5ceecf7b94a7928724abf1229f389e5a.mp3","audio_map":"35135dbe8ed928261e705a3274f191f2.json","language":[]}],"language":[],"questions":[{"id":7564,"type":"pre","storypage_id":0,"order_number":1,"title":"Vocabulary","question":{"question_type":"vocabulary","question":{"text":"","image":"","type":""},"words":[{"word":"tree","image":"7a8cda021045144fe8a46cfabb0752ec.png"},{"word":"shake","image":"a455b971acec9654e82a1d91e16eac3f.png"},{"word":"jumped","image":"132b4cf428096fde3e51ce2852e9ddef.png"},{"word":"branch","image":"f1015a62f79e7c27c1b440315bfea4f2.png"}]},"score":1,"question_template_id":21,"question_template":"Vocab"},{"id":7614,"type":"post","storypage_id":0,"order_number":1,"title":"Let's try speaking.","question":{"question_type":"conversation","question":{"text":"Bittu goes home and tells his mother about what happened. This is what they say to each other.","image":"","type":"text"},"conversation":[{"sentence":"Mummy, I'm hurt!","image":"","question":0},{"sentence":"Why are you hurt Bittu? What happened?","image":"","question":0},{"sentence":"WHAT DOES BITTU SAY?","image":"","question":1},{"sentence":"That was a bad thing Bittu! I hope your learnt your lesson!","image":"","question":0}]},"score":1,"question_template_id":6,"question_template":"Conversation"},{"id":7574,"type":"during","storypage_id":2174,"order_number":1,"title":"Choose the correct answer.","question":{"question_type":"mcq_single_answer","question":{"text":"What was the bear's name?","image":"","type":"text"},"options":[{"text":"Bittu","type":"text","image":"","ans":1},{"text":"Kittu","type":"text","image":"","ans":0},{"text":"Nittu","type":"text","image":"","ans":0},{"text":"Littu","type":"text","image":"","ans":0}],"answers":["Bittu"]},"score":1,"question_template_id":2,"question_template":"Text MCQ"},{"id":7584,"type":"during","storypage_id":2174,"order_number":2,"title":"Choose the correct answer.","question":{"question_type":"mcq_single_answer","question":{"text":"What was the monkey's name?","image":"","type":"text"},"options":[{"text":"Kittu","type":"text","image":"","ans":1},{"text":"Bittu","type":"text","image":"","ans":0},{"text":"Nittu","type":"text","image":"","ans":0},{"text":"Littu","type":"text","image":"","ans":0}],"answers":["Kittu"]},"score":1,"question_template_id":2,"question_template":"Text MCQ"},{"id":7585,"type":"during","storypage_id":2184,"order_number":3,"title":"Choose the correct answer.","question":{"question_type":"mcq_single_answer","question":{"text":"What did Bittu want to do to Kittu?","image":"","type":"text"},"options":[{"text":"Shake him off the tree.","type":"text","image":"","ans":1},{"text":"Eat Kittu.","type":"text","image":"","ans":0},{"text":"Fight with Kittu.","type":"text","image":"","ans":0},{"text":"Make Kittu sick.","type":"text","image":"","ans":0}],"answers":["Shake him off the tree."]},"score":1,"question_template_id":2,"question_template":"Text MCQ"},{"id":7604,"type":"during","storypage_id":2204,"order_number":4,"title":"Choose the correct answer.","question":{"question_type":"mcq_single_answer","question":{"text":"What happened to Bittu in the end?","image":"","type":"text"},"options":[{"text":"He got hit by a branch.","type":"text","image":"","ans":1},{"text":"He fell asleep.","type":"text","image":"","ans":0},{"text":"He ate Kittu.","type":"text","image":"","ans":0},{"text":"He went to a circus.","type":"text","image":"","ans":0}],"answers":["He got hit by a branch."]},"score":1,"question_template_id":2,"question_template":"Text MCQ"},{"id":7624,"type":"own_story","storypage_id":0,"order_number":1,"title":"Let's write a new story.","question":{"question_type":"mcq_single_answer","question":{"text":"One day, my sister _____ was very naughty.","image":"","type":"text"},"options":[{"text":"Minnie","type":"text","image":"","ans":1},{"text":"Jinnie","type":"text","image":"","ans":1},{"text":"Lennie","type":"text","image":"","ans":1},{"text":"Finnie","type":"text","image":"","ans":1}],"answers":["Minnie","Jinnie","Lennie","Finnie"]},"score":1,"question_template_id":2,"question_template":"Text MCQ"},{"id":7634,"type":"own_story","storypage_id":0,"order_number":2,"title":"Let's write a new story.","question":{"question_type":"mcq_single_answer","question":{"text":"It was _____ time, and I was going to sit down on my chair.","image":"","type":"text"},"options":[{"text":"dinner","type":"text","image":"","ans":1},{"text":"lunch","type":"text","image":"","ans":1},{"text":"breakfast","type":"text","image":"","ans":1},{"text":"tea","type":"text","image":"","ans":1}],"answers":["dinner","lunch","breakfast","tea"]},"score":1,"question_template_id":2,"question_template":"Text MCQ"},{"id":7644,"type":"own_story","storypage_id":0,"order_number":3,"title":"Let's write a new story.","question":{"question_type":"mcq_single_answer","question":{"text":"Suddenly, she grabbed the chair and _____ it away from me! I fell on the floor!","image":"","type":"text"},"options":[{"text":"pulled","type":"text","image":"","ans":1},{"text":"snatched","type":"text","image":"","ans":1},{"text":"threw","type":"text","image":"","ans":1},{"text":"flung","type":"text","image":"","ans":1}],"answers":["pulled","snatched","threw","flung"]},"score":1,"question_template_id":2,"question_template":"Text MCQ"},{"id":7654,"type":"own_story","storypage_id":0,"order_number":4,"title":"Let's write a new story.","question":{"question_type":"mcq_single_answer","question":{"text":"Luckily my _____ saw the whole thing. My sister got a scolding that day and was never naughty again!","image":"","type":"text"},"options":[{"text":"father","type":"text","image":"","ans":1},{"text":"mother","type":"text","image":"","ans":1},{"text":"grandmother","type":"text","image":"","ans":1},{"text":"grandfather","type":"text","image":"","ans":1}],"answers":["father","mother","grandmother","grandfather"]},"score":1,"question_template_id":2,"question_template":"Text MCQ"}]}