{
 "fragments": [
  {
   "begin": "0.000", 
   "end": "0.440", 
   "id": "f000001", 
   "language": "en", 
   "lines": [
    "'I'll"
   ]
  }, 
  {
   "begin": "0.440", 
   "end": "0.720", 
   "id": "f000002", 
   "language": "en", 
   "lines": [
    "make"
   ]
  }, 
  {
   "begin": "0.720", 
   "end": "0.920", 
   "id": "f000003", 
   "language": "en", 
   "lines": [
    "him"
   ]
  }, 
  {
   "begin": "0.920", 
   "end": "1.520", 
   "id": "f000004", 
   "language": "en", 
   "lines": [
    "fall"
   ]
  }, 
  {
   "begin": "1.520", 
   "end": "1.640", 
   "id": "f000005", 
   "language": "en", 
   "lines": [
    "off"
   ]
  }, 
  {
   "begin": "1.640", 
   "end": "1.760", 
   "id": "f000006", 
   "language": "en", 
   "lines": [
    "the"
   ]
  }, 
  {
   "begin": "1.760", 
   "end": "2.680", 
   "id": "f000007", 
   "language": "en", 
   "lines": [
    "tree,'"
   ]
  }, 
  {
   "begin": "2.680", 
   "end": "3.080", 
   "id": "f000008", 
   "language": "en", 
   "lines": [
    "Bittu"
   ]
  }, 
  {
   "begin": "3.080", 
   "end": "3.760", 
   "id": "f000009", 
   "language": "en", 
   "lines": [
    "decided."
   ]
  }, 
  {
   "begin": "3.760", 
   "end": "4.560", 
   "id": "f000010", 
   "language": "en", 
   "lines": [
    "He"
   ]
  }, 
  {
   "begin": "4.560", 
   "end": "4.880", 
   "id": "f000011", 
   "language": "en", 
   "lines": [
    "shook"
   ]
  }, 
  {
   "begin": "4.880", 
   "end": "5.040", 
   "id": "f000012", 
   "language": "en", 
   "lines": [
    "the"
   ]
  }, 
  {
   "begin": "5.040", 
   "end": "5.440", 
   "id": "f000013", 
   "language": "en", 
   "lines": [
    "tree"
   ]
  }, 
  {
   "begin": "5.440", 
   "end": "6.480", 
   "id": "f000014", 
   "language": "en", 
   "lines": [
    "vigorously."
   ]
  }
 ]
}