{
 "fragments": [
  {
   "begin": "0.000", 
   "end": "0.000", 
   "id": "f000001", 
   "language": "en", 
   "lines": [
    "A"
   ]
  }, 
  {
   "begin": "0.000", 
   "end": "0.640", 
   "id": "f000002", 
   "language": "en", 
   "lines": [
    "branch"
   ]
  }, 
  {
   "begin": "0.640", 
   "end": "1.040", 
   "id": "f000003", 
   "language": "en", 
   "lines": [
    "from"
   ]
  }, 
  {
   "begin": "1.040", 
   "end": "1.040", 
   "id": "f000004", 
   "language": "en", 
   "lines": [
    "the"
   ]
  }, 
  {
   "begin": "1.040", 
   "end": "1.400", 
   "id": "f000005", 
   "language": "en", 
   "lines": [
    "tree"
   ]
  }, 
  {
   "begin": "1.400", 
   "end": "2.040", 
   "id": "f000006", 
   "language": "en", 
   "lines": [
    "broke,"
   ]
  }, 
  {
   "begin": "2.040", 
   "end": "2.200", 
   "id": "f000007", 
   "language": "en", 
   "lines": [
    "and"
   ]
  }, 
  {
   "begin": "2.200", 
   "end": "2.760", 
   "id": "f000008", 
   "language": "en", 
   "lines": [
    "fell"
   ]
  }, 
  {
   "begin": "2.760", 
   "end": "2.840", 
   "id": "f000009", 
   "language": "en", 
   "lines": [
    "on"
   ]
  }, 
  {
   "begin": "2.840", 
   "end": "3.280", 
   "id": "f000010", 
   "language": "en", 
   "lines": [
    "naughty"
   ]
  }, 
  {
   "begin": "3.280", 
   "end": "3.440", 
   "id": "f000011", 
   "language": "en", 
   "lines": [
    "Bittu,"
   ]
  }, 
  {
   "begin": "3.440", 
   "end": "4.000", 
   "id": "f000012", 
   "language": "en", 
   "lines": [
    "who"
   ]
  }, 
  {
   "begin": "4.000", 
   "end": "4.600", 
   "id": "f000013", 
   "language": "en", 
   "lines": [
    "ran"
   ]
  }, 
  {
   "begin": "4.600", 
   "end": "4.880", 
   "id": "f000014", 
   "language": "en", 
   "lines": [
    "off"
   ]
  }, 
  {
   "begin": "4.880", 
   "end": "5.040", 
   "id": "f000015", 
   "language": "en", 
   "lines": [
    "in"
   ]
  }, 
  {
   "begin": "5.040", 
   "end": "5.880", 
   "id": "f000016", 
   "language": "en", 
   "lines": [
    "shame."
   ]
  }
 ]
}