{
 "fragments": [
  {
   "begin": "0.000", 
   "end": "0.360", 
   "id": "f000001", 
   "language": "en", 
   "lines": [
    "Kittu"
   ]
  }, 
  {
   "begin": "0.360", 
   "end": "0.800", 
   "id": "f000002", 
   "language": "en", 
   "lines": [
    "woke"
   ]
  }, 
  {
   "begin": "0.800", 
   "end": "1.360", 
   "id": "f000003", 
   "language": "en", 
   "lines": [
    "up,"
   ]
  }, 
  {
   "begin": "1.360", 
   "end": "1.640", 
   "id": "f000004", 
   "language": "en", 
   "lines": [
    "and"
   ]
  }, 
  {
   "begin": "1.640", 
   "end": "2.160", 
   "id": "f000005", 
   "language": "en", 
   "lines": [
    "jumped"
   ]
  }, 
  {
   "begin": "2.160", 
   "end": "2.400", 
   "id": "f000006", 
   "language": "en", 
   "lines": [
    "onto"
   ]
  }, 
  {
   "begin": "2.400", 
   "end": "2.400", 
   "id": "f000007", 
   "language": "en", 
   "lines": [
    "a"
   ]
  }, 
  {
   "begin": "2.400", 
   "end": "3.200", 
   "id": "f000008", 
   "language": "en", 
   "lines": [
    "nearby"
   ]
  }, 
  {
   "begin": "3.200", 
   "end": "3.720", 
   "id": "f000009", 
   "language": "en", 
   "lines": [
    "tree."
   ]
  }
 ]
}