{
 "fragments": [
  {
   "begin": "0.000", 
   "end": "0.640", 
   "id": "f000001", 
   "language": "en", 
   "lines": [
    "Bittu"
   ]
  }, 
  {
   "begin": "0.640", 
   "end": "1.440", 
   "id": "f000002", 
   "language": "en", 
   "lines": [
    "was"
   ]
  }, 
  {
   "begin": "1.440", 
   "end": "1.600", 
   "id": "f000003", 
   "language": "en", 
   "lines": [
    "a"
   ]
  }, 
  {
   "begin": "1.600", 
   "end": "1.800", 
   "id": "f000004", 
   "language": "en", 
   "lines": [
    "naughty"
   ]
  }, 
  {
   "begin": "1.800", 
   "end": "3.120", 
   "id": "f000005", 
   "language": "en", 
   "lines": [
    "bear."
   ]
  }, 
  {
   "begin": "3.120", 
   "end": "3.480", 
   "id": "f000006", 
   "language": "en", 
   "lines": [
    "One"
   ]
  }, 
  {
   "begin": "3.480", 
   "end": "3.840", 
   "id": "f000007", 
   "language": "en", 
   "lines": [
    "day,"
   ]
  }, 
  {
   "begin": "3.840", 
   "end": "3.920", 
   "id": "f000008", 
   "language": "en", 
   "lines": [
    "he"
   ]
  }, 
  {
   "begin": "3.920", 
   "end": "4.560", 
   "id": "f000009", 
   "language": "en", 
   "lines": [
    "saw"
   ]
  }, 
  {
   "begin": "4.560", 
   "end": "4.880", 
   "id": "f000010", 
   "language": "en", 
   "lines": [
    "Kittu"
   ]
  }, 
  {
   "begin": "4.880", 
   "end": "5.480", 
   "id": "f000011", 
   "language": "en", 
   "lines": [
    "monkey"
   ]
  }, 
  {
   "begin": "5.480", 
   "end": "6.040", 
   "id": "f000012", 
   "language": "en", 
   "lines": [
    "sleeping"
   ]
  }, 
  {
   "begin": "6.040", 
   "end": "6.200", 
   "id": "f000013", 
   "language": "en", 
   "lines": [
    "on"
   ]
  }, 
  {
   "begin": "6.200", 
   "end": "6.280", 
   "id": "f000014", 
   "language": "en", 
   "lines": [
    "a"
   ]
  }, 
  {
   "begin": "6.280", 
   "end": "6.840", 
   "id": "f000015", 
   "language": "en", 
   "lines": [
    "tree."
   ]
  }
 ]
}