{
 "fragments": [
  {
   "begin": "0.000", 
   "end": "0.840", 
   "id": "f000001", 
   "language": "en", 
   "lines": [
    "\u201cI"
   ]
  }, 
  {
   "begin": "0.840", 
   "end": "1.640", 
   "id": "f000002", 
   "language": "en", 
   "lines": [
    "can"
   ]
  }, 
  {
   "begin": "1.640", 
   "end": "1.800", 
   "id": "f000003", 
   "language": "en", 
   "lines": [
    "think!\u201d"
   ]
  }, 
  {
   "begin": "1.800", 
   "end": "2.280", 
   "id": "f000004", 
   "language": "en", 
   "lines": [
    "I"
   ]
  }, 
  {
   "begin": "2.280", 
   "end": "3.000", 
   "id": "f000005", 
   "language": "en", 
   "lines": [
    "say."
   ]
  }, 
  {
   "begin": "3.000", 
   "end": "5.280", 
   "id": "f000006", 
   "language": "en", 
   "lines": [
    "\u201cWooooooof,\u201d"
   ]
  }, 
  {
   "begin": "5.280", 
   "end": "6.240", 
   "id": "f000007", 
   "language": "en", 
   "lines": [
    "says"
   ]
  }, 
  {
   "begin": "6.240", 
   "end": "7.440", 
   "id": "f000008", 
   "language": "en", 
   "lines": [
    "Pepe."
   ]
  }, 
  {
   "begin": "7.440", 
   "end": "7.840", 
   "id": "f000009", 
   "language": "en", 
   "lines": [
    "That"
   ]
  }, 
  {
   "begin": "7.840", 
   "end": "8.280", 
   "id": "f000010", 
   "language": "en", 
   "lines": [
    "means"
   ]
  }, 
  {
   "begin": "8.280", 
   "end": "8.880", 
   "id": "f000011", 
   "language": "en", 
   "lines": [
    "he"
   ]
  }, 
  {
   "begin": "8.880", 
   "end": "9.080", 
   "id": "f000012", 
   "language": "en", 
   "lines": [
    "can"
   ]
  }, 
  {
   "begin": "9.080", 
   "end": "9.680", 
   "id": "f000013", 
   "language": "en", 
   "lines": [
    "think"
   ]
  }, 
  {
   "begin": "9.680", 
   "end": "10.560", 
   "id": "f000014", 
   "language": "en", 
   "lines": [
    "better."
   ]
  }
 ]
}