{"id":22,"name":"Timmy and Pepe","writtenby":"Madhav Chavan","illustrationsby":"Santosh Pujari","translationby":"","source":"Pratham Books","status":"active","level":1,"pages":[{"id":197,"content":"I am Timmy. \nThis is my friend, Pepe, the puppy.","pageno":1,"image":"abcd8a28638a00e6ab4df1c32ee025ab.jpg","audio":"8f7d750f7b981c5d26d7550da1070486.mp3","audio_map":"e83386fb4a3abb1c58ebe49c4b3d3260.json","language":[]},{"id":198,"content":"I like to tease Pepe.  \nI tell him I am better than him.  \nHe does not like it.","pageno":2,"image":"68cfd2ae32e86c5d7fea44b4c96517ff.jpg","audio":"ada9e8d82b250c2fd2706b0a55f07b6c.mp3","audio_map":"c55bb393707b81aec8c0f634dc7dfd7e.json","language":[]},{"id":199,"content":"\u201cLook, I have a nose!\u201d I say. \u201cWoof,\u201d says Pepe. That means he has a nose too.","pageno":3,"image":"ace629de279349db2fd0078947e7e1a7.jpg","audio":"66f1f1caf039148bc7c8bd307706ac16.mp3","audio_map":"b9a450df3e19cd170cb5988c154b214a.json","language":[]},{"id":200,"content":"\u201cLook, I have ears!\u201d I say. \u201cWoof,\u201d says Pepe. That means he has ears too.","pageno":4,"image":"3d3c696f941d0e4419eabb4eab2e48ee.jpg","audio":"6b4d9d4b5ae45f7cde6adfb51e643a7e.mp3","audio_map":"16d32fe7342f9f859c91fe5985a4d99e.json","language":[]},{"id":201,"content":"\u201cLook, I have eyes!\u201d I say. \u201cWoof,\u201d says Pepe. That means he has eyes too.","pageno":5,"image":"7e194dea8d2285870c9f14388ab1fb85.jpg","audio":"fdf730988275c08ff50564760561825e.mp3","audio_map":"9c7fd3bfe082253e3b3a2e245b80f3bb.json","language":[]},{"id":202,"content":"\u201cLook, I can dance on my legs!\u201d I say. \u201cWoof, woof, woof,\u201d says Pepe. That means he has legs too.","pageno":6,"image":"52992e6ef307ee0363f674d7bd2997ef.jpg","audio":"666d562e321d6964e2bf4c4b525f5192.mp3","audio_map":"bb019f22d180c7bcc95877eefbfc6aa9.json","language":[]},{"id":203,"content":"\u201cLook, I have a tongue!\u201d I say. \u201cWoof,\u201d says Pepe. That means he has a tongue too.","pageno":7,"image":"f495b581adf9957dca619c3c1dc1d6c0.jpg","audio":"050eb132d244b04f54d002c0a79ee4ad.mp3","audio_map":"bf08a9c77b5b2ac319bed0dbb725a44d.json","language":[]},{"id":204,"content":"\u201cI can think!\u201d I say. \u201cWooooooof,\u201d says Pepe. That means he can think better.","pageno":8,"image":"3c43a5746feaa0bea1c766e20d27760c.jpg","audio":"dd33f31c4d0ab913da00c5145d73c5dc.mp3","audio_map":"09e6b0245d47acf398c4009fe49fc5ae.json","language":[]},{"id":205,"content":"\u201cLook I have hands!\u201d I say. \n\u201cGrrrrrr\u2026\u201d Pepe says, and turns to show his little tail. \nThat means he has a tail and I don\u2019t have one.","pageno":9,"image":"138a3cad99783c78b79f7d84bba573f1.jpg","audio":"8ff70a306778a32315237e501e9379ea.mp3","audio_map":"9d40a94a82d858baba332cc34a13e593.json","language":[]},{"id":206,"content":"But I love Pepe, the puppy and he loves me too.","pageno":10,"image":"5e4ccafc7142ed4d6f2f49b33bf1c050.jpg","audio":"a8c2e8a0591776e42a635b607d8ca8d3.mp3","audio_map":"31dec066cd9f333ee9bc93b633798ee7.json","language":[]},{"id":207,"content":"In the picture above find: \nEyes     Hands     Nose     Legs     Tongue     Ears","pageno":11,"image":"8fa848ae42b55ea8303abd0963482a8c.jpg","audio":"","audio_map":"","audio_map_obj":"","language":[]}],"language":[],"questions":[{"id":5703,"type":"pre","storypage_id":0,"order_number":1,"title":"Learning new words","question":{"question_type":"vocabulary","question":{"text":"Learning new words","image":"","type":"text"},"words":[{"word":"puppy","image":"22a7b68cdb3a4b77cbbb1bb379384187.png"},{"word":"tail","image":"95512682f89d3d71538ec0fb5b6a4e73.png"},{"word":"nose","image":"c900d10138a542829509a8bd71ae8799.png"},{"word":"tongue","image":"607d69b2e5fc43f2b8bfc8fecf742073.png"}]},"score":1,"question_template_id":21,"question_template":"Vocab"}]}