{
 "fragments": [
  {
   "begin": "0.000", 
   "end": "0.440", 
   "id": "f000001", 
   "language": "en", 
   "lines": [
    "But"
   ]
  }, 
  {
   "begin": "0.440", 
   "end": "0.880", 
   "id": "f000002", 
   "language": "en", 
   "lines": [
    "I"
   ]
  }, 
  {
   "begin": "0.880", 
   "end": "1.320", 
   "id": "f000003", 
   "language": "en", 
   "lines": [
    "love"
   ]
  }, 
  {
   "begin": "1.320", 
   "end": "1.520", 
   "id": "f000004", 
   "language": "en", 
   "lines": [
    "Pepe,"
   ]
  }, 
  {
   "begin": "1.520", 
   "end": "1.840", 
   "id": "f000005", 
   "language": "en", 
   "lines": [
    "the"
   ]
  }, 
  {
   "begin": "1.840", 
   "end": "2.280", 
   "id": "f000006", 
   "language": "en", 
   "lines": [
    "puppy"
   ]
  }, 
  {
   "begin": "2.280", 
   "end": "2.440", 
   "id": "f000007", 
   "language": "en", 
   "lines": [
    "and"
   ]
  }, 
  {
   "begin": "2.440", 
   "end": "3.080", 
   "id": "f000008", 
   "language": "en", 
   "lines": [
    "he"
   ]
  }, 
  {
   "begin": "3.080", 
   "end": "3.840", 
   "id": "f000009", 
   "language": "en", 
   "lines": [
    "loves"
   ]
  }, 
  {
   "begin": "3.840", 
   "end": "4.080", 
   "id": "f000010", 
   "language": "en", 
   "lines": [
    "me"
   ]
  }, 
  {
   "begin": "4.080", 
   "end": "4.960", 
   "id": "f000011", 
   "language": "en", 
   "lines": [
    "too."
   ]
  }
 ]
}