{
 "fragments": [
  {
   "begin": "0.000", 
   "end": "0.560", 
   "id": "f000001", 
   "language": "en", 
   "lines": [
    "\u201cLook,"
   ]
  }, 
  {
   "begin": "0.560", 
   "end": "0.960", 
   "id": "f000002", 
   "language": "en", 
   "lines": [
    "I"
   ]
  }, 
  {
   "begin": "0.960", 
   "end": "1.480", 
   "id": "f000003", 
   "language": "en", 
   "lines": [
    "have"
   ]
  }, 
  {
   "begin": "1.480", 
   "end": "1.600", 
   "id": "f000004", 
   "language": "en", 
   "lines": [
    "a"
   ]
  }, 
  {
   "begin": "1.600", 
   "end": "2.200", 
   "id": "f000005", 
   "language": "en", 
   "lines": [
    "nose!\u201d"
   ]
  }, 
  {
   "begin": "2.200", 
   "end": "2.560", 
   "id": "f000006", 
   "language": "en", 
   "lines": [
    "I"
   ]
  }, 
  {
   "begin": "2.560", 
   "end": "3.240", 
   "id": "f000007", 
   "language": "en", 
   "lines": [
    "say."
   ]
  }, 
  {
   "begin": "3.240", 
   "end": "5.000", 
   "id": "f000008", 
   "language": "en", 
   "lines": [
    "\u201cWoof,\u201d"
   ]
  }, 
  {
   "begin": "5.000", 
   "end": "5.480", 
   "id": "f000009", 
   "language": "en", 
   "lines": [
    "says"
   ]
  }, 
  {
   "begin": "5.480", 
   "end": "6.080", 
   "id": "f000010", 
   "language": "en", 
   "lines": [
    "Pepe."
   ]
  }, 
  {
   "begin": "6.080", 
   "end": "7.400", 
   "id": "f000011", 
   "language": "en", 
   "lines": [
    "That"
   ]
  }, 
  {
   "begin": "7.400", 
   "end": "8.080", 
   "id": "f000012", 
   "language": "en", 
   "lines": [
    "means"
   ]
  }, 
  {
   "begin": "8.080", 
   "end": "8.760", 
   "id": "f000013", 
   "language": "en", 
   "lines": [
    "he"
   ]
  }, 
  {
   "begin": "8.760", 
   "end": "9.160", 
   "id": "f000014", 
   "language": "en", 
   "lines": [
    "has"
   ]
  }, 
  {
   "begin": "9.160", 
   "end": "9.280", 
   "id": "f000015", 
   "language": "en", 
   "lines": [
    "a"
   ]
  }, 
  {
   "begin": "9.280", 
   "end": "9.680", 
   "id": "f000016", 
   "language": "en", 
   "lines": [
    "nose"
   ]
  }, 
  {
   "begin": "9.680", 
   "end": "10.080", 
   "id": "f000017", 
   "language": "en", 
   "lines": [
    "too."
   ]
  }
 ]
}