{
 "fragments": [
  {
   "begin": "0.000", 
   "end": "0.400", 
   "id": "f000001", 
   "language": "en", 
   "lines": [
    "\u201cLook,"
   ]
  }, 
  {
   "begin": "0.400", 
   "end": "0.640", 
   "id": "f000002", 
   "language": "en", 
   "lines": [
    "I"
   ]
  }, 
  {
   "begin": "0.640", 
   "end": "1.200", 
   "id": "f000003", 
   "language": "en", 
   "lines": [
    "can"
   ]
  }, 
  {
   "begin": "1.200", 
   "end": "1.920", 
   "id": "f000004", 
   "language": "en", 
   "lines": [
    "dance"
   ]
  }, 
  {
   "begin": "1.920", 
   "end": "2.120", 
   "id": "f000005", 
   "language": "en", 
   "lines": [
    "on"
   ]
  }, 
  {
   "begin": "2.120", 
   "end": "2.400", 
   "id": "f000006", 
   "language": "en", 
   "lines": [
    "my"
   ]
  }, 
  {
   "begin": "2.400", 
   "end": "2.920", 
   "id": "f000007", 
   "language": "en", 
   "lines": [
    "legs!\u201d"
   ]
  }, 
  {
   "begin": "2.920", 
   "end": "3.320", 
   "id": "f000008", 
   "language": "en", 
   "lines": [
    "I"
   ]
  }, 
  {
   "begin": "3.320", 
   "end": "4.000", 
   "id": "f000009", 
   "language": "en", 
   "lines": [
    "say."
   ]
  }, 
  {
   "begin": "4.000", 
   "end": "5.280", 
   "id": "f000010", 
   "language": "en", 
   "lines": [
    "\u201cWoof,"
   ]
  }, 
  {
   "begin": "5.280", 
   "end": "5.680", 
   "id": "f000011", 
   "language": "en", 
   "lines": [
    "woof,"
   ]
  }, 
  {
   "begin": "5.680", 
   "end": "6.040", 
   "id": "f000012", 
   "language": "en", 
   "lines": [
    "woof,\u201d"
   ]
  }, 
  {
   "begin": "6.040", 
   "end": "7.040", 
   "id": "f000013", 
   "language": "en", 
   "lines": [
    "says"
   ]
  }, 
  {
   "begin": "7.040", 
   "end": "8.320", 
   "id": "f000014", 
   "language": "en", 
   "lines": [
    "Pepe."
   ]
  }, 
  {
   "begin": "8.320", 
   "end": "8.640", 
   "id": "f000015", 
   "language": "en", 
   "lines": [
    "That"
   ]
  }, 
  {
   "begin": "8.640", 
   "end": "9.040", 
   "id": "f000016", 
   "language": "en", 
   "lines": [
    "means"
   ]
  }, 
  {
   "begin": "9.040", 
   "end": "9.280", 
   "id": "f000017", 
   "language": "en", 
   "lines": [
    "he"
   ]
  }, 
  {
   "begin": "9.280", 
   "end": "9.840", 
   "id": "f000018", 
   "language": "en", 
   "lines": [
    "has"
   ]
  }, 
  {
   "begin": "9.840", 
   "end": "10.280", 
   "id": "f000019", 
   "language": "en", 
   "lines": [
    "legs"
   ]
  }, 
  {
   "begin": "10.280", 
   "end": "10.960", 
   "id": "f000020", 
   "language": "en", 
   "lines": [
    "too."
   ]
  }
 ]
}