{
 "fragments": [
  {
   "begin": "0.000", 
   "end": "1.080", 
   "id": "f000001", 
   "language": "en", 
   "lines": [
    "\u201cLook,"
   ]
  }, 
  {
   "begin": "1.080", 
   "end": "1.320", 
   "id": "f000002", 
   "language": "en", 
   "lines": [
    "I"
   ]
  }, 
  {
   "begin": "1.320", 
   "end": "1.640", 
   "id": "f000003", 
   "language": "en", 
   "lines": [
    "have"
   ]
  }, 
  {
   "begin": "1.640", 
   "end": "1.640", 
   "id": "f000004", 
   "language": "en", 
   "lines": [
    "a"
   ]
  }, 
  {
   "begin": "1.640", 
   "end": "2.160", 
   "id": "f000005", 
   "language": "en", 
   "lines": [
    "tongue!\u201d"
   ]
  }, 
  {
   "begin": "2.160", 
   "end": "2.600", 
   "id": "f000006", 
   "language": "en", 
   "lines": [
    "I"
   ]
  }, 
  {
   "begin": "2.600", 
   "end": "3.320", 
   "id": "f000007", 
   "language": "en", 
   "lines": [
    "say."
   ]
  }, 
  {
   "begin": "3.320", 
   "end": "5.240", 
   "id": "f000008", 
   "language": "en", 
   "lines": [
    "\u201cWoof,\u201d"
   ]
  }, 
  {
   "begin": "5.240", 
   "end": "5.680", 
   "id": "f000009", 
   "language": "en", 
   "lines": [
    "says"
   ]
  }, 
  {
   "begin": "5.680", 
   "end": "6.840", 
   "id": "f000010", 
   "language": "en", 
   "lines": [
    "Pepe."
   ]
  }, 
  {
   "begin": "6.840", 
   "end": "7.240", 
   "id": "f000011", 
   "language": "en", 
   "lines": [
    "That"
   ]
  }, 
  {
   "begin": "7.240", 
   "end": "7.680", 
   "id": "f000012", 
   "language": "en", 
   "lines": [
    "means"
   ]
  }, 
  {
   "begin": "7.680", 
   "end": "7.880", 
   "id": "f000013", 
   "language": "en", 
   "lines": [
    "he"
   ]
  }, 
  {
   "begin": "7.880", 
   "end": "8.440", 
   "id": "f000014", 
   "language": "en", 
   "lines": [
    "has"
   ]
  }, 
  {
   "begin": "8.440", 
   "end": "8.440", 
   "id": "f000015", 
   "language": "en", 
   "lines": [
    "a"
   ]
  }, 
  {
   "begin": "8.440", 
   "end": "8.920", 
   "id": "f000016", 
   "language": "en", 
   "lines": [
    "tongue"
   ]
  }, 
  {
   "begin": "8.920", 
   "end": "9.600", 
   "id": "f000017", 
   "language": "en", 
   "lines": [
    "too."
   ]
  }
 ]
}