{
 "fragments": [
  {
   "begin": "0.000", 
   "end": "0.840", 
   "id": "f000001", 
   "language": "en", 
   "lines": [
    "Then"
   ]
  }, 
  {
   "begin": "0.840", 
   "end": "0.960", 
   "id": "f000002", 
   "language": "en", 
   "lines": [
    "he"
   ]
  }, 
  {
   "begin": "0.960", 
   "end": "1.440", 
   "id": "f000003", 
   "language": "en", 
   "lines": [
    "saw"
   ]
  }, 
  {
   "begin": "1.440", 
   "end": "1.680", 
   "id": "f000004", 
   "language": "en", 
   "lines": [
    "the"
   ]
  }, 
  {
   "begin": "1.680", 
   "end": "2.400", 
   "id": "f000005", 
   "language": "en", 
   "lines": [
    "lighthouse"
   ]
  }, 
  {
   "begin": "2.400", 
   "end": "2.480", 
   "id": "f000006", 
   "language": "en", 
   "lines": [
    "on"
   ]
  }, 
  {
   "begin": "2.480", 
   "end": "2.520", 
   "id": "f000007", 
   "language": "en", 
   "lines": [
    "the"
   ]
  }, 
  {
   "begin": "2.520", 
   "end": "3.360", 
   "id": "f000008", 
   "language": "en", 
   "lines": [
    "coast."
   ]
  }, 
  {
   "begin": "3.360", 
   "end": "3.680", 
   "id": "f000009", 
   "language": "en", 
   "lines": [
    "He"
   ]
  }, 
  {
   "begin": "3.680", 
   "end": "4.080", 
   "id": "f000010", 
   "language": "en", 
   "lines": [
    "leapt"
   ]
  }, 
  {
   "begin": "4.080", 
   "end": "4.280", 
   "id": "f000011", 
   "language": "en", 
   "lines": [
    "with"
   ]
  }, 
  {
   "begin": "4.280", 
   "end": "4.760", 
   "id": "f000012", 
   "language": "en", 
   "lines": [
    "joy!"
   ]
  }, 
  {
   "begin": "4.760", 
   "end": "5.280", 
   "id": "f000013", 
   "language": "en", 
   "lines": [
    "Pishi"
   ]
  }, 
  {
   "begin": "5.280", 
   "end": "5.760", 
   "id": "f000014", 
   "language": "en", 
   "lines": [
    "had"
   ]
  }, 
  {
   "begin": "5.760", 
   "end": "6.200", 
   "id": "f000015", 
   "language": "en", 
   "lines": [
    "reached"
   ]
  }, 
  {
   "begin": "6.200", 
   "end": "6.360", 
   "id": "f000016", 
   "language": "en", 
   "lines": [
    "the"
   ]
  }, 
  {
   "begin": "6.360", 
   "end": "7.360", 
   "id": "f000017", 
   "language": "en", 
   "lines": [
    "hospital,"
   ]
  }, 
  {
   "begin": "7.360", 
   "end": "7.960", 
   "id": "f000018", 
   "language": "en", 
   "lines": [
    "nature's"
   ]
  }, 
  {
   "begin": "7.960", 
   "end": "8.960", 
   "id": "f000019", 
   "language": "en", 
   "lines": [
    "hospital."
   ]
  }
 ]
}