{
 "fragments": [
  {
   "begin": "0.000", 
   "end": "0.480", 
   "id": "f000001", 
   "language": "en", 
   "lines": [
    "The"
   ]
  }, 
  {
   "begin": "0.480", 
   "end": "0.960", 
   "id": "f000002", 
   "language": "en", 
   "lines": [
    "\u2018cleaner"
   ]
  }, 
  {
   "begin": "0.960", 
   "end": "1.560", 
   "id": "f000003", 
   "language": "en", 
   "lines": [
    "fish\u2019"
   ]
  }, 
  {
   "begin": "1.560", 
   "end": "1.760", 
   "id": "f000004", 
   "language": "en", 
   "lines": [
    "nibbled"
   ]
  }, 
  {
   "begin": "1.760", 
   "end": "2.000", 
   "id": "f000005", 
   "language": "en", 
   "lines": [
    "on"
   ]
  }, 
  {
   "begin": "2.000", 
   "end": "2.360", 
   "id": "f000006", 
   "language": "en", 
   "lines": [
    "the"
   ]
  }, 
  {
   "begin": "2.360", 
   "end": "2.720", 
   "id": "f000007", 
   "language": "en", 
   "lines": [
    "torn"
   ]
  }, 
  {
   "begin": "2.720", 
   "end": "3.160", 
   "id": "f000008", 
   "language": "en", 
   "lines": [
    "pieces"
   ]
  }, 
  {
   "begin": "3.160", 
   "end": "3.480", 
   "id": "f000009", 
   "language": "en", 
   "lines": [
    "of"
   ]
  }, 
  {
   "begin": "3.480", 
   "end": "4.520", 
   "id": "f000010", 
   "language": "en", 
   "lines": [
    "skin."
   ]
  }, 
  {
   "begin": "4.520", 
   "end": "5.080", 
   "id": "f000011", 
   "language": "en", 
   "lines": [
    "Soon"
   ]
  }, 
  {
   "begin": "5.080", 
   "end": "5.640", 
   "id": "f000012", 
   "language": "en", 
   "lines": [
    "Pishi"
   ]
  }, 
  {
   "begin": "5.640", 
   "end": "6.000", 
   "id": "f000013", 
   "language": "en", 
   "lines": [
    "felt"
   ]
  }, 
  {
   "begin": "6.000", 
   "end": "6.760", 
   "id": "f000014", 
   "language": "en", 
   "lines": [
    "so"
   ]
  }, 
  {
   "begin": "6.760", 
   "end": "7.080", 
   "id": "f000015", 
   "language": "en", 
   "lines": [
    "much"
   ]
  }, 
  {
   "begin": "7.080", 
   "end": "8.280", 
   "id": "f000016", 
   "language": "en", 
   "lines": [
    "better."
   ]
  }, 
  {
   "begin": "8.280", 
   "end": "8.680", 
   "id": "f000017", 
   "language": "en", 
   "lines": [
    "He"
   ]
  }, 
  {
   "begin": "8.680", 
   "end": "9.040", 
   "id": "f000018", 
   "language": "en", 
   "lines": [
    "loved"
   ]
  }, 
  {
   "begin": "9.040", 
   "end": "9.120", 
   "id": "f000019", 
   "language": "en", 
   "lines": [
    "the"
   ]
  }, 
  {
   "begin": "9.120", 
   "end": "9.680", 
   "id": "f000020", 
   "language": "en", 
   "lines": [
    "Indian"
   ]
  }, 
  {
   "begin": "9.680", 
   "end": "10.400", 
   "id": "f000021", 
   "language": "en", 
   "lines": [
    "Ocean"
   ]
  }, 
  {
   "begin": "10.400", 
   "end": "10.600", 
   "id": "f000022", 
   "language": "en", 
   "lines": [
    "with"
   ]
  }, 
  {
   "begin": "10.600", 
   "end": "10.880", 
   "id": "f000023", 
   "language": "en", 
   "lines": [
    "its"
   ]
  }, 
  {
   "begin": "10.880", 
   "end": "12.000", 
   "id": "f000024", 
   "language": "en", 
   "lines": [
    "5,000"
   ]
  }, 
  {
   "begin": "12.000", 
   "end": "12.560", 
   "id": "f000025", 
   "language": "en", 
   "lines": [
    "species"
   ]
  }, 
  {
   "begin": "12.560", 
   "end": "12.600", 
   "id": "f000026", 
   "language": "en", 
   "lines": [
    "of"
   ]
  }, 
  {
   "begin": "12.600", 
   "end": "13.040", 
   "id": "f000027", 
   "language": "en", 
   "lines": [
    "marine"
   ]
  }, 
  {
   "begin": "13.040", 
   "end": "14.000", 
   "id": "f000028", 
   "language": "en", 
   "lines": [
    "life!"
   ]
  }
 ]
}