{
 "fragments": [
  {
   "begin": "0.000", 
   "end": "0.000", 
   "id": "f000001", 
   "language": "en", 
   "lines": [
    "A"
   ]
  }, 
  {
   "begin": "0.000", 
   "end": "0.720", 
   "id": "f000002", 
   "language": "en", 
   "lines": [
    "huge"
   ]
  }, 
  {
   "begin": "0.720", 
   "end": "0.920", 
   "id": "f000003", 
   "language": "en", 
   "lines": [
    "school"
   ]
  }, 
  {
   "begin": "0.920", 
   "end": "1.160", 
   "id": "f000004", 
   "language": "en", 
   "lines": [
    "of"
   ]
  }, 
  {
   "begin": "1.160", 
   "end": "1.720", 
   "id": "f000005", 
   "language": "en", 
   "lines": [
    "fish"
   ]
  }, 
  {
   "begin": "1.720", 
   "end": "2.040", 
   "id": "f000006", 
   "language": "en", 
   "lines": [
    "swam"
   ]
  }, 
  {
   "begin": "2.040", 
   "end": "2.680", 
   "id": "f000007", 
   "language": "en", 
   "lines": [
    "around"
   ]
  }, 
  {
   "begin": "2.680", 
   "end": "3.040", 
   "id": "f000008", 
   "language": "en", 
   "lines": [
    "him"
   ]
  }, 
  {
   "begin": "3.040", 
   "end": "3.560", 
   "id": "f000009", 
   "language": "en", 
   "lines": [
    "immediately."
   ]
  }, 
  {
   "begin": "3.560", 
   "end": "4.440", 
   "id": "f000010", 
   "language": "en", 
   "lines": [
    "The"
   ]
  }, 
  {
   "begin": "4.440", 
   "end": "4.920", 
   "id": "f000011", 
   "language": "en", 
   "lines": [
    "same"
   ]
  }, 
  {
   "begin": "4.920", 
   "end": "5.560", 
   "id": "f000012", 
   "language": "en", 
   "lines": [
    "fish"
   ]
  }, 
  {
   "begin": "5.560", 
   "end": "5.760", 
   "id": "f000013", 
   "language": "en", 
   "lines": [
    "that"
   ]
  }, 
  {
   "begin": "5.760", 
   "end": "6.160", 
   "id": "f000014", 
   "language": "en", 
   "lines": [
    "he"
   ]
  }, 
  {
   "begin": "6.160", 
   "end": "6.600", 
   "id": "f000015", 
   "language": "en", 
   "lines": [
    "ate"
   ]
  }, 
  {
   "begin": "6.600", 
   "end": "6.880", 
   "id": "f000016", 
   "language": "en", 
   "lines": [
    "at"
   ]
  }, 
  {
   "begin": "6.880", 
   "end": "7.160", 
   "id": "f000017", 
   "language": "en", 
   "lines": [
    "other"
   ]
  }, 
  {
   "begin": "7.160", 
   "end": "8.040", 
   "id": "f000018", 
   "language": "en", 
   "lines": [
    "times"
   ]
  }, 
  {
   "begin": "8.040", 
   "end": "8.240", 
   "id": "f000019", 
   "language": "en", 
   "lines": [
    "were"
   ]
  }, 
  {
   "begin": "8.240", 
   "end": "8.600", 
   "id": "f000020", 
   "language": "en", 
   "lines": [
    "now"
   ]
  }, 
  {
   "begin": "8.600", 
   "end": "9.000", 
   "id": "f000021", 
   "language": "en", 
   "lines": [
    "his"
   ]
  }, 
  {
   "begin": "9.000", 
   "end": "10.320", 
   "id": "f000022", 
   "language": "en", 
   "lines": [
    "nurses."
   ]
  }, 
  {
   "begin": "10.320", 
   "end": "10.800", 
   "id": "f000023", 
   "language": "en", 
   "lines": [
    "They"
   ]
  }, 
  {
   "begin": "10.800", 
   "end": "11.520", 
   "id": "f000024", 
   "language": "en", 
   "lines": [
    "cleaned"
   ]
  }, 
  {
   "begin": "11.520", 
   "end": "11.720", 
   "id": "f000025", 
   "language": "en", 
   "lines": [
    "the"
   ]
  }, 
  {
   "begin": "11.720", 
   "end": "12.200", 
   "id": "f000026", 
   "language": "en", 
   "lines": [
    "deep"
   ]
  }, 
  {
   "begin": "12.200", 
   "end": "12.640", 
   "id": "f000027", 
   "language": "en", 
   "lines": [
    "gash"
   ]
  }, 
  {
   "begin": "12.640", 
   "end": "12.760", 
   "id": "f000028", 
   "language": "en", 
   "lines": [
    "in"
   ]
  }, 
  {
   "begin": "12.760", 
   "end": "13.000", 
   "id": "f000029", 
   "language": "en", 
   "lines": [
    "his"
   ]
  }, 
  {
   "begin": "13.000", 
   "end": "13.960", 
   "id": "f000030", 
   "language": "en", 
   "lines": [
    "tummy."
   ]
  }
 ]
}