{
 "fragments": [
  {
   "begin": "0.000", 
   "end": "0.360", 
   "id": "f000001", 
   "language": "en", 
   "lines": [
    "Dear"
   ]
  }, 
  {
   "begin": "0.360", 
   "end": "0.840", 
   "id": "f000002", 
   "language": "en", 
   "lines": [
    "Reader,"
   ]
  }, 
  {
   "begin": "0.840", 
   "end": "1.720", 
   "id": "f000003", 
   "language": "en", 
   "lines": [
    "The"
   ]
  }, 
  {
   "begin": "1.720", 
   "end": "2.200", 
   "id": "f000004", 
   "language": "en", 
   "lines": [
    "Indian"
   ]
  }, 
  {
   "begin": "2.200", 
   "end": "2.840", 
   "id": "f000005", 
   "language": "en", 
   "lines": [
    "Ocean"
   ]
  }, 
  {
   "begin": "2.840", 
   "end": "3.040", 
   "id": "f000006", 
   "language": "en", 
   "lines": [
    "is"
   ]
  }, 
  {
   "begin": "3.040", 
   "end": "3.440", 
   "id": "f000007", 
   "language": "en", 
   "lines": [
    "known"
   ]
  }, 
  {
   "begin": "3.440", 
   "end": "3.840", 
   "id": "f000008", 
   "language": "en", 
   "lines": [
    "as"
   ]
  }, 
  {
   "begin": "3.840", 
   "end": "5.040", 
   "id": "f000009", 
   "language": "en", 
   "lines": [
    "\u2018Ratnakara\u2019"
   ]
  }, 
  {
   "begin": "5.040", 
   "end": "5.240", 
   "id": "f000010", 
   "language": "en", 
   "lines": [
    "in"
   ]
  }, 
  {
   "begin": "5.240", 
   "end": "5.800", 
   "id": "f000011", 
   "language": "en", 
   "lines": [
    "ancient"
   ]
  }, 
  {
   "begin": "5.800", 
   "end": "6.360", 
   "id": "f000012", 
   "language": "en", 
   "lines": [
    "Sanskrit"
   ]
  }, 
  {
   "begin": "6.360", 
   "end": "7.840", 
   "id": "f000013", 
   "language": "en", 
   "lines": [
    "literature."
   ]
  }, 
  {
   "begin": "7.840", 
   "end": "8.960", 
   "id": "f000014", 
   "language": "en", 
   "lines": [
    "Ratnakara"
   ]
  }, 
  {
   "begin": "8.960", 
   "end": "9.400", 
   "id": "f000015", 
   "language": "en", 
   "lines": [
    "means"
   ]
  }, 
  {
   "begin": "9.400", 
   "end": "9.600", 
   "id": "f000016", 
   "language": "en", 
   "lines": [
    "the"
   ]
  }, 
  {
   "begin": "9.600", 
   "end": "9.880", 
   "id": "f000017", 
   "language": "en", 
   "lines": [
    "mine"
   ]
  }, 
  {
   "begin": "9.880", 
   "end": "10.120", 
   "id": "f000018", 
   "language": "en", 
   "lines": [
    "of"
   ]
  }, 
  {
   "begin": "10.120", 
   "end": "11.560", 
   "id": "f000019", 
   "language": "en", 
   "lines": [
    "jewels."
   ]
  }, 
  {
   "begin": "11.560", 
   "end": "11.800", 
   "id": "f000020", 
   "language": "en", 
   "lines": [
    "&nbsp;"
   ]
  }, 
  {
   "begin": "11.800", 
   "end": "12.000", 
   "id": "f000021", 
   "language": "en", 
   "lines": [
    "Manta"
   ]
  }, 
  {
   "begin": "12.000", 
   "end": "12.880", 
   "id": "f000022", 
   "language": "en", 
   "lines": [
    "rays"
   ]
  }, 
  {
   "begin": "12.880", 
   "end": "13.240", 
   "id": "f000023", 
   "language": "en", 
   "lines": [
    "often"
   ]
  }, 
  {
   "begin": "13.240", 
   "end": "13.640", 
   "id": "f000024", 
   "language": "en", 
   "lines": [
    "visit"
   ]
  }, 
  {
   "begin": "13.640", 
   "end": "14.080", 
   "id": "f000025", 
   "language": "en", 
   "lines": [
    "cleaning"
   ]
  }, 
  {
   "begin": "14.080", 
   "end": "15.360", 
   "id": "f000026", 
   "language": "en", 
   "lines": [
    "stations."
   ]
  }, 
  {
   "begin": "15.360", 
   "end": "15.480", 
   "id": "f000027", 
   "language": "en", 
   "lines": [
    "A"
   ]
  }, 
  {
   "begin": "15.480", 
   "end": "15.920", 
   "id": "f000028", 
   "language": "en", 
   "lines": [
    "cleaning"
   ]
  }, 
  {
   "begin": "15.920", 
   "end": "16.480", 
   "id": "f000029", 
   "language": "en", 
   "lines": [
    "station"
   ]
  }, 
  {
   "begin": "16.480", 
   "end": "16.800", 
   "id": "f000030", 
   "language": "en", 
   "lines": [
    "can"
   ]
  }, 
  {
   "begin": "16.800", 
   "end": "16.840", 
   "id": "f000031", 
   "language": "en", 
   "lines": [
    "be"
   ]
  }, 
  {
   "begin": "16.840", 
   "end": "17.240", 
   "id": "f000032", 
   "language": "en", 
   "lines": [
    "called"
   ]
  }, 
  {
   "begin": "17.240", 
   "end": "17.840", 
   "id": "f000033", 
   "language": "en", 
   "lines": [
    "nature\u2019s"
   ]
  }, 
  {
   "begin": "17.840", 
   "end": "18.440", 
   "id": "f000034", 
   "language": "en", 
   "lines": [
    "hospital"
   ]
  }, 
  {
   "begin": "18.440", 
   "end": "18.480", 
   "id": "f000035", 
   "language": "en", 
   "lines": [
    "in"
   ]
  }, 
  {
   "begin": "18.480", 
   "end": "18.800", 
   "id": "f000036", 
   "language": "en", 
   "lines": [
    "the"
   ]
  }, 
  {
   "begin": "18.800", 
   "end": "19.960", 
   "id": "f000037", 
   "language": "en", 
   "lines": [
    "ocean."
   ]
  }, 
  {
   "begin": "19.960", 
   "end": "20.240", 
   "id": "f000038", 
   "language": "en", 
   "lines": [
    "Here,"
   ]
  }, 
  {
   "begin": "20.240", 
   "end": "20.680", 
   "id": "f000039", 
   "language": "en", 
   "lines": [
    "small"
   ]
  }, 
  {
   "begin": "20.680", 
   "end": "21.400", 
   "id": "f000040", 
   "language": "en", 
   "lines": [
    "fish"
   ]
  }, 
  {
   "begin": "21.400", 
   "end": "21.760", 
   "id": "f000041", 
   "language": "en", 
   "lines": [
    "such"
   ]
  }, 
  {
   "begin": "21.760", 
   "end": "22.000", 
   "id": "f000042", 
   "language": "en", 
   "lines": [
    "as"
   ]
  }, 
  {
   "begin": "22.000", 
   "end": "23.080", 
   "id": "f000043", 
   "language": "en", 
   "lines": [
    "angelfish"
   ]
  }, 
  {
   "begin": "23.080", 
   "end": "23.560", 
   "id": "f000044", 
   "language": "en", 
   "lines": [
    "swim"
   ]
  }, 
  {
   "begin": "23.560", 
   "end": "23.640", 
   "id": "f000045", 
   "language": "en", 
   "lines": [
    "in"
   ]
  }, 
  {
   "begin": "23.640", 
   "end": "23.800", 
   "id": "f000046", 
   "language": "en", 
   "lines": [
    "the"
   ]
  }, 
  {
   "begin": "23.800", 
   "end": "24.120", 
   "id": "f000047", 
   "language": "en", 
   "lines": [
    "manta"
   ]
  }, 
  {
   "begin": "24.120", 
   "end": "24.600", 
   "id": "f000048", 
   "language": "en", 
   "lines": [
    "ray\u2019s"
   ]
  }, 
  {
   "begin": "24.600", 
   "end": "25.280", 
   "id": "f000049", 
   "language": "en", 
   "lines": [
    "gills"
   ]
  }, 
  {
   "begin": "25.280", 
   "end": "25.520", 
   "id": "f000050", 
   "language": "en", 
   "lines": [
    "and"
   ]
  }, 
  {
   "begin": "25.520", 
   "end": "25.880", 
   "id": "f000051", 
   "language": "en", 
   "lines": [
    "over"
   ]
  }, 
  {
   "begin": "25.880", 
   "end": "26.200", 
   "id": "f000052", 
   "language": "en", 
   "lines": [
    "its"
   ]
  }, 
  {
   "begin": "26.200", 
   "end": "27.680", 
   "id": "f000053", 
   "language": "en", 
   "lines": [
    "skin."
   ]
  }, 
  {
   "begin": "27.680", 
   "end": "28.080", 
   "id": "f000054", 
   "language": "en", 
   "lines": [
    "They"
   ]
  }, 
  {
   "begin": "28.080", 
   "end": "28.320", 
   "id": "f000055", 
   "language": "en", 
   "lines": [
    "are"
   ]
  }, 
  {
   "begin": "28.320", 
   "end": "28.520", 
   "id": "f000056", 
   "language": "en", 
   "lines": [
    "called"
   ]
  }, 
  {
   "begin": "28.520", 
   "end": "28.920", 
   "id": "f000057", 
   "language": "en", 
   "lines": [
    "cleaner"
   ]
  }, 
  {
   "begin": "28.920", 
   "end": "29.680", 
   "id": "f000058", 
   "language": "en", 
   "lines": [
    "fish"
   ]
  }, 
  {
   "begin": "29.680", 
   "end": "30.160", 
   "id": "f000059", 
   "language": "en", 
   "lines": [
    "because,"
   ]
  }, 
  {
   "begin": "30.160", 
   "end": "30.440", 
   "id": "f000060", 
   "language": "en", 
   "lines": [
    "they"
   ]
  }, 
  {
   "begin": "30.440", 
   "end": "30.760", 
   "id": "f000061", 
   "language": "en", 
   "lines": [
    "clean"
   ]
  }, 
  {
   "begin": "30.760", 
   "end": "30.880", 
   "id": "f000062", 
   "language": "en", 
   "lines": [
    "the"
   ]
  }, 
  {
   "begin": "30.880", 
   "end": "31.240", 
   "id": "f000063", 
   "language": "en", 
   "lines": [
    "manta"
   ]
  }, 
  {
   "begin": "31.240", 
   "end": "31.640", 
   "id": "f000064", 
   "language": "en", 
   "lines": [
    "ray"
   ]
  }, 
  {
   "begin": "31.640", 
   "end": "32.320", 
   "id": "f000065", 
   "language": "en", 
   "lines": [
    "by"
   ]
  }, 
  {
   "begin": "32.320", 
   "end": "32.880", 
   "id": "f000066", 
   "language": "en", 
   "lines": [
    "eating"
   ]
  }, 
  {
   "begin": "32.880", 
   "end": "32.880", 
   "id": "f000067", 
   "language": "en", 
   "lines": [
    "up"
   ]
  }, 
  {
   "begin": "32.880", 
   "end": "33.920", 
   "id": "f000068", 
   "language": "en", 
   "lines": [
    "parasites"
   ]
  }, 
  {
   "begin": "33.920", 
   "end": "34.200", 
   "id": "f000069", 
   "language": "en", 
   "lines": [
    "and"
   ]
  }, 
  {
   "begin": "34.200", 
   "end": "34.480", 
   "id": "f000070", 
   "language": "en", 
   "lines": [
    "dead"
   ]
  }, 
  {
   "begin": "34.480", 
   "end": "35.560", 
   "id": "f000071", 
   "language": "en", 
   "lines": [
    "tissue."
   ]
  }, 
  {
   "begin": "35.560", 
   "end": "35.920", 
   "id": "f000072", 
   "language": "en", 
   "lines": [
    "Even"
   ]
  }, 
  {
   "begin": "35.920", 
   "end": "36.160", 
   "id": "f000073", 
   "language": "en", 
   "lines": [
    "though"
   ]
  }, 
  {
   "begin": "36.160", 
   "end": "36.520", 
   "id": "f000074", 
   "language": "en", 
   "lines": [
    "manta"
   ]
  }, 
  {
   "begin": "36.520", 
   "end": "37.000", 
   "id": "f000075", 
   "language": "en", 
   "lines": [
    "rays"
   ]
  }, 
  {
   "begin": "37.000", 
   "end": "37.200", 
   "id": "f000076", 
   "language": "en", 
   "lines": [
    "are"
   ]
  }, 
  {
   "begin": "37.200", 
   "end": "37.800", 
   "id": "f000077", 
   "language": "en", 
   "lines": [
    "huge,"
   ]
  }, 
  {
   "begin": "37.800", 
   "end": "38.080", 
   "id": "f000078", 
   "language": "en", 
   "lines": [
    "they"
   ]
  }, 
  {
   "begin": "38.080", 
   "end": "38.360", 
   "id": "f000079", 
   "language": "en", 
   "lines": [
    "are"
   ]
  }, 
  {
   "begin": "38.360", 
   "end": "38.760", 
   "id": "f000080", 
   "language": "en", 
   "lines": [
    "quite"
   ]
  }, 
  {
   "begin": "38.760", 
   "end": "40.040", 
   "id": "f000081", 
   "language": "en", 
   "lines": [
    "gentle."
   ]
  }, 
  {
   "begin": "40.040", 
   "end": "40.560", 
   "id": "f000082", 
   "language": "en", 
   "lines": [
    "&nbsp;"
   ]
  }, 
  {
   "begin": "40.560", 
   "end": "40.840", 
   "id": "f000083", 
   "language": "en", 
   "lines": [
    "They"
   ]
  }, 
  {
   "begin": "40.840", 
   "end": "41.080", 
   "id": "f000084", 
   "language": "en", 
   "lines": [
    "are"
   ]
  }, 
  {
   "begin": "41.080", 
   "end": "41.400", 
   "id": "f000085", 
   "language": "en", 
   "lines": [
    "hunted"
   ]
  }, 
  {
   "begin": "41.400", 
   "end": "41.600", 
   "id": "f000086", 
   "language": "en", 
   "lines": [
    "by"
   ]
  }, 
  {
   "begin": "41.600", 
   "end": "41.760", 
   "id": "f000087", 
   "language": "en", 
   "lines": [
    "many"
   ]
  }, 
  {
   "begin": "41.760", 
   "end": "42.400", 
   "id": "f000088", 
   "language": "en", 
   "lines": [
    "animals"
   ]
  }, 
  {
   "begin": "42.400", 
   "end": "42.720", 
   "id": "f000089", 
   "language": "en", 
   "lines": [
    "like"
   ]
  }, 
  {
   "begin": "42.720", 
   "end": "42.880", 
   "id": "f000090", 
   "language": "en", 
   "lines": [
    "big"
   ]
  }, 
  {
   "begin": "42.880", 
   "end": "43.800", 
   "id": "f000091", 
   "language": "en", 
   "lines": [
    "sharks,"
   ]
  }, 
  {
   "begin": "43.800", 
   "end": "44.680", 
   "id": "f000092", 
   "language": "en", 
   "lines": [
    "whales"
   ]
  }, 
  {
   "begin": "44.680", 
   "end": "44.920", 
   "id": "f000093", 
   "language": "en", 
   "lines": [
    "and"
   ]
  }, 
  {
   "begin": "44.920", 
   "end": "45.840", 
   "id": "f000094", 
   "language": "en", 
   "lines": [
    "humans."
   ]
  }
 ]
}