{
 "fragments": [
  {
   "begin": "0.000", 
   "end": "0.000", 
   "id": "f000001", 
   "language": "en", 
   "lines": [
    "How"
   ]
  }, 
  {
   "begin": "0.000", 
   "end": "0.240", 
   "id": "f000002", 
   "language": "en", 
   "lines": [
    "they"
   ]
  }, 
  {
   "begin": "0.240", 
   "end": "0.480", 
   "id": "f000003", 
   "language": "en", 
   "lines": [
    "had"
   ]
  }, 
  {
   "begin": "0.480", 
   "end": "0.800", 
   "id": "f000004", 
   "language": "en", 
   "lines": [
    "splashed"
   ]
  }, 
  {
   "begin": "0.800", 
   "end": "1.040", 
   "id": "f000005", 
   "language": "en", 
   "lines": [
    "and"
   ]
  }, 
  {
   "begin": "1.040", 
   "end": "1.920", 
   "id": "f000006", 
   "language": "en", 
   "lines": [
    "jumped"
   ]
  }, 
  {
   "begin": "1.920", 
   "end": "2.480", 
   "id": "f000007", 
   "language": "en", 
   "lines": [
    "out"
   ]
  }, 
  {
   "begin": "2.480", 
   "end": "2.680", 
   "id": "f000008", 
   "language": "en", 
   "lines": [
    "of"
   ]
  }, 
  {
   "begin": "2.680", 
   "end": "2.880", 
   "id": "f000009", 
   "language": "en", 
   "lines": [
    "the"
   ]
  }, 
  {
   "begin": "2.880", 
   "end": "3.800", 
   "id": "f000010", 
   "language": "en", 
   "lines": [
    "waters"
   ]
  }, 
  {
   "begin": "3.800", 
   "end": "3.920", 
   "id": "f000011", 
   "language": "en", 
   "lines": [
    "of"
   ]
  }, 
  {
   "begin": "3.920", 
   "end": "4.160", 
   "id": "f000012", 
   "language": "en", 
   "lines": [
    "the"
   ]
  }, 
  {
   "begin": "4.160", 
   "end": "4.800", 
   "id": "f000013", 
   "language": "en", 
   "lines": [
    "beautiful"
   ]
  }, 
  {
   "begin": "4.800", 
   "end": "5.160", 
   "id": "f000014", 
   "language": "en", 
   "lines": [
    "Indian"
   ]
  }, 
  {
   "begin": "5.160", 
   "end": "5.680", 
   "id": "f000015", 
   "language": "en", 
   "lines": [
    "Ocean!"
   ]
  }, 
  {
   "begin": "5.680", 
   "end": "6.600", 
   "id": "f000016", 
   "language": "en", 
   "lines": [
    "When"
   ]
  }, 
  {
   "begin": "6.600", 
   "end": "6.960", 
   "id": "f000017", 
   "language": "en", 
   "lines": [
    "he"
   ]
  }, 
  {
   "begin": "6.960", 
   "end": "7.320", 
   "id": "f000018", 
   "language": "en", 
   "lines": [
    "saw"
   ]
  }, 
  {
   "begin": "7.320", 
   "end": "7.400", 
   "id": "f000019", 
   "language": "en", 
   "lines": [
    "a"
   ]
  }, 
  {
   "begin": "7.400", 
   "end": "7.720", 
   "id": "f000020", 
   "language": "en", 
   "lines": [
    "ship"
   ]
  }, 
  {
   "begin": "7.720", 
   "end": "8.200", 
   "id": "f000021", 
   "language": "en", 
   "lines": [
    "ahead,"
   ]
  }, 
  {
   "begin": "8.200", 
   "end": "9.120", 
   "id": "f000022", 
   "language": "en", 
   "lines": [
    "Pishi"
   ]
  }, 
  {
   "begin": "9.120", 
   "end": "9.360", 
   "id": "f000023", 
   "language": "en", 
   "lines": [
    "had"
   ]
  }, 
  {
   "begin": "9.360", 
   "end": "9.800", 
   "id": "f000024", 
   "language": "en", 
   "lines": [
    "taken"
   ]
  }, 
  {
   "begin": "9.800", 
   "end": "9.920", 
   "id": "f000025", 
   "language": "en", 
   "lines": [
    "a"
   ]
  }, 
  {
   "begin": "9.920", 
   "end": "10.440", 
   "id": "f000026", 
   "language": "en", 
   "lines": [
    "huge"
   ]
  }, 
  {
   "begin": "10.440", 
   "end": "10.840", 
   "id": "f000027", 
   "language": "en", 
   "lines": [
    "dive"
   ]
  }, 
  {
   "begin": "10.840", 
   "end": "11.080", 
   "id": "f000028", 
   "language": "en", 
   "lines": [
    "in"
   ]
  }, 
  {
   "begin": "11.080", 
   "end": "11.360", 
   "id": "f000029", 
   "language": "en", 
   "lines": [
    "the"
   ]
  }, 
  {
   "begin": "11.360", 
   "end": "11.640", 
   "id": "f000030", 
   "language": "en", 
   "lines": [
    "water."
   ]
  }, 
  {
   "begin": "11.640", 
   "end": "12.400", 
   "id": "f000031", 
   "language": "en", 
   "lines": [
    "His"
   ]
  }, 
  {
   "begin": "12.400", 
   "end": "13.320", 
   "id": "f000032", 
   "language": "en", 
   "lines": [
    "friends"
   ]
  }, 
  {
   "begin": "13.320", 
   "end": "13.440", 
   "id": "f000033", 
   "language": "en", 
   "lines": [
    "scattered."
   ]
  }, 
  {
   "begin": "13.440", 
   "end": "13.680", 
   "id": "f000034", 
   "language": "en", 
   "lines": [
    "Pishi"
   ]
  }, 
  {
   "begin": "13.680", 
   "end": "14.960", 
   "id": "f000035", 
   "language": "en", 
   "lines": [
    "flapped"
   ]
  }, 
  {
   "begin": "14.960", 
   "end": "15.680", 
   "id": "f000036", 
   "language": "en", 
   "lines": [
    "his"
   ]
  }, 
  {
   "begin": "15.680", 
   "end": "16.640", 
   "id": "f000037", 
   "language": "en", 
   "lines": [
    "huge"
   ]
  }, 
  {
   "begin": "16.640", 
   "end": "17.320", 
   "id": "f000038", 
   "language": "en", 
   "lines": [
    "cloak-like"
   ]
  }, 
  {
   "begin": "17.320", 
   "end": "18.160", 
   "id": "f000039", 
   "language": "en", 
   "lines": [
    "fins"
   ]
  }, 
  {
   "begin": "18.160", 
   "end": "18.320", 
   "id": "f000040", 
   "language": "en", 
   "lines": [
    "and"
   ]
  }, 
  {
   "begin": "18.320", 
   "end": "18.680", 
   "id": "f000041", 
   "language": "en", 
   "lines": [
    "tried"
   ]
  }, 
  {
   "begin": "18.680", 
   "end": "18.800", 
   "id": "f000042", 
   "language": "en", 
   "lines": [
    "to"
   ]
  }, 
  {
   "begin": "18.800", 
   "end": "19.200", 
   "id": "f000043", 
   "language": "en", 
   "lines": [
    "swim"
   ]
  }, 
  {
   "begin": "19.200", 
   "end": "19.320", 
   "id": "f000044", 
   "language": "en", 
   "lines": [
    "to"
   ]
  }, 
  {
   "begin": "19.320", 
   "end": "20.520", 
   "id": "f000045", 
   "language": "en", 
   "lines": [
    "safety."
   ]
  }
 ]
}