{
 "fragments": [
  {
   "begin": "0.000", 
   "end": "0.960", 
   "id": "f000001", 
   "language": "en", 
   "lines": [
    "Pishi"
   ]
  }, 
  {
   "begin": "0.960", 
   "end": "1.200", 
   "id": "f000002", 
   "language": "en", 
   "lines": [
    "was"
   ]
  }, 
  {
   "begin": "1.200", 
   "end": "1.600", 
   "id": "f000003", 
   "language": "en", 
   "lines": [
    "feeling"
   ]
  }, 
  {
   "begin": "1.600", 
   "end": "2.400", 
   "id": "f000004", 
   "language": "en", 
   "lines": [
    "sad"
   ]
  }, 
  {
   "begin": "2.400", 
   "end": "2.800", 
   "id": "f000005", 
   "language": "en", 
   "lines": [
    "and"
   ]
  }, 
  {
   "begin": "2.800", 
   "end": "4.440", 
   "id": "f000006", 
   "language": "en", 
   "lines": [
    "lonely."
   ]
  }, 
  {
   "begin": "4.440", 
   "end": "4.920", 
   "id": "f000007", 
   "language": "en", 
   "lines": [
    "Just"
   ]
  }, 
  {
   "begin": "4.920", 
   "end": "5.080", 
   "id": "f000008", 
   "language": "en", 
   "lines": [
    "a"
   ]
  }, 
  {
   "begin": "5.080", 
   "end": "5.440", 
   "id": "f000009", 
   "language": "en", 
   "lines": [
    "day"
   ]
  }, 
  {
   "begin": "5.440", 
   "end": "6.160", 
   "id": "f000010", 
   "language": "en", 
   "lines": [
    "ago,"
   ]
  }, 
  {
   "begin": "6.160", 
   "end": "6.360", 
   "id": "f000011", 
   "language": "en", 
   "lines": [
    "he"
   ]
  }, 
  {
   "begin": "6.360", 
   "end": "6.600", 
   "id": "f000012", 
   "language": "en", 
   "lines": [
    "was"
   ]
  }, 
  {
   "begin": "6.600", 
   "end": "6.960", 
   "id": "f000013", 
   "language": "en", 
   "lines": [
    "one"
   ]
  }, 
  {
   "begin": "6.960", 
   "end": "7.120", 
   "id": "f000014", 
   "language": "en", 
   "lines": [
    "of"
   ]
  }, 
  {
   "begin": "7.120", 
   "end": "7.320", 
   "id": "f000015", 
   "language": "en", 
   "lines": [
    "a"
   ]
  }, 
  {
   "begin": "7.320", 
   "end": "7.480", 
   "id": "f000016", 
   "language": "en", 
   "lines": [
    "group"
   ]
  }, 
  {
   "begin": "7.480", 
   "end": "7.800", 
   "id": "f000017", 
   "language": "en", 
   "lines": [
    "of"
   ]
  }, 
  {
   "begin": "7.800", 
   "end": "8.120", 
   "id": "f000018", 
   "language": "en", 
   "lines": [
    "manta"
   ]
  }, 
  {
   "begin": "8.120", 
   "end": "8.720", 
   "id": "f000019", 
   "language": "en", 
   "lines": [
    "rays."
   ]
  }, 
  {
   "begin": "8.720", 
   "end": "9.320", 
   "id": "f000020", 
   "language": "en", 
   "lines": [
    "They"
   ]
  }, 
  {
   "begin": "9.320", 
   "end": "9.600", 
   "id": "f000021", 
   "language": "en", 
   "lines": [
    "were"
   ]
  }, 
  {
   "begin": "9.600", 
   "end": "10.560", 
   "id": "f000022", 
   "language": "en", 
   "lines": [
    "feasting"
   ]
  }, 
  {
   "begin": "10.560", 
   "end": "10.840", 
   "id": "f000023", 
   "language": "en", 
   "lines": [
    "on"
   ]
  }, 
  {
   "begin": "10.840", 
   "end": "11.400", 
   "id": "f000024", 
   "language": "en", 
   "lines": [
    "tonnes"
   ]
  }, 
  {
   "begin": "11.400", 
   "end": "11.480", 
   "id": "f000025", 
   "language": "en", 
   "lines": [
    "of"
   ]
  }, 
  {
   "begin": "11.480", 
   "end": "12.040", 
   "id": "f000026", 
   "language": "en", 
   "lines": [
    "fish,"
   ]
  }, 
  {
   "begin": "12.040", 
   "end": "12.640", 
   "id": "f000027", 
   "language": "en", 
   "lines": [
    "far"
   ]
  }, 
  {
   "begin": "12.640", 
   "end": "13.040", 
   "id": "f000028", 
   "language": "en", 
   "lines": [
    "from"
   ]
  }, 
  {
   "begin": "13.040", 
   "end": "13.080", 
   "id": "f000029", 
   "language": "en", 
   "lines": [
    "the"
   ]
  }, 
  {
   "begin": "13.080", 
   "end": "13.560", 
   "id": "f000030", 
   "language": "en", 
   "lines": [
    "coast"
   ]
  }, 
  {
   "begin": "13.560", 
   "end": "13.720", 
   "id": "f000031", 
   "language": "en", 
   "lines": [
    "of"
   ]
  }, 
  {
   "begin": "13.720", 
   "end": "13.920", 
   "id": "f000032", 
   "language": "en", 
   "lines": [
    "the"
   ]
  }, 
  {
   "begin": "13.920", 
   "end": "14.520", 
   "id": "f000033", 
   "language": "en", 
   "lines": [
    "Andaman"
   ]
  }, 
  {
   "begin": "14.520", 
   "end": "14.680", 
   "id": "f000034", 
   "language": "en", 
   "lines": [
    "and"
   ]
  }, 
  {
   "begin": "14.680", 
   "end": "15.360", 
   "id": "f000035", 
   "language": "en", 
   "lines": [
    "Nicobar"
   ]
  }, 
  {
   "begin": "15.360", 
   "end": "16.400", 
   "id": "f000036", 
   "language": "en", 
   "lines": [
    "Islands."
   ]
  }
 ]
}