{
 "fragments": [
  {
   "begin": "0.000", 
   "end": "0.320", 
   "id": "f000001", 
   "language": "en", 
   "lines": [
    "He"
   ]
  }, 
  {
   "begin": "0.320", 
   "end": "0.360", 
   "id": "f000002", 
   "language": "en", 
   "lines": [
    "knew"
   ]
  }, 
  {
   "begin": "0.360", 
   "end": "0.400", 
   "id": "f000003", 
   "language": "en", 
   "lines": [
    "what"
   ]
  }, 
  {
   "begin": "0.400", 
   "end": "0.440", 
   "id": "f000004", 
   "language": "en", 
   "lines": [
    "he"
   ]
  }, 
  {
   "begin": "0.440", 
   "end": "0.480", 
   "id": "f000005", 
   "language": "en", 
   "lines": [
    "had"
   ]
  }, 
  {
   "begin": "0.480", 
   "end": "0.920", 
   "id": "f000006", 
   "language": "en", 
   "lines": [
    "to"
   ]
  }, 
  {
   "begin": "0.920", 
   "end": "1.360", 
   "id": "f000007", 
   "language": "en", 
   "lines": [
    "do."
   ]
  }, 
  {
   "begin": "1.360", 
   "end": "1.560", 
   "id": "f000008", 
   "language": "en", 
   "lines": [
    "He"
   ]
  }, 
  {
   "begin": "1.560", 
   "end": "1.760", 
   "id": "f000009", 
   "language": "en", 
   "lines": [
    "had"
   ]
  }, 
  {
   "begin": "1.760", 
   "end": "3.360", 
   "id": "f000010", 
   "language": "en", 
   "lines": [
    "to"
   ]
  }, 
  {
   "begin": "3.360", 
   "end": "3.920", 
   "id": "f000011", 
   "language": "en", 
   "lines": [
    "find"
   ]
  }, 
  {
   "begin": "3.920", 
   "end": "4.560", 
   "id": "f000012", 
   "language": "en", 
   "lines": [
    "his"
   ]
  }, 
  {
   "begin": "4.560", 
   "end": "5.960", 
   "id": "f000013", 
   "language": "en", 
   "lines": [
    "friends."
   ]
  }, 
  {
   "begin": "5.960", 
   "end": "6.080", 
   "id": "f000014", 
   "language": "en", 
   "lines": [
    "But"
   ]
  }, 
  {
   "begin": "6.080", 
   "end": "6.880", 
   "id": "f000015", 
   "language": "en", 
   "lines": [
    "first"
   ]
  }, 
  {
   "begin": "6.880", 
   "end": "7.040", 
   "id": "f000016", 
   "language": "en", 
   "lines": [
    "he"
   ]
  }, 
  {
   "begin": "7.040", 
   "end": "7.160", 
   "id": "f000017", 
   "language": "en", 
   "lines": [
    "needed"
   ]
  }, 
  {
   "begin": "7.160", 
   "end": "7.720", 
   "id": "f000018", 
   "language": "en", 
   "lines": [
    "his"
   ]
  }, 
  {
   "begin": "7.720", 
   "end": "7.840", 
   "id": "f000019", 
   "language": "en", 
   "lines": [
    "wound"
   ]
  }, 
  {
   "begin": "7.840", 
   "end": "8.000", 
   "id": "f000020", 
   "language": "en", 
   "lines": [
    "to"
   ]
  }, 
  {
   "begin": "8.000", 
   "end": "8.120", 
   "id": "f000021", 
   "language": "en", 
   "lines": [
    "be"
   ]
  }, 
  {
   "begin": "8.120", 
   "end": "8.680", 
   "id": "f000022", 
   "language": "en", 
   "lines": [
    "treated."
   ]
  }, 
  {
   "begin": "8.680", 
   "end": "9.840", 
   "id": "f000023", 
   "language": "en", 
   "lines": [
    "He"
   ]
  }, 
  {
   "begin": "9.840", 
   "end": "10.760", 
   "id": "f000024", 
   "language": "en", 
   "lines": [
    "swam"
   ]
  }, 
  {
   "begin": "10.760", 
   "end": "11.080", 
   "id": "f000025", 
   "language": "en", 
   "lines": [
    "and"
   ]
  }, 
  {
   "begin": "11.080", 
   "end": "12.040", 
   "id": "f000026", 
   "language": "en", 
   "lines": [
    "glided"
   ]
  }, 
  {
   "begin": "12.040", 
   "end": "12.200", 
   "id": "f000027", 
   "language": "en", 
   "lines": [
    "as"
   ]
  }, 
  {
   "begin": "12.200", 
   "end": "12.840", 
   "id": "f000028", 
   "language": "en", 
   "lines": [
    "fast"
   ]
  }, 
  {
   "begin": "12.840", 
   "end": "13.160", 
   "id": "f000029", 
   "language": "en", 
   "lines": [
    "as"
   ]
  }, 
  {
   "begin": "13.160", 
   "end": "13.200", 
   "id": "f000030", 
   "language": "en", 
   "lines": [
    "he"
   ]
  }, 
  {
   "begin": "13.200", 
   "end": "13.600", 
   "id": "f000031", 
   "language": "en", 
   "lines": [
    "could"
   ]
  }, 
  {
   "begin": "13.600", 
   "end": "14.360", 
   "id": "f000032", 
   "language": "en", 
   "lines": [
    "towards"
   ]
  }, 
  {
   "begin": "14.360", 
   "end": "14.520", 
   "id": "f000033", 
   "language": "en", 
   "lines": [
    "the"
   ]
  }, 
  {
   "begin": "14.520", 
   "end": "15.400", 
   "id": "f000034", 
   "language": "en", 
   "lines": [
    "coast."
   ]
  }
 ]
}