{
 "fragments": [
  {
   "begin": "0.000", 
   "end": "0.720", 
   "id": "f000001", 
   "language": "en", 
   "lines": [
    "Pishi\u2019s"
   ]
  }, 
  {
   "begin": "0.720", 
   "end": "1.040", 
   "id": "f000002", 
   "language": "en", 
   "lines": [
    "heart"
   ]
  }, 
  {
   "begin": "1.040", 
   "end": "1.280", 
   "id": "f000003", 
   "language": "en", 
   "lines": [
    "beat"
   ]
  }, 
  {
   "begin": "1.280", 
   "end": "2.400", 
   "id": "f000004", 
   "language": "en", 
   "lines": [
    "fast."
   ]
  }, 
  {
   "begin": "2.400", 
   "end": "2.680", 
   "id": "f000005", 
   "language": "en", 
   "lines": [
    "He"
   ]
  }, 
  {
   "begin": "2.680", 
   "end": "2.960", 
   "id": "f000006", 
   "language": "en", 
   "lines": [
    "wished"
   ]
  }, 
  {
   "begin": "2.960", 
   "end": "3.040", 
   "id": "f000007", 
   "language": "en", 
   "lines": [
    "he"
   ]
  }, 
  {
   "begin": "3.040", 
   "end": "3.360", 
   "id": "f000008", 
   "language": "en", 
   "lines": [
    "was"
   ]
  }, 
  {
   "begin": "3.360", 
   "end": "3.600", 
   "id": "f000009", 
   "language": "en", 
   "lines": [
    "not"
   ]
  }, 
  {
   "begin": "3.600", 
   "end": "4.120", 
   "id": "f000010", 
   "language": "en", 
   "lines": [
    "so"
   ]
  }, 
  {
   "begin": "4.120", 
   "end": "4.520", 
   "id": "f000011", 
   "language": "en", 
   "lines": [
    "big"
   ]
  }, 
  {
   "begin": "4.520", 
   "end": "4.520", 
   "id": "f000012", 
   "language": "en", 
   "lines": [
    "\u2013"
   ]
  }, 
  {
   "begin": "4.520", 
   "end": "5.560", 
   "id": "f000013", 
   "language": "en", 
   "lines": [
    "10"
   ]
  }, 
  {
   "begin": "5.560", 
   "end": "6.000", 
   "id": "f000014", 
   "language": "en", 
   "lines": [
    "metres"
   ]
  }, 
  {
   "begin": "6.000", 
   "end": "7.200", 
   "id": "f000015", 
   "language": "en", 
   "lines": [
    "long,"
   ]
  }, 
  {
   "begin": "7.200", 
   "end": "7.440", 
   "id": "f000016", 
   "language": "en", 
   "lines": [
    "and"
   ]
  }, 
  {
   "begin": "7.440", 
   "end": "7.880", 
   "id": "f000017", 
   "language": "en", 
   "lines": [
    "weighing"
   ]
  }, 
  {
   "begin": "7.880", 
   "end": "8.240", 
   "id": "f000018", 
   "language": "en", 
   "lines": [
    "over"
   ]
  }, 
  {
   "begin": "8.240", 
   "end": "8.960", 
   "id": "f000019", 
   "language": "en", 
   "lines": [
    "900"
   ]
  }, 
  {
   "begin": "8.960", 
   "end": "10.600", 
   "id": "f000020", 
   "language": "en", 
   "lines": [
    "kilograms!"
   ]
  }, 
  {
   "begin": "10.600", 
   "end": "11.000", 
   "id": "f000021", 
   "language": "en", 
   "lines": [
    "He"
   ]
  }, 
  {
   "begin": "11.000", 
   "end": "11.160", 
   "id": "f000022", 
   "language": "en", 
   "lines": [
    "had"
   ]
  }, 
  {
   "begin": "11.160", 
   "end": "11.560", 
   "id": "f000023", 
   "language": "en", 
   "lines": [
    "to"
   ]
  }, 
  {
   "begin": "11.560", 
   "end": "12.040", 
   "id": "f000024", 
   "language": "en", 
   "lines": [
    "get"
   ]
  }, 
  {
   "begin": "12.040", 
   "end": "12.080", 
   "id": "f000025", 
   "language": "en", 
   "lines": [
    "to"
   ]
  }, 
  {
   "begin": "12.080", 
   "end": "12.160", 
   "id": "f000026", 
   "language": "en", 
   "lines": [
    "a"
   ]
  }, 
  {
   "begin": "12.160", 
   "end": "12.680", 
   "id": "f000027", 
   "language": "en", 
   "lines": [
    "hospital."
   ]
  }, 
  {
   "begin": "12.680", 
   "end": "13.440", 
   "id": "f000028", 
   "language": "en", 
   "lines": [
    "Fast!"
   ]
  }, 
  {
   "begin": "13.440", 
   "end": "13.960", 
   "id": "f000029", 
   "language": "en", 
   "lines": [
    "His"
   ]
  }, 
  {
   "begin": "13.960", 
   "end": "14.520", 
   "id": "f000030", 
   "language": "en", 
   "lines": [
    "life"
   ]
  }, 
  {
   "begin": "14.520", 
   "end": "15.000", 
   "id": "f000031", 
   "language": "en", 
   "lines": [
    "depended"
   ]
  }, 
  {
   "begin": "15.000", 
   "end": "15.200", 
   "id": "f000032", 
   "language": "en", 
   "lines": [
    "on"
   ]
  }, 
  {
   "begin": "15.200", 
   "end": "15.560", 
   "id": "f000033", 
   "language": "en", 
   "lines": [
    "it."
   ]
  }
 ]
}