{"id":111,"name":"Grandma\u2019s Glasses","writtenby":"Rohini Nilekani","illustrationsby":"Tanaya Vyas","translationby":"","source":"Pratham Books","status":"active","level":2,"pages":[{"id":1198,"content":"Nani keeps losing her glasses. \u201cWhere did I keep them?\u201d she always asks. Without her glasses, she cannot find her glasses.","pageno":1,"image":"4013ad9aa1743afd9f906b13fe926cbc.jpg","audio":"7664e597c053e1cbfffe5b1491b9c9de.mp3","audio_map":"6b54a2711c699b969cd7c49f1c60bcdf.json","language":[]},{"id":1199,"content":"So she needs me. To be her eyes, to find her own eyes!","pageno":2,"image":"0899e75d96e4ed9513d59612ff96d2d7.jpg","audio":"4f98e1f8262c34940efc8966dc970b5c.mp3","audio_map":"31818959bbf531c7874c0fdc635e9af9.json","language":[]},{"id":1200,"content":"Sometimes her spectacles are in the bathroom. Or on her bed. Or on her head. \u201cNani,\u201d I say, \u201cthey are on your head!\u201d","pageno":3,"image":"467eb9574db42e8e48239cbf9923cc20.jpg","audio":"283e7ce4cb4a0ddbf4a219b11edeae97.mp3","audio_map":"7bd3e387fd699052bd8434cff2fb4ff5.json","language":[]},{"id":1201,"content":"\u201cOf course! How silly of me. Thank you, Richa dear,\u201d she says with a giggle. This time, though, I cannot find Nani\u2019s glasses. Not yet.","pageno":4,"image":"2601d29640d50181317f39d25e892674.jpg","audio":"77bcd044d105a49d381f6213e4c7fa71.mp3","audio_map":"aad41f04e3388ca08bf56b7b23eb9be0.json","language":[]},{"id":1202,"content":"I have looked everywhere. In all the usual places. On her head, in the bathroom, inside her cupboard, and on the puja shelf. I have looked under her favourite chair and on the dining table. \nNothing. No glasses. Where could they be ?","pageno":5,"image":"f871929a9438c03db26aefd3a4c50be2.jpg","audio":"0e8bab26779814ea4a1457e46c1798bd.mp3","audio_map":"438001c253113e81070a2c88b127b1e6.json","language":[]},{"id":1203,"content":"I decided to be a good detective. I decided to find out what she had done all day.","pageno":6,"image":"0cb900e0aebe0c037564459356521403.jpg","audio":"27992070cd8212bdc2bf4bef0c1d6739.mp3","audio_map":"93cde5e9ad3bfd9351734a8be923d755.json","language":[]},{"id":1204,"content":"\u201cI did nothing much today. Except that Veena\u2019s mother-in-law came, you know. And how much she gossips! We had many cups of tea. And she ate all the laddoos your mother had made,\u201d said Nani.","pageno":7,"image":"4804d8b21f377f38c33417687b475b4e.jpg","audio":"294042812d1f713ae6e5497d60f1372d.mp3","audio_map":"33d589e9a76a725ada0e377a71be5171.json","language":[]},{"id":1205,"content":"Raju said, \u201cNani was very busy today. She wrote a letter to the Chief Minister about her pension.\u201d","pageno":8,"image":"05d6268668fdb9057ee81a55f1358b75.jpg","audio":"66a4181f987f343f46f4750ed0d568de.mp3","audio_map":"5483e6f6779a60d7b158ee8a4988b295.json","language":[]},{"id":1206,"content":"Amma said, \u201cShe spoke for a long time to your Masi. She finished knitting the sweater for Raju. And then she went for a short walk.\u201d\n\nI now had many clues. I quickly looked around new places in the house. \u00a0 Aha! I have found the missing glasses!","pageno":9,"image":"0d21c72866c08aeba84aa423adf7b727.jpg","audio":"1fec5beee5a7bda2677d723fdb57525f.mp3","audio_map":"5e8989247701378b5a5a09485fb4d6ce.json","language":[]},{"id":1207,"content":"The spectacles were wrapped in wool, kept next to her pen, under the phone, on her desk. And I found a half-eaten laddoo there as well. For Nani's next birthday, I will save money for an extra pair of glasses!\n\n\nNani: Hindi word for grandmother Masi: Hindi word for mother's sister","pageno":10,"image":"7c3ea9281e0681ac7a29cb9fcb302e6d.jpg","audio":"155b68a0b4b9afc95d41d4899815f244.mp3","audio_map":"cbd3325e348c3a41792ca8b271e62944.json","language":[]}],"language":[],"questions":[{"id":5713,"type":"pre","storypage_id":0,"order_number":1,"title":"Learning new words","question":{"question_type":"vocabulary","question":{"text":"Learning new words","image":"","type":"text"},"words":[{"word":"glasses","image":"29fe6d91df08047b2434dadb9b3ecd79.png"},{"word":"cupboard","image":"da77cc97338ae962ac08ffd36e54ccb8.png"},{"word":"shelf","image":"e7f6593825421e60a1eb528c23475116.png"},{"word":"wool","image":"a96948bad8f323e95dfbd73a22d33381.png"}]},"score":1,"question_template_id":21,"question_template":"Vocab"},{"id":5794,"type":"pre","storypage_id":0,"order_number":2,"title":"What do you think this story is about?","question":{"question_type":"mcq_single_answer","question":{"text":"What do you think this story is about?","image":"","type":"text"},"options":[{"text":"A grandmother","type":"text","image":"","ans":1},{"text":"Glasses","type":"text","image":"","ans":1},{"text":"Spectacles","type":"text","image":"","ans":1},{"text":"A mouse","type":"text","image":"","ans":1}],"answers":["A grandmother","Glasses","Spectacles","A mouse"]},"score":1,"question_template_id":2,"question_template":"Text MCQ"},{"id":5800,"type":"post","storypage_id":0,"order_number":1,"title":"What is happening in this picture?","question":{"question_type":"story_read_aloud","question":{"text":"","image":"68ab5e3a4de0431c28cacc4067f4a25b.jpg","type":"image"}},"score":1,"question_template_id":8,"question_template":"MCQ with images"},{"id":5795,"type":"during","storypage_id":1198,"order_number":1,"title":"Choose the correct answer.","question":{"question_type":"mcq_single_answer","question":{"text":"What does Nani keep losing?","image":"","type":"text"},"options":[{"text":"Her glasses.","type":"both","image":"d8a9870b84e06671ac6277e02ea726a9.png","ans":1},{"text":"Her sarees.","type":"both","image":"da6fe7c8bfcfa358db2143e53a5d1303.png","ans":0},{"text":"Her chairs.","type":"both","image":"71caefeca4b0cbcaba3813dc043d37f5.png","ans":0},{"text":"Her desks.","type":"both","image":"0b3fff5401dfae9fe61677984eddea6d.png","ans":0}],"answers":["Her glasses."]},"score":1,"question_template_id":2,"question_template":"Text MCQ"},{"id":5796,"type":"during","storypage_id":1200,"order_number":2,"title":"Choose all the correct answers.","question":{"question_type":"mcq_multiple_answer","question":{"text":"Where are Nani's glasses usually?","image":"","type":"text"},"options":[{"text":"Bathroom","type":"both","image":"2b1fae1cc8a353e2cb7281aac0593679.png","ans":1},{"text":"Bed","type":"both","image":"ac75236f6c0d9380afb8fd0ba0fe9af7.png","ans":1},{"text":"Head","type":"both","image":"afb480ad35957c7f5c37067b9e9b9d36.png","ans":1},{"text":"Floor","type":"both","image":"6fb1f85bffeeaeda9a83a76d893da412.png","ans":0}],"answers":["Bathroom","Bed","Head"]},"score":1,"question_template_id":12,"question_template":"MCQ Multiple Answer with images"},{"id":5797,"type":"during","storypage_id":1202,"order_number":3,"title":"Choose all the correct answers.","question":{"question_type":"mcq_multiple_answer","question":{"text":"Where all did the girl search for the glasses this time?","image":"","type":"text"},"options":[{"text":"On Nani's head.","type":"both","image":"31140926f70894403055c8b8060477c8.png","ans":1},{"text":"In the bathroom.","type":"both","image":"fcf1c4d36d3c3ddab252a391578be01a.png","ans":1},{"text":"Inside the cupboard.","type":"both","image":"4693f8f648a59ec06a096a46e90e37ed.png","ans":1},{"text":"On the puja shelf.","type":"both","image":"c534dbc4ae9ae6afb325b58f93c2cc4c.png","ans":1}],"answers":["On Nani's head.","In the bathroom.","Inside the cupboard.","On the puja shelf."]},"score":1,"question_template_id":12,"question_template":"MCQ Multiple Answer with images"},{"id":5798,"type":"during","storypage_id":1206,"order_number":4,"title":"Choose all the correct answers.","question":{"question_type":"mcq_multiple_answer","question":{"text":"What all had Nani done that day?","image":"","type":"text"},"options":[{"text":"She gossiped.","type":"both","image":"93ae5b3d84b0820dfcf910327a31b9ab.png","ans":1},{"text":"She ate laddoos.","type":"both","image":"a5e28e66dc0ea02803ac809a74a86a1a.png","ans":0},{"text":"She wrote a letter.","type":"both","image":"d8eb380b0daab265e86ea686c93c4b90.png","ans":1},{"text":"She played tennis.","type":"both","image":"a966a50beeaf98376543c646cb0ef29a.png","ans":0}],"answers":["She gossiped.","She wrote a letter."]},"score":1,"question_template_id":12,"question_template":"MCQ Multiple Answer with images"},{"id":5799,"type":"during","storypage_id":1207,"order_number":5,"title":"Choose the correct answer.","question":{"question_type":"mcq_single_answer","question":{"text":"Where were Nani's glasses all along?","image":"","type":"text"},"options":[{"text":"Next to the phone.","type":"both","image":"81cd660d58fcccadb648408407378a5b.png","ans":1},{"text":"Inside the cupboard.","type":"both","image":"7ba483f9b4edd0fd09ba02f3eeca340e.png","ans":0},{"text":"In the bathroom.","type":"both","image":"15158a8b36d1005969f9c3774df95a8c.png","ans":0},{"text":"In the park.","type":"both","image":"5bc3f6a446b5930d01f0e0cb374fa2f5.png","ans":0}],"answers":["Next to the phone."]},"score":1,"question_template_id":2,"question_template":"Text MCQ"}]}