{
 "fragments": [
  {
   "begin": "0.000", 
   "end": "0.240", 
   "id": "f000001", 
   "language": "en", 
   "lines": [
    "So"
   ]
  }, 
  {
   "begin": "0.240", 
   "end": "0.880", 
   "id": "f000002", 
   "language": "en", 
   "lines": [
    "she"
   ]
  }, 
  {
   "begin": "0.880", 
   "end": "1.360", 
   "id": "f000003", 
   "language": "en", 
   "lines": [
    "needs"
   ]
  }, 
  {
   "begin": "1.360", 
   "end": "1.720", 
   "id": "f000004", 
   "language": "en", 
   "lines": [
    "me."
   ]
  }, 
  {
   "begin": "1.720", 
   "end": "1.720", 
   "id": "f000005", 
   "language": "en", 
   "lines": [
    "To"
   ]
  }, 
  {
   "begin": "1.720", 
   "end": "1.760", 
   "id": "f000006", 
   "language": "en", 
   "lines": [
    "be"
   ]
  }, 
  {
   "begin": "1.760", 
   "end": "3.240", 
   "id": "f000007", 
   "language": "en", 
   "lines": [
    "her"
   ]
  }, 
  {
   "begin": "3.240", 
   "end": "3.400", 
   "id": "f000008", 
   "language": "en", 
   "lines": [
    "eyes,"
   ]
  }, 
  {
   "begin": "3.400", 
   "end": "3.400", 
   "id": "f000009", 
   "language": "en", 
   "lines": [
    "to"
   ]
  }, 
  {
   "begin": "3.400", 
   "end": "4.600", 
   "id": "f000010", 
   "language": "en", 
   "lines": [
    "find"
   ]
  }, 
  {
   "begin": "4.600", 
   "end": "5.160", 
   "id": "f000011", 
   "language": "en", 
   "lines": [
    "her"
   ]
  }, 
  {
   "begin": "5.160", 
   "end": "5.400", 
   "id": "f000012", 
   "language": "en", 
   "lines": [
    "own"
   ]
  }, 
  {
   "begin": "5.400", 
   "end": "6.640", 
   "id": "f000013", 
   "language": "en", 
   "lines": [
    "eyes!"
   ]
  }
 ]
}