{
 "fragments": [
  {
   "begin": "0.000", 
   "end": "0.000", 
   "id": "f000001", 
   "language": "en", 
   "lines": [
    ""
   ]
  }, 
  {
   "begin": "0.000", 
   "end": "0.000", 
   "id": "f000002", 
   "language": "en", 
   "lines": [
    ""
   ]
  }, 
  {
   "begin": "0.000", 
   "end": "0.000", 
   "id": "f000003", 
   "language": "en", 
   "lines": [
    ""
   ]
  }, 
  {
   "begin": "0.000", 
   "end": "0.000", 
   "id": "f000004", 
   "language": "en", 
   "lines": [
    ""
   ]
  }, 
  {
   "begin": "0.000", 
   "end": "0.000", 
   "id": "f000005", 
   "language": "en", 
   "lines": [
    ""
   ]
  }, 
  {
   "begin": "0.000", 
   "end": "0.760", 
   "id": "f000006", 
   "language": "en", 
   "lines": [
    "\u201cI"
   ]
  }, 
  {
   "begin": "0.760", 
   "end": "1.320", 
   "id": "f000007", 
   "language": "en", 
   "lines": [
    "did"
   ]
  }, 
  {
   "begin": "1.320", 
   "end": "1.640", 
   "id": "f000008", 
   "language": "en", 
   "lines": [
    "nothing"
   ]
  }, 
  {
   "begin": "1.640", 
   "end": "2.080", 
   "id": "f000009", 
   "language": "en", 
   "lines": [
    "much"
   ]
  }, 
  {
   "begin": "2.080", 
   "end": "3.560", 
   "id": "f000010", 
   "language": "en", 
   "lines": [
    "today."
   ]
  }, 
  {
   "begin": "3.560", 
   "end": "4.400", 
   "id": "f000011", 
   "language": "en", 
   "lines": [
    "Except"
   ]
  }, 
  {
   "begin": "4.400", 
   "end": "5.200", 
   "id": "f000012", 
   "language": "en", 
   "lines": [
    "that"
   ]
  }, 
  {
   "begin": "5.200", 
   "end": "6.040", 
   "id": "f000013", 
   "language": "en", 
   "lines": [
    "Veena\u2019s"
   ]
  }, 
  {
   "begin": "6.040", 
   "end": "6.920", 
   "id": "f000014", 
   "language": "en", 
   "lines": [
    "mother-in-law"
   ]
  }, 
  {
   "begin": "6.920", 
   "end": "7.360", 
   "id": "f000015", 
   "language": "en", 
   "lines": [
    "came,"
   ]
  }, 
  {
   "begin": "7.360", 
   "end": "7.760", 
   "id": "f000016", 
   "language": "en", 
   "lines": [
    "you"
   ]
  }, 
  {
   "begin": "7.760", 
   "end": "9.560", 
   "id": "f000017", 
   "language": "en", 
   "lines": [
    "know."
   ]
  }, 
  {
   "begin": "9.560", 
   "end": "10.040", 
   "id": "f000018", 
   "language": "en", 
   "lines": [
    "And"
   ]
  }, 
  {
   "begin": "10.040", 
   "end": "10.360", 
   "id": "f000019", 
   "language": "en", 
   "lines": [
    "how"
   ]
  }, 
  {
   "begin": "10.360", 
   "end": "10.680", 
   "id": "f000020", 
   "language": "en", 
   "lines": [
    "much"
   ]
  }, 
  {
   "begin": "10.680", 
   "end": "10.960", 
   "id": "f000021", 
   "language": "en", 
   "lines": [
    "she"
   ]
  }, 
  {
   "begin": "10.960", 
   "end": "12.120", 
   "id": "f000022", 
   "language": "en", 
   "lines": [
    "gossips!"
   ]
  }, 
  {
   "begin": "12.120", 
   "end": "12.320", 
   "id": "f000023", 
   "language": "en", 
   "lines": [
    "We"
   ]
  }, 
  {
   "begin": "12.320", 
   "end": "13.680", 
   "id": "f000024", 
   "language": "en", 
   "lines": [
    "had"
   ]
  }, 
  {
   "begin": "13.680", 
   "end": "13.880", 
   "id": "f000025", 
   "language": "en", 
   "lines": [
    "many"
   ]
  }, 
  {
   "begin": "13.880", 
   "end": "14.240", 
   "id": "f000026", 
   "language": "en", 
   "lines": [
    "cups"
   ]
  }, 
  {
   "begin": "14.240", 
   "end": "14.240", 
   "id": "f000027", 
   "language": "en", 
   "lines": [
    "of"
   ]
  }, 
  {
   "begin": "14.240", 
   "end": "15.280", 
   "id": "f000028", 
   "language": "en", 
   "lines": [
    "tea."
   ]
  }, 
  {
   "begin": "15.280", 
   "end": "15.880", 
   "id": "f000029", 
   "language": "en", 
   "lines": [
    "And"
   ]
  }, 
  {
   "begin": "15.880", 
   "end": "16.080", 
   "id": "f000030", 
   "language": "en", 
   "lines": [
    "she"
   ]
  }, 
  {
   "begin": "16.080", 
   "end": "16.160", 
   "id": "f000031", 
   "language": "en", 
   "lines": [
    "ate"
   ]
  }, 
  {
   "begin": "16.160", 
   "end": "16.160", 
   "id": "f000032", 
   "language": "en", 
   "lines": [
    "all"
   ]
  }, 
  {
   "begin": "16.160", 
   "end": "16.360", 
   "id": "f000033", 
   "language": "en", 
   "lines": [
    "the"
   ]
  }, 
  {
   "begin": "16.360", 
   "end": "17.200", 
   "id": "f000034", 
   "language": "en", 
   "lines": [
    "laddoos"
   ]
  }, 
  {
   "begin": "17.200", 
   "end": "17.640", 
   "id": "f000035", 
   "language": "en", 
   "lines": [
    "your"
   ]
  }, 
  {
   "begin": "17.640", 
   "end": "18.040", 
   "id": "f000036", 
   "language": "en", 
   "lines": [
    "mother"
   ]
  }, 
  {
   "begin": "18.040", 
   "end": "18.280", 
   "id": "f000037", 
   "language": "en", 
   "lines": [
    "had"
   ]
  }, 
  {
   "begin": "18.280", 
   "end": "19.600", 
   "id": "f000038", 
   "language": "en", 
   "lines": [
    "made,\u201d"
   ]
  }, 
  {
   "begin": "19.600", 
   "end": "20.640", 
   "id": "f000039", 
   "language": "en", 
   "lines": [
    "said"
   ]
  }, 
  {
   "begin": "20.640", 
   "end": "21.160", 
   "id": "f000040", 
   "language": "en", 
   "lines": [
    "Nani."
   ]
  }
 ]
}