{
 "fragments": [
  {
   "begin": "0.000", 
   "end": "0.440", 
   "id": "f000001", 
   "language": "en", 
   "lines": [
    "I"
   ]
  }, 
  {
   "begin": "0.440", 
   "end": "1.040", 
   "id": "f000002", 
   "language": "en", 
   "lines": [
    "have"
   ]
  }, 
  {
   "begin": "1.040", 
   "end": "1.320", 
   "id": "f000003", 
   "language": "en", 
   "lines": [
    "looked"
   ]
  }, 
  {
   "begin": "1.320", 
   "end": "2.040", 
   "id": "f000004", 
   "language": "en", 
   "lines": [
    "everywhere."
   ]
  }, 
  {
   "begin": "2.040", 
   "end": "3.240", 
   "id": "f000005", 
   "language": "en", 
   "lines": [
    "In"
   ]
  }, 
  {
   "begin": "3.240", 
   "end": "3.600", 
   "id": "f000006", 
   "language": "en", 
   "lines": [
    "all"
   ]
  }, 
  {
   "begin": "3.600", 
   "end": "4.120", 
   "id": "f000007", 
   "language": "en", 
   "lines": [
    "the"
   ]
  }, 
  {
   "begin": "4.120", 
   "end": "4.800", 
   "id": "f000008", 
   "language": "en", 
   "lines": [
    "usual"
   ]
  }, 
  {
   "begin": "4.800", 
   "end": "6.240", 
   "id": "f000009", 
   "language": "en", 
   "lines": [
    "places."
   ]
  }, 
  {
   "begin": "6.240", 
   "end": "6.440", 
   "id": "f000010", 
   "language": "en", 
   "lines": [
    "On"
   ]
  }, 
  {
   "begin": "6.440", 
   "end": "6.680", 
   "id": "f000011", 
   "language": "en", 
   "lines": [
    "her"
   ]
  }, 
  {
   "begin": "6.680", 
   "end": "7.040", 
   "id": "f000012", 
   "language": "en", 
   "lines": [
    "head,"
   ]
  }, 
  {
   "begin": "7.040", 
   "end": "7.560", 
   "id": "f000013", 
   "language": "en", 
   "lines": [
    "in"
   ]
  }, 
  {
   "begin": "7.560", 
   "end": "7.880", 
   "id": "f000014", 
   "language": "en", 
   "lines": [
    "the"
   ]
  }, 
  {
   "begin": "7.880", 
   "end": "9.320", 
   "id": "f000015", 
   "language": "en", 
   "lines": [
    "bathroom,"
   ]
  }, 
  {
   "begin": "9.320", 
   "end": "9.840", 
   "id": "f000016", 
   "language": "en", 
   "lines": [
    "inside"
   ]
  }, 
  {
   "begin": "9.840", 
   "end": "10.080", 
   "id": "f000017", 
   "language": "en", 
   "lines": [
    "her"
   ]
  }, 
  {
   "begin": "10.080", 
   "end": "10.440", 
   "id": "f000018", 
   "language": "en", 
   "lines": [
    "cupboard,"
   ]
  }, 
  {
   "begin": "10.440", 
   "end": "11.680", 
   "id": "f000019", 
   "language": "en", 
   "lines": [
    "and"
   ]
  }, 
  {
   "begin": "11.680", 
   "end": "12.000", 
   "id": "f000020", 
   "language": "en", 
   "lines": [
    "on"
   ]
  }, 
  {
   "begin": "12.000", 
   "end": "12.480", 
   "id": "f000021", 
   "language": "en", 
   "lines": [
    "the"
   ]
  }, 
  {
   "begin": "12.480", 
   "end": "13.000", 
   "id": "f000022", 
   "language": "en", 
   "lines": [
    "puja"
   ]
  }, 
  {
   "begin": "13.000", 
   "end": "13.520", 
   "id": "f000023", 
   "language": "en", 
   "lines": [
    "shelf."
   ]
  }, 
  {
   "begin": "13.520", 
   "end": "14.880", 
   "id": "f000024", 
   "language": "en", 
   "lines": [
    "I"
   ]
  }, 
  {
   "begin": "14.880", 
   "end": "15.320", 
   "id": "f000025", 
   "language": "en", 
   "lines": [
    "have"
   ]
  }, 
  {
   "begin": "15.320", 
   "end": "15.640", 
   "id": "f000026", 
   "language": "en", 
   "lines": [
    "looked"
   ]
  }, 
  {
   "begin": "15.640", 
   "end": "16.240", 
   "id": "f000027", 
   "language": "en", 
   "lines": [
    "under"
   ]
  }, 
  {
   "begin": "16.240", 
   "end": "17.000", 
   "id": "f000028", 
   "language": "en", 
   "lines": [
    "her"
   ]
  }, 
  {
   "begin": "17.000", 
   "end": "17.440", 
   "id": "f000029", 
   "language": "en", 
   "lines": [
    "favourite"
   ]
  }, 
  {
   "begin": "17.440", 
   "end": "18.160", 
   "id": "f000030", 
   "language": "en", 
   "lines": [
    "chair"
   ]
  }, 
  {
   "begin": "18.160", 
   "end": "18.680", 
   "id": "f000031", 
   "language": "en", 
   "lines": [
    "and"
   ]
  }, 
  {
   "begin": "18.680", 
   "end": "19.040", 
   "id": "f000032", 
   "language": "en", 
   "lines": [
    "on"
   ]
  }, 
  {
   "begin": "19.040", 
   "end": "19.240", 
   "id": "f000033", 
   "language": "en", 
   "lines": [
    "the"
   ]
  }, 
  {
   "begin": "19.240", 
   "end": "19.480", 
   "id": "f000034", 
   "language": "en", 
   "lines": [
    "dining"
   ]
  }, 
  {
   "begin": "19.480", 
   "end": "20.520", 
   "id": "f000035", 
   "language": "en", 
   "lines": [
    "table.\n"
   ]
  }, 
  {
   "begin": "20.520", 
   "end": "20.520", 
   "id": "f000036", 
   "language": "en", 
   "lines": [
    ""
   ]
  }, 
  {
   "begin": "20.520", 
   "end": "20.520", 
   "id": "f000037", 
   "language": "en", 
   "lines": [
    ""
   ]
  }, 
  {
   "begin": "20.520", 
   "end": "21.920", 
   "id": "f000038", 
   "language": "en", 
   "lines": [
    "Nothing."
   ]
  }, 
  {
   "begin": "21.920", 
   "end": "22.240", 
   "id": "f000039", 
   "language": "en", 
   "lines": [
    "No"
   ]
  }, 
  {
   "begin": "22.240", 
   "end": "22.880", 
   "id": "f000040", 
   "language": "en", 
   "lines": [
    "glasses."
   ]
  }, 
  {
   "begin": "22.880", 
   "end": "22.880", 
   "id": "f000041", 
   "language": "en", 
   "lines": [
    "Where"
   ]
  }, 
  {
   "begin": "22.880", 
   "end": "23.880", 
   "id": "f000042", 
   "language": "en", 
   "lines": [
    "could"
   ]
  }, 
  {
   "begin": "23.880", 
   "end": "24.360", 
   "id": "f000043", 
   "language": "en", 
   "lines": [
    "they"
   ]
  }, 
  {
   "begin": "24.360", 
   "end": "24.680", 
   "id": "f000044", 
   "language": "en", 
   "lines": [
    "be"
   ]
  }, 
  {
   "begin": "24.680", 
   "end": "25.040", 
   "id": "f000045", 
   "language": "en", 
   "lines": [
    "?"
   ]
  }
 ]
}