{
 "fragments": [
  {
   "begin": "0.000", 
   "end": "0.400", 
   "id": "f000001", 
   "language": "en", 
   "lines": [
    "Raju"
   ]
  }, 
  {
   "begin": "0.400", 
   "end": "0.960", 
   "id": "f000002", 
   "language": "en", 
   "lines": [
    "said,"
   ]
  }, 
  {
   "begin": "0.960", 
   "end": "2.200", 
   "id": "f000003", 
   "language": "en", 
   "lines": [
    "\u201cNani"
   ]
  }, 
  {
   "begin": "2.200", 
   "end": "2.800", 
   "id": "f000004", 
   "language": "en", 
   "lines": [
    "was"
   ]
  }, 
  {
   "begin": "2.800", 
   "end": "2.840", 
   "id": "f000005", 
   "language": "en", 
   "lines": [
    "very"
   ]
  }, 
  {
   "begin": "2.840", 
   "end": "3.240", 
   "id": "f000006", 
   "language": "en", 
   "lines": [
    "busy"
   ]
  }, 
  {
   "begin": "3.240", 
   "end": "4.520", 
   "id": "f000007", 
   "language": "en", 
   "lines": [
    "today."
   ]
  }, 
  {
   "begin": "4.520", 
   "end": "4.880", 
   "id": "f000008", 
   "language": "en", 
   "lines": [
    "She"
   ]
  }, 
  {
   "begin": "4.880", 
   "end": "5.120", 
   "id": "f000009", 
   "language": "en", 
   "lines": [
    "wrote"
   ]
  }, 
  {
   "begin": "5.120", 
   "end": "5.480", 
   "id": "f000010", 
   "language": "en", 
   "lines": [
    "a"
   ]
  }, 
  {
   "begin": "5.480", 
   "end": "5.720", 
   "id": "f000011", 
   "language": "en", 
   "lines": [
    "letter"
   ]
  }, 
  {
   "begin": "5.720", 
   "end": "5.920", 
   "id": "f000012", 
   "language": "en", 
   "lines": [
    "to"
   ]
  }, 
  {
   "begin": "5.920", 
   "end": "6.080", 
   "id": "f000013", 
   "language": "en", 
   "lines": [
    "the"
   ]
  }, 
  {
   "begin": "6.080", 
   "end": "6.520", 
   "id": "f000014", 
   "language": "en", 
   "lines": [
    "Chief"
   ]
  }, 
  {
   "begin": "6.520", 
   "end": "7.160", 
   "id": "f000015", 
   "language": "en", 
   "lines": [
    "Minister"
   ]
  }, 
  {
   "begin": "7.160", 
   "end": "7.560", 
   "id": "f000016", 
   "language": "en", 
   "lines": [
    "about"
   ]
  }, 
  {
   "begin": "7.560", 
   "end": "7.720", 
   "id": "f000017", 
   "language": "en", 
   "lines": [
    "her"
   ]
  }, 
  {
   "begin": "7.720", 
   "end": "8.680", 
   "id": "f000018", 
   "language": "en", 
   "lines": [
    "pension.\u201d"
   ]
  }
 ]
}