{
 "fragments": [ 
  {
   "begin": "1.120", 
   "end": "1.120", 
   "id": "f000005", 
   "language": "en", 
   "lines": [
    "Amma"
   ]
  }, 
  {
   "begin": "1.120", 
   "end": "1.160", 
   "id": "f000006", 
   "language": "en", 
   "lines": [
    "said,"
   ]
  }, 
  {
   "begin": "1.160", 
   "end": "2.360", 
   "id": "f000007", 
   "language": "en", 
   "lines": [
    "\u201cShe"
   ]
  }, 
  {
   "begin": "2.360", 
   "end": "2.360", 
   "id": "f000008", 
   "language": "en", 
   "lines": [
    "spoke"
   ]
  }, 
  {
   "begin": "2.360", 
   "end": "2.600", 
   "id": "f000009", 
   "language": "en", 
   "lines": [
    "for"
   ]
  }, 
  {
   "begin": "2.600", 
   "end": "2.600", 
   "id": "f000010", 
   "language": "en", 
   "lines": [
    "a"
   ]
  }, 
  {
   "begin": "2.600", 
   "end": "2.600", 
   "id": "f000011", 
   "language": "en", 
   "lines": [
    "long"
   ]
  }, 
  {
   "begin": "2.600", 
   "end": "3.480", 
   "id": "f000012", 
   "language": "en", 
   "lines": [
    "time"
   ]
  }, 
  {
   "begin": "3.480", 
   "end": "3.840", 
   "id": "f000013", 
   "language": "en", 
   "lines": [
    "to"
   ]
  }, 
  {
   "begin": "3.840", 
   "end": "4.120", 
   "id": "f000014", 
   "language": "en", 
   "lines": [
    "your"
   ]
  }, 
  {
   "begin": "4.120", 
   "end": "5.280", 
   "id": "f000015", 
   "language": "en", 
   "lines": [
    "Masi."
   ]
  }, 
  {
   "begin": "5.280", 
   "end": "5.480", 
   "id": "f000016", 
   "language": "en", 
   "lines": [
    "She"
   ]
  }, 
  {
   "begin": "5.480", 
   "end": "5.920", 
   "id": "f000017", 
   "language": "en", 
   "lines": [
    "finished"
   ]
  }, 
  {
   "begin": "5.920", 
   "end": "6.040", 
   "id": "f000018", 
   "language": "en", 
   "lines": [
    "knitting"
   ]
  }, 
  {
   "begin": "6.040", 
   "end": "6.320", 
   "id": "f000019", 
   "language": "en", 
   "lines": [
    "the"
   ]
  }, 
  {
   "begin": "6.320", 
   "end": "6.880", 
   "id": "f000020", 
   "language": "en", 
   "lines": [
    "sweater"
   ]
  }, 
  {
   "begin": "6.880", 
   "end": "7.120", 
   "id": "f000021", 
   "language": "en", 
   "lines": [
    "for"
   ]
  }, 
  {
   "begin": "7.120", 
   "end": "7.680", 
   "id": "f000022", 
   "language": "en", 
   "lines": [
    "Raju."
   ]
  }, 
  {
   "begin": "7.680", 
   "end": "7.720", 
   "id": "f000023", 
   "language": "en", 
   "lines": [
    "And"
   ]
  }, 
  {
   "begin": "7.720", 
   "end": "8.800", 
   "id": "f000024", 
   "language": "en", 
   "lines": [
    "then"
   ]
  }, 
  {
   "begin": "8.800", 
   "end": "9.240", 
   "id": "f000025", 
   "language": "en", 
   "lines": [
    "she"
   ]
  }, 
  {
   "begin": "9.240", 
   "end": "9.240", 
   "id": "f000026", 
   "language": "en", 
   "lines": [
    "went"
   ]
  }, 
  {
   "begin": "9.240", 
   "end": "9.880", 
   "id": "f000027", 
   "language": "en", 
   "lines": [
    "for"
   ]
  }, 
  {
   "begin": "9.880", 
   "end": "10.000", 
   "id": "f000028", 
   "language": "en", 
   "lines": [
    "a"
   ]
  }, 
  {
   "begin": "10.000", 
   "end": "10.080", 
   "id": "f000029", 
   "language": "en", 
   "lines": [
    "short"
   ]
  }, 
  {
   "begin": "10.080", 
   "end": "10.280", 
   "id": "f000030", 
   "language": "en", 
   "lines": [
    "walk.\u201d\n\n"
   ]
  }, 
  {
   "begin": "10.280", 
   "end": "10.440", 
   "id": "f000031", 
   "language": "en", 
   "lines": [
    ""
   ]
  }, 
  {
   "begin": "10.440", 
   "end": "10.440", 
   "id": "f000032", 
   "language": "en", 
   "lines": [
    ""
   ]
  }, 
  {
   "begin": "10.440", 
   "end": "10.440", 
   "id": "f000033", 
   "language": "en", 
   "lines": [
    ""
   ]
  }, 
  {
   "begin": "10.440", 
   "end": "10.440", 
   "id": "f000034", 
   "language": "en", 
   "lines": [
    ""
   ]
  }, 
  {
   "begin": "10.440", 
   "end": "11.240", 
   "id": "f000035", 
   "language": "en", 
   "lines": [
    "I"
   ]
  }, 
  {
   "begin": "11.240", 
   "end": "11.520", 
   "id": "f000036", 
   "language": "en", 
   "lines": [
    "now"
   ]
  }, 
  {
   "begin": "11.520", 
   "end": "12.200", 
   "id": "f000037", 
   "language": "en", 
   "lines": [
    "had"
   ]
  }, 
  {
   "begin": "12.200", 
   "end": "12.680", 
   "id": "f000038", 
   "language": "en", 
   "lines": [
    "many"
   ]
  }, 
  {
   "begin": "12.680", 
   "end": "14.040", 
   "id": "f000039", 
   "language": "en", 
   "lines": [
    "clues."
   ]
  }, 
  {
   "begin": "14.040", 
   "end": "14.240", 
   "id": "f000040", 
   "language": "en", 
   "lines": [
    "I"
   ]
  }, 
  {
   "begin": "14.240", 
   "end": "14.960", 
   "id": "f000041", 
   "language": "en", 
   "lines": [
    "quickly"
   ]
  }, 
  {
   "begin": "14.960", 
   "end": "15.080", 
   "id": "f000042", 
   "language": "en", 
   "lines": [
    "looked"
   ]
  }, 
  {
   "begin": "15.080", 
   "end": "15.640", 
   "id": "f000043", 
   "language": "en", 
   "lines": [
    "around"
   ]
  }, 
  {
   "begin": "15.640", 
   "end": "15.920", 
   "id": "f000044", 
   "language": "en", 
   "lines": [
    "new"
   ]
  }, 
  {
   "begin": "15.920", 
   "end": "16.520", 
   "id": "f000045", 
   "language": "en", 
   "lines": [
    "places"
   ]
  }, 
  {
   "begin": "16.520", 
   "end": "16.600", 
   "id": "f000046", 
   "language": "en", 
   "lines": [
    "in"
   ]
  }, 
  {
   "begin": "16.600", 
   "end": "16.800", 
   "id": "f000047", 
   "language": "en", 
   "lines": [
    "the"
   ]
  }, 
  {
   "begin": "16.800", 
   "end": "17.320", 
   "id": "f000048", 
   "language": "en", 
   "lines": [
    "house."
   ]
  }, 
  {
   "begin": "17.320", 
   "end": "18.920", 
   "id": "f000049", 
   "language": "en", 
   "lines": [
    "&nbsp;"
   ]
  }, 
  {
   "begin": "18.920", 
   "end": "18.920", 
   "id": "f000050", 
   "language": "en", 
   "lines": [
    "Aha!"
   ]
  }, 
  {
   "begin": "18.920", 
   "end": "18.920", 
   "id": "f000051", 
   "language": "en", 
   "lines": [
    "I"
   ]
  }, 
  {
   "begin": "18.920", 
   "end": "19.440", 
   "id": "f000052", 
   "language": "en", 
   "lines": [
    "have"
   ]
  }, 
  {
   "begin": "19.440", 
   "end": "20.320", 
   "id": "f000053", 
   "language": "en", 
   "lines": [
    "found"
   ]
  }, 
  {
   "begin": "20.320", 
   "end": "20.440", 
   "id": "f000054", 
   "language": "en", 
   "lines": [
    "the"
   ]
  }, 
  {
   "begin": "20.440", 
   "end": "20.920", 
   "id": "f000055", 
   "language": "en", 
   "lines": [
    "missing"
   ]
  }, 
  {
   "begin": "20.920", 
   "end": "21.880", 
   "id": "f000056", 
   "language": "en", 
   "lines": [
    "glasses!"
   ]
  }
 ]
}