{
 "fragments": [
  {
   "begin": "0.000", 
   "end": "1.240", 
   "id": "f000001", 
   "language": "en", 
   "lines": [
    "Sometimes"
   ]
  }, 
  {
   "begin": "1.240", 
   "end": "1.440", 
   "id": "f000002", 
   "language": "en", 
   "lines": [
    "her"
   ]
  }, 
  {
   "begin": "1.440", 
   "end": "3.160", 
   "id": "f000003", 
   "language": "en", 
   "lines": [
    "spectacles"
   ]
  }, 
  {
   "begin": "3.160", 
   "end": "3.360", 
   "id": "f000004", 
   "language": "en", 
   "lines": [
    "are"
   ]
  }, 
  {
   "begin": "3.360", 
   "end": "3.440", 
   "id": "f000005", 
   "language": "en", 
   "lines": [
    "in"
   ]
  }, 
  {
   "begin": "3.440", 
   "end": "3.440", 
   "id": "f000006", 
   "language": "en", 
   "lines": [
    "the"
   ]
  }, 
  {
   "begin": "3.440", 
   "end": "4.160", 
   "id": "f000007", 
   "language": "en", 
   "lines": [
    "bathroom."
   ]
  }, 
  {
   "begin": "4.160", 
   "end": "4.520", 
   "id": "f000008", 
   "language": "en", 
   "lines": [
    "Or"
   ]
  }, 
  {
   "begin": "4.520", 
   "end": "5.040", 
   "id": "f000009", 
   "language": "en", 
   "lines": [
    "on"
   ]
  }, 
  {
   "begin": "5.040", 
   "end": "5.320", 
   "id": "f000010", 
   "language": "en", 
   "lines": [
    "her"
   ]
  }, 
  {
   "begin": "5.320", 
   "end": "6.160", 
   "id": "f000011", 
   "language": "en", 
   "lines": [
    "bed."
   ]
  }, 
  {
   "begin": "6.160", 
   "end": "6.400", 
   "id": "f000012", 
   "language": "en", 
   "lines": [
    "Or"
   ]
  }, 
  {
   "begin": "6.400", 
   "end": "6.400", 
   "id": "f000013", 
   "language": "en", 
   "lines": [
    "on"
   ]
  }, 
  {
   "begin": "6.400", 
   "end": "6.400", 
   "id": "f000014", 
   "language": "en", 
   "lines": [
    "her"
   ]
  }, 
  {
   "begin": "6.400", 
   "end": "7.360", 
   "id": "f000015", 
   "language": "en", 
   "lines": [
    "head.\n"
   ]
  }, 
  {
   "begin": "7.360", 
   "end": "9.320", 
   "id": "f000016", 
   "language": "en", 
   "lines": [
    "\u201cNani,\u201d"
   ]
  }, 
  {
   "begin": "9.320", 
   "end": "9.600", 
   "id": "f000017", 
   "language": "en", 
   "lines": [
    "I"
   ]
  }, 
  {
   "begin": "9.600", 
   "end": "9.920", 
   "id": "f000018", 
   "language": "en", 
   "lines": [
    "say,"
   ]
  }, 
  {
   "begin": "9.920", 
   "end": "9.920", 
   "id": "f000019", 
   "language": "en", 
   "lines": [
    "\u201cthey"
   ]
  }, 
  {
   "begin": "9.920", 
   "end": "10.520", 
   "id": "f000020", 
   "language": "en", 
   "lines": [
    "are"
   ]
  }, 
  {
   "begin": "10.520", 
   "end": "10.600", 
   "id": "f000021", 
   "language": "en", 
   "lines": [
    "on"
   ]
  }, 
  {
   "begin": "10.600", 
   "end": "11.360", 
   "id": "f000022", 
   "language": "en", 
   "lines": [
    "your"
   ]
  }, 
  {
   "begin": "11.360", 
   "end": "12.200", 
   "id": "f000023", 
   "language": "en", 
   "lines": [
    "head!\u201d"
   ]
  }
 ]
}