{
 "fragments": [
  {
   "begin": "0.000", 
   "end": "0.600", 
   "id": "f000001", 
   "language": "en", 
   "lines": [
    "I"
   ]
  }, 
  {
   "begin": "0.600", 
   "end": "1.080", 
   "id": "f000002", 
   "language": "en", 
   "lines": [
    "decided"
   ]
  }, 
  {
   "begin": "1.080", 
   "end": "1.360", 
   "id": "f000003", 
   "language": "en", 
   "lines": [
    "to"
   ]
  }, 
  {
   "begin": "1.360", 
   "end": "1.880", 
   "id": "f000004", 
   "language": "en", 
   "lines": [
    "be"
   ]
  }, 
  {
   "begin": "1.880", 
   "end": "2.480", 
   "id": "f000005", 
   "language": "en", 
   "lines": [
    "a"
   ]
  }, 
  {
   "begin": "2.480", 
   "end": "2.800", 
   "id": "f000006", 
   "language": "en", 
   "lines": [
    "good"
   ]
  }, 
  {
   "begin": "2.800", 
   "end": "3.360", 
   "id": "f000007", 
   "language": "en", 
   "lines": [
    "detective."
   ]
  }, 
  {
   "begin": "3.360", 
   "end": "4.480", 
   "id": "f000008", 
   "language": "en", 
   "lines": [
    "I"
   ]
  }, 
  {
   "begin": "4.480", 
   "end": "5.240", 
   "id": "f000009", 
   "language": "en", 
   "lines": [
    "decided"
   ]
  }, 
  {
   "begin": "5.240", 
   "end": "5.440", 
   "id": "f000010", 
   "language": "en", 
   "lines": [
    "to"
   ]
  }, 
  {
   "begin": "5.440", 
   "end": "6.040", 
   "id": "f000011", 
   "language": "en", 
   "lines": [
    "find"
   ]
  }, 
  {
   "begin": "6.040", 
   "end": "6.600", 
   "id": "f000012", 
   "language": "en", 
   "lines": [
    "out"
   ]
  }, 
  {
   "begin": "6.600", 
   "end": "6.840", 
   "id": "f000013", 
   "language": "en", 
   "lines": [
    "what"
   ]
  }, 
  {
   "begin": "6.840", 
   "end": "7.320", 
   "id": "f000014", 
   "language": "en", 
   "lines": [
    "she"
   ]
  }, 
  {
   "begin": "7.320", 
   "end": "7.680", 
   "id": "f000015", 
   "language": "en", 
   "lines": [
    "had"
   ]
  }, 
  {
   "begin": "7.680", 
   "end": "8.080", 
   "id": "f000016", 
   "language": "en", 
   "lines": [
    "done"
   ]
  }, 
  {
   "begin": "8.080", 
   "end": "8.400", 
   "id": "f000017", 
   "language": "en", 
   "lines": [
    "all"
   ]
  }, 
  {
   "begin": "8.400", 
   "end": "8.560", 
   "id": "f000018", 
   "language": "en", 
   "lines": [
    "day."
   ]
  }
 ]
}