{
 "fragments": [ 
  {
   "begin": "1.800", 
   "end": "1.920", 
   "id": "f000006", 
   "language": "en", 
   "lines": [
    "The"
   ]
  }, 
  {
   "begin": "1.920", 
   "end": "2.360", 
   "id": "f000007", 
   "language": "en", 
   "lines": [
    "spectacles"
   ]
  }, 
  {
   "begin": "2.360", 
   "end": "2.720", 
   "id": "f000008", 
   "language": "en", 
   "lines": [
    "were"
   ]
  }, 
  {
   "begin": "2.720", 
   "end": "3.360", 
   "id": "f000009", 
   "language": "en", 
   "lines": [
    "wrapped"
   ]
  }, 
  {
   "begin": "3.360", 
   "end": "3.760", 
   "id": "f000010", 
   "language": "en", 
   "lines": [
    "in"
   ]
  }, 
  {
   "begin": "3.760", 
   "end": "4.040", 
   "id": "f000011", 
   "language": "en", 
   "lines": [
    "wool,"
   ]
  }, 
  {
   "begin": "4.040", 
   "end": "4.240", 
   "id": "f000012", 
   "language": "en", 
   "lines": [
    "kept"
   ]
  }, 
  {
   "begin": "4.240", 
   "end": "4.360", 
   "id": "f000013", 
   "language": "en", 
   "lines": [
    "next"
   ]
  }, 
  {
   "begin": "4.360", 
   "end": "4.400", 
   "id": "f000014", 
   "language": "en", 
   "lines": [
    "to"
   ]
  }, 
  {
   "begin": "4.400", 
   "end": "4.760", 
   "id": "f000015", 
   "language": "en", 
   "lines": [
    "her"
   ]
  }, 
  {
   "begin": "4.760", 
   "end": "5.000", 
   "id": "f000016", 
   "language": "en", 
   "lines": [
    "pen,"
   ]
  }, 
  {
   "begin": "5.000", 
   "end": "5.240", 
   "id": "f000017", 
   "language": "en", 
   "lines": [
    "under"
   ]
  }, 
  {
   "begin": "5.240", 
   "end": "5.240", 
   "id": "f000018", 
   "language": "en", 
   "lines": [
    "the"
   ]
  }, 
  {
   "begin": "5.240", 
   "end": "6.280", 
   "id": "f000019", 
   "language": "en", 
   "lines": [
    "phone,"
   ]
  }, 
  {
   "begin": "6.280", 
   "end": "6.400", 
   "id": "f000020", 
   "language": "en", 
   "lines": [
    "on"
   ]
  }, 
  {
   "begin": "6.400", 
   "end": "7.680", 
   "id": "f000021", 
   "language": "en", 
   "lines": [
    "her"
   ]
  }, 
  {
   "begin": "7.680", 
   "end": "8.160", 
   "id": "f000022", 
   "language": "en", 
   "lines": [
    "desk."
   ]
  }, 
  {
   "begin": "8.160", 
   "end": "9.680", 
   "id": "f000023", 
   "language": "en", 
   "lines": [
    "And"
   ]
  }, 
  {
   "begin": "9.680", 
   "end": "10.000", 
   "id": "f000024", 
   "language": "en", 
   "lines": [
    "I"
   ]
  }, 
  {
   "begin": "10.000", 
   "end": "10.960", 
   "id": "f000025", 
   "language": "en", 
   "lines": [
    "found"
   ]
  }, 
  {
   "begin": "10.960", 
   "end": "11.160", 
   "id": "f000026", 
   "language": "en", 
   "lines": [
    "a"
   ]
  }, 
  {
   "begin": "11.160", 
   "end": "11.960", 
   "id": "f000027", 
   "language": "en", 
   "lines": [
    "half-eaten"
   ]
  }, 
  {
   "begin": "11.960", 
   "end": "12.360", 
   "id": "f000028", 
   "language": "en", 
   "lines": [
    "laddoo"
   ]
  }, 
  {
   "begin": "12.360", 
   "end": "13.480", 
   "id": "f000029", 
   "language": "en", 
   "lines": [
    "there"
   ]
  }, 
  {
   "begin": "13.480", 
   "end": "13.840", 
   "id": "f000030", 
   "language": "en", 
   "lines": [
    "as"
   ]
  }, 
  {
   "begin": "13.840", 
   "end": "14.360", 
   "id": "f000031", 
   "language": "en", 
   "lines": [
    "well."
   ]
  }, 
  {
   "begin": "14.360", 
   "end": "14.680", 
   "id": "f000032", 
   "language": "en", 
   "lines": [
    "For"
   ]
  }, 
  {
   "begin": "14.680", 
   "end": "15.240", 
   "id": "f000033", 
   "language": "en", 
   "lines": [
    "Nani's"
   ]
  }, 
  {
   "begin": "15.240", 
   "end": "15.880", 
   "id": "f000034", 
   "language": "en", 
   "lines": [
    "next"
   ]
  }, 
  {
   "begin": "15.880", 
   "end": "16.800", 
   "id": "f000035", 
   "language": "en", 
   "lines": [
    "birthday,"
   ]
  }, 
  {
   "begin": "16.800", 
   "end": "17.000", 
   "id": "f000036", 
   "language": "en", 
   "lines": [
    "I"
   ]
  }, 
  {
   "begin": "17.000", 
   "end": "17.240", 
   "id": "f000037", 
   "language": "en", 
   "lines": [
    "will"
   ]
  }, 
  {
   "begin": "17.240", 
   "end": "17.920", 
   "id": "f000038", 
   "language": "en", 
   "lines": [
    "save"
   ]
  }, 
  {
   "begin": "17.920", 
   "end": "17.920", 
   "id": "f000039", 
   "language": "en", 
   "lines": [
    "money"
   ]
  }, 
  {
   "begin": "17.920", 
   "end": "18.160", 
   "id": "f000040", 
   "language": "en", 
   "lines": [
    "for"
   ]
  }, 
  {
   "begin": "18.160", 
   "end": "18.160", 
   "id": "f000041", 
   "language": "en", 
   "lines": [
    "an"
   ]
  }, 
  {
   "begin": "18.160", 
   "end": "18.560", 
   "id": "f000042", 
   "language": "en", 
   "lines": [
    "extra"
   ]
  }, 
  {
   "begin": "18.560", 
   "end": "18.560", 
   "id": "f000043", 
   "language": "en", 
   "lines": [
    "pair"
   ]
  }, 
  {
   "begin": "18.560", 
   "end": "18.600", 
   "id": "f000044", 
   "language": "en", 
   "lines": [
    "of"
   ]
  }, 
  {
   "begin": "18.600", 
   "end": "18.600", 
   "id": "f000045", 
   "language": "en", 
   "lines": [
    "glasses!\n\n\n"
   ]
  }, 
  {
   "begin": "18.600", 
   "end": "18.600", 
   "id": "f000046", 
   "language": "en", 
   "lines": [
    ""
   ]
  }, 
  {
   "begin": "18.600", 
   "end": "18.600", 
   "id": "f000047", 
   "language": "en", 
   "lines": [
    ""
   ]
  }, 
  {
   "begin": "18.600", 
   "end": "18.600", 
   "id": "f000048", 
   "language": "en", 
   "lines": [
    ""
   ]
  }, 
  {
   "begin": "18.600", 
   "end": "18.600", 
   "id": "f000049", 
   "language": "en", 
   "lines": [
    ""
   ]
  }, 
  {
   "begin": "18.600", 
   "end": "18.600", 
   "id": "f000050", 
   "language": "en", 
   "lines": [
    ""
   ]
  }, 
  {
   "begin": "18.600", 
   "end": "18.600", 
   "id": "f000051", 
   "language": "en", 
   "lines": [
    ""
   ]
  }, 
  {
   "begin": "18.600", 
   "end": "18.600", 
   "id": "f000052", 
   "language": "en", 
   "lines": [
    ""
   ]
  }, 
  {
   "begin": "18.600", 
   "end": "18.600", 
   "id": "f000053", 
   "language": "en", 
   "lines": [
    "Nani:"
   ]
  }, 
  {
   "begin": "18.600", 
   "end": "18.640", 
   "id": "f000054", 
   "language": "en", 
   "lines": [
    "Hindi"
   ]
  }, 
  {
   "begin": "18.640", 
   "end": "19.000", 
   "id": "f000055", 
   "language": "en", 
   "lines": [
    "word"
   ]
  }, 
  {
   "begin": "19.000", 
   "end": "19.080", 
   "id": "f000056", 
   "language": "en", 
   "lines": [
    "for"
   ]
  }, 
  {
   "begin": "19.080", 
   "end": "19.440", 
   "id": "f000057", 
   "language": "en", 
   "lines": [
    "grandmother Masi:"
   ]
  }, 
  {
   "begin": "19.440", 
   "end": "19.840", 
   "id": "f000058", 
   "language": "en", 
   "lines": [
    "Hindi"
   ]
  }, 
  {
   "begin": "19.840", 
   "end": "19.840", 
   "id": "f000059", 
   "language": "en", 
   "lines": [
    "word"
   ]
  }, 
  {
   "begin": "19.840", 
   "end": "19.840", 
   "id": "f000060", 
   "language": "en", 
   "lines": [
    "for"
   ]
  }, 
  {
   "begin": "19.840", 
   "end": "19.840", 
   "id": "f000061", 
   "language": "en", 
   "lines": [
    "mother's"
   ]
  }, 
  {
   "begin": "19.840", 
   "end": "20.080", 
   "id": "f000062", 
   "language": "en", 
   "lines": [
    "sister"
   ]
  }
 ]
}