{
 "fragments": [
  {
   "begin": "0.000", 
   "end": "0.360", 
   "id": "f000001", 
   "language": "en", 
   "lines": [
    "As"
   ]
  }, 
  {
   "begin": "0.360", 
   "end": "0.840", 
   "id": "f000002", 
   "language": "en", 
   "lines": [
    "soon"
   ]
  }, 
  {
   "begin": "0.840", 
   "end": "0.960", 
   "id": "f000003", 
   "language": "en", 
   "lines": [
    "as"
   ]
  }, 
  {
   "begin": "0.960", 
   "end": "1.120", 
   "id": "f000004", 
   "language": "en", 
   "lines": [
    "the"
   ]
  }, 
  {
   "begin": "1.120", 
   "end": "1.720", 
   "id": "f000005", 
   "language": "en", 
   "lines": [
    "villagers"
   ]
  }, 
  {
   "begin": "1.720", 
   "end": "2.000", 
   "id": "f000006", 
   "language": "en", 
   "lines": [
    "heard"
   ]
  }, 
  {
   "begin": "2.000", 
   "end": "2.760", 
   "id": "f000007", 
   "language": "en", 
   "lines": [
    "this,"
   ]
  }, 
  {
   "begin": "2.760", 
   "end": "2.920", 
   "id": "f000008", 
   "language": "en", 
   "lines": [
    "they"
   ]
  }, 
  {
   "begin": "2.920", 
   "end": "3.200", 
   "id": "f000009", 
   "language": "en", 
   "lines": [
    "ran"
   ]
  }, 
  {
   "begin": "3.200", 
   "end": "3.280", 
   "id": "f000010", 
   "language": "en", 
   "lines": [
    "to"
   ]
  }, 
  {
   "begin": "3.280", 
   "end": "3.520", 
   "id": "f000011", 
   "language": "en", 
   "lines": [
    "see"
   ]
  }, 
  {
   "begin": "3.520", 
   "end": "3.640", 
   "id": "f000012", 
   "language": "en", 
   "lines": [
    "the"
   ]
  }, 
  {
   "begin": "3.640", 
   "end": "4.200", 
   "id": "f000013", 
   "language": "en", 
   "lines": [
    "leftover"
   ]
  }, 
  {
   "begin": "4.200", 
   "end": "4.800", 
   "id": "f000014", 
   "language": "en", 
   "lines": [
    "dumplings"
   ]
  }, 
  {
   "begin": "4.800", 
   "end": "4.880", 
   "id": "f000015", 
   "language": "en", 
   "lines": [
    "in"
   ]
  }, 
  {
   "begin": "4.880", 
   "end": "5.000", 
   "id": "f000016", 
   "language": "en", 
   "lines": [
    "the"
   ]
  }, 
  {
   "begin": "5.000", 
   "end": "5.760", 
   "id": "f000017", 
   "language": "en", 
   "lines": [
    "pot."
   ]
  }, 
  {
   "begin": "5.760", 
   "end": "6.000", 
   "id": "f000018", 
   "language": "en", 
   "lines": [
    "But"
   ]
  }, 
  {
   "begin": "6.000", 
   "end": "6.160", 
   "id": "f000019", 
   "language": "en", 
   "lines": [
    "all"
   ]
  }, 
  {
   "begin": "6.160", 
   "end": "6.440", 
   "id": "f000020", 
   "language": "en", 
   "lines": [
    "they"
   ]
  }, 
  {
   "begin": "6.440", 
   "end": "6.720", 
   "id": "f000021", 
   "language": "en", 
   "lines": [
    "saw"
   ]
  }, 
  {
   "begin": "6.720", 
   "end": "6.960", 
   "id": "f000022", 
   "language": "en", 
   "lines": [
    "was"
   ]
  }, 
  {
   "begin": "6.960", 
   "end": "7.000", 
   "id": "f000023", 
   "language": "en", 
   "lines": [
    "a"
   ]
  }, 
  {
   "begin": "7.000", 
   "end": "7.320", 
   "id": "f000024", 
   "language": "en", 
   "lines": [
    "pot"
   ]
  }, 
  {
   "begin": "7.320", 
   "end": "7.720", 
   "id": "f000025", 
   "language": "en", 
   "lines": [
    "full"
   ]
  }, 
  {
   "begin": "7.720", 
   "end": "7.880", 
   "id": "f000026", 
   "language": "en", 
   "lines": [
    "of"
   ]
  }, 
  {
   "begin": "7.880", 
   "end": "8.960", 
   "id": "f000027", 
   "language": "en", 
   "lines": [
    "mud!"
   ]
  }, 
  {
   "begin": "8.960", 
   "end": "9.200", 
   "id": "f000028", 
   "language": "en", 
   "lines": [
    "And"
   ]
  }, 
  {
   "begin": "9.200", 
   "end": "9.360", 
   "id": "f000029", 
   "language": "en", 
   "lines": [
    "when"
   ]
  }, 
  {
   "begin": "9.360", 
   "end": "9.520", 
   "id": "f000030", 
   "language": "en", 
   "lines": [
    "they"
   ]
  }, 
  {
   "begin": "9.520", 
   "end": "9.800", 
   "id": "f000031", 
   "language": "en", 
   "lines": [
    "turned"
   ]
  }, 
  {
   "begin": "9.800", 
   "end": "10.040", 
   "id": "f000032", 
   "language": "en", 
   "lines": [
    "to"
   ]
  }, 
  {
   "begin": "10.040", 
   "end": "10.120", 
   "id": "f000033", 
   "language": "en", 
   "lines": [
    "look"
   ]
  }, 
  {
   "begin": "10.120", 
   "end": "10.280", 
   "id": "f000034", 
   "language": "en", 
   "lines": [
    "at"
   ]
  }, 
  {
   "begin": "10.280", 
   "end": "10.440", 
   "id": "f000035", 
   "language": "en", 
   "lines": [
    "the"
   ]
  }, 
  {
   "begin": "10.440", 
   "end": "11.280", 
   "id": "f000036", 
   "language": "en", 
   "lines": [
    "mountain,"
   ]
  }, 
  {
   "begin": "11.280", 
   "end": "11.400", 
   "id": "f000037", 
   "language": "en", 
   "lines": [
    "they"
   ]
  }, 
  {
   "begin": "11.400", 
   "end": "12.000", 
   "id": "f000038", 
   "language": "en", 
   "lines": [
    "couldn\u2019t"
   ]
  }, 
  {
   "begin": "12.000", 
   "end": "12.240", 
   "id": "f000039", 
   "language": "en", 
   "lines": [
    "believe"
   ]
  }, 
  {
   "begin": "12.240", 
   "end": "12.560", 
   "id": "f000040", 
   "language": "en", 
   "lines": [
    "their"
   ]
  }, 
  {
   "begin": "12.560", 
   "end": "13.040", 
   "id": "f000041", 
   "language": "en", 
   "lines": [
    "eyes!"
   ]
  }, 
  {
   "begin": "13.040", 
   "end": "13.480", 
   "id": "f000042", 
   "language": "en", 
   "lines": [
    "There"
   ]
  }, 
  {
   "begin": "13.480", 
   "end": "13.920", 
   "id": "f000043", 
   "language": "en", 
   "lines": [
    "was"
   ]
  }, 
  {
   "begin": "13.920", 
   "end": "14.440", 
   "id": "f000044", 
   "language": "en", 
   "lines": [
    "only"
   ]
  }, 
  {
   "begin": "14.440", 
   "end": "14.760", 
   "id": "f000045", 
   "language": "en", 
   "lines": [
    "half"
   ]
  }, 
  {
   "begin": "14.760", 
   "end": "14.880", 
   "id": "f000046", 
   "language": "en", 
   "lines": [
    "of"
   ]
  }, 
  {
   "begin": "14.880", 
   "end": "15.080", 
   "id": "f000047", 
   "language": "en", 
   "lines": [
    "it"
   ]
  }, 
  {
   "begin": "15.080", 
   "end": "15.320", 
   "id": "f000048", 
   "language": "en", 
   "lines": [
    "left"
   ]
  }, 
  {
   "begin": "15.320", 
   "end": "16.680", 
   "id": "f000049", 
   "language": "en", 
   "lines": [
    "standing!"
   ]
  }, 
  {
   "begin": "16.680", 
   "end": "17.000", 
   "id": "f000050", 
   "language": "en", 
   "lines": [
    "Just"
   ]
  }, 
  {
   "begin": "17.000", 
   "end": "17.320", 
   "id": "f000051", 
   "language": "en", 
   "lines": [
    "as"
   ]
  }, 
  {
   "begin": "17.320", 
   "end": "17.840", 
   "id": "f000052", 
   "language": "en", 
   "lines": [
    "Eagle-Eye"
   ]
  }, 
  {
   "begin": "17.840", 
   "end": "18.200", 
   "id": "f000053", 
   "language": "en", 
   "lines": [
    "Chan"
   ]
  }, 
  {
   "begin": "18.200", 
   "end": "18.400", 
   "id": "f000054", 
   "language": "en", 
   "lines": [
    "had"
   ]
  }, 
  {
   "begin": "18.400", 
   "end": "18.680", 
   "id": "f000055", 
   "language": "en", 
   "lines": [
    "said."
   ]
  }, 
  {
   "begin": "18.680", 
   "end": "19.200", 
   "id": "f000056", 
   "language": "en", 
   "lines": [
    "But"
   ]
  }, 
  {
   "begin": "19.200", 
   "end": "19.520", 
   "id": "f000057", 
   "language": "en", 
   "lines": [
    "they"
   ]
  }, 
  {
   "begin": "19.520", 
   "end": "19.800", 
   "id": "f000058", 
   "language": "en", 
   "lines": [
    "had"
   ]
  }, 
  {
   "begin": "19.800", 
   "end": "20.040", 
   "id": "f000059", 
   "language": "en", 
   "lines": [
    "been"
   ]
  }, 
  {
   "begin": "20.040", 
   "end": "20.360", 
   "id": "f000060", 
   "language": "en", 
   "lines": [
    "too"
   ]
  }, 
  {
   "begin": "20.360", 
   "end": "20.600", 
   "id": "f000061", 
   "language": "en", 
   "lines": [
    "greedy"
   ]
  }, 
  {
   "begin": "20.600", 
   "end": "20.760", 
   "id": "f000062", 
   "language": "en", 
   "lines": [
    "to"
   ]
  }, 
  {
   "begin": "20.760", 
   "end": "20.880", 
   "id": "f000063", 
   "language": "en", 
   "lines": [
    "listen\u2026."
   ]
  }, 
  {
   "begin": "20.880", 
   "end": "21.320", 
   "id": "f000064", 
   "language": "en", 
   "lines": [
    "\n\n"
   ]
  }, 
  {
   "begin": "21.320", 
   "end": "22.840", 
   "id": "f000065", 
   "language": "en", 
   "lines": [
    "Soon,"
   ]
  }, 
  {
   "begin": "22.840", 
   "end": "22.960", 
   "id": "f000066", 
   "language": "en", 
   "lines": [
    "the"
   ]
  }, 
  {
   "begin": "22.960", 
   "end": "23.400", 
   "id": "f000067", 
   "language": "en", 
   "lines": [
    "mountain"
   ]
  }, 
  {
   "begin": "23.400", 
   "end": "23.640", 
   "id": "f000068", 
   "language": "en", 
   "lines": [
    "god"
   ]
  }, 
  {
   "begin": "23.640", 
   "end": "23.880", 
   "id": "f000069", 
   "language": "en", 
   "lines": [
    "took"
   ]
  }, 
  {
   "begin": "23.880", 
   "end": "24.120", 
   "id": "f000070", 
   "language": "en", 
   "lines": [
    "his"
   ]
  }, 
  {
   "begin": "24.120", 
   "end": "24.360", 
   "id": "f000071", 
   "language": "en", 
   "lines": [
    "young"
   ]
  }, 
  {
   "begin": "24.360", 
   "end": "24.880", 
   "id": "f000072", 
   "language": "en", 
   "lines": [
    "disciple"
   ]
  }, 
  {
   "begin": "24.880", 
   "end": "25.040", 
   "id": "f000073", 
   "language": "en", 
   "lines": [
    "with"
   ]
  }, 
  {
   "begin": "25.040", 
   "end": "25.280", 
   "id": "f000074", 
   "language": "en", 
   "lines": [
    "him"
   ]
  }, 
  {
   "begin": "25.280", 
   "end": "25.400", 
   "id": "f000075", 
   "language": "en", 
   "lines": [
    "to"
   ]
  }, 
  {
   "begin": "25.400", 
   "end": "25.520", 
   "id": "f000076", 
   "language": "en", 
   "lines": [
    "the"
   ]
  }, 
  {
   "begin": "25.520", 
   "end": "26.040", 
   "id": "f000077", 
   "language": "en", 
   "lines": [
    "mountain"
   ]
  }, 
  {
   "begin": "26.040", 
   "end": "26.480", 
   "id": "f000078", 
   "language": "en", 
   "lines": [
    "to"
   ]
  }, 
  {
   "begin": "26.480", 
   "end": "26.680", 
   "id": "f000079", 
   "language": "en", 
   "lines": [
    "teach"
   ]
  }, 
  {
   "begin": "26.680", 
   "end": "26.880", 
   "id": "f000080", 
   "language": "en", 
   "lines": [
    "him"
   ]
  }, 
  {
   "begin": "26.880", 
   "end": "27.000", 
   "id": "f000081", 
   "language": "en", 
   "lines": [
    "the"
   ]
  }, 
  {
   "begin": "27.000", 
   "end": "27.400", 
   "id": "f000082", 
   "language": "en", 
   "lines": [
    "magic"
   ]
  }, 
  {
   "begin": "27.400", 
   "end": "27.560", 
   "id": "f000083", 
   "language": "en", 
   "lines": [
    "of"
   ]
  }, 
  {
   "begin": "27.560", 
   "end": "27.720", 
   "id": "f000084", 
   "language": "en", 
   "lines": [
    "the"
   ]
  }, 
  {
   "begin": "27.720", 
   "end": "28.640", 
   "id": "f000085", 
   "language": "en", 
   "lines": [
    "gods."
   ]
  }, 
  {
   "begin": "28.640", 
   "end": "28.920", 
   "id": "f000086", 
   "language": "en", 
   "lines": [
    "As"
   ]
  }, 
  {
   "begin": "28.920", 
   "end": "29.160", 
   "id": "f000087", 
   "language": "en", 
   "lines": [
    "for"
   ]
  }, 
  {
   "begin": "29.160", 
   "end": "29.440", 
   "id": "f000088", 
   "language": "en", 
   "lines": [
    "the"
   ]
  }, 
  {
   "begin": "29.440", 
   "end": "30.280", 
   "id": "f000089", 
   "language": "en", 
   "lines": [
    "villagers,"
   ]
  }, 
  {
   "begin": "30.280", 
   "end": "30.440", 
   "id": "f000090", 
   "language": "en", 
   "lines": [
    "their"
   ]
  }, 
  {
   "begin": "30.440", 
   "end": "30.800", 
   "id": "f000091", 
   "language": "en", 
   "lines": [
    "hearts"
   ]
  }, 
  {
   "begin": "30.800", 
   "end": "31.040", 
   "id": "f000092", 
   "language": "en", 
   "lines": [
    "were"
   ]
  }, 
  {
   "begin": "31.040", 
   "end": "31.400", 
   "id": "f000093", 
   "language": "en", 
   "lines": [
    "filled"
   ]
  }, 
  {
   "begin": "31.400", 
   "end": "31.600", 
   "id": "f000094", 
   "language": "en", 
   "lines": [
    "with"
   ]
  }, 
  {
   "begin": "31.600", 
   "end": "32.440", 
   "id": "f000095", 
   "language": "en", 
   "lines": [
    "remorse"
   ]
  }, 
  {
   "begin": "32.440", 
   "end": "32.560", 
   "id": "f000096", 
   "language": "en", 
   "lines": [
    "and"
   ]
  }, 
  {
   "begin": "32.560", 
   "end": "32.680", 
   "id": "f000097", 
   "language": "en", 
   "lines": [
    "they"
   ]
  }, 
  {
   "begin": "32.680", 
   "end": "33.200", 
   "id": "f000098", 
   "language": "en", 
   "lines": [
    "cursed"
   ]
  }, 
  {
   "begin": "33.200", 
   "end": "34.120", 
   "id": "f000099", 
   "language": "en", 
   "lines": [
    "themselves"
   ]
  }, 
  {
   "begin": "34.120", 
   "end": "34.280", 
   "id": "f000100", 
   "language": "en", 
   "lines": [
    "for"
   ]
  }, 
  {
   "begin": "34.280", 
   "end": "34.560", 
   "id": "f000101", 
   "language": "en", 
   "lines": [
    "being"
   ]
  }, 
  {
   "begin": "34.560", 
   "end": "35.040", 
   "id": "f000102", 
   "language": "en", 
   "lines": [
    "so"
   ]
  }, 
  {
   "begin": "35.040", 
   "end": "35.880", 
   "id": "f000103", 
   "language": "en", 
   "lines": [
    "greedy."
   ]
  }, 
  {
   "begin": "35.880", 
   "end": "36.080", 
   "id": "f000104", 
   "language": "en", 
   "lines": [
    "They"
   ]
  }, 
  {
   "begin": "36.080", 
   "end": "36.360", 
   "id": "f000105", 
   "language": "en", 
   "lines": [
    "named"
   ]
  }, 
  {
   "begin": "36.360", 
   "end": "36.480", 
   "id": "f000106", 
   "language": "en", 
   "lines": [
    "the"
   ]
  }, 
  {
   "begin": "36.480", 
   "end": "37.040", 
   "id": "f000107", 
   "language": "en", 
   "lines": [
    "mountain"
   ]
  }, 
  {
   "begin": "37.040", 
   "end": "37.280", 
   "id": "f000108", 
   "language": "en", 
   "lines": [
    "Ban"
   ]
  }, 
  {
   "begin": "37.280", 
   "end": "37.520", 
   "id": "f000109", 
   "language": "en", 
   "lines": [
    "Pin"
   ]
  }, 
  {
   "begin": "37.520", 
   "end": "38.000", 
   "id": "f000110", 
   "language": "en", 
   "lines": [
    "Sghan"
   ]
  }, 
  {
   "begin": "38.000", 
   "end": "38.440", 
   "id": "f000111", 
   "language": "en", 
   "lines": [
    "\u2013"
   ]
  }, 
  {
   "begin": "38.440", 
   "end": "38.800", 
   "id": "f000112", 
   "language": "en", 
   "lines": [
    "a"
   ]
  }, 
  {
   "begin": "38.800", 
   "end": "39.000", 
   "id": "f000113", 
   "language": "en", 
   "lines": [
    "name"
   ]
  }, 
  {
   "begin": "39.000", 
   "end": "39.160", 
   "id": "f000114", 
   "language": "en", 
   "lines": [
    "that"
   ]
  }, 
  {
   "begin": "39.160", 
   "end": "39.520", 
   "id": "f000115", 
   "language": "en", 
   "lines": [
    "stands"
   ]
  }, 
  {
   "begin": "39.520", 
   "end": "39.680", 
   "id": "f000116", 
   "language": "en", 
   "lines": [
    "to"
   ]
  }, 
  {
   "begin": "39.680", 
   "end": "39.920", 
   "id": "f000117", 
   "language": "en", 
   "lines": [
    "this"
   ]
  }, 
  {
   "begin": "39.920", 
   "end": "40.200", 
   "id": "f000118", 
   "language": "en", 
   "lines": [
    "day"
   ]
  }, 
  {
   "begin": "40.200", 
   "end": "40.560", 
   "id": "f000119", 
   "language": "en", 
   "lines": [
    "\u2013"
   ]
  }, 
  {
   "begin": "40.560", 
   "end": "40.720", 
   "id": "f000120", 
   "language": "en", 
   "lines": [
    "and"
   ]
  }, 
  {
   "begin": "40.720", 
   "end": "41.040", 
   "id": "f000121", 
   "language": "en", 
   "lines": [
    "vowed"
   ]
  }, 
  {
   "begin": "41.040", 
   "end": "41.240", 
   "id": "f000122", 
   "language": "en", 
   "lines": [
    "to"
   ]
  }, 
  {
   "begin": "41.240", 
   "end": "41.440", 
   "id": "f000123", 
   "language": "en", 
   "lines": [
    "be"
   ]
  }, 
  {
   "begin": "41.440", 
   "end": "41.800", 
   "id": "f000124", 
   "language": "en", 
   "lines": [
    "less"
   ]
  }, 
  {
   "begin": "41.800", 
   "end": "41.800", 
   "id": "f000125", 
   "language": "en", 
   "lines": [
    "greedy."
   ]
  }, 
  {
   "begin": "41.800", 
   "end": "43.440", 
   "id": "f000126", 
   "language": "en", 
   "lines": [
    "\n\n"
   ]
  }, 
  {
   "begin": "43.440", 
   "end": "43.720", 
   "id": "f000127", 
   "language": "en", 
   "lines": [
    "Now"
   ]
  }, 
  {
   "begin": "43.720", 
   "end": "43.960", 
   "id": "f000128", 
   "language": "en", 
   "lines": [
    "tell"
   ]
  }, 
  {
   "begin": "43.960", 
   "end": "44.600", 
   "id": "f000129", 
   "language": "en", 
   "lines": [
    "me,"
   ]
  }, 
  {
   "begin": "44.600", 
   "end": "44.760", 
   "id": "f000130", 
   "language": "en", 
   "lines": [
    "if"
   ]
  }, 
  {
   "begin": "44.760", 
   "end": "44.880", 
   "id": "f000131", 
   "language": "en", 
   "lines": [
    "an"
   ]
  }, 
  {
   "begin": "44.880", 
   "end": "45.120", 
   "id": "f000132", 
   "language": "en", 
   "lines": [
    "old"
   ]
  }, 
  {
   "begin": "45.120", 
   "end": "45.400", 
   "id": "f000133", 
   "language": "en", 
   "lines": [
    "man"
   ]
  }, 
  {
   "begin": "45.400", 
   "end": "45.640", 
   "id": "f000134", 
   "language": "en", 
   "lines": [
    "came"
   ]
  }, 
  {
   "begin": "45.640", 
   "end": "45.720", 
   "id": "f000135", 
   "language": "en", 
   "lines": [
    "to"
   ]
  }, 
  {
   "begin": "45.720", 
   "end": "46.000", 
   "id": "f000136", 
   "language": "en", 
   "lines": [
    "your"
   ]
  }, 
  {
   "begin": "46.000", 
   "end": "46.400", 
   "id": "f000137", 
   "language": "en", 
   "lines": [
    "town"
   ]
  }, 
  {
   "begin": "46.400", 
   "end": "46.840", 
   "id": "f000138", 
   "language": "en", 
   "lines": [
    "selling"
   ]
  }, 
  {
   "begin": "46.840", 
   "end": "47.400", 
   "id": "f000139", 
   "language": "en", 
   "lines": [
    "delicious"
   ]
  }, 
  {
   "begin": "47.400", 
   "end": "48.080", 
   "id": "f000140", 
   "language": "en", 
   "lines": [
    "dumplings,"
   ]
  }, 
  {
   "begin": "48.080", 
   "end": "49.160", 
   "id": "f000141", 
   "language": "en", 
   "lines": [
    "\u201cOne"
   ]
  }, 
  {
   "begin": "49.160", 
   "end": "49.320", 
   "id": "f000142", 
   "language": "en", 
   "lines": [
    "for"
   ]
  }, 
  {
   "begin": "49.320", 
   "end": "49.480", 
   "id": "f000143", 
   "language": "en", 
   "lines": [
    "one"
   ]
  }, 
  {
   "begin": "49.480", 
   "end": "49.960", 
   "id": "f000144", 
   "language": "en", 
   "lines": [
    "cent,"
   ]
  }, 
  {
   "begin": "49.960", 
   "end": "50.400", 
   "id": "f000145", 
   "language": "en", 
   "lines": [
    "two"
   ]
  }, 
  {
   "begin": "50.400", 
   "end": "50.640", 
   "id": "f000146", 
   "language": "en", 
   "lines": [
    "for"
   ]
  }, 
  {
   "begin": "50.640", 
   "end": "50.880", 
   "id": "f000147", 
   "language": "en", 
   "lines": [
    "two"
   ]
  }, 
  {
   "begin": "50.880", 
   "end": "51.720", 
   "id": "f000148", 
   "language": "en", 
   "lines": [
    "cents"
   ]
  }, 
  {
   "begin": "51.720", 
   "end": "52.000", 
   "id": "f000149", 
   "language": "en", 
   "lines": [
    "and"
   ]
  }, 
  {
   "begin": "52.000", 
   "end": "52.800", 
   "id": "f000150", 
   "language": "en", 
   "lines": [
    "three,"
   ]
  }, 
  {
   "begin": "52.800", 
   "end": "52.960", 
   "id": "f000151", 
   "language": "en", 
   "lines": [
    "for"
   ]
  }, 
  {
   "begin": "52.960", 
   "end": "53.560", 
   "id": "f000152", 
   "language": "en", 
   "lines": [
    "FREE!\u201d"
   ]
  }, 
  {
   "begin": "53.560", 
   "end": "54.320", 
   "id": "f000153", 
   "language": "en", 
   "lines": [
    "\u2013"
   ]
  }, 
  {
   "begin": "54.320", 
   "end": "54.600", 
   "id": "f000154", 
   "language": "en", 
   "lines": [
    "how"
   ]
  }, 
  {
   "begin": "54.600", 
   "end": "54.880", 
   "id": "f000155", 
   "language": "en", 
   "lines": [
    "many"
   ]
  }, 
  {
   "begin": "54.880", 
   "end": "55.080", 
   "id": "f000156", 
   "language": "en", 
   "lines": [
    "would"
   ]
  }, 
  {
   "begin": "55.080", 
   "end": "55.320", 
   "id": "f000157", 
   "language": "en", 
   "lines": [
    "you"
   ]
  }, 
  {
   "begin": "55.320", 
   "end": "56.560", 
   "id": "f000158", 
   "language": "en", 
   "lines": [
    "buy?"
   ]
  }
 ]
}