{
 "fragments": [
  {
   "begin": "0.000", 
   "end": "0.360", 
   "id": "f000001", 
   "language": "en", 
   "lines": [
    "This"
   ]
  }, 
  {
   "begin": "0.360", 
   "end": "1.040", 
   "id": "f000002", 
   "language": "en", 
   "lines": [
    "time,"
   ]
  }, 
  {
   "begin": "1.040", 
   "end": "1.120", 
   "id": "f000003", 
   "language": "en", 
   "lines": [
    "the"
   ]
  }, 
  {
   "begin": "1.120", 
   "end": "1.440", 
   "id": "f000004", 
   "language": "en", 
   "lines": [
    "pot"
   ]
  }, 
  {
   "begin": "1.440", 
   "end": "1.720", 
   "id": "f000005", 
   "language": "en", 
   "lines": [
    "was"
   ]
  }, 
  {
   "begin": "1.720", 
   "end": "2.240", 
   "id": "f000006", 
   "language": "en", 
   "lines": [
    "emptied"
   ]
  }, 
  {
   "begin": "2.240", 
   "end": "2.440", 
   "id": "f000007", 
   "language": "en", 
   "lines": [
    "an"
   ]
  }, 
  {
   "begin": "2.440", 
   "end": "2.800", 
   "id": "f000008", 
   "language": "en", 
   "lines": [
    "hour"
   ]
  }, 
  {
   "begin": "2.800", 
   "end": "3.200", 
   "id": "f000009", 
   "language": "en", 
   "lines": [
    "earlier"
   ]
  }, 
  {
   "begin": "3.200", 
   "end": "3.400", 
   "id": "f000010", 
   "language": "en", 
   "lines": [
    "than"
   ]
  }, 
  {
   "begin": "3.400", 
   "end": "3.480", 
   "id": "f000011", 
   "language": "en", 
   "lines": [
    "the"
   ]
  }, 
  {
   "begin": "3.480", 
   "end": "4.040", 
   "id": "f000012", 
   "language": "en", 
   "lines": [
    "previous"
   ]
  }, 
  {
   "begin": "4.040", 
   "end": "4.840", 
   "id": "f000013", 
   "language": "en", 
   "lines": [
    "day."
   ]
  }, 
  {
   "begin": "4.840", 
   "end": "4.960", 
   "id": "f000014", 
   "language": "en", 
   "lines": [
    "The"
   ]
  }, 
  {
   "begin": "4.960", 
   "end": "5.520", 
   "id": "f000015", 
   "language": "en", 
   "lines": [
    "villagers"
   ]
  }, 
  {
   "begin": "5.520", 
   "end": "5.800", 
   "id": "f000016", 
   "language": "en", 
   "lines": [
    "had"
   ]
  }, 
  {
   "begin": "5.800", 
   "end": "6.280", 
   "id": "f000017", 
   "language": "en", 
   "lines": [
    "eaten"
   ]
  }, 
  {
   "begin": "6.280", 
   "end": "6.520", 
   "id": "f000018", 
   "language": "en", 
   "lines": [
    "up"
   ]
  }, 
  {
   "begin": "6.520", 
   "end": "6.760", 
   "id": "f000019", 
   "language": "en", 
   "lines": [
    "all"
   ]
  }, 
  {
   "begin": "6.760", 
   "end": "6.920", 
   "id": "f000020", 
   "language": "en", 
   "lines": [
    "the"
   ]
  }, 
  {
   "begin": "6.920", 
   "end": "7.880", 
   "id": "f000021", 
   "language": "en", 
   "lines": [
    "dumplings,"
   ]
  }, 
  {
   "begin": "7.880", 
   "end": "8.320", 
   "id": "f000022", 
   "language": "en", 
   "lines": [
    "three"
   ]
  }, 
  {
   "begin": "8.320", 
   "end": "9.080", 
   "id": "f000023", 
   "language": "en", 
   "lines": [
    "apiece."
   ]
  }, 
  {
   "begin": "9.080", 
   "end": "9.520", 
   "id": "f000024", 
   "language": "en", 
   "lines": [
    "And"
   ]
  }, 
  {
   "begin": "9.520", 
   "end": "9.880", 
   "id": "f000025", 
   "language": "en", 
   "lines": [
    "for"
   ]
  }, 
  {
   "begin": "9.880", 
   "end": "9.920", 
   "id": "f000026", 
   "language": "en", 
   "lines": [
    "free."
   ]
  }, 
  {
   "begin": "9.920", 
   "end": "10.920", 
   "id": "f000027", 
   "language": "en", 
   "lines": [
    "Quietly,"
   ]
  }, 
  {
   "begin": "10.920", 
   "end": "11.720", 
   "id": "f000028", 
   "language": "en", 
   "lines": [
    "the"
   ]
  }, 
  {
   "begin": "11.720", 
   "end": "11.880", 
   "id": "f000029", 
   "language": "en", 
   "lines": [
    "old"
   ]
  }, 
  {
   "begin": "11.880", 
   "end": "12.480", 
   "id": "f000030", 
   "language": "en", 
   "lines": [
    "man"
   ]
  }, 
  {
   "begin": "12.480", 
   "end": "12.760", 
   "id": "f000031", 
   "language": "en", 
   "lines": [
    "heaved"
   ]
  }, 
  {
   "begin": "12.760", 
   "end": "12.920", 
   "id": "f000032", 
   "language": "en", 
   "lines": [
    "the"
   ]
  }, 
  {
   "begin": "12.920", 
   "end": "13.360", 
   "id": "f000033", 
   "language": "en", 
   "lines": [
    "pot"
   ]
  }, 
  {
   "begin": "13.360", 
   "end": "13.560", 
   "id": "f000034", 
   "language": "en", 
   "lines": [
    "over"
   ]
  }, 
  {
   "begin": "13.560", 
   "end": "13.880", 
   "id": "f000035", 
   "language": "en", 
   "lines": [
    "his"
   ]
  }, 
  {
   "begin": "13.880", 
   "end": "14.280", 
   "id": "f000036", 
   "language": "en", 
   "lines": [
    "head"
   ]
  }, 
  {
   "begin": "14.280", 
   "end": "14.520", 
   "id": "f000037", 
   "language": "en", 
   "lines": [
    "and"
   ]
  }, 
  {
   "begin": "14.520", 
   "end": "15.320", 
   "id": "f000038", 
   "language": "en", 
   "lines": [
    "left,"
   ]
  }, 
  {
   "begin": "15.320", 
   "end": "15.880", 
   "id": "f000039", 
   "language": "en", 
   "lines": [
    "smiling"
   ]
  }, 
  {
   "begin": "15.880", 
   "end": "16.120", 
   "id": "f000040", 
   "language": "en", 
   "lines": [
    "a"
   ]
  }, 
  {
   "begin": "16.120", 
   "end": "16.440", 
   "id": "f000041", 
   "language": "en", 
   "lines": [
    "strange"
   ]
  }, 
  {
   "begin": "16.440", 
   "end": "17.680", 
   "id": "f000042", 
   "language": "en", 
   "lines": [
    "smile."
   ]
  }, 
  {
   "begin": "17.680", 
   "end": "17.960", 
   "id": "f000043", 
   "language": "en", 
   "lines": [
    "\n\n"
   ]
  }, 
  {
   "begin": "17.960", 
   "end": "17.960", 
   "id": "f000044", 
   "language": "en", 
   "lines": [
    "On"
   ]
  }, 
  {
   "begin": "17.960", 
   "end": "18.040", 
   "id": "f000045", 
   "language": "en", 
   "lines": [
    "the"
   ]
  }, 
  {
   "begin": "18.040", 
   "end": "18.400", 
   "id": "f000046", 
   "language": "en", 
   "lines": [
    "third"
   ]
  }, 
  {
   "begin": "18.400", 
   "end": "18.960", 
   "id": "f000047", 
   "language": "en", 
   "lines": [
    "day,"
   ]
  }, 
  {
   "begin": "18.960", 
   "end": "19.160", 
   "id": "f000048", 
   "language": "en", 
   "lines": [
    "the"
   ]
  }, 
  {
   "begin": "19.160", 
   "end": "19.400", 
   "id": "f000049", 
   "language": "en", 
   "lines": [
    "old"
   ]
  }, 
  {
   "begin": "19.400", 
   "end": "19.680", 
   "id": "f000050", 
   "language": "en", 
   "lines": [
    "man"
   ]
  }, 
  {
   "begin": "19.680", 
   "end": "20.160", 
   "id": "f000051", 
   "language": "en", 
   "lines": [
    "came"
   ]
  }, 
  {
   "begin": "20.160", 
   "end": "21.000", 
   "id": "f000052", 
   "language": "en", 
   "lines": [
    "again."
   ]
  }, 
  {
   "begin": "21.000", 
   "end": "21.240", 
   "id": "f000053", 
   "language": "en", 
   "lines": [
    "This"
   ]
  }, 
  {
   "begin": "21.240", 
   "end": "22.200", 
   "id": "f000054", 
   "language": "en", 
   "lines": [
    "time,"
   ]
  }, 
  {
   "begin": "22.200", 
   "end": "22.360", 
   "id": "f000055", 
   "language": "en", 
   "lines": [
    "the"
   ]
  }, 
  {
   "begin": "22.360", 
   "end": "22.920", 
   "id": "f000056", 
   "language": "en", 
   "lines": [
    "villagers"
   ]
  }, 
  {
   "begin": "22.920", 
   "end": "23.080", 
   "id": "f000057", 
   "language": "en", 
   "lines": [
    "were"
   ]
  }, 
  {
   "begin": "23.080", 
   "end": "23.320", 
   "id": "f000058", 
   "language": "en", 
   "lines": [
    "waiting"
   ]
  }, 
  {
   "begin": "23.320", 
   "end": "23.520", 
   "id": "f000059", 
   "language": "en", 
   "lines": [
    "for"
   ]
  }, 
  {
   "begin": "23.520", 
   "end": "23.760", 
   "id": "f000060", 
   "language": "en", 
   "lines": [
    "the"
   ]
  }, 
  {
   "begin": "23.760", 
   "end": "24.040", 
   "id": "f000061", 
   "language": "en", 
   "lines": [
    "stupid"
   ]
  }, 
  {
   "begin": "24.040", 
   "end": "24.080", 
   "id": "f000062", 
   "language": "en", 
   "lines": [
    "old"
   ]
  }, 
  {
   "begin": "24.080", 
   "end": "24.360", 
   "id": "f000063", 
   "language": "en", 
   "lines": [
    "man"
   ]
  }, 
  {
   "begin": "24.360", 
   "end": "24.800", 
   "id": "f000064", 
   "language": "en", 
   "lines": [
    "to"
   ]
  }, 
  {
   "begin": "24.800", 
   "end": "26.000", 
   "id": "f000065", 
   "language": "en", 
   "lines": [
    "arrive."
   ]
  }, 
  {
   "begin": "26.000", 
   "end": "26.800", 
   "id": "f000066", 
   "language": "en", 
   "lines": [
    "Soon,"
   ]
  }, 
  {
   "begin": "26.800", 
   "end": "26.920", 
   "id": "f000067", 
   "language": "en", 
   "lines": [
    "they"
   ]
  }, 
  {
   "begin": "26.920", 
   "end": "27.040", 
   "id": "f000068", 
   "language": "en", 
   "lines": [
    "were"
   ]
  }, 
  {
   "begin": "27.040", 
   "end": "27.720", 
   "id": "f000069", 
   "language": "en", 
   "lines": [
    "trying"
   ]
  }, 
  {
   "begin": "27.720", 
   "end": "27.720", 
   "id": "f000070", 
   "language": "en", 
   "lines": [
    "to"
   ]
  }, 
  {
   "begin": "27.720", 
   "end": "27.880", 
   "id": "f000071", 
   "language": "en", 
   "lines": [
    "eat"
   ]
  }, 
  {
   "begin": "27.880", 
   "end": "28.160", 
   "id": "f000072", 
   "language": "en", 
   "lines": [
    "as"
   ]
  }, 
  {
   "begin": "28.160", 
   "end": "28.400", 
   "id": "f000073", 
   "language": "en", 
   "lines": [
    "many"
   ]
  }, 
  {
   "begin": "28.400", 
   "end": "28.960", 
   "id": "f000074", 
   "language": "en", 
   "lines": [
    "dumplings"
   ]
  }, 
  {
   "begin": "28.960", 
   "end": "29.160", 
   "id": "f000075", 
   "language": "en", 
   "lines": [
    "as"
   ]
  }, 
  {
   "begin": "29.160", 
   "end": "30.040", 
   "id": "f000076", 
   "language": "en", 
   "lines": [
    "possible,"
   ]
  }, 
  {
   "begin": "30.040", 
   "end": "30.160", 
   "id": "f000077", 
   "language": "en", 
   "lines": [
    "for"
   ]
  }, 
  {
   "begin": "30.160", 
   "end": "31.120", 
   "id": "f000078", 
   "language": "en", 
   "lines": [
    "free."
   ]
  }, 
  {
   "begin": "31.120", 
   "end": "31.880", 
   "id": "f000079", 
   "language": "en", 
   "lines": [
    "\n\n"
   ]
  }, 
  {
   "begin": "31.880", 
   "end": "32.480", 
   "id": "f000080", 
   "language": "en", 
   "lines": [
    "Suddenly,"
   ]
  }, 
  {
   "begin": "32.480", 
   "end": "32.760", 
   "id": "f000081", 
   "language": "en", 
   "lines": [
    "a"
   ]
  }, 
  {
   "begin": "32.760", 
   "end": "33.640", 
   "id": "f000082", 
   "language": "en", 
   "lines": [
    "voice"
   ]
  }, 
  {
   "begin": "33.640", 
   "end": "33.880", 
   "id": "f000083", 
   "language": "en", 
   "lines": [
    "said,"
   ]
  }, 
  {
   "begin": "33.880", 
   "end": "34.680", 
   "id": "f000084", 
   "language": "en", 
   "lines": [
    "\u201cMister,"
   ]
  }, 
  {
   "begin": "34.680", 
   "end": "35.080", 
   "id": "f000085", 
   "language": "en", 
   "lines": [
    "can"
   ]
  }, 
  {
   "begin": "35.080", 
   "end": "35.280", 
   "id": "f000086", 
   "language": "en", 
   "lines": [
    "I"
   ]
  }, 
  {
   "begin": "35.280", 
   "end": "35.520", 
   "id": "f000087", 
   "language": "en", 
   "lines": [
    "have"
   ]
  }, 
  {
   "begin": "35.520", 
   "end": "35.760", 
   "id": "f000088", 
   "language": "en", 
   "lines": [
    "one"
   ]
  }, 
  {
   "begin": "35.760", 
   "end": "35.960", 
   "id": "f000089", 
   "language": "en", 
   "lines": [
    "dumpling,"
   ]
  }, 
  {
   "begin": "35.960", 
   "end": "36.760", 
   "id": "f000090", 
   "language": "en", 
   "lines": [
    "please?\u201d"
   ]
  }, 
  {
   "begin": "36.760", 
   "end": "37.200", 
   "id": "f000091", 
   "language": "en", 
   "lines": [
    "\n\n"
   ]
  }, 
  {
   "begin": "37.200", 
   "end": "37.400", 
   "id": "f000092", 
   "language": "en", 
   "lines": [
    "Everyone"
   ]
  }, 
  {
   "begin": "37.400", 
   "end": "38.520", 
   "id": "f000093", 
   "language": "en", 
   "lines": [
    "froze!"
   ]
  }, 
  {
   "begin": "38.520", 
   "end": "38.680", 
   "id": "f000094", 
   "language": "en", 
   "lines": [
    "Their"
   ]
  }, 
  {
   "begin": "38.680", 
   "end": "39.000", 
   "id": "f000095", 
   "language": "en", 
   "lines": [
    "mouths"
   ]
  }, 
  {
   "begin": "39.000", 
   "end": "39.480", 
   "id": "f000096", 
   "language": "en", 
   "lines": [
    "hung"
   ]
  }, 
  {
   "begin": "39.480", 
   "end": "39.880", 
   "id": "f000097", 
   "language": "en", 
   "lines": [
    "open"
   ]
  }, 
  {
   "begin": "39.880", 
   "end": "40.080", 
   "id": "f000098", 
   "language": "en", 
   "lines": [
    "with"
   ]
  }, 
  {
   "begin": "40.080", 
   "end": "40.560", 
   "id": "f000099", 
   "language": "en", 
   "lines": [
    "bits"
   ]
  }, 
  {
   "begin": "40.560", 
   "end": "40.680", 
   "id": "f000100", 
   "language": "en", 
   "lines": [
    "of"
   ]
  }, 
  {
   "begin": "40.680", 
   "end": "40.920", 
   "id": "f000101", 
   "language": "en", 
   "lines": [
    "dumpling"
   ]
  }, 
  {
   "begin": "40.920", 
   "end": "41.360", 
   "id": "f000102", 
   "language": "en", 
   "lines": [
    "falling"
   ]
  }, 
  {
   "begin": "41.360", 
   "end": "41.920", 
   "id": "f000103", 
   "language": "en", 
   "lines": [
    "out,"
   ]
  }, 
  {
   "begin": "41.920", 
   "end": "42.160", 
   "id": "f000104", 
   "language": "en", 
   "lines": [
    "as"
   ]
  }, 
  {
   "begin": "42.160", 
   "end": "42.320", 
   "id": "f000105", 
   "language": "en", 
   "lines": [
    "they"
   ]
  }, 
  {
   "begin": "42.320", 
   "end": "42.600", 
   "id": "f000106", 
   "language": "en", 
   "lines": [
    "tried"
   ]
  }, 
  {
   "begin": "42.600", 
   "end": "42.760", 
   "id": "f000107", 
   "language": "en", 
   "lines": [
    "to"
   ]
  }, 
  {
   "begin": "42.760", 
   "end": "43.040", 
   "id": "f000108", 
   "language": "en", 
   "lines": [
    "catch"
   ]
  }, 
  {
   "begin": "43.040", 
   "end": "43.440", 
   "id": "f000109", 
   "language": "en", 
   "lines": [
    "sight"
   ]
  }, 
  {
   "begin": "43.440", 
   "end": "43.600", 
   "id": "f000110", 
   "language": "en", 
   "lines": [
    "of"
   ]
  }, 
  {
   "begin": "43.600", 
   "end": "44.080", 
   "id": "f000111", 
   "language": "en", 
   "lines": [
    "whoever"
   ]
  }, 
  {
   "begin": "44.080", 
   "end": "44.400", 
   "id": "f000112", 
   "language": "en", 
   "lines": [
    "had"
   ]
  }, 
  {
   "begin": "44.400", 
   "end": "44.760", 
   "id": "f000113", 
   "language": "en", 
   "lines": [
    "uttered"
   ]
  }, 
  {
   "begin": "44.760", 
   "end": "44.880", 
   "id": "f000114", 
   "language": "en", 
   "lines": [
    "the"
   ]
  }, 
  {
   "begin": "44.880", 
   "end": "45.680", 
   "id": "f000115", 
   "language": "en", 
   "lines": [
    "words."
   ]
  }
 ]
}