{"id":114,"name":"Three for Free - A Folktale from Taiwan","writtenby":"Greystroke","illustrationsby":"P.G. Dinesh","translationby":"","source":"Pratham Books","status":"active","level":3,"pages":[{"id":1245,"content":"In Kaohsiung in southern Taiwan, there is a mountain called Ban Pin Shan, meaning \u2018one half\u2019. Strange name for an ordinary mountain, you might think.\n\nBut take one look at it and you will see why it is called so. It looks like one half of the mountain is missing! Almost as if someone has cut off the top neatly, with a big sword. Before you start to wonder how it got its name, let me tell you the legend behind it.\n\nLong, long ago, when Ban Pin Shan was still a whole mountain, there used to be a village near it. One day, a very old man came to the village carrying a huge pot on his head.\n\nHis hair was white as snow, and so was his beard. His face was wrinkled like the old, worn-out clothes he wore. He set the pot down in the village square and opened the lid.","pageno":1,"image":"10e2ae83e24501c18f5ad4820ba3c44b.jpg","audio":"6024d35d03109ae566fe8902a5699c7b.mp3","audio_map":"5c40de6f075ab792756e1aa91a40da50.json","language":[]},{"id":1247,"content":"The sweet smell of fresh dumplings filled the air.\n\n\u201cHot dumplings! Fresh, hot dumplings!\u201d he yelled. \u201cOne for one cent, two for two cents and three, for FREE!\u201d \n\nVillagers passing by became curious and crowded around this foolish man who was giving away dumplings that looked inviting and smelt absolutely delicious.\n\n\u201cOne for one cent, two for two cents and three, for FREE!\u201d yelled the old man again. \u201cRed beans and sesame, and three for free.\u201d \n\nThe villagers who had gathered around the old man began whispering to each other. \u201cMust be a trick! Three dumplings for free? How can that be?\u201d they said.","pageno":2,"image":"316e0da3b5dd6edb877d431bb9e738b2.jpg","audio":"2a978e8e7e99361e158f1aede4148baa.mp3","audio_map":"6c6f162e64487dd0f7ed338280d53db7.json","language":[]},{"id":1248,"content":"\u201cThe most delicious ones, Sir,\u201d said the old man as he handed the first one to Big-Head Wang.\n\nIt was as big as an egg. Big-Head Wang popped it into his mouth and went mmmm\u2026. Everyone could see that he was really enjoying the dumpling.\n\nBy the time he finished the second one, his stomach was full. But he looked at the old man and said, \u201cIf I eat the third one, I don\u2019t have to pay. It is not a lie, right?\u201d He wanted to make sure the old man had meant what he said.\n\n\u201cThree for free and that it will be!\u201d said the old man, handing Big-Head Wang the third dumpling, which he promptly stuffed into his mouth. If he could eat it, he wouldn\u2019t have to pay anything.","pageno":3,"image":"6e0c29743d61ed5223032e1eb98c91c7.jpg","audio":"12fe4dd9ebd7fea5bd5139481554032c.mp3","audio_map":"8d7bf2470b3a22bac5223695becb568e.json","language":[]},{"id":1250,"content":"The old man kept his word and Big-Head Wang went away happy, his stomach full to bursting.\n\nSoon, everyone wanted three dumplings each. Not a single villager ordered one or two dumplings; everyone wanted only three for free. In a while, the whole pot was wiped clean. Some of the villagers were disappointed as the old man prepared to leave.\n\n\u201cMy, my, don\u2019t all of you have good appetites,\u201d the old man said as he heaved the empty pot over his head and walked away.\n\nSuddenly, Eagle-Eye Chan, who had just gulped down three free dumplings, cried out, \u201cLook! A part of the mountain is missing!\u201d","pageno":4,"image":"ec291149ded27ef9c92a768b9e1e0d19.jpg","audio":"10b12bde243ea5748e4898466b6ec5bf.mp3","audio_map":"6e29dddfa5bd94f5e39ff0420ba147df.json","language":[]},{"id":1251,"content":"\u201cNonsense!\u201d said the villagers. \u201cToo many dumplings in your tummy have made you think funny!\u201d All of them laughed at Eagle-Eye Chan, who kept staring at the mountain long after the villagers had left.\n\nThat evening, everyone was talking about the old man and his delicious dumplings. \u201cHe must be a really stupid man to give away three for free!\u201d they said, laughing. \u201cLet\u2019s hope he comes every day.\u201d\n\nThe next morning, the old man arrived again, carrying his pot of dumplings. He set the pot down again in the village square.\n\n\u201cOne for one cent, two for two cents and three, for FREE!\u201d he yelled. \u201cPeanuts and sesame, and three for free.\u201d","pageno":5,"image":"a3676717ccab06e2a16d2e1f5185ed4d.jpg","audio":"20b3c74a1275be721323bb999c38c8cf.mp3","audio_map":"2151d9753a2652089fb00c4d140d7d93.json","language":[]},{"id":1252,"content":"This time, the pot was emptied an hour earlier than the previous day. The villagers had eaten up all the dumplings, three apiece. And for free. Quietly, the old man heaved the pot over his head and left, smiling a strange smile.\n\nOn the third day, the old man came again. This time, the villagers were waiting for the stupid old man to arrive. Soon, they were trying to eat as many dumplings as possible, for free.\n\nSuddenly, a voice said, \u201cMister, can I have one dumpling, please?\u201d\n\nEveryone froze! Their mouths hung open with bits of dumpling falling out, as they tried to catch sight of whoever had uttered the words.","pageno":6,"image":"0e127bfa6288bbc041185ab2588a62f3.jpg","audio":"e7e3d26d87f9a4f367c9c0e526dede97.mp3","audio_map":"0ffd1f17f1e517713ff00dc9449e401e.json","language":[]},{"id":1254,"content":"Now, which idiot would want to pay for ONE dumpling when he could have THREE for FREE? There was pin-drop silence. They saw a young man with a soft face standing in the middle of the crowd, a single cent in his outstretched hand.\n\nThe old man spoke. \u201cYoung man, didn\u2019t you hear me?\u201d he said. \u201cOne for one cent, two for two cents and three, for FREE!\u201d\n\n\u201cYes, I did,\u201d said the young man in a sincere voice. \u201cBut I\u2019ve seen how you\u2019ve carried this huge pot every day, giving away your dumplings, three for free.\n\nYou have not made any money in the last few days and I feel sorry for you. I want to help, but I have only enough money to pay for one dumpling.\u201d","pageno":7,"image":"d0bf8ddedd69cddd4a41fdd0b00e1574.jpg","audio":"9316c54853987ffc5a3004aa113f58fa.mp3","audio_map":"4301977caf5278a43bff51bcec0e40b3.json","language":[]},{"id":1255,"content":"When the villagers heard the young man, their hearts were filled with shame. They hung their heads in silence.\n\nThe old man stepped towards the young man and embraced him. \u201cHa! At last I\u2019ve found you!\u201d he cried. \u201cI am the mountain god and I choose you to be my pupil. I will teach you all the magic that I know,\u201d he said, as tears flowed down his old, wrinkled face.\n \nThe villagers quickly realized that the mountain god had disguised himself as this old man to test them. And to find a kind-hearted soul who could become his pupil.\n\nThen, the mountain god revealed to the utter shock of everyone present that the dumplings they had been eating weren\u2019t real dumplings. They were made from the mud that he had dug out from the mountain.","pageno":8,"image":"890aebf07ab070d7550a1fe1c8526ef0.jpg","audio":"8a2c0c5590393698755a1e677ddeb6aa.mp3","audio_map":"4a28b8c25d84b9f373df928b1bc78c53.json","language":[]},{"id":1257,"content":"As soon as the villagers heard this, they ran to see the leftover dumplings in the pot. But all they saw was a pot full of mud! And when they turned to look at the mountain, they couldn\u2019t believe their eyes! There was only half of it left standing! Just as Eagle-Eye Chan had said. But they had been too greedy to listen\u2026.\n\nSoon, the mountain god took his young disciple with him to the mountain to teach him the magic of the gods. As for the villagers, their hearts were filled with remorse and they cursed themselves for being so greedy. They named the mountain Ban Pin Sghan \u2013 a name that stands to this day \u2013 and vowed to be less greedy.\n\nNow tell me, if an old man came to your town selling delicious dumplings, \u201cOne for one cent, two for two cents and three, for FREE!\u201d \u2013 how many would you buy?","pageno":9,"image":"bca9fe85a9d4d2d5aa6cb6f191177834.jpg","audio":"9081d075245286ec5616ad7c67a2a5b6.mp3","audio_map":"0e7943f07597e9c489d0cefbe3f48fb9.json","language":[]},{"id":1258,"content":"PAPER\u00a0PIZZAZZ!\nDid you notice the lovely hats that the characters in the story are wearing? These traditional hats are worn by farmers while working in the fields to protect themselves from the sun. Would you like to have one for your self? Then here\u2019s one you can make easily.\nYOU\u00a0NEED:\nA. sheet of chart paper (about the size of a newspaper), B. Scissors, C. Glue, D. Two pieces of string","pageno":10,"image":"28f7226d4bfff5b21ff33e821204d8e1.jpg","audio":"","audio_map":"","audio_map_obj":"","language":[]},{"id":1259,"content":"HOW TO MAKE THE PAPER HAT: \n1. Cut out a large circle from the chart paper. \n2. Draw a \u2018V\u2019 on the circle as shown. Cut it out. \n3. Overlap the cut edge (marked \u2018A\u2019) over the other (marked \u2018B\u2019) as shown. Stick them together. You will now have a conical hat. \n4. Make two holes in the hat and tie the strings to them as shown. \n5. There! Your hat is now ready to protect you from the sun! \nDecorate your hat with fancy designs.","pageno":11,"image":"d2b306e17bdae5da2a95efce574eb066.jpg","audio":"","audio_map":"","audio_map_obj":"","language":[]}],"language":[],"questions":[{"id":6269,"type":"pre","storypage_id":0,"order_number":1,"title":"Vocabulary","question":{"question_type":"vocabulary","question":{"text":"","image":"","type":""},"words":[{"word":"dumpling","image":"7b43ed14b03db6a1e35dddb566b6ef0e.png"},{"word":"wrinkled","image":"d83a866207aea9959e102436b4cfaf73.png"},{"word":"cent","image":"824056e21bafd2ef31caab77469764db.png"},{"word":"pot","image":"58b03ef275a449cc4ed1f894b0e0f725.png"}]},"score":1,"question_template_id":21,"question_template":"Vocab"},{"id":6263,"type":"during","storypage_id":1245,"order_number":1,"title":"Choose the correct answer.","question":{"question_type":"mcq_single_answer","question":{"text":"Why is the mountain called \"One Half\"?","image":"","type":"text"},"options":[{"text":"Because it looks like only half a mountain.","type":"both","image":"46130a2ef11856a75a1acf71dd078fc7.png","ans":1},{"text":"Because it was on sale.","type":"both","image":"92dafe9992bd9a7cb75e5e7a47b7029d.png","ans":0},{"text":"Because the old man called it so.","type":"both","image":"585dbe4e85708675a0b0bf46f303a84c.png","ans":0},{"text":"Because the locals were a little mad.","type":"both","image":"46f20f44f17ec0d282f6e581f22a0960.png","ans":0}],"answers":["Because it looks like only half a mountain."]},"score":1,"question_template_id":2,"question_template":"Text MCQ"},{"id":6264,"type":"during","storypage_id":1247,"order_number":2,"title":"Choose the correct answer.","question":{"question_type":"mcq_single_answer","question":{"text":"What was unusual about the offer?","image":"","type":"text"},"options":[{"text":"That three dumplings cost nothing.","type":"text","image":"","ans":1},{"text":"Nothing was unusual.","type":"text","image":"","ans":0},{"text":"That it was so expensive.","type":"text","image":"","ans":0},{"text":"That it was mad.","type":"text","image":"","ans":0}],"answers":["That three dumplings cost nothing."]},"score":1,"question_template_id":2,"question_template":"Text MCQ"},{"id":6265,"type":"during","storypage_id":1254,"order_number":3,"title":"Choose the correct answer.","question":{"question_type":"mcq_single_answer","question":{"text":"What shocked the villagers?","image":"","type":"text"},"options":[{"text":"Someone only ordered one dumpling.","type":"both","image":"afcb4f1f63e090bc61552e3db4270c2b.png","ans":1},{"text":"The mountain was missing.","type":"both","image":"9737467fded60ffe8c12e478dc30bff9.png","ans":0},{"text":"That the old man was the mountain god.","type":"both","image":"995ed023b4eb56f06a37d04f5797539f.png","ans":0},{"text":"The weather was nice.","type":"both","image":"bb7abde9089b5fcfbb9e929bc8d589df.png","ans":0}],"answers":["Someone only ordered one dumpling."]},"score":1,"question_template_id":2,"question_template":"Text MCQ"},{"id":6266,"type":"during","storypage_id":1255,"order_number":4,"title":"Choose the correct answer.","question":{"question_type":"mcq_single_answer","question":{"text":"Why the the old man choose the young man?","image":"","type":"text"},"options":[{"text":"He was kind and honest.","type":"text","image":"","ans":1},{"text":"He was clever and sly.","type":"text","image":"","ans":0},{"text":"He was sweet and slow.","type":"text","image":"","ans":0},{"text":"He was rude and boorish.","type":"text","image":"","ans":0}],"answers":["He was kind and honest."]},"score":1,"question_template_id":2,"question_template":"Text MCQ"},{"id":6267,"type":"during","storypage_id":1255,"order_number":5,"title":"Choose the correct answer.","question":{"question_type":"mcq_single_answer","question":{"text":"Who did the old man turn out to be?","image":"","type":"text"},"options":[{"text":"The mountain god.","type":"both","image":"d4636f64607bf64d7430f925ddfae42b.png","ans":1},{"text":"A fairy princess.","type":"both","image":"41ee4a412882a22ff9c41368dddc5297.png","ans":0},{"text":"A spirit.","type":"both","image":"e388ee7f4d509083b53e00a81d4e687f.png","ans":0},{"text":"A demon.","type":"both","image":"53036c4a50a43f2e8c558e03ebb448ca.png","ans":0}],"answers":["The mountain god."]},"score":1,"question_template_id":2,"question_template":"Text MCQ"},{"id":6268,"type":"during","storypage_id":1257,"order_number":6,"title":"Choose the correct answer.","question":{"question_type":"mcq_single_answer","question":{"text":"What were the dumplings really made of?","image":"","type":"text"},"options":[{"text":"Mud","type":"both","image":"29116cd066e4134592a5202fd6bdcc6c.png","ans":1},{"text":"Water","type":"both","image":"57a680111c224a1fa78143f1b4dc93c5.png","ans":0},{"text":"Dung","type":"both","image":"718e6130b461fd4b687dbdedd400c3bb.png","ans":0},{"text":"Rocks","type":"both","image":"3a9a113d7e97a32345c4b0ef8d78e555.png","ans":0}],"answers":["Mud"]},"score":1,"question_template_id":2,"question_template":"Text MCQ"}]}