{
 "fragments": [
  {
   "begin": "0.000", 
   "end": "2.120", 
   "id": "f000001", 
   "language": "en", 
   "lines": [
    "\u201cNonsense!\u201d"
   ]
  }, 
  {
   "begin": "2.120", 
   "end": "2.320", 
   "id": "f000002", 
   "language": "en", 
   "lines": [
    "said"
   ]
  }, 
  {
   "begin": "2.320", 
   "end": "2.520", 
   "id": "f000003", 
   "language": "en", 
   "lines": [
    "the"
   ]
  }, 
  {
   "begin": "2.520", 
   "end": "3.240", 
   "id": "f000004", 
   "language": "en", 
   "lines": [
    "villagers."
   ]
  }, 
  {
   "begin": "3.240", 
   "end": "4.360", 
   "id": "f000005", 
   "language": "en", 
   "lines": [
    "\u201cToo"
   ]
  }, 
  {
   "begin": "4.360", 
   "end": "4.520", 
   "id": "f000006", 
   "language": "en", 
   "lines": [
    "many"
   ]
  }, 
  {
   "begin": "4.520", 
   "end": "5.200", 
   "id": "f000007", 
   "language": "en", 
   "lines": [
    "dumplings"
   ]
  }, 
  {
   "begin": "5.200", 
   "end": "5.480", 
   "id": "f000008", 
   "language": "en", 
   "lines": [
    "in"
   ]
  }, 
  {
   "begin": "5.480", 
   "end": "5.880", 
   "id": "f000009", 
   "language": "en", 
   "lines": [
    "your"
   ]
  }, 
  {
   "begin": "5.880", 
   "end": "5.920", 
   "id": "f000010", 
   "language": "en", 
   "lines": [
    "tummy"
   ]
  }, 
  {
   "begin": "5.920", 
   "end": "6.320", 
   "id": "f000011", 
   "language": "en", 
   "lines": [
    "have"
   ]
  }, 
  {
   "begin": "6.320", 
   "end": "6.640", 
   "id": "f000012", 
   "language": "en", 
   "lines": [
    "made"
   ]
  }, 
  {
   "begin": "6.640", 
   "end": "6.840", 
   "id": "f000013", 
   "language": "en", 
   "lines": [
    "you"
   ]
  }, 
  {
   "begin": "6.840", 
   "end": "7.320", 
   "id": "f000014", 
   "language": "en", 
   "lines": [
    "think"
   ]
  }, 
  {
   "begin": "7.320", 
   "end": "8.640", 
   "id": "f000015", 
   "language": "en", 
   "lines": [
    "funny!\u201d"
   ]
  }, 
  {
   "begin": "8.640", 
   "end": "9.000", 
   "id": "f000016", 
   "language": "en", 
   "lines": [
    "All"
   ]
  }, 
  {
   "begin": "9.000", 
   "end": "9.000", 
   "id": "f000017", 
   "language": "en", 
   "lines": [
    "of"
   ]
  }, 
  {
   "begin": "9.000", 
   "end": "9.200", 
   "id": "f000018", 
   "language": "en", 
   "lines": [
    "them"
   ]
  }, 
  {
   "begin": "9.200", 
   "end": "9.560", 
   "id": "f000019", 
   "language": "en", 
   "lines": [
    "laughed"
   ]
  }, 
  {
   "begin": "9.560", 
   "end": "9.800", 
   "id": "f000020", 
   "language": "en", 
   "lines": [
    "at"
   ]
  }, 
  {
   "begin": "9.800", 
   "end": "10.360", 
   "id": "f000021", 
   "language": "en", 
   "lines": [
    "Eagle-Eye"
   ]
  }, 
  {
   "begin": "10.360", 
   "end": "11.040", 
   "id": "f000022", 
   "language": "en", 
   "lines": [
    "Chan,"
   ]
  }, 
  {
   "begin": "11.040", 
   "end": "11.200", 
   "id": "f000023", 
   "language": "en", 
   "lines": [
    "who"
   ]
  }, 
  {
   "begin": "11.200", 
   "end": "11.640", 
   "id": "f000024", 
   "language": "en", 
   "lines": [
    "kept"
   ]
  }, 
  {
   "begin": "11.640", 
   "end": "12.080", 
   "id": "f000025", 
   "language": "en", 
   "lines": [
    "staring"
   ]
  }, 
  {
   "begin": "12.080", 
   "end": "12.240", 
   "id": "f000026", 
   "language": "en", 
   "lines": [
    "at"
   ]
  }, 
  {
   "begin": "12.240", 
   "end": "12.360", 
   "id": "f000027", 
   "language": "en", 
   "lines": [
    "the"
   ]
  }, 
  {
   "begin": "12.360", 
   "end": "12.880", 
   "id": "f000028", 
   "language": "en", 
   "lines": [
    "mountain"
   ]
  }, 
  {
   "begin": "12.880", 
   "end": "13.200", 
   "id": "f000029", 
   "language": "en", 
   "lines": [
    "long"
   ]
  }, 
  {
   "begin": "13.200", 
   "end": "13.560", 
   "id": "f000030", 
   "language": "en", 
   "lines": [
    "after"
   ]
  }, 
  {
   "begin": "13.560", 
   "end": "13.680", 
   "id": "f000031", 
   "language": "en", 
   "lines": [
    "the"
   ]
  }, 
  {
   "begin": "13.680", 
   "end": "14.160", 
   "id": "f000032", 
   "language": "en", 
   "lines": [
    "villagers"
   ]
  }, 
  {
   "begin": "14.160", 
   "end": "14.440", 
   "id": "f000033", 
   "language": "en", 
   "lines": [
    "had"
   ]
  }, 
  {
   "begin": "14.440", 
   "end": "14.640", 
   "id": "f000034", 
   "language": "en", 
   "lines": [
    "left.\n\n"
   ]
  }, 
  {
   "begin": "14.640", 
   "end": "15.400", 
   "id": "f000035", 
   "language": "en", 
   "lines": [
    ""
   ]
  }, 
  {
   "begin": "15.400", 
   "end": "15.400", 
   "id": "f000036", 
   "language": "en", 
   "lines": [
    ""
   ]
  }, 
  {
   "begin": "15.400", 
   "end": "15.400", 
   "id": "f000037", 
   "language": "en", 
   "lines": [
    ""
   ]
  }, 
  {
   "begin": "15.400", 
   "end": "15.400", 
   "id": "f000038", 
   "language": "en", 
   "lines": [
    ""
   ]
  }, 
  {
   "begin": "15.400", 
   "end": "15.960", 
   "id": "f000039", 
   "language": "en", 
   "lines": [
    "That"
   ]
  }, 
  {
   "begin": "15.960", 
   "end": "16.560", 
   "id": "f000040", 
   "language": "en", 
   "lines": [
    "evening,"
   ]
  }, 
  {
   "begin": "16.560", 
   "end": "17.080", 
   "id": "f000041", 
   "language": "en", 
   "lines": [
    "everyone"
   ]
  }, 
  {
   "begin": "17.080", 
   "end": "17.320", 
   "id": "f000042", 
   "language": "en", 
   "lines": [
    "was"
   ]
  }, 
  {
   "begin": "17.320", 
   "end": "17.800", 
   "id": "f000043", 
   "language": "en", 
   "lines": [
    "talking"
   ]
  }, 
  {
   "begin": "17.800", 
   "end": "18.000", 
   "id": "f000044", 
   "language": "en", 
   "lines": [
    "about"
   ]
  }, 
  {
   "begin": "18.000", 
   "end": "18.120", 
   "id": "f000045", 
   "language": "en", 
   "lines": [
    "the"
   ]
  }, 
  {
   "begin": "18.120", 
   "end": "18.480", 
   "id": "f000046", 
   "language": "en", 
   "lines": [
    "old"
   ]
  }, 
  {
   "begin": "18.480", 
   "end": "18.840", 
   "id": "f000047", 
   "language": "en", 
   "lines": [
    "man"
   ]
  }, 
  {
   "begin": "18.840", 
   "end": "19.000", 
   "id": "f000048", 
   "language": "en", 
   "lines": [
    "and"
   ]
  }, 
  {
   "begin": "19.000", 
   "end": "19.240", 
   "id": "f000049", 
   "language": "en", 
   "lines": [
    "his"
   ]
  }, 
  {
   "begin": "19.240", 
   "end": "19.800", 
   "id": "f000050", 
   "language": "en", 
   "lines": [
    "delicious"
   ]
  }, 
  {
   "begin": "19.800", 
   "end": "20.480", 
   "id": "f000051", 
   "language": "en", 
   "lines": [
    "dumplings."
   ]
  }, 
  {
   "begin": "20.480", 
   "end": "21.000", 
   "id": "f000052", 
   "language": "en", 
   "lines": [
    "\u201cHe"
   ]
  }, 
  {
   "begin": "21.000", 
   "end": "21.280", 
   "id": "f000053", 
   "language": "en", 
   "lines": [
    "must"
   ]
  }, 
  {
   "begin": "21.280", 
   "end": "21.320", 
   "id": "f000054", 
   "language": "en", 
   "lines": [
    "be"
   ]
  }, 
  {
   "begin": "21.320", 
   "end": "21.600", 
   "id": "f000055", 
   "language": "en", 
   "lines": [
    "a"
   ]
  }, 
  {
   "begin": "21.600", 
   "end": "22.240", 
   "id": "f000056", 
   "language": "en", 
   "lines": [
    "really"
   ]
  }, 
  {
   "begin": "22.240", 
   "end": "22.600", 
   "id": "f000057", 
   "language": "en", 
   "lines": [
    "stupid"
   ]
  }, 
  {
   "begin": "22.600", 
   "end": "22.920", 
   "id": "f000058", 
   "language": "en", 
   "lines": [
    "man"
   ]
  }, 
  {
   "begin": "22.920", 
   "end": "23.080", 
   "id": "f000059", 
   "language": "en", 
   "lines": [
    "to"
   ]
  }, 
  {
   "begin": "23.080", 
   "end": "23.160", 
   "id": "f000060", 
   "language": "en", 
   "lines": [
    "give"
   ]
  }, 
  {
   "begin": "23.160", 
   "end": "23.600", 
   "id": "f000061", 
   "language": "en", 
   "lines": [
    "away"
   ]
  }, 
  {
   "begin": "23.600", 
   "end": "23.920", 
   "id": "f000062", 
   "language": "en", 
   "lines": [
    "three"
   ]
  }, 
  {
   "begin": "23.920", 
   "end": "24.160", 
   "id": "f000063", 
   "language": "en", 
   "lines": [
    "for"
   ]
  }, 
  {
   "begin": "24.160", 
   "end": "24.520", 
   "id": "f000064", 
   "language": "en", 
   "lines": [
    "free!\u201d"
   ]
  }, 
  {
   "begin": "24.520", 
   "end": "25.200", 
   "id": "f000065", 
   "language": "en", 
   "lines": [
    "they"
   ]
  }, 
  {
   "begin": "25.200", 
   "end": "25.600", 
   "id": "f000066", 
   "language": "en", 
   "lines": [
    "said,"
   ]
  }, 
  {
   "begin": "25.600", 
   "end": "26.200", 
   "id": "f000067", 
   "language": "en", 
   "lines": [
    "laughing."
   ]
  }, 
  {
   "begin": "26.200", 
   "end": "27.160", 
   "id": "f000068", 
   "language": "en", 
   "lines": [
    "\u201cLet\u2019s"
   ]
  }, 
  {
   "begin": "27.160", 
   "end": "27.160", 
   "id": "f000069", 
   "language": "en", 
   "lines": [
    "hope"
   ]
  }, 
  {
   "begin": "27.160", 
   "end": "27.320", 
   "id": "f000070", 
   "language": "en", 
   "lines": [
    "he"
   ]
  }, 
  {
   "begin": "27.320", 
   "end": "27.760", 
   "id": "f000071", 
   "language": "en", 
   "lines": [
    "comes"
   ]
  }, 
  {
   "begin": "27.760", 
   "end": "27.960", 
   "id": "f000072", 
   "language": "en", 
   "lines": [
    "every"
   ]
  }, 
  {
   "begin": "27.960", 
   "end": "28.120", 
   "id": "f000073", 
   "language": "en", 
   "lines": [
    "day.\u201d\n\n"
   ]
  }, 
  {
   "begin": "28.120", 
   "end": "28.120", 
   "id": "f000074", 
   "language": "en", 
   "lines": [
    ""
   ]
  }, 
  {
   "begin": "28.120", 
   "end": "28.120", 
   "id": "f000075", 
   "language": "en", 
   "lines": [
    ""
   ]
  }, 
  {
   "begin": "28.120", 
   "end": "29.120", 
   "id": "f000076", 
   "language": "en", 
   "lines": [
    "The"
   ]
  }, 
  {
   "begin": "29.120", 
   "end": "29.600", 
   "id": "f000077", 
   "language": "en", 
   "lines": [
    "next"
   ]
  }, 
  {
   "begin": "29.600", 
   "end": "30.040", 
   "id": "f000078", 
   "language": "en", 
   "lines": [
    "morning,"
   ]
  }, 
  {
   "begin": "30.040", 
   "end": "30.480", 
   "id": "f000079", 
   "language": "en", 
   "lines": [
    "the"
   ]
  }, 
  {
   "begin": "30.480", 
   "end": "30.760", 
   "id": "f000080", 
   "language": "en", 
   "lines": [
    "old"
   ]
  }, 
  {
   "begin": "30.760", 
   "end": "31.080", 
   "id": "f000081", 
   "language": "en", 
   "lines": [
    "man"
   ]
  }, 
  {
   "begin": "31.080", 
   "end": "31.640", 
   "id": "f000082", 
   "language": "en", 
   "lines": [
    "arrived"
   ]
  }, 
  {
   "begin": "31.640", 
   "end": "32.000", 
   "id": "f000083", 
   "language": "en", 
   "lines": [
    "again,"
   ]
  }, 
  {
   "begin": "32.000", 
   "end": "32.880", 
   "id": "f000084", 
   "language": "en", 
   "lines": [
    "carrying"
   ]
  }, 
  {
   "begin": "32.880", 
   "end": "33.120", 
   "id": "f000085", 
   "language": "en", 
   "lines": [
    "his"
   ]
  }, 
  {
   "begin": "33.120", 
   "end": "33.360", 
   "id": "f000086", 
   "language": "en", 
   "lines": [
    "pot"
   ]
  }, 
  {
   "begin": "33.360", 
   "end": "33.560", 
   "id": "f000087", 
   "language": "en", 
   "lines": [
    "of"
   ]
  }, 
  {
   "begin": "33.560", 
   "end": "34.760", 
   "id": "f000088", 
   "language": "en", 
   "lines": [
    "dumplings."
   ]
  }, 
  {
   "begin": "34.760", 
   "end": "35.120", 
   "id": "f000089", 
   "language": "en", 
   "lines": [
    "He"
   ]
  }, 
  {
   "begin": "35.120", 
   "end": "35.240", 
   "id": "f000090", 
   "language": "en", 
   "lines": [
    "set"
   ]
  }, 
  {
   "begin": "35.240", 
   "end": "35.240", 
   "id": "f000091", 
   "language": "en", 
   "lines": [
    "the"
   ]
  }, 
  {
   "begin": "35.240", 
   "end": "35.680", 
   "id": "f000092", 
   "language": "en", 
   "lines": [
    "pot"
   ]
  }, 
  {
   "begin": "35.680", 
   "end": "36.040", 
   "id": "f000093", 
   "language": "en", 
   "lines": [
    "down"
   ]
  }, 
  {
   "begin": "36.040", 
   "end": "36.440", 
   "id": "f000094", 
   "language": "en", 
   "lines": [
    "again"
   ]
  }, 
  {
   "begin": "36.440", 
   "end": "36.520", 
   "id": "f000095", 
   "language": "en", 
   "lines": [
    "in"
   ]
  }, 
  {
   "begin": "36.520", 
   "end": "36.640", 
   "id": "f000096", 
   "language": "en", 
   "lines": [
    "the"
   ]
  }, 
  {
   "begin": "36.640", 
   "end": "37.000", 
   "id": "f000097", 
   "language": "en", 
   "lines": [
    "village"
   ]
  }, 
  {
   "begin": "37.000", 
   "end": "37.360", 
   "id": "f000098", 
   "language": "en", 
   "lines": [
    "square.\n\n"
   ]
  }, 
  {
   "begin": "37.360", 
   "end": "37.360", 
   "id": "f000099", 
   "language": "en", 
   "lines": [
    ""
   ]
  }, 
  {
   "begin": "37.360", 
   "end": "37.360", 
   "id": "f000100", 
   "language": "en", 
   "lines": [
    ""
   ]
  }, 
  {
   "begin": "37.360", 
   "end": "37.360", 
   "id": "f000101", 
   "language": "en", 
   "lines": [
    ""
   ]
  }, 
  {
   "begin": "37.360", 
   "end": "37.360", 
   "id": "f000102", 
   "language": "en", 
   "lines": [
    ""
   ]
  }, 
  {
   "begin": "37.360", 
   "end": "38.160", 
   "id": "f000103", 
   "language": "en", 
   "lines": [
    "\u201cOne"
   ]
  }, 
  {
   "begin": "38.160", 
   "end": "38.600", 
   "id": "f000104", 
   "language": "en", 
   "lines": [
    "for"
   ]
  }, 
  {
   "begin": "38.600", 
   "end": "38.680", 
   "id": "f000105", 
   "language": "en", 
   "lines": [
    "one"
   ]
  }, 
  {
   "begin": "38.680", 
   "end": "39.120", 
   "id": "f000106", 
   "language": "en", 
   "lines": [
    "cent,"
   ]
  }, 
  {
   "begin": "39.120", 
   "end": "39.760", 
   "id": "f000107", 
   "language": "en", 
   "lines": [
    "two"
   ]
  }, 
  {
   "begin": "39.760", 
   "end": "39.880", 
   "id": "f000108", 
   "language": "en", 
   "lines": [
    "for"
   ]
  }, 
  {
   "begin": "39.880", 
   "end": "40.240", 
   "id": "f000109", 
   "language": "en", 
   "lines": [
    "two"
   ]
  }, 
  {
   "begin": "40.240", 
   "end": "41.080", 
   "id": "f000110", 
   "language": "en", 
   "lines": [
    "cents"
   ]
  }, 
  {
   "begin": "41.080", 
   "end": "41.360", 
   "id": "f000111", 
   "language": "en", 
   "lines": [
    "and"
   ]
  }, 
  {
   "begin": "41.360", 
   "end": "41.720", 
   "id": "f000112", 
   "language": "en", 
   "lines": [
    "three,"
   ]
  }, 
  {
   "begin": "41.720", 
   "end": "41.880", 
   "id": "f000113", 
   "language": "en", 
   "lines": [
    "for"
   ]
  }, 
  {
   "begin": "41.880", 
   "end": "42.680", 
   "id": "f000114", 
   "language": "en", 
   "lines": [
    "FREE!\u201d"
   ]
  }, 
  {
   "begin": "42.680", 
   "end": "43.840", 
   "id": "f000115", 
   "language": "en", 
   "lines": [
    "he"
   ]
  }, 
  {
   "begin": "43.840", 
   "end": "44.480", 
   "id": "f000116", 
   "language": "en", 
   "lines": [
    "yelled."
   ]
  }, 
  {
   "begin": "44.480", 
   "end": "45.520", 
   "id": "f000117", 
   "language": "en", 
   "lines": [
    "\u201cPeanuts"
   ]
  }, 
  {
   "begin": "45.520", 
   "end": "45.680", 
   "id": "f000118", 
   "language": "en", 
   "lines": [
    "and"
   ]
  }, 
  {
   "begin": "45.680", 
   "end": "46.720", 
   "id": "f000119", 
   "language": "en", 
   "lines": [
    "sesame,"
   ]
  }, 
  {
   "begin": "46.720", 
   "end": "46.960", 
   "id": "f000120", 
   "language": "en", 
   "lines": [
    "and"
   ]
  }, 
  {
   "begin": "46.960", 
   "end": "46.960", 
   "id": "f000121", 
   "language": "en", 
   "lines": [
    "three"
   ]
  }, 
  {
   "begin": "46.960", 
   "end": "46.960", 
   "id": "f000122", 
   "language": "en", 
   "lines": [
    "for"
   ]
  }, 
  {
   "begin": "46.960", 
   "end": "47.040", 
   "id": "f000123", 
   "language": "en", 
   "lines": [
    "free.\u201d"
   ]
  }
 ]
}