{
 "fragments": [
  {
   "begin": "0.000", 
   "end": "0.880", 
   "id": "f000001", 
   "language": "en", 
   "lines": [
    "Now,"
   ]
  }, 
  {
   "begin": "0.880", 
   "end": "1.240", 
   "id": "f000002", 
   "language": "en", 
   "lines": [
    "which"
   ]
  }, 
  {
   "begin": "1.240", 
   "end": "1.520", 
   "id": "f000003", 
   "language": "en", 
   "lines": [
    "idiot"
   ]
  }, 
  {
   "begin": "1.520", 
   "end": "1.720", 
   "id": "f000004", 
   "language": "en", 
   "lines": [
    "would"
   ]
  }, 
  {
   "begin": "1.720", 
   "end": "2.040", 
   "id": "f000005", 
   "language": "en", 
   "lines": [
    "want"
   ]
  }, 
  {
   "begin": "2.040", 
   "end": "2.080", 
   "id": "f000006", 
   "language": "en", 
   "lines": [
    "to"
   ]
  }, 
  {
   "begin": "2.080", 
   "end": "2.360", 
   "id": "f000007", 
   "language": "en", 
   "lines": [
    "pay"
   ]
  }, 
  {
   "begin": "2.360", 
   "end": "2.640", 
   "id": "f000008", 
   "language": "en", 
   "lines": [
    "for"
   ]
  }, 
  {
   "begin": "2.640", 
   "end": "2.920", 
   "id": "f000009", 
   "language": "en", 
   "lines": [
    "ONE"
   ]
  }, 
  {
   "begin": "2.920", 
   "end": "3.840", 
   "id": "f000010", 
   "language": "en", 
   "lines": [
    "dumpling"
   ]
  }, 
  {
   "begin": "3.840", 
   "end": "4.000", 
   "id": "f000011", 
   "language": "en", 
   "lines": [
    "when"
   ]
  }, 
  {
   "begin": "4.000", 
   "end": "4.200", 
   "id": "f000012", 
   "language": "en", 
   "lines": [
    "he"
   ]
  }, 
  {
   "begin": "4.200", 
   "end": "4.360", 
   "id": "f000013", 
   "language": "en", 
   "lines": [
    "could"
   ]
  }, 
  {
   "begin": "4.360", 
   "end": "4.960", 
   "id": "f000014", 
   "language": "en", 
   "lines": [
    "have"
   ]
  }, 
  {
   "begin": "4.960", 
   "end": "5.160", 
   "id": "f000015", 
   "language": "en", 
   "lines": [
    "THREE"
   ]
  }, 
  {
   "begin": "5.160", 
   "end": "5.400", 
   "id": "f000016", 
   "language": "en", 
   "lines": [
    "for"
   ]
  }, 
  {
   "begin": "5.400", 
   "end": "6.280", 
   "id": "f000017", 
   "language": "en", 
   "lines": [
    "FREE?"
   ]
  }, 
  {
   "begin": "6.280", 
   "end": "6.440", 
   "id": "f000018", 
   "language": "en", 
   "lines": [
    "There"
   ]
  }, 
  {
   "begin": "6.440", 
   "end": "6.680", 
   "id": "f000019", 
   "language": "en", 
   "lines": [
    "was"
   ]
  }, 
  {
   "begin": "6.680", 
   "end": "7.240", 
   "id": "f000020", 
   "language": "en", 
   "lines": [
    "pin-drop"
   ]
  }, 
  {
   "begin": "7.240", 
   "end": "7.960", 
   "id": "f000021", 
   "language": "en", 
   "lines": [
    "silence."
   ]
  }, 
  {
   "begin": "7.960", 
   "end": "8.400", 
   "id": "f000022", 
   "language": "en", 
   "lines": [
    "They"
   ]
  }, 
  {
   "begin": "8.400", 
   "end": "8.760", 
   "id": "f000023", 
   "language": "en", 
   "lines": [
    "saw"
   ]
  }, 
  {
   "begin": "8.760", 
   "end": "8.920", 
   "id": "f000024", 
   "language": "en", 
   "lines": [
    "a"
   ]
  }, 
  {
   "begin": "8.920", 
   "end": "9.160", 
   "id": "f000025", 
   "language": "en", 
   "lines": [
    "young"
   ]
  }, 
  {
   "begin": "9.160", 
   "end": "9.400", 
   "id": "f000026", 
   "language": "en", 
   "lines": [
    "man"
   ]
  }, 
  {
   "begin": "9.400", 
   "end": "9.520", 
   "id": "f000027", 
   "language": "en", 
   "lines": [
    "with"
   ]
  }, 
  {
   "begin": "9.520", 
   "end": "9.680", 
   "id": "f000028", 
   "language": "en", 
   "lines": [
    "a"
   ]
  }, 
  {
   "begin": "9.680", 
   "end": "10.000", 
   "id": "f000029", 
   "language": "en", 
   "lines": [
    "soft"
   ]
  }, 
  {
   "begin": "10.000", 
   "end": "10.520", 
   "id": "f000030", 
   "language": "en", 
   "lines": [
    "face"
   ]
  }, 
  {
   "begin": "10.520", 
   "end": "10.960", 
   "id": "f000031", 
   "language": "en", 
   "lines": [
    "standing"
   ]
  }, 
  {
   "begin": "10.960", 
   "end": "11.040", 
   "id": "f000032", 
   "language": "en", 
   "lines": [
    "in"
   ]
  }, 
  {
   "begin": "11.040", 
   "end": "11.160", 
   "id": "f000033", 
   "language": "en", 
   "lines": [
    "the"
   ]
  }, 
  {
   "begin": "11.160", 
   "end": "11.440", 
   "id": "f000034", 
   "language": "en", 
   "lines": [
    "middle"
   ]
  }, 
  {
   "begin": "11.440", 
   "end": "11.560", 
   "id": "f000035", 
   "language": "en", 
   "lines": [
    "of"
   ]
  }, 
  {
   "begin": "11.560", 
   "end": "11.680", 
   "id": "f000036", 
   "language": "en", 
   "lines": [
    "the"
   ]
  }, 
  {
   "begin": "11.680", 
   "end": "12.080", 
   "id": "f000037", 
   "language": "en", 
   "lines": [
    "crowd,"
   ]
  }, 
  {
   "begin": "12.080", 
   "end": "12.120", 
   "id": "f000038", 
   "language": "en", 
   "lines": [
    "a"
   ]
  }, 
  {
   "begin": "12.120", 
   "end": "13.160", 
   "id": "f000039", 
   "language": "en", 
   "lines": [
    "single"
   ]
  }, 
  {
   "begin": "13.160", 
   "end": "13.560", 
   "id": "f000040", 
   "language": "en", 
   "lines": [
    "cent"
   ]
  }, 
  {
   "begin": "13.560", 
   "end": "13.680", 
   "id": "f000041", 
   "language": "en", 
   "lines": [
    "in"
   ]
  }, 
  {
   "begin": "13.680", 
   "end": "13.920", 
   "id": "f000042", 
   "language": "en", 
   "lines": [
    "his"
   ]
  }, 
  {
   "begin": "13.920", 
   "end": "14.600", 
   "id": "f000043", 
   "language": "en", 
   "lines": [
    "outstretched"
   ]
  }, 
  {
   "begin": "14.600", 
   "end": "15.000", 
   "id": "f000044", 
   "language": "en", 
   "lines": [
    "hand."
   ]
  }, 
  {
   "begin": "15.000", 
   "end": "15.760", 
   "id": "f000045", 
   "language": "en", 
   "lines": [
    "\n\n"
   ]
  }, 
  {
   "begin": "15.760", 
   "end": "15.960", 
   "id": "f000046", 
   "language": "en", 
   "lines": [
    "The"
   ]
  }, 
  {
   "begin": "15.960", 
   "end": "16.360", 
   "id": "f000047", 
   "language": "en", 
   "lines": [
    "old"
   ]
  }, 
  {
   "begin": "16.360", 
   "end": "16.720", 
   "id": "f000048", 
   "language": "en", 
   "lines": [
    "man"
   ]
  }, 
  {
   "begin": "16.720", 
   "end": "16.800", 
   "id": "f000049", 
   "language": "en", 
   "lines": [
    "spoke."
   ]
  }, 
  {
   "begin": "16.800", 
   "end": "17.600", 
   "id": "f000050", 
   "language": "en", 
   "lines": [
    "\u201cYoung"
   ]
  }, 
  {
   "begin": "17.600", 
   "end": "18.560", 
   "id": "f000051", 
   "language": "en", 
   "lines": [
    "man,"
   ]
  }, 
  {
   "begin": "18.560", 
   "end": "19.040", 
   "id": "f000052", 
   "language": "en", 
   "lines": [
    "didn\u2019t"
   ]
  }, 
  {
   "begin": "19.040", 
   "end": "19.280", 
   "id": "f000053", 
   "language": "en", 
   "lines": [
    "you"
   ]
  }, 
  {
   "begin": "19.280", 
   "end": "19.560", 
   "id": "f000054", 
   "language": "en", 
   "lines": [
    "hear"
   ]
  }, 
  {
   "begin": "19.560", 
   "end": "20.240", 
   "id": "f000055", 
   "language": "en", 
   "lines": [
    "me?\u201d"
   ]
  }, 
  {
   "begin": "20.240", 
   "end": "20.360", 
   "id": "f000056", 
   "language": "en", 
   "lines": [
    "he"
   ]
  }, 
  {
   "begin": "20.360", 
   "end": "20.840", 
   "id": "f000057", 
   "language": "en", 
   "lines": [
    "said."
   ]
  }, 
  {
   "begin": "20.840", 
   "end": "22.040", 
   "id": "f000058", 
   "language": "en", 
   "lines": [
    "\u201cOne"
   ]
  }, 
  {
   "begin": "22.040", 
   "end": "22.360", 
   "id": "f000059", 
   "language": "en", 
   "lines": [
    "for"
   ]
  }, 
  {
   "begin": "22.360", 
   "end": "22.480", 
   "id": "f000060", 
   "language": "en", 
   "lines": [
    "one"
   ]
  }, 
  {
   "begin": "22.480", 
   "end": "22.880", 
   "id": "f000061", 
   "language": "en", 
   "lines": [
    "cent,"
   ]
  }, 
  {
   "begin": "22.880", 
   "end": "23.440", 
   "id": "f000062", 
   "language": "en", 
   "lines": [
    "two"
   ]
  }, 
  {
   "begin": "23.440", 
   "end": "23.600", 
   "id": "f000063", 
   "language": "en", 
   "lines": [
    "for"
   ]
  }, 
  {
   "begin": "23.600", 
   "end": "23.880", 
   "id": "f000064", 
   "language": "en", 
   "lines": [
    "two"
   ]
  }, 
  {
   "begin": "23.880", 
   "end": "24.600", 
   "id": "f000065", 
   "language": "en", 
   "lines": [
    "cents"
   ]
  }, 
  {
   "begin": "24.600", 
   "end": "24.960", 
   "id": "f000066", 
   "language": "en", 
   "lines": [
    "and"
   ]
  }, 
  {
   "begin": "24.960", 
   "end": "25.400", 
   "id": "f000067", 
   "language": "en", 
   "lines": [
    "three,"
   ]
  }, 
  {
   "begin": "25.400", 
   "end": "26.240", 
   "id": "f000068", 
   "language": "en", 
   "lines": [
    "for"
   ]
  }, 
  {
   "begin": "26.240", 
   "end": "27.400", 
   "id": "f000069", 
   "language": "en", 
   "lines": [
    "FREE!\u201d"
   ]
  }, 
  {
   "begin": "27.400", 
   "end": "27.440", 
   "id": "f000070", 
   "language": "en", 
   "lines": [
    "\n\n"
   ]
  }, 
  {
   "begin": "27.440", 
   "end": "27.720", 
   "id": "f000071", 
   "language": "en", 
   "lines": [
    "\u201cYes,"
   ]
  }, 
  {
   "begin": "27.720", 
   "end": "27.880", 
   "id": "f000072", 
   "language": "en", 
   "lines": [
    "I"
   ]
  }, 
  {
   "begin": "27.880", 
   "end": "28.440", 
   "id": "f000073", 
   "language": "en", 
   "lines": [
    "did,\u201d"
   ]
  }, 
  {
   "begin": "28.440", 
   "end": "28.640", 
   "id": "f000074", 
   "language": "en", 
   "lines": [
    "said"
   ]
  }, 
  {
   "begin": "28.640", 
   "end": "28.680", 
   "id": "f000075", 
   "language": "en", 
   "lines": [
    "the"
   ]
  }, 
  {
   "begin": "28.680", 
   "end": "29.000", 
   "id": "f000076", 
   "language": "en", 
   "lines": [
    "young"
   ]
  }, 
  {
   "begin": "29.000", 
   "end": "29.320", 
   "id": "f000077", 
   "language": "en", 
   "lines": [
    "man"
   ]
  }, 
  {
   "begin": "29.320", 
   "end": "29.400", 
   "id": "f000078", 
   "language": "en", 
   "lines": [
    "in"
   ]
  }, 
  {
   "begin": "29.400", 
   "end": "29.600", 
   "id": "f000079", 
   "language": "en", 
   "lines": [
    "a"
   ]
  }, 
  {
   "begin": "29.600", 
   "end": "30.200", 
   "id": "f000080", 
   "language": "en", 
   "lines": [
    "sincere"
   ]
  }, 
  {
   "begin": "30.200", 
   "end": "30.680", 
   "id": "f000081", 
   "language": "en", 
   "lines": [
    "voice."
   ]
  }, 
  {
   "begin": "30.680", 
   "end": "31.440", 
   "id": "f000082", 
   "language": "en", 
   "lines": [
    "\u201cBut"
   ]
  }, 
  {
   "begin": "31.440", 
   "end": "31.520", 
   "id": "f000083", 
   "language": "en", 
   "lines": [
    "I\u2019ve"
   ]
  }, 
  {
   "begin": "31.520", 
   "end": "31.880", 
   "id": "f000084", 
   "language": "en", 
   "lines": [
    "seen"
   ]
  }, 
  {
   "begin": "31.880", 
   "end": "32.160", 
   "id": "f000085", 
   "language": "en", 
   "lines": [
    "how"
   ]
  }, 
  {
   "begin": "32.160", 
   "end": "32.360", 
   "id": "f000086", 
   "language": "en", 
   "lines": [
    "you\u2019ve"
   ]
  }, 
  {
   "begin": "32.360", 
   "end": "32.760", 
   "id": "f000087", 
   "language": "en", 
   "lines": [
    "carried"
   ]
  }, 
  {
   "begin": "32.760", 
   "end": "33.000", 
   "id": "f000088", 
   "language": "en", 
   "lines": [
    "this"
   ]
  }, 
  {
   "begin": "33.000", 
   "end": "33.360", 
   "id": "f000089", 
   "language": "en", 
   "lines": [
    "huge"
   ]
  }, 
  {
   "begin": "33.360", 
   "end": "33.640", 
   "id": "f000090", 
   "language": "en", 
   "lines": [
    "pot"
   ]
  }, 
  {
   "begin": "33.640", 
   "end": "33.720", 
   "id": "f000091", 
   "language": "en", 
   "lines": [
    "every"
   ]
  }, 
  {
   "begin": "33.720", 
   "end": "33.960", 
   "id": "f000092", 
   "language": "en", 
   "lines": [
    "day,"
   ]
  }, 
  {
   "begin": "33.960", 
   "end": "34.160", 
   "id": "f000093", 
   "language": "en", 
   "lines": [
    "giving"
   ]
  }, 
  {
   "begin": "34.160", 
   "end": "34.760", 
   "id": "f000094", 
   "language": "en", 
   "lines": [
    "away"
   ]
  }, 
  {
   "begin": "34.760", 
   "end": "35.560", 
   "id": "f000095", 
   "language": "en", 
   "lines": [
    "your"
   ]
  }, 
  {
   "begin": "35.560", 
   "end": "36.480", 
   "id": "f000096", 
   "language": "en", 
   "lines": [
    "dumplings,"
   ]
  }, 
  {
   "begin": "36.480", 
   "end": "36.680", 
   "id": "f000097", 
   "language": "en", 
   "lines": [
    "three"
   ]
  }, 
  {
   "begin": "36.680", 
   "end": "36.960", 
   "id": "f000098", 
   "language": "en", 
   "lines": [
    "for"
   ]
  }, 
  {
   "begin": "36.960", 
   "end": "37.240", 
   "id": "f000099", 
   "language": "en", 
   "lines": [
    "free."
   ]
  }, 
  {
   "begin": "37.240", 
   "end": "37.880", 
   "id": "f000100", 
   "language": "en", 
   "lines": [
    "\n\n"
   ]
  }, 
  {
   "begin": "37.880", 
   "end": "37.960", 
   "id": "f000101", 
   "language": "en", 
   "lines": [
    "You"
   ]
  }, 
  {
   "begin": "37.960", 
   "end": "38.120", 
   "id": "f000102", 
   "language": "en", 
   "lines": [
    "have"
   ]
  }, 
  {
   "begin": "38.120", 
   "end": "38.440", 
   "id": "f000103", 
   "language": "en", 
   "lines": [
    "not"
   ]
  }, 
  {
   "begin": "38.440", 
   "end": "38.760", 
   "id": "f000104", 
   "language": "en", 
   "lines": [
    "made"
   ]
  }, 
  {
   "begin": "38.760", 
   "end": "38.920", 
   "id": "f000105", 
   "language": "en", 
   "lines": [
    "any"
   ]
  }, 
  {
   "begin": "38.920", 
   "end": "39.200", 
   "id": "f000106", 
   "language": "en", 
   "lines": [
    "money"
   ]
  }, 
  {
   "begin": "39.200", 
   "end": "39.400", 
   "id": "f000107", 
   "language": "en", 
   "lines": [
    "in"
   ]
  }, 
  {
   "begin": "39.400", 
   "end": "39.520", 
   "id": "f000108", 
   "language": "en", 
   "lines": [
    "the"
   ]
  }, 
  {
   "begin": "39.520", 
   "end": "39.840", 
   "id": "f000109", 
   "language": "en", 
   "lines": [
    "last"
   ]
  }, 
  {
   "begin": "39.840", 
   "end": "40.080", 
   "id": "f000110", 
   "language": "en", 
   "lines": [
    "few"
   ]
  }, 
  {
   "begin": "40.080", 
   "end": "40.440", 
   "id": "f000111", 
   "language": "en", 
   "lines": [
    "days"
   ]
  }, 
  {
   "begin": "40.440", 
   "end": "40.800", 
   "id": "f000112", 
   "language": "en", 
   "lines": [
    "and"
   ]
  }, 
  {
   "begin": "40.800", 
   "end": "41.000", 
   "id": "f000113", 
   "language": "en", 
   "lines": [
    "I"
   ]
  }, 
  {
   "begin": "41.000", 
   "end": "41.360", 
   "id": "f000114", 
   "language": "en", 
   "lines": [
    "feel"
   ]
  }, 
  {
   "begin": "41.360", 
   "end": "41.800", 
   "id": "f000115", 
   "language": "en", 
   "lines": [
    "sorry"
   ]
  }, 
  {
   "begin": "41.800", 
   "end": "42.000", 
   "id": "f000116", 
   "language": "en", 
   "lines": [
    "for"
   ]
  }, 
  {
   "begin": "42.000", 
   "end": "42.600", 
   "id": "f000117", 
   "language": "en", 
   "lines": [
    "you."
   ]
  }, 
  {
   "begin": "42.600", 
   "end": "42.760", 
   "id": "f000118", 
   "language": "en", 
   "lines": [
    "I"
   ]
  }, 
  {
   "begin": "42.760", 
   "end": "42.960", 
   "id": "f000119", 
   "language": "en", 
   "lines": [
    "want"
   ]
  }, 
  {
   "begin": "42.960", 
   "end": "43.080", 
   "id": "f000120", 
   "language": "en", 
   "lines": [
    "to"
   ]
  }, 
  {
   "begin": "43.080", 
   "end": "43.400", 
   "id": "f000121", 
   "language": "en", 
   "lines": [
    "help,"
   ]
  }, 
  {
   "begin": "43.400", 
   "end": "44.040", 
   "id": "f000122", 
   "language": "en", 
   "lines": [
    "but"
   ]
  }, 
  {
   "begin": "44.040", 
   "end": "44.320", 
   "id": "f000123", 
   "language": "en", 
   "lines": [
    "I"
   ]
  }, 
  {
   "begin": "44.320", 
   "end": "44.480", 
   "id": "f000124", 
   "language": "en", 
   "lines": [
    "have"
   ]
  }, 
  {
   "begin": "44.480", 
   "end": "44.920", 
   "id": "f000125", 
   "language": "en", 
   "lines": [
    "only"
   ]
  }, 
  {
   "begin": "44.920", 
   "end": "45.160", 
   "id": "f000126", 
   "language": "en", 
   "lines": [
    "enough"
   ]
  }, 
  {
   "begin": "45.160", 
   "end": "45.440", 
   "id": "f000127", 
   "language": "en", 
   "lines": [
    "money"
   ]
  }, 
  {
   "begin": "45.440", 
   "end": "45.560", 
   "id": "f000128", 
   "language": "en", 
   "lines": [
    "to"
   ]
  }, 
  {
   "begin": "45.560", 
   "end": "45.800", 
   "id": "f000129", 
   "language": "en", 
   "lines": [
    "pay"
   ]
  }, 
  {
   "begin": "45.800", 
   "end": "46.000", 
   "id": "f000130", 
   "language": "en", 
   "lines": [
    "for"
   ]
  }, 
  {
   "begin": "46.000", 
   "end": "46.240", 
   "id": "f000131", 
   "language": "en", 
   "lines": [
    "one"
   ]
  }, 
  {
   "begin": "46.240", 
   "end": "47.440", 
   "id": "f000132", 
   "language": "en", 
   "lines": [
    "dumpling.\u201d"
   ]
  }
 ]
}