{
	"fragments": [{
			"begin": "0.000",
			"end": "0.360",
			"id": "f000001",
			"language": "en",
			"lines": [
				"The"
			]
		},
		{
			"begin": "0.360",
			"end": "0.840",
			"id": "f000002",
			"language": "en",
			"lines": [
				"sweet"
			]
		},
		{
			"begin": "0.840",
			"end": "0.960",
			"id": "f000003",
			"language": "en",
			"lines": [
				"smell"
			]
		},
		{
			"begin": "0.960",
			"end": "1.240",
			"id": "f000004",
			"language": "en",
			"lines": [
				"of"
			]
		},
		{
			"begin": "1.240",
			"end": "1.680",
			"id": "f000005",
			"language": "en",
			"lines": [
				"fresh"
			]
		},
		{
			"begin": "1.680",
			"end": "2.280",
			"id": "f000006",
			"language": "en",
			"lines": [
				"dumplings"
			]
		},
		{
			"begin": "2.280",
			"end": "2.600",
			"id": "f000007",
			"language": "en",
			"lines": [
				"filled"
			]
		},
		{
			"begin": "2.600",
			"end": "2.840",
			"id": "f000008",
			"language": "en",
			"lines": [
				"the"
			]
		},
		{
			"begin": "2.840",
			"end": "3.080",
			"id": "f000009",
			"language": "en",
			"lines": [
				"air.\n\n"
			]
		},
		{
			"begin": "3.080",
			"end": "3.080",
			"id": "f000010",
			"language": "en",
			"lines": [
				""
			]
		},
		{
			"begin": "3.080",
			"end": "3.080",
			"id": "f000011",
			"language": "en",
			"lines": [
				""
			]
		},
		{
			"begin": "3.080",
			"end": "3.080",
			"id": "f000012",
			"language": "en",
			"lines": [
				""
			]
		},
		{
			"begin": "3.080",
			"end": "3.840",
			"id": "f000013",
			"language": "en",
			"lines": [
				"\u201cHot"
			]
		},
		{
			"begin": "3.840",
			"end": "5.120",
			"id": "f000014",
			"language": "en",
			"lines": [
				"dumplings!"
			]
		},
		{
			"begin": "5.120",
			"end": "5.880",
			"id": "f000015",
			"language": "en",
			"lines": [
				"Fresh,"
			]
		},
		{
			"begin": "5.880",
			"end": "6.400",
			"id": "f000016",
			"language": "en",
			"lines": [
				"hot"
			]
		},
		{
			"begin": "6.400",
			"end": "7.360",
			"id": "f000017",
			"language": "en",
			"lines": [
				"dumplings!\u201d"
			]
		},
		{
			"begin": "7.360",
			"end": "7.880",
			"id": "f000018",
			"language": "en",
			"lines": [
				"he"
			]
		},
		{
			"begin": "7.880",
			"end": "8.480",
			"id": "f000019",
			"language": "en",
			"lines": [
				"yelled."
			]
		},
		{
			"begin": "8.480",
			"end": "9.480",
			"id": "f000020",
			"language": "en",
			"lines": [
				"\u201cOne"
			]
		},
		{
			"begin": "9.480",
			"end": "9.640",
			"id": "f000021",
			"language": "en",
			"lines": [
				"for"
			]
		},
		{
			"begin": "9.640",
			"end": "9.920",
			"id": "f000022",
			"language": "en",
			"lines": [
				"one"
			]
		},
		{
			"begin": "9.920",
			"end": "10.400",
			"id": "f000023",
			"language": "en",
			"lines": [
				"cent,"
			]
		},
		{
			"begin": "10.400",
			"end": "10.880",
			"id": "f000024",
			"language": "en",
			"lines": [
				"two"
			]
		},
		{
			"begin": "10.880",
			"end": "11.080",
			"id": "f000025",
			"language": "en",
			"lines": [
				"for"
			]
		},
		{
			"begin": "11.080",
			"end": "11.480",
			"id": "f000026",
			"language": "en",
			"lines": [
				"two"
			]
		},
		{
			"begin": "11.480",
			"end": "12.200",
			"id": "f000027",
			"language": "en",
			"lines": [
				"cents"
			]
		},
		{
			"begin": "12.200",
			"end": "12.480",
			"id": "f000028",
			"language": "en",
			"lines": [
				"and"
			]
		},
		{
			"begin": "12.480",
			"end": "12.920",
			"id": "f000029",
			"language": "en",
			"lines": [
				"three,"
			]
		},
		{
			"begin": "12.920",
			"end": "13.680",
			"id": "f000030",
			"language": "en",
			"lines": [
				"for"
			]
		},
		{
			"begin": "13.680",
			"end": "14.360",
			"id": "f000031",
			"language": "en",
			"lines": [
				"FREE!\u201d\n\n"
			]
		},
		{
			"begin": "14.360",
			"end": "14.360",
			"id": "f000032",
			"language": "en",
			"lines": [
				""
			]
		},
		{
			"begin": "14.360",
			"end": "14.360",
			"id": "f000033",
			"language": "en",
			"lines": [
				""
			]
		},
		{
			"begin": "14.360",
			"end": "15.200",
			"id": "f000034",
			"language": "en",
			"lines": [
				""
			]
		},
		{
			"begin": "15.200",
			"end": "15.200",
			"id": "f000035",
			"language": "en",
			"lines": [
				""
			]
		},
		{
			"begin": "15.200",
			"end": "15.760",
			"id": "f000036",
			"language": "en",
			"lines": [
				"Villagers"
			]
		},
		{
			"begin": "15.760",
			"end": "16.200",
			"id": "f000037",
			"language": "en",
			"lines": [
				"passing"
			]
		},
		{
			"begin": "16.200",
			"end": "16.520",
			"id": "f000038",
			"language": "en",
			"lines": [
				"by"
			]
		},
		{
			"begin": "16.520",
			"end": "16.880",
			"id": "f000039",
			"language": "en",
			"lines": [
				"became"
			]
		},
		{
			"begin": "16.880",
			"end": "17.800",
			"id": "f000040",
			"language": "en",
			"lines": [
				"curious"
			]
		},
		{
			"begin": "17.800",
			"end": "17.960",
			"id": "f000041",
			"language": "en",
			"lines": [
				"and"
			]
		},
		{
			"begin": "17.960",
			"end": "18.440",
			"id": "f000042",
			"language": "en",
			"lines": [
				"crowded"
			]
		},
		{
			"begin": "18.440",
			"end": "18.800",
			"id": "f000043",
			"language": "en",
			"lines": [
				"around"
			]
		},
		{
			"begin": "18.800",
			"end": "19.040",
			"id": "f000044",
			"language": "en",
			"lines": [
				"this"
			]
		},
		{
			"begin": "19.040",
			"end": "19.440",
			"id": "f000045",
			"language": "en",
			"lines": [
				"foolish"
			]
		},
		{
			"begin": "19.440",
			"end": "19.680",
			"id": "f000046",
			"language": "en",
			"lines": [
				"man"
			]
		},
		{
			"begin": "19.680",
			"end": "20.240",
			"id": "f000047",
			"language": "en",
			"lines": [
				"who"
			]
		},
		{
			"begin": "20.240",
			"end": "20.560",
			"id": "f000048",
			"language": "en",
			"lines": [
				"was"
			]
		},
		{
			"begin": "20.560",
			"end": "20.680",
			"id": "f000049",
			"language": "en",
			"lines": [
				"giving"
			]
		},
		{
			"begin": "20.680",
			"end": "21.160",
			"id": "f000050",
			"language": "en",
			"lines": [
				"away"
			]
		},
		{
			"begin": "21.160",
			"end": "21.680",
			"id": "f000051",
			"language": "en",
			"lines": [
				"dumplings"
			]
		},
		{
			"begin": "21.680",
			"end": "21.920",
			"id": "f000052",
			"language": "en",
			"lines": [
				"that"
			]
		},
		{
			"begin": "21.920",
			"end": "22.240",
			"id": "f000053",
			"language": "en",
			"lines": [
				"looked"
			]
		},
		{
			"begin": "22.240",
			"end": "23.200",
			"id": "f000054",
			"language": "en",
			"lines": [
				"inviting"
			]
		},
		{
			"begin": "23.200",
			"end": "23.480",
			"id": "f000055",
			"language": "en",
			"lines": [
				"and"
			]
		},
		{
			"begin": "23.480",
			"end": "23.960",
			"id": "f000056",
			"language": "en",
			"lines": [
				"smelt"
			]
		},
		{
			"begin": "23.960",
			"end": "24.520",
			"id": "f000057",
			"language": "en",
			"lines": [
				"absolutely"
			]
		},
		{
			"begin": "24.520",
			"end": "24.640",
			"id": "f000058",
			"language": "en",
			"lines": [
				"delicious.\n\n"
			]
		},
		{
			"begin": "24.840",
			"end": "26.320",
			"id": "f000060",
			"language": "en",
			"lines": [
				"\u201cOne"
			]
		},
		{
			"begin": "26.320",
			"end": "26.520",
			"id": "f000061",
			"language": "en",
			"lines": [
				"for"
			]
		},
		{
			"begin": "26.520",
			"end": "26.800",
			"id": "f000062",
			"language": "en",
			"lines": [
				"one"
			]
		},
		{
			"begin": "26.800",
			"end": "27.280",
			"id": "f000063",
			"language": "en",
			"lines": [
				"cent,"
			]
		},
		{
			"begin": "27.280",
			"end": "27.800",
			"id": "f000064",
			"language": "en",
			"lines": [
				"two"
			]
		},
		{
			"begin": "27.800",
			"end": "28.000",
			"id": "f000065",
			"language": "en",
			"lines": [
				"for"
			]
		},
		{
			"begin": "28.000",
			"end": "28.280",
			"id": "f000066",
			"language": "en",
			"lines": [
				"two"
			]
		},
		{
			"begin": "28.280",
			"end": "29.080",
			"id": "f000067",
			"language": "en",
			"lines": [
				"cents"
			]
		},
		{
			"begin": "29.080",
			"end": "29.360",
			"id": "f000068",
			"language": "en",
			"lines": [
				"and"
			]
		},
		{
			"begin": "29.360",
			"end": "29.840",
			"id": "f000069",
			"language": "en",
			"lines": [
				"three,"
			]
		},
		{
			"begin": "29.840",
			"end": "30.640",
			"id": "f000070",
			"language": "en",
			"lines": [
				"for"
			]
		},
		{
			"begin": "30.640",
			"end": "31.880",
			"id": "f000071",
			"language": "en",
			"lines": [
				"FREE!\u201d"
			]
		},
		{
			"begin": "31.880",
			"end": "32.240",
			"id": "f000072",
			"language": "en",
			"lines": [
				"yelled"
			]
		},
		{
			"begin": "32.240",
			"end": "32.440",
			"id": "f000073",
			"language": "en",
			"lines": [
				"the"
			]
		},
		{
			"begin": "32.440",
			"end": "32.680",
			"id": "f000074",
			"language": "en",
			"lines": [
				"old"
			]
		},
		{
			"begin": "32.680",
			"end": "33.160",
			"id": "f000075",
			"language": "en",
			"lines": [
				"man"
			]
		},
		{
			"begin": "33.160",
			"end": "33.520",
			"id": "f000076",
			"language": "en",
			"lines": [
				"again."
			]
		},
		{
			"begin": "33.520",
			"end": "34.400",
			"id": "f000077",
			"language": "en",
			"lines": [
				"\u201cRed"
			]
		},
		{
			"begin": "34.400",
			"end": "34.960",
			"id": "f000078",
			"language": "en",
			"lines": [
				"beans"
			]
		},
		{
			"begin": "34.960",
			"end": "35.240",
			"id": "f000079",
			"language": "en",
			"lines": [
				"and"
			]
		},
		{
			"begin": "35.240",
			"end": "36.480",
			"id": "f000080",
			"language": "en",
			"lines": [
				"sesame,"
			]
		},
		{
			"begin": "36.480",
			"end": "36.800",
			"id": "f000081",
			"language": "en",
			"lines": [
				"and"
			]
		},
		{
			"begin": "36.800",
			"end": "37.280",
			"id": "f000082",
			"language": "en",
			"lines": [
				"three"
			]
		},
		{
			"begin": "37.280",
			"end": "37.440",
			"id": "f000083",
			"language": "en",
			"lines": [
				"for"
			]
		},
		{
			"begin": "37.440",
			"end": "38.200",
			"id": "f000084",
			"language": "en",
			"lines": [
				"free.\u201d\n\n"
			]
		},
		{
			"begin": "38.200",
			"end": "38.200",
			"id": "f000085",
			"language": "en",
			"lines": [
				""
			]
		},
		{
			"begin": "38.200",
			"end": "38.200",
			"id": "f000086",
			"language": "en",
			"lines": [
				""
			]
		},
		{
			"begin": "38.200",
			"end": "38.200",
			"id": "f000087",
			"language": "en",
			"lines": [
				""
			]
		},
		{
			"begin": "38.200",
			"end": "38.200",
			"id": "f000088",
			"language": "en",
			"lines": [
				""
			]
		},
		{
			"begin": "38.200",
			"end": "38.760",
			"id": "f000089",
			"language": "en",
			"lines": [
				"The"
			]
		},
		{
			"begin": "38.760",
			"end": "39.480",
			"id": "f000090",
			"language": "en",
			"lines": [
				"villagers"
			]
		},
		{
			"begin": "39.480",
			"end": "39.720",
			"id": "f000091",
			"language": "en",
			"lines": [
				"who"
			]
		},
		{
			"begin": "39.720",
			"end": "40.040",
			"id": "f000092",
			"language": "en",
			"lines": [
				"had"
			]
		},
		{
			"begin": "40.040",
			"end": "40.600",
			"id": "f000093",
			"language": "en",
			"lines": [
				"gathered"
			]
		},
		{
			"begin": "40.600",
			"end": "40.880",
			"id": "f000094",
			"language": "en",
			"lines": [
				"around"
			]
		},
		{
			"begin": "40.880",
			"end": "41.200",
			"id": "f000095",
			"language": "en",
			"lines": [
				"the"
			]
		},
		{
			"begin": "41.200",
			"end": "41.280",
			"id": "f000096",
			"language": "en",
			"lines": [
				"old"
			]
		},
		{
			"begin": "41.280",
			"end": "41.320",
			"id": "f000097",
			"language": "en",
			"lines": [
				"man"
			]
		},
		{
			"begin": "41.320",
			"end": "41.600",
			"id": "f000098",
			"language": "en",
			"lines": [
				"began"
			]
		},
		{
			"begin": "41.600",
			"end": "42.080",
			"id": "f000099",
			"language": "en",
			"lines": [
				"whispering"
			]
		},
		{
			"begin": "42.080",
			"end": "42.280",
			"id": "f000100",
			"language": "en",
			"lines": [
				"to"
			]
		},
		{
			"begin": "42.280",
			"end": "42.520",
			"id": "f000101",
			"language": "en",
			"lines": [
				"each"
			]
		},
		{
			"begin": "42.520",
			"end": "42.840",
			"id": "f000102",
			"language": "en",
			"lines": [
				"other."
			]
		},
		{
			"begin": "42.840",
			"end": "43.720",
			"id": "f000103",
			"language": "en",
			"lines": [
				"\u201cMust"
			]
		},
		{
			"begin": "43.720",
			"end": "43.720",
			"id": "f000104",
			"language": "en",
			"lines": [
				"be"
			]
		},
		{
			"begin": "43.720",
			"end": "43.920",
			"id": "f000105",
			"language": "en",
			"lines": [
				"a"
			]
		},
		{
			"begin": "43.920",
			"end": "44.440",
			"id": "f000106",
			"language": "en",
			"lines": [
				"trick!"
			]
		},
		{
			"begin": "44.440",
			"end": "45.280",
			"id": "f000107",
			"language": "en",
			"lines": [
				"Three"
			]
		},
		{
			"begin": "45.280",
			"end": "45.880",
			"id": "f000108",
			"language": "en",
			"lines": [
				"dumplings"
			]
		},
		{
			"begin": "45.880",
			"end": "46.240",
			"id": "f000109",
			"language": "en",
			"lines": [
				"for"
			]
		},
		{
			"begin": "46.240",
			"end": "47.120",
			"id": "f000110",
			"language": "en",
			"lines": [
				"free?"
			]
		},
		{
			"begin": "47.120",
			"end": "47.320",
			"id": "f000111",
			"language": "en",
			"lines": [
				"How"
			]
		},
		{
			"begin": "47.320",
			"end": "47.600",
			"id": "f000112",
			"language": "en",
			"lines": [
				"can"
			]
		},
		{
			"begin": "47.600",
			"end": "47.600",
			"id": "f000113",
			"language": "en",
			"lines": [
				"that"
			]
		},
		{
			"begin": "47.600",
			"end": "47.600",
			"id": "f000114",
			"language": "en",
			"lines": [
				"be?\u201d"
			]
		},
		{
			"begin": "47.600",
			"end": "47.920",
			"id": "f000115",
			"language": "en",
			"lines": [
				"they"
			]
		},
		{
			"begin": "47.920",
			"end": "48.000",
			"id": "f000116",
			"language": "en",
			"lines": [
				"said."
			]
		},
		{
			"begin": "48.840",
			"end": "48.840",
			"id": "f000118",
			"language": "en",
			"lines": [
				""
			]
		},
		{
			"begin": "48.840",
			"end": "48.840",
			"id": "f000119",
			"language": "en",
			"lines": [
				""
			]
		}
	]
}