{
 "fragments": [
  {
   "begin": "0.000", 
   "end": "0.320", 
   "id": "f000001", 
   "language": "en", 
   "lines": [
    "The"
   ]
  }, 
  {
   "begin": "0.320", 
   "end": "0.720", 
   "id": "f000002", 
   "language": "en", 
   "lines": [
    "old"
   ]
  }, 
  {
   "begin": "0.720", 
   "end": "1.000", 
   "id": "f000003", 
   "language": "en", 
   "lines": [
    "man"
   ]
  }, 
  {
   "begin": "1.000", 
   "end": "1.200", 
   "id": "f000004", 
   "language": "en", 
   "lines": [
    "kept"
   ]
  }, 
  {
   "begin": "1.200", 
   "end": "1.520", 
   "id": "f000005", 
   "language": "en", 
   "lines": [
    "his"
   ]
  }, 
  {
   "begin": "1.520", 
   "end": "2.160", 
   "id": "f000006", 
   "language": "en", 
   "lines": [
    "word"
   ]
  }, 
  {
   "begin": "2.160", 
   "end": "2.480", 
   "id": "f000007", 
   "language": "en", 
   "lines": [
    "and"
   ]
  }, 
  {
   "begin": "2.480", 
   "end": "2.920", 
   "id": "f000008", 
   "language": "en", 
   "lines": [
    "Big-Head"
   ]
  }, 
  {
   "begin": "2.920", 
   "end": "3.240", 
   "id": "f000009", 
   "language": "en", 
   "lines": [
    "Wang"
   ]
  }, 
  {
   "begin": "3.240", 
   "end": "3.480", 
   "id": "f000010", 
   "language": "en", 
   "lines": [
    "went"
   ]
  }, 
  {
   "begin": "3.480", 
   "end": "3.800", 
   "id": "f000011", 
   "language": "en", 
   "lines": [
    "away"
   ]
  }, 
  {
   "begin": "3.800", 
   "end": "4.240", 
   "id": "f000012", 
   "language": "en", 
   "lines": [
    "happy,"
   ]
  }, 
  {
   "begin": "4.240", 
   "end": "4.920", 
   "id": "f000013", 
   "language": "en", 
   "lines": [
    "his"
   ]
  }, 
  {
   "begin": "4.920", 
   "end": "5.240", 
   "id": "f000014", 
   "language": "en", 
   "lines": [
    "stomach"
   ]
  }, 
  {
   "begin": "5.240", 
   "end": "5.600", 
   "id": "f000015", 
   "language": "en", 
   "lines": [
    "full"
   ]
  }, 
  {
   "begin": "5.600", 
   "end": "5.800", 
   "id": "f000016", 
   "language": "en", 
   "lines": [
    "to"
   ]
  }, 
  {
   "begin": "5.800", 
   "end": "6.120", 
   "id": "f000017", 
   "language": "en", 
   "lines": [
    "bursting."
   ]
  }, 
  {
   "begin": "6.120", 
   "end": "7.320", 
   "id": "f000018", 
   "language": "en", 
   "lines": [
    "\n\n"
   ]
  }, 
  {
   "begin": "7.320", 
   "end": "7.800", 
   "id": "f000019", 
   "language": "en", 
   "lines": [
    "Soon,"
   ]
  }, 
  {
   "begin": "7.800", 
   "end": "8.400", 
   "id": "f000020", 
   "language": "en", 
   "lines": [
    "everyone"
   ]
  }, 
  {
   "begin": "8.400", 
   "end": "8.880", 
   "id": "f000021", 
   "language": "en", 
   "lines": [
    "wanted"
   ]
  }, 
  {
   "begin": "8.880", 
   "end": "9.120", 
   "id": "f000022", 
   "language": "en", 
   "lines": [
    "three"
   ]
  }, 
  {
   "begin": "9.120", 
   "end": "9.640", 
   "id": "f000023", 
   "language": "en", 
   "lines": [
    "dumplings"
   ]
  }, 
  {
   "begin": "9.640", 
   "end": "10.000", 
   "id": "f000024", 
   "language": "en", 
   "lines": [
    "each."
   ]
  }, 
  {
   "begin": "10.000", 
   "end": "10.880", 
   "id": "f000025", 
   "language": "en", 
   "lines": [
    "Not"
   ]
  }, 
  {
   "begin": "10.880", 
   "end": "11.200", 
   "id": "f000026", 
   "language": "en", 
   "lines": [
    "a"
   ]
  }, 
  {
   "begin": "11.200", 
   "end": "11.640", 
   "id": "f000027", 
   "language": "en", 
   "lines": [
    "single"
   ]
  }, 
  {
   "begin": "11.640", 
   "end": "12.160", 
   "id": "f000028", 
   "language": "en", 
   "lines": [
    "villager"
   ]
  }, 
  {
   "begin": "12.160", 
   "end": "12.600", 
   "id": "f000029", 
   "language": "en", 
   "lines": [
    "ordered"
   ]
  }, 
  {
   "begin": "12.600", 
   "end": "12.920", 
   "id": "f000030", 
   "language": "en", 
   "lines": [
    "one"
   ]
  }, 
  {
   "begin": "12.920", 
   "end": "13.040", 
   "id": "f000031", 
   "language": "en", 
   "lines": [
    "or"
   ]
  }, 
  {
   "begin": "13.040", 
   "end": "13.280", 
   "id": "f000032", 
   "language": "en", 
   "lines": [
    "two"
   ]
  }, 
  {
   "begin": "13.280", 
   "end": "14.600", 
   "id": "f000033", 
   "language": "en", 
   "lines": [
    "dumplings;"
   ]
  }, 
  {
   "begin": "14.600", 
   "end": "15.360", 
   "id": "f000034", 
   "language": "en", 
   "lines": [
    "everyone"
   ]
  }, 
  {
   "begin": "15.360", 
   "end": "15.640", 
   "id": "f000035", 
   "language": "en", 
   "lines": [
    "wanted"
   ]
  }, 
  {
   "begin": "15.640", 
   "end": "16.000", 
   "id": "f000036", 
   "language": "en", 
   "lines": [
    "only"
   ]
  }, 
  {
   "begin": "16.000", 
   "end": "16.320", 
   "id": "f000037", 
   "language": "en", 
   "lines": [
    "three"
   ]
  }, 
  {
   "begin": "16.320", 
   "end": "16.440", 
   "id": "f000038", 
   "language": "en", 
   "lines": [
    "for"
   ]
  }, 
  {
   "begin": "16.440", 
   "end": "16.760", 
   "id": "f000039", 
   "language": "en", 
   "lines": [
    "free."
   ]
  }, 
  {
   "begin": "16.760", 
   "end": "17.760", 
   "id": "f000040", 
   "language": "en", 
   "lines": [
    "In"
   ]
  }, 
  {
   "begin": "17.760", 
   "end": "18.000", 
   "id": "f000041", 
   "language": "en", 
   "lines": [
    "a"
   ]
  }, 
  {
   "begin": "18.000", 
   "end": "18.640", 
   "id": "f000042", 
   "language": "en", 
   "lines": [
    "while,"
   ]
  }, 
  {
   "begin": "18.640", 
   "end": "18.800", 
   "id": "f000043", 
   "language": "en", 
   "lines": [
    "the"
   ]
  }, 
  {
   "begin": "18.800", 
   "end": "19.080", 
   "id": "f000044", 
   "language": "en", 
   "lines": [
    "whole"
   ]
  }, 
  {
   "begin": "19.080", 
   "end": "19.400", 
   "id": "f000045", 
   "language": "en", 
   "lines": [
    "pot"
   ]
  }, 
  {
   "begin": "19.400", 
   "end": "19.600", 
   "id": "f000046", 
   "language": "en", 
   "lines": [
    "was"
   ]
  }, 
  {
   "begin": "19.600", 
   "end": "19.960", 
   "id": "f000047", 
   "language": "en", 
   "lines": [
    "wiped"
   ]
  }, 
  {
   "begin": "19.960", 
   "end": "20.840", 
   "id": "f000048", 
   "language": "en", 
   "lines": [
    "clean."
   ]
  }, 
  {
   "begin": "20.840", 
   "end": "21.200", 
   "id": "f000049", 
   "language": "en", 
   "lines": [
    "Some"
   ]
  }, 
  {
   "begin": "21.200", 
   "end": "21.240", 
   "id": "f000050", 
   "language": "en", 
   "lines": [
    "of"
   ]
  }, 
  {
   "begin": "21.240", 
   "end": "21.360", 
   "id": "f000051", 
   "language": "en", 
   "lines": [
    "the"
   ]
  }, 
  {
   "begin": "21.360", 
   "end": "21.920", 
   "id": "f000052", 
   "language": "en", 
   "lines": [
    "villagers"
   ]
  }, 
  {
   "begin": "21.920", 
   "end": "22.080", 
   "id": "f000053", 
   "language": "en", 
   "lines": [
    "were"
   ]
  }, 
  {
   "begin": "22.080", 
   "end": "22.400", 
   "id": "f000054", 
   "language": "en", 
   "lines": [
    "disappointed"
   ]
  }, 
  {
   "begin": "22.400", 
   "end": "22.600", 
   "id": "f000055", 
   "language": "en", 
   "lines": [
    "as"
   ]
  }, 
  {
   "begin": "22.600", 
   "end": "23.400", 
   "id": "f000056", 
   "language": "en", 
   "lines": [
    "the"
   ]
  }, 
  {
   "begin": "23.400", 
   "end": "23.520", 
   "id": "f000057", 
   "language": "en", 
   "lines": [
    "old"
   ]
  }, 
  {
   "begin": "23.520", 
   "end": "23.840", 
   "id": "f000058", 
   "language": "en", 
   "lines": [
    "man"
   ]
  }, 
  {
   "begin": "23.840", 
   "end": "24.080", 
   "id": "f000059", 
   "language": "en", 
   "lines": [
    "prepared"
   ]
  }, 
  {
   "begin": "24.080", 
   "end": "24.240", 
   "id": "f000060", 
   "language": "en", 
   "lines": [
    "to"
   ]
  }, 
  {
   "begin": "24.240", 
   "end": "24.480", 
   "id": "f000061", 
   "language": "en", 
   "lines": [
    "leave."
   ]
  }, 
  {
   "begin": "24.480", 
   "end": "25.000", 
   "id": "f000062", 
   "language": "en", 
   "lines": [
    "\n\n"
   ]
  }, 
  {
   "begin": "25.000", 
   "end": "26.240", 
   "id": "f000063", 
   "language": "en", 
   "lines": [
    "\u201cMy,"
   ]
  }, 
  {
   "begin": "26.240", 
   "end": "26.720", 
   "id": "f000064", 
   "language": "en", 
   "lines": [
    "my,"
   ]
  }, 
  {
   "begin": "26.720", 
   "end": "27.120", 
   "id": "f000065", 
   "language": "en", 
   "lines": [
    "don\u2019t"
   ]
  }, 
  {
   "begin": "27.120", 
   "end": "27.400", 
   "id": "f000066", 
   "language": "en", 
   "lines": [
    "all"
   ]
  }, 
  {
   "begin": "27.400", 
   "end": "27.760", 
   "id": "f000067", 
   "language": "en", 
   "lines": [
    "of"
   ]
  }, 
  {
   "begin": "27.760", 
   "end": "27.920", 
   "id": "f000068", 
   "language": "en", 
   "lines": [
    "you"
   ]
  }, 
  {
   "begin": "27.920", 
   "end": "28.160", 
   "id": "f000069", 
   "language": "en", 
   "lines": [
    "have"
   ]
  }, 
  {
   "begin": "28.160", 
   "end": "28.520", 
   "id": "f000070", 
   "language": "en", 
   "lines": [
    "good"
   ]
  }, 
  {
   "begin": "28.520", 
   "end": "29.320", 
   "id": "f000071", 
   "language": "en", 
   "lines": [
    "appetites,\u201d"
   ]
  }, 
  {
   "begin": "29.320", 
   "end": "29.640", 
   "id": "f000072", 
   "language": "en", 
   "lines": [
    "the"
   ]
  }, 
  {
   "begin": "29.640", 
   "end": "30.000", 
   "id": "f000073", 
   "language": "en", 
   "lines": [
    "old"
   ]
  }, 
  {
   "begin": "30.000", 
   "end": "30.280", 
   "id": "f000074", 
   "language": "en", 
   "lines": [
    "man"
   ]
  }, 
  {
   "begin": "30.280", 
   "end": "31.080", 
   "id": "f000075", 
   "language": "en", 
   "lines": [
    "said"
   ]
  }, 
  {
   "begin": "31.080", 
   "end": "31.440", 
   "id": "f000076", 
   "language": "en", 
   "lines": [
    "as"
   ]
  }, 
  {
   "begin": "31.440", 
   "end": "31.800", 
   "id": "f000077", 
   "language": "en", 
   "lines": [
    "he"
   ]
  }, 
  {
   "begin": "31.800", 
   "end": "32.000", 
   "id": "f000078", 
   "language": "en", 
   "lines": [
    "heaved"
   ]
  }, 
  {
   "begin": "32.000", 
   "end": "32.080", 
   "id": "f000079", 
   "language": "en", 
   "lines": [
    "the"
   ]
  }, 
  {
   "begin": "32.080", 
   "end": "32.400", 
   "id": "f000080", 
   "language": "en", 
   "lines": [
    "empty"
   ]
  }, 
  {
   "begin": "32.400", 
   "end": "32.760", 
   "id": "f000081", 
   "language": "en", 
   "lines": [
    "pot"
   ]
  }, 
  {
   "begin": "32.760", 
   "end": "33.080", 
   "id": "f000082", 
   "language": "en", 
   "lines": [
    "over"
   ]
  }, 
  {
   "begin": "33.080", 
   "end": "33.320", 
   "id": "f000083", 
   "language": "en", 
   "lines": [
    "his"
   ]
  }, 
  {
   "begin": "33.320", 
   "end": "33.880", 
   "id": "f000084", 
   "language": "en", 
   "lines": [
    "head"
   ]
  }, 
  {
   "begin": "33.880", 
   "end": "34.120", 
   "id": "f000085", 
   "language": "en", 
   "lines": [
    "and"
   ]
  }, 
  {
   "begin": "34.120", 
   "end": "34.440", 
   "id": "f000086", 
   "language": "en", 
   "lines": [
    "walked"
   ]
  }, 
  {
   "begin": "34.440", 
   "end": "34.760", 
   "id": "f000087", 
   "language": "en", 
   "lines": [
    "away.\n\n"
   ]
  }, 
  {
   "begin": "34.760", 
   "end": "35.120", 
   "id": "f000088", 
   "language": "en", 
   "lines": [
    ""
   ]
  }, 
  {
   "begin": "35.120", 
   "end": "35.120", 
   "id": "f000089", 
   "language": "en", 
   "lines": [
    ""
   ]
  }, 
  {
   "begin": "35.120", 
   "end": "35.120", 
   "id": "f000090", 
   "language": "en", 
   "lines": [
    ""
   ]
  }, 
  {
   "begin": "35.120", 
   "end": "35.120", 
   "id": "f000091", 
   "language": "en", 
   "lines": [
    ""
   ]
  }, 
  {
   "begin": "35.120", 
   "end": "36.240", 
   "id": "f000092", 
   "language": "en", 
   "lines": [
    "Suddenly,"
   ]
  }, 
  {
   "begin": "36.240", 
   "end": "36.760", 
   "id": "f000093", 
   "language": "en", 
   "lines": [
    "Eagle-Eye"
   ]
  }, 
  {
   "begin": "36.760", 
   "end": "37.120", 
   "id": "f000094", 
   "language": "en", 
   "lines": [
    "Chan,"
   ]
  }, 
  {
   "begin": "37.120", 
   "end": "37.200", 
   "id": "f000095", 
   "language": "en", 
   "lines": [
    "who"
   ]
  }, 
  {
   "begin": "37.200", 
   "end": "37.880", 
   "id": "f000096", 
   "language": "en", 
   "lines": [
    "had"
   ]
  }, 
  {
   "begin": "37.880", 
   "end": "38.320", 
   "id": "f000097", 
   "language": "en", 
   "lines": [
    "just"
   ]
  }, 
  {
   "begin": "38.320", 
   "end": "38.640", 
   "id": "f000098", 
   "language": "en", 
   "lines": [
    "gulped"
   ]
  }, 
  {
   "begin": "38.640", 
   "end": "38.960", 
   "id": "f000099", 
   "language": "en", 
   "lines": [
    "down"
   ]
  }, 
  {
   "begin": "38.960", 
   "end": "39.360", 
   "id": "f000100", 
   "language": "en", 
   "lines": [
    "three"
   ]
  }, 
  {
   "begin": "39.360", 
   "end": "39.600", 
   "id": "f000101", 
   "language": "en", 
   "lines": [
    "free"
   ]
  }, 
  {
   "begin": "39.600", 
   "end": "40.240", 
   "id": "f000102", 
   "language": "en", 
   "lines": [
    "dumplings,"
   ]
  }, 
  {
   "begin": "40.240", 
   "end": "40.840", 
   "id": "f000103", 
   "language": "en", 
   "lines": [
    "cried"
   ]
  }, 
  {
   "begin": "40.840", 
   "end": "41.160", 
   "id": "f000104", 
   "language": "en", 
   "lines": [
    "out,"
   ]
  }, 
  {
   "begin": "41.160", 
   "end": "43.080", 
   "id": "f000105", 
   "language": "en", 
   "lines": [
    "\u201cLook!"
   ]
  }, 
  {
   "begin": "43.080", 
   "end": "43.160", 
   "id": "f000106", 
   "language": "en", 
   "lines": [
    "A"
   ]
  }, 
  {
   "begin": "43.160", 
   "end": "43.680", 
   "id": "f000107", 
   "language": "en", 
   "lines": [
    "part"
   ]
  }, 
  {
   "begin": "43.680", 
   "end": "43.840", 
   "id": "f000108", 
   "language": "en", 
   "lines": [
    "of"
   ]
  }, 
  {
   "begin": "43.840", 
   "end": "44.080", 
   "id": "f000109", 
   "language": "en", 
   "lines": [
    "the"
   ]
  }, 
  {
   "begin": "44.080", 
   "end": "44.480", 
   "id": "f000110", 
   "language": "en", 
   "lines": [
    "mountain"
   ]
  }, 
  {
   "begin": "44.480", 
   "end": "44.800", 
   "id": "f000111", 
   "language": "en", 
   "lines": [
    "is"
   ]
  }, 
  {
   "begin": "44.800", 
   "end": "44.840", 
   "id": "f000112", 
   "language": "en", 
   "lines": [
    "missing!\u201d"
   ]
  }
 ]
}