{
	"fragments": [{
			"begin": "0.000",
			"end": "0.480",
			"id": "f000001",
			"language": "en",
			"lines": [
				"\u201cThe"
			]
		},
		{
			"begin": "0.480",
			"end": "1.080",
			"id": "f000002",
			"language": "en",
			"lines": [
				"most"
			]
		},
		{
			"begin": "1.080",
			"end": "1.800",
			"id": "f000003",
			"language": "en",
			"lines": [
				"delicious"
			]
		},
		{
			"begin": "1.800",
			"end": "2.320",
			"id": "f000004",
			"language": "en",
			"lines": [
				"ones,"
			]
		},
		{
			"begin": "2.320",
			"end": "3.400",
			"id": "f000005",
			"language": "en",
			"lines": [
				"Sir,\u201d"
			]
		},
		{
			"begin": "3.400",
			"end": "3.640",
			"id": "f000006",
			"language": "en",
			"lines": [
				"said"
			]
		},
		{
			"begin": "3.640",
			"end": "3.800",
			"id": "f000007",
			"language": "en",
			"lines": [
				"the"
			]
		},
		{
			"begin": "3.800",
			"end": "4.120",
			"id": "f000008",
			"language": "en",
			"lines": [
				"old"
			]
		},
		{
			"begin": "4.120",
			"end": "4.440",
			"id": "f000009",
			"language": "en",
			"lines": [
				"man"
			]
		},
		{
			"begin": "4.440",
			"end": "4.760",
			"id": "f000010",
			"language": "en",
			"lines": [
				"as"
			]
		},
		{
			"begin": "4.760",
			"end": "5.080",
			"id": "f000011",
			"language": "en",
			"lines": [
				"he"
			]
		},
		{
			"begin": "5.080",
			"end": "5.400",
			"id": "f000012",
			"language": "en",
			"lines": [
				"handed"
			]
		},
		{
			"begin": "5.400",
			"end": "5.600",
			"id": "f000013",
			"language": "en",
			"lines": [
				"the"
			]
		},
		{
			"begin": "5.600",
			"end": "5.960",
			"id": "f000014",
			"language": "en",
			"lines": [
				"first"
			]
		},
		{
			"begin": "5.960",
			"end": "6.200",
			"id": "f000015",
			"language": "en",
			"lines": [
				"one"
			]
		},
		{
			"begin": "6.200",
			"end": "6.400",
			"id": "f000016",
			"language": "en",
			"lines": [
				"to"
			]
		},
		{
			"begin": "6.400",
			"end": "6.880",
			"id": "f000017",
			"language": "en",
			"lines": [
				"Big-Head"
			]
		},
		{
			"begin": "6.880",
			"end": "7.280",
			"id": "f000018",
			"language": "en",
			"lines": [
				"Wang.\n\n"
			]
		},
		{
			"begin": "7.280",
			"end": "7.280",
			"id": "f000019",
			"language": "en",
			"lines": [
				""
			]
		},
		{
			"begin": "7.280",
			"end": "7.280",
			"id": "f000020",
			"language": "en",
			"lines": [
				""
			]
		},
		{
			"begin": "7.280",
			"end": "7.760",
			"id": "f000021",
			"language": "en",
			"lines": [
				""
			]
		},
		{
			"begin": "7.760",
			"end": "7.760",
			"id": "f000022",
			"language": "en",
			"lines": [
				""
			]
		},
		{
			"begin": "7.760",
			"end": "7.920",
			"id": "f000023",
			"language": "en",
			"lines": [
				"It"
			]
		},
		{
			"begin": "7.920",
			"end": "8.240",
			"id": "f000024",
			"language": "en",
			"lines": [
				"was"
			]
		},
		{
			"begin": "8.240",
			"end": "8.680",
			"id": "f000025",
			"language": "en",
			"lines": [
				"as"
			]
		},
		{
			"begin": "8.680",
			"end": "9.120",
			"id": "f000026",
			"language": "en",
			"lines": [
				"big"
			]
		},
		{
			"begin": "9.120",
			"end": "9.400",
			"id": "f000027",
			"language": "en",
			"lines": [
				"as"
			]
		},
		{
			"begin": "9.400",
			"end": "9.560",
			"id": "f000028",
			"language": "en",
			"lines": [
				"an"
			]
		},
		{
			"begin": "9.560",
			"end": "10.400",
			"id": "f000029",
			"language": "en",
			"lines": [
				"egg."
			]
		},
		{
			"begin": "10.400",
			"end": "10.840",
			"id": "f000030",
			"language": "en",
			"lines": [
				"Big-Head"
			]
		},
		{
			"begin": "10.840",
			"end": "11.200",
			"id": "f000031",
			"language": "en",
			"lines": [
				"Wang"
			]
		},
		{
			"begin": "11.200",
			"end": "11.640",
			"id": "f000032",
			"language": "en",
			"lines": [
				"popped"
			]
		},
		{
			"begin": "11.640",
			"end": "11.880",
			"id": "f000033",
			"language": "en",
			"lines": [
				"it"
			]
		},
		{
			"begin": "11.880",
			"end": "12.160",
			"id": "f000034",
			"language": "en",
			"lines": [
				"into"
			]
		},
		{
			"begin": "12.160",
			"end": "12.360",
			"id": "f000035",
			"language": "en",
			"lines": [
				"his"
			]
		},
		{
			"begin": "12.360",
			"end": "12.920",
			"id": "f000036",
			"language": "en",
			"lines": [
				"mouth"
			]
		},
		{
			"begin": "12.920",
			"end": "13.160",
			"id": "f000037",
			"language": "en",
			"lines": [
				"and"
			]
		},
		{
			"begin": "13.160",
			"end": "14.040",
			"id": "f000038",
			"language": "en",
			"lines": [
				"went"
			]
		},
		{
			"begin": "14.040",
			"end": "15.960",
			"id": "f000039",
			"language": "en",
			"lines": [
				"mmmm\u2026."
			]
		},
		{
			"begin": "15.960",
			"end": "16.520",
			"id": "f000040",
			"language": "en",
			"lines": [
				"Everyone"
			]
		},
		{
			"begin": "16.520",
			"end": "16.720",
			"id": "f000041",
			"language": "en",
			"lines": [
				"could"
			]
		},
		{
			"begin": "16.720",
			"end": "17.280",
			"id": "f000042",
			"language": "en",
			"lines": [
				"see"
			]
		},
		{
			"begin": "17.280",
			"end": "17.600",
			"id": "f000043",
			"language": "en",
			"lines": [
				"that"
			]
		},
		{
			"begin": "17.600",
			"end": "18.120",
			"id": "f000044",
			"language": "en",
			"lines": [
				"he"
			]
		},
		{
			"begin": "18.120",
			"end": "18.560",
			"id": "f000045",
			"language": "en",
			"lines": [
				"was"
			]
		},
		{
			"begin": "18.560",
			"end": "18.640",
			"id": "f000046",
			"language": "en",
			"lines": [
				"really"
			]
		},
		{
			"begin": "18.640",
			"end": "18.720",
			"id": "f000047",
			"language": "en",
			"lines": [
				"enjoying"
			]
		},
		{
			"begin": "18.720",
			"end": "18.760",
			"id": "f000048",
			"language": "en",
			"lines": [
				"the"
			]
		},
		{
			"begin": "18.760",
			"end": "19.240",
			"id": "f000049",
			"language": "en",
			"lines": [
				"dumpling.\n\n"
			]
		},
		{
			"begin": "19.240",
			"end": "19.880",
			"id": "f000050",
			"language": "en",
			"lines": [
				""
			]
		},
		{
			"begin": "19.880",
			"end": "19.880",
			"id": "f000051",
			"language": "en",
			"lines": [
				""
			]
		},
		{
			"begin": "19.880",
			"end": "19.880",
			"id": "f000052",
			"language": "en",
			"lines": [
				""
			]
		},
		{
			"begin": "19.880",
			"end": "19.880",
			"id": "f000053",
			"language": "en",
			"lines": [
				""
			]
		},
		{
			"begin": "19.880",
			"end": "20.080",
			"id": "f000054",
			"language": "en",
			"lines": [
				"By"
			]
		},
		{
			"begin": "20.080",
			"end": "20.200",
			"id": "f000055",
			"language": "en",
			"lines": [
				"the"
			]
		},
		{
			"begin": "20.200",
			"end": "20.480",
			"id": "f000056",
			"language": "en",
			"lines": [
				"time"
			]
		},
		{
			"begin": "20.480",
			"end": "20.680",
			"id": "f000057",
			"language": "en",
			"lines": [
				"he"
			]
		},
		{
			"begin": "20.680",
			"end": "21.040",
			"id": "f000058",
			"language": "en",
			"lines": [
				"finished"
			]
		},
		{
			"begin": "21.040",
			"end": "21.040",
			"id": "f000059",
			"language": "en",
			"lines": [
				"the"
			]
		},
		{
			"begin": "21.040",
			"end": "21.640",
			"id": "f000060",
			"language": "en",
			"lines": [
				"second"
			]
		},
		{
			"begin": "21.640",
			"end": "22.320",
			"id": "f000061",
			"language": "en",
			"lines": [
				"one,"
			]
		},
		{
			"begin": "22.320",
			"end": "22.600",
			"id": "f000062",
			"language": "en",
			"lines": [
				"his"
			]
		},
		{
			"begin": "22.600",
			"end": "22.960",
			"id": "f000063",
			"language": "en",
			"lines": [
				"stomach"
			]
		},
		{
			"begin": "22.960",
			"end": "23.240",
			"id": "f000064",
			"language": "en",
			"lines": [
				"was"
			]
		},
		{
			"begin": "23.240",
			"end": "24.000",
			"id": "f000065",
			"language": "en",
			"lines": [
				"full."
			]
		},
		{
			"begin": "24.000",
			"end": "24.160",
			"id": "f000066",
			"language": "en",
			"lines": [
				"But"
			]
		},
		{
			"begin": "24.160",
			"end": "24.440",
			"id": "f000067",
			"language": "en",
			"lines": [
				"he"
			]
		},
		{
			"begin": "24.440",
			"end": "24.440",
			"id": "f000068",
			"language": "en",
			"lines": [
				"looked"
			]
		},
		{
			"begin": "24.440",
			"end": "24.440",
			"id": "f000069",
			"language": "en",
			"lines": [
				"at"
			]
		},
		{
			"begin": "24.440",
			"end": "24.640",
			"id": "f000070",
			"language": "en",
			"lines": [
				"the"
			]
		},
		{
			"begin": "24.640",
			"end": "24.720",
			"id": "f000071",
			"language": "en",
			"lines": [
				"old"
			]
		},
		{
			"begin": "24.720",
			"end": "25.120",
			"id": "f000072",
			"language": "en",
			"lines": [
				"man"
			]
		},
		{
			"begin": "25.120",
			"end": "25.600",
			"id": "f000073",
			"language": "en",
			"lines": [
				"and"
			]
		},
		{
			"begin": "25.600",
			"end": "25.880",
			"id": "f000074",
			"language": "en",
			"lines": [
				"said,"
			]
		},
		{
			"begin": "25.880",
			"end": "26.600",
			"id": "f000075",
			"language": "en",
			"lines": [
				"\u201cIf"
			]
		},
		{
			"begin": "26.600",
			"end": "27.080",
			"id": "f000076",
			"language": "en",
			"lines": [
				"I"
			]
		},
		{
			"begin": "27.080",
			"end": "27.120",
			"id": "f000077",
			"language": "en",
			"lines": [
				"eat"
			]
		},
		{
			"begin": "27.120",
			"end": "27.280",
			"id": "f000078",
			"language": "en",
			"lines": [
				"the"
			]
		},
		{
			"begin": "27.280",
			"end": "27.640",
			"id": "f000079",
			"language": "en",
			"lines": [
				"third"
			]
		},
		{
			"begin": "27.640",
			"end": "28.320",
			"id": "f000080",
			"language": "en",
			"lines": [
				"one,"
			]
		},
		{
			"begin": "28.320",
			"end": "28.480",
			"id": "f000081",
			"language": "en",
			"lines": [
				"I"
			]
		},
		{
			"begin": "28.480",
			"end": "28.600",
			"id": "f000082",
			"language": "en",
			"lines": [
				"don\u2019t"
			]
		},
		{
			"begin": "28.600",
			"end": "29.120",
			"id": "f000083",
			"language": "en",
			"lines": [
				"have"
			]
		},
		{
			"begin": "29.120",
			"end": "29.280",
			"id": "f000084",
			"language": "en",
			"lines": [
				"to"
			]
		},
		{
			"begin": "29.280",
			"end": "29.680",
			"id": "f000085",
			"language": "en",
			"lines": [
				"pay."
			]
		},
		{
			"begin": "29.680",
			"end": "30.200",
			"id": "f000086",
			"language": "en",
			"lines": [
				"It"
			]
		},
		{
			"begin": "30.200",
			"end": "30.520",
			"id": "f000087",
			"language": "en",
			"lines": [
				"is"
			]
		},
		{
			"begin": "30.520",
			"end": "30.720",
			"id": "f000088",
			"language": "en",
			"lines": [
				"not"
			]
		},
		{
			"begin": "30.720",
			"end": "30.880",
			"id": "f000089",
			"language": "en",
			"lines": [
				"a"
			]
		},
		{
			"begin": "30.880",
			"end": "31.560",
			"id": "f000090",
			"language": "en",
			"lines": [
				"lie,"
			]
		},
		{
			"begin": "31.560",
			"end": "32.080",
			"id": "f000091",
			"language": "en",
			"lines": [
				"right?\u201d"
			]
		},
		{
			"begin": "32.080",
			"end": "32.800",
			"id": "f000092",
			"language": "en",
			"lines": [
				"He"
			]
		},
		{
			"begin": "32.800",
			"end": "33.080",
			"id": "f000093",
			"language": "en",
			"lines": [
				"wanted"
			]
		},
		{
			"begin": "33.080",
			"end": "33.240",
			"id": "f000094",
			"language": "en",
			"lines": [
				"to"
			]
		},
		{
			"begin": "33.240",
			"end": "33.480",
			"id": "f000095",
			"language": "en",
			"lines": [
				"make"
			]
		},
		{
			"begin": "33.480",
			"end": "33.800",
			"id": "f000096",
			"language": "en",
			"lines": [
				"sure"
			]
		},
		{
			"begin": "33.800",
			"end": "34.000",
			"id": "f000097",
			"language": "en",
			"lines": [
				"the"
			]
		},
		{
			"begin": "34.000",
			"end": "34.280",
			"id": "f000098",
			"language": "en",
			"lines": [
				"old"
			]
		},
		{
			"begin": "34.280",
			"end": "34.520",
			"id": "f000099",
			"language": "en",
			"lines": [
				"man"
			]
		},
		{
			"begin": "34.520",
			"end": "34.840",
			"id": "f000100",
			"language": "en",
			"lines": [
				"had"
			]
		},
		{
			"begin": "34.840",
			"end": "35.280",
			"id": "f000101",
			"language": "en",
			"lines": [
				"meant"
			]
		},
		{
			"begin": "35.280",
			"end": "35.520",
			"id": "f000102",
			"language": "en",
			"lines": [
				"what"
			]
		},
		{
			"begin": "35.520",
			"end": "35.560",
			"id": "f000103",
			"language": "en",
			"lines": [
				"he"
			]
		},
		{
			"begin": "35.560",
			"end": "35.960",
			"id": "f000104",
			"language": "en",
			"lines": [
				"said.\n\n"
			]
		},
		{
			"begin": "35.960",
			"end": "35.960",
			"id": "f000105",
			"language": "en",
			"lines": [
				""
			]
		},
		{
			"begin": "35.960",
			"end": "35.960",
			"id": "f000106",
			"language": "en",
			"lines": [
				""
			]
		},
		{
			"begin": "35.960",
			"end": "36.760",
			"id": "f000107",
			"language": "en",
			"lines": [
				"\u201cThree"
			]
		},
		{
			"begin": "36.760",
			"end": "37.000",
			"id": "f000108",
			"language": "en",
			"lines": [
				"for"
			]
		},
		{
			"begin": "37.000",
			"end": "37.480",
			"id": "f000109",
			"language": "en",
			"lines": [
				"free"
			]
		},
		{
			"begin": "37.480",
			"end": "37.760",
			"id": "f000110",
			"language": "en",
			"lines": [
				"and"
			]
		},
		{
			"begin": "37.760",
			"end": "38.080",
			"id": "f000111",
			"language": "en",
			"lines": [
				"that"
			]
		},
		{
			"begin": "38.080",
			"end": "38.200",
			"id": "f000112",
			"language": "en",
			"lines": [
				"it"
			]
		},
		{
			"begin": "38.200",
			"end": "38.520",
			"id": "f000113",
			"language": "en",
			"lines": [
				"will"
			]
		},
		{
			"begin": "38.520",
			"end": "39.760",
			"id": "f000114",
			"language": "en",
			"lines": [
				"be!\u201d"
			]
		},
		{
			"begin": "39.760",
			"end": "40.040",
			"id": "f000115",
			"language": "en",
			"lines": [
				"said"
			]
		},
		{
			"begin": "40.040",
			"end": "40.200",
			"id": "f000116",
			"language": "en",
			"lines": [
				"the"
			]
		},
		{
			"begin": "40.200",
			"end": "40.480",
			"id": "f000117",
			"language": "en",
			"lines": [
				"old"
			]
		},
		{
			"begin": "40.480",
			"end": "41.320",
			"id": "f000118",
			"language": "en",
			"lines": [
				"man,"
			]
		},
		{
			"begin": "41.320",
			"end": "41.800",
			"id": "f000119",
			"language": "en",
			"lines": [
				"handing"
			]
		},
		{
			"begin": "41.800",
			"end": "42.280",
			"id": "f000120",
			"language": "en",
			"lines": [
				"Big-Head"
			]
		},
		{
			"begin": "42.280",
			"end": "42.600",
			"id": "f000121",
			"language": "en",
			"lines": [
				"Wang"
			]
		},
		{
			"begin": "42.600",
			"end": "42.760",
			"id": "f000122",
			"language": "en",
			"lines": [
				"the"
			]
		},
		{
			"begin": "42.760",
			"end": "43.120",
			"id": "f000123",
			"language": "en",
			"lines": [
				"third"
			]
		},
		{
			"begin": "43.120",
			"end": "44.000",
			"id": "f000124",
			"language": "en",
			"lines": [
				"dumpling,"
			]
		},
		{
			"begin": "44.000",
			"end": "44.120",
			"id": "f000125",
			"language": "en",
			"lines": [
				"which"
			]
		},
		{
			"begin": "44.120",
			"end": "44.320",
			"id": "f000126",
			"language": "en",
			"lines": [
				"he"
			]
		},
		{
			"begin": "44.320",
			"end": "44.640",
			"id": "f000127",
			"language": "en",
			"lines": [
				"promptly"
			]
		},
		{
			"begin": "44.640",
			"end": "45.280",
			"id": "f000128",
			"language": "en",
			"lines": [
				"stuffed"
			]
		},
		{
			"begin": "45.280",
			"end": "45.560",
			"id": "f000129",
			"language": "en",
			"lines": [
				"into"
			]
		},
		{
			"begin": "45.560",
			"end": "45.800",
			"id": "f000130",
			"language": "en",
			"lines": [
				"his"
			]
		},
		{
			"begin": "45.800",
			"end": "46.080",
			"id": "f000131",
			"language": "en",
			"lines": [
				"mouth."
			]
		},
		{
			"begin": "46.080",
			"end": "46.560",
			"id": "f000132",
			"language": "en",
			"lines": [
				"If"
			]
		},
		{
			"begin": "46.560",
			"end": "46.880",
			"id": "f000133",
			"language": "en",
			"lines": [
				"he"
			]
		},
		{
			"begin": "46.880",
			"end": "47.080",
			"id": "f000134",
			"language": "en",
			"lines": [
				"could"
			]
		},
		{
			"begin": "47.080",
			"end": "47.320",
			"id": "f000135",
			"language": "en",
			"lines": [
				"eat"
			]
		},
		{
			"begin": "47.320",
			"end": "47.560",
			"id": "f000136",
			"language": "en",
			"lines": [
				"it,"
			]
		},
		{
			"begin": "47.560",
			"end": "48.080",
			"id": "f000137",
			"language": "en",
			"lines": [
				"he"
			]
		},
		{
			"begin": "48.080",
			"end": "48.400",
			"id": "f000138",
			"language": "en",
			"lines": [
				"wouldn\u2019t"
			]
		},
		{
			"begin": "48.400",
			"end": "48.600",
			"id": "f000139",
			"language": "en",
			"lines": [
				"have"
			]
		},
		{
			"begin": "48.600",
			"end": "48.760",
			"id": "f000140",
			"language": "en",
			"lines": [
				"to"
			]
		},
		{
			"begin": "48.760",
			"end": "49.080",
			"id": "f000141",
			"language": "en",
			"lines": [
				"pay"
			]
		},
		{
			"begin": "49.080",
			"end": "50.080",
			"id": "f000142",
			"language": "en",
			"lines": [
				"anything."
			]
		}
	]
}