{
 "fragments": [
  {
   "begin": "0.000", 
   "end": "0.600", 
   "id": "f000001", 
   "language": "en", 
   "lines": [
    "Meera"
   ]
  }, 
  {
   "begin": "0.600", 
   "end": "0.720", 
   "id": "f000002", 
   "language": "en", 
   "lines": [
    "is"
   ]
  }, 
  {
   "begin": "0.720", 
   "end": "1.680", 
   "id": "f000003", 
   "language": "en", 
   "lines": [
    "celebrating"
   ]
  }, 
  {
   "begin": "1.680", 
   "end": "2.200", 
   "id": "f000004", 
   "language": "en", 
   "lines": [
    "Onam"
   ]
  }, 
  {
   "begin": "2.200", 
   "end": "2.640", 
   "id": "f000005", 
   "language": "en", 
   "lines": [
    "today."
   ]
  }, 
  {
   "begin": "2.640", 
   "end": "2.640", 
   "id": "f000006", 
   "language": "en", 
   "lines": [
    "It"
   ]
  }, 
  {
   "begin": "2.640", 
   "end": "2.760", 
   "id": "f000007", 
   "language": "en", 
   "lines": [
    "is"
   ]
  }, 
  {
   "begin": "2.760", 
   "end": "3.480", 
   "id": "f000008", 
   "language": "en", 
   "lines": [
    "a"
   ]
  }, 
  {
   "begin": "3.480", 
   "end": "4.000", 
   "id": "f000009", 
   "language": "en", 
   "lines": [
    "festival"
   ]
  }, 
  {
   "begin": "4.000", 
   "end": "4.240", 
   "id": "f000010", 
   "language": "en", 
   "lines": [
    "of"
   ]
  }, 
  {
   "begin": "4.240", 
   "end": "4.280", 
   "id": "f000011", 
   "language": "en", 
   "lines": [
    "joy."
   ]
  }, 
  {
   "begin": "4.280", 
   "end": "4.880", 
   "id": "f000012", 
   "language": "en", 
   "lines": [
    "Her"
   ]
  }, 
  {
   "begin": "4.880", 
   "end": "5.600", 
   "id": "f000013", 
   "language": "en", 
   "lines": [
    "family"
   ]
  }, 
  {
   "begin": "5.600", 
   "end": "6.840", 
   "id": "f000014", 
   "language": "en", 
   "lines": [
    "has"
   ]
  }, 
  {
   "begin": "6.840", 
   "end": "7.840", 
   "id": "f000015", 
   "language": "en", 
   "lines": [
    "made"
   ]
  }, 
  {
   "begin": "7.840", 
   "end": "8.400", 
   "id": "f000016", 
   "language": "en", 
   "lines": [
    "a"
   ]
  }, 
  {
   "begin": "8.400", 
   "end": "9.400", 
   "id": "f000017", 
   "language": "en", 
   "lines": [
    "beautiful"
   ]
  }, 
  {
   "begin": "9.400", 
   "end": "10.880", 
   "id": "f000018", 
   "language": "en", 
   "lines": [
    "Pookalam,"
   ]
  }, 
  {
   "begin": "10.880", 
   "end": "11.360", 
   "id": "f000019", 
   "language": "en", 
   "lines": [
    "a"
   ]
  }, 
  {
   "begin": "11.360", 
   "end": "12.040", 
   "id": "f000020", 
   "language": "en", 
   "lines": [
    "rangoli"
   ]
  }, 
  {
   "begin": "12.040", 
   "end": "12.560", 
   "id": "f000021", 
   "language": "en", 
   "lines": [
    "using"
   ]
  }, 
  {
   "begin": "12.560", 
   "end": "14.160", 
   "id": "f000022", 
   "language": "en", 
   "lines": [
    "flowers."
   ]
  }, 
  {
   "begin": "14.160", 
   "end": "14.720", 
   "id": "f000023", 
   "language": "en", 
   "lines": [
    "She"
   ]
  }, 
  {
   "begin": "14.720", 
   "end": "15.000", 
   "id": "f000024", 
   "language": "en", 
   "lines": [
    "says"
   ]
  }, 
  {
   "begin": "15.000", 
   "end": "15.840", 
   "id": "f000025", 
   "language": "en", 
   "lines": [
    "this"
   ]
  }, 
  {
   "begin": "15.840", 
   "end": "16.000", 
   "id": "f000026", 
   "language": "en", 
   "lines": [
    "is"
   ]
  }, 
  {
   "begin": "16.000", 
   "end": "16.160", 
   "id": "f000027", 
   "language": "en", 
   "lines": [
    "the"
   ]
  }, 
  {
   "begin": "16.160", 
   "end": "16.520", 
   "id": "f000028", 
   "language": "en", 
   "lines": [
    "time"
   ]
  }, 
  {
   "begin": "16.520", 
   "end": "16.680", 
   "id": "f000029", 
   "language": "en", 
   "lines": [
    "of"
   ]
  }, 
  {
   "begin": "16.680", 
   "end": "16.880", 
   "id": "f000030", 
   "language": "en", 
   "lines": [
    "the"
   ]
  }, 
  {
   "begin": "16.880", 
   "end": "17.880", 
   "id": "f000031", 
   "language": "en", 
   "lines": [
    "year"
   ]
  }, 
  {
   "begin": "17.880", 
   "end": "18.240", 
   "id": "f000032", 
   "language": "en", 
   "lines": [
    "when"
   ]
  }, 
  {
   "begin": "18.240", 
   "end": "18.240", 
   "id": "f000033", 
   "language": "en", 
   "lines": [
    "the"
   ]
  }, 
  {
   "begin": "18.240", 
   "end": "18.640", 
   "id": "f000034", 
   "language": "en", 
   "lines": [
    "crops"
   ]
  }, 
  {
   "begin": "18.640", 
   "end": "19.000", 
   "id": "f000035", 
   "language": "en", 
   "lines": [
    "have"
   ]
  }, 
  {
   "begin": "19.000", 
   "end": "19.360", 
   "id": "f000036", 
   "language": "en", 
   "lines": [
    "been"
   ]
  }, 
  {
   "begin": "19.360", 
   "end": "19.440", 
   "id": "f000037", 
   "language": "en", 
   "lines": [
    "cut"
   ]
  }, 
  {
   "begin": "19.440", 
   "end": "20.200", 
   "id": "f000038", 
   "language": "en", 
   "lines": [
    "and"
   ]
  }, 
  {
   "begin": "20.200", 
   "end": "20.560", 
   "id": "f000039", 
   "language": "en", 
   "lines": [
    "there"
   ]
  }, 
  {
   "begin": "20.560", 
   "end": "20.960", 
   "id": "f000040", 
   "language": "en", 
   "lines": [
    "is"
   ]
  }, 
  {
   "begin": "20.960", 
   "end": "21.360", 
   "id": "f000041", 
   "language": "en", 
   "lines": [
    "enough"
   ]
  }, 
  {
   "begin": "21.360", 
   "end": "21.960", 
   "id": "f000042", 
   "language": "en", 
   "lines": [
    "grain"
   ]
  }, 
  {
   "begin": "21.960", 
   "end": "22.320", 
   "id": "f000043", 
   "language": "en", 
   "lines": [
    "for"
   ]
  }, 
  {
   "begin": "22.320", 
   "end": "23.320", 
   "id": "f000044", 
   "language": "en", 
   "lines": [
    "everyone."
   ]
  }, 
  {
   "begin": "23.320", 
   "end": "23.880", 
   "id": "f000045", 
   "language": "en", 
   "lines": [
    "It"
   ]
  }, 
  {
   "begin": "23.880", 
   "end": "24.000", 
   "id": "f000046", 
   "language": "en", 
   "lines": [
    "is"
   ]
  }, 
  {
   "begin": "24.000", 
   "end": "24.480", 
   "id": "f000047", 
   "language": "en", 
   "lines": [
    "a"
   ]
  }, 
  {
   "begin": "24.480", 
   "end": "24.960", 
   "id": "f000048", 
   "language": "en", 
   "lines": [
    "happy"
   ]
  }, 
  {
   "begin": "24.960", 
   "end": "26.320", 
   "id": "f000049", 
   "language": "en", 
   "lines": [
    "time.\n\n"
   ]
  }, 
  {
   "begin": "26.320", 
   "end": "26.440", 
   "id": "f000050", 
   "language": "en", 
   "lines": [
    "&nbsp;It"
   ]
  }, 
  {
   "begin": "26.440", 
   "end": "26.680", 
   "id": "f000051", 
   "language": "en", 
   "lines": [
    "is"
   ]
  }, 
  {
   "begin": "26.680", 
   "end": "26.680", 
   "id": "f000052", 
   "language": "en", 
   "lines": [
    "the"
   ]
  }, 
  {
   "begin": "26.680", 
   "end": "26.880", 
   "id": "f000053", 
   "language": "en", 
   "lines": [
    "time"
   ]
  }, 
  {
   "begin": "26.880", 
   "end": "27.400", 
   "id": "f000054", 
   "language": "en", 
   "lines": [
    "when"
   ]
  }, 
  {
   "begin": "27.400", 
   "end": "27.800", 
   "id": "f000055", 
   "language": "en", 
   "lines": [
    "the"
   ]
  }, 
  {
   "begin": "27.800", 
   "end": "28.360", 
   "id": "f000056", 
   "language": "en", 
   "lines": [
    "famous"
   ]
  }, 
  {
   "begin": "28.360", 
   "end": "28.960", 
   "id": "f000057", 
   "language": "en", 
   "lines": [
    "boat"
   ]
  }, 
  {
   "begin": "28.960", 
   "end": "29.760", 
   "id": "f000058", 
   "language": "en", 
   "lines": [
    "races"
   ]
  }, 
  {
   "begin": "29.760", 
   "end": "29.920", 
   "id": "f000059", 
   "language": "en", 
   "lines": [
    "of"
   ]
  }, 
  {
   "begin": "29.920", 
   "end": "30.440", 
   "id": "f000060", 
   "language": "en", 
   "lines": [
    "Kerala"
   ]
  }, 
  {
   "begin": "30.440", 
   "end": "30.920", 
   "id": "f000061", 
   "language": "en", 
   "lines": [
    "are"
   ]
  }, 
  {
   "begin": "30.920", 
   "end": "32.720", 
   "id": "f000062", 
   "language": "en", 
   "lines": [
    "held."
   ]
  }, 
  {
   "begin": "32.720", 
   "end": "33.440", 
   "id": "f000063", 
   "language": "en", 
   "lines": [
    "What"
   ]
  }, 
  {
   "begin": "33.440", 
   "end": "33.880", 
   "id": "f000064", 
   "language": "en", 
   "lines": [
    "a"
   ]
  }, 
  {
   "begin": "33.880", 
   "end": "34.440", 
   "id": "f000065", 
   "language": "en", 
   "lines": [
    "fun!"
   ]
  }, 
  {
   "begin": "34.440", 
   "end": "34.720", 
   "id": "f000066", 
   "language": "en", 
   "lines": [
    "I"
   ]
  }, 
  {
   "begin": "34.720", 
   "end": "34.960", 
   "id": "f000067", 
   "language": "en", 
   "lines": [
    "feel"
   ]
  }, 
  {
   "begin": "34.960", 
   "end": "35.240", 
   "id": "f000068", 
   "language": "en", 
   "lines": [
    "like"
   ]
  }, 
  {
   "begin": "35.240", 
   "end": "36.120", 
   "id": "f000069", 
   "language": "en", 
   "lines": [
    "celebrating"
   ]
  }, 
  {
   "begin": "36.120", 
   "end": "36.680", 
   "id": "f000070", 
   "language": "en", 
   "lines": [
    "too."
   ]
  }
 ]
}