{
 "fragments": [
  {
   "begin": "0.000", 
   "end": "0.200", 
   "id": "f000001", 
   "language": "en", 
   "lines": [
    "There"
   ]
  }, 
  {
   "begin": "0.200", 
   "end": "0.760", 
   "id": "f000002", 
   "language": "en", 
   "lines": [
    "are"
   ]
  }, 
  {
   "begin": "0.760", 
   "end": "1.360", 
   "id": "f000003", 
   "language": "en", 
   "lines": [
    "so"
   ]
  }, 
  {
   "begin": "1.360", 
   "end": "1.600", 
   "id": "f000004", 
   "language": "en", 
   "lines": [
    "many"
   ]
  }, 
  {
   "begin": "1.600", 
   "end": "2.480", 
   "id": "f000005", 
   "language": "en", 
   "lines": [
    "festivals"
   ]
  }, 
  {
   "begin": "2.480", 
   "end": "2.880", 
   "id": "f000006", 
   "language": "en", 
   "lines": [
    "during"
   ]
  }, 
  {
   "begin": "2.880", 
   "end": "3.040", 
   "id": "f000007", 
   "language": "en", 
   "lines": [
    "this"
   ]
  }, 
  {
   "begin": "3.040", 
   "end": "4.440", 
   "id": "f000008", 
   "language": "en", 
   "lines": [
    "season."
   ]
  }, 
  {
   "begin": "4.440", 
   "end": "4.920", 
   "id": "f000009", 
   "language": "en", 
   "lines": [
    "Manu"
   ]
  }, 
  {
   "begin": "4.920", 
   "end": "5.280", 
   "id": "f000010", 
   "language": "en", 
   "lines": [
    "has"
   ]
  }, 
  {
   "begin": "5.280", 
   "end": "5.800", 
   "id": "f000011", 
   "language": "en", 
   "lines": [
    "plucked"
   ]
  }, 
  {
   "begin": "5.800", 
   "end": "6.720", 
   "id": "f000012", 
   "language": "en", 
   "lines": [
    "leaves"
   ]
  }, 
  {
   "begin": "6.720", 
   "end": "6.920", 
   "id": "f000013", 
   "language": "en", 
   "lines": [
    "from"
   ]
  }, 
  {
   "begin": "6.920", 
   "end": "7.200", 
   "id": "f000014", 
   "language": "en", 
   "lines": [
    "my"
   ]
  }, 
  {
   "begin": "7.200", 
   "end": "7.800", 
   "id": "f000015", 
   "language": "en", 
   "lines": [
    "mango"
   ]
  }, 
  {
   "begin": "7.800", 
   "end": "8.200", 
   "id": "f000016", 
   "language": "en", 
   "lines": [
    "tree"
   ]
  }, 
  {
   "begin": "8.200", 
   "end": "8.200", 
   "id": "f000017", 
   "language": "en", 
   "lines": [
    "to"
   ]
  }, 
  {
   "begin": "8.200", 
   "end": "8.640", 
   "id": "f000018", 
   "language": "en", 
   "lines": [
    "make"
   ]
  }, 
  {
   "begin": "8.640", 
   "end": "9.080", 
   "id": "f000019", 
   "language": "en", 
   "lines": [
    "a"
   ]
  }, 
  {
   "begin": "9.080", 
   "end": "9.320", 
   "id": "f000020", 
   "language": "en", 
   "lines": [
    "'Toranam'"
   ]
  }, 
  {
   "begin": "9.320", 
   "end": "10.920", 
   "id": "f000021", 
   "language": "en", 
   "lines": [
    "to&nbsp;put"
   ]
  }, 
  {
   "begin": "10.920", 
   "end": "11.120", 
   "id": "f000022", 
   "language": "en", 
   "lines": [
    "on"
   ]
  }, 
  {
   "begin": "11.120", 
   "end": "11.600", 
   "id": "f000023", 
   "language": "en", 
   "lines": [
    "our"
   ]
  }, 
  {
   "begin": "11.600", 
   "end": "12.000", 
   "id": "f000024", 
   "language": "en", 
   "lines": [
    "front"
   ]
  }, 
  {
   "begin": "12.000", 
   "end": "13.160", 
   "id": "f000025", 
   "language": "en", 
   "lines": [
    "door."
   ]
  }, 
  {
   "begin": "13.160", 
   "end": "13.400", 
   "id": "f000026", 
   "language": "en", 
   "lines": [
    "I"
   ]
  }, 
  {
   "begin": "13.400", 
   "end": "14.200", 
   "id": "f000027", 
   "language": "en", 
   "lines": [
    "think"
   ]
  }, 
  {
   "begin": "14.200", 
   "end": "14.480", 
   "id": "f000028", 
   "language": "en", 
   "lines": [
    "our"
   ]
  }, 
  {
   "begin": "14.480", 
   "end": "15.240", 
   "id": "f000029", 
   "language": "en", 
   "lines": [
    "toranam"
   ]
  }, 
  {
   "begin": "15.240", 
   "end": "15.400", 
   "id": "f000030", 
   "language": "en", 
   "lines": [
    "is"
   ]
  }, 
  {
   "begin": "15.400", 
   "end": "15.640", 
   "id": "f000031", 
   "language": "en", 
   "lines": [
    "the"
   ]
  }, 
  {
   "begin": "15.640", 
   "end": "16.040", 
   "id": "f000032", 
   "language": "en", 
   "lines": [
    "best"
   ]
  }, 
  {
   "begin": "16.040", 
   "end": "16.040", 
   "id": "f000033", 
   "language": "en", 
   "lines": [
    "in"
   ]
  }, 
  {
   "begin": "16.040", 
   "end": "16.200", 
   "id": "f000034", 
   "language": "en", 
   "lines": [
    "the"
   ]
  }, 
  {
   "begin": "16.200", 
   "end": "16.680", 
   "id": "f000035", 
   "language": "en", 
   "lines": [
    "whole"
   ]
  }, 
  {
   "begin": "16.680", 
   "end": "17.760", 
   "id": "f000036", 
   "language": "en", 
   "lines": [
    "world!"
   ]
  }
 ]
}