{
 "fragments": [
  {
   "begin": "0.000", 
   "end": "1.240", 
   "id": "f000001", 
   "language": "en", 
   "lines": [
    "Dasara"
   ]
  }, 
  {
   "begin": "1.240", 
   "end": "1.840", 
   "id": "f000002", 
   "language": "en", 
   "lines": [
    "holidays"
   ]
  }, 
  {
   "begin": "1.840", 
   "end": "2.920", 
   "id": "f000003", 
   "language": "en", 
   "lines": [
    "are"
   ]
  }, 
  {
   "begin": "2.920", 
   "end": "3.120", 
   "id": "f000004", 
   "language": "en", 
   "lines": [
    "here."
   ]
  }, 
  {
   "begin": "3.120", 
   "end": "3.120", 
   "id": "f000005", 
   "language": "en", 
   "lines": [
    "In"
   ]
  }, 
  {
   "begin": "3.120", 
   "end": "3.600", 
   "id": "f000006", 
   "language": "en", 
   "lines": [
    "Tamil"
   ]
  }, 
  {
   "begin": "3.600", 
   "end": "3.800", 
   "id": "f000007", 
   "language": "en", 
   "lines": [
    "Nadu,"
   ]
  }, 
  {
   "begin": "3.800", 
   "end": "4.040", 
   "id": "f000008", 
   "language": "en", 
   "lines": [
    "people"
   ]
  }, 
  {
   "begin": "4.040", 
   "end": "4.840", 
   "id": "f000009", 
   "language": "en", 
   "lines": [
    "love"
   ]
  }, 
  {
   "begin": "4.840", 
   "end": "5.560", 
   "id": "f000010", 
   "language": "en", 
   "lines": [
    "to"
   ]
  }, 
  {
   "begin": "5.560", 
   "end": "5.800", 
   "id": "f000011", 
   "language": "en", 
   "lines": [
    "set"
   ]
  }, 
  {
   "begin": "5.800", 
   "end": "5.840", 
   "id": "f000012", 
   "language": "en", 
   "lines": [
    "up"
   ]
  }, 
  {
   "begin": "5.840", 
   "end": "5.960", 
   "id": "f000013", 
   "language": "en", 
   "lines": [
    "a"
   ]
  }, 
  {
   "begin": "5.960", 
   "end": "6.760", 
   "id": "f000014", 
   "language": "en", 
   "lines": [
    "Navaratri"
   ]
  }, 
  {
   "begin": "6.760", 
   "end": "7.080", 
   "id": "f000015", 
   "language": "en", 
   "lines": [
    "Golu,"
   ]
  }, 
  {
   "begin": "7.080", 
   "end": "7.520", 
   "id": "f000016", 
   "language": "en", 
   "lines": [
    "which"
   ]
  }, 
  {
   "begin": "7.520", 
   "end": "7.920", 
   "id": "f000017", 
   "language": "en", 
   "lines": [
    "is"
   ]
  }, 
  {
   "begin": "7.920", 
   "end": "8.120", 
   "id": "f000018", 
   "language": "en", 
   "lines": [
    "a"
   ]
  }, 
  {
   "begin": "8.120", 
   "end": "8.840", 
   "id": "f000019", 
   "language": "en", 
   "lines": [
    "display"
   ]
  }, 
  {
   "begin": "8.840", 
   "end": "9.280", 
   "id": "f000020", 
   "language": "en", 
   "lines": [
    "of"
   ]
  }, 
  {
   "begin": "9.280", 
   "end": "10.280", 
   "id": "f000021", 
   "language": "en", 
   "lines": [
    "dolls"
   ]
  }, 
  {
   "begin": "10.280", 
   "end": "10.600", 
   "id": "f000022", 
   "language": "en", 
   "lines": [
    "on"
   ]
  }, 
  {
   "begin": "10.600", 
   "end": "11.080", 
   "id": "f000023", 
   "language": "en", 
   "lines": [
    "three"
   ]
  }, 
  {
   "begin": "11.080", 
   "end": "11.240", 
   "id": "f000024", 
   "language": "en", 
   "lines": [
    "to"
   ]
  }, 
  {
   "begin": "11.240", 
   "end": "12.000", 
   "id": "f000025", 
   "language": "en", 
   "lines": [
    "nine"
   ]
  }, 
  {
   "begin": "12.000", 
   "end": "12.600", 
   "id": "f000026", 
   "language": "en", 
   "lines": [
    "steps."
   ]
  }, 
  {
   "begin": "12.600", 
   "end": "14.200", 
   "id": "f000027", 
   "language": "en", 
   "lines": [
    "During"
   ]
  }, 
  {
   "begin": "14.200", 
   "end": "14.480", 
   "id": "f000028", 
   "language": "en", 
   "lines": [
    "this"
   ]
  }, 
  {
   "begin": "14.480", 
   "end": "14.960", 
   "id": "f000029", 
   "language": "en", 
   "lines": [
    "festive"
   ]
  }, 
  {
   "begin": "14.960", 
   "end": "15.720", 
   "id": "f000030", 
   "language": "en", 
   "lines": [
    "season,"
   ]
  }, 
  {
   "begin": "15.720", 
   "end": "16.320", 
   "id": "f000031", 
   "language": "en", 
   "lines": [
    "Manu"
   ]
  }, 
  {
   "begin": "16.320", 
   "end": "16.400", 
   "id": "f000032", 
   "language": "en", 
   "lines": [
    "and"
   ]
  }, 
  {
   "begin": "16.400", 
   "end": "16.640", 
   "id": "f000033", 
   "language": "en", 
   "lines": [
    "I"
   ]
  }, 
  {
   "begin": "16.640", 
   "end": "16.920", 
   "id": "f000034", 
   "language": "en", 
   "lines": [
    "are"
   ]
  }, 
  {
   "begin": "16.920", 
   "end": "17.240", 
   "id": "f000035", 
   "language": "en", 
   "lines": [
    "going"
   ]
  }, 
  {
   "begin": "17.240", 
   "end": "17.520", 
   "id": "f000036", 
   "language": "en", 
   "lines": [
    "to"
   ]
  }, 
  {
   "begin": "17.520", 
   "end": "17.920", 
   "id": "f000037", 
   "language": "en", 
   "lines": [
    "start"
   ]
  }, 
  {
   "begin": "17.920", 
   "end": "18.960", 
   "id": "f000038", 
   "language": "en", 
   "lines": [
    "learning"
   ]
  }, 
  {
   "begin": "18.960", 
   "end": "19.520", 
   "id": "f000039", 
   "language": "en", 
   "lines": [
    "Indian"
   ]
  }, 
  {
   "begin": "19.520", 
   "end": "20.000", 
   "id": "f000040", 
   "language": "en", 
   "lines": [
    "classical"
   ]
  }, 
  {
   "begin": "20.000", 
   "end": "21.520", 
   "id": "f000041", 
   "language": "en", 
   "lines": [
    "music."
   ]
  }, 
  {
   "begin": "21.520", 
   "end": "22.080", 
   "id": "f000042", 
   "language": "en", 
   "lines": [
    "I"
   ]
  }, 
  {
   "begin": "22.080", 
   "end": "22.160", 
   "id": "f000043", 
   "language": "en", 
   "lines": [
    "want"
   ]
  }, 
  {
   "begin": "22.160", 
   "end": "22.360", 
   "id": "f000044", 
   "language": "en", 
   "lines": [
    "to"
   ]
  }, 
  {
   "begin": "22.360", 
   "end": "23.200", 
   "id": "f000045", 
   "language": "en", 
   "lines": [
    "play"
   ]
  }, 
  {
   "begin": "23.200", 
   "end": "23.280", 
   "id": "f000046", 
   "language": "en", 
   "lines": [
    "the"
   ]
  }, 
  {
   "begin": "23.280", 
   "end": "24.920", 
   "id": "f000047", 
   "language": "en", 
   "lines": [
    "Mrudangam.\n"
   ]
  }, 
  {
   "begin": "24.920", 
   "end": "26.080", 
   "id": "f000048", 
   "language": "en", 
   "lines": [
    "&nbsp;Mru-dan-gam!"
   ]
  }, 
  {
   "begin": "26.080", 
   "end": "27.120", 
   "id": "f000049", 
   "language": "en", 
   "lines": [
    "Dham!"
   ]
  }, 
  {
   "begin": "27.120", 
   "end": "27.640", 
   "id": "f000050", 
   "language": "en", 
   "lines": [
    "Dham!"
   ]
  }, 
  {
   "begin": "27.640", 
   "end": "28.280", 
   "id": "f000051", 
   "language": "en", 
   "lines": [
    "Dham!"
   ]
  }, 
  {
   "begin": "28.280", 
   "end": "29.600", 
   "id": "f000052", 
   "language": "en", 
   "lines": [
    "Manu"
   ]
  }, 
  {
   "begin": "29.600", 
   "end": "30.360", 
   "id": "f000053", 
   "language": "en", 
   "lines": [
    "wants"
   ]
  }, 
  {
   "begin": "30.360", 
   "end": "30.480", 
   "id": "f000054", 
   "language": "en", 
   "lines": [
    "to"
   ]
  }, 
  {
   "begin": "30.480", 
   "end": "30.520", 
   "id": "f000055", 
   "language": "en", 
   "lines": [
    "play"
   ]
  }, 
  {
   "begin": "30.840", 
   "end": "31.120", 
   "id": "f000058", 
   "language": "en", 
   "lines": [
    "the"
   ]
  }, 
  {
   "begin": "31.120", 
   "end": "32.040", 
   "id": "f000059", 
   "language": "en", 
   "lines": [
    "flute."
   ]
  }, 
  {
   "begin": "32.040", 
   "end": "32.360", 
   "id": "f000060", 
   "language": "en", 
   "lines": [
    "And"
   ]
  }, 
  {
   "begin": "32.360", 
   "end": "32.760", 
   "id": "f000061", 
   "language": "en", 
   "lines": [
    "Amma"
   ]
  }, 
  {
   "begin": "32.760", 
   "end": "33.160", 
   "id": "f000062", 
   "language": "en", 
   "lines": [
    "wants"
   ]
  }, 
  {
   "begin": "33.160", 
   "end": "33.240", 
   "id": "f000063", 
   "language": "en", 
   "lines": [
    "to"
   ]
  }, 
  {
   "begin": "33.240", 
   "end": "33.680", 
   "id": "f000064", 
   "language": "en", 
   "lines": [
    "learn"
   ]
  }, 
  {
   "begin": "33.680", 
   "end": "34.200", 
   "id": "f000065", 
   "language": "en", 
   "lines": [
    "to"
   ]
  }, 
  {
   "begin": "34.200", 
   "end": "34.520", 
   "id": "f000066", 
   "language": "en", 
   "lines": [
    "ride"
   ]
  }, 
  {
   "begin": "34.520", 
   "end": "34.800", 
   "id": "f000067", 
   "language": "en", 
   "lines": [
    "the"
   ]
  }, 
  {
   "begin": "34.800", 
   "end": "35.360", 
   "id": "f000068", 
   "language": "en", 
   "lines": [
    "scooter!"
   ]
  }
 ]
}