{
 "fragments": [
  {
   "begin": "0.000", 
   "end": "0.400", 
   "id": "f000001", 
   "language": "en", 
   "lines": [
    "The"
   ]
  }, 
  {
   "begin": "0.400", 
   "end": "0.800", 
   "id": "f000002", 
   "language": "en", 
   "lines": [
    "sky"
   ]
  }, 
  {
   "begin": "0.800", 
   "end": "1.240", 
   "id": "f000003", 
   "language": "en", 
   "lines": [
    "is"
   ]
  }, 
  {
   "begin": "1.240", 
   "end": "2.320", 
   "id": "f000004", 
   "language": "en", 
   "lines": [
    "so"
   ]
  }, 
  {
   "begin": "2.320", 
   "end": "2.880", 
   "id": "f000005", 
   "language": "en", 
   "lines": [
    "blue"
   ]
  }, 
  {
   "begin": "2.880", 
   "end": "4.400", 
   "id": "f000006", 
   "language": "en", 
   "lines": [
    "now."
   ]
  }, 
  {
   "begin": "4.400", 
   "end": "4.640", 
   "id": "f000007", 
   "language": "en", 
   "lines": [
    "And"
   ]
  }, 
  {
   "begin": "4.640", 
   "end": "5.160", 
   "id": "f000008", 
   "language": "en", 
   "lines": [
    "there"
   ]
  }, 
  {
   "begin": "5.160", 
   "end": "5.280", 
   "id": "f000009", 
   "language": "en", 
   "lines": [
    "are"
   ]
  }, 
  {
   "begin": "5.280", 
   "end": "6.480", 
   "id": "f000010", 
   "language": "en", 
   "lines": [
    "bright,"
   ]
  }, 
  {
   "begin": "6.480", 
   "end": "7.080", 
   "id": "f000011", 
   "language": "en", 
   "lines": [
    "white"
   ]
  }, 
  {
   "begin": "7.080", 
   "end": "7.840", 
   "id": "f000012", 
   "language": "en", 
   "lines": [
    "clouds"
   ]
  }, 
  {
   "begin": "7.840", 
   "end": "8.560", 
   "id": "f000013", 
   "language": "en", 
   "lines": [
    "that"
   ]
  }, 
  {
   "begin": "8.560", 
   "end": "8.840", 
   "id": "f000014", 
   "language": "en", 
   "lines": [
    "look"
   ]
  }, 
  {
   "begin": "8.840", 
   "end": "9.080", 
   "id": "f000015", 
   "language": "en", 
   "lines": [
    "like"
   ]
  }, 
  {
   "begin": "9.080", 
   "end": "10.000", 
   "id": "f000016", 
   "language": "en", 
   "lines": [
    "cotton"
   ]
  }, 
  {
   "begin": "10.000", 
   "end": "11.520", 
   "id": "f000017", 
   "language": "en", 
   "lines": [
    "balls."
   ]
  }, 
  {
   "begin": "11.520", 
   "end": "12.400", 
   "id": "f000018", 
   "language": "en", 
   "lines": [
    "Everything"
   ]
  }, 
  {
   "begin": "12.400", 
   "end": "13.280", 
   "id": "f000019", 
   "language": "en", 
   "lines": [
    "seems"
   ]
  }, 
  {
   "begin": "13.280", 
   "end": "13.640", 
   "id": "f000020", 
   "language": "en", 
   "lines": [
    "so"
   ]
  }, 
  {
   "begin": "13.640", 
   "end": "15.640", 
   "id": "f000021", 
   "language": "en", 
   "lines": [
    "calm."
   ]
  }, 
  {
   "begin": "15.640", 
   "end": "16.000", 
   "id": "f000022", 
   "language": "en", 
   "lines": [
    "Tonight,"
   ]
  }, 
  {
   "begin": "16.000", 
   "end": "16.760", 
   "id": "f000023", 
   "language": "en", 
   "lines": [
    "we"
   ]
  }, 
  {
   "begin": "16.760", 
   "end": "17.120", 
   "id": "f000024", 
   "language": "en", 
   "lines": [
    "are"
   ]
  }, 
  {
   "begin": "17.120", 
   "end": "17.440", 
   "id": "f000025", 
   "language": "en", 
   "lines": [
    "going"
   ]
  }, 
  {
   "begin": "17.440", 
   "end": "18.000", 
   "id": "f000026", 
   "language": "en", 
   "lines": [
    "to"
   ]
  }, 
  {
   "begin": "18.000", 
   "end": "18.760", 
   "id": "f000027", 
   "language": "en", 
   "lines": [
    "celebrate"
   ]
  }, 
  {
   "begin": "18.760", 
   "end": "19.240", 
   "id": "f000028", 
   "language": "en", 
   "lines": [
    "Sharat"
   ]
  }, 
  {
   "begin": "19.240", 
   "end": "20.680", 
   "id": "f000029", 
   "language": "en", 
   "lines": [
    "Poornima."
   ]
  }, 
  {
   "begin": "20.680", 
   "end": "20.920", 
   "id": "f000030", 
   "language": "en", 
   "lines": [
    "The"
   ]
  }, 
  {
   "begin": "20.920", 
   "end": "21.760", 
   "id": "f000031", 
   "language": "en", 
   "lines": [
    "festival"
   ]
  }, 
  {
   "begin": "21.760", 
   "end": "22.120", 
   "id": "f000032", 
   "language": "en", 
   "lines": [
    "is"
   ]
  }, 
  {
   "begin": "22.120", 
   "end": "22.560", 
   "id": "f000033", 
   "language": "en", 
   "lines": [
    "also"
   ]
  }, 
  {
   "begin": "22.560", 
   "end": "23.160", 
   "id": "f000034", 
   "language": "en", 
   "lines": [
    "called"
   ]
  }, 
  {
   "begin": "23.160", 
   "end": "24.160", 
   "id": "f000035", 
   "language": "en", 
   "lines": [
    "Khojagiri.\n\n"
   ]
  }, 
  {
   "begin": "24.160", 
   "end": "24.360", 
   "id": "f000036", 
   "language": "en", 
   "lines": [
    "&nbsp;The"
   ]
  }, 
  {
   "begin": "24.360", 
   "end": "26.440", 
   "id": "f000037", 
   "language": "en", 
   "lines": [
    "full"
   ]
  }, 
  {
   "begin": "26.440", 
   "end": "26.960", 
   "id": "f000038", 
   "language": "en", 
   "lines": [
    "moon"
   ]
  }, 
  {
   "begin": "26.960", 
   "end": "27.240", 
   "id": "f000039", 
   "language": "en", 
   "lines": [
    "will"
   ]
  }, 
  {
   "begin": "27.240", 
   "end": "27.520", 
   "id": "f000040", 
   "language": "en", 
   "lines": [
    "make"
   ]
  }, 
  {
   "begin": "27.520", 
   "end": "28.600", 
   "id": "f000041", 
   "language": "en", 
   "lines": [
    "everything"
   ]
  }, 
  {
   "begin": "28.600", 
   "end": "29.240", 
   "id": "f000042", 
   "language": "en", 
   "lines": [
    "around"
   ]
  }, 
  {
   "begin": "29.240", 
   "end": "30.000", 
   "id": "f000043", 
   "language": "en", 
   "lines": [
    "us"
   ]
  }, 
  {
   "begin": "30.000", 
   "end": "30.440", 
   "id": "f000044", 
   "language": "en", 
   "lines": [
    "look"
   ]
  }, 
  {
   "begin": "30.440", 
   "end": "30.720", 
   "id": "f000045", 
   "language": "en", 
   "lines": [
    "like"
   ]
  }, 
  {
   "begin": "30.720", 
   "end": "31.560", 
   "id": "f000046", 
   "language": "en", 
   "lines": [
    "silver."
   ]
  }, 
  {
   "begin": "31.560", 
   "end": "32.880", 
   "id": "f000047", 
   "language": "en", 
   "lines": [
    "We"
   ]
  }, 
  {
   "begin": "32.880", 
   "end": "33.400", 
   "id": "f000048", 
   "language": "en", 
   "lines": [
    "will"
   ]
  }, 
  {
   "begin": "33.400", 
   "end": "33.560", 
   "id": "f000049", 
   "language": "en", 
   "lines": [
    "stay"
   ]
  }, 
  {
   "begin": "33.560", 
   "end": "34.000", 
   "id": "f000050", 
   "language": "en", 
   "lines": [
    "awake"
   ]
  }, 
  {
   "begin": "34.000", 
   "end": "34.480", 
   "id": "f000051", 
   "language": "en", 
   "lines": [
    "all"
   ]
  }, 
  {
   "begin": "34.480", 
   "end": "35.440", 
   "id": "f000052", 
   "language": "en", 
   "lines": [
    "night."
   ]
  }, 
  {
   "begin": "35.440", 
   "end": "36.600", 
   "id": "f000053", 
   "language": "en", 
   "lines": [
    "We"
   ]
  }, 
  {
   "begin": "36.600", 
   "end": "37.080", 
   "id": "f000054", 
   "language": "en", 
   "lines": [
    "will"
   ]
  }, 
  {
   "begin": "37.080", 
   "end": "37.560", 
   "id": "f000055", 
   "language": "en", 
   "lines": [
    "drink"
   ]
  }, 
  {
   "begin": "37.560", 
   "end": "38.040", 
   "id": "f000056", 
   "language": "en", 
   "lines": [
    "hot"
   ]
  }, 
  {
   "begin": "38.040", 
   "end": "39.080", 
   "id": "f000057", 
   "language": "en", 
   "lines": [
    "kheer"
   ]
  }, 
  {
   "begin": "39.080", 
   "end": "39.360", 
   "id": "f000058", 
   "language": "en", 
   "lines": [
    "made"
   ]
  }, 
  {
   "begin": "39.360", 
   "end": "39.680", 
   "id": "f000059", 
   "language": "en", 
   "lines": [
    "of"
   ]
  }, 
  {
   "begin": "39.680", 
   "end": "40.280", 
   "id": "f000060", 
   "language": "en", 
   "lines": [
    "white"
   ]
  }, 
  {
   "begin": "40.280", 
   "end": "41.480", 
   "id": "f000061", 
   "language": "en", 
   "lines": [
    "things"
   ]
  }, 
  {
   "begin": "41.480", 
   "end": "42.080", 
   "id": "f000062", 
   "language": "en", 
   "lines": [
    "like"
   ]
  }, 
  {
   "begin": "42.080", 
   "end": "43.800", 
   "id": "f000063", 
   "language": "en", 
   "lines": [
    "coconut,"
   ]
  }, 
  {
   "begin": "43.800", 
   "end": "45.000", 
   "id": "f000064", 
   "language": "en", 
   "lines": [
    "rice"
   ]
  }, 
  {
   "begin": "45.000", 
   "end": "45.480", 
   "id": "f000065", 
   "language": "en", 
   "lines": [
    "and"
   ]
  }, 
  {
   "begin": "45.480", 
   "end": "46.200", 
   "id": "f000066", 
   "language": "en", 
   "lines": [
    "milk."
   ]
  }
 ]
}