{
 "fragments": [
  {
   "begin": "0.000", 
   "end": "0.120", 
   "id": "f000001", 
   "language": "en", 
   "lines": [
    "I"
   ]
  }, 
  {
   "begin": "0.120", 
   "end": "0.600", 
   "id": "f000002", 
   "language": "en", 
   "lines": [
    "DO"
   ]
  }, 
  {
   "begin": "0.600", 
   "end": "1.440", 
   "id": "f000003", 
   "language": "en", 
   "lines": [
    "like"
   ]
  }, 
  {
   "begin": "1.440", 
   "end": "1.720", 
   "id": "f000004", 
   "language": "en", 
   "lines": [
    "idlis"
   ]
  }, 
  {
   "begin": "1.720", 
   "end": "1.960", 
   "id": "f000005", 
   "language": "en", 
   "lines": [
    "with"
   ]
  }, 
  {
   "begin": "1.960", 
   "end": "2.320", 
   "id": "f000006", 
   "language": "en", 
   "lines": [
    "sugar!"
   ]
  }, 
  {
   "begin": "2.320", 
   "end": "3.280", 
   "id": "f000007", 
   "language": "en", 
   "lines": [
    "I"
   ]
  }, 
  {
   "begin": "3.280", 
   "end": "3.720", 
   "id": "f000008", 
   "language": "en", 
   "lines": [
    "DO"
   ]
  }, 
  {
   "begin": "3.720", 
   "end": "4.240", 
   "id": "f000009", 
   "language": "en", 
   "lines": [
    "want"
   ]
  }, 
  {
   "begin": "4.240", 
   "end": "4.400", 
   "id": "f000010", 
   "language": "en", 
   "lines": [
    "to"
   ]
  }, 
  {
   "begin": "4.400", 
   "end": "4.600", 
   "id": "f000011", 
   "language": "en", 
   "lines": [
    "go"
   ]
  }, 
  {
   "begin": "4.600", 
   "end": "4.760", 
   "id": "f000012", 
   "language": "en", 
   "lines": [
    "to"
   ]
  }, 
  {
   "begin": "4.760", 
   "end": "6.320", 
   "id": "f000013", 
   "language": "en", 
   "lines": [
    "school!"
   ]
  }, 
  {
   "begin": "6.320", 
   "end": "6.600", 
   "id": "f000014", 
   "language": "en", 
   "lines": [
    "I"
   ]
  }, 
  {
   "begin": "6.600", 
   "end": "6.640", 
   "id": "f000015", 
   "language": "en", 
   "lines": [
    "DO"
   ]
  }, 
  {
   "begin": "6.640", 
   "end": "7.120", 
   "id": "f000016", 
   "language": "en", 
   "lines": [
    "like"
   ]
  }, 
  {
   "begin": "7.120", 
   "end": "7.400", 
   "id": "f000017", 
   "language": "en", 
   "lines": [
    "singing"
   ]
  }, 
  {
   "begin": "7.400", 
   "end": "7.840", 
   "id": "f000018", 
   "language": "en", 
   "lines": [
    "while"
   ]
  }, 
  {
   "begin": "7.840", 
   "end": "8.040", 
   "id": "f000019", 
   "language": "en", 
   "lines": [
    "I"
   ]
  }, 
  {
   "begin": "8.040", 
   "end": "8.320", 
   "id": "f000020", 
   "language": "en", 
   "lines": [
    "take"
   ]
  }, 
  {
   "begin": "8.320", 
   "end": "8.520", 
   "id": "f000021", 
   "language": "en", 
   "lines": [
    "a"
   ]
  }, 
  {
   "begin": "8.520", 
   "end": "9.920", 
   "id": "f000022", 
   "language": "en", 
   "lines": [
    "bath!"
   ]
  }, 
  {
   "begin": "9.920", 
   "end": "10.240", 
   "id": "f000023", 
   "language": "en", 
   "lines": [
    "I"
   ]
  }, 
  {
   "begin": "10.240", 
   "end": "10.280", 
   "id": "f000024", 
   "language": "en", 
   "lines": [
    "DO"
   ]
  }, 
  {
   "begin": "10.280", 
   "end": "10.760", 
   "id": "f000025", 
   "language": "en", 
   "lines": [
    "want"
   ]
  }, 
  {
   "begin": "10.760", 
   "end": "10.960", 
   "id": "f000026", 
   "language": "en", 
   "lines": [
    "to"
   ]
  }, 
  {
   "begin": "10.960", 
   "end": "11.320", 
   "id": "f000027", 
   "language": "en", 
   "lines": [
    "use"
   ]
  }, 
  {
   "begin": "11.320", 
   "end": "11.560", 
   "id": "f000028", 
   "language": "en", 
   "lines": [
    "my"
   ]
  }, 
  {
   "begin": "11.560", 
   "end": "11.800", 
   "id": "f000029", 
   "language": "en", 
   "lines": [
    "new"
   ]
  }, 
  {
   "begin": "11.800", 
   "end": "12.280", 
   "id": "f000030", 
   "language": "en", 
   "lines": [
    "tooth"
   ]
  }, 
  {
   "begin": "12.280", 
   "end": "13.080", 
   "id": "f000031", 
   "language": "en", 
   "lines": [
    "brush!"
   ]
  }
 ]
}