{
 "fragments": [
  {
   "begin": "0.000", 
   "end": "0.080", 
   "id": "f000001", 
   "language": "en", 
   "lines": [
    "I"
   ]
  }, 
  {
   "begin": "0.080", 
   "end": "0.520", 
   "id": "f000002", 
   "language": "en", 
   "lines": [
    "DON'T"
   ]
  }, 
  {
   "begin": "0.520", 
   "end": "1.160", 
   "id": "f000003", 
   "language": "en", 
   "lines": [
    "want"
   ]
  }, 
  {
   "begin": "1.160", 
   "end": "1.360", 
   "id": "f000004", 
   "language": "en", 
   "lines": [
    "to"
   ]
  }, 
  {
   "begin": "1.360", 
   "end": "1.680", 
   "id": "f000005", 
   "language": "en", 
   "lines": [
    "brush"
   ]
  }, 
  {
   "begin": "1.680", 
   "end": "2.000", 
   "id": "f000006", 
   "language": "en", 
   "lines": [
    "my"
   ]
  }, 
  {
   "begin": "2.000", 
   "end": "3.400", 
   "id": "f000007", 
   "language": "en", 
   "lines": [
    "teeth!"
   ]
  }, 
  {
   "begin": "3.400", 
   "end": "3.760", 
   "id": "f000008", 
   "language": "en", 
   "lines": [
    "I"
   ]
  }, 
  {
   "begin": "3.760", 
   "end": "4.120", 
   "id": "f000009", 
   "language": "en", 
   "lines": [
    "DON'T"
   ]
  }, 
  {
   "begin": "4.120", 
   "end": "4.360", 
   "id": "f000010", 
   "language": "en", 
   "lines": [
    "want"
   ]
  }, 
  {
   "begin": "4.360", 
   "end": "4.640", 
   "id": "f000011", 
   "language": "en", 
   "lines": [
    "to"
   ]
  }, 
  {
   "begin": "4.640", 
   "end": "4.920", 
   "id": "f000012", 
   "language": "en", 
   "lines": [
    "have"
   ]
  }, 
  {
   "begin": "4.920", 
   "end": "4.960", 
   "id": "f000013", 
   "language": "en", 
   "lines": [
    "a"
   ]
  }, 
  {
   "begin": "4.960", 
   "end": "6.200", 
   "id": "f000014", 
   "language": "en", 
   "lines": [
    "bath!"
   ]
  }, 
  {
   "begin": "6.200", 
   "end": "6.520", 
   "id": "f000015", 
   "language": "en", 
   "lines": [
    "I"
   ]
  }, 
  {
   "begin": "6.520", 
   "end": "6.840", 
   "id": "f000016", 
   "language": "en", 
   "lines": [
    "DON'T"
   ]
  }, 
  {
   "begin": "6.840", 
   "end": "7.080", 
   "id": "f000017", 
   "language": "en", 
   "lines": [
    "want"
   ]
  }, 
  {
   "begin": "7.080", 
   "end": "7.200", 
   "id": "f000018", 
   "language": "en", 
   "lines": [
    "to"
   ]
  }, 
  {
   "begin": "7.200", 
   "end": "7.600", 
   "id": "f000019", 
   "language": "en", 
   "lines": [
    "have"
   ]
  }, 
  {
   "begin": "7.600", 
   "end": "8.240", 
   "id": "f000020", 
   "language": "en", 
   "lines": [
    "idlis"
   ]
  }, 
  {
   "begin": "8.240", 
   "end": "8.400", 
   "id": "f000021", 
   "language": "en", 
   "lines": [
    "for"
   ]
  }, 
  {
   "begin": "8.400", 
   "end": "9.160", 
   "id": "f000022", 
   "language": "en", 
   "lines": [
    "breakfast!"
   ]
  }
 ]
}