{
 "fragments": [
  {
   "begin": "0.000", 
   "end": "0.520", 
   "id": "f000001", 
   "language": "en", 
   "lines": [
    "I"
   ]
  }, 
  {
   "begin": "0.520", 
   "end": "1.200", 
   "id": "f000002", 
   "language": "en", 
   "lines": [
    "DON'T"
   ]
  }, 
  {
   "begin": "1.200", 
   "end": "1.520", 
   "id": "f000003", 
   "language": "en", 
   "lines": [
    "want"
   ]
  }, 
  {
   "begin": "1.520", 
   "end": "1.520", 
   "id": "f000004", 
   "language": "en", 
   "lines": [
    "to"
   ]
  }, 
  {
   "begin": "1.520", 
   "end": "1.640", 
   "id": "f000005", 
   "language": "en", 
   "lines": [
    "wake"
   ]
  }, 
  {
   "begin": "1.640", 
   "end": "2.720", 
   "id": "f000006", 
   "language": "en", 
   "lines": [
    "up!\n"
   ]
  }, 
  {
   "begin": "2.720", 
   "end": "3.080", 
   "id": "f000007", 
   "language": "en", 
   "lines": [
    "I"
   ]
  }, 
  {
   "begin": "3.080", 
   "end": "3.480", 
   "id": "f000008", 
   "language": "en", 
   "lines": [
    "DON'T"
   ]
  }, 
  {
   "begin": "3.480", 
   "end": "3.720", 
   "id": "f000009", 
   "language": "en", 
   "lines": [
    "want"
   ]
  }, 
  {
   "begin": "3.720", 
   "end": "4.080", 
   "id": "f000010", 
   "language": "en", 
   "lines": [
    "to"
   ]
  }, 
  {
   "begin": "4.080", 
   "end": "4.080", 
   "id": "f000011", 
   "language": "en", 
   "lines": [
    "do"
   ]
  }, 
  {
   "begin": "4.080", 
   "end": "4.240", 
   "id": "f000012", 
   "language": "en", 
   "lines": [
    "the"
   ]
  }, 
  {
   "begin": "4.240", 
   "end": "4.520", 
   "id": "f000013", 
   "language": "en", 
   "lines": [
    "big"
   ]
  }, 
  {
   "begin": "4.520", 
   "end": "5.240", 
   "id": "f000014", 
   "language": "en", 
   "lines": [
    "job!"
   ]
  }
 ]
}