{
 "fragments": [
  {
   "begin": "0.000", 
   "end": "1.000", 
   "id": "f000001", 
   "language": "en", 
   "lines": [
    "Hmm...\n"
   ]
  }, 
  {
   "begin": "1.000", 
   "end": "1.280", 
   "id": "f000002", 
   "language": "en", 
   "lines": [
    "But,"
   ]
  }, 
  {
   "begin": "1.280", 
   "end": "1.480", 
   "id": "f000003", 
   "language": "en", 
   "lines": [
    "today's"
   ]
  }, 
  {
   "begin": "1.480", 
   "end": "2.000", 
   "id": "f000004", 
   "language": "en", 
   "lines": [
    "your"
   ]
  }, 
  {
   "begin": "2.000", 
   "end": "2.400", 
   "id": "f000005", 
   "language": "en", 
   "lines": [
    "class"
   ]
  }, 
  {
   "begin": "2.400", 
   "end": "2.600", 
   "id": "f000006", 
   "language": "en", 
   "lines": [
    "picnic"
   ]
  }, 
  {
   "begin": "2.600", 
   "end": "3.200", 
   "id": "f000007", 
   "language": "en", 
   "lines": [
    "at"
   ]
  }, 
  {
   "begin": "3.200", 
   "end": "3.560", 
   "id": "f000008", 
   "language": "en", 
   "lines": [
    "the"
   ]
  }, 
  {
   "begin": "3.560", 
   "end": "3.680", 
   "id": "f000009", 
   "language": "en", 
   "lines": [
    "zoo!"
   ]
  }
 ]
}