{
 "fragments": [
  {
   "begin": "0.000", 
   "end": "0.640", 
   "id": "f000001", 
   "language": "en", 
   "lines": [
    "Oops!"
   ]
  }, 
  {
   "begin": "0.640", 
   "end": "0.920", 
   "id": "f000002", 
   "language": "en", 
   "lines": [
    "This"
   ]
  }, 
  {
   "begin": "0.920", 
   "end": "1.360", 
   "id": "f000003", 
   "language": "en", 
   "lines": [
    "is"
   ]
  }, 
  {
   "begin": "1.360", 
   "end": "2.480", 
   "id": "f000004", 
   "language": "en", 
   "lines": [
    "urgent!"
   ]
  }, 
  {
   "begin": "2.480", 
   "end": "2.760", 
   "id": "f000005", 
   "language": "en", 
   "lines": [
    "I"
   ]
  }, 
  {
   "begin": "2.760", 
   "end": "2.800", 
   "id": "f000006", 
   "language": "en", 
   "lines": [
    "DO"
   ]
  }, 
  {
   "begin": "2.800", 
   "end": "2.840", 
   "id": "f000007", 
   "language": "en", 
   "lines": [
    "want"
   ]
  }, 
  {
   "begin": "2.840", 
   "end": "2.840", 
   "id": "f000008", 
   "language": "en", 
   "lines": [
    "to"
   ]
  }, 
  {
   "begin": "2.840", 
   "end": "2.880", 
   "id": "f000009", 
   "language": "en", 
   "lines": [
    "go"
   ]
  }, 
  {
   "begin": "2.880", 
   "end": "3.440", 
   "id": "f000010", 
   "language": "en", 
   "lines": [
    "for"
   ]
  }, 
  {
   "begin": "3.440", 
   "end": "3.560", 
   "id": "f000011", 
   "language": "en", 
   "lines": [
    "the"
   ]
  }, 
  {
   "begin": "3.560", 
   "end": "3.840", 
   "id": "f000012", 
   "language": "en", 
   "lines": [
    "big"
   ]
  }, 
  {
   "begin": "3.840", 
   "end": "4.240", 
   "id": "f000013", 
   "language": "en", 
   "lines": [
    "job!"
   ]
  }, 
  {
   "begin": "4.240", 
   "end": "4.560", 
   "id": "f000014", 
   "language": "en", 
   "lines": [
    "Here"
   ]
  }, 
  {
   "begin": "4.560", 
   "end": "5.080", 
   "id": "f000015", 
   "language": "en", 
   "lines": [
    "I"
   ]
  }, 
  {
   "begin": "5.080", 
   "end": "6.120", 
   "id": "f000016", 
   "language": "en", 
   "lines": [
    "come,"
   ]
  }, 
  {
   "begin": "6.120", 
   "end": "6.800", 
   "id": "f000017", 
   "language": "en", 
   "lines": [
    "like"
   ]
  }, 
  {
   "begin": "6.800", 
   "end": "6.960", 
   "id": "f000018", 
   "language": "en", 
   "lines": [
    "a"
   ]
  }, 
  {
   "begin": "6.960", 
   "end": "8.120", 
   "id": "f000019", 
   "language": "en", 
   "lines": [
    "rocket..."
   ]
  }, 
  {
   "begin": "8.120", 
   "end": "8.560", 
   "id": "f000020", 
   "language": "en", 
   "lines": [
    "DO"
   ]
  }, 
  {
   "begin": "8.560", 
   "end": "9.000", 
   "id": "f000021", 
   "language": "en", 
   "lines": [
    "please"
   ]
  }, 
  {
   "begin": "9.000", 
   "end": "9.160", 
   "id": "f000022", 
   "language": "en", 
   "lines": [
    "give"
   ]
  }, 
  {
   "begin": "9.160", 
   "end": "9.560", 
   "id": "f000023", 
   "language": "en", 
   "lines": [
    "way,"
   ]
  }, 
  {
   "begin": "9.560", 
   "end": "9.920", 
   "id": "f000024", 
   "language": "en", 
   "lines": [
    "DON'T"
   ]
  }, 
  {
   "begin": "9.920", 
   "end": "10.400", 
   "id": "f000025", 
   "language": "en", 
   "lines": [
    "stand"
   ]
  }, 
  {
   "begin": "10.400", 
   "end": "10.400", 
   "id": "f000026", 
   "language": "en", 
   "lines": [
    "in"
   ]
  }, 
  {
   "begin": "10.400", 
   "end": "10.840", 
   "id": "f000027", 
   "language": "en", 
   "lines": [
    "my"
   ]
  }, 
  {
   "begin": "10.840", 
   "end": "11.520", 
   "id": "f000028", 
   "language": "en", 
   "lines": [
    "way!"
   ]
  }
 ]
}