{
 "fragments": [
  {
   "begin": "0.000", 
   "end": "0.640", 
   "id": "f000001", 
   "language": "en", 
   "lines": [
    "I"
   ]
  }, 
  {
   "begin": "0.640", 
   "end": "1.360", 
   "id": "f000002", 
   "language": "en", 
   "lines": [
    "DON'T"
   ]
  }, 
  {
   "begin": "1.360", 
   "end": "1.680", 
   "id": "f000003", 
   "language": "en", 
   "lines": [
    "want"
   ]
  }, 
  {
   "begin": "1.680", 
   "end": "1.720", 
   "id": "f000004", 
   "language": "en", 
   "lines": [
    "to"
   ]
  }, 
  {
   "begin": "1.720", 
   "end": "1.960", 
   "id": "f000005", 
   "language": "en", 
   "lines": [
    "go"
   ]
  }, 
  {
   "begin": "1.960", 
   "end": "2.000", 
   "id": "f000006", 
   "language": "en", 
   "lines": [
    "to"
   ]
  }, 
  {
   "begin": "2.000", 
   "end": "3.160", 
   "id": "f000007", 
   "language": "en", 
   "lines": [
    "school!"
   ]
  }
 ]
}