{"id":20,"name":"Happy and Sad (Tell me now series)","writtenby":"Madhav Chavan","illustrationsby":"Rijuta Ghate","translationby":"","source":"Pratham Books","status":"active","level":1,"pages":[{"id":179,"content":"Why is the baby crying?","pageno":1,"image":"aac1acac64d7df02ed1e95fe8697508b.jpg","audio":"bf5a37cce4bf4c914c39b6e39d381a03.mp3","audio_map":"9ee1bb047ce4b17892fb5928343fa6b5.json","language":[{"language_id":9,"content":"\u0b1f\u0b3f\u0b15\u0b3f \u0b1d\u0b3f\u0b05\u0b1f\u0b3f \u0b15\u0b3e\u0b28\u0b4d\u0b26\u0b41\u0b1b\u0b3f \u0b15\u0b3e\u0b39\u0b3f\u0b01\u0b15\u0b3f?\u2029"},{"language_id":5,"content":"\u0a86 \u0aac\u0abe\u0ab3\u0a95\u0ac0 \u0ab0\u0aa1\u0ac7 \u0a9b\u0ac7 \u0a95\u0ac7\u0aae?"},{"language_id":6,"content":"\u092c\u091a\u094d\u091a\u093e \u0915\u094d\u092f\u094b\u0902 \u0930\u094b \u0930\u0939\u093e \u0939\u0948?"},{"language_id":10,"content":"\u0a2c\u0a71\u0a1a\u0a3e \u0a15\u0a3f\u0a09\u0a02 \u0a30\u0a4b \u0a30\u0a3f\u0a39\u0a3e \u0a39\u0a48?"},{"language_id":12,"content":"\u0c2a\u0c3e\u0c2a \u0c0e\u0c02\u0c26\u0c41\u0c15\u0c41 \u0c0f\u0c21\u0c41\u0c38\u0c4d\u0c24\u0c4b\u0c02\u0c26\u0c3f?\u2029"},{"language_id":2,"content":"\u099b\u09cb\u099f\u09cd\u099f\u09cb \u09b8\u09cb\u09a8\u09be \u0995\u09be\u0981\u09a6\u099b\u09c7 \u0995\u09c7\u09a8?"},{"language_id":8,"content":"\u092c\u093e\u0933 \u0915\u093e \u092c\u0930\u0947 \u0930\u0921\u0924 \u0906\u0939\u0947 ?"},{"language_id":7,"content":"\u0cae\u0c97\u0cc1 \u0c8f\u0c95\u0cc6 \u0c85\u0cb3\u0cc1\u0ca4\u0ccd\u0ca4\u0cbf\u0ca6\u0cc6?"}]},{"id":180,"content":"I think she is hungry.","pageno":2,"image":"440aa4e151f7dfae27e0c28e3f67a2dc.jpg","audio":"f9939a13ff1061272bc44d1b12b893f7.mp3","audio_map":"ed68394633018018c34ff63585eaa2db.json","language":[{"language_id":9,"content":"\u0b2e\u0b41\u0b01 \u0b2d\u0b3e\u0b2c\u0b41\u0b1b\u0b3f \u0b24\u0b3e\u0b15\u0b41 \u0b2c\u0b4b\u0b27\u0b47 \u0b2d\u0b4b\u0b15 \u0b15\u0b30\u0b41\u0b1b\u0b3f\u0964\u2029"},{"language_id":5,"content":"\u0aae\u0aa8\u0ac7 \u0ab2\u0abe\u0a97\u0ac7 \u0a9b\u0ac7 \u0a95\u0ac7 \u0a8f\u0aa8\u0ac7 \u0aad\u0ac2\u0a96 \u0ab2\u0abe\u0a97\u0ac0 \u0a9b\u0ac7."},{"language_id":6,"content":"\u0936\u093e\u092f\u0926 \u0909\u0938\u0947 \u092d\u0942\u0916 \u0932\u0917\u0940 \u0939\u0948\u0964"},{"language_id":10,"content":"\u0a36\u0a3e\u0a07\u0a26 \u0a09\u0a38\u0a28\u0a42\u0a70 \u0a2d\u0a41\u0a71\u0a16 \u0a32\u0a17\u0a40 \u0a39\u0a48\u0964"},{"language_id":12,"content":"\u0c26\u0c3e\u0c28\u0c3f\u0c15\u0c3f \u0c06\u0c15\u0c32\u0c47\u0c38\u0c4d\u0c24\u0c4b\u0c02\u0c26\u0c28\u0c41\u0c15\u0c41\u0c02\u0c1f\u0c3e!\u2029"},{"language_id":2,"content":"\u09ae\u09a8\u09c7 \u09b9\u09df \u0993\u09b0 \u0996\u09bf\u09a6\u09c7 \u09aa\u09c7\u09df\u09c7\u099b\u09c7\u0964"},{"language_id":8,"content":"\u092e\u0932\u093e \u0935\u093e\u091f\u0924\u0947 \u0924\u094d\u092f\u093e\u0932\u093e \u092d\u0942\u0915 \u0932\u093e\u0917\u0932\u0940 \u0905\u0938\u093e\u0935\u0940 ."},{"language_id":7,"content":"\u0cac\u0cb9\u0cc1\u0cb6\u0c83 \u0c85\u0cb5\u0cb3\u0cbf\u0c97\u0cc6 \u0cb9\u0cb8\u0cbf\u0cb5\u0cc1 \u0c86\u0c97\u0cbf\u0ca6\u0cc6."}]},{"id":181,"content":"Why is the boy sad?","pageno":3,"image":"99a3692f1a4e4b2c991a0bd0136cb7fc.jpg","audio":"10b17a89165b4fa04619068ea4cf30fc.mp3","audio_map":"699773f57e457ab0e0c5986dd7ef1d11.json","language":[{"language_id":9,"content":"\u0b2a\u0b41\u0b05\u0b1f\u0b3f\u0b30 \u0b2e\u0b28\u0b26\u0b41\u0b03\u0b16 \u0b15\u0b3e\u0b39\u0b3f\u0b01\u0b15\u0b3f?\u2029"},{"language_id":5,"content":"\u0a86 \u0a9b\u0acb\u0a95\u0ab0\u0acb \u0aa8\u0abe\u0a96\u0ac1\u0ab6 \u0a95\u0ac7\u0aae \u0a9b\u0ac7?"},{"language_id":6,"content":"\u0932\u095c\u0915\u093e \u0926\u0941\u0903\u0916\u0940 \u0915\u094d\u092f\u094b\u0902 \u0939\u0948?"},{"language_id":10,"content":"\u0a2e\u0a41\u0a70\u0a21\u0a3e \u0a26\u0a41\u0a16\u0a40 \u0a15\u0a3f\u0a09\u0a02 \u0a39\u0a48?"},{"language_id":12,"content":"\u0c2c\u0c3e\u0c2c\u0c41 \u0c35\u0c3f\u0c1a\u0c3e\u0c30\u0c02\u0c17\u0c3e \u0c0e\u0c02\u0c26\u0c41\u0c15\u0c41\u0c28\u0c4d\u0c28\u0c3e\u0c21\u0c41?\u2029"},{"language_id":2,"content":"\u0996\u09cb\u0995\u09a8\u09c7\u09b0 \u09ae\u09a8\u09c7 \u0995\u09bf\u09b8\u09c7\u09b0 \u09a6\u09c1\u0983\u0996?"},{"language_id":8,"content":"\u0939\u093e \u092e\u0941\u0932\u0917\u093e \u0926\u0941\u0903\u0916\u0940 \u0915\u093e \u0906\u0939\u0947?"},{"language_id":7,"content":"\u0cb9\u0cc1\u0ca1\u0cc1\u0c97 \u0c8f\u0c95\u0cc6 \u0ca6\u0cc1\u0c83\u0c96\u0ca6\u0cb2\u0ccd\u0cb2\u0cbf \u0c87\u0ca6\u0ccd\u0ca6\u0cbe\u0ca8\u0cc6?"}]},{"id":182,"content":"I think he is missing his father.","pageno":4,"image":"56554fee8b493dd85f1af53110e7d099.jpg","audio":"813e205c50dfe1c235a43212b3562a80.mp3","audio_map":"7382f7c5aaa6f808ff5881238990ce53.json","language":[{"language_id":9,"content":"\u0b38\u0b3f\u0b0f \u0b2c\u0b4b\u0b27\u0b47 \u0b24\u0b3e \u0b2c\u0b3e\u0b2a\u0b3e\u0b19\u0b4d\u0b15 \u0b15\u0b25\u0b3e \u0b2d\u0b3e\u0b2c\u0b41\u0b1b\u0b3f\u0964\u2029"},{"language_id":5,"content":"\u0aae\u0aa8\u0ac7 \u0ab2\u0abe\u0a97\u0ac7 \u0a9b\u0ac7 \u0a8f\u0aa8\u0ac7\u0a8f\u0aa8\u0abe \u0aaa\u0abf\u0aa4\u0abe \u0aaf\u0abe\u0aa6 \u0a86\u0ab5\u0ac7 \u0a9b\u0ac7."},{"language_id":6,"content":"\u0936\u093e\u092f\u0926 \u0909\u0938\u0947 \u0905\u092a\u0928\u0947 \u092a\u093f\u0924\u093e\u091c\u0940 \u0915\u0940 \u092f\u093e\u0926 \u0906 \u0930\u0939\u0940 \u0939\u0948\u0964"},{"language_id":10,"content":"\u0a36\u0a3e\u0a07\u0a26 \u0a09\u0a38\u0a28\u0a42\u0a70 \u0a09\u0a38\u0a26\u0a47 \u0a2a\u0a3f\u0a24\u0a3e \u0a26\u0a40 \u0a2f\u0a3e\u0a26 \u0a06 \u0a30\u0a39\u0a40 \u0a39\u0a48\u0964"},{"language_id":12,"content":"\u0c35\u0c3e\u0c33\u0c4d\u0c32 \u0c28\u0c3e\u0c28\u0c4d\u0c28\u0c17\u0c3e\u0c30\u0c41 \u0c17\u0c41\u0c30\u0c4d\u0c24\u0c4a\u0c38\u0c4d\u0c24\u0c41\u0c28\u0c4d\u0c28\u0c3e\u0c30\u0c28\u0c41\u0c15\u0c41\u0c02\u0c1f\u0c3e!\u2029"},{"language_id":2,"content":"\u09ae\u09a8\u09c7 \u09b9\u09df \u0993\u09b0 \u09ac\u09be\u09ac\u09be\u09b0 \u099c\u09a8\u09cd\u09af\u09ae\u09a8\u099f\u09bf \u0996\u09be\u09b0\u09be\u09aa\u0964"},{"language_id":8,"content":"\u0924\u094d\u092f\u093e\u091a\u0947 \u092c\u093e\u092c\u093e \u0915\u093e\u092e\u093e\u0932\u093e \u0928\u093f\u0918\u0942\u0928 \u0917\u0947\u0932\u0947 \u092e\u094d\u0939\u0923\u0942\u0928 ."},{"language_id":7,"content":"\u0cac\u0cb9\u0cc1\u0cb6\u0c83 \u0c85\u0cb5\u0ca8\u0cbf\u0c97\u0cc6 \u0c85\u0caa\u0ccd\u0caa\u0ca8 \u0ca8\u0cc6\u0ca8\u0caa\u0cbe\u0c97\u0cbf\u0ca6\u0cc6."}]},{"id":183,"content":"Why is the girl happy?","pageno":5,"image":"7a45d2d36ce16829edf4e293597844e3.jpg","audio":"b2ffcfe7e90ca09dea74f131e5b0fa64.mp3","audio_map":"ae06a3e37353dceced1637490806c886.json","language":[{"language_id":9,"content":"\u0b1d\u0b3f\u0b05\u0b1f\u0b3f \u0b15\u0b3e\u0b39\u0b3f\u0b01\u0b15\u0b3f \u0b16\u0b41\u0b38\u0b3f \u0b39\u0b47\u0b09\u0b1b\u0b3f?\u2029"},{"language_id":5,"content":"\u0a86 \u0a9b\u0acb\u0a95\u0ab0\u0ac0 \u0a96\u0ac1\u0ab6 \u0a95\u0ac7\u0aae \u0a9b\u0ac7?"},{"language_id":6,"content":"\u0932\u0921\u093c\u0915\u0940 \u0916\u093c\u0941\u0936 \u0915\u094d\u092f\u094b\u0902 \u0939\u0948?"},{"language_id":10,"content":"\u0a15\u0a41\u0a5c\u0a40 \u0a16\u0a41\u0a36 \u0a15\u0a3f\u0a09\u0a02 \u0a39\u0a48?"},{"language_id":12,"content":"\u0c05\u0c2e\u0c4d\u0c2e\u0c3e\u0c2f\u0c3f \u0c0e\u0c02\u0c26\u0c41\u0c15\u0c41 \u0c38\u0c02\u0c24\u0c4b\u0c37\u0c02\u0c17\u0c3e \u0c09\u0c02\u0c26\u0c3f?\u2029"},{"language_id":2,"content":"\u0996\u09c1\u0995\u09c1\u09b0 \u09ae\u09a8\u09c7 \u0995\u09bf\u09b8\u09c7\u09b0 \u09ae\u099c\u09be"},{"language_id":8,"content":"\u0939\u0940 \u090f\u0935\u0922\u0940 \u0906\u0928\u0902\u0926\u093e\u0928\u0947 \u0915\u093e \u0928\u093e\u091a\u0924 \u0906\u0939\u0947?"},{"language_id":7,"content":"\u0cb9\u0cc1\u0ca1\u0cc1\u0c97\u0cbf \u0c8f\u0c95\u0cc6 \u0cb8\u0c82\u0ca4\u0cb8\u0ca6\u0cb2\u0ccd\u0cb2\u0cbf \u0c87\u0ca6\u0ccd\u0ca6\u0cbe\u0cb3\u0cc6?"}]},{"id":184,"content":"She has a new dress.","pageno":6,"image":"00ef0673b3f899eed8d620d07c43b2af.jpg","audio":"521f0d24437cb3b0409f39f333fcdb80.mp3","audio_map":"7a30b116cd31ffaf458a25c3afc3b81e.json","language":[{"language_id":9,"content":"\u0b38\u0b47 \u0b28\u0b42\u0b06 \u0b1c\u0b3e\u0b2e\u0b3e \u0b2a\u0b3f\u0b28\u0b4d\u0b27\u0b3f\u0b1b\u0b3f\u0964\u2029"},{"language_id":5,"content":"\u0aa4\u0ac7\u0aa8\u0ac1\u0a82 \u0aab\u0acd\u0ab0\u0acb\u0a95 \u0aa8\u0ab5\u0ac1\u0a82 \u0a9b\u0ac7 \u0aa4\u0ac7\u0aa5\u0ac0"},{"language_id":6,"content":"\u0909\u0938\u0947 \u0928\u092f\u0947 \u0915\u092a\u095c\u0947 \u092e\u093f\u0932\u0947 \u0939\u0948\u0902\u0964"},{"language_id":10,"content":"\u0a09\u0a38\u0a28\u0a42\u0a70 \u0a28\u0a35\u0a47\u0a02 \u0a15\u0a71\u0a2a\u0a5c\u0a47 \u0a2e\u0a3f\u0a32\u0a47 \u0a39\u0a28\u0964"},{"language_id":12,"content":"\u0c15\u0c4d\u0c30\u0c4a\u0c24\u0c4d\u0c24 \u0c17\u0c4c\u0c28\u0c41 \u0c35\u0c47\u0c38\u0c41\u0c15\u0c41\u0c02\u0c26\u0c3f\u0c17\u0c3e! \u0c05\u0c02\u0c26\u0c41\u0c15\u0c41.\u2029"},{"language_id":2,"content":"\u0993\u09b0 \u09af\u09c7 \u098f\u0995\u099f\u09be \u09a8\u09a4\u09c1\u09a8\u099c\u09be\u09ae\u09be \u09b9\u09df\u09c7\u099b\u09c7\u0964"},{"language_id":8,"content":"\u0915\u093e\u0930\u0923 \u0924\u093f\u0932\u093e \u0928\u0935\u0940\u0928 \u092b\u094d\u0930\u0949\u0915\u092e\u093f\u0933\u093e\u0932\u093e \u0906\u0939\u0947."},{"language_id":7,"content":"\u0c85\u0cb5\u0cb3\u0cbf\u0c97\u0cc6 \u0cb9\u0cca\u0cb8 \u0cb2\u0c82\u0c97 \u0cac\u0c82\u0ca6\u0cbf\u0ca6\u0cc6."}]},{"id":185,"content":"Why is the old man laughing?","pageno":7,"image":"44dfcffbb1c0830a1fc884ead1eb1c54.jpg","audio":"e2d23dfc3aaaeb7a53848835c627d8a5.mp3","audio_map":"857061bf193df41f70dd0b7e74459d00.json","language":[{"language_id":9,"content":"\u0b2c\u0b41\u0b5d\u0b3e \u0b1c\u0b23\u0b15 \u0b39\u0b38\u0b41\u0b1b\u0b28\u0b4d\u0b24\u0b3f \u0b15\u0b3e\u0b39\u0b3f\u0b01\u0b15\u0b3f?\u2029"},{"language_id":5,"content":"\u0a86 \u0aa1\u0acb\u0ab8\u0abe\u0a9c\u0ac0 \u0a95\u0ac7\u0aae \u0ab9\u0ab8\u0ac7 \u0a9b\u0ac7?"},{"language_id":6,"content":"\u092c\u0942\u095d\u093e \u0906\u0926\u092e\u0940 \u0915\u094d\u092f\u094b\u0902 \u0939\u0901\u0938 \u0930\u0939\u093e \u0939\u0948?"},{"language_id":10,"content":"\u0a2c\u0a41\u0a71\u0a22\u0a3e \u0a06\u0a26\u0a2e\u0a40 \u0a39\u0a71\u0a38 \u0a15\u0a3f\u0a09\u0a02 \u0a30\u0a3f\u0a39\u0a3e \u0a39\u0a48?"},{"language_id":12,"content":"\u0c2a\u0c46\u0c26\u0c4d\u0c26\u0c3e\u0c2f\u0c28 \u0c0e\u0c02\u0c26\u0c41\u0c15\u0c41 \u0c28\u0c35\u0c4d\u0c35\u0c41\u0c24\u0c41\u0c28\u0c4d\u0c28\u0c3e\u0c21\u0c41?\u2029"},{"language_id":2,"content":"\u09ac\u09c1\u09dc\u09cb \u09a6\u09be\u09a6\u09c1 \u09b9\u09be\u09b8\u099b\u09c7 \u0995\u09c7\u09a8?"},{"language_id":8,"content":"\u0906\u091c\u094b\u092c\u093e \u0915\u093e \u0939\u0938\u0924 \u0906\u0939\u0947\u0924?"},{"language_id":7,"content":"\u0cae\u0cc1\u0ca6\u0cc1\u0c95 \u0c8f\u0c95\u0cc6 \u0ca8\u0c97\u0cc1\u0ca4\u0ccd\u0ca4\u0cbf\u0ca6\u0ccd\u0ca6\u0cbe\u0ca8\u0cc6?"}]},{"id":186,"content":"He read a good joke.","pageno":8,"image":"9a9201af104d7e08eb8239219892fdcc.jpg","audio":"0b63dbf424719589af27a08f5d47a8cf.mp3","audio_map":"302378ed2880ac23edaa7fbf8ca57ab6.json","language":[{"language_id":9,"content":"\u0b38\u0b47 \u0b17\u0b4b\u0b1f\u0b47 \u0b2c\u0b5d\u0b3f\u0b06 \u0b39\u0b38 \u0b15\u0b25\u0b3e \u0b2a\u0b5d\u0b3f\u0b32\u0b47\u0964\u2029"},{"language_id":5,"content":"\u0aa4\u0ac7\u0aa3\u0ac7 \u0ab8\u0ab0\u0ab8 \u0ab0\u0aae\u0ac2\u0a9c \u0ab5\u0abe\u0a82\u0a9a\u0ac0 \u0aa4\u0ac7\u0aa5\u0ac0."},{"language_id":6,"content":"\u0909\u0938\u0928\u0947 \u090f\u0915 \u092e\u095b\u0947\u0926\u093e\u0930 \u091a\u0941\u091f\u0915\u0941\u0932\u093e \u092a\u095d\u093e \u0939\u0948\u0964"},{"language_id":10,"content":"\u0a09\u0a38\u0a28\u0a47 \u0a07\u0a15 \u0a2e\u0a5b\u0a47\u0a26\u0a3e\u0a30 \u0a1a\u0a41\u0a1f\u0a15\u0a41\u0a32\u0a3e \u0a2a\u0a5c\u0a4d\u0a39\u0a3f\u0a06 \u0a39\u0a48\u0964"},{"language_id":12,"content":"\u0c06\u0c2f\u0c28 \u0c2e\u0c02\u0c1a\u0c3f \u0c1c\u0c4b\u0c15\u0c41 \u0c1a\u0c26\u0c3f\u0c35\u0c3e\u0c21\u0c41! \u0c05\u0c02\u0c26\u0c41\u0c15\u0c41.\u2029"},{"language_id":2,"content":"\u09a6\u09be\u09a6\u09c1 \u09af\u09c7 \u09b9\u09be\u09b8\u09bf\u09b0 \u09ac\u0987 \u09aa\u09dc\u09c7\u099b\u09c7\u0964"},{"language_id":8,"content":"\u0924\u094d\u092f\u093e\u0902\u0928\u0940 \u092a\u0941\u0938\u094d\u0924\u0915\u093e\u0924\u0932\u093e \u0935\u093f\u0928\u094b\u0926 \u0935\u093e\u091a\u0932\u093e \u0935\u093e\u091f\u0924\u0947!"},{"language_id":7,"content":"\u0c85\u0cb5\u0cb0\u0cc1 \u0ca8\u0c97\u0cc6\u0cb9\u0ca8\u0cbf \u0c93\u0ca6\u0cc1\u0ca4\u0ccd\u0ca4\u0cbf\u0ca6\u0ccd\u0ca6\u0cbe\u0cb0\u0cc6."}]},{"id":187,"content":"Why is the lady smiling?","pageno":9,"image":"d0b6b1e11eb6e1c52b6efdb0cc5371b1.jpg","audio":"d5a2960f46e2528631b5f41282103715.mp3","audio_map":"fec384207504fa8a7b82963db15e24cb.json","language":[{"language_id":9,"content":"\u0b38\u0b4d\u0b24\u0b4d\u0b30\u0b40\u0b32\u0b4b\u0b15 \u0b1c\u0b23\u0b15 \u0b39\u0b38\u0b41\u0b1b\u0b28\u0b4d\u0b24\u0b3f \u0b15\u0b3e\u0b39\u0b3f\u0b01\u0b15\u0b3f?\u2029"},{"language_id":5,"content":"\u0a86 \u0ab8\u0acd\u0aa4\u0acd\u0ab0\u0ac0 \u0aae\u0ab2\u0a95\u0ac7 \u0a9b\u0ac7 \u0ab6\u0ac1\u0a82 \u0a95\u0abe\u0aae?"},{"language_id":6,"content":"\u0914\u0930\u0924 \u0915\u094d\u092f\u094b\u0902 \u092e\u0941\u0938\u094d\u0915\u0930\u093e \u0930\u0939\u0940 \u0939\u0948?"},{"language_id":10,"content":"\u0a14\u0a30\u0a24 \u0a15\u0a3f\u0a09\u0a02 \u0a2e\u0a41\u0a38\u0a15\u0a30\u0a3e \u0a30\u0a39\u0a40 \u0a39\u0a48?"},{"language_id":12,"content":"\u0c06\u0c35\u0c3f\u0c21 \u0c06\u0c28\u0c02\u0c26\u0c02\u0c17\u0c3e \u0c28\u0c35\u0c4d\u0c35\u0c41\u0c24\u0c4b\u0c02\u0c26\u0c3f. \u0c0e\u0c02\u0c26\u0c41\u0c15\u0c41?\u2029"},{"language_id":2,"content":"\u0996\u09cb\u0995\u09be \u0996\u09c1\u0995\u09c1\u09b0 \u09ae\u09be \u09ae\u09bf\u09b7\u09cd\u099f\u09bf \u0995\u09b0\u09c7 \u09b9\u09be\u09b8\u099b\u09c7 \u0995\u09c7\u09a8?"},{"language_id":8,"content":"\u0906\u0908 \u090f\u0935\u0922\u0940 \u0916\u0941\u0936\u0940\u0924 \u0915\u093e \u0906\u0939\u0947?"},{"language_id":7,"content":"\u0cae\u0cb9\u0cbf\u0cb3\u0cc6 \u0c8f\u0c95\u0cc6 \u0ca8\u0cb8\u0cc1\u0ca8\u0c97\u0cc1\u0ca4\u0ccd\u0ca4\u0cbf\u0ca6\u0ccd\u0ca6\u0cbe\u0cb3\u0cc6?"}]},{"id":188,"content":"Her children are reading quietly.","pageno":10,"image":"af31509372c3d68ddef6f181bb2808e5.jpg","audio":"a7d48ead4132edc1dc4ad49b398ccb6e.mp3","audio_map":"09ea10928bfac5a5b47ff9d749a8b860.json","language":[{"language_id":9,"content":"\u0b24\u0b3e\u0b19\u0b4d\u0b15 \u0b2a\u0b3f\u0b32\u0b3e\u0b2e\u0b3e\u0b28\u0b47 \u0b1a\u0b41\u0b2a\u0b4d\u200c\u0b1a\u0b3e\u0b2a\u0b4d\u200c \u0b2a\u0b22\u0b3c\u0b41\u0b1b\u0b28\u0b4d\u0b24\u0b3f\u0964\u2029"},{"language_id":5,"content":"\u0a8f\u0aa8\u0abe \u0aac\u0abe\u0ab3\u0a95\u0acb \u0ab6\u0abe\u0a82\u0aa4\u0abf\u0aa5\u0ac0 \u0ab5\u0abe\u0a82\u0a9a\u0ac7 \u0a9b\u0ac7 \u0a8f\u0a9f\u0ab2\u0ac7."},{"language_id":6,"content":"\u0909\u0938\u0915\u0947 \u092c\u091a\u094d\u091a\u0947 \u091a\u0941\u092a\u091a\u093e\u092a \u092c\u0948\u0920\u0915\u0930 \u092a\u095d \u0930\u0939\u0947 \u0939\u0948\u0902\u0964"},{"language_id":10,"content":"\u0a09\u0a38\u0a26\u0a47 \u0a2c\u0a71\u0a1a\u0a47 \u0a1a\u0a41\u0a71\u0a2a\u0a1a\u0a3e\u0a2a \u0a2c\u0a48\u0a20\u0a15\u0a47 \u0a2a\u0a5c\u0a4d\u0a39 \u0a30\u0a39\u0a47 \u0a39\u0a28\u0964"},{"language_id":12,"content":"\u0c06\u0c2e\u0c46 \u0c2a\u0c3f\u0c32\u0c4d\u0c32\u0c32\u0c41 \u0c2e\u0c3e\u0c1f\u0c4d\u0c32\u0c3e\u0c21\u0c15\u0c41\u0c02\u0c21\u0c3e \u0c1a\u0c15\u0c4d\u0c15\u0c17\u0c3e \u0c1a\u0c26\u0c41\u0c35\u0c41\u0c15\u0c41\u0c02\u0c1f\u0c41\u0c28\u0c4d\u0c28\u0c3e\u0c30\u0c41 \u0c15\u0c26\u0c3e!\u2029"},{"language_id":2,"content":"\u099b\u09c7\u09b2\u09c7 \u09ae\u09c7\u09df\u09c7\u09a6\u09c7\u09b0 \u09b6\u09be\u09a8\u09cd\u09a4 \u09ad\u09be\u09ac\u09c7 \u09aa\u09dc\u09be\u09b6\u09cb\u09a8\u09be \u0995\u09b0\u09a4\u09c7\u09a6\u09c7\u0996\u09c7 \u09ad\u09be\u09b2\u09cb \u09b2\u09c7\u0997\u09c7\u099b\u09c7 \u09a4\u09be\u0987\u0964"},{"language_id":8,"content":"\u0905\u0938\u0923\u093e\u0930\u091a!  \u092e\u0941\u0932\u0947 \u0936\u093e\u0902\u0924 \u0935\u093e\u091a\u0924 \u092c\u0938\u0932\u0940 \u0906\u0939\u0947\u0924 \u0928\u093e!"},{"language_id":7,"content":"\u0c85\u0cb5\u0cb3 \u0cae\u0c95\u0ccd\u0c95\u0cb3\u0cc1 \u0cb6\u0cbe\u0c82\u0ca4\u0cb5\u0cbe\u0c97\u0cbf \u0c93\u0ca6\u0cc1\u0ca4\u0ccd\u0ca4\u0cbf\u0ca6\u0ccd\u0ca6\u0cbe\u0cb0\u0cc6."}]},{"id":189,"content":"What is this lady feeling? I think she is feeling shy.","pageno":11,"image":"3a1ac08c703fb194d7cc452d3f551923.jpg","audio":"117d8c2cb906a8bb5f1034b9bb0fc44f.mp3","audio_map":"df488f9ad0d8d12f44dcf6d576439dd0.json","language":[{"language_id":9,"content":"\u0b0f\u0b07 \u0b38\u0b4d\u0b24\u0b4d\u0b30\u0b40 \u0b32\u0b4b\u0b15 \u0b15\u0b23 \u0b2d\u0b3e\u0b2c\u0b41\u0b1b\u0b28\u0b4d\u0b24\u0b3f?\u2029 \u0b38\u0b3f\u0b0f \u0b2c\u0b4b\u0b27\u0b47 \u0b32\u0b3e\u0b1c \u0b15\u0b30\u0b41\u0b1b\u0b28\u0b4d\u0b24\u0b3f\u0964\u2029"},{"language_id":5,"content":"\u0a86 \u0aae\u0ab9\u0abf\u0ab2\u0abe\u0aa8\u0abe\u0a82 \u0aae\u0aa8\u0aae\u0abe\u0a82 \u0ab6\u0ac1\u0a82 \u0aa5\u0abe\u0aaf \u0a9b\u0ac7? \u0aae\u0aa8\u0ac7 \u0ab2\u0abe\u0a97\u0ac7 \u0a9b\u0ac7, \u0a8f \u0ab6\u0ab0\u0aae\u0abe\u0aaf \u0a9b\u0ac7?"},{"language_id":6,"content":"\u0935\u0939 \u0914\u0930\u0924 \u0915\u094d\u092f\u093e \u0938\u094b\u091a \u0930\u0939\u0940 \u0939\u0948? \u0935\u0939 \u0936\u0930\u092e\u093e \u0930\u0939\u0940 \u0939\u0948\u0964"},{"language_id":10,"content":"\u0a09\u0a39 \u0a14\u0a30\u0a24 \u0a15\u0a40 \u0a38\u0a4b\u0a1a \u0a30\u0a39\u0a40 \u0a39\u0a48? ....  \u0a09\u0a39 \u0a36\u0a30\u0a2e\u0a3e \u0a30\u0a39\u0a40 \u0a39\u0a48\u0964"},{"language_id":12,"content":"\u0c08\u0c35\u0c3f\u0c21 \u0c0f \u0c2d\u0c3e\u0c35\u0c28\u0c32\u0c4b \u0c09\u0c02\u0c26\u0c3f?\u2029 \u0c06\u0c35\u0c3f\u0c17 \u0c38\u0c3f\u0c17\u0c4d\u0c17\u0c41\u0c2a\u0c21\u0c41\u0c24\u0c4b\u0c02\u0c26\u0c28\u0c41\u0c15\u0c41\u0c02\u0c1f\u0c3e!\u2029"},{"language_id":2,"content":"\u0995\u09a8\u09c7 \u09ac\u0989 \u0995\u09bf \u09ad\u09be\u09ac\u099b\u09c7?   \u09ae\u09a8\u09c7 \u09b9\u09df \u0993\u09b0 \u09b2\u099c\u09cd\u099c\u09be \u0995\u09b0\u099b\u09c7\u0964"},{"language_id":8,"content":"\u092f\u093e \u0924\u093e\u0908\u0932\u093e \u0915\u093e\u092f \u0935\u093e\u091f\u0924\u0947 \u0906\u0939\u0947? \r\n \t\t\t\u0924\u0940 \u0932\u093e\u091c\u0924\u0947 \u0906\u0939\u0947."},{"language_id":7,"content":"\u0c88 \u0cae\u0cb9\u0cbf\u0cb3\u0cc6 \u0cad\u0cbe\u0cb5\u0ca8\u0cc6 \u0c8f\u0ca8\u0cbf\u0ca6\u0cc6?    \u0cac\u0cb9\u0cc1\u0cb6\u0c83 \u0c86\u0c95\u0cc6\u0c97\u0cc6 \u0ca8\u0cbe\u0c9a\u0cbf\u0c95\u0cc6 \u0c86\u0c97\u0cc1\u0ca4\u0ccd\u0ca4\u0cbf\u0ca6\u0cc6."}]}],"language":[{"id":9,"name":"Odia"},{"id":5,"name":"Gujarati"},{"id":6,"name":"Hindi"},{"id":10,"name":"Punjabi"},{"id":12,"name":"Telugu"},{"id":2,"name":"Bengali"},{"id":8,"name":"Marathi"},{"id":7,"name":"Kannada"}],"questions":[{"id":1966,"type":"pre","storypage_id":0,"order_number":1,"title":"Vocabulary","question":{"question_type":"vocabulary","question":{"text":"","image":"","type":""},"words":[{"word":"smiling","image":"6812be7bc76c43ff826758cb4a6b2c8b.JPG"},{"word":"laughing","image":"921b0663935b55abcfce242f4b0d009f.JPG"},{"word":"sad","image":"752264885da111712c8f832bc8de0edb.JPG"},{"word":"happy","image":"3c7d761c460bc82ed8dd71dedeaf3660.JPG"}]},"score":1,"question_template_id":21,"question_template":"Vocab"},{"id":1967,"type":"pre","storypage_id":0,"order_number":2,"title":"What do you think this story is about?","question":{"question_type":"mcq_single_answer","question":{"text":"What do you think this story is about?","image":"","type":"text"},"options":[{"text":"a boy","type":"both","image":"376c41ba5336a7588b6a9e4226696dfa.JPG","ans":1},{"text":"a girl","type":"both","image":"3c80aa52512439f4cd073fd3ed486f93.JPG","ans":1},{"text":"an old man","type":"both","image":"c0e179b4c3de18c006a519aeb3abd21a.JPG","ans":1},{"text":"a lady","type":"both","image":"2f6cd791a89c6e0a822dfbc09ed9f899.JPG","ans":1}],"answers":["a boy","a girl","an old man","a lady"]},"score":1,"question_template_id":2,"question_template":"Text MCQ"},{"id":1973,"type":"post","storypage_id":0,"order_number":1,"title":"What is happening in this picture?","question":{"question_type":"story_read_aloud","question":{"text":"What is happening in this picture?","image":"75a1870a87636c17b28a8e9f70c767d1.JPG","type":"both"}},"score":1,"question_template_id":7,"question_template":"Describe an Image"},{"id":1968,"type":"during","storypage_id":179,"order_number":1,"title":"Choose the correct answer.","question":{"question_type":"mcq_single_answer","question":{"text":"Why was the baby crying?","image":"","type":"text"},"options":[{"text":"She was missing her father.","type":"both","image":"0258cfd78a93039df948d2c7f5aa706c.JPG","ans":0},{"text":"She was hungry.","type":"both","image":"8917c061c02c55579ea844687436350f.JPG","ans":1},{"text":"She wanted a new dress.","type":"both","image":"32f38cfa419d5827bed706892acf87e4.JPG","ans":0},{"text":"She was feeling shy.","type":"both","image":"86bfbe35cbc269b5bfec740eb1ca0ac3.JPG","ans":0}],"answers":["She was hungry."]},"score":1,"question_template_id":2,"question_template":"Text MCQ"},{"id":1969,"type":"during","storypage_id":182,"order_number":2,"title":"Choose the correct answer.","question":{"question_type":"mcq_single_answer","question":{"text":"Why was the boy sad?","image":"","type":"text"},"options":[{"text":"He was missing his father.","type":"both","image":"7345f85a4abc823708d4dee37948c1c4.JPG","ans":1},{"text":"He was hungry.","type":"both","image":"a44e1b2cec0fe60e43f7a566baa9f522.JPG","ans":0},{"text":"He didn\u2019t like to read.","type":"both","image":"2cdaa4c2e8ac15b648dff2e32e6d4d13.JPG","ans":0},{"text":"His grandpa laughed at him.","type":"both","image":"4d31e37f4a44ed23592dd5f4ab5e8594.JPG","ans":0}],"answers":["He was missing his father."]},"score":1,"question_template_id":2,"question_template":"Text MCQ"},{"id":1970,"type":"during","storypage_id":184,"order_number":3,"title":"Choose the correct answer.","question":{"question_type":"mcq_single_answer","question":{"text":"Why was the girl happy?","image":"","type":"text"},"options":[{"text":"Her grandpa told a joke.","type":"both","image":"8c713ff051f55d1ff8bf1000b5349d6a.JPG","ans":0},{"text":"Her aunt was getting married.","type":"both","image":"0f40b59ddd4a71ff7092596a519a4109.JPG","ans":0},{"text":"She got a new dress.","type":"both","image":"19a7d46aea33126f409e94c6492ec794.JPG","ans":1},{"text":"She was enjoying a good book.","type":"both","image":"a4c14df5220a8e10380f9a2e494c301e.JPG","ans":0}],"answers":["She got a new dress."]},"score":1,"question_template_id":2,"question_template":"Text MCQ"},{"id":1971,"type":"during","storypage_id":186,"order_number":4,"title":"Choose the correct answer.","question":{"question_type":"mcq_single_answer","question":{"text":"Why was the old man laughing? ","image":"","type":"text"},"options":[{"text":"The baby was crying.","type":"both","image":"56f36f6870a2a202c39fadca25809b5c.JPG","ans":0},{"text":"The girl got a new dress.","type":"both","image":"037167964ebbc600675c0dc37b39be54.JPG","ans":0},{"text":"The boy was sad.","type":"both","image":"7114a4c4115d7ad07d1509e4f339732d.JPG","ans":0},{"text":"He read a good joke.","type":"both","image":"6027c00aa9e1f8b080361d9361cc82d1.JPG","ans":1}],"answers":["He read a good joke."]},"score":1,"question_template_id":2,"question_template":"Text MCQ"},{"id":1972,"type":"during","storypage_id":188,"order_number":5,"title":"Choose the correct answer.","question":{"question_type":"mcq_single_answer","question":{"text":"Why was the lady smiling? ","image":"","type":"text"},"options":[{"text":"The old man told her a joke.","type":"both","image":"5f400bba21e1481b7cfd76212131cb1e.JPG","ans":0},{"text":"Her children were reading quietly.","type":"both","image":"6236aeae28f783b3f04265eb6ee87ac2.JPG","ans":1},{"text":"Her sister was getting married.","type":"both","image":"6aa3c630599bd96ca0176b417566cbf9.JPG","ans":0},{"text":"The baby was crying.","type":"both","image":"cf732aa32cdcb008cf75ffc1f521a892.JPG","ans":0}],"answers":["Her children were reading quietly."]},"score":1,"question_template_id":2,"question_template":"Text MCQ"},{"id":1974,"type":"own_story","storypage_id":0,"order_number":1,"title":"Make your own story!","question":{"question_type":"mcq_single_answer","question":{"text":"Watching pigeons eat _________ together makes me happy, but it is sad when they all fly away.","image":"","type":"text"},"options":[{"text":"grain","type":"text","image":"","ans":1},{"text":"rice","type":"text","image":"","ans":1},{"text":"seeds","type":"text","image":"","ans":1},{"text":"gram","type":"text","image":"","ans":1}],"answers":["grain","rice","seeds","gram"]},"score":1,"question_template_id":2,"question_template":"Text MCQ"},{"id":1975,"type":"own_story","storypage_id":0,"order_number":2,"title":"Make your own story!","question":{"question_type":"mcq_single_answer","question":{"text":"Seeing a game of _________ at the stadium makes me happy, but it is sad when it ends.","image":"","type":"text"},"options":[{"text":"cricket","type":"text","image":"","ans":1},{"text":"football","type":"text","image":"","ans":1},{"text":"hockey","type":"text","image":"","ans":1},{"text":"kabbadi","type":"text","image":"","ans":1}],"answers":["cricket","football","hockey","kabbadi"]},"score":1,"question_template_id":2,"question_template":"Text MCQ"},{"id":1976,"type":"own_story","storypage_id":0,"order_number":3,"title":"Make your own story!","question":{"question_type":"mcq_single_answer","question":{"text":"A rainy day makes me happy, but it is sad when _________.","image":"","type":"text"},"options":[{"text":"it starts to flood","type":"text","image":"","ans":1},{"text":"it makes everything too wet","type":"text","image":"","ans":1},{"text":"nothing is dry anymore","type":"text","image":"","ans":1},{"text":"the sun goes away for a very long time","type":"text","image":"","ans":1}],"answers":["it starts to flood","it makes everything too wet","nothing is dry anymore","the sun goes away for a very long time"]},"score":1,"question_template_id":2,"question_template":"Text MCQ"},{"id":1977,"type":"own_story","storypage_id":0,"order_number":4,"title":"Make your own story!","question":{"question_type":"mcq_single_answer","question":{"text":"A clean, fresh shirt makes me happy, but it is sad when _________.","image":"","type":"text"},"options":[{"text":"it gets crumpled","type":"text","image":"","ans":1},{"text":"I drop food on it","type":"text","image":"","ans":1},{"text":"mud gets on it","type":"text","image":"","ans":1},{"text":"it gets smelly quickly on a hot day","type":"text","image":"","ans":1}],"answers":["it gets crumpled","I drop food on it","mud gets on it","it gets smelly quickly on a hot day"]},"score":1,"question_template_id":2,"question_template":"Text MCQ"}]}