{
 "fragments": [
  {
   "begin": "0.000", 
   "end": "0.680", 
   "id": "f000001", 
   "language": "en", 
   "lines": [
    "Why"
   ]
  }, 
  {
   "begin": "0.680", 
   "end": "0.880", 
   "id": "f000002", 
   "language": "en", 
   "lines": [
    "is"
   ]
  }, 
  {
   "begin": "0.880", 
   "end": "1.040", 
   "id": "f000003", 
   "language": "en", 
   "lines": [
    "the"
   ]
  }, 
  {
   "begin": "1.040", 
   "end": "1.440", 
   "id": "f000004", 
   "language": "en", 
   "lines": [
    "boy"
   ]
  }, 
  {
   "begin": "1.440", 
   "end": "2.480", 
   "id": "f000005", 
   "language": "en", 
   "lines": [
    "sad?"
   ]
  }
 ]
}