{
 "fragments": [
  {
   "begin": "0.000", 
   "end": "0.000", 
   "id": "f000001", 
   "language": "en", 
   "lines": [
    "She"
   ]
  }, 
  {
   "begin": "0.000", 
   "end": "0.760", 
   "id": "f000002", 
   "language": "en", 
   "lines": [
    "has"
   ]
  }, 
  {
   "begin": "0.760", 
   "end": "1.080", 
   "id": "f000003", 
   "language": "en", 
   "lines": [
    "a"
   ]
  }, 
  {
   "begin": "1.080", 
   "end": "1.440", 
   "id": "f000004", 
   "language": "en", 
   "lines": [
    "new"
   ]
  }, 
  {
   "begin": "1.440", 
   "end": "2.040", 
   "id": "f000005", 
   "language": "en", 
   "lines": [
    "dress."
   ]
  }
 ]
}