{
 "fragments": [
  {
   "begin": "0.000", 
   "end": "0.600", 
   "id": "f000001", 
   "language": "en", 
   "lines": [
    "Why"
   ]
  }, 
  {
   "begin": "0.600", 
   "end": "0.760", 
   "id": "f000002", 
   "language": "en", 
   "lines": [
    "is"
   ]
  }, 
  {
   "begin": "0.760", 
   "end": "0.920", 
   "id": "f000003", 
   "language": "en", 
   "lines": [
    "the"
   ]
  }, 
  {
   "begin": "0.920", 
   "end": "1.400", 
   "id": "f000004", 
   "language": "en", 
   "lines": [
    "baby"
   ]
  }, 
  {
   "begin": "1.400", 
   "end": "2.200", 
   "id": "f000005", 
   "language": "en", 
   "lines": [
    "crying?"
   ]
  }
 ]
}