{
 "fragments": [
  {
   "begin": "0.000", 
   "end": "0.320", 
   "id": "f000001", 
   "language": "en", 
   "lines": [
    "What"
   ]
  }, 
  {
   "begin": "0.320", 
   "end": "0.600", 
   "id": "f000002", 
   "language": "en", 
   "lines": [
    "is"
   ]
  }, 
  {
   "begin": "0.600", 
   "end": "0.920", 
   "id": "f000003", 
   "language": "en", 
   "lines": [
    "this"
   ]
  }, 
  {
   "begin": "0.920", 
   "end": "1.360", 
   "id": "f000004", 
   "language": "en", 
   "lines": [
    "lady"
   ]
  }, 
  {
   "begin": "1.360", 
   "end": "2.680", 
   "id": "f000005", 
   "language": "en", 
   "lines": [
    "feeling?"
   ]
  }, 
  {
   "begin": "2.680", 
   "end": "2.960", 
   "id": "f000006", 
   "language": "en", 
   "lines": [
    "I"
   ]
  }, 
  {
   "begin": "2.960", 
   "end": "3.440", 
   "id": "f000007", 
   "language": "en", 
   "lines": [
    "think"
   ]
  }, 
  {
   "begin": "3.440", 
   "end": "4.000", 
   "id": "f000008", 
   "language": "en", 
   "lines": [
    "she"
   ]
  }, 
  {
   "begin": "4.000", 
   "end": "4.120", 
   "id": "f000009", 
   "language": "en", 
   "lines": [
    "is"
   ]
  }, 
  {
   "begin": "4.120", 
   "end": "4.560", 
   "id": "f000010", 
   "language": "en", 
   "lines": [
    "feeling"
   ]
  }, 
  {
   "begin": "4.560", 
   "end": "5.400", 
   "id": "f000011", 
   "language": "en", 
   "lines": [
    "shy."
   ]
  }
 ]
}