{
 "fragments": [
  {
   "begin": "0.000", 
   "end": "0.480", 
   "id": "f000001", 
   "language": "en", 
   "lines": [
    "I"
   ]
  }, 
  {
   "begin": "0.480", 
   "end": "1.200", 
   "id": "f000002", 
   "language": "en", 
   "lines": [
    "think"
   ]
  }, 
  {
   "begin": "1.200", 
   "end": "1.840", 
   "id": "f000003", 
   "language": "en", 
   "lines": [
    "she"
   ]
  }, 
  {
   "begin": "1.840", 
   "end": "2.160", 
   "id": "f000004", 
   "language": "en", 
   "lines": [
    "is"
   ]
  }, 
  {
   "begin": "2.160", 
   "end": "2.680", 
   "id": "f000005", 
   "language": "en", 
   "lines": [
    "hungry."
   ]
  }
 ]
}