{
 "fragments": [
  {
   "begin": "0.000", 
   "end": "0.480", 
   "id": "f000001", 
   "language": "en", 
   "lines": [
    "\"I"
   ]
  }, 
  {
   "begin": "0.480", 
   "end": "0.560", 
   "id": "f000002", 
   "language": "en", 
   "lines": [
    "know"
   ]
  }, 
  {
   "begin": "0.560", 
   "end": "1.200", 
   "id": "f000003", 
   "language": "en", 
   "lines": [
    "what"
   ]
  }, 
  {
   "begin": "1.200", 
   "end": "1.400", 
   "id": "f000004", 
   "language": "en", 
   "lines": [
    "to"
   ]
  }, 
  {
   "begin": "1.400", 
   "end": "2.480", 
   "id": "f000005", 
   "language": "en", 
   "lines": [
    "do!\""
   ]
  }, 
  {
   "begin": "2.480", 
   "end": "3.000", 
   "id": "f000006", 
   "language": "en", 
   "lines": [
    "shouted"
   ]
  }, 
  {
   "begin": "3.000", 
   "end": "3.960", 
   "id": "f000007", 
   "language": "en", 
   "lines": [
    "Grandma"
   ]
  }, 
  {
   "begin": "3.960", 
   "end": "4.760", 
   "id": "f000008", 
   "language": "en", 
   "lines": [
    "jumping"
   ]
  }, 
  {
   "begin": "4.760", 
   "end": "5.080", 
   "id": "f000009", 
   "language": "en", 
   "lines": [
    "down"
   ]
  }, 
  {
   "begin": "5.080", 
   "end": "5.400", 
   "id": "f000010", 
   "language": "en", 
   "lines": [
    "from"
   ]
  }, 
  {
   "begin": "5.400", 
   "end": "6.320", 
   "id": "f000011", 
   "language": "en", 
   "lines": [
    "the"
   ]
  }, 
  {
   "begin": "6.320", 
   "end": "7.040", 
   "id": "f000012", 
   "language": "en", 
   "lines": [
    "sofa."
   ]
  }, 
  {
   "begin": "7.040", 
   "end": "7.080", 
   "id": "f000013", 
   "language": "en", 
   "lines": [
    "She"
   ]
  }, 
  {
   "begin": "7.080", 
   "end": "7.480", 
   "id": "f000014", 
   "language": "en", 
   "lines": [
    "rolled"
   ]
  }, 
  {
   "begin": "7.480", 
   "end": "7.560", 
   "id": "f000015", 
   "language": "en", 
   "lines": [
    "up"
   ]
  }, 
  {
   "begin": "7.560", 
   "end": "7.680", 
   "id": "f000016", 
   "language": "en", 
   "lines": [
    "a"
   ]
  }, 
  {
   "begin": "7.680", 
   "end": "8.360", 
   "id": "f000017", 
   "language": "en", 
   "lines": [
    "newspaper"
   ]
  }, 
  {
   "begin": "8.360", 
   "end": "8.560", 
   "id": "f000018", 
   "language": "en", 
   "lines": [
    "and"
   ]
  }, 
  {
   "begin": "8.560", 
   "end": "8.920", 
   "id": "f000019", 
   "language": "en", 
   "lines": [
    "poked"
   ]
  }, 
  {
   "begin": "8.920", 
   "end": "9.800", 
   "id": "f000020", 
   "language": "en", 
   "lines": [
    "here"
   ]
  }, 
  {
   "begin": "9.800", 
   "end": "10.080", 
   "id": "f000021", 
   "language": "en", 
   "lines": [
    "and"
   ]
  }, 
  {
   "begin": "10.080", 
   "end": "10.600", 
   "id": "f000022", 
   "language": "en", 
   "lines": [
    "there."
   ]
  }
 ]
}