{
 "fragments": [
  {
   "begin": "0.000", 
   "end": "0.520", 
   "id": "f000001", 
   "language": "en", 
   "lines": [
    "\u201cI"
   ]
  }, 
  {
   "begin": "0.520", 
   "end": "0.520", 
   "id": "f000002", 
   "language": "en", 
   "lines": [
    "will"
   ]
  }, 
  {
   "begin": "0.520", 
   "end": "0.920", 
   "id": "f000003", 
   "language": "en", 
   "lines": [
    "chase"
   ]
  }, 
  {
   "begin": "0.920", 
   "end": "0.960", 
   "id": "f000004", 
   "language": "en", 
   "lines": [
    "it"
   ]
  }, 
  {
   "begin": "0.960", 
   "end": "2.200", 
   "id": "f000005", 
   "language": "en", 
   "lines": [
    "out!\u201d"
   ]
  }, 
  {
   "begin": "2.200", 
   "end": "2.520", 
   "id": "f000006", 
   "language": "en", 
   "lines": [
    "said"
   ]
  }, 
  {
   "begin": "2.520", 
   "end": "2.920", 
   "id": "f000007", 
   "language": "en", 
   "lines": [
    "Ma"
   ]
  }, 
  {
   "begin": "2.920", 
   "end": "3.240", 
   "id": "f000008", 
   "language": "en", 
   "lines": [
    "bravely."
   ]
  }, 
  {
   "begin": "3.240", 
   "end": "3.600", 
   "id": "f000009", 
   "language": "en", 
   "lines": [
    "She"
   ]
  }, 
  {
   "begin": "3.600", 
   "end": "4.760", 
   "id": "f000010", 
   "language": "en", 
   "lines": [
    "took"
   ]
  }, 
  {
   "begin": "4.760", 
   "end": "5.000", 
   "id": "f000011", 
   "language": "en", 
   "lines": [
    "out"
   ]
  }, 
  {
   "begin": "5.000", 
   "end": "5.160", 
   "id": "f000012", 
   "language": "en", 
   "lines": [
    "the"
   ]
  }, 
  {
   "begin": "5.160", 
   "end": "5.960", 
   "id": "f000013", 
   "language": "en", 
   "lines": [
    "broom"
   ]
  }, 
  {
   "begin": "5.960", 
   "end": "6.200", 
   "id": "f000014", 
   "language": "en", 
   "lines": [
    "and"
   ]
  }, 
  {
   "begin": "6.200", 
   "end": "6.520", 
   "id": "f000015", 
   "language": "en", 
   "lines": [
    "poked"
   ]
  }, 
  {
   "begin": "6.520", 
   "end": "7.400", 
   "id": "f000016", 
   "language": "en", 
   "lines": [
    "here"
   ]
  }, 
  {
   "begin": "7.400", 
   "end": "7.720", 
   "id": "f000017", 
   "language": "en", 
   "lines": [
    "and"
   ]
  }, 
  {
   "begin": "7.720", 
   "end": "8.200", 
   "id": "f000018", 
   "language": "en", 
   "lines": [
    "there."
   ]
  }, 
  {
   "begin": "8.200", 
   "end": "9.920", 
   "id": "f000019", 
   "language": "en", 
   "lines": [
    "\u201cMouse!\u201d"
   ]
  }, 
  {
   "begin": "9.920", 
   "end": "11.080", 
   "id": "f000020", 
   "language": "en", 
   "lines": [
    "shouted"
   ]
  }, 
  {
   "begin": "11.080", 
   "end": "11.520", 
   "id": "f000021", 
   "language": "en", 
   "lines": [
    "Pa."
   ]
  }, 
  {
   "begin": "11.520", 
   "end": "12.520", 
   "id": "f000022", 
   "language": "en", 
   "lines": [
    "\u201cBehind"
   ]
  }, 
  {
   "begin": "12.520", 
   "end": "13.680", 
   "id": "f000023", 
   "language": "en", 
   "lines": [
    "you!\u201d\n"
   ]
  }, 
  {
   "begin": "13.680", 
   "end": "14.160", 
   "id": "f000024", 
   "language": "en", 
   "lines": [
    "Ma"
   ]
  }, 
  {
   "begin": "14.160", 
   "end": "14.240", 
   "id": "f000025", 
   "language": "en", 
   "lines": [
    "looked"
   ]
  }, 
  {
   "begin": "14.240", 
   "end": "14.400", 
   "id": "f000026", 
   "language": "en", 
   "lines": [
    "at"
   ]
  }, 
  {
   "begin": "14.400", 
   "end": "14.480", 
   "id": "f000027", 
   "language": "en", 
   "lines": [
    "the"
   ]
  }, 
  {
   "begin": "14.480", 
   "end": "15.040", 
   "id": "f000028", 
   "language": "en", 
   "lines": [
    "mouse,"
   ]
  }, 
  {
   "begin": "15.040", 
   "end": "15.360", 
   "id": "f000029", 
   "language": "en", 
   "lines": [
    "and"
   ]
  }, 
  {
   "begin": "15.360", 
   "end": "16.000", 
   "id": "f000030", 
   "language": "en", 
   "lines": [
    "fled"
   ]
  }, 
  {
   "begin": "16.000", 
   "end": "16.440", 
   "id": "f000031", 
   "language": "en", 
   "lines": [
    "under"
   ]
  }, 
  {
   "begin": "16.440", 
   "end": "16.440", 
   "id": "f000032", 
   "language": "en", 
   "lines": [
    "the"
   ]
  }, 
  {
   "begin": "16.440", 
   "end": "17.240", 
   "id": "f000033", 
   "language": "en", 
   "lines": [
    "bed!"
   ]
  }
 ]
}