{"id":48,"name":"Mouse in the House","writtenby":"Sowmya Rajendran","illustrationsby":"Tanaya Vyas","translationby":"","source":"Pratham Books","status":"active","level":2,"pages":[{"id":462,"content":"There was a mouse in the house. Grandma saw it first. \n\"Mouse!\" she screamed, jumping up the sofa. The cushions fell on the floor.","pageno":1,"image":"53764c46dd22782ca72ba99d95d535d9.jpg","audio":"1402660e568ef99212f69f843157aa1d.mp3","audio_map":"b6f64a4ae899dc0688d6410cb85bd99d.json","language":[{"language_id":11,"content":"\u0b92\u0bb0\u0bc1 \u0bb5\u0bc0\u0b9f\u0bcd\u0b9f\u0bbf\u0bb2\u0bcd \u0b8e\u0bb2\u0bbf \u0b92\u0ba9\u0bcd\u0bb1\u0bc1 \u0baa\u0bc1\u0b95\u0bc1\u0ba8\u0bcd\u0ba4\u0bc1\u0bb5\u0bbf\u0b9f\u0bcd\u0b9f\u0ba4\u0bc1. \u0b85\u0ba4\u0bc8 \u0bae\u0bc1\u0ba4\u0bb2\u0bbf\u0bb2\u0bcd \u0baa\u0bbe\u0bb0\u0bcd\u0ba4\u0bcd\u0ba4\u0ba4\u0bc1 \u0baa\u0bbe\u0b9f\u0bcd\u0b9f\u0bbf\u0ba4\u0bbe\u0ba9\u0bcd. \u2018\u0b85\u0b9a\u0bcd\u0b9a\u0b9a\u0bcd\u0b9a\u0bcb! \u0b8e\u0bb2\u0bbf\u2019 \u0b8e\u0ba9\u0bcd\u0bb1\u0bc1 \u0b95\u0ba4\u0bcd\u0ba4\u0bbf\u0baf\u0baa\u0b9f\u0bbf \u0b85\u0bb5\u0bb0\u0bcd \u0b9a\u0bcb\u0baa\u0bbe\u0bae\u0bc0\u0ba4\u0bc1 \u0b8f\u0bb1\u0bbf\u0b95\u0bcd\u0b95\u0bca\u0ba3\u0bcd\u0b9f\u0bbe\u0bb0\u0bcd.   \u0b85\u0b99\u0bcd\u0b95\u0bbf\u0bb0\u0bc1\u0ba8\u0bcd\u0ba4 \u0b95\u0bc1\u0b9f\u0bcd\u0b9f\u0bbf\u0ba4\u0bcd \u0ba4\u0bb2\u0bc8\u0baf\u0ba3\u0bc8\u0b95\u0bb3\u0bc6\u0bb2\u0bcd\u0bb2\u0bbe\u0bae\u0bcd \u0b95\u0bc0\u0bb4\u0bc7 \u0bb5\u0bbf\u0bb4\u0bc1\u0ba8\u0bcd\u0ba4\u0ba9."},{"language_id":12,"content":"\u0c07\u0c02\u0c1f\u0c3f\u0c32\u0c4b\u0c15\u0c3f \u0c0e\u0c32\u0c41\u0c15 \u0c26\u0c42\u0c30\u0c3f\u0c02\u0c26\u0c3f. \u0c2e\u0c41\u0c02\u0c26\u0c41\u0c17\u0c3e \u0c05\u0c2e\u0c4d\u0c2e\u0c2e\u0c4d\u0c2e \u0c1a\u0c42\u0c38\u0c3f\u0c02\u0c26\u0c3f. \r\n  \u201c\u0c0e\u0c32\u0c41\u0c15!\u201d \u0c05\u0c02\u0c1f\u0c42 \u0c06\u0c2e\u0c46 \u0c05\u0c30\u0c3f\u0c1a\u0c3f \u0c38\u0c4b\u0c2b\u0c3e \u0c2e\u0c40\u0c26\u0c15\u0c3f \u0c26\u0c42\u0c15\u0c3f\u0c02\u0c26\u0c3f.    \u0c15\u0c41\u0c37\u0c28\u0c4d \u0c1c\u0c3e\u0c30\u0c3f \u0c15\u0c3f\u0c02\u0c26 \u0c2a\u0c21\u0c3f\u0c2a\u0c4b\u0c2f\u0c3f\u0c02\u0c26\u0c3f."},{"language_id":8,"content":"\u0918\u0930\u093e\u092e\u0927\u094d\u092f\u0947 \u090f\u0915 \u0909\u0902\u0926\u0940\u0930 \u0936\u093f\u0930\u0932\u093e \u0939\u094b\u0924\u093e! \u0938\u0930\u094d\u0935\u093e\u0924 \u0906\u0927\u0940 \u0906\u091c\u0940\u0928\u0947 \u092a\u0939\u093f\u0932\u093e. \"\u0909\u0902\u0926\u0940\u0930, \u0909\u0902\u0926\u0940\u0930\" \u0924\u0940 \u0913\u0930\u0921\u0932\u0940 \u0906\u0923\u093f \u091f\u0941\u0923\u0915\u0928 \u0938\u094b\u092b\u094d\u092f\u093e\u0935\u0930 \u091a\u0922\u0932\u0940. \u0909\u0936\u094d\u092f\u093e \u0938\u0941\u0926\u094d\u0927\u093e \u0916\u093e\u0932\u0940 \u092a\u0921\u0932\u094d\u092f\u093e."},{"language_id":7,"content":"\u0cae\u0ca8\u0cc6\u0caf\u0cb2\u0cca\u0c82\u0ca6\u0cc1 \u0c87\u0cb2\u0cbf\u0caf\u0cbf\u0ca4\u0ccd\u0ca4\u0cc1.  \u0c85\u0ca6\u0ca8\u0ccd\u0ca8\u0cc1 \u0cae\u0cca\u0ca6\u0cb2\u0cc1 \u0c85\u0c9c\u0ccd\u0c9c\u0cbf \u0ca8\u0ccb\u0ca1\u0cbf\u0ca6\u0cb0\u0cc1.  \r\n \u201c\u0c87\u0cb2\u0cbf!\u201d \u0c8e\u0c82\u0ca6\u0cc1 \u0c95\u0cbf\u0cb0\u0cc1\u0c9a\u0cc1\u0ca4\u0ccd\u0ca4\u0cbe, \u0cb8\u0ccb\u0cab\u0cbe\u0ca6 \u0cae\u0cc7\u0cb2\u0cc6 \u0cb9\u0cbe\u0cb0\u0cbf\u0ca6\u0cb0\u0cc1.  \u0cb8\u0ccb\u0cab\u0cbe\u0ca6 \u0cae\u0cc7\u0cb2\u0cbf\u0ca8 \u0cae\u0cc6\u0ca4\u0ccd\u0ca4\u0cc6\u0c97\u0cb3\u0cc1 \u0c95\u0cc6\u0cb3\u0c97\u0cc6 \u0cac\u0cbf\u0ca6\u0ccd\u0ca6\u0cb5\u0cc1."}]},{"id":463,"content":"\u201cWhere?\u201d asked Pa, climbing up the window. He pulled the curtains down.\u00a0\u201cThere!\u201d shouted Ma, leaping up the table. The plates fell with a crash.","pageno":2,"image":"65052a31fc33b85f21fc09a7009e7412.jpg","audio":"687b854c32ea2b61dfab7287d8b0909e.mp3","audio_map":"e85bbd9ef592e781b32c26490fc4292b.json","language":[{"language_id":11,"content":"\u2019\u0b8e\u0bb2\u0bbf\u0baf\u0bbe? \u0b8e\u0b99\u0bcd\u0b95\u0bc7?\u2019 \u0b8e\u0ba9\u0bcd\u0bb1\u0bc1 \u0b95\u0bc7\u0b9f\u0bcd\u0b9f\u0baa\u0b9f\u0bbf \u0ba4\u0bbe\u0ba4\u0bcd\u0ba4\u0bbe \u0b9c\u0ba9\u0bcd\u0ba9\u0bb2\u0bbf\u0bb2\u0bcd \u0ba4\u0bca\u0bb1\u0bcd\u0bb1\u0bbf\u0b95\u0bcd\u0b95\u0bca\u0ba3\u0bcd\u0b9f\u0bbe\u0bb0\u0bcd. \r\n  \u0b85\u0b99\u0bcd\u0b95\u0bbf\u0bb0\u0bc1\u0ba8\u0bcd\u0ba4 \u0ba4\u0bbf\u0bb0\u0bc8\u0b9a\u0bcd\u0b9a\u0bc0\u0bb2\u0bc8\u0b95\u0bb3\u0bc6\u0bb2\u0bcd\u0bb2\u0bbe\u0bae\u0bcd \u0b95\u0bc0\u0bb4\u0bc7 \u0bb5\u0bbf\u0bb4\u0bc1\u0ba8\u0bcd\u0ba4\u0ba9.   \u2018\u0b85\u0ba4\u0bcb \u0b85\u0b99\u0bcd\u0b95\u0bc7!\u2019 \u0b8e\u0ba9\u0bcd\u0bb1\u0bc1 \u0b95\u0ba4\u0bcd\u0ba4\u0bbf\u0ba9\u0bbe\u0bb0\u0bcd \u0b85\u0baa\u0bcd\u0baa\u0bbe. \u0baa\u0baf\u0ba8\u0bcd\u0ba4\u0bc1\u0baa\u0bcb\u0baf\u0bcd\u0baa\u0bcd \u0baa\u0b95\u0bcd\u0b95\u0ba4\u0bcd\u0ba4\u0bbf\u0bb2\u0bbf\u0bb0\u0bc1\u0ba8\u0bcd\u0ba4 \u0bae\u0bc7\u0b9c\u0bc8\u0bae\u0bc0\u0ba4\u0bc1 \u0b8f\u0bb1\u0bbf\u0b95\u0bcd\u0b95\u0bca\u0ba3\u0bcd\u0b9f\u0bbe\u0bb0\u0bcd \u0b85\u0bb5\u0bb0\u0bcd.\u0b85\u0b99\u0bcd\u0b95\u0bbf\u0bb0\u0bc1\u0ba8\u0bcd\u0ba4 \u0ba4\u0b9f\u0bcd\u0b9f\u0bc1\u0b95\u0bb3\u0bcd \u0b95\u0bc0\u0bb4\u0bc7 \u0bb5\u0bbf\u0bb4\u0bc1\u0ba8\u0bcd\u0ba4\u0bc1 \u0b89\u0b9f\u0bc8\u0ba8\u0bcd\u0ba4\u0ba9."},{"language_id":12,"content":"\u201c\u0c0e\u0c15\u0c4d\u0c15\u0c21?\u201d \u0c15\u0c3f\u0c1f\u0c3f\u0c15\u0c40 \u0c2e\u0c40\u0c26\u0c15\u0c3f \u0c0e\u0c15\u0c4d\u0c15\u0c41\u0c24\u0c42 \u0c05\u0c21\u0c3f\u0c17\u0c3e\u0c21\u0c41 \u0c28\u0c3e\u0c28\u0c4d\u0c28. \r\n  \u0c05\u0c24\u0c21\u0c41 \u0c15\u0c30\u0c4d\u0c1f\u0c46\u0c28\u0c4d\u0c32\u0c41 \u0c15\u0c3f\u0c02\u0c26\u0c15\u0c3f \u0c32\u0c3e\u0c17\u0c47\u0c36\u0c3e\u0c21\u0c41.   \u201c\u0c05\u0c15\u0c4d\u0c15\u0c21!\u201d \u0c05\u0c30\u0c41\u0c38\u0c4d\u0c24\u0c42 \u0c05\u0c2e\u0c4d\u0c2e \u0c2c\u0c32\u0c4d\u0c32\u0c2e\u0c40\u0c26\u0c15\u0c3f \u0c26\u0c42\u0c15\u0c3f\u0c02\u0c26\u0c3f.   \u0c36\u0c2c\u0c4d\u0c26\u0c02 \u0c1a\u0c47\u0c38\u0c4d\u0c24\u0c42 \u0c2a\u0c33\u0c4d\u0c32\u0c3e\u0c32\u0c41 \u0c15\u0c3f\u0c02\u0c26 \u0c2a\u0c21\u0c4d\u0c21\u0c3e\u0c2f\u0c3f."},{"language_id":8,"content":"\"\u0915\u0941\u0920\u0947, \u0915\u0941\u0920\u0947?\" \u092c\u093e\u092c\u093e \u0916\u093f\u0921\u0915\u0940\u0935\u0930 \u091a\u0922\u0932\u0947. \u0924\u094d\u092f\u093e\u0902\u0928\u0940 \u0924\u0930 \u092a\u0921\u0926\u0947\u091a \u0916\u093e\u0932\u0940 \u0913\u0922\u0932\u0947. \"\u0924\u093f\u0925\u0947, \u0924\u093f\u0925\u0947!\" \u0906\u0908 \u0913\u0930\u0921\u0932\u0940. \u0924\u093f\u0928\u0947 \u0924\u0930 \u091f\u0947\u092c\u0932\u0935\u0930\u091a \u091d\u0947\u092a \u0918\u0947\u0924\u0932\u0940 \u0906\u0923\u093f \u0924\u093e\u091f\u0947 \u0916\u093e\u0932\u0940\u091a \u092a\u0921\u0932\u0940."},{"language_id":7,"content":"\u201c\u0c8e\u0cb2\u0ccd\u0cb2\u0cbf\u201d? \u0c8e\u0c82\u0ca6\u0cc1 \u0c95\u0cbf\u0c9f\u0c95\u0cbf \u0c8f\u0cb0\u0cc1\u0ca4\u0ccd\u0ca4\u0cbe \u0c85\u0caa\u0ccd\u0caa \u0c95\u0cc7\u0cb3\u0cbf\u0ca6\u0cb0\u0cc1. \r\n \u0c95\u0cbf\u0c9f\u0c95\u0cbf \u0caa\u0cb0\u0ca6\u0cc6\u0c97\u0cb3\u0ca8\u0ccd\u0ca8\u0cc1 \u0c85\u0cb5\u0cb0\u0cc1 \u0c8e\u0cb3\u0cc6\u0ca6\u0cc1 \u0cac\u0cc0\u0cb3\u0cbf\u0cb8\u0cbf\u0ca6\u0cb0\u0cc1.  \r\n \u201c\u0c85\u0cb2\u0ccd\u0cb2\u0cbf!\u201d \u0c8e\u0c82\u0ca6\u0cc1 \u0c95\u0cc2\u0c97\u0cbf\u0ca6\u0cb0\u0cc1 \u0c85\u0cae\u0ccd\u0cae, \u0cae\u0cc7\u0c9c\u0cbf\u0ca8 \u0cae\u0cc7\u0cb2\u0cc6 \u0ca8\u0cc6\u0c97\u0cc6\u0caf\u0cc1\u0ca4\u0ccd\u0ca4.  \u0ca4\u0c9f\u0ccd\u0c9f\u0cc6\u0c97\u0cb3\u0cc6\u0cb2\u0ccd\u0cb2 \u0ca8\u0cc6\u0cb2\u0c95\u0ccd\u0c95\u0cc6 \u0c85\u0caa\u0ccd\u0caa\u0cb3\u0cbf\u0cb8\u0cbf\u0c95\u0cca\u0c82\u0ca1\u0cc1 \u0cac\u0cbf\u0ca6\u0ccd\u0ca6\u0cb5\u0cc1."}]},{"id":464,"content":"\u201cCatch him!\u201d said Mithun to the cat. The cat looked at the mouse and fled under the bed! \n\u201cMouse!\u201d screamed Mithun, running behind the cat.","pageno":3,"image":"f5895a434320fa597470740da0d8ae16.jpg","audio":"77b6125f7b0970cfbef6fee0971c9c6e.mp3","audio_map":"d06f8b3b65b75a431c75e337ab08e0bd.json","language":[{"language_id":11,"content":"\u2018\u0b85\u0ba4\u0bcb \u0b8e\u0bb2\u0bbf !\u2019 \u0b8e\u0ba9\u0bcd\u0bb1\u0bc1 \u0b85\u0bb2\u0bb1\u0bbf\u0ba9\u0bbe\u0bb0\u0bcd \u0b85\u0bae\u0bcd\u0bae\u0bbe.  \u0baa\u0bb4\u0b95\u0bcd \u0b95\u0bbf\u0ba3\u0bcd\u0ba3\u0bae\u0bcd \u0b9a\u0bb0\u0bbf\u0ba8\u0bcd\u0ba4\u0bc1 \u0bb5\u0bbf\u0bb4, \u0b86\u0baa\u0bcd\u0baa\u0bbf\u0bb3\u0bcd\u0b95\u0bb3\u0bcd \u0b8e\u0bb2\u0bcd\u0bb2\u0bbe\u0bae\u0bcd \u0b89\u0bb0\u0bc1\u0ba3\u0bcd\u0b9f\u0ba9.  \r\n \u2019\u0b8e\u0bb2\u0bbf\u0baf\u0bc8\u0baa\u0bcd \u0baa\u0bbf\u0b9f\u0bbf\u2019 \u0b8e\u0ba9\u0bcd\u0bb1\u0bc1 \u0baa\u0bc2\u0ba9\u0bc8\u0baf\u0bc8\u0baa\u0bcd \u0baa\u0bbe\u0bb0\u0bcd\u0ba4\u0bcd\u0ba4\u0bc1\u0b95\u0bcd \u0b95\u0ba4\u0bcd\u0ba4\u0bbf\u0ba9\u0bbe\u0ba9\u0bcd \u0bae\u0bbf\u0ba4\u0bc1\u0ba9\u0bcd. \r\n  \u0b85\u0ba8\u0bcd\u0ba4\u0baa\u0bcd \u0baa\u0bc2\u0ba9\u0bc8 \u0b8e\u0bb2\u0bbf\u0baf\u0bc8\u0baa\u0bcd \u0baa\u0bbe\u0bb0\u0bcd\u0ba4\u0bcd\u0ba4\u0ba4\u0bc1... \r\n...\u0b8e\u0bb2\u0bbf \u0baa\u0bc2\u0ba9\u0bc8\u0baf\u0bc8 \u0baa\u0bbe\u0bb0\u0bcd\u0ba4\u0bcd\u0ba4\u0ba4\u0bc1... \r\n...\u0baa\u0baf\u0ba8\u0bcd\u0ba4\u0bc1\u0baa\u0bcb\u0baf\u0bcd\u0b95\u0bcd \u0b95\u0b9f\u0bcd\u0b9f\u0bbf\u0bb2\u0bc1\u0b95\u0bcd\u0b95\u0b9f\u0bbf\u0baf\u0bbf\u0bb2\u0bcd \u0b92\u0bb3\u0bbf\u0ba8\u0bcd\u0ba4\u0bc1\u0b95\u0bca\u0ba3\u0bcd\u0b9f\u0bc1\u0bb5\u0bbf\u0b9f\u0bcd\u0b9f\u0ba4\u0bc1."},{"language_id":12,"content":"\u201c\u0c26\u0c3e\u0c28\u0c3f\u0c28\u0c3f \u0c2a\u0c1f\u0c4d\u0c1f\u0c41\u0c15\u0c4b!\u201d \u0c05\u0c02\u0c1f\u0c42 \u0c2e\u0c3f\u0c25\u0c41\u0c28\u0c4d \u0c2a\u0c46\u0c02\u0c2a\u0c41\u0c21\u0c41 \u0c2a\u0c3f\u0c32\u0c4d\u0c32\u0c3f\u0c28\u0c3f \u0c09\u0c38\u0c3f\u0c15\u0c4a\u0c32\u0c4d\u0c2a\u0c3e\u0c21\u0c41. \r\n  \u0c0e\u0c32\u0c41\u0c15\u0c28\u0c41 \u0c1a\u0c42\u0c38\u0c3f\u0c28 \u0c2a\u0c3f\u0c32\u0c4d\u0c32\u0c3f \u0c2e\u0c02\u0c1a\u0c02 \u0c15\u0c3f\u0c02\u0c26\u0c15\u0c3f \u0c26\u0c42\u0c30\u0c3f\u0c02\u0c26\u0c3f!   \u201c\u0c0e\u0c32\u0c41\u0c15!\u201d \u0c05\u0c28\u0c3f \u0c05\u0c30\u0c41\u0c38\u0c4d\u0c24\u0c42 \u0c2a\u0c3f\u0c32\u0c4d\u0c32\u0c3f \u0c35\u0c46\u0c28\u0c41\u0c15 \u0c2a\u0c30\u0c3f\u0c17\u0c46\u0c24\u0c4d\u0c24\u0c3e\u0c21\u0c41 \u0c2e\u0c3f\u0c25\u0c41\u0c28\u0c4d."},{"language_id":8,"content":"\"\u092a\u0915\u0921, \u092a\u0915\u0921!\" \u091b\u094b\u091f\u094d\u092f\u093e \u092e\u093f\u0925\u0941\u0928\u0928\u0947 \u0918\u0930\u091a\u094d\u092f\u093e \u092e\u0928\u0940\u0932\u093e\u0938\u093e\u0902\u0917\u093f\u0924\u0932\u0947. \u092a\u0923 \u092e\u0928\u0940\u091a \u0909\u0902\u0926\u0930\u093e\u0932\u093e \u092a\u093e\u0939\u0942\u0928 \u0918\u093e\u092c\u0930\u0942\u0928   \u092a\u0932\u0902\u0917\u093e\u0916\u093e\u0932\u0940   \u0936\u093f\u0930\u0932\u0940. \"\u0909\u0902\u0926\u0940\u0930 \u0906\u0932\u093e\u092f!\" \u0913\u0930\u0921\u0924 \u092e\u093f\u0925\u0941\u0928\u0938\u0941\u0926\u094d\u0927\u093e \u092e\u0928\u0940\u0938\u094b\u092c\u0924   \u092a\u0932\u0902\u0917\u093e\u0916\u093e\u0932\u0940   \u0936\u093f\u0930\u0932\u093e."},{"language_id":7,"content":"\"\u0c85\u0ca6\u0ca8\u0ccd\u0ca8\u0cc1 \u0cb9\u0cbf\u0ca1\u0cbf!\" \u0c8e\u0c82\u0ca6\u0cc1 \u0cae\u0ca8\u0cc6\u0caf\u0cb2\u0ccd\u0cb2\u0cbf\u0ca6\u0ccd\u0ca6 \u0cac\u0cc6\u0c95\u0ccd\u0c95\u0cbf\u0c97\u0cc6 \u0cb9\u0cc7\u0cb3\u0cbf\u0ca6\u0cae\u0cbf\u0ca5\u0cc1\u0ca8\u0ccd.  \u0cac\u0cc6\u0c95\u0ccd\u0c95\u0cc1 \u0c87\u0cb2\u0cbf\u0caf\u0ca4\u0ccd\u0ca4 \u0ca8\u0ccb\u0ca1\u0cbf \u0cb9\u0cbe\u0cb8\u0cbf\u0c97\u0cc6\u0caf\u0ca1\u0cbf \u0c93\u0ca1\u0cbf \u0cb9\u0ccb\u0caf\u0cbf\u0ca4\u0cc1.  \r\n \"\u0c87\u0cb2\u0cbf!\" \u0c8e\u0c82\u0ca6\u0cc1 \u0c9a\u0cc0\u0cb0\u0cc1\u0ca4\u0ccd\u0ca4\u0cbe \u0cae\u0cbf\u0ca5\u0cc1\u0ca8\u0ccd, \u0cac\u0cc6\u0c95\u0ccd\u0c95\u0cbf\u0ca8\u0cb9\u0cbf\u0c82\u0ca6\u0cc6 \u0c93\u0ca1\u0cbf\u0ca6."}]},{"id":465,"content":"\u201cI will chase it out!\u201d said Ma bravely. She took out the broom and poked here and there. \u201cMouse!\u201d shouted Pa. \u201cBehind you!\u201d \nMa looked at the mouse, and fled under the bed!","pageno":4,"image":"a106daaf988ac7e4e08add8e057a145b.jpg","audio":"883f451ba5b99b6396788aaa4e71e5ac.mp3","audio_map":"35631918f7d2138948b43dd7dd51f222.json","language":[{"language_id":11,"content":"\u2018\u0b8e\u0bb2\u0bbf! \u0b8e\u0bb2\u0bbf!\u2019 \u0b8e\u0ba9\u0bcd\u0bb1\u0bc1 \u0b95\u0ba4\u0bcd\u0ba4\u0bbf\u0baf\u0baa\u0b9f\u0bbf \u0baa\u0bc2\u0ba9\u0bc8\u0b95\u0bcd\u0b95\u0bc1\u0baa\u0bcd \u0baa\u0bbf\u0ba9\u0bcd\u0ba9\u0bbe\u0bb2\u0bcd \u0b93\u0b9f\u0bbf\u0ba9\u0bbe\u0ba9\u0bcd \u0bae\u0bbf\u0ba4\u0bc1\u0ba9\u0bcd.\r\n\u2018\u0ba8\u0bbe\u0ba9\u0bcd \u0b85\u0ba8\u0bcd\u0ba4 \u0b8e\u0bb2\u0bbf\u0baf\u0bc8 \u0b93\u0b9f\u0bcd\u0b9f\u0bb1\u0bc7\u0ba9\u0bcd\u2019 \u0b8e\u0ba9\u0bcd\u0bb1\u0bbe\u0bb0\u0bcd \u0b85\u0bae\u0bcd\u0bae\u0bbe, \u0ba4\u0bc8\u0bb0\u0bbf\u0baf\u0bae\u0bbe\u0b95.\r\n  \u0b85\u0bb5\u0bb0\u0bcd \u0b92\u0bb0\u0bc1 \u0ba4\u0bc1\u0b9f\u0bc8\u0baa\u0bcd\u0baa\u0ba4\u0bcd\u0ba4\u0bc8 \u0b8e\u0b9f\u0bc1\u0ba4\u0bcd\u0ba4\u0bc1\u0b95\u0bcd\u0b95\u0bca\u0ba3\u0bcd\u0b9f\u0bc1 \u0b85\u0b99\u0bcd\u0b95\u0bc1\u0bae\u0bcd \u0b87\u0b99\u0bcd\u0b95\u0bc1\u0bae\u0bcd \u0b95\u0bc1\u0ba4\u0bcd\u0ba4\u0bbf\u0ba9\u0bbe\u0bb0\u0bcd."},{"language_id":12,"content":"\u201c\u0c26\u0c3e\u0c28\u0c3f\u0c28\u0c3f \u0c2c\u0c2f\u0c1f\u0c15\u0c41 \u0c24\u0c30\u0c3f\u0c2e\u0c47\u0c38\u0c4d\u0c24\u0c3e\u0c28\u0c41!\u201d \u0c05\u0c2e\u0c4d\u0c2e \u0c27\u0c48\u0c30\u0c4d\u0c2f\u0c02\u0c17\u0c3e \u0c05\u0c02\u0c26\u0c3f. \u0c1a\u0c40\u0c2a\u0c3f\u0c30\u0c3f \u0c24\u0c40\u0c38\u0c41\u0c15\u0c41\u0c28\u0c3f \u0c07\u0c15\u0c4d\u0c15\u0c21\u0c3e, \u0c05\u0c15\u0c4d\u0c15\u0c21\u0c3e \u0c2a\u0c4a\u0c21\u0c3f\u0c1a\u0c3f\u0c02\u0c26\u0c3f."},{"language_id":8,"content":"\"\u0906\u0924\u094d\u0924\u093e \u092a\u0933\u0935\u0942\u0928 \u0932\u093e\u0935\u0924\u0947!\" \u0936\u0942\u0930\u0935\u0940\u0930 \u0906\u0908 \u092e\u094d\u0939\u0923\u093e\u0932\u0940. \u0924\u093f\u0928\u0947 \u091d\u093e\u0921\u0942 \u0906\u0923\u0932\u093e \u0906\u0923\u093f \u0907\u0925\u0947 \u0924\u093f\u0925\u0947 \u0939\u091f\u0915\u093e\u092f\u0932\u093e \u0938\u0941\u0930\u0942\u0935\u093e\u0924 \u0915\u0947\u0932\u0940. \"\u0924\u0941\u091d\u094d\u092f\u093e \u092e\u093e\u0917\u0947 \u0906\u0939\u0947 \u0909\u0902\u0926\u0940\u0930!\" \u092c\u093e\u092c\u093e \u0913\u0930\u0921\u0932\u0947, \u0924\u0947\u0935\u094d\u0939\u093e \u0906\u0908 \u0938\u0941\u0926\u094d\u0927\u093e   \u092a\u0932\u0902\u0917\u093e\u0916\u093e\u0932\u0940   \u0932\u092a\u0932\u0940."},{"language_id":7,"content":"\u201c\u0ca8\u0cbe\u0ca8\u0ca6\u0ca8\u0ccd\u0ca8\u0cc1 \u0cb9\u0cca\u0cb0\u0c97\u0cc6 \u0c93\u0ca1\u0cbf\u0cb8\u0cc1\u0ca4\u0ccd\u0ca4\u0cc7\u0ca8\u0cc6\u201d \u0c8e\u0c82\u0ca6\u0cb0\u0cc1 \u0c85\u0cae\u0ccd\u0cae \u0ca7\u0cc8\u0cb0\u0ccd\u0caf\u0cb5\u0cbe\u0c97\u0cbf.  \u0c85\u0cb5\u0cb0\u0cc1 \u0caa\u0cca\u0cb0\u0c95\u0cc6\u0caf\u0ca8\u0ccd\u0ca8\u0cc1 \u0ca4\u0cc6\u0c97\u0cc6\u0ca6\u0cc1 \u0c85\u0cb2\u0ccd\u0cb2\u0cbf \u0c87\u0cb2\u0ccd\u0cb2\u0cbf \u0c95\u0cc6\u0ca6\u0c95\u0cbf\u0ca6\u0cb0\u0cc1.  \r\n \u201c\u0c87\u0cb2\u0cbf!  \u0ca8\u0cbf\u0ca8\u0ccd\u0ca8 \u0cb9\u0cbf\u0c82\u0ca6\u0cc6!\u201d \u0c8e\u0c82\u0ca6\u0cc1 \u0c95\u0cc2\u0c97\u0cbf\u0ca6\u0cb0\u0cc1 \u0c85\u0caa\u0ccd\u0caa.  \u0c85\u0cae\u0ccd\u0cae \u0c87\u0cb2\u0cbf\u0caf\u0ca8\u0ccd\u0ca8\u0cc1 \u0ca8\u0ccb\u0ca1\u0cbf, \u0cae\u0c82\u0c9a\u0ca6 \u0c95\u0cc6\u0cb3\u0c97\u0cc6 \u0caa\u0cb2\u0cbe\u0caf\u0ca8 \u0cae\u0cbe\u0ca1\u0cbf\u0ca6\u0cb0\u0cc1."}]},{"id":466,"content":"\"I know what to do!\" shouted Grandma jumping down from the sofa. She rolled up a newspaper and poked here and there.","pageno":5,"image":"c2bb6fa6328b276f5fa9e7497a743981.jpg","audio":"b494cbeaf68b2e6492fa48a024f8ba72.mp3","audio_map":"2654d78cfc6d7640e0a1f3eb77b08be4.json","language":[{"language_id":11,"content":"\u2018\u0b8e\u0bb2\u0bbf!\u2019 \u0b8e\u0ba9\u0bcd\u0bb1\u0bbe\u0bb0\u0bcd \u0ba4\u0bbe\u0ba4\u0bcd\u0ba4\u0bbe. \u0b85\u0bb5\u0bb0\u0bbe\u0bb2\u0bcd \u0b87\u0ba4\u0bb1\u0bcd\u0b95\u0bc1\u0bae\u0bc7\u0bb2\u0bcd \u0b89\u0baf\u0bb0\u0ba4\u0bcd\u0ba4\u0bc1\u0b95\u0bcd\u0b95\u0bc1 \u0b8f\u0bb1\u0bae\u0bc1\u0b9f\u0bbf\u0baf\u0bb5\u0bbf\u0bb2\u0bcd\u0bb2\u0bc8.\r\n\u2018\u0b8e\u0b99\u0bcd\u0b95\u0bc7?\u2019 \u0b8e\u0ba9\u0bcd\u0bb1\u0bbe\u0bb0\u0bcd \u0baa\u0bbe\u0b9f\u0bcd\u0b9f\u0bbf, \u0bae\u0bc7\u0bb2\u0bc1\u0bae\u0bcd \u0b95\u0bc0\u0bb4\u0bc1\u0bae\u0bcd \u0baa\u0bbe\u0bb0\u0bcd\u0ba4\u0bcd\u0ba4\u0baa\u0b9f\u0bbf.\r\n\u2018\u0b87\u0b9f\u0ba4\u0bc1 \u0baa\u0b95\u0bcd\u0b95\u0bae\u0bcd \u0baa\u0bbe\u0bb0\u0bcd!\u2019 \u0b8e\u0ba9\u0bcd\u0bb1\u0bbe\u0bb0\u0bcd \u0ba4\u0bbe\u0ba4\u0bcd\u0ba4\u0bbe."},{"language_id":12,"content":"\u201c\u0c0f\u0c02 \u0c1a\u0c47\u0c2f\u0c3e\u0c32\u0c4b \u0c28\u0c3e\u0c15\u0c41 \u0c24\u0c46\u0c32\u0c41\u0c38\u0c41!\u201d \u0c05\u0c02\u0c1f\u0c42 \u0c38\u0c4b\u0c2b\u0c3e\u0c32\u0c4b\u0c02\u0c1a\u0c3f \u0c15\u0c3f\u0c02\u0c26\u0c15\u0c3f \u0c26\u0c42\u0c15\u0c3f\u0c02\u0c26\u0c3f \u0c05\u0c2e\u0c4d\u0c2e\u0c2e\u0c4d\u0c2e.   \u0c12\u0c15 \u0c26\u0c3f\u0c28\u0c2a\u0c24\u0c4d\u0c30\u0c3f\u0c15\u0c28\u0c41 \u0c1a\u0c41\u0c1f\u0c4d\u0c1f\u0c1a\u0c41\u0c1f\u0c4d\u0c1f\u0c3f \u0c07\u0c15\u0c4d\u0c15\u0c21\u0c3e, \u0c05\u0c15\u0c4d\u0c15\u0c21\u0c3e \u0c2a\u0c4a\u0c21\u0c3f\u0c1a\u0c3f\u0c02\u0c26\u0c3f."},{"language_id":8,"content":"\"\u092e\u0940\u091a \u0915\u0930\u0924\u0947 \u0915\u093e\u092f \u0924\u0947 \u0906\u0924\u093e!\" \u0906\u091c\u0940 \u0913\u0930\u0921\u0932\u0940 \u0906\u0923\u093f \u0938\u094b\u092b\u094d\u092f\u093e\u0935\u0930\u0942\u0928 \u0916\u093e\u0932\u0940 \u0909\u0924\u0930\u0932\u0940. \u0924\u093f\u0928\u0947 \u092a\u0947\u092a\u0930\u091a\u0940 \u0917\u0941\u0902\u0921\u093e\u0933\u0940 \u0915\u0947\u0932\u0940 \u0906\u0923\u093f \u0924\u0940 \u0907\u0925\u0947 \u0924\u093f\u0925\u0947 \u092b\u091f\u0915\u093e\u0930\u093e\u092f\u0932\u093e \u0932\u093e\u0917\u0932\u0940."},{"language_id":7,"content":"\"\u0ca8\u0ca8\u0c97\u0cc6 \u0c8f\u0ca8\u0cc1 \u0cae\u0cbe\u0ca1\u0cac\u0cc7\u0c95\u0cc6\u0c82\u0ca6\u0cc1 \u0c97\u0cca\u0ca4\u0ccd\u0ca4\u0cc1!\" \u0c8e\u0c82\u0ca6\u0cc1 \u0c85\u0c9c\u0ccd\u0c9c\u0cbf \u0c95\u0cbf\u0cb0\u0cc1\u0c9a\u0cc1\u0ca4\u0ccd\u0ca4 \u0cb8\u0ccb\u0cab\u0cbe\u0ca6\u0cbf\u0c82\u0ca6 \u0c95\u0cc6\u0cb3\u0c97\u0cc6 \u0c9c\u0cbf\u0c97\u0cbf\u0ca6\u0cb0\u0cc1.  \r\n \u0c86\u0c95\u0cc6\u0caf\u0cc1 \u0c92\u0c82\u0ca6\u0cc1 \u0ca6\u0cbf\u0ca8\u0caa\u0ca4\u0ccd\u0cb0\u0cbf\u0c95\u0cc6\u0caf\u0ca8\u0ccd\u0ca8\u0cc1 \u0cb8\u0cc1\u0cb0\u0cc1\u0cb3\u0cbf \u0cb8\u0cc1\u0ca4\u0ccd\u0ca4\u0cbf \u0c85\u0cb2\u0ccd\u0cb2\u0cbf \u0c87\u0cb2\u0ccd\u0cb2\u0cbf \u0c9a\u0cc1\u0c9a\u0ccd\u0c9a\u0cbf\u0ca6\u0cb0\u0cc1."}]},{"id":467,"content":"\u201cMouse!\u201d yelled Pa, climbing the window even higher. \n\u201cTo your left!\u201d Grandma looked at the mouse, and fled under the bed.","pageno":6,"image":"a3d3a4f30d7fcab6e6a05096de76912f.jpg","audio":"5923e1311206889553271904ab5e3f97.mp3","audio_map":"93d4f5488cbf5ce454f4dabf1fe160fc.json","language":[{"language_id":11,"content":"\u0baa\u0bbe\u0b9f\u0bcd\u0b9f\u0bbf \u0ba4\u0bbf\u0bb0\u0bc1\u0bae\u0bcd\u0baa\u0bbf\u0baa\u0bcd \u0baa\u0bbe\u0bb0\u0bcd\u0ba4\u0bcd\u0ba4\u0bbe\u0bb0\u0bcd\u2026\r\n  ...\u0b8e\u0bb2\u0bbf\u0baf\u0bc1\u0bae\u0bcd \u0baa\u0bbe\u0b9f\u0bcd\u0b9f\u0bbf\u0baf\u0bc8 \u0baa\u0bbe\u0bb0\u0bcd\u0ba4\u0bcd\u0ba4\u0ba4\u0bc1\u2026  ...\u0baa\u0baf\u0ba8\u0bcd\u0ba4\u0bc1\u0baa\u0bcb\u0baf\u0bcd\u0b95\u0bcd \u0b95\u0b9f\u0bcd\u0b9f\u0bbf\u0bb2\u0bc1\u0b95\u0bcd\u0b95\u0bc1 \u0b85\u0b9f\u0bbf\u0baf\u0bbf\u0bb2\u0bcd \u0b92\u0bb3\u0bbf\u0ba8\u0bcd\u0ba4\u0bc1\u0b95\u0bca\u0ba3\u0bcd\u0b9f\u0bbe\u0bb0\u0bcd."},{"language_id":12,"content":"\u201c\u0c0e\u0c32\u0c41\u0c15!\u201d \u0c28\u0c3e\u0c28\u0c4d\u0c28 \u0c05\u0c30\u0c3f\u0c1a\u0c3e\u0c21\u0c41. \u201c\u0c28\u0c40 \u0c35\u0c46\u0c28\u0c41\u0c15!\u201d \r\n\u0c0e\u0c32\u0c41\u0c15\u0c28\u0c41 \u0c1a\u0c42\u0c38\u0c3f\u0c28 \u0c05\u0c2e\u0c4d\u0c2e \u0c2e\u0c02\u0c1a\u0c02 \u0c15\u0c3f\u0c02\u0c26\u0c15\u0c3f \u0c26\u0c42\u0c30\u0c3f\u0c02\u0c26\u0c3f!"},{"language_id":8,"content":"\"\u0924\u094b \u092c\u0918 \u0909\u0902\u0926\u0940\u0930 \u0921\u093e\u0935\u0940\u0915\u0921\u0947 \u0906\u0939\u0947!\" \u092c\u093e\u092c\u093e \u0906\u091c\u0940\u0915\u0921\u0947 \u092c\u0918\u0942\u0928 \u0915\u093f\u0902\u091a\u093e\u0933\u0932\u0947 \u0906\u0923\u093f \u092a\u091f\u0915\u0928 \u0916\u093f\u0921\u0915\u0940\u091a\u094d\u092f\u093e \u0935\u0930\u091a\u094d\u092f\u093e \u0917\u091c\u093e\u0935\u0930 \u0917\u0947\u0932\u0947. \u0906\u091c\u0940\u0928\u0947 \u0909\u0902\u0926\u0930\u093e\u0932\u093e \u092a\u093e\u0939\u093f\u0932\u0947 \u0906\u0923\u093f \u0924\u0940 \u092a\u0923 \u0907\u0924\u0930\u093e\u0902\u092c\u0930\u094b\u092c\u0930   \u092a\u0932\u0902\u0917\u093e\u0916\u093e\u0932\u0940   \u0936\u093f\u0930\u0932\u0940."},{"language_id":7,"content":"\"\u0c87\u0cb2\u0cbf! \u0ca8\u0cbf\u0ca8\u0ccd\u0ca8\u0c8e\u0ca1\u0c97\u0ca1\u0cc6!\" \u0c8e\u0c82\u0ca6\u0cc1 \u0c9a\u0cc0\u0cb0\u0cc1\u0ca4\u0ccd\u0ca4\u0cbe \u0c85\u0caa\u0ccd\u0caa\u0c95\u0cbf\u0c9f\u0c95\u0cbf\u0caf\u0cb2\u0ccd\u0cb2\u0cbf\u0c87\u0ca8\u0ccd\u0ca8\u0cc2 \u0cae\u0cc7\u0cb2\u0cc6 \u0cb9\u0ca4\u0ccd\u0ca4\u0cbf\u0ca6\u0cb0\u0cc1. \r\n  \u0c85\u0c9c\u0ccd\u0c9c\u0cbf \u0c87\u0cb2\u0cbf\u0caf\u0ca4\u0ccd\u0ca4 \u0ca8\u0ccb\u0ca1\u0cbf, \u0cae\u0c82\u0c9a\u0ca6 \u0c95\u0cc6\u0cb3\u0c97\u0cc6 \u0caa\u0cb2\u0cbe\u0caf\u0ca8 \u0cae\u0cbe\u0ca1\u0cbf\u0ca6\u0cb0\u0cc1."}]},{"id":468,"content":"\u201cOh no!\u201d said Pa softly. He couldn\u2019t go any higher. He climbed down carefully, and fled under the bed before the mouse could see him!","pageno":7,"image":"decdbe64bcb238c4bfa21cc66b0e829b.jpg","audio":"04ed3edb5ec253af23ec281996831979.mp3","audio_map":"c8a103545123b081657546cd9a391375.json","language":[{"language_id":11,"content":"\u2018\u0b85\u0b9f\u0b9f\u0bbe\u2019 \u0b8e\u0ba9\u0bcd\u0bb1\u0bbe\u0bb0\u0bcd \u0ba4\u0bbe\u0ba4\u0bcd\u0ba4\u0bbe. \u0b87\u0ba9\u0bcd\u0ba9\u0bc1\u0bae\u0bcd \u0bae\u0bc7\u0bb2\u0bc7 \u0b8f\u0bb1 \u0bae\u0bc1\u0b9f\u0bbf\u0baf\u0bbe\u0bae\u0bb2\u0bcd.   \u0bb5\u0bc7\u0bb1\u0bc1 \u0bb5\u0bb4\u0bbf\u0baf\u0bbf\u0bb2\u0bcd\u0bb2\u0bbe\u0bae\u0bb2\u0bcd \u0b85\u0bb5\u0bb0\u0bcd \u0bb5\u0bbf\u0bb0\u0bc8\u0bb5\u0bbe\u0b95 \u0b87\u0bb1\u0b99\u0bcd\u0b95\u0bbf\u0bb5\u0ba8\u0bcd\u0ba4\u0bbe\u0bb0\u0bcd. \u0b8e\u0bb2\u0bbf\u0baf\u0bbf\u0ba9\u0bcd \u0b95\u0ba3\u0bcd\u0ba3\u0bbf\u0bb2\u0bcd \u0baa\u0b9f\u0bbe\u0bae\u0bb2\u0bcd \u0b95\u0b9f\u0bcd\u0b9f\u0bbf\u0bb2\u0bc1\u0b95\u0bcd\u0b95\u0bc1 \u0b85\u0b9f\u0bbf\u0baf\u0bbf\u0bb2\u0bcd \u0b92\u0bb3\u0bbf\u0ba8\u0bcd\u0ba4\u0bc1\u0b95\u0bca\u0ba3\u0bcd\u0b9f\u0bbe\u0bb0\u0bcd!"},{"language_id":12,"content":"\u201c\u0c05\u0c2f\u0c4d\u0c2f\u0c4b!\u201d \u0c2e\u0c42\u0c32\u0c3f\u0c17\u0c3e\u0c21\u0c41 \u0c28\u0c3e\u0c28\u0c4d\u0c28. \u0c05\u0c24\u0c21\u0c41 \u0c07\u0c02\u0c15\u0c3e \u0c2a\u0c48\u0c15\u0c3f \u0c0e\u0c15\u0c4d\u0c15\u0c1f\u0c3e\u0c28\u0c3f\u0c15\u0c3f \u0c32\u0c47\u0c26\u0c41. \r\n  \u0c05\u0c24\u0c21\u0c41 \u0c1c\u0c3e\u0c17\u0c4d\u0c30\u0c24\u0c4d\u0c24\u0c17\u0c3e \u0c15\u0c3f\u0c02\u0c26\u0c15\u0c3f \u0c26\u0c3f\u0c17\u0c3f, \u0c0e\u0c32\u0c41\u0c15 \u0c1a\u0c42\u0c21\u0c15 \u0c2e\u0c41\u0c02\u0c26\u0c47 \u0c2e\u0c02\u0c1a\u0c02 \u0c15\u0c3f\u0c02\u0c26\u0c15\u0c3f \u0c26\u0c42\u0c30\u0c3e\u0c21\u0c41!"},{"language_id":8,"content":"\"\u0905\u0930\u0947 \u0926\u0947\u0935\u093e\" \u092c\u093e\u092c\u093e \u0939\u0933\u0942\u091a \u092a\u0941\u091f\u094d\u092a\u0941\u091f\u0932\u0947. \u0924\u094d\u092f\u093e\u0902\u0928\u093e\u0916\u093f\u0921\u0915\u0940\u0924 \u0905\u091c\u0942\u0928 \u0935\u0930 \u091c\u093e\u0924\u093e \u092f\u0947\u0908\u0928\u093e. \u092e\u094d\u0939\u0923\u0942\u0928 \u092e\u0917 \u0924\u0947 \u0939\u0933\u0942\u091a \u0916\u093e\u0932\u0940 \u0909\u0924\u0930\u0932\u0947. \u0909\u0902\u0926\u0930\u093e\u0928\u0947 \u092a\u0939\u093e\u092f\u091a\u094d\u092f\u093e \u0906\u0924 \u0924\u0947 \u0938\u0941\u0926\u094d\u0927\u093e \u0905\u0916\u0947\u0930 \u092a\u0932\u0902\u0917\u093e\u0916\u093e\u0932\u0940\u0906\u0932\u0947!"},{"language_id":7,"content":"\"\u0c85\u0caf\u0ccd\u0caf\u0cca!\" \u0c8e\u0c82\u0ca6\u0cc1 \u0c85\u0caa\u0ccd\u0caa\u0cae\u0cc6\u0ca4\u0ccd\u0ca4\u0c97\u0cc6 \u0cb9\u0cc7\u0cb3\u0cbf\u0ca6\u0cb0\u0cc1. \u0c85\u0cb5\u0cb0\u0cbf\u0c97\u0cc6 \u0c87\u0ca8\u0ccd\u0ca8\u0cc2 \u0cae\u0cc7\u0cb2\u0cc6 \u0cb9\u0ccb\u0c97\u0cb2\u0cc1 \u0c86\u0c97\u0cb2\u0cbf\u0cb2\u0ccd\u0cb2.  \r\n \u0c85\u0cb5\u0cb0\u0cc1 \u0ca8\u0cbf\u0ca7\u0cbe\u0ca8\u0cb5\u0cbe\u0c97\u0cbf \u0c95\u0cc6\u0cb3\u0c97\u0cbf\u0cb3\u0cbf\u0ca6\u0cc1, \u0cae\u0ca4\u0ccd\u0ca4\u0cc6 \u0c87\u0cb2\u0cbf \u0c85\u0cb5\u0cb0\u0ca8\u0ccd\u0ca8\u0cc1 \u0ca8\u0ccb\u0ca1\u0cc1\u0cb5\u0cc1\u0ca6\u0c95\u0ccd\u0c95\u0cbf\u0c82\u0ca4 \u0cae\u0cc1\u0c82\u0c9a\u0cc6 \u0cae\u0c82\u0c9a\u0ca6 \u0c95\u0cc6\u0cb3\u0c97\u0cc6 \u0caa\u0cb2\u0cbe\u0caf\u0ca8 \u0cae\u0cbe\u0ca1\u0cbf\u0ca6\u0cb0\u0cc1."}]},{"id":469,"content":"\"Mouse in the House!\"\u00a0shouted everyone together. That woke Baby up. She sat up on her mat, rubbing her eyes sleepily. What was that on her pillow?","pageno":8,"image":"9850ef8f3a11ee34574ee1e62dde6e65.jpg","audio":"f2c2ef0de22bad2ddf1e416625a5856b.mp3","audio_map":"a241df2d8ba78a5767f955f1a279f0da.json","language":[{"language_id":11,"content":"\u2019\u0b8e\u0bb2\u0bbf! \u0b8e\u0bb2\u0bbf!\u2019 \u0b8e\u0ba9\u0bcd\u0bb1\u0bc1 \u0b8e\u0bb2\u0bcd\u0bb2\u0bbe\u0bb0\u0bc1\u0bae\u0bcd \u0b92\u0ba9\u0bcd\u0bb1\u0bbe\u0b95\u0b95\u0bcd \u0b95\u0ba4\u0bcd\u0ba4\u0bbf\u0ba9\u0bbe\u0bb0\u0bcd\u0b95\u0bb3\u0bcd.  \u0b85\u0ba8\u0bcd\u0ba4\u0b9a\u0bcd \u0b9a\u0ba4\u0bcd\u0ba4\u0ba4\u0bcd\u0ba4\u0bbf\u0bb2\u0bcd \u0b95\u0bc1\u0bb4\u0ba8\u0bcd\u0ba4\u0bc8 \u0bb5\u0bbf\u0bb4\u0bbf\u0ba4\u0bcd\u0ba4\u0bc1\u0bb5\u0bbf\u0b9f\u0bcd\u0b9f\u0ba4\u0bc1.  \u0b85\u0ba4\u0bc1 \u0b8e\u0bb4\u0bc1\u0ba8\u0bcd\u0ba4\u0bc1 \u0b89\u0b9f\u0bcd\u0b95\u0bbe\u0bb0\u0bcd\u0ba8\u0bcd\u0ba4\u0bc1 \u0b95\u0ba3\u0bcd\u0b95\u0bb3\u0bc8 \u0bae\u0bc6\u0ba4\u0bc1\u0bb5\u0bbe\u0b95\u0ba4\u0bcd \u0ba4\u0bc7\u0baf\u0bcd\u0ba4\u0bcd\u0ba4\u0bc1\u0b95\u0bcd\u0b95\u0bca\u0ba3\u0bcd\u0b9f\u0ba4\u0bc1.  \u0b85\u0b9f, \u0b85\u0b99\u0bcd\u0b95\u0bc7 \u0ba4\u0bb2\u0bc8\u0baf\u0ba3\u0bc8\u0baf\u0bbf\u0bb2\u0bcd \u0b8e\u0ba9\u0bcd\u0ba9\u0ba4\u0bc1?"},{"language_id":12,"content":"\u2018 \u0c07\u0c02\u0c1f\u0c3f\u0c32\u0c4b \u0c0e\u0c32\u0c41\u0c15 !\u2019 \u0c05\u0c02\u0c26\u0c30\u0c42 \u0c12\u0c15\u0c4d\u0c15\u0c38\u0c3e\u0c30\u0c3f\u0c17\u0c3e \u0c05\u0c30\u0c3f\u0c1a\u0c3e\u0c30\u0c41. \r\n\u0c26\u0c3e\u0c02\u0c24\u0c4b \u0c2a\u0c3e\u0c2a\u0c15\u0c41 \u0c2e\u0c46\u0c32\u0c41\u0c15\u0c41\u0c35 \u0c35\u0c1a\u0c4d\u0c1a\u0c3f\u0c02\u0c26\u0c3f. \u0c28\u0c3f\u0c26\u0c4d\u0c30\u0c2e\u0c24\u0c4d\u0c24\u0c41\u0c32\u0c4b \u0c15\u0c33\u0c4d\u0c32\u0c41 \u0c28\u0c41\u0c32\u0c41\u0c2e\u0c41\u0c15\u0c41\u0c02\u0c1f\u0c42 \u0c1a\u0c3e\u0c2a\u0c2e\u0c40\u0c26 \u0c15\u0c42\u0c30\u0c4d\u0c1a\u0c41\u0c02\u0c26\u0c3f. \u0c24\u0c28 \u0c26\u0c3f\u0c02\u0c21\u0c41\u0c2e\u0c40\u0c26 \u0c09\u0c28\u0c4d\u0c28\u0c26\u0c47\u0c2e\u0c3f\u0c1f\u0c3f?"},{"language_id":8,"content":"\"\u0909\u0902\u0926\u0940\u0930 \u0906\u0932\u093e, \u0909\u0902\u0926\u0940\u0930 \u0906\u0932\u093e!\" \u0938\u093e\u0930\u0947 \u091c\u0923 \u0913\u0930\u0921\u0932\u0947. \u0924\u094d\u092f\u093e\u092e\u0941\u0933\u0947 \u092a\u093f\u0932\u094d\u0932\u0942\u091a\u0940\u092e\u093e\u0924\u094d\u0930 \u091d\u094b\u092a\u092e\u094b\u0921 \u091d\u093e\u0932\u0940. \u0921\u094b\u0933\u0947 \u091a\u094b\u0933\u0924 \u0924\u0940 \u0909\u0920\u0942\u0928 \u092c\u0938\u0932\u0940, \u0924\u0930 \u0915\u093e\u092f \u0917\u0902\u092e\u0924 \u0926\u093f\u0938\u0932\u0940 \u0924\u093f\u0932\u093e \u0909\u0936\u0940\u0935\u0930?"},{"language_id":7,"content":"\"\u0cae\u0ca8\u0cc6\u0caf\u0cb2\u0ccd\u0cb2\u0cbf \u0c87\u0cb2\u0cbf!\u201d \u0c8e\u0c82\u0ca6\u0cc1 \u0c8e\u0cb2\u0ccd\u0cb2\u0cb0\u0cc2 \u0c92\u0c9f\u0ccd\u0c9f\u0cbf\u0c97\u0cc6 \u0c9a\u0cc0\u0cb0\u0cbf\u0ca6\u0cb0\u0cc1.  \u0c88   \u0c9a\u0cc0\u0cb0\u0cbe\u0c9f \u0cae\u0c97\u0cc1\u0cb5\u0ca8\u0ccd\u0ca8\u0cc1 \u0c8e\u0cac\u0ccd\u0cac\u0cbf\u0cb8\u0cbf\u0ca4\u0cc1. \r\n \u0cae\u0c97\u0cc1 \u0ca4\u0ca8\u0ccd\u0ca8 \u0ca8\u0cbf\u0ca6\u0ccd\u0ca6\u0cc6\u0c97\u0ca3\u0ccd\u0ca3\u0cc1 \u0c89\u0c9c\u0ccd\u0c9c\u0cc1\u0ca4\u0ccd\u0ca4\u0cbe \u0c9a\u0cbe\u0caa\u0cc6\u0caf \u0cae\u0cc7\u0cb2\u0cc6 \u0c8e\u0ca6\u0ccd\u0ca6\u0cc1 \u0c95\u0cc1\u0cb3\u0cbf\u0ca4\u0cb3\u0cc1.  \u0c85\u0cb5\u0cb3 \u0ca4\u0cb2\u0cc6\u0ca6\u0cbf\u0c82\u0cac\u0cbf\u0ca8 \u0cae\u0cc7\u0cb2\u0cc6 \u0c8f\u0ca8\u0cbf\u0ca4\u0ccd\u0ca4\u0cc1?"}]},{"id":470,"content":"It had two eyes, four feet, and a long tail. \n\"Mouse!\" said Baby, clapping happily. Baby looked at the mouse, and the mouse fled, with Baby right behind him!","pageno":9,"image":"62e1f63a649d90961a224c5b550dfaef.jpg","audio":"4dad99449deaf9aed2a0873897024d24.mp3","audio_map":"d9ef2c876c1bfa961b30df53e5245995.json","language":[{"language_id":11,"content":"\u0b85\u0ba4\u0bb1\u0bcd\u0b95\u0bc1 \u0b87\u0bb0\u0ba3\u0bcd\u0b9f\u0bc1 \u0b95\u0ba3\u0bcd\u0b95\u0bb3\u0bcd, \u0ba8\u0bbe\u0ba9\u0bcd\u0b95\u0bc1 \u0b95\u0bbe\u0bb2\u0bcd, \u0b92\u0bb0\u0bc1 \u0ba8\u0bc0\u0ba3\u0bcd\u0b9f \u0bb5\u0bbe\u0bb2\u0bcd \u0b87\u0bb0\u0bc1\u0ba8\u0bcd\u0ba4\u0ba4\u0bc1.    \u2018\u0b85\u0b9f, \u0b8e\u0bb2\u0bbf!\u2019 \u0b8e\u0ba9\u0bcd\u0bb1\u0bc1 \u0b95\u0bc8 \u0ba4\u0b9f\u0bcd\u0b9f\u0bbf\u0baf\u0ba4\u0bc1 \u0b95\u0bc1\u0bb4\u0ba8\u0bcd\u0ba4\u0bc8. \u0b85\u0ba4\u0bb1\u0bcd\u0b95\u0bc1 \u0b92\u0bb0\u0bc7 \u0bae\u0b95\u0bbf\u0bb4\u0bcd\u0b9a\u0bcd\u0b9a\u0bbf!"},{"language_id":12,"content":"\u0c26\u0c3e\u0c28\u0c3f\u0c15\u0c3f \u0c30\u0c46\u0c02\u0c21\u0c41 \u0c15\u0c33\u0c4d\u0c32\u0c41 \u0c09\u0c28\u0c4d\u0c28\u0c3e\u0c2f\u0c3f, \u0c28\u0c3e\u0c32\u0c41\u0c17\u0c41 \u0c15\u0c3e\u0c33\u0c4d\u0c32\u0c41 \u0c09\u0c28\u0c4d\u0c28\u0c3e\u0c2f\u0c3f, \u0c2a\u0c4a\u0c21\u0c35\u0c3e\u0c1f\u0c3f \u0c24\u0c4b\u0c15 \u0c09\u0c02\u0c26\u0c3f. \u201c\u0c0e\u0c32\u0c41\u0c15!\u201d \u0c38\u0c02\u0c24\u0c4b\u0c37\u0c02\u0c24\u0c4b \u0c1a\u0c2a\u0c4d\u0c2a\u0c1f\u0c4d\u0c32\u0c41 \u0c15\u0c4a\u0c21\u0c41\u0c24\u0c42 \u0c05\u0c30\u0c3f\u0c1a\u0c3f\u0c02\u0c26\u0c3f \u0c2a\u0c3e\u0c2a. \u0c2a\u0c3e\u0c2a \u0c0e\u0c32\u0c41\u0c15\u0c28\u0c41 \u0c1a\u0c42\u0c38\u0c3f\u0c02\u0c26\u0c3f. \u0c2a\u0c3e\u0c2a \u0c35\u0c46\u0c02\u0c1f\u0c2a\u0c21\u0c17\u0c3e \u0c0e\u0c32\u0c41\u0c15 \u0c2a\u0c30\u0c41\u0c17\u0c02\u0c26\u0c41\u0c15\u0c41\u0c02\u0c26\u0c3f!"},{"language_id":8,"content":"\u0926\u094b\u0928 \u0921\u094b\u0933\u0947, \u091a\u093e\u0930 \u092a\u093e\u092f \u0906\u0923\u093f \u090f\u0915 \u0932\u093e\u0902\u092c \u0936\u0947\u092a\u091f\u0940! \"\u0909\u0902\u0926\u0940\u0930\u092e\u093e\u092e\u093e!\" \u092a\u093f\u0932\u094d\u0932\u0942\u0932\u093e \u0916\u0942\u092a \u092e\u091c\u094d\u091c\u093e \u0935\u093e\u091f\u0932\u0940 \u0906\u0923\u093f \u0924\u0940 \u0915\u0941\u0924\u0941\u0939\u0932\u093e\u0928\u0947 \u092a\u0939\u093e\u0924 \u0930\u093e\u0939\u093f\u0932\u0940. \u092a\u093f\u0932\u094d\u0932\u0942 \u092e\u093e\u0917\u0947 \u0906\u0923\u093f \u0909\u0902\u0926\u0940\u0930 \u0924\u093f\u0932\u093e \u092c\u0918\u0942\u0928 \u092a\u0941\u0922\u0947 \u0905\u0938\u0947 \u0924\u0947 \u0918\u0930\u092d\u0930 \u092b\u093f\u0930\u0942\u0932\u093e\u0917\u0932\u0947."},{"language_id":7,"content":"\u0c85\u0ca6\u0c95\u0ccd\u0c95\u0cc6 \u0c8e\u0cb0\u0ca1\u0cc1 \u0c95\u0ca3\u0ccd\u0ca3\u0cc1, \u0ca8\u0cbe\u0cb2\u0ccd\u0c95\u0cc1 \u0c95\u0cbe\u0cb2\u0cc1 \u0cae\u0ca4\u0ccd\u0ca4\u0cc1 \u0c92\u0c82\u0ca6\u0cc1 \u0c89\u0ca6\u0ccd\u0ca6\u0cb5\u0cbe\u0ca6 \u0cac\u0cbe\u0cb2\u0cb5\u0cbf\u0ca4\u0ccd\u0ca4\u0cc1. \r\n  \u201c\u0c87\u0cb2\u0cbf!\u201d \u0c8e\u0c82\u0ca6\u0cc1 \u0cae\u0c97\u0cc1, \u0cb8\u0c82\u0ca4\u0ccb\u0cb7\u0ca6\u0cbf\u0c82\u0ca6 \u0c9a\u0caa\u0ccd\u0caa\u0cbe\u0cb3\u0cc6 \u0ca4\u0c9f\u0ccd\u0c9f\u0cbf\u0ca4\u0cc1. \u0cae\u0c97\u0cc1 \u0c87\u0cb2\u0cbf\u0caf\u0ca4\u0ccd\u0ca4 \u0ca8\u0ccb\u0ca1\u0cbf\u0ca4\u0cc1.  \u0c87\u0cb2\u0cbf\u0caf\u0cc1 \u0c93\u0ca1\u0cbf \u0cb9\u0ccb\u0caf\u0cbf\u0ca4\u0cc1. \u0c85\u0ca6\u0cb0 \u0cb9\u0cbf\u0c82\u0ca6\u0cc6 \u0cae\u0c97\u0cc1\u0cb5\u0cc2 \u0cb8\u0cb0\u0cb8\u0cb0 \u0cb9\u0ccb\u0ca6\u0cb3\u0cc1!"}]},{"id":471,"content":"Leaping up the sofa, climbing the window, jumping up the table, tumbling over the cushions...","pageno":10,"image":"46a2d11bb64ca36ff4ca48eefa33c815.jpg","audio":"08863dec68dfa74a43fd814fd1cb1639.mp3","audio_map":"60b85fee2e0b1e84560cd8c054bbb5a5.json","language":[{"language_id":11,"content":"\u0b95\u0bc1\u0bb4\u0ba8\u0bcd\u0ba4\u0bc8 \u0b8e\u0bb2\u0bbf\u0baf\u0bc8\u0baa\u0bcd \u0baa\u0bbe\u0bb0\u0bcd\u0ba4\u0bcd\u0ba4\u0ba4\u0bc1\u2026  ...\u0b8e\u0bb2\u0bbf \u0b95\u0bc1\u0bb4\u0ba8\u0bcd\u0ba4\u0bc8\u0baf\u0bc8 \u0baa\u0bbe\u0bb0\u0bcd\u0ba4\u0bcd\u0ba4\u0ba4\u0bc1\u2026  ... \u0b85\u0ba4\u0bc1 \u0b93\u0b9f \u0b86\u0bb0\u0bae\u0bcd\u0baa\u0bbf\u0ba4\u0bcd\u0ba4\u0ba4\u0bc1!"},{"language_id":12,"content":"\u0c38\u0c4b\u0c2b\u0c3e\u0c32\u0c4b\u0c15\u0c3f \u0c26\u0c42\u0c15\u0c3f\u0c02\u0c26\u0c3f, \u0c15\u0c3f\u0c1f\u0c3f\u0c15\u0c40\u0c2a\u0c48\u0c15\u0c3f \u0c0e\u0c15\u0c4d\u0c15\u0c3f\u0c02\u0c26\u0c3f, \u0c2c\u0c32\u0c4d\u0c32\u0c2e\u0c40\u0c26\u0c15\u0c3f \u0c09\u0c30\u0c3f\u0c15\u0c3f\u0c02\u0c26\u0c3f, \u0c15\u0c41\u0c37\u0c28\u0c4d\u0c32\u0c2a\u0c48\u0c15\u0c3f \u0c17\u0c46\u0c02\u0c24\u0c3f\u0c02\u0c26\u0c3f,"},{"language_id":8,"content":"\u0909\u0902\u0926\u0930\u093e\u0928\u0947 \u0938\u094b\u092b\u094d\u092f\u093e\u0935\u0930 \u091d\u0947\u092a \u0918\u0947\u0924\u0932\u0940, \u0916\u093f\u0921\u0915\u0940\u0924 \u0909\u0921\u0940 \u092e\u093e\u0930\u0932\u0940, \u091f\u0947\u092c\u0932\u0935\u0930 \u092a\u0933\u0942 \u0932\u093e\u0917\u0932\u093e \u0906\u0923\u093f \u0909\u0936\u094d\u092f\u093e \u092a\u0923 \u092a\u093e\u0921\u0932\u094d\u092f\u093e..."},{"language_id":7,"content":"\u0c87\u0cb2\u0cbf\u0caf\u0cc1 \u0cb8\u0ccb\u0cab\u0cbe\u0ca6 \u0cae\u0cc7\u0cb2\u0cc6 \u0cb9\u0cbe\u0cb0\u0cc1\u0ca4\u0ccd\u0ca4,  \u0c95\u0cbf\u0c9f\u0c95\u0cbf\u0caf\u0ca8\u0ccd\u0ca8\u0cc1 \u0cb9\u0ca4\u0ccd\u0ca4\u0cc1\u0ca4\u0ccd\u0ca4,  \u0cae\u0cc7\u0c9c\u0cbf\u0ca8 \u0cae\u0cc7\u0cb2\u0cc6 \u0c9c\u0cbf\u0c97\u0cbf\u0caf\u0cc1\u0ca4\u0ccd\u0ca4,  \u0cae\u0cc6\u0ca4\u0ccd\u0ca4\u0cc6\u0c97\u0cb3 \u0cae\u0cc7\u0cb2\u0cc6 \u0c8e\u0ca1\u0cb5\u0cc1\u0ca4\u0ccd\u0ca4,"}]},{"id":472,"content":"... running in between the curtains, scurrying over the plates,\u00a0 and out\u00a0 of\u00a0 the\u00a0 door!","pageno":11,"image":"a932879413736573cfe09904c1e25527.jpg","audio":"44d56387bd1ca6e767e06772c8a318f8.mp3","audio_map":"2584a645e246bb90c8e96a64478589cf.json","language":[{"language_id":11,"content":"..\u0baa\u0bbf\u0ba9\u0bcd\u0ba9\u0bbe\u0bb2\u0bc7\u0baf\u0bc7, \u0b95\u0bc1\u0bb4\u0ba8\u0bcd\u0ba4\u0bc8\u0baf\u0bc1\u0bae\u0bcd \u0b93\u0b9f\u0bbf\u0baf\u0ba4\u0bc1!"},{"language_id":12,"content":"\u0c15\u0c30\u0c4d\u0c1f\u0c46\u0c28\u0c4d\u0c32\u0c32\u0c4b \u0c26\u0c42\u0c30\u0c3f\u0c02\u0c26\u0c3f, \u0c2a\u0c33\u0c4d\u0c32\u0c3e\u0c32 \u0c2e\u0c40\u0c26 \u0c2a\u0c30\u0c3f\u0c17\u0c46\u0c24\u0c4d\u0c24\u0c3f\u0c02\u0c26\u0c3f, \u0c1a\u0c3f\u0c35\u0c30\u0c3f\u0c15\u0c3f \u0c24\u0c32\u0c41\u0c2a\u0c41\u0c32\u0c4b\u0c02\u0c1a\u0c3f \u0c2c\u0c2f\u0c1f\u0c15\u0c41 \u0c2a\u0c4b\u0c2f\u0c3f\u0c02\u0c26\u0c3f!"},{"language_id":8,"content":"... \u092a\u0921\u0926\u094d\u092f\u093e\u0924 \u0936\u093f\u0930\u0942\u0928, \u092a\u0938\u093e\u0930\u094d\u200d\u092f\u093e\u092e\u0927\u0947 \u092a\u0933\u0924 \u0909\u0902\u0926\u0930\u093e\u0928\u0947 \u0926\u093e\u0930\u093e\u0924\u0942\u0928 \u0927\u0942\u092e \u0920\u094b\u0915\u0932\u0940 !!"},{"language_id":7,"content":"\u0caa\u0cb0\u0ca6\u0cc6\u0c97\u0cb3 \u0cae\u0ca7\u0ccd\u0caf \u0c93\u0ca1\u0cc1\u0ca4\u0ccd\u0ca4, \u0ca4\u0c9f\u0ccd\u0c9f\u0cc6\u0c97\u0cb3 \u0cae\u0cc7\u0cb2\u0cc6 \u0c85\u0cb5\u0cb8\u0cb0\u0ca6\u0cbf\u0c82\u0ca6 \u0c93\u0ca1\u0cc1\u0ca4\u0ccd\u0ca4\u0cbe \u0c95\u0cca\u0ca8\u0cc6\u0c97\u0cc6 \u0cac\u0cbe\u0c97\u0cbf\u0cb2\u0cbf\u0ca8 \u0c86\u0c9a\u0cc6 \u0c93\u0ca1\u0cbf \u0cb9\u0ccb\u0caf\u0cbf\u0ca4\u0cc1!"}]}],"language":[{"id":11,"name":"Tamil"},{"id":12,"name":"Telugu"},{"id":8,"name":"Marathi"},{"id":7,"name":"Kannada"}],"questions":[{"id":2147,"type":"pre","storypage_id":0,"order_number":1,"title":"Vocabulary","question":{"question_type":"vocabulary","question":{"text":"","image":"","type":""},"words":[{"word":"sofa","image":"774bb5621e46d606ac9f6b3d8802eb76.JPG"},{"word":"newspaper","image":"4cec85931d9082206fa309f42665b928.JPG"},{"word":"mouse","image":"e14800c5f3bf45a639171b18ac643ab3.JPG"},{"word":"baby","image":"4cb554fb0ef243a103b8a010c3d94e7e.JPG"}]},"score":1,"question_template_id":21,"question_template":"Vocab"},{"id":2148,"type":"pre","storypage_id":0,"order_number":2,"title":"What do you think this story is about?","question":{"question_type":"mcq_single_answer","question":{"text":"What do you think this story is about?","image":"","type":"text"},"options":[{"text":"a baby","type":"both","image":"d0527082bebba202877ac25ac76f420d.JPG","ans":1},{"text":"a mouse","type":"both","image":"c460cf47bc8e7b6b09bc6e0376434a31.JPG","ans":1},{"text":"a grandma","type":"both","image":"3000fb54e8455a3684aeee3b8ac6066f.JPG","ans":1},{"text":"a cat","type":"both","image":"67ab710a61e95cbfd65bef420d35e9e6.JPG","ans":1}],"answers":["a baby","a mouse","a grandma","a cat"]},"score":1,"question_template_id":2,"question_template":"Text MCQ"},{"id":2156,"type":"post","storypage_id":0,"order_number":1,"title":"What is happening in this picture?","question":{"question_type":"story_read_aloud","question":{"text":"What is happening in this picture?","image":"1e49c292b8243a0c7c1d95cecdbd405f.JPG","type":"both"}},"score":1,"question_template_id":7,"question_template":"Describe an Image"},{"id":2149,"type":"during","storypage_id":462,"order_number":1,"title":"Choose the correct answer.","question":{"question_type":"mcq_single_answer","question":{"text":"Who saw the mouse in the house first?","image":"","type":"text"},"options":[{"text":"Grandma","type":"both","image":"e07b1b5ee3a669f20b901ee50c580ec7.JPG","ans":1},{"text":"Ma","type":"both","image":"e895c52dc7b0aed2cd098e218ee13880.JPG","ans":0},{"text":"Pa","type":"both","image":"b873b20c28c56fe86e97cd89984f60d4.JPG","ans":0},{"text":"Mithun","type":"both","image":"83693d991aa3bff6d76313b3aefd3a1b.JPG","ans":0}],"answers":["Grandma"]},"score":1,"question_template_id":2,"question_template":"Text MCQ"},{"id":2150,"type":"during","storypage_id":463,"order_number":2,"title":"Match the action to who did it!","question":{"question_type":"match_column","question":{"text":"Match the action to who did it!","image":"","type":"text"},"column1":[{"text":"Pa","type":"text","image":"","match":1},{"text":"Ma","type":"text","image":"","match":2},{"text":"Cat","type":"text","image":"","match":3},{"text":"Mithun","type":"text","image":"","match":4}],"column2":[{"text":"climbing up the window","type":"text","image":"","match":1},{"text":"leaping up the table","type":"text","image":"","match":2},{"text":"fleeing under the bed","type":"text","image":"","match":3},{"text":"running behind the cat","type":"text","image":"","match":4}]},"score":1,"question_template_id":20,"question_template":"Matching"},{"id":2151,"type":"during","storypage_id":465,"order_number":3,"title":"Choose the correct answer.","question":{"question_type":"mcq_single_answer","question":{"text":"What did Ma use to chase the mouse out?","image":"","type":"text"},"options":[{"text":"a broom","type":"both","image":"676a229efff43c3d4826757b0eed26d7.JPG","ans":1},{"text":"the baby","type":"both","image":"62d3c4dbfa548e52a338dd7bf1ec1727.JPG","ans":0},{"text":"another mouse","type":"both","image":"3bc61d95cfb0fed3ad3901a39c9b4731.JPG","ans":0},{"text":"the cat","type":"both","image":"0b1e122b347b0a78fa4df7528856e54b.JPG","ans":0}],"answers":["a broom"]},"score":1,"question_template_id":2,"question_template":"Text MCQ"},{"id":2152,"type":"during","storypage_id":466,"order_number":4,"title":"Choose the correct answer.","question":{"question_type":"mcq_single_answer","question":{"text":"What did Grandma do to chase the mouse out?","image":"","type":"text"},"options":[{"text":"She rolled up a newspaper","type":"both","image":"b7b6534d18d8364d06744addf5dd1f97.JPG","ans":1},{"text":"She used a broom","type":"both","image":"60c57e75ed1e9c3cf9bb18e145cb84b2.JPG","ans":0},{"text":"She set the cat on the mouse","type":"both","image":"1ccaa10d1156893d525c71461a1322a8.JPG","ans":0},{"text":"She threw the mouse on the baby","type":"both","image":"ede61223df0d9b19269e20e619cc42e6.JPG","ans":0}],"answers":["She rolled up a newspaper"]},"score":1,"question_template_id":2,"question_template":"Text MCQ"},{"id":2153,"type":"during","storypage_id":469,"order_number":5,"title":"Choose the correct answer.","question":{"question_type":"mcq_single_answer","question":{"text":"Where was the mouse when the baby woke up?","image":"","type":"text"},"options":[{"text":"On the baby\u2019s pillow","type":"both","image":"128f079bf680b73ff4aabe98da42cbd1.JPG","ans":1},{"text":"On the floor","type":"both","image":"3c5c58feae1abc021392ff8b5dec1d9f.JPG","ans":0},{"text":"On grandma","type":"both","image":"986e40b153082115ad40069bc5698a76.JPG","ans":0},{"text":"On the sofa","type":"both","image":"060bf736ff37280021f7b98d7e1c8303.JPG","ans":0}],"answers":["On the baby\u2019s pillow"]},"score":1,"question_template_id":2,"question_template":"Text MCQ"},{"id":2154,"type":"during","storypage_id":471,"order_number":6,"title":"Choose the correct answer.","question":{"question_type":"mcq_single_answer","question":{"text":"Why was the mouse so hard to catch?","image":"","type":"text"},"options":[{"text":"It was a clever mouse","type":"text","image":"","ans":1},{"text":"It had magical powers","type":"text","image":"","ans":0},{"text":"It was a quick mouse","type":"text","image":"","ans":1},{"text":"It was too tiny to catch","type":"text","image":"","ans":0}],"answers":["It was a clever mouse","It was a quick mouse"]},"score":1,"question_template_id":2,"question_template":"Text MCQ"},{"id":2155,"type":"own_story","storypage_id":0,"order_number":1,"title":"Make your own story!","question":{"question_type":"mcq_single_answer","question":{"text":"Rinku the rat was on his way to the _________ when he heard a scream.","image":"","type":"text"},"options":[{"text":"fridge","type":"text","image":"","ans":1},{"text":"granary","type":"text","image":"","ans":1},{"text":"storeroom","type":"text","image":"","ans":1},{"text":"pantry","type":"text","image":"","ans":1}],"answers":["fridge","granary","storeroom","pantry"]},"score":1,"question_template_id":2,"question_template":"Text MCQ"},{"id":2157,"type":"own_story","storypage_id":0,"order_number":2,"title":"Make your own story!","question":{"question_type":"mcq_single_answer","question":{"text":"There was a _________ with a rolled up newspaper trying to hit him!","image":"","type":"text"},"options":[{"text":"grandma","type":"text","image":"","ans":1},{"text":"old auntie","type":"text","image":"","ans":1},{"text":"old uncle","type":"text","image":"","ans":1},{"text":"grandpa","type":"text","image":"","ans":1}],"answers":["grandma","old auntie","old uncle","grandpa"]},"score":1,"question_template_id":2,"question_template":"Text MCQ"},{"id":2158,"type":"own_story","storypage_id":0,"order_number":3,"title":"Make your own story!","question":{"question_type":"mcq_single_answer","question":{"text":"Rinku ran across the kitchen floor into the hall. There was another _________.","image":"","type":"text"},"options":[{"text":"scream","type":"text","image":"","ans":1},{"text":"yell","type":"text","image":"","ans":1},{"text":"shriek","type":"text","image":"","ans":1},{"text":"screech","type":"text","image":"","ans":1}],"answers":["scream","yell","shriek","screech"]},"score":1,"question_template_id":2,"question_template":"Text MCQ"},{"id":2159,"type":"own_story","storypage_id":0,"order_number":4,"title":"Make your own story!","question":{"question_type":"mcq_single_answer","question":{"text":"A boy and his father had _________ up on their sofa in fright! Rinku ran to a corner.","image":"","type":"text"},"options":[{"text":"jumped","type":"text","image":"","ans":1},{"text":"hopped","type":"text","image":"","ans":1},{"text":"skipped","type":"text","image":"","ans":1},{"text":"leapt","type":"text","image":"","ans":1}],"answers":["jumped","hopped","skipped","leapt"]},"score":1,"question_template_id":2,"question_template":"Text MCQ"},{"id":2160,"type":"own_story","storypage_id":0,"order_number":5,"title":"Make your own story!","question":{"question_type":"mcq_single_answer","question":{"text":"Suddenly a lady appeared with a broom. She swept him up into a shoebox. Rinku felt very _________.","image":"","type":"text"},"options":[{"text":"scared","type":"text","image":"","ans":1},{"text":"afraid","type":"text","image":"","ans":1},{"text":"nervous","type":"text","image":"","ans":1},{"text":"worried","type":"text","image":"","ans":1}],"answers":["scared","afraid","nervous","worried"]},"score":1,"question_template_id":2,"question_template":"Text MCQ"},{"id":2161,"type":"own_story","storypage_id":0,"order_number":6,"title":"Make your own story!","question":{"question_type":"mcq_single_answer","question":{"text":"But after a few _________, she let him out the front door into the garden. Rinku was so relieved!","image":"","type":"text"},"options":[{"text":"minutes","type":"text","image":"","ans":1},{"text":"moments","type":"text","image":"","ans":1},{"text":"seconds","type":"text","image":"","ans":1},{"text":"short steps","type":"text","image":"","ans":1}],"answers":["minutes","moments","seconds","short steps"]},"score":1,"question_template_id":2,"question_template":"Text MCQ"}]}