{
 "fragments": [
  {
   "begin": "0.000", 
   "end": "1.520", 
   "id": "f000001", 
   "language": "en", 
   "lines": [
    "\u201cMouse!\u201d"
   ]
  }, 
  {
   "begin": "1.520", 
   "end": "1.960", 
   "id": "f000002", 
   "language": "en", 
   "lines": [
    "yelled"
   ]
  }, 
  {
   "begin": "1.960", 
   "end": "2.440", 
   "id": "f000003", 
   "language": "en", 
   "lines": [
    "Pa,"
   ]
  }, 
  {
   "begin": "2.440", 
   "end": "3.320", 
   "id": "f000004", 
   "language": "en", 
   "lines": [
    "climbing"
   ]
  }, 
  {
   "begin": "3.320", 
   "end": "3.480", 
   "id": "f000005", 
   "language": "en", 
   "lines": [
    "the"
   ]
  }, 
  {
   "begin": "3.480", 
   "end": "4.080", 
   "id": "f000006", 
   "language": "en", 
   "lines": [
    "window"
   ]
  }, 
  {
   "begin": "4.080", 
   "end": "4.440", 
   "id": "f000007", 
   "language": "en", 
   "lines": [
    "even"
   ]
  }, 
  {
   "begin": "4.440", 
   "end": "5.000", 
   "id": "f000008", 
   "language": "en", 
   "lines": [
    "higher.\n"
   ]
  }, 
  {
   "begin": "5.000", 
   "end": "5.600", 
   "id": "f000009", 
   "language": "en", 
   "lines": [
    "\u201cTo"
   ]
  }, 
  {
   "begin": "5.600", 
   "end": "6.160", 
   "id": "f000010", 
   "language": "en", 
   "lines": [
    "your"
   ]
  }, 
  {
   "begin": "6.160", 
   "end": "7.320", 
   "id": "f000011", 
   "language": "en", 
   "lines": [
    "left!\u201d"
   ]
  }, 
  {
   "begin": "7.320", 
   "end": "7.840", 
   "id": "f000012", 
   "language": "en", 
   "lines": [
    "Grandma"
   ]
  }, 
  {
   "begin": "7.840", 
   "end": "8.120", 
   "id": "f000013", 
   "language": "en", 
   "lines": [
    "looked"
   ]
  }, 
  {
   "begin": "8.120", 
   "end": "8.280", 
   "id": "f000014", 
   "language": "en", 
   "lines": [
    "at"
   ]
  }, 
  {
   "begin": "8.280", 
   "end": "8.440", 
   "id": "f000015", 
   "language": "en", 
   "lines": [
    "the"
   ]
  }, 
  {
   "begin": "8.440", 
   "end": "9.240", 
   "id": "f000016", 
   "language": "en", 
   "lines": [
    "mouse,"
   ]
  }, 
  {
   "begin": "9.240", 
   "end": "9.440", 
   "id": "f000017", 
   "language": "en", 
   "lines": [
    "and"
   ]
  }, 
  {
   "begin": "9.440", 
   "end": "9.840", 
   "id": "f000018", 
   "language": "en", 
   "lines": [
    "fled"
   ]
  }, 
  {
   "begin": "9.840", 
   "end": "10.080", 
   "id": "f000019", 
   "language": "en", 
   "lines": [
    "under"
   ]
  }, 
  {
   "begin": "10.080", 
   "end": "10.280", 
   "id": "f000020", 
   "language": "en", 
   "lines": [
    "the"
   ]
  }, 
  {
   "begin": "10.280", 
   "end": "10.880", 
   "id": "f000021", 
   "language": "en", 
   "lines": [
    "bed."
   ]
  }
 ]
}