{
 "fragments": [
  {
   "begin": "0.000", 
   "end": "0.000", 
   "id": "f000001", 
   "language": "en", 
   "lines": [
    "\"Mouse"
   ]
  }, 
  {
   "begin": "0.000", 
   "end": "0.000", 
   "id": "f000002", 
   "language": "en", 
   "lines": [
    "in"
   ]
  }, 
  {
   "begin": "0.000", 
   "end": "0.000", 
   "id": "f000003", 
   "language": "en", 
   "lines": [
    "the"
   ]
  }, 
  {
   "begin": "0.000", 
   "end": "3.720", 
   "id": "f000004", 
   "language": "en", 
   "lines": [
    "House!\"&nbsp;shouted"
   ]
  }, 
  {
   "begin": "3.720", 
   "end": "4.480", 
   "id": "f000005", 
   "language": "en", 
   "lines": [
    "everyone"
   ]
  }, 
  {
   "begin": "4.480", 
   "end": "4.840", 
   "id": "f000006", 
   "language": "en", 
   "lines": [
    "together."
   ]
  }, 
  {
   "begin": "4.840", 
   "end": "5.960", 
   "id": "f000007", 
   "language": "en", 
   "lines": [
    "That"
   ]
  }, 
  {
   "begin": "5.960", 
   "end": "6.240", 
   "id": "f000008", 
   "language": "en", 
   "lines": [
    "woke"
   ]
  }, 
  {
   "begin": "6.240", 
   "end": "7.080", 
   "id": "f000009", 
   "language": "en", 
   "lines": [
    "Baby"
   ]
  }, 
  {
   "begin": "7.080", 
   "end": "7.440", 
   "id": "f000010", 
   "language": "en", 
   "lines": [
    "up."
   ]
  }, 
  {
   "begin": "7.440", 
   "end": "8.760", 
   "id": "f000011", 
   "language": "en", 
   "lines": [
    "She"
   ]
  }, 
  {
   "begin": "8.760", 
   "end": "8.920", 
   "id": "f000012", 
   "language": "en", 
   "lines": [
    "sat"
   ]
  }, 
  {
   "begin": "8.920", 
   "end": "9.040", 
   "id": "f000013", 
   "language": "en", 
   "lines": [
    "up"
   ]
  }, 
  {
   "begin": "9.040", 
   "end": "9.400", 
   "id": "f000014", 
   "language": "en", 
   "lines": [
    "on"
   ]
  }, 
  {
   "begin": "9.400", 
   "end": "9.680", 
   "id": "f000015", 
   "language": "en", 
   "lines": [
    "her"
   ]
  }, 
  {
   "begin": "9.680", 
   "end": "10.040", 
   "id": "f000016", 
   "language": "en", 
   "lines": [
    "mat,"
   ]
  }, 
  {
   "begin": "10.040", 
   "end": "10.560", 
   "id": "f000017", 
   "language": "en", 
   "lines": [
    "rubbing"
   ]
  }, 
  {
   "begin": "10.560", 
   "end": "10.760", 
   "id": "f000018", 
   "language": "en", 
   "lines": [
    "her"
   ]
  }, 
  {
   "begin": "10.760", 
   "end": "11.480", 
   "id": "f000019", 
   "language": "en", 
   "lines": [
    "eyes"
   ]
  }, 
  {
   "begin": "11.480", 
   "end": "12.560", 
   "id": "f000020", 
   "language": "en", 
   "lines": [
    "sleepily."
   ]
  }, 
  {
   "begin": "12.560", 
   "end": "12.840", 
   "id": "f000021", 
   "language": "en", 
   "lines": [
    "What"
   ]
  }, 
  {
   "begin": "12.840", 
   "end": "13.120", 
   "id": "f000022", 
   "language": "en", 
   "lines": [
    "was"
   ]
  }, 
  {
   "begin": "13.120", 
   "end": "13.520", 
   "id": "f000023", 
   "language": "en", 
   "lines": [
    "that"
   ]
  }, 
  {
   "begin": "13.520", 
   "end": "13.840", 
   "id": "f000024", 
   "language": "en", 
   "lines": [
    "on"
   ]
  }, 
  {
   "begin": "13.840", 
   "end": "14.080", 
   "id": "f000025", 
   "language": "en", 
   "lines": [
    "her"
   ]
  }, 
  {
   "begin": "14.080", 
   "end": "14.960", 
   "id": "f000026", 
   "language": "en", 
   "lines": [
    "pillow?"
   ]
  }
 ]
}