{
 "fragments": [
  {
   "begin": "0.000", 
   "end": "0.160", 
   "id": "f000001", 
   "language": "en", 
   "lines": [
    "There"
   ]
  }, 
  {
   "begin": "0.160", 
   "end": "0.240", 
   "id": "f000002", 
   "language": "en", 
   "lines": [
    "was"
   ]
  }, 
  {
   "begin": "0.240", 
   "end": "0.720", 
   "id": "f000003", 
   "language": "en", 
   "lines": [
    "a"
   ]
  }, 
  {
   "begin": "0.720", 
   "end": "1.240", 
   "id": "f000004", 
   "language": "en", 
   "lines": [
    "mouse"
   ]
  }, 
  {
   "begin": "1.240", 
   "end": "1.240", 
   "id": "f000005", 
   "language": "en", 
   "lines": [
    "in"
   ]
  }, 
  {
   "begin": "1.240", 
   "end": "1.480", 
   "id": "f000006", 
   "language": "en", 
   "lines": [
    "the"
   ]
  }, 
  {
   "begin": "1.480", 
   "end": "2.480", 
   "id": "f000007", 
   "language": "en", 
   "lines": [
    "house."
   ]
  }, 
  {
   "begin": "2.480", 
   "end": "3.160", 
   "id": "f000008", 
   "language": "en", 
   "lines": [
    "Grandma"
   ]
  }, 
  {
   "begin": "3.160", 
   "end": "3.880", 
   "id": "f000009", 
   "language": "en", 
   "lines": [
    "saw"
   ]
  }, 
  {
   "begin": "3.880", 
   "end": "4.200", 
   "id": "f000010", 
   "language": "en", 
   "lines": [
    "it"
   ]
  }, 
  {
   "begin": "4.200", 
   "end": "4.280", 
   "id": "f000011", 
   "language": "en", 
   "lines": [
    "first.\n"
   ]
  }, 
  {
   "begin": "4.280", 
   "end": "6.040", 
   "id": "f000012", 
   "language": "en", 
   "lines": [
    "\"Mouse!\""
   ]
  }, 
  {
   "begin": "6.040", 
   "end": "7.080", 
   "id": "f000013", 
   "language": "en", 
   "lines": [
    "she"
   ]
  }, 
  {
   "begin": "7.080", 
   "end": "8.040", 
   "id": "f000014", 
   "language": "en", 
   "lines": [
    "screamed,"
   ]
  }, 
  {
   "begin": "8.040", 
   "end": "8.520", 
   "id": "f000015", 
   "language": "en", 
   "lines": [
    "jumping"
   ]
  }, 
  {
   "begin": "8.520", 
   "end": "8.720", 
   "id": "f000016", 
   "language": "en", 
   "lines": [
    "up"
   ]
  }, 
  {
   "begin": "8.720", 
   "end": "8.880", 
   "id": "f000017", 
   "language": "en", 
   "lines": [
    "the"
   ]
  }, 
  {
   "begin": "8.880", 
   "end": "10.000", 
   "id": "f000018", 
   "language": "en", 
   "lines": [
    "sofa."
   ]
  }, 
  {
   "begin": "10.000", 
   "end": "10.160", 
   "id": "f000019", 
   "language": "en", 
   "lines": [
    "The"
   ]
  }, 
  {
   "begin": "10.160", 
   "end": "10.680", 
   "id": "f000020", 
   "language": "en", 
   "lines": [
    "cushions"
   ]
  }, 
  {
   "begin": "10.680", 
   "end": "11.000", 
   "id": "f000021", 
   "language": "en", 
   "lines": [
    "fell"
   ]
  }, 
  {
   "begin": "11.000", 
   "end": "11.040", 
   "id": "f000022", 
   "language": "en", 
   "lines": [
    "on"
   ]
  }, 
  {
   "begin": "11.040", 
   "end": "11.360", 
   "id": "f000023", 
   "language": "en", 
   "lines": [
    "the"
   ]
  }, 
  {
   "begin": "11.360", 
   "end": "12.120", 
   "id": "f000024", 
   "language": "en", 
   "lines": [
    "floor."
   ]
  }
 ]
}