{
 "fragments": [
  {
   "begin": "0.000", 
   "end": "0.960", 
   "id": "f000001", 
   "language": "en", 
   "lines": [
    "\u201cCatch"
   ]
  }, 
  {
   "begin": "0.960", 
   "end": "1.520", 
   "id": "f000002", 
   "language": "en", 
   "lines": [
    "him!\u201d"
   ]
  }, 
  {
   "begin": "1.520", 
   "end": "2.080", 
   "id": "f000003", 
   "language": "en", 
   "lines": [
    "said"
   ]
  }, 
  {
   "begin": "2.080", 
   "end": "2.440", 
   "id": "f000004", 
   "language": "en", 
   "lines": [
    "Mithun"
   ]
  }, 
  {
   "begin": "2.440", 
   "end": "2.760", 
   "id": "f000005", 
   "language": "en", 
   "lines": [
    "to"
   ]
  }, 
  {
   "begin": "2.760", 
   "end": "2.920", 
   "id": "f000006", 
   "language": "en", 
   "lines": [
    "the"
   ]
  }, 
  {
   "begin": "2.920", 
   "end": "4.120", 
   "id": "f000007", 
   "language": "en", 
   "lines": [
    "cat."
   ]
  }, 
  {
   "begin": "4.120", 
   "end": "4.280", 
   "id": "f000008", 
   "language": "en", 
   "lines": [
    "The"
   ]
  }, 
  {
   "begin": "4.280", 
   "end": "4.560", 
   "id": "f000009", 
   "language": "en", 
   "lines": [
    "cat"
   ]
  }, 
  {
   "begin": "4.560", 
   "end": "4.960", 
   "id": "f000010", 
   "language": "en", 
   "lines": [
    "looked"
   ]
  }, 
  {
   "begin": "4.960", 
   "end": "5.120", 
   "id": "f000011", 
   "language": "en", 
   "lines": [
    "at"
   ]
  }, 
  {
   "begin": "5.120", 
   "end": "5.160", 
   "id": "f000012", 
   "language": "en", 
   "lines": [
    "the"
   ]
  }, 
  {
   "begin": "5.160", 
   "end": "6.080", 
   "id": "f000013", 
   "language": "en", 
   "lines": [
    "mouse"
   ]
  }, 
  {
   "begin": "6.080", 
   "end": "6.240", 
   "id": "f000014", 
   "language": "en", 
   "lines": [
    "and"
   ]
  }, 
  {
   "begin": "6.240", 
   "end": "6.760", 
   "id": "f000015", 
   "language": "en", 
   "lines": [
    "fled"
   ]
  }, 
  {
   "begin": "6.760", 
   "end": "7.000", 
   "id": "f000016", 
   "language": "en", 
   "lines": [
    "under"
   ]
  }, 
  {
   "begin": "7.000", 
   "end": "7.240", 
   "id": "f000017", 
   "language": "en", 
   "lines": [
    "the"
   ]
  }, 
  {
   "begin": "7.240", 
   "end": "7.680", 
   "id": "f000018", 
   "language": "en", 
   "lines": [
    "bed!\n"
   ]
  }, 
  {
   "begin": "7.680", 
   "end": "10.000", 
   "id": "f000019", 
   "language": "en", 
   "lines": [
    "\u201cMouse!\u201d"
   ]
  }, 
  {
   "begin": "10.000", 
   "end": "10.640", 
   "id": "f000020", 
   "language": "en", 
   "lines": [
    "screamed"
   ]
  }, 
  {
   "begin": "10.640", 
   "end": "11.560", 
   "id": "f000021", 
   "language": "en", 
   "lines": [
    "Mithun,"
   ]
  }, 
  {
   "begin": "11.560", 
   "end": "12.040", 
   "id": "f000022", 
   "language": "en", 
   "lines": [
    "running"
   ]
  }, 
  {
   "begin": "12.040", 
   "end": "12.400", 
   "id": "f000023", 
   "language": "en", 
   "lines": [
    "behind"
   ]
  }, 
  {
   "begin": "12.400", 
   "end": "12.520", 
   "id": "f000024", 
   "language": "en", 
   "lines": [
    "the"
   ]
  }, 
  {
   "begin": "12.520", 
   "end": "13.120", 
   "id": "f000025", 
   "language": "en", 
   "lines": [
    "cat."
   ]
  }
 ]
}