{
 "fragments": [
  {
   "begin": "0.000", 
   "end": "0.240", 
   "id": "f000001", 
   "language": "en", 
   "lines": [
    "It"
   ]
  }, 
  {
   "begin": "0.240", 
   "end": "0.600", 
   "id": "f000002", 
   "language": "en", 
   "lines": [
    "had"
   ]
  }, 
  {
   "begin": "0.600", 
   "end": "0.920", 
   "id": "f000003", 
   "language": "en", 
   "lines": [
    "two"
   ]
  }, 
  {
   "begin": "0.920", 
   "end": "1.920", 
   "id": "f000004", 
   "language": "en", 
   "lines": [
    "eyes,"
   ]
  }, 
  {
   "begin": "1.920", 
   "end": "2.280", 
   "id": "f000005", 
   "language": "en", 
   "lines": [
    "four"
   ]
  }, 
  {
   "begin": "2.280", 
   "end": "2.800", 
   "id": "f000006", 
   "language": "en", 
   "lines": [
    "feet,"
   ]
  }, 
  {
   "begin": "2.800", 
   "end": "3.200", 
   "id": "f000007", 
   "language": "en", 
   "lines": [
    "and"
   ]
  }, 
  {
   "begin": "3.200", 
   "end": "3.760", 
   "id": "f000008", 
   "language": "en", 
   "lines": [
    "a"
   ]
  }, 
  {
   "begin": "3.760", 
   "end": "4.240", 
   "id": "f000009", 
   "language": "en", 
   "lines": [
    "long"
   ]
  }, 
  {
   "begin": "4.240", 
   "end": "4.760", 
   "id": "f000010", 
   "language": "en", 
   "lines": [
    "tail."
   ]
  }, 
  {
   "begin": "4.760", 
   "end": "6.440", 
   "id": "f000011", 
   "language": "en", 
   "lines": [
    "\"Mouse!\""
   ]
  }, 
  {
   "begin": "6.440", 
   "end": "7.440", 
   "id": "f000012", 
   "language": "en", 
   "lines": [
    "said"
   ]
  }, 
  {
   "begin": "7.440", 
   "end": "7.680", 
   "id": "f000013", 
   "language": "en", 
   "lines": [
    "Baby,"
   ]
  }, 
  {
   "begin": "7.680", 
   "end": "8.000", 
   "id": "f000014", 
   "language": "en", 
   "lines": [
    "clapping"
   ]
  }, 
  {
   "begin": "8.000", 
   "end": "9.080", 
   "id": "f000015", 
   "language": "en", 
   "lines": [
    "happily."
   ]
  }, 
  {
   "begin": "9.080", 
   "end": "10.320", 
   "id": "f000016", 
   "language": "en", 
   "lines": [
    "Baby"
   ]
  }, 
  {
   "begin": "10.320", 
   "end": "10.920", 
   "id": "f000017", 
   "language": "en", 
   "lines": [
    "looked"
   ]
  }, 
  {
   "begin": "10.920", 
   "end": "11.040", 
   "id": "f000018", 
   "language": "en", 
   "lines": [
    "at"
   ]
  }, 
  {
   "begin": "11.040", 
   "end": "11.120", 
   "id": "f000019", 
   "language": "en", 
   "lines": [
    "the"
   ]
  }, 
  {
   "begin": "11.120", 
   "end": "11.720", 
   "id": "f000020", 
   "language": "en", 
   "lines": [
    "mouse,"
   ]
  }, 
  {
   "begin": "11.720", 
   "end": "12.160", 
   "id": "f000021", 
   "language": "en", 
   "lines": [
    "and"
   ]
  }, 
  {
   "begin": "12.160", 
   "end": "12.480", 
   "id": "f000022", 
   "language": "en", 
   "lines": [
    "the"
   ]
  }, 
  {
   "begin": "12.480", 
   "end": "13.000", 
   "id": "f000023", 
   "language": "en", 
   "lines": [
    "mouse"
   ]
  }, 
  {
   "begin": "13.000", 
   "end": "13.960", 
   "id": "f000024", 
   "language": "en", 
   "lines": [
    "fled,"
   ]
  }, 
  {
   "begin": "13.960", 
   "end": "14.200", 
   "id": "f000025", 
   "language": "en", 
   "lines": [
    "with"
   ]
  }, 
  {
   "begin": "14.200", 
   "end": "14.920", 
   "id": "f000026", 
   "language": "en", 
   "lines": [
    "Baby"
   ]
  }, 
  {
   "begin": "14.920", 
   "end": "15.360", 
   "id": "f000027", 
   "language": "en", 
   "lines": [
    "right"
   ]
  }, 
  {
   "begin": "15.360", 
   "end": "15.840", 
   "id": "f000028", 
   "language": "en", 
   "lines": [
    "behind"
   ]
  }, 
  {
   "begin": "15.840", 
   "end": "16.400", 
   "id": "f000029", 
   "language": "en", 
   "lines": [
    "him!"
   ]
  }
 ]
}