{
 "fragments": [
  {
   "begin": "0.000", 
   "end": "1.360", 
   "id": "f000001", 
   "language": "en", 
   "lines": [
    "\u201cWhere?\u201d"
   ]
  }, 
  {
   "begin": "1.360", 
   "end": "1.800", 
   "id": "f000002", 
   "language": "en", 
   "lines": [
    "asked"
   ]
  }, 
  {
   "begin": "1.800", 
   "end": "2.320", 
   "id": "f000003", 
   "language": "en", 
   "lines": [
    "Pa,"
   ]
  }, 
  {
   "begin": "2.320", 
   "end": "3.240", 
   "id": "f000004", 
   "language": "en", 
   "lines": [
    "climbing"
   ]
  }, 
  {
   "begin": "3.240", 
   "end": "3.240", 
   "id": "f000005", 
   "language": "en", 
   "lines": [
    "up"
   ]
  }, 
  {
   "begin": "3.240", 
   "end": "3.360", 
   "id": "f000006", 
   "language": "en", 
   "lines": [
    "the"
   ]
  }, 
  {
   "begin": "3.360", 
   "end": "4.000", 
   "id": "f000007", 
   "language": "en", 
   "lines": [
    "window."
   ]
  }, 
  {
   "begin": "4.000", 
   "end": "4.680", 
   "id": "f000008", 
   "language": "en", 
   "lines": [
    "He"
   ]
  }, 
  {
   "begin": "4.680", 
   "end": "4.840", 
   "id": "f000009", 
   "language": "en", 
   "lines": [
    "pulled"
   ]
  }, 
  {
   "begin": "4.840", 
   "end": "5.520", 
   "id": "f000010", 
   "language": "en", 
   "lines": [
    "the"
   ]
  }, 
  {
   "begin": "5.520", 
   "end": "6.120", 
   "id": "f000011", 
   "language": "en", 
   "lines": [
    "curtains"
   ]
  }, 
  {
   "begin": "6.120", 
   "end": "8.520", 
   "id": "f000012", 
   "language": "en", 
   "lines": [
    "down.&nbsp;\u201cThere!\u201d"
   ]
  }, 
  {
   "begin": "8.520", 
   "end": "9.080", 
   "id": "f000013", 
   "language": "en", 
   "lines": [
    "shouted"
   ]
  }, 
  {
   "begin": "9.080", 
   "end": "9.760", 
   "id": "f000014", 
   "language": "en", 
   "lines": [
    "Ma,"
   ]
  }, 
  {
   "begin": "9.760", 
   "end": "10.200", 
   "id": "f000015", 
   "language": "en", 
   "lines": [
    "leaping"
   ]
  }, 
  {
   "begin": "10.200", 
   "end": "10.400", 
   "id": "f000016", 
   "language": "en", 
   "lines": [
    "up"
   ]
  }, 
  {
   "begin": "10.400", 
   "end": "10.520", 
   "id": "f000017", 
   "language": "en", 
   "lines": [
    "the"
   ]
  }, 
  {
   "begin": "10.520", 
   "end": "11.400", 
   "id": "f000018", 
   "language": "en", 
   "lines": [
    "table."
   ]
  }, 
  {
   "begin": "11.400", 
   "end": "11.640", 
   "id": "f000019", 
   "language": "en", 
   "lines": [
    "The"
   ]
  }, 
  {
   "begin": "11.640", 
   "end": "12.120", 
   "id": "f000020", 
   "language": "en", 
   "lines": [
    "plates"
   ]
  }, 
  {
   "begin": "12.120", 
   "end": "12.520", 
   "id": "f000021", 
   "language": "en", 
   "lines": [
    "fell"
   ]
  }, 
  {
   "begin": "12.520", 
   "end": "12.840", 
   "id": "f000022", 
   "language": "en", 
   "lines": [
    "with"
   ]
  }, 
  {
   "begin": "12.840", 
   "end": "12.880", 
   "id": "f000023", 
   "language": "en", 
   "lines": [
    "a"
   ]
  }, 
  {
   "begin": "12.880", 
   "end": "13.760", 
   "id": "f000024", 
   "language": "en", 
   "lines": [
    "crash."
   ]
  }
 ]
}