{
 "fragments": [
  {
   "begin": "0.000", 
   "end": "0.240", 
   "id": "f000001", 
   "language": "en", 
   "lines": [
    "The"
   ]
  }, 
  {
   "begin": "0.240", 
   "end": "1.120", 
   "id": "f000002", 
   "language": "en", 
   "lines": [
    "lehenga"
   ]
  }, 
  {
   "begin": "1.120", 
   "end": "1.560", 
   "id": "f000003", 
   "language": "en", 
   "lines": [
    "seems"
   ]
  }, 
  {
   "begin": "1.560", 
   "end": "1.800", 
   "id": "f000004", 
   "language": "en", 
   "lines": [
    "to"
   ]
  }, 
  {
   "begin": "1.800", 
   "end": "2.160", 
   "id": "f000005", 
   "language": "en", 
   "lines": [
    "trip"
   ]
  }, 
  {
   "begin": "2.160", 
   "end": "2.520", 
   "id": "f000006", 
   "language": "en", 
   "lines": [
    "me."
   ]
  }, 
  {
   "begin": "2.520", 
   "end": "3.600", 
   "id": "f000007", 
   "language": "en", 
   "lines": [
    "The"
   ]
  }, 
  {
   "begin": "3.600", 
   "end": "4.400", 
   "id": "f000008", 
   "language": "en", 
   "lines": [
    "choli"
   ]
  }, 
  {
   "begin": "4.400", 
   "end": "4.640", 
   "id": "f000009", 
   "language": "en", 
   "lines": [
    "does"
   ]
  }, 
  {
   "begin": "4.640", 
   "end": "4.920", 
   "id": "f000010", 
   "language": "en", 
   "lines": [
    "not"
   ]
  }, 
  {
   "begin": "4.920", 
   "end": "5.320", 
   "id": "f000011", 
   "language": "en", 
   "lines": [
    "fit"
   ]
  }, 
  {
   "begin": "5.320", 
   "end": "6.000", 
   "id": "f000012", 
   "language": "en", 
   "lines": [
    "me."
   ]
  }
 ]
}