{
 "fragments": [
  {
   "begin": "0.000", 
   "end": "0.320", 
   "id": "f000001", 
   "language": "en", 
   "lines": [
    "My"
   ]
  }, 
  {
   "begin": "0.320", 
   "end": "1.280", 
   "id": "f000002", 
   "language": "en", 
   "lines": [
    "salwar"
   ]
  }, 
  {
   "begin": "1.280", 
   "end": "2.080", 
   "id": "f000003", 
   "language": "en", 
   "lines": [
    "keeps"
   ]
  }, 
  {
   "begin": "2.080", 
   "end": "3.960", 
   "id": "f000004", 
   "language": "en", 
   "lines": [
    "slipping."
   ]
  }, 
  {
   "begin": "3.960", 
   "end": "4.080", 
   "id": "f000005", 
   "language": "en", 
   "lines": [
    "The"
   ]
  }, 
  {
   "begin": "4.080", 
   "end": "4.760", 
   "id": "f000006", 
   "language": "en", 
   "lines": [
    "golden"
   ]
  }, 
  {
   "begin": "4.760", 
   "end": "5.280", 
   "id": "f000007", 
   "language": "en", 
   "lines": [
    "zari"
   ]
  }, 
  {
   "begin": "5.280", 
   "end": "6.000", 
   "id": "f000008", 
   "language": "en", 
   "lines": [
    "keeps"
   ]
  }, 
  {
   "begin": "6.000", 
   "end": "6.840", 
   "id": "f000009", 
   "language": "en", 
   "lines": [
    "itching."
   ]
  }
 ]
}