{"id":80,"name":"What Shall I Wear Today?","writtenby":"Natasha Sharma","illustrationsby":"Tanvi Choudhury","translationby":"","source":"Pratham Books","status":"active","level":2,"pages":[{"id":835,"content":"Do you get the feeling sometimes that none of your clothes are just right? I do!","pageno":1,"image":"5a5a5cf973b53c3af2d3879553b40e58.jpg","audio":"77cde7a506644fafd9ef8336779c0675.mp3","audio_map":"a56af89ab8a85e688933fc770b67d5d8.json","language":[]},{"id":836,"content":"The shirt buttons trouble me. The pants feel too tight on me.","pageno":2,"image":"42fa5ceb78915637bb5e04a63a8d2d73.jpg","audio":"54217bae5d3a586c1efc1304a219b743.mp3","audio_map":"b50857a778577a542cf183a5b2decf27.json","language":[]},{"id":837,"content":"The lehenga seems to trip me. The choli does not fit me.","pageno":3,"image":"3a1450b0a2d6aada1350d0b80238f3dc.jpg","audio":"c0ff994b099c8e1a39193abcd08576da.mp3","audio_map":"18de8a631cc5720e5eb3464c9f60d583.json","language":[]},{"id":838,"content":"My salwar keeps slipping. The golden zari keeps itching.","pageno":4,"image":"116ab6d1ac69fb3813e74b768eb58913.jpg","audio":"3daba22980308f32357e39d75936d0dc.mp3","audio_map":"3e7aa869addc258cf0f4f02f805a3efb.json","language":[]},{"id":839,"content":"The churidaar pulls and tugs everywhere. Nothing perfect seems to be there.","pageno":5,"image":"0960836562c8f2a0755d21bb1ecb4b15.jpg","audio":"d8f14a91bd5f8cf354127c1eeb5ceb6f.mp3","audio_map":"4b74af9e5c247210fc88b24dd1df2212.json","language":[]},{"id":840,"content":"This frock is too bright. Brother's T-shirt? What a funny sight!","pageno":6,"image":"38c546d0586850b9fc3d5f7a05224e24.jpg","audio":"e9e20f49c57c87895704a54027c3d968.mp3","audio_map":"480022839ba3280e5868e14e049007cb.json","language":[]},{"id":841,"content":"Papa's kurta is rather long. Mummy's sari is wrapped all wrong. Some things are well out of my reach. Oh, it really makes me want to screech!","pageno":7,"image":"15410d1b91f2b1583bf6d8217a50765c.jpg","audio":"a2b007d5490082d4aa7bebddb09e7d62.mp3","audio_map":"43fd5e110382970482f1b1c3909663ee.json","language":[]},{"id":842,"content":"These clothes seem to say, \u2018We shall trouble you all day.\u2019 But I have made up my mind today...","pageno":8,"image":"c10eb414acd06276790204e1c3a7ed97.jpg","audio":"cc3de8cd48fd1fa0b9ee153a4702985a.mp3","audio_map":"a918f87daf19d0eb72de18ec042aeed4.json","language":[]},{"id":843,"content":"... to mix and match these clothes in a way that I have my very own style today!","pageno":9,"image":"0960721e746d27e5750d0eb533d634f3.jpg","audio":"975be1774ec62dab9d96c5f10a915b4f.mp3","audio_map":"bde00264d4e79e0adc7e28685cfc2af5.json","language":[]}],"language":[],"questions":[{"id":5705,"type":"pre","storypage_id":0,"order_number":1,"title":"Learning new words","question":{"question_type":"vocabulary","question":{"text":"Learning new words","image":"","type":"text"},"words":[{"word":"button","image":"cffc305ab4cb73668d39556e6ba49143.png"},{"word":"frock","image":"623f9b936ce2984b060afee65c291976.png"},{"word":"zari","image":"0b317b85c2bb41b4289a2576487eed2c.png"},{"word":"sari","image":"ff7dbbef84ee338cfd190d01dc7c0c9d.png"}]},"score":1,"question_template_id":21,"question_template":"Vocab"},{"id":5807,"type":"pre","storypage_id":0,"order_number":2,"title":"What do you think this story is about?","question":{"question_type":"mcq_single_answer","question":{"text":"What do you think this story is about?","image":"","type":"text"},"options":[{"text":"Clothes","type":"text","image":"","ans":1},{"text":"Shoes","type":"text","image":"","ans":0},{"text":"Hair","type":"text","image":"","ans":0},{"text":"Toys","type":"text","image":"","ans":0}],"answers":["Clothes"]},"score":1,"question_template_id":2,"question_template":"Text MCQ"},{"id":5814,"type":"post","storypage_id":0,"order_number":1,"title":"What is happening in this picture?","question":{"question_type":"story_read_aloud","question":{"text":"","image":"b364ded813a65fe12503b21a12d1b914.jpg","type":"image"}},"score":1,"question_template_id":8,"question_template":"MCQ with images"},{"id":5808,"type":"during","storypage_id":836,"order_number":1,"title":"Choose the correct answer.","question":{"question_type":"mcq_single_answer","question":{"text":"What bothers the girl about her shirt?","image":"","type":"text"},"options":[{"text":"The buttons.","type":"both","image":"b2d053b6d40d0ea18517799f1d756d2f.png","ans":1},{"text":"It's too loose.","type":"both","image":"af76bb9700c591e28e31328ec59f9305.png","ans":0},{"text":"It's too large.","type":"both","image":"332340e0b26b4a6541fceddecf39761a.png","ans":0},{"text":"It's the wrong colour.","type":"both","image":"b8654de6762039613116d761de02b892.png","ans":0}],"answers":["The buttons."]},"score":1,"question_template_id":2,"question_template":"Text MCQ"},{"id":5809,"type":"during","storypage_id":836,"order_number":2,"title":"Choose the correct answer.","question":{"question_type":"mcq_single_answer","question":{"text":"What bothers the girl about her pants?","image":"","type":"text"},"options":[{"text":"They're too tight.","type":"both","image":"0d4b464ea62ebbca7f726a14cae95e2e.png","ans":1},{"text":"They're too loose.","type":"both","image":"8afa58ddfbfbd9ed447f04b7712a5d8d.png","ans":0},{"text":"They're the wrong colour.","type":"both","image":"de54c2e30a742cb072bd8f5a0c7e54fe.png","ans":0},{"text":"They're the wrong shape.","type":"both","image":"eeed03d46c9d9ae1cf6aa583c57c1665.png","ans":0}],"answers":["They're too tight."]},"score":1,"question_template_id":2,"question_template":"Text MCQ"},{"id":5810,"type":"during","storypage_id":837,"order_number":3,"title":"Choose the correct answer.","question":{"question_type":"mcq_single_answer","question":{"text":"What bothers the girl about the lehenga?","image":"","type":"text"},"options":[{"text":"It makes her trip.","type":"both","image":"0adc1027caa969134aba02ab34e2257d.png","ans":1},{"text":"It's too short.","type":"both","image":"f610512219a909a945d765458d6d92f5.png","ans":0},{"text":"It's too tight.","type":"both","image":"76868d4376fc9232ce2b368f08074dc6.png","ans":0},{"text":"It's the wrong colour.","type":"both","image":"e8d377dbb9f9b12943ad47c3a8c63dbe.png","ans":0}],"answers":["It makes her trip."]},"score":1,"question_template_id":2,"question_template":"Text MCQ"},{"id":5811,"type":"during","storypage_id":837,"order_number":4,"title":"Choose the correct answer.","question":{"question_type":"mcq_single_answer","question":{"text":"What bothers the girl about the choli?","image":"","type":"text"},"options":[{"text":"It doesn't fit her.","type":"both","image":"2b573bbceb8a202670ce643b12003a47.png","ans":1},{"text":"It's design.","type":"both","image":"b1c6326f40cc4c71ef37234df6aef973.png","ans":0},{"text":"It's buttons.","type":"both","image":"2b092e652615945fc47c161f6db5c208.png","ans":0},{"text":"It's the wrong colour.","type":"both","image":"e758e35dcc02965a132bd202d420c0c8.png","ans":0}],"answers":["It doesn't fit her."]},"score":1,"question_template_id":2,"question_template":"Text MCQ"},{"id":5812,"type":"during","storypage_id":838,"order_number":5,"title":"Choose the correct answer.","question":{"question_type":"mcq_single_answer","question":{"text":"What keeps happening to the girl's salwar?","image":"","type":"text"},"options":[{"text":"It keeps slipping.","type":"both","image":"ff2380a36888b59bb7baba4b970e2c96.png","ans":1},{"text":"It keeps tearing.","type":"both","image":"7f094a72d125c649f0816ba9c339745d.png","ans":0},{"text":"It makes her trip.","type":"both","image":"d2d2096686774f972c164dee34d0bc30.png","ans":0},{"text":"It makes her sneeze.","type":"both","image":"a15ddb55bfa8c9e1a7163ec379379fd3.png","ans":0}],"answers":["It keeps slipping."]},"score":1,"question_template_id":2,"question_template":"Text MCQ"},{"id":5813,"type":"during","storypage_id":843,"order_number":6,"title":"Choose the correct answer.","question":{"question_type":"mcq_single_answer","question":{"text":"What does the girl decide to do in the end?","image":"","type":"text"},"options":[{"text":"To mix and match.","type":"both","image":"ea5430d24d0edcc6c562a74810e6257a.png","ans":1},{"text":"To burn all her clothes.","type":"both","image":"373befa7cd11dc08645dd05eebd39495.png","ans":0},{"text":"To lose weight.","type":"both","image":"2ebbae711c6de62ca56fbca6b46e4a67.png","ans":0},{"text":"To buy new clothes.","type":"both","image":"fa1175f460bdfc6d9820a0910ff873d6.png","ans":0}],"answers":["To mix and match."]},"score":1,"question_template_id":2,"question_template":"Text MCQ"}]}