{
 "fragments": [
  {
   "begin": "0.000", 
   "end": "0.360", 
   "id": "f000001", 
   "language": "en", 
   "lines": [
    "Do"
   ]
  }, 
  {
   "begin": "0.360", 
   "end": "0.760", 
   "id": "f000002", 
   "language": "en", 
   "lines": [
    "you"
   ]
  }, 
  {
   "begin": "0.760", 
   "end": "0.960", 
   "id": "f000003", 
   "language": "en", 
   "lines": [
    "get"
   ]
  }, 
  {
   "begin": "0.960", 
   "end": "1.120", 
   "id": "f000004", 
   "language": "en", 
   "lines": [
    "the"
   ]
  }, 
  {
   "begin": "1.120", 
   "end": "1.520", 
   "id": "f000005", 
   "language": "en", 
   "lines": [
    "feeling"
   ]
  }, 
  {
   "begin": "1.520", 
   "end": "2.720", 
   "id": "f000006", 
   "language": "en", 
   "lines": [
    "sometimes"
   ]
  }, 
  {
   "begin": "2.720", 
   "end": "3.360", 
   "id": "f000007", 
   "language": "en", 
   "lines": [
    "that"
   ]
  }, 
  {
   "begin": "3.360", 
   "end": "3.720", 
   "id": "f000008", 
   "language": "en", 
   "lines": [
    "none"
   ]
  }, 
  {
   "begin": "3.720", 
   "end": "3.720", 
   "id": "f000009", 
   "language": "en", 
   "lines": [
    "of"
   ]
  }, 
  {
   "begin": "3.720", 
   "end": "3.760", 
   "id": "f000010", 
   "language": "en", 
   "lines": [
    "your"
   ]
  }, 
  {
   "begin": "3.760", 
   "end": "4.240", 
   "id": "f000011", 
   "language": "en", 
   "lines": [
    "clothes"
   ]
  }, 
  {
   "begin": "4.240", 
   "end": "4.360", 
   "id": "f000012", 
   "language": "en", 
   "lines": [
    "are"
   ]
  }, 
  {
   "begin": "4.360", 
   "end": "4.800", 
   "id": "f000013", 
   "language": "en", 
   "lines": [
    "just"
   ]
  }, 
  {
   "begin": "4.800", 
   "end": "5.920", 
   "id": "f000014", 
   "language": "en", 
   "lines": [
    "right?"
   ]
  }, 
  {
   "begin": "5.920", 
   "end": "6.320", 
   "id": "f000015", 
   "language": "en", 
   "lines": [
    "I"
   ]
  }, 
  {
   "begin": "6.320", 
   "end": "7.240", 
   "id": "f000016", 
   "language": "en", 
   "lines": [
    "do!"
   ]
  }
 ]
}