{
 "fragments": [
  {
   "begin": "0.000", 
   "end": "0.240", 
   "id": "f000001", 
   "language": "en", 
   "lines": [
    "The"
   ]
  }, 
  {
   "begin": "0.240", 
   "end": "0.880", 
   "id": "f000002", 
   "language": "en", 
   "lines": [
    "shirt"
   ]
  }, 
  {
   "begin": "0.880", 
   "end": "1.440", 
   "id": "f000003", 
   "language": "en", 
   "lines": [
    "buttons"
   ]
  }, 
  {
   "begin": "1.440", 
   "end": "1.840", 
   "id": "f000004", 
   "language": "en", 
   "lines": [
    "trouble"
   ]
  }, 
  {
   "begin": "1.840", 
   "end": "2.960", 
   "id": "f000005", 
   "language": "en", 
   "lines": [
    "me."
   ]
  }, 
  {
   "begin": "2.960", 
   "end": "3.160", 
   "id": "f000006", 
   "language": "en", 
   "lines": [
    "The"
   ]
  }, 
  {
   "begin": "3.160", 
   "end": "4.000", 
   "id": "f000007", 
   "language": "en", 
   "lines": [
    "pants"
   ]
  }, 
  {
   "begin": "4.000", 
   "end": "4.440", 
   "id": "f000008", 
   "language": "en", 
   "lines": [
    "feel"
   ]
  }, 
  {
   "begin": "4.440", 
   "end": "4.880", 
   "id": "f000009", 
   "language": "en", 
   "lines": [
    "too"
   ]
  }, 
  {
   "begin": "4.880", 
   "end": "5.320", 
   "id": "f000010", 
   "language": "en", 
   "lines": [
    "tight"
   ]
  }, 
  {
   "begin": "5.320", 
   "end": "5.560", 
   "id": "f000011", 
   "language": "en", 
   "lines": [
    "on"
   ]
  }, 
  {
   "begin": "5.560", 
   "end": "6.320", 
   "id": "f000012", 
   "language": "en", 
   "lines": [
    "me."
   ]
  }
 ]
}