{
 "fragments": [
  {
   "begin": "0.000", 
   "end": "0.000", 
   "id": "f000001", 
   "language": "en", 
   "lines": [
    "..."
   ]
  }, 
  {
   "begin": "0.000", 
   "end": "0.680", 
   "id": "f000002", 
   "language": "en", 
   "lines": [
    "to"
   ]
  }, 
  {
   "begin": "0.680", 
   "end": "0.880", 
   "id": "f000003", 
   "language": "en", 
   "lines": [
    "mix"
   ]
  }, 
  {
   "begin": "0.880", 
   "end": "1.200", 
   "id": "f000004", 
   "language": "en", 
   "lines": [
    "and"
   ]
  }, 
  {
   "begin": "1.200", 
   "end": "1.600", 
   "id": "f000005", 
   "language": "en", 
   "lines": [
    "match"
   ]
  }, 
  {
   "begin": "1.600", 
   "end": "1.920", 
   "id": "f000006", 
   "language": "en", 
   "lines": [
    "these"
   ]
  }, 
  {
   "begin": "1.920", 
   "end": "2.400", 
   "id": "f000007", 
   "language": "en", 
   "lines": [
    "clothes"
   ]
  }, 
  {
   "begin": "2.400", 
   "end": "2.440", 
   "id": "f000008", 
   "language": "en", 
   "lines": [
    "in"
   ]
  }, 
  {
   "begin": "2.440", 
   "end": "2.720", 
   "id": "f000009", 
   "language": "en", 
   "lines": [
    "a"
   ]
  }, 
  {
   "begin": "2.720", 
   "end": "3.640", 
   "id": "f000010", 
   "language": "en", 
   "lines": [
    "way"
   ]
  }, 
  {
   "begin": "3.640", 
   "end": "3.920", 
   "id": "f000011", 
   "language": "en", 
   "lines": [
    "that"
   ]
  }, 
  {
   "begin": "3.920", 
   "end": "4.120", 
   "id": "f000012", 
   "language": "en", 
   "lines": [
    "I"
   ]
  }, 
  {
   "begin": "4.120", 
   "end": "4.680", 
   "id": "f000013", 
   "language": "en", 
   "lines": [
    "have"
   ]
  }, 
  {
   "begin": "4.680", 
   "end": "5.040", 
   "id": "f000014", 
   "language": "en", 
   "lines": [
    "my"
   ]
  }, 
  {
   "begin": "5.040", 
   "end": "5.720", 
   "id": "f000015", 
   "language": "en", 
   "lines": [
    "very"
   ]
  }, 
  {
   "begin": "5.720", 
   "end": "6.160", 
   "id": "f000016", 
   "language": "en", 
   "lines": [
    "own"
   ]
  }, 
  {
   "begin": "6.160", 
   "end": "6.560", 
   "id": "f000017", 
   "language": "en", 
   "lines": [
    "style"
   ]
  }, 
  {
   "begin": "6.560", 
   "end": "7.440", 
   "id": "f000018", 
   "language": "en", 
   "lines": [
    "today!"
   ]
  }
 ]
}