{
 "fragments": [
  {
   "begin": "0.000", 
   "end": "0.360", 
   "id": "f000001", 
   "language": "en", 
   "lines": [
    "At"
   ]
  }, 
  {
   "begin": "0.360", 
   "end": "1.360", 
   "id": "f000002", 
   "language": "en", 
   "lines": [
    "home,"
   ]
  }, 
  {
   "begin": "1.360", 
   "end": "1.600", 
   "id": "f000003", 
   "language": "en", 
   "lines": [
    "after"
   ]
  }, 
  {
   "begin": "1.600", 
   "end": "2.080", 
   "id": "f000004", 
   "language": "en", 
   "lines": [
    "they"
   ]
  }, 
  {
   "begin": "2.080", 
   "end": "2.400", 
   "id": "f000005", 
   "language": "en", 
   "lines": [
    "had"
   ]
  }, 
  {
   "begin": "2.400", 
   "end": "2.520", 
   "id": "f000006", 
   "language": "en", 
   "lines": [
    "put"
   ]
  }, 
  {
   "begin": "2.520", 
   "end": "3.080", 
   "id": "f000007", 
   "language": "en", 
   "lines": [
    "everything"
   ]
  }, 
  {
   "begin": "3.080", 
   "end": "3.720", 
   "id": "f000008", 
   "language": "en", 
   "lines": [
    "away,"
   ]
  }, 
  {
   "begin": "3.720", 
   "end": "4.640", 
   "id": "f000009", 
   "language": "en", 
   "lines": [
    "Cheenu\u2019s"
   ]
  }, 
  {
   "begin": "4.640", 
   "end": "5.040", 
   "id": "f000010", 
   "language": "en", 
   "lines": [
    "father"
   ]
  }, 
  {
   "begin": "5.040", 
   "end": "5.440", 
   "id": "f000011", 
   "language": "en", 
   "lines": [
    "called"
   ]
  }, 
  {
   "begin": "5.440", 
   "end": "5.760", 
   "id": "f000012", 
   "language": "en", 
   "lines": [
    "him."
   ]
  }, 
  {
   "begin": "5.760", 
   "end": "6.720", 
   "id": "f000013", 
   "language": "en", 
   "lines": [
    "\u201cI"
   ]
  }, 
  {
   "begin": "6.720", 
   "end": "7.000", 
   "id": "f000014", 
   "language": "en", 
   "lines": [
    "have"
   ]
  }, 
  {
   "begin": "7.000", 
   "end": "7.520", 
   "id": "f000015", 
   "language": "en", 
   "lines": [
    "something"
   ]
  }, 
  {
   "begin": "7.520", 
   "end": "7.760", 
   "id": "f000016", 
   "language": "en", 
   "lines": [
    "for"
   ]
  }, 
  {
   "begin": "7.760", 
   "end": "8.920", 
   "id": "f000017", 
   "language": "en", 
   "lines": [
    "you,\u201d"
   ]
  }, 
  {
   "begin": "8.920", 
   "end": "9.080", 
   "id": "f000018", 
   "language": "en", 
   "lines": [
    "he"
   ]
  }, 
  {
   "begin": "9.080", 
   "end": "9.440", 
   "id": "f000019", 
   "language": "en", 
   "lines": [
    "said."
   ]
  }, 
  {
   "begin": "9.440", 
   "end": "10.160", 
   "id": "f000020", 
   "language": "en", 
   "lines": [
    "&nbsp;"
   ]
  }, 
  {
   "begin": "10.160", 
   "end": "10.360", 
   "id": "f000021", 
   "language": "en", 
   "lines": [
    "It"
   ]
  }, 
  {
   "begin": "10.360", 
   "end": "10.600", 
   "id": "f000022", 
   "language": "en", 
   "lines": [
    "was"
   ]
  }, 
  {
   "begin": "10.600", 
   "end": "10.840", 
   "id": "f000023", 
   "language": "en", 
   "lines": [
    "the"
   ]
  }, 
  {
   "begin": "10.840", 
   "end": "11.200", 
   "id": "f000024", 
   "language": "en", 
   "lines": [
    "book"
   ]
  }, 
  {
   "begin": "11.200", 
   "end": "11.880", 
   "id": "f000025", 
   "language": "en", 
   "lines": [
    "Cheenu"
   ]
  }, 
  {
   "begin": "11.880", 
   "end": "12.120", 
   "id": "f000026", 
   "language": "en", 
   "lines": [
    "had"
   ]
  }, 
  {
   "begin": "12.120", 
   "end": "12.160", 
   "id": "f000027", 
   "language": "en", 
   "lines": [
    "been"
   ]
  }, 
  {
   "begin": "12.160", 
   "end": "12.520", 
   "id": "f000028", 
   "language": "en", 
   "lines": [
    "looking"
   ]
  }, 
  {
   "begin": "12.520", 
   "end": "12.560", 
   "id": "f000029", 
   "language": "en", 
   "lines": [
    "at"
   ]
  }, 
  {
   "begin": "12.560", 
   "end": "12.760", 
   "id": "f000030", 
   "language": "en", 
   "lines": [
    "all"
   ]
  }, 
  {
   "begin": "12.760", 
   "end": "13.160", 
   "id": "f000031", 
   "language": "en", 
   "lines": [
    "afternoon!"
   ]
  }, 
  {
   "begin": "13.160", 
   "end": "15.040", 
   "id": "f000032", 
   "language": "en", 
   "lines": [
    "&nbsp;\u201cThank"
   ]
  }, 
  {
   "begin": "15.040", 
   "end": "15.520", 
   "id": "f000033", 
   "language": "en", 
   "lines": [
    "you,"
   ]
  }, 
  {
   "begin": "15.520", 
   "end": "16.360", 
   "id": "f000034", 
   "language": "en", 
   "lines": [
    "Naana*!\u201d"
   ]
  }, 
  {
   "begin": "16.360", 
   "end": "17.320", 
   "id": "f000035", 
   "language": "en", 
   "lines": [
    "Cheenu"
   ]
  }, 
  {
   "begin": "17.320", 
   "end": "18.280", 
   "id": "f000036", 
   "language": "en", 
   "lines": [
    "said."
   ]
  }, 
  {
   "begin": "18.280", 
   "end": "18.520", 
   "id": "f000037", 
   "language": "en", 
   "lines": [
    "After"
   ]
  }, 
  {
   "begin": "18.520", 
   "end": "18.520", 
   "id": "f000038", 
   "language": "en", 
   "lines": [
    "that,"
   ]
  }, 
  {
   "begin": "18.520", 
   "end": "18.640", 
   "id": "f000039", 
   "language": "en", 
   "lines": [
    "they"
   ]
  }, 
  {
   "begin": "18.640", 
   "end": "19.000", 
   "id": "f000040", 
   "language": "en", 
   "lines": [
    "had"
   ]
  }, 
  {
   "begin": "19.000", 
   "end": "19.200", 
   "id": "f000041", 
   "language": "en", 
   "lines": [
    "to"
   ]
  }, 
  {
   "begin": "19.200", 
   "end": "19.440", 
   "id": "f000042", 
   "language": "en", 
   "lines": [
    "call"
   ]
  }, 
  {
   "begin": "19.440", 
   "end": "19.720", 
   "id": "f000043", 
   "language": "en", 
   "lines": [
    "him"
   ]
  }, 
  {
   "begin": "19.720", 
   "end": "19.720", 
   "id": "f000044", 
   "language": "en", 
   "lines": [
    "three"
   ]
  }, 
  {
   "begin": "19.720", 
   "end": "19.880", 
   "id": "f000045", 
   "language": "en", 
   "lines": [
    "times"
   ]
  }, 
  {
   "begin": "19.880", 
   "end": "19.880", 
   "id": "f000046", 
   "language": "en", 
   "lines": [
    "to"
   ]
  }, 
  {
   "begin": "19.880", 
   "end": "19.880", 
   "id": "f000047", 
   "language": "en", 
   "lines": [
    "come"
   ]
  }, 
  {
   "begin": "19.880", 
   "end": "19.880", 
   "id": "f000048", 
   "language": "en", 
   "lines": [
    "and"
   ]
  }, 
  {
   "begin": "19.880", 
   "end": "19.880", 
   "id": "f000049", 
   "language": "en", 
   "lines": [
    "have"
   ]
  }, 
  {
   "begin": "19.880", 
   "end": "19.920", 
   "id": "f000050", 
   "language": "en", 
   "lines": [
    "dinner!\n\n"
   ]
  }, 
  {
   "begin": "19.920", 
   "end": "20.240", 
   "id": "f000051", 
   "language": "en", 
   "lines": [
    ""
   ]
  }, 
  {
   "begin": "20.240", 
   "end": "20.920", 
   "id": "f000052", 
   "language": "en", 
   "lines": [
    ""
   ]
  }, 
  {
   "begin": "20.920", 
   "end": "21.120", 
   "id": "f000053", 
   "language": "en", 
   "lines": [
    ""
   ]
  }, 
  {
   "begin": "21.120", 
   "end": "21.640", 
   "id": "f000054", 
   "language": "en", 
   "lines": [
    ""
   ]
  }, 
  {
   "begin": "21.640", 
   "end": "22.320", 
   "id": "f000055", 
   "language": "en", 
   "lines": [
    "*Naana:"
   ]
  }, 
  {
   "begin": "22.320", 
   "end": "22.600", 
   "id": "f000056", 
   "language": "en", 
   "lines": [
    "Father"
   ]
  }, 
  {
   "begin": "22.600", 
   "end": "22.640", 
   "id": "f000057", 
   "language": "en", 
   "lines": [
    "in"
   ]
  }, 
  {
   "begin": "22.640", 
   "end": "23.680", 
   "id": "f000058", 
   "language": "en", 
   "lines": [
    "Telugu."
   ]
  }
 ]
}