{
 "fragments": [
  {
   "begin": "0.000", 
   "end": "0.720", 
   "id": "f000001", 
   "language": "en", 
   "lines": [
    "Cheenu"
   ]
  }, 
  {
   "begin": "0.720", 
   "end": "1.120", 
   "id": "f000002", 
   "language": "en", 
   "lines": [
    "ran"
   ]
  }, 
  {
   "begin": "1.120", 
   "end": "1.560", 
   "id": "f000003", 
   "language": "en", 
   "lines": [
    "to"
   ]
  }, 
  {
   "begin": "1.560", 
   "end": "2.240", 
   "id": "f000004", 
   "language": "en", 
   "lines": [
    "the"
   ]
  }, 
  {
   "begin": "2.240", 
   "end": "2.760", 
   "id": "f000005", 
   "language": "en", 
   "lines": [
    "bandi"
   ]
  }, 
  {
   "begin": "2.760", 
   "end": "3.360", 
   "id": "f000006", 
   "language": "en", 
   "lines": [
    "to"
   ]
  }, 
  {
   "begin": "3.360", 
   "end": "3.640", 
   "id": "f000007", 
   "language": "en", 
   "lines": [
    "get"
   ]
  }, 
  {
   "begin": "3.640", 
   "end": "3.840", 
   "id": "f000008", 
   "language": "en", 
   "lines": [
    "another"
   ]
  }, 
  {
   "begin": "3.840", 
   "end": "3.840", 
   "id": "f000009", 
   "language": "en", 
   "lines": [
    "empty"
   ]
  }, 
  {
   "begin": "3.840", 
   "end": "3.840", 
   "id": "f000010", 
   "language": "en", 
   "lines": [
    "sack."
   ]
  }, 
  {
   "begin": "3.840", 
   "end": "3.840", 
   "id": "f000011", 
   "language": "en", 
   "lines": [
    "They"
   ]
  }, 
  {
   "begin": "3.840", 
   "end": "3.920", 
   "id": "f000012", 
   "language": "en", 
   "lines": [
    "were"
   ]
  }, 
  {
   "begin": "3.920", 
   "end": "4.720", 
   "id": "f000013", 
   "language": "en", 
   "lines": [
    "going"
   ]
  }, 
  {
   "begin": "4.720", 
   "end": "4.720", 
   "id": "f000014", 
   "language": "en", 
   "lines": [
    "up"
   ]
  }, 
  {
   "begin": "4.720", 
   "end": "4.720", 
   "id": "f000015", 
   "language": "en", 
   "lines": [
    "in"
   ]
  }, 
  {
   "begin": "4.720", 
   "end": "4.760", 
   "id": "f000016", 
   "language": "en", 
   "lines": [
    "a"
   ]
  }, 
  {
   "begin": "4.760", 
   "end": "5.000", 
   "id": "f000017", 
   "language": "en", 
   "lines": [
    "lift!"
   ]
  }, 
  {
   "begin": "5.000", 
   "end": "5.160", 
   "id": "f000018", 
   "language": "en", 
   "lines": [
    "Cheenu's"
   ]
  }, 
  {
   "begin": "5.160", 
   "end": "5.640", 
   "id": "f000019", 
   "language": "en", 
   "lines": [
    "eyes"
   ]
  }, 
  {
   "begin": "5.640", 
   "end": "5.720", 
   "id": "f000020", 
   "language": "en", 
   "lines": [
    "grew"
   ]
  }, 
  {
   "begin": "5.720", 
   "end": "5.760", 
   "id": "f000021", 
   "language": "en", 
   "lines": [
    "big"
   ]
  }, 
  {
   "begin": "5.760", 
   "end": "6.280", 
   "id": "f000022", 
   "language": "en", 
   "lines": [
    "and"
   ]
  }, 
  {
   "begin": "6.280", 
   "end": "6.800", 
   "id": "f000023", 
   "language": "en", 
   "lines": [
    "round!"
   ]
  }
 ]
}