{
 "fragments": [
  {
   "begin": "0.000", 
   "end": "0.480", 
   "id": "f000001", 
   "language": "en", 
   "lines": [
    "From"
   ]
  }, 
  {
   "begin": "0.480", 
   "end": "0.840", 
   "id": "f000002", 
   "language": "en", 
   "lines": [
    "this"
   ]
  }, 
  {
   "begin": "0.840", 
   "end": "1.440", 
   "id": "f000003", 
   "language": "en", 
   "lines": [
    "house,"
   ]
  }, 
  {
   "begin": "1.440", 
   "end": "2.680", 
   "id": "f000004", 
   "language": "en", 
   "lines": [
    "newspapers."
   ]
  }, 
  {
   "begin": "2.680", 
   "end": "2.960", 
   "id": "f000005", 
   "language": "en", 
   "lines": [
    "From"
   ]
  }, 
  {
   "begin": "2.960", 
   "end": "3.280", 
   "id": "f000006", 
   "language": "en", 
   "lines": [
    "that"
   ]
  }, 
  {
   "begin": "3.280", 
   "end": "3.920", 
   "id": "f000007", 
   "language": "en", 
   "lines": [
    "one,"
   ]
  }, 
  {
   "begin": "3.920", 
   "end": "4.440", 
   "id": "f000008", 
   "language": "en", 
   "lines": [
    "newspapers"
   ]
  }, 
  {
   "begin": "4.440", 
   "end": "4.720", 
   "id": "f000009", 
   "language": "en", 
   "lines": [
    "and"
   ]
  }, 
  {
   "begin": "4.720", 
   "end": "6.080", 
   "id": "f000010", 
   "language": "en", 
   "lines": [
    "magazines."
   ]
  }, 
  {
   "begin": "6.080", 
   "end": "6.360", 
   "id": "f000011", 
   "language": "en", 
   "lines": [
    "From"
   ]
  }, 
  {
   "begin": "6.360", 
   "end": "6.520", 
   "id": "f000012", 
   "language": "en", 
   "lines": [
    "the"
   ]
  }, 
  {
   "begin": "6.520", 
   "end": "6.920", 
   "id": "f000013", 
   "language": "en", 
   "lines": [
    "ground"
   ]
  }, 
  {
   "begin": "6.920", 
   "end": "7.720", 
   "id": "f000014", 
   "language": "en", 
   "lines": [
    "floor,"
   ]
  }, 
  {
   "begin": "7.720", 
   "end": "8.280", 
   "id": "f000015", 
   "language": "en", 
   "lines": [
    "newspapers"
   ]
  }, 
  {
   "begin": "8.280", 
   "end": "8.880", 
   "id": "f000016", 
   "language": "en", 
   "lines": [
    "and"
   ]
  }, 
  {
   "begin": "8.880", 
   "end": "10.240", 
   "id": "f000017", 
   "language": "en", 
   "lines": [
    "magazines"
   ]
  }, 
  {
   "begin": "10.240", 
   "end": "10.560", 
   "id": "f000018", 
   "language": "en", 
   "lines": [
    "and"
   ]
  }, 
  {
   "begin": "10.560", 
   "end": "10.920", 
   "id": "f000019", 
   "language": "en", 
   "lines": [
    "empty"
   ]
  }, 
  {
   "begin": "10.920", 
   "end": "11.720", 
   "id": "f000020", 
   "language": "en", 
   "lines": [
    "bottles."
   ]
  }
 ]
}