{
 "fragments": [
  {
   "begin": "0.000", 
   "end": "0.280", 
   "id": "f000001", 
   "language": "en", 
   "lines": [
    "While"
   ]
  }, 
  {
   "begin": "0.280", 
   "end": "0.840", 
   "id": "f000002", 
   "language": "en", 
   "lines": [
    "his"
   ]
  }, 
  {
   "begin": "0.840", 
   "end": "1.480", 
   "id": "f000003", 
   "language": "en", 
   "lines": [
    "father"
   ]
  }, 
  {
   "begin": "1.480", 
   "end": "1.840", 
   "id": "f000004", 
   "language": "en", 
   "lines": [
    "was"
   ]
  }, 
  {
   "begin": "1.840", 
   "end": "2.400", 
   "id": "f000005", 
   "language": "en", 
   "lines": [
    "talking"
   ]
  }, 
  {
   "begin": "2.400", 
   "end": "2.480", 
   "id": "f000006", 
   "language": "en", 
   "lines": [
    "to"
   ]
  }, 
  {
   "begin": "2.480", 
   "end": "3.040", 
   "id": "f000007", 
   "language": "en", 
   "lines": [
    "the"
   ]
  }, 
  {
   "begin": "3.040", 
   "end": "3.440", 
   "id": "f000008", 
   "language": "en", 
   "lines": [
    "lady,"
   ]
  }, 
  {
   "begin": "3.440", 
   "end": "3.560", 
   "id": "f000009", 
   "language": "en", 
   "lines": [
    "Cheenu"
   ]
  }, 
  {
   "begin": "3.560", 
   "end": "3.720", 
   "id": "f000010", 
   "language": "en", 
   "lines": [
    "put"
   ]
  }, 
  {
   "begin": "3.720", 
   "end": "4.160", 
   "id": "f000011", 
   "language": "en", 
   "lines": [
    "everything"
   ]
  }, 
  {
   "begin": "4.160", 
   "end": "4.200", 
   "id": "f000012", 
   "language": "en", 
   "lines": [
    "away"
   ]
  }, 
  {
   "begin": "4.200", 
   "end": "4.480", 
   "id": "f000013", 
   "language": "en", 
   "lines": [
    "so"
   ]
  }, 
  {
   "begin": "4.480", 
   "end": "4.800", 
   "id": "f000014", 
   "language": "en", 
   "lines": [
    "that"
   ]
  }, 
  {
   "begin": "4.800", 
   "end": "5.040", 
   "id": "f000015", 
   "language": "en", 
   "lines": [
    "the"
   ]
  }, 
  {
   "begin": "5.040", 
   "end": "5.320", 
   "id": "f000016", 
   "language": "en", 
   "lines": [
    "books"
   ]
  }, 
  {
   "begin": "5.320", 
   "end": "5.520", 
   "id": "f000017", 
   "language": "en", 
   "lines": [
    "were"
   ]
  }, 
  {
   "begin": "5.520", 
   "end": "5.680", 
   "id": "f000018", 
   "language": "en", 
   "lines": [
    "right"
   ]
  }, 
  {
   "begin": "5.680", 
   "end": "5.800", 
   "id": "f000019", 
   "language": "en", 
   "lines": [
    "on"
   ]
  }, 
  {
   "begin": "5.800", 
   "end": "5.800", 
   "id": "f000020", 
   "language": "en", 
   "lines": [
    "top."
   ]
  }, 
  {
   "begin": "5.800", 
   "end": "5.800", 
   "id": "f000021", 
   "language": "en", 
   "lines": [
    "Where"
   ]
  }, 
  {
   "begin": "5.800", 
   "end": "6.200", 
   "id": "f000022", 
   "language": "en", 
   "lines": [
    "he"
   ]
  }, 
  {
   "begin": "6.200", 
   "end": "6.600", 
   "id": "f000023", 
   "language": "en", 
   "lines": [
    "could"
   ]
  }, 
  {
   "begin": "6.600", 
   "end": "6.960", 
   "id": "f000024", 
   "language": "en", 
   "lines": [
    "look"
   ]
  }, 
  {
   "begin": "6.960", 
   "end": "7.160", 
   "id": "f000025", 
   "language": "en", 
   "lines": [
    "at"
   ]
  }, 
  {
   "begin": "7.160", 
   "end": "7.840", 
   "id": "f000026", 
   "language": "en", 
   "lines": [
    "them!"
   ]
  }
 ]
}