{
 "fragments": [
  {
   "begin": "0.000", 
   "end": "0.760", 
   "id": "f000001", 
   "language": "en", 
   "lines": [
    "Cheenu"
   ]
  }, 
  {
   "begin": "0.760", 
   "end": "1.240", 
   "id": "f000002", 
   "language": "en", 
   "lines": [
    "jumped"
   ]
  }, 
  {
   "begin": "1.240", 
   "end": "1.440", 
   "id": "f000003", 
   "language": "en", 
   "lines": [
    "on"
   ]
  }, 
  {
   "begin": "1.440", 
   "end": "1.600", 
   "id": "f000004", 
   "language": "en", 
   "lines": [
    "to"
   ]
  }, 
  {
   "begin": "1.600", 
   "end": "1.720", 
   "id": "f000005", 
   "language": "en", 
   "lines": [
    "the"
   ]
  }, 
  {
   "begin": "1.720", 
   "end": "2.600", 
   "id": "f000006", 
   "language": "en", 
   "lines": [
    "bandi"
   ]
  }, 
  {
   "begin": "2.600", 
   "end": "2.800", 
   "id": "f000007", 
   "language": "en", 
   "lines": [
    "and"
   ]
  }, 
  {
   "begin": "2.800", 
   "end": "3.240", 
   "id": "f000008", 
   "language": "en", 
   "lines": [
    "dangled"
   ]
  }, 
  {
   "begin": "3.240", 
   "end": "3.520", 
   "id": "f000009", 
   "language": "en", 
   "lines": [
    "his"
   ]
  }, 
  {
   "begin": "3.520", 
   "end": "4.800", 
   "id": "f000010", 
   "language": "en", 
   "lines": [
    "legs."
   ]
  }, 
  {
   "begin": "4.800", 
   "end": "5.040", 
   "id": "f000011", 
   "language": "en", 
   "lines": [
    "His"
   ]
  }, 
  {
   "begin": "5.040", 
   "end": "5.480", 
   "id": "f000012", 
   "language": "en", 
   "lines": [
    "father"
   ]
  }, 
  {
   "begin": "5.480", 
   "end": "5.840", 
   "id": "f000013", 
   "language": "en", 
   "lines": [
    "pushed"
   ]
  }, 
  {
   "begin": "5.840", 
   "end": "6.000", 
   "id": "f000014", 
   "language": "en", 
   "lines": [
    "the"
   ]
  }, 
  {
   "begin": "6.000", 
   "end": "6.520", 
   "id": "f000015", 
   "language": "en", 
   "lines": [
    "bandi*,"
   ]
  }, 
  {
   "begin": "6.520", 
   "end": "7.480", 
   "id": "f000016", 
   "language": "en", 
   "lines": [
    "shouting,"
   ]
  }, 
  {
   "begin": "7.480", 
   "end": "8.360", 
   "id": "f000017", 
   "language": "en", 
   "lines": [
    "\u201cPaperwala\u2026"
   ]
  }, 
  {
   "begin": "8.360", 
   "end": "9.600", 
   "id": "f000018", 
   "language": "en", 
   "lines": [
    "kaidalu!!!\u201d"
   ]
  }, 
  {
   "begin": "9.600", 
   "end": "10.480", 
   "id": "f000019", 
   "language": "en", 
   "lines": [
    "&nbsp;"
   ]
  }, 
  {
   "begin": "10.480", 
   "end": "11.760", 
   "id": "f000020", 
   "language": "en", 
   "lines": [
    "Cheenu"
   ]
  }, 
  {
   "begin": "11.760", 
   "end": "12.080", 
   "id": "f000021", 
   "language": "en", 
   "lines": [
    "also"
   ]
  }, 
  {
   "begin": "12.080", 
   "end": "12.400", 
   "id": "f000022", 
   "language": "en", 
   "lines": [
    "shouted."
   ]
  }, 
  {
   "begin": "12.400", 
   "end": "13.280", 
   "id": "f000023", 
   "language": "en", 
   "lines": [
    "They"
   ]
  }, 
  {
   "begin": "13.280", 
   "end": "13.760", 
   "id": "f000024", 
   "language": "en", 
   "lines": [
    "were"
   ]
  }, 
  {
   "begin": "13.760", 
   "end": "14.480", 
   "id": "f000025", 
   "language": "en", 
   "lines": [
    "quite"
   ]
  }, 
  {
   "begin": "14.480", 
   "end": "14.960", 
   "id": "f000026", 
   "language": "en", 
   "lines": [
    "loud!"
   ]
  }, 
  {
   "begin": "14.960", 
   "end": "15.560", 
   "id": "f000027", 
   "language": "en", 
   "lines": [
    "When"
   ]
  }, 
  {
   "begin": "15.560", 
   "end": "15.880", 
   "id": "f000028", 
   "language": "en", 
   "lines": [
    "a"
   ]
  }, 
  {
   "begin": "15.880", 
   "end": "16.640", 
   "id": "f000029", 
   "language": "en", 
   "lines": [
    "watchman"
   ]
  }, 
  {
   "begin": "16.640", 
   "end": "17.000", 
   "id": "f000030", 
   "language": "en", 
   "lines": [
    "stopped"
   ]
  }, 
  {
   "begin": "17.000", 
   "end": "17.480", 
   "id": "f000031", 
   "language": "en", 
   "lines": [
    "them,"
   ]
  }, 
  {
   "begin": "17.480", 
   "end": "18.080", 
   "id": "f000032", 
   "language": "en", 
   "lines": [
    "Cheenu"
   ]
  }, 
  {
   "begin": "18.080", 
   "end": "18.520", 
   "id": "f000033", 
   "language": "en", 
   "lines": [
    "jumped"
   ]
  }, 
  {
   "begin": "18.520", 
   "end": "18.880", 
   "id": "f000034", 
   "language": "en", 
   "lines": [
    "off."
   ]
  }, 
  {
   "begin": "18.880", 
   "end": "19.720", 
   "id": "f000035", 
   "language": "en", 
   "lines": [
    "He"
   ]
  }, 
  {
   "begin": "19.720", 
   "end": "20.040", 
   "id": "f000036", 
   "language": "en", 
   "lines": [
    "went"
   ]
  }, 
  {
   "begin": "20.040", 
   "end": "20.240", 
   "id": "f000037", 
   "language": "en", 
   "lines": [
    "with"
   ]
  }, 
  {
   "begin": "20.240", 
   "end": "20.360", 
   "id": "f000038", 
   "language": "en", 
   "lines": [
    "his"
   ]
  }, 
  {
   "begin": "20.360", 
   "end": "20.920", 
   "id": "f000039", 
   "language": "en", 
   "lines": [
    "father,"
   ]
  }, 
  {
   "begin": "20.920", 
   "end": "21.760", 
   "id": "f000040", 
   "language": "en", 
   "lines": [
    "carrying"
   ]
  }, 
  {
   "begin": "21.760", 
   "end": "21.960", 
   "id": "f000041", 
   "language": "en", 
   "lines": [
    "an"
   ]
  }, 
  {
   "begin": "21.960", 
   "end": "22.360", 
   "id": "f000042", 
   "language": "en", 
   "lines": [
    "empty"
   ]
  }, 
  {
   "begin": "22.360", 
   "end": "23.280", 
   "id": "f000043", 
   "language": "en", 
   "lines": [
    "sack."
   ]
  }, 
  {
   "begin": "23.280", 
   "end": "23.560", 
   "id": "f000044", 
   "language": "en", 
   "lines": [
    "All"
   ]
  }, 
  {
   "begin": "23.560", 
   "end": "23.720", 
   "id": "f000045", 
   "language": "en", 
   "lines": [
    "the"
   ]
  }, 
  {
   "begin": "23.720", 
   "end": "24.240", 
   "id": "f000046", 
   "language": "en", 
   "lines": [
    "things"
   ]
  }, 
  {
   "begin": "24.240", 
   "end": "24.440", 
   "id": "f000047", 
   "language": "en", 
   "lines": [
    "they"
   ]
  }, 
  {
   "begin": "24.440", 
   "end": "24.560", 
   "id": "f000048", 
   "language": "en", 
   "lines": [
    "would"
   ]
  }, 
  {
   "begin": "24.560", 
   "end": "24.560", 
   "id": "f000049", 
   "language": "en", 
   "lines": [
    "get"
   ]
  }, 
  {
   "begin": "24.560", 
   "end": "24.760", 
   "id": "f000050", 
   "language": "en", 
   "lines": [
    "today"
   ]
  }, 
  {
   "begin": "24.760", 
   "end": "24.840", 
   "id": "f000051", 
   "language": "en", 
   "lines": [
    "would"
   ]
  }, 
  {
   "begin": "24.840", 
   "end": "25.000", 
   "id": "f000052", 
   "language": "en", 
   "lines": [
    "go"
   ]
  }, 
  {
   "begin": "25.000", 
   "end": "25.400", 
   "id": "f000053", 
   "language": "en", 
   "lines": [
    "into"
   ]
  }, 
  {
   "begin": "25.400", 
   "end": "25.760", 
   "id": "f000054", 
   "language": "en", 
   "lines": [
    "that"
   ]
  }, 
  {
   "begin": "25.760", 
   "end": "26.040", 
   "id": "f000055", 
   "language": "en", 
   "lines": [
    "sack."
   ]
  }, 
  {
   "begin": "26.040", 
   "end": "26.160", 
   "id": "f000056", 
   "language": "en", 
   "lines": [
    "\n\n"
   ]
  }, 
  {
   "begin": "26.160", 
   "end": "26.360", 
   "id": "f000057", 
   "language": "en", 
   "lines": [
    "*"
   ]
  }, 
  {
   "begin": "26.360", 
   "end": "26.560", 
   "id": "f000058", 
   "language": "en", 
   "lines": [
    "Bandi:"
   ]
  }, 
  {
   "begin": "26.560", 
   "end": "27.040", 
   "id": "f000059", 
   "language": "en", 
   "lines": [
    "Cart"
   ]
  }, 
  {
   "begin": "27.040", 
   "end": "27.040", 
   "id": "f000060", 
   "language": "en", 
   "lines": [
    "in"
   ]
  }, 
  {
   "begin": "27.040", 
   "end": "27.840", 
   "id": "f000061", 
   "language": "en", 
   "lines": [
    "Telugu."
   ]
  }
 ]
}