{
 "fragments": [
  {
   "begin": "0.000", 
   "end": "0.400", 
   "id": "f000001", 
   "language": "en", 
   "lines": [
    "The"
   ]
  }, 
  {
   "begin": "0.400", 
   "end": "1.200", 
   "id": "f000002", 
   "language": "en", 
   "lines": [
    "school"
   ]
  }, 
  {
   "begin": "1.200", 
   "end": "1.280", 
   "id": "f000003", 
   "language": "en", 
   "lines": [
    "bell"
   ]
  }, 
  {
   "begin": "1.280", 
   "end": "1.720", 
   "id": "f000004", 
   "language": "en", 
   "lines": [
    "rang."
   ]
  }, 
  {
   "begin": "1.720", 
   "end": "1.920", 
   "id": "f000005", 
   "language": "en", 
   "lines": [
    "Cheenu"
   ]
  }, 
  {
   "begin": "1.920", 
   "end": "2.040", 
   "id": "f000006", 
   "language": "en", 
   "lines": [
    "ran"
   ]
  }, 
  {
   "begin": "2.040", 
   "end": "2.560", 
   "id": "f000007", 
   "language": "en", 
   "lines": [
    "out"
   ]
  }, 
  {
   "begin": "2.560", 
   "end": "2.880", 
   "id": "f000008", 
   "language": "en", 
   "lines": [
    "to"
   ]
  }, 
  {
   "begin": "2.880", 
   "end": "3.160", 
   "id": "f000009", 
   "language": "en", 
   "lines": [
    "his"
   ]
  }, 
  {
   "begin": "3.160", 
   "end": "3.680", 
   "id": "f000010", 
   "language": "en", 
   "lines": [
    "father,"
   ]
  }, 
  {
   "begin": "3.680", 
   "end": "3.960", 
   "id": "f000011", 
   "language": "en", 
   "lines": [
    "grinning"
   ]
  }, 
  {
   "begin": "3.960", 
   "end": "4.120", 
   "id": "f000012", 
   "language": "en", 
   "lines": [
    "from"
   ]
  }, 
  {
   "begin": "4.120", 
   "end": "4.200", 
   "id": "f000013", 
   "language": "en", 
   "lines": [
    "ear"
   ]
  }, 
  {
   "begin": "4.200", 
   "end": "4.480", 
   "id": "f000014", 
   "language": "en", 
   "lines": [
    "to"
   ]
  }, 
  {
   "begin": "4.480", 
   "end": "4.600", 
   "id": "f000015", 
   "language": "en", 
   "lines": [
    "ear."
   ]
  }, 
  {
   "begin": "4.600", 
   "end": "4.960", 
   "id": "f000016", 
   "language": "en", 
   "lines": [
    "He"
   ]
  }, 
  {
   "begin": "4.960", 
   "end": "5.360", 
   "id": "f000017", 
   "language": "en", 
   "lines": [
    "was"
   ]
  }, 
  {
   "begin": "5.360", 
   "end": "5.640", 
   "id": "f000018", 
   "language": "en", 
   "lines": [
    "the"
   ]
  }, 
  {
   "begin": "5.640", 
   "end": "5.880", 
   "id": "f000019", 
   "language": "en", 
   "lines": [
    "only"
   ]
  }, 
  {
   "begin": "5.880", 
   "end": "7.280", 
   "id": "f000020", 
   "language": "en", 
   "lines": [
    "child"
   ]
  }, 
  {
   "begin": "7.280", 
   "end": "7.400", 
   "id": "f000021", 
   "language": "en", 
   "lines": [
    "in"
   ]
  }, 
  {
   "begin": "7.400", 
   "end": "7.760", 
   "id": "f000022", 
   "language": "en", 
   "lines": [
    "school"
   ]
  }, 
  {
   "begin": "7.760", 
   "end": "8.000", 
   "id": "f000023", 
   "language": "en", 
   "lines": [
    "whose"
   ]
  }, 
  {
   "begin": "8.000", 
   "end": "8.360", 
   "id": "f000024", 
   "language": "en", 
   "lines": [
    "father"
   ]
  }, 
  {
   "begin": "8.360", 
   "end": "8.720", 
   "id": "f000025", 
   "language": "en", 
   "lines": [
    "came"
   ]
  }, 
  {
   "begin": "8.720", 
   "end": "8.920", 
   "id": "f000026", 
   "language": "en", 
   "lines": [
    "to"
   ]
  }, 
  {
   "begin": "8.920", 
   "end": "9.440", 
   "id": "f000027", 
   "language": "en", 
   "lines": [
    "pick"
   ]
  }, 
  {
   "begin": "9.440", 
   "end": "9.880", 
   "id": "f000028", 
   "language": "en", 
   "lines": [
    "him"
   ]
  }, 
  {
   "begin": "9.880", 
   "end": "10.280", 
   "id": "f000029", 
   "language": "en", 
   "lines": [
    "up."
   ]
  }
 ]
}