{
 "fragments": [
  {
   "begin": "0.000", 
   "end": "0.000", 
   "id": "f000001", 
   "language": "en", 
   "lines": [
    "This"
   ]
  }, 
  {
   "begin": "0.000", 
   "end": "1.080", 
   "id": "f000002", 
   "language": "en", 
   "lines": [
    "time,"
   ]
  }, 
  {
   "begin": "1.080", 
   "end": "1.760", 
   "id": "f000003", 
   "language": "en", 
   "lines": [
    "Cheenu"
   ]
  }, 
  {
   "begin": "1.760", 
   "end": "1.960", 
   "id": "f000004", 
   "language": "en", 
   "lines": [
    "had"
   ]
  }, 
  {
   "begin": "1.960", 
   "end": "2.160", 
   "id": "f000005", 
   "language": "en", 
   "lines": [
    "to"
   ]
  }, 
  {
   "begin": "2.160", 
   "end": "2.520", 
   "id": "f000006", 
   "language": "en", 
   "lines": [
    "help"
   ]
  }, 
  {
   "begin": "2.520", 
   "end": "2.760", 
   "id": "f000007", 
   "language": "en", 
   "lines": [
    "his"
   ]
  }, 
  {
   "begin": "2.760", 
   "end": "3.280", 
   "id": "f000008", 
   "language": "en", 
   "lines": [
    "father"
   ]
  }, 
  {
   "begin": "3.280", 
   "end": "3.960", 
   "id": "f000009", 
   "language": "en", 
   "lines": [
    "push"
   ]
  }, 
  {
   "begin": "3.960", 
   "end": "4.160", 
   "id": "f000010", 
   "language": "en", 
   "lines": [
    "the"
   ]
  }, 
  {
   "begin": "4.160", 
   "end": "5.080", 
   "id": "f000011", 
   "language": "en", 
   "lines": [
    "bandi!"
   ]
  }
 ]
}