{
 "fragments": [
  {
   "begin": "0.000", 
   "end": "0.600", 
   "id": "f000001", 
   "language": "en", 
   "lines": [
    "I"
   ]
  }, 
  {
   "begin": "0.600", 
   "end": "0.960", 
   "id": "f000002", 
   "language": "en", 
   "lines": [
    "keep"
   ]
  }, 
  {
   "begin": "0.960", 
   "end": "1.680", 
   "id": "f000003", 
   "language": "en", 
   "lines": [
    "myself"
   ]
  }, 
  {
   "begin": "1.680", 
   "end": "2.480", 
   "id": "f000004", 
   "language": "en", 
   "lines": [
    "clean"
   ]
  }, 
  {
   "begin": "2.480", 
   "end": "3.520", 
   "id": "f000005", 
   "language": "en", 
   "lines": [
    "without"
   ]
  }, 
  {
   "begin": "3.520", 
   "end": "4.440", 
   "id": "f000006", 
   "language": "en", 
   "lines": [
    "water."
   ]
  }, 
  {
   "begin": "4.440", 
   "end": "4.840", 
   "id": "f000007", 
   "language": "en", 
   "lines": [
    "I"
   ]
  }, 
  {
   "begin": "4.840", 
   "end": "5.240", 
   "id": "f000008", 
   "language": "en", 
   "lines": [
    "do"
   ]
  }, 
  {
   "begin": "5.240", 
   "end": "5.280", 
   "id": "f000009", 
   "language": "en", 
   "lines": [
    "not"
   ]
  }, 
  {
   "begin": "5.280", 
   "end": "5.560", 
   "id": "f000010", 
   "language": "en", 
   "lines": [
    "need"
   ]
  }, 
  {
   "begin": "5.560", 
   "end": "5.720", 
   "id": "f000011", 
   "language": "en", 
   "lines": [
    "a"
   ]
  }, 
  {
   "begin": "5.720", 
   "end": "6.080", 
   "id": "f000012", 
   "language": "en", 
   "lines": [
    "bath"
   ]
  }, 
  {
   "begin": "6.080", 
   "end": "6.480", 
   "id": "f000013", 
   "language": "en", 
   "lines": [
    "like"
   ]
  }, 
  {
   "begin": "6.480", 
   "end": "7.440", 
   "id": "f000014", 
   "language": "en", 
   "lines": [
    "Tommy."
   ]
  }
 ]
}