{
 "fragments": [
  {
   "begin": "0.000", 
   "end": "1.240", 
   "id": "f000001", 
   "language": "en", 
   "lines": [
    "Shhh..."
   ]
  }, 
  {
   "begin": "1.240", 
   "end": "2.520", 
   "id": "f000002", 
   "language": "en", 
   "lines": [
    "don\u2019t"
   ]
  }, 
  {
   "begin": "2.520", 
   "end": "3.240", 
   "id": "f000003", 
   "language": "en", 
   "lines": [
    "tell"
   ]
  }, 
  {
   "begin": "3.240", 
   "end": "4.600", 
   "id": "f000004", 
   "language": "en", 
   "lines": [
    "anyone"
   ]
  }, 
  {
   "begin": "4.600", 
   "end": "5.120", 
   "id": "f000005", 
   "language": "en", 
   "lines": [
    "that"
   ]
  }, 
  {
   "begin": "5.120", 
   "end": "6.120", 
   "id": "f000006", 
   "language": "en", 
   "lines": [
    "I"
   ]
  }, 
  {
   "begin": "6.120", 
   "end": "6.400", 
   "id": "f000007", 
   "language": "en", 
   "lines": [
    "am"
   ]
  }, 
  {
   "begin": "6.400", 
   "end": "9.080", 
   "id": "f000008", 
   "language": "en", 
   "lines": [
    "hiding"
   ]
  }, 
  {
   "begin": "9.080", 
   "end": "9.640", 
   "id": "f000009", 
   "language": "en", 
   "lines": [
    "here.\n"
   ]
  }, 
  {
   "begin": "9.640", 
   "end": "11.840", 
   "id": "f000010", 
   "language": "en", 
   "lines": [
    "1...2...3...Got"
   ]
  }, 
  {
   "begin": "11.840", 
   "end": "11.880", 
   "id": "f000011", 
   "language": "en", 
   "lines": [
    "you!"
   ]
  }, 
  {
   "begin": "11.880", 
   "end": "13.760", 
   "id": "f000012", 
   "language": "en", 
   "lines": [
    "&nbsp;"
   ]
  }
 ]
}