{
 "fragments": [
  {
   "begin": "0.000", 
   "end": "0.080", 
   "id": "f000001", 
   "language": "en", 
   "lines": [
    "My"
   ]
  }, 
  {
   "begin": "0.080", 
   "end": "0.800", 
   "id": "f000002", 
   "language": "en", 
   "lines": [
    "friends"
   ]
  }, 
  {
   "begin": "0.800", 
   "end": "2.120", 
   "id": "f000003", 
   "language": "en", 
   "lines": [
    "sometimes"
   ]
  }, 
  {
   "begin": "2.120", 
   "end": "2.360", 
   "id": "f000004", 
   "language": "en", 
   "lines": [
    "make"
   ]
  }, 
  {
   "begin": "2.360", 
   "end": "2.800", 
   "id": "f000005", 
   "language": "en", 
   "lines": [
    "a"
   ]
  }, 
  {
   "begin": "2.800", 
   "end": "3.680", 
   "id": "f000006", 
   "language": "en", 
   "lines": [
    "lot"
   ]
  }, 
  {
   "begin": "3.680", 
   "end": "4.000", 
   "id": "f000007", 
   "language": "en", 
   "lines": [
    "of"
   ]
  }, 
  {
   "begin": "4.000", 
   "end": "4.080", 
   "id": "f000008", 
   "language": "en", 
   "lines": [
    "noise"
   ]
  }, 
  {
   "begin": "4.080", 
   "end": "4.120", 
   "id": "f000009", 
   "language": "en", 
   "lines": [
    "at"
   ]
  }, 
  {
   "begin": "4.120", 
   "end": "5.280", 
   "id": "f000010", 
   "language": "en", 
   "lines": [
    "night."
   ]
  }, 
  {
   "begin": "5.280", 
   "end": "5.640", 
   "id": "f000011", 
   "language": "en", 
   "lines": [
    "By"
   ]
  }, 
  {
   "begin": "5.640", 
   "end": "6.560", 
   "id": "f000012", 
   "language": "en", 
   "lines": [
    "then"
   ]
  }, 
  {
   "begin": "6.560", 
   "end": "7.120", 
   "id": "f000013", 
   "language": "en", 
   "lines": [
    "I"
   ]
  }, 
  {
   "begin": "7.120", 
   "end": "7.760", 
   "id": "f000014", 
   "language": "en", 
   "lines": [
    "am"
   ]
  }, 
  {
   "begin": "7.760", 
   "end": "8.200", 
   "id": "f000015", 
   "language": "en", 
   "lines": [
    "quietly"
   ]
  }, 
  {
   "begin": "8.200", 
   "end": "8.560", 
   "id": "f000016", 
   "language": "en", 
   "lines": [
    "in"
   ]
  }, 
  {
   "begin": "8.560", 
   "end": "9.120", 
   "id": "f000017", 
   "language": "en", 
   "lines": [
    "bed."
   ]
  }
 ]
}