{
 "fragments": [
  {
   "begin": "0.000", 
   "end": "0.400", 
   "id": "f000001", 
   "language": "en", 
   "lines": [
    "I"
   ]
  }, 
  {
   "begin": "0.400", 
   "end": "0.680", 
   "id": "f000002", 
   "language": "en", 
   "lines": [
    "can"
   ]
  }, 
  {
   "begin": "0.680", 
   "end": "1.280", 
   "id": "f000003", 
   "language": "en", 
   "lines": [
    "climb"
   ]
  }, 
  {
   "begin": "1.280", 
   "end": "2.520", 
   "id": "f000004", 
   "language": "en", 
   "lines": [
    "trees."
   ]
  }, 
  {
   "begin": "2.520", 
   "end": "3.040", 
   "id": "f000005", 
   "language": "en", 
   "lines": [
    "I"
   ]
  }, 
  {
   "begin": "3.040", 
   "end": "3.720", 
   "id": "f000006", 
   "language": "en", 
   "lines": [
    "can"
   ]
  }, 
  {
   "begin": "3.720", 
   "end": "4.360", 
   "id": "f000007", 
   "language": "en", 
   "lines": [
    "jump."
   ]
  }, 
  {
   "begin": "4.360", 
   "end": "4.800", 
   "id": "f000008", 
   "language": "en", 
   "lines": [
    "I"
   ]
  }, 
  {
   "begin": "4.800", 
   "end": "5.120", 
   "id": "f000009", 
   "language": "en", 
   "lines": [
    "know"
   ]
  }, 
  {
   "begin": "5.120", 
   "end": "5.320", 
   "id": "f000010", 
   "language": "en", 
   "lines": [
    "all"
   ]
  }, 
  {
   "begin": "5.320", 
   "end": "5.920", 
   "id": "f000011", 
   "language": "en", 
   "lines": [
    "the"
   ]
  }, 
  {
   "begin": "5.920", 
   "end": "6.320", 
   "id": "f000012", 
   "language": "en", 
   "lines": [
    "short"
   ]
  }, 
  {
   "begin": "6.320", 
   "end": "6.800", 
   "id": "f000013", 
   "language": "en", 
   "lines": [
    "cuts"
   ]
  }, 
  {
   "begin": "6.800", 
   "end": "7.320", 
   "id": "f000014", 
   "language": "en", 
   "lines": [
    "here."
   ]
  }
 ]
}