{
 "fragments": [
  {
   "begin": "0.000", 
   "end": "0.640", 
   "id": "f000001", 
   "language": "en", 
   "lines": [
    "Ma"
   ]
  }, 
  {
   "begin": "0.640", 
   "end": "1.400", 
   "id": "f000002", 
   "language": "en", 
   "lines": [
    "shouts"
   ]
  }, 
  {
   "begin": "1.400", 
   "end": "1.720", 
   "id": "f000003", 
   "language": "en", 
   "lines": [
    "at"
   ]
  }, 
  {
   "begin": "1.720", 
   "end": "2.120", 
   "id": "f000004", 
   "language": "en", 
   "lines": [
    "me,"
   ]
  }, 
  {
   "begin": "2.120", 
   "end": "2.320", 
   "id": "f000005", 
   "language": "en", 
   "lines": [
    "when"
   ]
  }, 
  {
   "begin": "2.320", 
   "end": "2.680", 
   "id": "f000006", 
   "language": "en", 
   "lines": [
    "I"
   ]
  }, 
  {
   "begin": "2.680", 
   "end": "3.040", 
   "id": "f000007", 
   "language": "en", 
   "lines": [
    "bring"
   ]
  }, 
  {
   "begin": "3.040", 
   "end": "3.440", 
   "id": "f000008", 
   "language": "en", 
   "lines": [
    "some"
   ]
  }, 
  {
   "begin": "3.440", 
   "end": "3.840", 
   "id": "f000009", 
   "language": "en", 
   "lines": [
    "tasty"
   ]
  }, 
  {
   "begin": "3.840", 
   "end": "4.400", 
   "id": "f000010", 
   "language": "en", 
   "lines": [
    "food"
   ]
  }, 
  {
   "begin": "4.400", 
   "end": "4.920", 
   "id": "f000011", 
   "language": "en", 
   "lines": [
    "from"
   ]
  }, 
  {
   "begin": "4.920", 
   "end": "4.920", 
   "id": "f000012", 
   "language": "en", 
   "lines": [
    "the"
   ]
  }, 
  {
   "begin": "4.920", 
   "end": "5.920", 
   "id": "f000013", 
   "language": "en", 
   "lines": [
    "garden."
   ]
  }
 ]
}