{
 "fragments": [
  {
   "begin": "0.000", 
   "end": "0.760", 
   "id": "f000001", 
   "language": "en", 
   "lines": [
    "Tails"
   ]
  }, 
  {
   "begin": "0.760", 
   "end": "1.040", 
   "id": "f000002", 
   "language": "en", 
   "lines": [
    "can"
   ]
  }, 
  {
   "begin": "1.040", 
   "end": "1.040", 
   "id": "f000003", 
   "language": "en", 
   "lines": [
    "speak!"
   ]
  }, 
  {
   "begin": "1.040", 
   "end": "1.400", 
   "id": "f000004", 
   "language": "en", 
   "lines": [
    "&nbsp;"
   ]
  }, 
  {
   "begin": "1.400", 
   "end": "2.360", 
   "id": "f000005", 
   "language": "en", 
   "lines": [
    "Did"
   ]
  }, 
  {
   "begin": "2.360", 
   "end": "2.520", 
   "id": "f000006", 
   "language": "en", 
   "lines": [
    "you"
   ]
  }, 
  {
   "begin": "2.520", 
   "end": "2.920", 
   "id": "f000007", 
   "language": "en", 
   "lines": [
    "know"
   ]
  }, 
  {
   "begin": "2.920", 
   "end": "3.240", 
   "id": "f000008", 
   "language": "en", 
   "lines": [
    "how"
   ]
  }, 
  {
   "begin": "3.240", 
   "end": "3.560", 
   "id": "f000009", 
   "language": "en", 
   "lines": [
    "animals"
   ]
  }, 
  {
   "begin": "3.560", 
   "end": "3.960", 
   "id": "f000010", 
   "language": "en", 
   "lines": [
    "and"
   ]
  }, 
  {
   "begin": "3.960", 
   "end": "4.440", 
   "id": "f000011", 
   "language": "en", 
   "lines": [
    "birds"
   ]
  }, 
  {
   "begin": "4.440", 
   "end": "4.480", 
   "id": "f000012", 
   "language": "en", 
   "lines": [
    "tell"
   ]
  }, 
  {
   "begin": "4.480", 
   "end": "4.760", 
   "id": "f000013", 
   "language": "en", 
   "lines": [
    "us"
   ]
  }, 
  {
   "begin": "4.760", 
   "end": "5.480", 
   "id": "f000014", 
   "language": "en", 
   "lines": [
    "something"
   ]
  }, 
  {
   "begin": "5.480", 
   "end": "5.800", 
   "id": "f000015", 
   "language": "en", 
   "lines": [
    "by"
   ]
  }, 
  {
   "begin": "5.800", 
   "end": "6.120", 
   "id": "f000016", 
   "language": "en", 
   "lines": [
    "using"
   ]
  }, 
  {
   "begin": "6.120", 
   "end": "6.400", 
   "id": "f000017", 
   "language": "en", 
   "lines": [
    "their"
   ]
  }, 
  {
   "begin": "6.400", 
   "end": "7.560", 
   "id": "f000018", 
   "language": "en", 
   "lines": [
    "tails?"
   ]
  }, 
  {
   "begin": "7.560", 
   "end": "7.720", 
   "id": "f000019", 
   "language": "en", 
   "lines": [
    "A"
   ]
  }, 
  {
   "begin": "7.720", 
   "end": "7.960", 
   "id": "f000020", 
   "language": "en", 
   "lines": [
    "dog"
   ]
  }, 
  {
   "begin": "7.960", 
   "end": "8.440", 
   "id": "f000021", 
   "language": "en", 
   "lines": [
    "wags"
   ]
  }, 
  {
   "begin": "8.440", 
   "end": "8.600", 
   "id": "f000022", 
   "language": "en", 
   "lines": [
    "its"
   ]
  }, 
  {
   "begin": "8.600", 
   "end": "9.160", 
   "id": "f000023", 
   "language": "en", 
   "lines": [
    "tail"
   ]
  }, 
  {
   "begin": "9.160", 
   "end": "9.400", 
   "id": "f000024", 
   "language": "en", 
   "lines": [
    "when"
   ]
  }, 
  {
   "begin": "9.400", 
   "end": "9.400", 
   "id": "f000025", 
   "language": "en", 
   "lines": [
    "it"
   ]
  }, 
  {
   "begin": "9.400", 
   "end": "9.440", 
   "id": "f000026", 
   "language": "en", 
   "lines": [
    "is"
   ]
  }, 
  {
   "begin": "9.440", 
   "end": "9.840", 
   "id": "f000027", 
   "language": "en", 
   "lines": [
    "happy."
   ]
  }, 
  {
   "begin": "9.840", 
   "end": "10.120", 
   "id": "f000028", 
   "language": "en", 
   "lines": [
    "A"
   ]
  }, 
  {
   "begin": "10.120", 
   "end": "10.960", 
   "id": "f000029", 
   "language": "en", 
   "lines": [
    "cat"
   ]
  }, 
  {
   "begin": "10.960", 
   "end": "11.360", 
   "id": "f000030", 
   "language": "en", 
   "lines": [
    "puffs"
   ]
  }, 
  {
   "begin": "11.360", 
   "end": "11.400", 
   "id": "f000031", 
   "language": "en", 
   "lines": [
    "up"
   ]
  }, 
  {
   "begin": "11.400", 
   "end": "11.680", 
   "id": "f000032", 
   "language": "en", 
   "lines": [
    "its"
   ]
  }, 
  {
   "begin": "11.680", 
   "end": "12.280", 
   "id": "f000033", 
   "language": "en", 
   "lines": [
    "tail"
   ]
  }, 
  {
   "begin": "12.280", 
   "end": "12.440", 
   "id": "f000034", 
   "language": "en", 
   "lines": [
    "when"
   ]
  }, 
  {
   "begin": "12.440", 
   "end": "12.680", 
   "id": "f000035", 
   "language": "en", 
   "lines": [
    "it"
   ]
  }, 
  {
   "begin": "12.680", 
   "end": "12.800", 
   "id": "f000036", 
   "language": "en", 
   "lines": [
    "is"
   ]
  }, 
  {
   "begin": "12.800", 
   "end": "13.040", 
   "id": "f000037", 
   "language": "en", 
   "lines": [
    "angry."
   ]
  }, 
  {
   "begin": "13.040", 
   "end": "14.160", 
   "id": "f000038", 
   "language": "en", 
   "lines": [
    "&nbsp;"
   ]
  }, 
  {
   "begin": "14.160", 
   "end": "14.600", 
   "id": "f000039", 
   "language": "en", 
   "lines": [
    "Often"
   ]
  }, 
  {
   "begin": "14.600", 
   "end": "14.760", 
   "id": "f000040", 
   "language": "en", 
   "lines": [
    "we"
   ]
  }, 
  {
   "begin": "14.760", 
   "end": "15.280", 
   "id": "f000041", 
   "language": "en", 
   "lines": [
    "say,"
   ]
  }, 
  {
   "begin": "15.280", 
   "end": "16.000", 
   "id": "f000042", 
   "language": "en", 
   "lines": [
    "\u201cAs"
   ]
  }, 
  {
   "begin": "16.000", 
   "end": "16.480", 
   "id": "f000043", 
   "language": "en", 
   "lines": [
    "clean"
   ]
  }, 
  {
   "begin": "16.480", 
   "end": "16.760", 
   "id": "f000044", 
   "language": "en", 
   "lines": [
    "as"
   ]
  }, 
  {
   "begin": "16.760", 
   "end": "16.800", 
   "id": "f000045", 
   "language": "en", 
   "lines": [
    "a"
   ]
  }, 
  {
   "begin": "16.800", 
   "end": "17.360", 
   "id": "f000046", 
   "language": "en", 
   "lines": [
    "cat\u201d."
   ]
  }, 
  {
   "begin": "17.360", 
   "end": "17.920", 
   "id": "f000047", 
   "language": "en", 
   "lines": [
    "This"
   ]
  }, 
  {
   "begin": "17.920", 
   "end": "18.080", 
   "id": "f000048", 
   "language": "en", 
   "lines": [
    "is"
   ]
  }, 
  {
   "begin": "18.080", 
   "end": "18.560", 
   "id": "f000049", 
   "language": "en", 
   "lines": [
    "because"
   ]
  }, 
  {
   "begin": "18.560", 
   "end": "19.080", 
   "id": "f000050", 
   "language": "en", 
   "lines": [
    "cats"
   ]
  }, 
  {
   "begin": "19.080", 
   "end": "19.280", 
   "id": "f000051", 
   "language": "en", 
   "lines": [
    "do"
   ]
  }, 
  {
   "begin": "19.280", 
   "end": "19.560", 
   "id": "f000052", 
   "language": "en", 
   "lines": [
    "not"
   ]
  }, 
  {
   "begin": "19.560", 
   "end": "19.920", 
   "id": "f000053", 
   "language": "en", 
   "lines": [
    "like"
   ]
  }, 
  {
   "begin": "19.920", 
   "end": "20.800", 
   "id": "f000054", 
   "language": "en", 
   "lines": [
    "water,"
   ]
  }, 
  {
   "begin": "20.800", 
   "end": "21.160", 
   "id": "f000055", 
   "language": "en", 
   "lines": [
    "yet"
   ]
  }, 
  {
   "begin": "21.160", 
   "end": "21.320", 
   "id": "f000056", 
   "language": "en", 
   "lines": [
    "they"
   ]
  }, 
  {
   "begin": "21.320", 
   "end": "21.560", 
   "id": "f000057", 
   "language": "en", 
   "lines": [
    "are"
   ]
  }, 
  {
   "begin": "21.560", 
   "end": "22.120", 
   "id": "f000058", 
   "language": "en", 
   "lines": [
    "always"
   ]
  }, 
  {
   "begin": "22.120", 
   "end": "22.480", 
   "id": "f000059", 
   "language": "en", 
   "lines": [
    "keeping"
   ]
  }, 
  {
   "begin": "22.480", 
   "end": "23.160", 
   "id": "f000060", 
   "language": "en", 
   "lines": [
    "themselves"
   ]
  }, 
  {
   "begin": "23.160", 
   "end": "23.720", 
   "id": "f000061", 
   "language": "en", 
   "lines": [
    "clean"
   ]
  }, 
  {
   "begin": "23.720", 
   "end": "24.120", 
   "id": "f000062", 
   "language": "en", 
   "lines": [
    "by"
   ]
  }, 
  {
   "begin": "24.120", 
   "end": "24.480", 
   "id": "f000063", 
   "language": "en", 
   "lines": [
    "licking"
   ]
  }, 
  {
   "begin": "24.480", 
   "end": "25.440", 
   "id": "f000064", 
   "language": "en", 
   "lines": [
    "themselves."
   ]
  }
 ]
}