{
 "fragments": [
  {
   "begin": "0.000", 
   "end": "0.520", 
   "id": "f000001", 
   "language": "en", 
   "lines": [
    "Please"
   ]
  }, 
  {
   "begin": "0.520", 
   "end": "0.840", 
   "id": "f000002", 
   "language": "en", 
   "lines": [
    "tell"
   ]
  }, 
  {
   "begin": "0.840", 
   "end": "1.760", 
   "id": "f000003", 
   "language": "en", 
   "lines": [
    "Sanju"
   ]
  }, 
  {
   "begin": "1.760", 
   "end": "2.000", 
   "id": "f000004", 
   "language": "en", 
   "lines": [
    "that"
   ]
  }, 
  {
   "begin": "2.000", 
   "end": "2.240", 
   "id": "f000005", 
   "language": "en", 
   "lines": [
    "the"
   ]
  }, 
  {
   "begin": "2.240", 
   "end": "2.960", 
   "id": "f000006", 
   "language": "en", 
   "lines": [
    "tiger"
   ]
  }, 
  {
   "begin": "2.960", 
   "end": "3.040", 
   "id": "f000007", 
   "language": "en", 
   "lines": [
    "is"
   ]
  }, 
  {
   "begin": "3.040", 
   "end": "3.800", 
   "id": "f000008", 
   "language": "en", 
   "lines": [
    "from"
   ]
  }, 
  {
   "begin": "3.800", 
   "end": "3.880", 
   "id": "f000009", 
   "language": "en", 
   "lines": [
    "our"
   ]
  }, 
  {
   "begin": "3.880", 
   "end": "4.280", 
   "id": "f000010", 
   "language": "en", 
   "lines": [
    "cat"
   ]
  }, 
  {
   "begin": "4.280", 
   "end": "5.560", 
   "id": "f000011", 
   "language": "en", 
   "lines": [
    "family."
   ]
  }, 
  {
   "begin": "5.560", 
   "end": "5.880", 
   "id": "f000012", 
   "language": "en", 
   "lines": [
    "We"
   ]
  }, 
  {
   "begin": "5.880", 
   "end": "6.040", 
   "id": "f000013", 
   "language": "en", 
   "lines": [
    "have"
   ]
  }, 
  {
   "begin": "6.040", 
   "end": "7.040", 
   "id": "f000014", 
   "language": "en", 
   "lines": [
    "sharp"
   ]
  }, 
  {
   "begin": "7.040", 
   "end": "8.120", 
   "id": "f000015", 
   "language": "en", 
   "lines": [
    "claws."
   ]
  }
 ]
}