{
 "fragments": [
  {
   "begin": "0.000", 
   "end": "0.440", 
   "id": "f000001", 
   "language": "en", 
   "lines": [
    "The"
   ]
  }, 
  {
   "begin": "0.440", 
   "end": "0.920", 
   "id": "f000002", 
   "language": "en", 
   "lines": [
    "best"
   ]
  }, 
  {
   "begin": "0.920", 
   "end": "1.360", 
   "id": "f000003", 
   "language": "en", 
   "lines": [
    "chair"
   ]
  }, 
  {
   "begin": "1.360", 
   "end": "1.360", 
   "id": "f000004", 
   "language": "en", 
   "lines": [
    "in"
   ]
  }, 
  {
   "begin": "1.360", 
   "end": "1.800", 
   "id": "f000005", 
   "language": "en", 
   "lines": [
    "the"
   ]
  }, 
  {
   "begin": "1.800", 
   "end": "2.720", 
   "id": "f000006", 
   "language": "en", 
   "lines": [
    "house"
   ]
  }, 
  {
   "begin": "2.720", 
   "end": "2.720", 
   "id": "f000007", 
   "language": "en", 
   "lines": [
    "is"
   ]
  }, 
  {
   "begin": "2.720", 
   "end": "3.280", 
   "id": "f000008", 
   "language": "en", 
   "lines": [
    "for"
   ]
  }, 
  {
   "begin": "3.280", 
   "end": "4.200", 
   "id": "f000009", 
   "language": "en", 
   "lines": [
    "me."
   ]
  }, 
  {
   "begin": "4.200", 
   "end": "4.440", 
   "id": "f000010", 
   "language": "en", 
   "lines": [
    "But"
   ]
  }, 
  {
   "begin": "4.440", 
   "end": "5.240", 
   "id": "f000011", 
   "language": "en", 
   "lines": [
    "sitting"
   ]
  }, 
  {
   "begin": "5.240", 
   "end": "5.800", 
   "id": "f000012", 
   "language": "en", 
   "lines": [
    "on"
   ]
  }, 
  {
   "begin": "5.800", 
   "end": "6.520", 
   "id": "f000013", 
   "language": "en", 
   "lines": [
    "the"
   ]
  }, 
  {
   "begin": "6.520", 
   "end": "7.280", 
   "id": "f000014", 
   "language": "en", 
   "lines": [
    "lap"
   ]
  }, 
  {
   "begin": "7.280", 
   "end": "7.480", 
   "id": "f000015", 
   "language": "en", 
   "lines": [
    "is"
   ]
  }, 
  {
   "begin": "7.480", 
   "end": "8.000", 
   "id": "f000016", 
   "language": "en", 
   "lines": [
    "even"
   ]
  }, 
  {
   "begin": "8.000", 
   "end": "8.360", 
   "id": "f000017", 
   "language": "en", 
   "lines": [
    "better,"
   ]
  }, 
  {
   "begin": "8.360", 
   "end": "8.600", 
   "id": "f000018", 
   "language": "en", 
   "lines": [
    "isn\u2019t"
   ]
  }, 
  {
   "begin": "8.600", 
   "end": "8.640", 
   "id": "f000019", 
   "language": "en", 
   "lines": [
    "it?"
   ]
  }
 ]
}