{
 "fragments": [
  {
   "begin": "0.000", 
   "end": "0.560", 
   "id": "f000001", 
   "language": "en", 
   "lines": [
    "Sanju"
   ]
  }, 
  {
   "begin": "0.560", 
   "end": "1.280", 
   "id": "f000002", 
   "language": "en", 
   "lines": [
    "lives"
   ]
  }, 
  {
   "begin": "1.280", 
   "end": "2.560", 
   "id": "f000003", 
   "language": "en", 
   "lines": [
    "nearby."
   ]
  }, 
  {
   "begin": "2.560", 
   "end": "2.840", 
   "id": "f000004", 
   "language": "en", 
   "lines": [
    "He"
   ]
  }, 
  {
   "begin": "2.840", 
   "end": "3.680", 
   "id": "f000005", 
   "language": "en", 
   "lines": [
    "teases"
   ]
  }, 
  {
   "begin": "3.680", 
   "end": "4.160", 
   "id": "f000006", 
   "language": "en", 
   "lines": [
    "me."
   ]
  }, 
  {
   "begin": "4.160", 
   "end": "4.360", 
   "id": "f000007", 
   "language": "en", 
   "lines": [
    "It"
   ]
  }, 
  {
   "begin": "4.360", 
   "end": "4.840", 
   "id": "f000008", 
   "language": "en", 
   "lines": [
    "makes"
   ]
  }, 
  {
   "begin": "4.840", 
   "end": "5.200", 
   "id": "f000009", 
   "language": "en", 
   "lines": [
    "me"
   ]
  }, 
  {
   "begin": "5.200", 
   "end": "5.280", 
   "id": "f000010", 
   "language": "en", 
   "lines": [
    "very"
   ]
  }, 
  {
   "begin": "5.280", 
   "end": "6.200", 
   "id": "f000011", 
   "language": "en", 
   "lines": [
    "angry."
   ]
  }, 
  {
   "begin": "6.200", 
   "end": "6.840", 
   "id": "f000012", 
   "language": "en", 
   "lines": [
    "&nbsp;"
   ]
  }
 ]
}