{"id":126,"name":"The Sparrow and The Fruit","writtenby":"Venkatramana Gowda","illustrationsby":"Padmanabh","translationby":"Divaspathy Hegde","source":"Pratham Books","status":"active","level":3,"pages":[{"id":1437,"content":"There was once a sparrow called Gubbi. One day, Gubbi went off to the market and bought herself a nice juicy guava. On the way back, the guava slipped from Gubbi\u2019s beak and fell into a clump of thorns. Gubbi couldn\u2019t bear the thought of losing her fruit. She decided she would get it back at any cost.","pageno":1,"image":"412e88644eed8cf7f0c934094a771766.jpg","audio":"972a8b3281a2e90a9f261587965574f6.mp3","audio_map":"972a8b3281a2e90a9f261587965574f6.json","language":[{"language_id":11,"content":"\u0bae\u0bc1\u0ba9\u0bcd\u0ba9\u0bca\u0bb0\u0bc1 \u0b95\u0bbe\u0bb2\u0ba4\u0bcd\u0ba4\u0bbf\u0bb2\u0bcd, \u0b9a\u0bbf\u0b9f\u0bcd\u0b9f\u0bc1\u0b95\u0bcd\u0b95\u0bc1\u0bb0\u0bc1\u0bb5\u0bbf \u0b92\u0ba9\u0bcd\u0bb1\u0bc1 \u0b87\u0bb0\u0bc1\u0ba8\u0bcd\u0ba4\u0ba4\u0bc1. \u0b85\u0ba4\u0ba9\u0bcd \u0baa\u0bc6\u0baf\u0bb0\u0bcd \u0b95\u0bc1\u0baa\u0bcd\u0baa\u0bbf. \u0b92\u0bb0\u0bc1\u0ba8\u0bbe\u0bb3\u0bcd \u0b95\u0bc1\u0baa\u0bcd\u0baa\u0bbf \u0b9a\u0ba8\u0bcd\u0ba4\u0bc8\u0b95\u0bcd\u0b95\u0bc1 \u0b9a\u0bc6\u0ba9\u0bcd\u0bb1\u0bc1, \u0b9a\u0bc1\u0bb5\u0bc8\u0baf\u0bbe\u0ba9 \u0b9a\u0bbe\u0bb1\u0bc1 \u0ba8\u0bbf\u0bb0\u0bae\u0bcd\u0baa\u0bbf\u0baf \u0b95\u0bca\u0baf\u0bcd\u0baf\u0bbe\u0baa\u0bcd\u0baa\u0bb4\u0bae\u0bcd \u0b92\u0ba9\u0bcd\u0bb1\u0bc8 \u0ba4\u0ba9\u0b95\u0bcd\u0b95\u0bbe\u0b95 \u0bb5\u0bbe\u0b99\u0bcd\u0b95\u0bbf \u0bb5\u0ba8\u0bcd\u0ba4\u0ba4\u0bc1. \u0ba4\u0bbf\u0bb0\u0bc1\u0bae\u0bcd\u0baa\u0bbf \u0bb5\u0bb0\u0bc1\u0bae\u0bcd \u0bb5\u0bb4\u0bbf\u0baf\u0bbf\u0bb2\u0bcd, \u0b95\u0bca\u0baf\u0bcd\u0baf\u0bbe\u0baa\u0bcd\u0baa\u0bb4\u0bae\u0bcd \u0b95\u0bc1\u0baa\u0bcd\u0baa\u0bbf\u0baf\u0bbf\u0ba9\u0bcd \u0baa\u0bbf\u0b9f\u0bbf\u0baf\u0bbf\u0bb2\u0bbf\u0bb0\u0bc1\u0ba8\u0bcd\u0ba4\u0bc1 \u0ba8\u0bb4\u0bc1\u0bb5\u0bbf, \u0bae\u0bc1\u0bb3\u0bcd\u0baa\u0bc1\u0ba4\u0bb0\u0bcd\u0b95\u0bb3\u0bcd \u0ba8\u0bbf\u0bb1\u0bc8\u0ba8\u0bcd\u0ba4 \u0b87\u0b9f\u0ba4\u0bcd\u0ba4\u0bbf\u0bb2\u0bcd \u0bb5\u0bbf\u0bb4\u0bc1\u0ba8\u0bcd\u0ba4\u0bc1 \u0bb5\u0bbf\u0b9f\u0bcd\u0b9f\u0ba4\u0bc1. \u0b95\u0bc1\u0baa\u0bcd\u0baa\u0bbf \u0b85\u0ba8\u0bcd\u0ba4 \u0baa\u0bb4\u0ba4\u0bcd\u0ba4\u0bc8\u0b87\u0bb4\u0baa\u0bcd\u0baa\u0ba4\u0bb1\u0bcd\u0b95\u0bc1\u0ba4\u0bcd \u0ba4\u0baf\u0bbe\u0bb0\u0bbe\u0b95 \u0b87\u0bb2\u0bcd\u0bb2\u0bc8. \u0b8e\u0baa\u0bcd\u0baa\u0b9f\u0bbf\u0baf\u0bbe\u0bb5\u0ba4\u0bc1 \u0b85\u0ba4\u0bc8\u0ba4\u0bcd \u0ba4\u0bbf\u0bb0\u0bc1\u0bae\u0bcd\u0baa\u0baa\u0bcd \u0baa\u0bc6\u0bb1\u0bb5\u0bc7\u0ba3\u0bcd\u0b9f\u0bc1\u0bae\u0bcd \u0b8e\u0ba9 \u0bae\u0bc1\u0b9f\u0bbf\u0bb5\u0bc1 \u0b9a\u0bc6\u0baf\u0bcd\u0ba4\u0ba4\u0bc1."},{"language_id":6,"content":"\u090f\u0915 \u0917\u094c\u0930\u0948\u092f\u093e    \u0925\u0940\u0964 \u090f\u0915 \u0926\u093f\u0928 \u0935\u0939 \u092c\u093e\u095b\u093e\u0930 \u0917\u0908\u0964\u2029 \u0935\u0939\u093e\u0901 \u0938\u0947 \u0935\u0939 \u090f\u0915 \u0905\u092e\u0930\u0942\u0926 \u0932\u093e\u0908\u0964\u2029 \u0930\u093e\u0938\u094d\u0924\u0947 \u092e\u0947\u0902 \u0935\u0939 \u0905\u092e\u0930\u0942\u0926 \u090f\u0915 \u0915\u0901\u091f\u0940\u0932\u0940 \u091d\u093e\u095c\u0940 \u092e\u0947\u0902 \u0917\u093f\u0930 \u0917\u092f\u093e  \u0964\u2029"},{"language_id":12,"content":"\u0c05\u0c28\u0c17\u0c3e \u0c05\u0c28\u0c17\u0c3e \u0c1a\u0c3f\u0c28\u0c4d\u0c28\u0c3f \u0c05\u0c28\u0c47\u0c12\u0c15 \u0c2a\u0c3f\u0c1a\u0c4d\u0c1a\u0c41\u0c15\u0c09\u0c02\u0c21\u0c47\u0c26\u0c3f. \u0c12\u0c15 \u0c30\u0c4b\u0c1c\u0c41 \u0c1a\u0c3f\u0c28\u0c4d\u0c28\u0c3f \u0c2c\u0c1c\u0c3e\u0c30\u0c41\u0c15\u0c3f \u0c35\u0c46\u0c33\u0c4d\u0c32\u0c3f \u0c28\u0c35\u0c28\u0c35\u0c32\u0c3e\u0c21\u0c47 \u0c12\u0c15 \u0c1c\u0c3e\u0c2e\u0c2a\u0c02\u0c21\u0c41\u0c28\u0c3f \u0c15\u0c4a\u0c28\u0c3f\u0c02\u0c26\u0c3f. \u0c1a\u0c3f\u0c28\u0c4d\u0c28\u0c3f \u0c24\u0c3f\u0c30\u0c3f\u0c17\u0c3f \u0c35\u0c38\u0c4d\u0c24\u0c42\u0c02\u0c1f\u0c47, \u0c1c\u0c3e\u0c2e\u0c2a\u0c02\u0c21\u0c41 \u0c1c\u0c3e\u0c30\u0c3f \u0c12\u0c15 \u0c2e\u0c41\u0c33\u0c4d\u0c32 \u0c2a\u0c4a\u0c26\u0c32\u0c4b \u0c2a\u0c21\u0c3f\u0c2a\u0c4b\u0c2f\u0c3f\u0c02\u0c26\u0c3f. \u0c24\u0c28\u0c15\u0c3f \u0c07\u0c37\u0c4d\u0c1f\u0c2e\u0c48\u0c28 \u0c2a\u0c02\u0c21\u0c41 \u0c1c\u0c3e\u0c30\u0c3f\u0c2a\u0c4b\u0c35\u0c21\u0c02\u0c24\u0c4b \u0c1a\u0c3f\u0c28\u0c4d\u0c28\u0c3f \u0c1a\u0c3e\u0c32\u0c3e \u0c2c\u0c3e\u0c27\u0c2a\u0c21\u0c3f\u0c02\u0c26\u0c3f. \u0c0e\u0c32\u0c3e\u0c17\u0c48\u0c28\u0c3e\u0c38\u0c30\u0c47 \u0c26\u0c3e\u0c28\u0c4d\u0c28\u0c3f \u0c24\u0c3f\u0c30\u0c3f\u0c17\u0c3f \u0c2a\u0c4a\u0c02\u0c26\u0c3e\u0c32\u0c28\u0c3f \u0c05\u0c28\u0c41\u0c15\u0c41\u0c02\u0c26\u0c3f.\u2029"},{"language_id":8,"content":"\u090f\u0915 \u0939\u094b\u0924\u0940 \u091a\u093f\u092e\u0923\u0940. \u090f\u0915\u0926\u093e \u0924\u0940 \u092c\u093e\u091c\u093e\u0930\u093e\u0924 \u091c\u093e\u090a\u0928 \u092a\u0947\u0930\u0942 \u0918\u0947\u090a\u0928 \u0906\u0932\u0940. \r\n \u092a\u0930\u0924 \u092f\u0947\u0924\u093e\u0928\u093e \u092a\u0947\u0930\u0942 \u091a\u0941\u0915\u0942\u0928 \u090f\u0915\u093e \u0915\u093e\u091f\u0947\u0930\u0940 \u091d\u0941\u0921\u0941\u092a\u093e\u0924 \u092a\u0921\u0932\u093e.\u2029"}]},{"id":1438,"content":"First she went to a boy working nearby. \u201cLittle boy, little boy, please get my guava back for me,\u201d she begged. \u201cCan\u2019t do it,\u201d replied the boy. \u201cGo away!\u201d","pageno":2,"image":"cc6516baf7bc7cddb160fdfd48c7d9a0.jpg","audio":"a20a5179a8a396ee9d214e661f3e5cae.mp3","audio_map":"a20a5179a8a396ee9d214e661f3e5cae.json","language":[{"language_id":11,"content":"\u0bae\u0bc1\u0ba4\u0bb2\u0bbf\u0bb2\u0bcd \u0b85\u0bb0\u0bc1\u0b95\u0bbf\u0bb2\u0bc7 \u0bb5\u0bc7\u0bb2\u0bc8 \u0b9a\u0bc6\u0baf\u0bcd\u0ba4\u0bc1 \u0b95\u0bca\u0ba3\u0bcd\u0b9f\u0bbf\u0bb0\u0bc1\u0ba8\u0bcd\u0ba4 \u0b92\u0bb0\u0bc1 \u0b9a\u0bbf\u0bb1\u0bc1\u0bb5\u0ba9\u0bc8 \u0b85\u0ba3\u0bc1\u0b95\u0bbf\u0baf\u0ba4\u0bc1. \u201c\u0b9a\u0bbf\u0ba9\u0bcd\u0ba9\u0baa\u0bcd\u0baa\u0baf\u0bb2\u0bc7, \u0b9a\u0bbf\u0ba9\u0bcd\u0ba9\u0baa\u0bcd\u0baa\u0baf\u0bb2\u0bc7! \u0b95\u0bca\u0baf\u0bcd\u0baf\u0bbe\u0baa\u0bcd\u0baa\u0bb4\u0ba4\u0bcd\u0ba4\u0bc8 \u2029 \u0b8e\u0b9f\u0bc1\u0ba4\u0bcd\u0ba4\u0bc1\u0b95\u0bcd \u0b95\u0bca\u0b9f\u0bc1\u0ba4\u0bcd\u0ba4\u0bbf\u0b9f\u0bc1\u201d \u0b8e\u0ba9\u0bcd\u0bb1\u0bc1 \u0b95\u0bc6\u0b9e\u0bcd\u0b9a\u0bbf\u0baf\u0ba4\u0bc1. \u201c\u0b8e\u0ba9\u0bcd\u0ba9\u0bbe\u0bb2\u0bc7 \u0bae\u0bc1\u0b9f\u0bbf\u0baf\u0bbe\u0ba4\u0bc1. \u0b93\u0b9f\u0bbf\u0baa\u0bcd\u0baa\u0bcb!\u201d \u0b8e\u0ba9\u0bcd\u0bb1\u0bc1 \u0bb5\u0bbf\u0bb0\u0b9f\u0bcd\u0b9f\u0bbf\u0ba9\u0bbe\u0ba9\u0bcd \u0b9a\u0bbf\u0bb1\u0bc1\u0bb5\u0ba9\u0bcd.\u2029"},{"language_id":6,"content":"\u0935\u0939\u0940\u0902 \u0915\u093e\u092e \u092a\u0930 \u0932\u0917\u0947 \u0932\u095c\u0915\u0947 \u0938\u0947 \u0917\u094c\u0930\u0948\u092f\u093e    \u0928\u0947 \u0905\u092e\u0930\u0942\u0926 \u0928\u093f\u0915\u093e\u0932 \u0915\u0930 \u0926\u0947\u0928\u0947 \u0915\u094b \u0915\u0939\u093e\u0964\u2029 \u201c\u091c\u093e! \u0928\u0939\u0940\u0902 \u0926\u0947\u0924\u093e,\u201d \u0909\u0938\u0928\u0947 \u0915\u0939\u093e\u0964\u2029"},{"language_id":12,"content":"\u0c26\u0c17\u0c4d\u0c17\u0c30\u0c4d\u0c32\u0c4b \u0c2a\u0c28\u0c3f \u0c1a\u0c47\u0c38\u0c4d\u0c24\u0c41\u0c28\u0c4d\u0c28 \u0c12\u0c15 \u0c05\u0c2c\u0c4d\u0c2c\u0c3e\u0c2f\u0c3f \u0c26\u0c17\u0c4d\u0c17\u0c30\u0c15\u0c41 \u0c1a\u0c3f\u0c28\u0c4d\u0c28\u0c3f \u0c35\u0c46\u0c33\u0c4d\u0c32\u0c3f\u0c02\u0c26\u0c3f.\u2029 \u201c\u0c2c\u0c3e\u0c2c\u0c42! \u0c28\u0c3e \u0c1c\u0c3e\u0c2e\u0c2a\u0c02\u0c21\u0c41   \u0c12\u0c15 \u0c2e\u0c41\u0c33\u0c4d\u0c32 \u0c2a\u0c4a\u0c26\u0c32\u0c4b \u0c2a\u0c21\u0c3f\u0c2a\u0c4b\u0c2f\u0c3f\u0c02\u0c26\u0c3f. \u0c28\u0c3e\u0c15\u0c41 \u0c24\u0c46\u0c1a\u0c4d\u0c1a\u0c3f\u0c2a\u0c46\u0c1f\u0c4d\u0c1f\u0c35\u0c3e?\u201d \u0c05\u0c02\u0c1f\u0c42 \u0c35\u0c47\u0c21\u0c41\u0c15\u0c41\u0c02\u0c26\u0c3f.\u2029 \u0c06 \u0c05\u0c2c\u0c4d\u0c2c\u0c3e\u0c2f\u0c3f \u201c\u0c28\u0c47\u0c28\u0c3e \u0c2a\u0c28\u0c3f \u0c1a\u0c46\u0c2f\u0c4d\u0c2f\u0c32\u0c47\u0c28\u0c41,\u201d \u0c05\u0c28\u0c3f \u0c1c\u0c35\u0c3e\u0c2c\u0c3f\u0c1a\u0c4d\u0c1a\u0c3e\u0c21\u0c41.\u2029 \u0c2a\u0c48\u0c17\u0c3e \u201c\u0c2a\u0c4b!\u201d \u0c05\u0c28\u0c4d\u0c28\u0c3e\u0c21\u0c41.\u2029"},{"language_id":8,"content":"\u091c\u0935\u0933\u091a \u090f\u0915 \u092e\u0941\u0932\u0917\u093e \u0915\u093e\u092e \u0915\u0930\u0924 \u0939\u094b\u0924\u093e.  \r\n\u091a\u093f\u092e\u0923\u0940\u0928\u0947 \u092e\u0941\u0932\u093e\u0932\u093e \u0924\u094b \u092a\u0947\u0930\u0942 \u0915\u093e\u0922\u0942\u0928 \u0926\u0947\u0923\u094d\u092f\u093e\u0938 \u0938\u093e\u0902\u0917\u093f\u0924\u0932\u0947.  \r\n\u092a\u0923 \u092e\u0941\u0932\u093e\u0928\u0947 \u0928\u0915\u093e\u0930 \u0926\u093f\u0932\u093e.\u2029"}]},{"id":1439,"content":"Gubbi was furious. She went straight to the farmer. She said, \u201cI dropped my fruit in a clump of thorns. I asked the boy to help me but he didn\u2019t. Now I want you to give him a good beating.\u201d \u201cWon\u2019t do it,\u201d said the farmer. \u201cGo away!\u201d","pageno":3,"image":"67e344eced2e9c620414925622cbf495.jpg","audio":"c374cc4288fe9512d2b87ba0371309cc.mp3","audio_map":"c374cc4288fe9512d2b87ba0371309cc.json","language":[{"language_id":11,"content":"\u0b95\u0bc1\u0baa\u0bcd\u0baa\u0bbf\u0b95\u0bcd\u0b95\u0bc1 \u0bae\u0bbf\u0b95\u0bc1\u0ba8\u0bcd\u0ba4 \u0b95\u0bcb\u0baa\u0bae\u0bcd. \u0b85\u0bb5\u0bb3\u0bcd \u0ba8\u0bc7\u0bb0\u0bbe\u0b95 \u0bb5\u0bbf\u0bb5\u0b9a\u0bbe\u0baf\u0bbf \u0b92\u0bb0\u0bc1\u0bb5\u0bb0\u0bbf\u0b9f\u0bae\u0bcd \u0b9a\u0bc6\u0ba9\u0bcd\u0bb1\u0bbe\u0bb3\u0bcd. \u201c\u0ba8\u0bbe\u0ba9\u0bcd \u0bae\u0bc1\u0b9f\u0bcd\u0baa\u0bc1\u0ba4\u0bb0\u0bcd\u0b95\u0bb3\u0bcd \u0ba8\u0b9f\u0bc1\u0bb5\u0bc7 \u0b8e\u0ba9\u0bcd \u0baa\u0bb4\u0ba4\u0bcd\u0ba4\u0bc8 \u0ba8\u0bb4\u0bc1\u0bb5 \u0bb5\u0bbf\u0b9f\u0bcd\u0b9f\u0bc1\u0bb5\u0bbf\u0b9f\u0bcd\u0b9f\u0bc7\u0ba9\u0bcd. \u0b85\u0ba8\u0bcd\u0ba4\u0b9a\u0bcd \u0b9a\u0bbf\u0bb1\u0bc1\u0bb5\u0ba9\u0bc8 \u0b8e\u0b9f\u0bc1\u0ba4\u0bcd\u0ba4\u0bc1\u0ba4\u0bcd \u0ba4\u0bb0 \u0b89\u0ba4\u0bb5\u0bbf \u0b95\u0bc7\u0b9f\u0bcd\u0b9f\u0bc7\u0ba9\u0bcd, \u0b85\u0bb5\u0ba9\u0bcd \u0b9a\u0bc6\u0baf\u0bcd\u0baf\u0bb5\u0bbf\u0bb2\u0bcd\u0bb2\u0bc8. \u0ba8\u0bc0\u0b99\u0bcd\u0b95\u0bb3\u0bcd \u0b85\u0bb5\u0ba9\u0bc8, \u0b8e\u0ba9\u0bcd \u0b9a\u0bbe\u0bb0\u0bcd\u0baa\u0bbf\u0bb2\u0bcd, \u0b85\u0b9f\u0bbf\u0b95\u0bcd\u0b95 \u0bb5\u0bc7\u0ba3\u0bcd\u0b9f\u0bc1\u0bae\u0bcd\u201d \u0b8e\u0ba9\u0bcd\u0bb1\u0bc1 \u0b95\u0bc7\u0b9f\u0bcd\u0b9f\u0bc1\u0b95\u0bcd\u0b95\u0bca\u0ba3\u0bcd\u0b9f\u0ba4\u0bc1. \u201c\u0ba8\u0bbe\u0ba9\u0bcd \u0b9a\u0bc6\u0baf\u0bcd\u0baf \u0bae\u0bbe\u0b9f\u0bcd\u0b9f\u0bc7\u0ba9\u0bcd! \u0ba4\u0bc2\u0bb0\u0bae\u0bcd \u0baa\u0bcb!\u201d \u0b8e\u0ba9\u0bcd\u0bb1\u0bbe\u0ba9\u0bcd \u0bb5\u0bbf\u0bb5\u0b9a\u0bbe\u0baf\u0bbf."},{"language_id":6,"content":"\u0917\u094c\u0930\u0948\u092f\u093e    \u092a\u093e\u0938 \u092e\u0947\u0902 \u0915\u093e\u092e \u0915\u0930\u0928\u0947 \u0935\u093e\u0932\u0947 \u0915\u093f\u0938\u093e\u0928 \u0915\u0947 \u092a\u093e\u0938 \u0917\u0908\u0964 \u091c\u093f\u0938 \u0932\u095c\u0915\u0947 \u0928\u0947 \u0905\u092e\u0930\u0942\u0926 \u0928\u093f\u0915\u093e\u0932\u0928\u0947 \u0938\u0947 \u0907\u0928\u094d\u0915\u093e\u0930 \u0915\u093f\u092f\u093e   \u0925\u093e, \u0909\u0938\u0947 \u092a\u0940\u091f\u0928\u0947 \u0915\u0947 \u0932\u093f\u090f \u0915\u0939\u093e\u0964 \u0915\u093f\u0938\u093e\u0928 \u092c\u094b\u0932\u093e, \u201c\u0928\u0939\u0940\u0902 \u0939\u094b\u0917\u093e!\u201d\u2029"},{"language_id":12,"content":"\u0c1a\u0c3f\u0c28\u0c4d\u0c28\u0c3f \u0c2e\u0c02\u0c21\u0c3f\u0c2a\u0c21\u0c3f\u0c02\u0c26\u0c3f. \u0c05\u0c26\u0c3f \u0c05\u0c15\u0c4d\u0c15\u0c21\u0c28\u0c41\u0c02\u0c1a\u0c3f \u0c24\u0c3f\u0c28\u0c4d\u0c28\u0c17\u0c3e \u0c12\u0c15 \u0c30\u0c48\u0c24\u0c41 \u0c26\u0c17\u0c4d\u0c17\u0c30\u0c15\u0c41 \u0c35\u0c46\u0c33\u0c4d\u0c32\u0c3f\u0c02\u0c26\u0c3f.\u2029 \u201c\u0c28\u0c3e \u0c2a\u0c02\u0c21\u0c41 \u0c12\u0c15 \u0c2e\u0c41\u0c33\u0c4d\u0c32 \u0c2a\u0c4a\u0c26\u0c32\u0c4b \u0c2a\u0c21\u0c3f\u0c2a\u0c4b\u0c2f\u0c3f\u0c02\u0c26\u0c3f. \u0c28\u0c47\u0c28\u0c4a\u0c15 \u0c05\u0c2c\u0c4d\u0c2c\u0c3e\u0c2f\u0c3f\u0c28\u0c3f \u0c38\u0c3e\u0c2f\u0c02 \u0c1a\u0c47\u0c2f\u0c2e\u0c28\u0c3f \u0c05\u0c21\u0c3f\u0c17\u0c3e\u0c28\u0c41. \u0c38\u0c3e\u0c2f\u0c02   \u0c1a\u0c46\u0c2f\u0c4d\u0c2f\u0c32\u0c47\u0c26\u0c41   \u0c38\u0c30\u0c3f\u0c15\u0c26\u0c3e, \u0c28\u0c28\u0c4d\u0c28\u0c41 \u0c2a\u0c4a\u0c2e\u0c4d\u0c2e\u0c28\u0c4d\u0c28\u0c3e\u0c21\u0c41... \u0c15\u0c28\u0c41\u0c15\u0c28\u0c41\u0c35\u0c4d\u0c35\u0c41 \u0c05\u0c24\u0c28\u0c4d\u0c28\u0c3f \u0c1a\u0c3f\u0c24\u0c15\u0c4d\u0c15\u0c4a\u0c1f\u0c4d\u0c1f\u0c41,\u201d \u0c05\u0c28\u0c3f \u0c15\u0c4b\u0c30\u0c3f\u0c02\u0c26\u0c3f.\u2029 \u201c\u0c28\u0c47\u0c28\u0c3e\u0c2a\u0c28\u0c3f \u0c1a\u0c47\u0c2f\u0c28\u0c41, \u0c28\u0c41\u0c35\u0c4d\u0c35\u0c41 \u0c2a\u0c4b\u201d \u0c05\u0c28\u0c4d\u0c28\u0c3e\u0c21\u0c41 \u0c30\u0c48\u0c24\u0c41.\u2029"},{"language_id":8,"content":"\u091a\u093f\u092e\u0923\u0940 \u0936\u0947\u091c\u093e\u0930\u091a\u094d\u092f\u093e \u0936\u0947\u0924\u0915\u0931\u094d\u092f\u093e\u0915\u0921\u0947 \u0917\u0947\u0932\u0940. \r\n \u201c\u0936\u0947\u0924\u0915\u0930\u0940\u0926\u093e\u0926\u093e, \u092e\u0941\u0932\u093e\u0928\u0947 \u092b\u0933 \u0915\u093e\u0922\u0942\u0928 \u0926\u093f\u0932\u0947 \u0928\u093e\u0939\u0940 \u092e\u094d\u0939\u0923\u0942\u0928 \u0924\u094d\u092f\u093e\u0932\u093e \u0936\u093f\u0915\u094d\u0937\u093e \u0915\u0930\u093e,\u201d \u091a\u093f\u092e\u0923\u0940\u0928\u0947 \u0936\u0947\u0924\u0915\u0931\u094d\u092f\u093e\u0932\u093e \u0938\u093e\u0902\u0917\u093f\u0924\u0932\u0947. \u092a\u0923 \u0936\u093f\u0915\u094d\u0937\u093e \u0915\u0930\u0923\u094d\u092f\u093e\u0938 \u0936\u0947\u0924\u0915\u0931\u094d\u092f\u093e\u0928\u0947 \u0928\u0915\u093e\u0930 \u0926\u093f\u0932\u093e.\u2029"}]},{"id":1440,"content":"Gubbi went straight to a cow that was grazing in the farmer\u2019s pasture. She said, \u201cI dropped my fruit in a clump of thorns. I asked the boy to help me but he didn\u2019t. I asked the farmer to give the boy a beating but he didn\u2019t. Now I want you to go and eat up the farmer\u2019s crops.\u201d \u201cCan\u2019t do it,\u201d said the cow, and turned her head away.","pageno":4,"image":"3f3f3ead40537f35efee6fbe9b531ff8.jpg","audio":"ed70314480e40a282b03372d9292a787.mp3","audio_map":"ed70314480e40a282b03372d9292a787.json","language":[{"language_id":11,"content":"\u0b85\u0b9f\u0bc1\u0ba4\u0bcd\u0ba4\u0bc1 \u0b85\u0ba8\u0bcd\u0ba4 \u0bb5\u0bbf\u0bb5\u0b9a\u0bbe\u0baf\u0bbf\u0baf\u0bbf\u0ba9\u0bcd \u0ba8\u0bbf\u0bb2\u0ba4\u0bcd\u0ba4\u0bbf\u0bb2\u0bcd \u0baa\u0bc1\u0bb2\u0bcd \u0bae\u0bc7\u0baf\u0bcd\u0ba8\u0bcd\u0ba4\u0bc1 \u0b95\u0bca\u0ba3\u0bcd\u0b9f\u0bbf\u0bb0\u0bc1\u0ba8\u0bcd\u0ba4 \u0baa\u0b9a\u0bc1\u0bb5\u0bbf\u0b9f\u0bae\u0bcd \u0b95\u0bc1\u0baa\u0bcd\u0baa\u0bbf \u0b9a\u0bc6\u0ba9\u0bcd\u0bb1\u0ba4\u0bc1. \u201c\u0ba8\u0bbe\u0ba9\u0bcd \u0b8e\u0ba9\u0bcd \u0baa\u0bb4\u0ba4\u0bcd\u0ba4\u0bc8 \u0bae\u0bc1\u0b9f\u0bcd\u0baa\u0bc1\u0ba4\u0bb0\u0bcd\u0b95\u0bb3\u0bcd \u0ba8\u0b9f\u0bc1\u0bb5\u0bc7 \u0baa\u0bcb\u0b9f\u0bcd\u0b9f\u0bc1 \u0bb5\u0bbf\u0b9f\u0bcd\u0b9f\u0bc7\u0ba9\u0bcd. \u0b8e\u0b9f\u0bc1\u0ba4\u0bcd\u0ba4\u0bc1\u0ba4\u0bcd \u0ba4\u0bb0\u0bc1\u0bae\u0bbe\u0bb1\u0bc1 \u0b92\u0bb0\u0bc1 \u0b9a\u0bbf\u0bb1\u0bc1\u0bb5\u0ba9\u0bc8\u0b95\u0bcd \u0b95\u0bc7\u0b9f\u0bcd\u0b9f\u0bc7\u0ba9\u0bcd, \u0b85\u0bb5\u0ba9\u0bcd \u0bae\u0bb1\u0bc1\u0ba4\u0bcd\u0ba4\u0bc1 \u0bb5\u0bbf\u0b9f\u0bcd\u0b9f\u0bbe\u0ba9\u0bcd. \u0b85\u0ba8\u0bcd\u0ba4\u0b9a\u0bcd \u0b9a\u0bbf\u0bb1\u0bc1\u0bb5\u0ba9\u0bc8 \u0b85\u0b9f\u0bbf\u0b95\u0bcd\u0b95 \u0bb5\u0bbf\u0bb5\u0b9a\u0bbe\u0baf\u0bbf\u0baf\u0bbf\u0ba9\u0bcd \u0b89\u0ba4\u0bb5\u0bbf \u0b95\u0bc7\u0b9f\u0bcd\u0b9f\u0bc7\u0ba9\u0bcd, \u0b85\u0bb5\u0ba9\u0bc1\u0bae\u0bcd \u0bae\u0bb1\u0bc1\u0ba4\u0bcd\u0ba4\u0bc1 \u0bb5\u0bbf\u0b9f\u0bcd\u0b9f\u0bbe\u0ba9\u0bcd. \u0b87\u0baa\u0bcd\u0baa\u0bca\u0bb4\u0bc1\u0ba4\u0bc1 \u0ba8\u0bc0 \u0b85\u0bb5\u0ba9\u0bc1\u0b9f\u0bc8\u0baf \u0baa\u0baf\u0bbf\u0bb0\u0bc8\u0baf\u0bc6\u0bb2\u0bcd\u0bb2\u0bbe\u0bae\u0bcd \u0bae\u0bc7\u0baf\u0bcd\u0ba8\u0bcd\u0ba4\u0bc1\u0bb5\u0bbf\u0b9f\u0bc1\u201d \u0b8e\u0ba9\u0bcd\u0bb1\u0ba4\u0bc1 \u0b95\u0bc1\u0baa\u0bcd\u0baa\u0bbf. \u201d\u0b8e\u0ba9\u0bcd\u0ba9\u0bbe\u0bb2\u0bcd \u0b85\u0ba4\u0bc1 \u0bae\u0bc1\u0b9f\u0bbf\u0baf\u0bbe\u0ba4\u0bc1\u201d \u0b8e\u0ba9\u0bcd\u0bb1\u0bc1 \u0b9a\u0bca\u0bb2\u0bcd\u0bb2\u0bbf \u0bb5\u0bbf\u0b9f\u0bcd\u0b9f\u0bc1, \u0baa\u0b9a\u0bc1 \u0ba4\u0ba9\u0bcd \u0ba4\u0bb2\u0bc8\u0baf\u0bc8\u0ba4\u0bcd \u0ba4\u0bbf\u0bb0\u0bc1\u0baa\u0bcd\u0baa\u0bbf\u0b95\u0bcd \u0b95\u0bca\u0ba3\u0bcd\u0b9f\u0ba4\u0bc1."},{"language_id":6,"content":"\u0935\u0939\u0940\u0902 \u0918\u093e\u0938 \u091a\u0930\u0924\u0940 \u0939\u0941\u0908 \u0917\u093e\u092f    \u0915\u0947 \u092a\u093e\u0938 \u091c\u093e\u0915\u0930 \u0917\u094c\u0930\u0948\u092f\u093e \u092c\u094b\u0932\u0940, \u201c\u092e\u0947\u0930\u093e \u0905\u092e\u0930\u0942\u0926 \u0915\u0901\u091f\u0940\u0932\u0940 \u091d\u093e\u095c\u0940 \u092e\u0947\u0902 \u0917\u093f\u0930\u093e \u0939\u0948\u0964 \u0928\u093f\u0915\u093e\u0932 \u0915\u0930 \u0926\u0947\u0928\u0947 \u0915\u0947 \u0932\u093f\u090f \u0909\u0938 \u0932\u095c\u0915\u0947 \u0938\u0947 \u0915\u0939\u093e \u0924\u094b \u0909\u0938\u0928\u0947 \u092e\u0928\u093e \u0915\u0930 \u0926\u093f\u092f\u093e  \u0964 \u0909\u0938 \u0932\u095c\u0915\u0947 \u0915\u094b \u092a\u0940\u091f\u0928\u0947 \u0915\u0947 \u0932\u093f\u090f \u0915\u093f\u0938\u093e\u0928 \u0938\u0947 \u0915\u0939\u093e \u0924\u094b \u0909\u0938\u0928\u0947 \u092d\u0940 \u092e\u0928\u093e \u0915\u0930 \u0926\u093f\u092f\u093e  \u0964 \u0905\u092c \u0924\u0941\u092e \u0909\u0938 \u0915\u093f\u0938\u093e\u0928 \u0915\u0947 \u0916\u0947\u0924 \u0915\u094b \u091a\u0930 \u0932\u094b\u0964\u201d\u2029 \u201c\u0928\u0939\u0940\u0902 \u0939\u094b\u0917\u093e,\u201d \u0915\u0939\u0924\u0947 \u0939\u0941\u090f \u0917\u093e\u092f   \u0928\u0947 \u092e\u0941\u0901\u0939 \u092b\u0947\u0930 \u0932\u093f\u092f\u093e  \u0964\u2029"},{"language_id":12,"content":"\u0c06 \u0c30\u0c48\u0c24\u0c41 \u0c2a\u0c4a\u0c32\u0c02\u0c32\u0c4b \u0c17\u0c21\u0c4d\u0c21\u0c3f \u0c2e\u0c47\u0c38\u0c4d\u0c24\u0c41\u0c28\u0c4d\u0c28 \u0c12\u0c15 \u0c06\u0c35\u0c41 \u0c26\u0c17\u0c4d\u0c17\u0c30\u0c15\u0c3f \u0c35\u0c46\u0c33\u0c4d\u0c32\u0c3f\u0c02\u0c26\u0c3f \u0c1a\u0c3f\u0c28\u0c4d\u0c28\u0c3f.\u2029 \u201c\u0c28\u0c3e \u0c2a\u0c02\u0c21\u0c41 \u0c12\u0c15 \u0c2e\u0c41\u0c33\u0c4d\u0c32\u0c2a\u0c4a\u0c26\u0c32\u0c4b \u0c1c\u0c3e\u0c30\u0c3f\u0c2a\u0c21\u0c3f\u0c02\u0c26\u0c3f. \u0c28\u0c47\u0c28\u0c4a\u0c15 \u0c05\u0c2c\u0c4d\u0c2c\u0c3e\u0c2f\u0c3f\u0c28\u0c3f \u0c38\u0c3e\u0c2f\u0c02 \u0c1a\u0c47\u0c2f\u0c2e\u0c28\u0c3f   \u0c05\u0c21\u0c3f\u0c17\u0c3e\u0c28\u0c41. \u0c15\u0c3e\u0c28\u0c40, \u0c05\u0c24\u0c21\u0c41 \u0c38\u0c3e\u0c2f\u0c02   \u0c1a\u0c46\u0c2f\u0c4d\u0c2f\u0c32\u0c47\u0c26\u0c41  . \u0c28\u0c47\u0c28\u0c4a\u0c15 \u0c30\u0c48\u0c24\u0c41 \u0c26\u0c17\u0c4d\u0c17\u0c30\u0c15\u0c41 \u0c35\u0c46\u0c33\u0c4d\u0c32\u0c3f \u0c06  \u0c05\u0c2c\u0c4d\u0c2c\u0c3e\u0c2f\u0c3f\u0c28\u0c3f \u0c1a\u0c3f\u0c24\u0c15\u0c4d\u0c15\u0c4a\u0c1f\u0c4d\u0c1f\u0c2e\u0c28\u0c4d\u0c28\u0c3e\u0c28\u0c41, \u0c15\u0c3e\u0c28\u0c40 \u0c05\u0c24\u0c21\u0c41 \u0c06 \u0c2a\u0c28\u0c3f  \u0c1a\u0c46\u0c2f\u0c4d\u0c2f\u0c32\u0c47\u0c26\u0c41. \u0c15\u0c28\u0c41\u0c15\u0c28\u0c41\u0c35\u0c4d\u0c35\u0c3e \u0c30\u0c48\u0c24\u0c41   \u0c1a\u0c47\u0c28\u0c41\u0c32\u0c4b\u0c15\u0c3f \u0c35\u0c46\u0c33\u0c4d\u0c32\u0c3f \u0c2a\u0c02\u0c1f\u0c28\u0c3f   \u0c2e\u0c47\u0c38\u0c46\u0c2f\u0c4d\u0c2f\u0c3f,\u201d \u0c05\u0c02\u0c26\u0c3f   \u0c1a\u0c3f\u0c28\u0c4d\u0c28\u0c3f  .\u2029 \u201d\u0c28\u0c47\u0c28\u0c3e\u0c2a\u0c28\u0c3f \u0c1a\u0c46\u0c2f\u0c4d\u0c2f\u0c32\u0c47\u0c28\u0c41,\u201d \u0c05\u0c28\u0c3f \u0c2e\u0c41\u0c16\u0c02 \u0c2a\u0c15\u0c4d\u0c15\u0c15\u0c41 \u0c24\u0c3f\u0c2a\u0c4d\u0c2a\u0c47\u0c38\u0c41\u0c15\u0c41\u0c02\u0c26\u0c3f \u0c06\u0c35\u0c41.\u2029"},{"language_id":8,"content":"\u091c\u0935\u0933\u091a \u090f\u0915 \u0917\u093e\u092f \u091a\u0930\u0924 \u0939\u094b\u0924\u0940. \u091a\u093f\u092e\u0923\u0940 \u0909\u0921\u0924 \u0917\u093e\u0908\u091c\u0935\u0933 \u0906\u0932\u0940 \u0906\u0923\u093f \u092e\u094d\u0939\u0923\u093e\u0932\u0940, \u201c\u0905\u0917 \u0917\u093e\u0908, \u0915\u093e\u091f\u0947\u0930\u0940 \u091d\u0941\u0921\u0941\u092a\u093e\u0924 \u092a\u0921\u0932\u0947\u0932\u093e \u092a\u0947\u0930\u0942 \u092e\u0941\u0932\u093e\u0928\u0947 \u092e\u0932\u093e \u0915\u093e\u0922\u0942\u0928 \u0926\u093f\u0932\u093e \u0928\u093e\u0939\u0940. \u0936\u0947\u0924\u0915\u0931\u094d\u092f\u093e\u0928\u0947 \u092e\u0941\u0932\u093e\u0932\u093e \u0936\u093f\u0915\u094d\u0937\u093e \u0915\u0947\u0932\u0940 \u0928\u093e\u0939\u0940. \u0924\u0947\u0935\u094d\u0939\u093e \u0924\u0942 \u0924\u094d\u092f\u093e\u091a\u094d\u092f\u093e \u0936\u0947\u0924\u093e\u0924 \u091c\u093e\u090a\u0928 \u091a\u0930,\u201d \u092a\u0923 \u0917\u093e\u0908\u0928\u0947 \u091a\u093f\u092e\u0923\u0940\u0932\u093e \u0927\u0941\u0921\u0915\u093e\u0935\u0932\u0947.\u2029"}]},{"id":1441,"content":"Gubbi flew straight to the fisherman. She said, \u201cI dropped my fruit in a clump of thorns. The boy did not help me, the farmer did not help me, and the cow did not help me. Now I want you to whip the cow.\u201d \u201cWon\u2019t do it,\u201d said the fisherman and cast his net again.","pageno":5,"image":"1754591851d7ff78f15c5cc7e9fe46c5.jpg","audio":"b884c270210ffbf0f09a47dc105d6ca8.mp3","audio_map":"b884c270210ffbf0f09a47dc105d6ca8.json","language":[{"language_id":11,"content":"\u0b95\u0bc1\u0baa\u0bcd\u0baa\u0bbf \u0ba8\u0bc7\u0bb0\u0bbe\u0b95 \u0bae\u0bc0\u0ba9\u0bcd \u0baa\u0bbf\u0b9f\u0bbf\u0ba4\u0bcd\u0ba4\u0bc1\u0b95\u0bcd \u0b95\u0bca\u0ba3\u0bcd\u0b9f\u0bbf\u0bb0\u0bc1\u0ba8\u0bcd\u0ba4 \u0b92\u0bb0\u0bc1 \u0bae\u0bc0\u0ba9\u0bb5\u0ba9\u0bbf\u0b9f\u0bae\u0bcd \u0baa\u0bb1\u0ba8\u0bcd\u0ba4\u0bc1 \u0b9a\u0bc6\u0ba9\u0bcd\u0bb1\u0ba4\u0bc1. \u0b85\u0bb5\u0ba9\u0bbf\u0b9f\u0bae\u0bcd, \u201c\u0ba8\u0bbe\u0ba9\u0bcd \u0b8e\u0ba9\u0bcd \u0baa\u0bb4\u0ba4\u0bcd\u0ba4\u0bc8 \u0bae\u0bc1\u0b9f\u0bcd\u0baa\u0bc1\u0ba4\u0bb0\u0bcd\u0b95\u0bb3\u0bcd \u0ba8\u0b9f\u0bc1\u0bb5\u0bc7 \u0ba4\u0bb5\u0bb1 \u0bb5\u0bbf\u0b9f\u0bcd\u0b9f\u0bc7\u0ba9\u0bcd. \u0b89\u0ba4\u0bb5\u0bbf \u0b95\u0bc7\u0b9f\u0bcd\u0b9f \u0b9a\u0bbf\u0bb1\u0bc1\u0bb5\u0ba9\u0bc1\u0bae\u0bcd \u0b89\u0ba4\u0bb5\u0bb5\u0bbf\u0bb2\u0bcd\u0bb2\u0bc8. \u0bb5\u0bbf\u0bb5\u0b9a\u0bbe\u0baf\u0bbf\u0baf\u0bc1\u0bae\u0bcd \u0b89\u0ba4\u0bb5\u0bb5\u0bbf\u0bb2\u0bcd\u0bb2\u0bc8. \u0baa\u0b9a\u0bc1\u0bb5\u0bc1\u0bae\u0bcd \u0b8e\u0ba9\u0b95\u0bcd\u0b95\u0bc1 \u0b89\u0ba4\u0bb5\u0bbf \u0b9a\u0bc6\u0baf\u0bcd\u0baf\u0bb5\u0bbf\u0bb2\u0bcd\u0bb2\u0bc8. \u0b8e\u0ba9\u0b95\u0bcd\u0b95\u0bbe\u0b95 \u0ba8\u0bc0 \u0b85\u0ba8\u0bcd\u0ba4\u0baa\u0bcd \u0baa\u0b9a\u0bc1\u0bb5\u0bc8 \u0b9a\u0bbe\u0b9f\u0bcd\u0b9f\u0bc8\u0baf\u0bbe\u0bb2\u0bcd \u0b85\u0b9f\u0bbf\u0baa\u0bcd\u0baa\u0bbe\u0baf\u0bbe? \u0b8e\u0ba9\u0bcd\u0bb1\u0bc1 \u0b95\u0bc7\u0b9f\u0bcd\u0b9f\u0ba4\u0bc1. \u201c\u0ba8\u0bbe\u0ba9\u0bcd \u0b9a\u0bc6\u0baf\u0bcd\u0baf\u0bae\u0bbe\u0b9f\u0bcd\u0b9f\u0bc7\u0ba9\u0bcd\u201d \u0b8e\u0ba9\u0bcd\u0bb1\u0bc1 \u0b9a\u0bca\u0bb2\u0bcd\u0bb2\u0bbf\u0bb5\u0bbf\u0b9f\u0bcd\u0b9f\u0bc1 \u0bae\u0bc0\u0ba9\u0bb5\u0ba9\u0bcd \u0bae\u0bc0\u0ba3\u0bcd\u0b9f\u0bc1\u0bae\u0bcd \u0bb5\u0bb2\u0bc8 \u0bb5\u0bc0\u0b9a\u0bc1\u0bb5\u0ba4\u0bbf\u0bb2\u0bcd \u0b88\u0b9f\u0bc1\u0baa\u0b9f\u0bcd\u0b9f\u0bbe\u0ba9\u0bcd."},{"language_id":6,"content":"\u092b\u093f\u0930 \u0917\u094c\u0930\u0948\u092f\u093e   \u092e\u091b\u0941\u0906\u0930\u0947 \u0915\u0947 \u092a\u093e\u0938 \u091c\u093e\u0915\u0930 \u092c\u094b\u0932\u0940, \u201c\u0917\u093e\u092f   \u0915\u094b \u090f\u0915 \u0921\u0902\u0921\u093e \u092e\u093e\u0930\u094b\u0964\u201d \u0932\u0947\u0915\u093f\u0928 \u092e\u091b\u0941\u0906\u0930\u093e \u0928\u0939\u0940\u0902 \u092e\u093e\u0928\u093e\u0964\u2029"},{"language_id":12,"content":"\u0c1a\u0c3f\u0c28\u0c4d\u0c28\u0c3f \u0c0e\u0c17\u0c3f\u0c30\u0c3f \u0c28\u0c47\u0c30\u0c41\u0c17\u0c3e \u0c1a\u0c47\u0c2a\u0c32\u0c41 \u0c2a\u0c1f\u0c4d\u0c1f\u0c47\u0c35\u0c3e\u0c21\u0c3f \u0c26\u0c17\u0c4d\u0c17\u0c30\u0c15\u0c41 \u0c35\u0c46\u0c33\u0c4d\u0c32\u0c3f\u0c02\u0c26\u0c3f. \u0c05\u0c24\u0c28\u0c3f\u0c24\u0c4b \u0c05\u0c26\u0c3f \u0c07\u0c32\u0c3e \u0c1a\u0c46\u0c2a\u0c4d\u0c2a\u0c3f\u0c02\u0c26\u0c3f.\u2029 \u201c\u0c28\u0c3e \u0c2a\u0c02\u0c21\u0c41 \u0c2e\u0c41\u0c33\u0c4d\u0c32\u0c2a\u0c4a\u0c26\u0c32\u0c4b \u0c2a\u0c21\u0c3f\u0c2a\u0c4b\u0c2f\u0c3f\u0c02\u0c26\u0c3f. \u0c05\u0c2c\u0c4d\u0c2c\u0c3e\u0c2f\u0c3f \u0c28\u0c3e\u0c15\u0c41 \u0c38\u0c3e\u0c2f\u0c02   \u0c1a\u0c46\u0c2f\u0c4d\u0c2f\u0c32\u0c47\u0c26\u0c41  , \u0c30\u0c48\u0c24\u0c42 \u0c38\u0c3e\u0c2f\u0c02 \u0c1a\u0c46\u0c2f\u0c4d\u0c2f\u0c32\u0c47\u0c26\u0c41, \u0c06\u0c35\u0c41 \u0c15\u0c42\u0c21\u0c3e \u0c38\u0c3e\u0c2f\u0c02 \u0c1a\u0c46\u0c2f\u0c4d\u0c2f\u0c32\u0c47\u0c26\u0c41, ..\u0c15\u0c28\u0c41\u0c15\u0c06\u0c35\u0c41\u0c28\u0c3f \u0c28\u0c41\u0c35\u0c4d\u0c35\u0c41 \u0c15\u0c2e\u0c4d\u0c1a\u0c40\u0c24\u0c4b \u0c1a\u0c3f\u0c24\u0c15\u0c4d\u0c15\u0c4a\u0c1f\u0c4d\u0c1f\u0c41.\u201d\u2029 \u201c\u0c28\u0c47\u0c28\u0c3e\u0c2a\u0c28\u0c3f   \u0c1a\u0c46\u0c2f\u0c4d\u0c2f\u0c32\u0c47\u0c28\u0c41  \u201d, \u0c05\u0c28\u0c3f \u0c1a\u0c46\u0c2a\u0c4d\u0c2a\u0c3f \u0c1a\u0c47\u0c2a\u0c32\u0c41 \u0c2a\u0c1f\u0c4d\u0c1f\u0c47\u0c35\u0c3e\u0c21\u0c41 \u0c24\u0c28 \u0c35\u0c32\u0c28\u0c41 \u0c2e\u0c33\u0c4d\u0c32\u0c40 \u0c35\u0c3f\u0c38\u0c3f\u0c30\u0c3e\u0c21\u0c41.\u2029"},{"language_id":8,"content":"\u091a\u093f\u092e\u0923\u0940 \u0915\u094b\u0933\u094d\u092f\u093e\u0915\u0921\u0947 \u0917\u0947\u0932\u0940 \u0906\u0923\u093f \u092e\u094d\u0939\u0923\u093e\u0932\u0940, \u201c\u0915\u094b\u0933\u0940\u0926\u093e\u0926\u093e, \u0915\u094b\u0933\u0940\u0926\u093e\u0926\u093e, \u091d\u0941\u0921\u0941\u092a\u093e\u0924 \u092a\u0921\u0932\u0947\u0932\u093e \u092a\u0947\u0930\u0942 \u092e\u0941\u0932\u093e\u0928\u0947 \u092e\u0932\u093e \u0915\u093e\u0922\u0942\u0928 \u0926\u093f\u0932\u093e \u0928\u093e\u0939\u0940. \u0936\u0947\u0924\u0915\u0931\u094d\u092f\u093e\u0928\u0947 \u092e\u0941\u0932\u093e\u0932\u093e \u0936\u093f\u0915\u094d\u0937\u093e \u0915\u0947\u0932\u0940 \u0928\u093e\u0939\u0940. \u0917\u093e\u092f \u0936\u0947\u0924\u0915\u0931\u094d\u092f\u093e\u091a\u094d\u092f\u093e \u0936\u0947\u0924\u093e\u0924 \u091a\u0930\u0924 \u0928\u093e\u0939\u0940. \u0924\u0947\u0935\u094d\u0939\u093e \u0924\u0942 \u0917\u093e\u0908\u0932\u093e \u092e\u093e\u0930 \u0926\u0947.\u201d \u0915\u094b\u0933\u094d\u092f\u093e\u0928\u0947 \u091a\u093f\u092e\u0923\u0940\u0932\u093e \u0928\u0915\u093e\u0930 \u0926\u093f\u0932\u093e.\u2029"}]},{"id":1442,"content":"Gubbi went straight to the rat. She said, \u201cI dropped my fruit in a clump of thorns. The boy did not help me, the farmer did not help me, the cow did not help me, and the fisherman did not help me. Now I want you to chew up the fisherman\u2019s net.\u201d \u201cCan\u2019t do it,\u201d said the rat, and scurried away.","pageno":6,"image":"e09564729242f62de9a207e561c0c834.jpg","audio":"ef32fa8534620812c56a7a7a93b51b51.mp3","audio_map":"ef32fa8534620812c56a7a7a93b51b51.json","language":[{"language_id":11,"content":"\u0b95\u0bc1\u0baa\u0bcd\u0baa\u0bbf \u0b87\u0baa\u0bcd\u0baa\u0bca\u0bb4\u0bc1\u0ba4\u0bc1 \u0b92\u0bb0\u0bc1 \u0b8e\u0bb2\u0bbf\u0baf\u0bbf\u0ba9\u0bbf\u0b9f\u0bae\u0bcd \u0b9a\u0bc6\u0ba9\u0bcd\u0bb1\u0ba4\u0bc1. \u201c\u0ba8\u0bbe\u0ba9\u0bcd \u0b8e\u0ba9\u0bcd \u0baa\u0bb4\u0ba4\u0bcd\u0ba4\u0bc8 \u0bae\u0bc1\u0b9f\u0bcd\u0baa\u0bc1\u0ba4\u0bb0\u0bcd\u0b95\u0bb3\u0bcd \u0ba8\u0b9f\u0bc1\u0bb5\u0bc7 \u0ba4\u0bb5\u0bb1 \u0bb5\u0bbf\u0b9f\u0bcd\u0b9f\u0bc7\u0ba9\u0bcd. \u0b89\u0ba4\u0bb5\u0bbf \u0b95\u0bc7\u0b9f\u0bcd\u0b9f \u0b9a\u0bbf\u0bb1\u0bc1\u0bb5\u0ba9\u0bc1\u0bae\u0bcd \u0b89\u0ba4\u0bb5\u0bb5\u0bbf\u0bb2\u0bcd\u0bb2\u0bc8. \u0bb5\u0bbf\u0bb5\u0b9a\u0bbe\u0baf\u0bbf\u0baf\u0bc1\u0bae\u0bcd \u0b89\u0ba4\u0bb5\u0bb5\u0bbf\u0bb2\u0bcd\u0bb2\u0bc8. \u0baa\u0b9a\u0bc1\u0bb5\u0bc1\u0bae\u0bcd \u0b8e\u0ba9\u0b95\u0bcd\u0b95\u0bc1 \u0b89\u0ba4\u0bb5\u0bbf \u0b9a\u0bc6\u0baf\u0bcd\u0baf\u0bb5\u0bbf\u0bb2\u0bcd\u0bb2\u0bc8. \u0b95\u0b9f\u0bc8\u0b9a\u0bbf\u0baf\u0bbf\u0bb2\u0bcd \u0b95\u0bc7\u0b9f\u0bcd\u0b9f \u0bae\u0bc0\u0ba9\u0bb5\u0ba9\u0bc1\u0bae\u0bcd \u0b89\u0ba4\u0bb5\u0bb5\u0bbf\u0bb2\u0bcd\u0bb2\u0bc8. \u0b8e\u0ba9\u0b95\u0bcd\u0b95\u0bbe\u0b95 \u0ba8\u0bc0 \u0b85\u0bb5\u0ba9\u0bc1\u0b9f\u0bc8\u0baf \u0bae\u0bc0\u0ba9\u0bcd\u0bb5\u0bb2\u0bc8\u0baf\u0bc8\u0b95\u0bcd \u0b95\u0b9f\u0bbf\u0ba4\u0bcd\u0ba4\u0bc1\u0ba4\u0bcd \u0ba4\u0bc1\u0ba3\u0bcd\u0b9f\u0bbe\u0b95\u0bcd\u0b95\u0bc1\u0bb5\u0bbe\u0baf\u0bbe?\u201d\u0b8e\u0ba9\u0bcd\u0bb1\u0bc1 \u0b95\u0bc7\u0b9f\u0bcd\u0b9f\u0ba4\u0bc1 \u0b95\u0bc1\u0baa\u0bcd\u0baa\u0bbf. \u201d\u0b8e\u0ba9\u0bcd\u0ba9\u0bbe\u0bb2\u0bcd \u0bae\u0bc1\u0b9f\u0bbf\u0baf\u0bbe\u0ba4\u0bc1\u201d \u0b8e\u0ba9\u0bcd\u0bb1\u0bc1 \u0b9a\u0bca\u0bb2\u0bcd\u0bb2\u0bbf\u0bb5\u0bbf\u0b9f\u0bcd\u0b9f\u0bc1 \u0b8e\u0bb2\u0bbf, \u0bb5\u0bbf\u0b9f\u0bc1\u0bb5\u0bbf\u0b9f\u0bc1\u0bb5\u0bc6\u0ba9 \u0b93\u0b9f\u0bbf\u0bb5\u0bbf\u0b9f\u0bcd\u0b9f\u0ba4\u0bc1."},{"language_id":6,"content":"\u0917\u094c\u0930\u0948\u092f\u093e   \u091a\u0942\u0939\u0947 \u0915\u0947 \u092a\u093e\u0938 \u091c\u093e\u0915\u0930 \u092c\u094b\u0932\u0940, \u201c\u092e\u0948\u0902 \u092c\u093e\u095b\u093e\u0930 \u0938\u0947 \u090f\u0915 \u0905\u092e\u0930\u0942\u0926 \u0932\u093e\u0908\u0964 \u0935\u0939 \u0915\u0901\u091f\u0940\u0932\u0940 \u091d\u093e\u095c\u0940 \u092e\u0947\u0902 \u0917\u093f\u0930 \u0917\u092f\u093e  \u0964 \u0909\u0938 \u0932\u095c\u0915\u0947 \u0928\u0947 \u0928\u093f\u0915\u093e\u0932 \u0915\u0930 \u0928\u0939\u0940\u0902 \u0926\u093f\u092f\u093e  \u0964 \u0915\u093f\u0938\u093e\u0928, \u0917\u093e\u092f   , \u092e\u091b\u0941\u0906\u0930\u0947 \u0915\u093f\u0938\u0940 \u0928\u0947 \u092e\u0947\u0930\u0940 \u092c\u093e\u0924 \u0928\u0939\u0940\u0902 \u092e\u093e\u0928\u0940\u0964 \u0924\u0941\u092e \u0907\u0938 \u092e\u091b\u0941\u0906\u0930\u0947 \u0915\u0947 \u091c\u093e\u0932 \u0915\u0947 \u091f\u0941\u0915\u095c\u0947 \u0915\u0930 \u0926\u094b\u0964\u201d \u091a\u0942\u0939\u0947 \u0928\u0947 \u0915\u0939\u093e, \u201c\u0928\u093e \u092c\u093e\u092c\u093e \u0928\u093e! \u091c\u093e\u0932 \u0915\u0947 \u091f\u0941\u0915\u095c\u0947 \u0928\u0939\u0940\u0902 \u0915\u0930\u0942\u0901\u0917\u093e\u0964\u201d\u2029"},{"language_id":12,"content":"\u0c05\u0c2a\u0c4d\u0c2a\u0c41\u0c21\u0c41 \u0c1a\u0c3f\u0c28\u0c4d\u0c28\u0c3f \u0c28\u0c47\u0c30\u0c41\u0c17\u0c3e \u0c0e\u0c32\u0c41\u0c15 \u0c26\u0c17\u0c4d\u0c17\u0c30\u0c15\u0c41 \u0c35\u0c46\u0c33\u0c4d\u0c32\u0c3f\u0c02\u0c26\u0c3f. \u0c26\u0c3e\u0c28\u0c3f\u0c24\u0c4b \u0c07\u0c32\u0c3e \u0c1a\u0c46\u0c2a\u0c3f\u0c02\u0c26\u0c3f: \u201c\u0c28\u0c3e\u0c2a\u0c02\u0c21\u0c41 \u0c2e\u0c41\u0c33\u0c4d\u0c32\u0c2a\u0c4a\u0c26\u0c32\u0c4b \u0c2a\u0c21\u0c3f\u0c2a\u0c4b\u0c2f\u0c3f\u0c02\u0c26\u0c3f. \u0c28\u0c47\u0c28\u0c41 \u0c05\u0c21\u0c3f\u0c17\u0c3f\u0c24\u0c47 \u0c05\u0c2c\u0c4d\u0c2c\u0c3e\u0c2f\u0c3f \u0c38\u0c3e\u0c2f\u0c02 \u0c1a\u0c46\u0c2f\u0c4d\u0c2f\u0c32\u0c47\u0c26\u0c41. \u0c30\u0c48\u0c24\u0c41 \u0c38\u0c3e\u0c2f\u0c02 \u0c1a\u0c46\u0c2f\u0c4d\u0c2f\u0c32\u0c47\u0c26\u0c41. \u0c06\u0c35\u0c41 \u0c38\u0c3e\u0c2f\u0c02 \u0c1a\u0c46\u0c2f\u0c4d\u0c2f\u0c32\u0c47\u0c26\u0c41.\r\n\u0c1a\u0c3f\u0c35\u0c30\u0c15\u0c41 \u0c1a\u0c47\u0c2a\u0c32\u0c41 \u0c2a\u0c1f\u0c4d\u0c1f\u0c47 \u0c1c\u0c3e\u0c32\u0c30\u0c40 \u0c15\u0c42\u0c21\u0c3e \u0c38\u0c3e\u0c2f\u0c02   \u0c1a\u0c46\u0c2f\u0c4d\u0c2f\u0c32\u0c47\u0c26\u0c41  . \u0c15\u0c28\u0c41\u0c15\u0c28\u0c41\u0c35\u0c4d\u0c35\u0c46\u0c33\u0c4d\u0c32\u0c3f \u0c1c\u0c3e\u0c32\u0c30\u0c3f\u0c35\u0c3e\u0c21\u0c3f \u0c35\u0c32\u0c28\u0c41 \u0c15\u0c4a\u0c30\u0c3f\u0c15\u0c46\u0c2f\u0c4d\u0c2f\u0c3f.\u201d\u2029 \u201c\u0c28\u0c47\u0c28\u0c3e\u0c2a\u0c28\u0c3f \u0c1a\u0c46\u0c2f\u0c4d\u0c2f\u0c32\u0c47\u0c28\u0c41,\u201d \u0c05\u0c28\u0c3f \u0c0e\u0c32\u0c41\u0c15 \u0c17\u0c41\u0c28\u0c17\u0c41\u0c28 \u0c1c\u0c3e\u0c30\u0c41\u0c15\u0c41\u0c02\u0c26\u0c3f.\u2029"},{"language_id":8,"content":"\u092e\u0917 \u091a\u093f\u092e\u0923\u0940 \u0909\u0902\u0926\u0930\u093e\u0915\u0921\u0947 \u0917\u0947\u0932\u0940. \u0909\u0902\u0926\u0930\u093e\u0932\u093e \u092e\u094d\u0939\u0923\u093e\u0932\u0940, \u0909\u0902\u0926\u0940\u0930\u092d\u093e\u090a, \u0909\u0902\u0926\u0940\u0930\u092d\u093e\u090a. \u091d\u0941\u0921\u0941\u092a\u093e\u0924 \u092a\u0921\u0932\u0947\u0932\u093e \u092a\u0947\u0930\u0942 \u092e\u0941\u0932\u093e\u0928\u0947 \u092e\u0932\u093e \u0915\u093e\u0922\u0942\u0928 \u0926\u093f\u0932\u093e \u0928\u093e\u0939\u0940. \u0936\u0947\u0924\u0915\u0931\u094d\u092f\u093e\u0928\u0947 \u092e\u0941\u0932\u093e\u0932\u093e \u0936\u093f\u0915\u094d\u0937\u093e \u0915\u0947\u0932\u0940 \u0928\u093e\u0939\u0940. \u0917\u093e\u092f \u0936\u0947\u0924\u0915\u0931\u094d\u092f\u093e\u091a\u094d\u092f\u093e \u0936\u0947\u0924\u093e\u0924 \u091a\u0930\u0924 \u0928\u093e\u0939\u0940. \u0915\u094b\u0933\u0940 \u0917\u093e\u0908\u0932\u093e \u092e\u093e\u0930\u0924 \u0928\u093e\u0939\u0940. \u0924\u0947\u0935\u094d\u0939\u093e \u0924\u0942 \u0915\u094b\u0933\u094d\u092f\u093e\u091a\u0947 \u091c\u093e\u0933\u0947 \u0915\u0941\u0930\u0924\u0921. \u092a\u0923 \u0909\u0902\u0926\u0930\u093e\u0928\u0947\u0939\u0940 \u0932\u0915\u094d\u0937 \u0926\u093f\u0932\u0947 \u0928\u093e\u0939\u0940.\u2029"}]},{"id":1443,"content":"Gubbi flew straight to the cat. She said, \u201cI dropped my fruit in a clump of thorns. The boy did not help me, the farmer did not help me, the cow did not help me, the fisherman did not help me, and the rat did not help me. Now I want you to catch the rat.\u201d \u201cWon\u2019t do it,\u201d said the cat.","pageno":7,"image":"b1e1c5174e464063d748093de19bf334.jpg","audio":"5a3a5b4031e8de5e7910f83e69cce1c0.mp3","audio_map":"5a3a5b4031e8de5e7910f83e69cce1c0.json","language":[{"language_id":11,"content":"\u0b95\u0bc1\u0baa\u0bcd\u0baa\u0bbf \u0ba8\u0bc7\u0bb0\u0bbe\u0b95 \u0b92\u0bb0\u0bc1 \u0baa\u0bc2\u0ba9\u0bc8\u0baf\u0bbf\u0b9f\u0bae\u0bcd \u0b9a\u0bc6\u0ba9\u0bcd\u0bb1\u0ba4\u0bc1. \u0b85\u0ba4\u0ba9\u0bbf\u0b9f\u0bae\u0bcd \u201c\u0ba8\u0bbe\u0ba9\u0bcd \u0b8e\u0ba9\u0bcd \u0baa\u0bb4\u0ba4\u0bcd\u0ba4\u0bc8 \u0bae\u0bc1\u0b9f\u0bcd\u0baa\u0bc1\u0ba4\u0bb0\u0bcd\u0b95\u0bb3\u0bcd \u0ba8\u0b9f\u0bc1\u0bb5\u0bc7 \u0ba4\u0bb5\u0bb1 \u0bb5\u0bbf\u0b9f\u0bcd\u0b9f\u0bc7\u0ba9\u0bcd. \u0b89\u0ba4\u0bb5\u0bbf \u0b95\u0bc7\u0b9f\u0bcd\u0b9f \u0b9a\u0bbf\u0bb1\u0bc1\u0bb5\u0ba9\u0bc1\u0bae\u0bcd \u0b89\u0ba4\u0bb5\u0bb5\u0bbf\u0bb2\u0bcd\u0bb2\u0bc8. \u0bb5\u0bbf\u0bb5\u0b9a\u0bbe\u0baf\u0bbf\u0baf\u0bc1\u0bae\u0bcd \u0b89\u0ba4\u0bb5\u0bb5\u0bbf\u0bb2\u0bcd\u0bb2\u0bc8. \u0baa\u0b9a\u0bc1\u0bb5\u0bc1\u0bae\u0bcd \u0b8e\u0ba9\u0b95\u0bcd\u0b95\u0bc1 \u0b89\u0ba4\u0bb5\u0bbf \u0b9a\u0bc6\u0baf\u0bcd\u0baf\u0bb5\u0bbf\u0bb2\u0bcd\u0bb2\u0bc8. \u0bae\u0bc0\u0ba9\u0bb5\u0ba9\u0bc1\u0bae\u0bcd \u0b89\u0ba4\u0bb5\u0bb5\u0bbf\u0bb2\u0bcd\u0bb2\u0bc8, \u0b95\u0b9f\u0bc8\u0b9a\u0bbf\u0baf\u0bbe\u0b95 \u0b95\u0bc7\u0b9f\u0bcd\u0b9f \u0b8e\u0bb2\u0bbf\u0baf\u0bc1\u0bae\u0bcd \u0b89\u0ba4\u0bb5 \u0bae\u0bb1\u0bc1\u0ba4\u0bcd\u0ba4\u0bc1\u0bb5\u0bbf\u0b9f\u0bcd\u0b9f\u0ba4\u0bc1. \u0b8e\u0ba9\u0b95\u0bcd\u0b95\u0bbe\u0b95 \u0b85\u0ba8\u0bcd\u0ba4 \u0b8e\u0bb2\u0bbf\u0baf\u0bc8\u0baa\u0bcd \u0baa\u0bbf\u0b9f\u0bbf\u0baa\u0bcd\u0baa\u0bbe\u0baf\u0bbe? \u0b8e\u0ba9\u0bcd\u0bb1\u0bc1\u0b95\u0bc7\u0b9f\u0bcd\u0b9f\u0ba4\u0bc1 \u0b95\u0bc1\u0bb0\u0bc1\u0bb5\u0bbf \u0b95\u0bc1\u0baa\u0bcd\u0baa\u0bbf. \u201c\u0ba8\u0bbe\u0ba9\u0bcd \u0bae\u0bbe\u0b9f\u0bcd\u0b9f\u0bc7\u0ba9\u0bcd\u201d \u0b8e\u0ba9\u0bcd\u0bb1\u0ba4\u0bc1 \u0baa\u0bc2\u0ba9\u0bc8."},{"language_id":6,"content":"\u092b\u093f\u0930 \u0917\u094c\u0930\u0948\u092f\u093e    \u0928\u0947 \u092c\u093f\u0932\u094d\u0932\u0940 \u0915\u0947 \u092a\u093e\u0938 \u091c\u093e\u0915\u0930 \u091a\u0942\u0939\u0947 \u0915\u0940 \u0936\u093f\u0915\u093e\u092f\u0924    \u0915\u0930\u0940 \u0914\u0930 \u0915\u0939\u093e \u0915\u093f \u0935\u0939 \u0909\u0938\u0947 \u092a\u0915\u095c \u0932\u0947\u0964 \u092c\u093f\u0932\u094d\u0932\u0940 \u0928\u0947 \u092d\u0940 \u0915\u0939\u093e, \u201c\u091c\u093e, \u0928\u0939\u0940\u0902 \u0939\u094b\u0917\u093e\u0964\u201d\u2029"},{"language_id":12,"content":"\u0c1a\u0c3f\u0c28\u0c4d\u0c28\u0c3f \u0c05\u0c15\u0c4d\u0c15\u0c21\u0c28\u0c41\u0c02\u0c1a\u0c3f \u0c28\u0c47\u0c30\u0c41\u0c17\u0c3e \u0c0e\u0c17\u0c3f\u0c30\u0c3f \u0c12\u0c15 \u0c2a\u0c3f\u0c32\u0c4d\u0c32\u0c3f \u0c26\u0c17\u0c4d\u0c17\u0c30\u0c15\u0c41 \u0c35\u0c46\u0c33\u0c4d\u0c32\u0c3f\u0c02\u0c26\u0c3f. \u0c26\u0c3e\u0c28\u0c3f\u0c24\u0c4b \u0c07\u0c32\u0c3e \u0c1a\u0c46\u0c2a\u0c4d\u0c2a\u0c3f\u0c02\u0c26\u0c3f: \u201c\u0c28\u0c3e \u0c2a\u0c02\u0c21\u0c41 \u0c1c\u0c3e\u0c30\u0c3f \u0c2e\u0c41\u0c33\u0c4d\u0c32 \u0c2a\u0c4a\u0c26\u0c32\u0c4b \u0c2a\u0c21\u0c3f\u0c2a\u0c4b\u0c2f\u0c3f\u0c02\u0c26\u0c3f. \u0c28\u0c47\u0c28\u0c41 \u0c38\u0c3e\u0c2f\u0c02 \u0c1a\u0c46\u0c2f\u0c4d\u0c2f\u0c2e\u0c28\u0c3f \u0c05\u0c2c\u0c4d\u0c2c\u0c3e\u0c2f\u0c3f\u0c28\u0c3f \u0c05\u0c21\u0c3f\u0c17\u0c3f\u0c24\u0c47 \u0c38\u0c3e\u0c2f\u0c02 \u0c1a\u0c46\u0c2f\u0c4d\u0c2f\u0c32\u0c47\u0c26\u0c41. \u0c30\u0c48\u0c24\u0c41 \u0c38\u0c3e\u0c2f\u0c02 \u0c1a\u0c46\u0c2f\u0c4d\u0c2f\u0c32\u0c47\u0c26\u0c41. \u0c06\u0c35\u0c41 \u0c38\u0c3e\u0c2f\u0c02 \u0c1a\u0c46\u0c2f\u0c4d\u0c2f\u0c32\u0c47\u0c26\u0c41. \u0c1a\u0c47\u0c2a\u0c32\u0c41 \u0c2a\u0c1f\u0c4d\u0c1f\u0c47 \u0c1c\u0c3e\u0c32\u0c30\u0c3f \u0c38\u0c3e\u0c2f\u0c02 \u0c1a\u0c46\u0c2f\u0c4d\u0c2f\u0c32\u0c47\u0c26\u0c41. \u0c1a\u0c3f\u0c35\u0c30\u0c15\u0c41 \u0c0e\u0c32\u0c41\u0c15 \u0c15\u0c42\u0c21\u0c3e \u0c38\u0c3e\u0c2f\u0c02  \u0c1a\u0c46\u0c2f\u0c4d\u0c2f\u0c32\u0c47\u0c26\u0c41, \u0c15\u0c28\u0c41\u0c15\u0c28\u0c41\u0c35\u0c4d\u0c35\u0c3e \u0c0e\u0c32\u0c41\u0c15\u0c28\u0c3f \u0c2a\u0c1f\u0c4d\u0c1f\u0c41\u0c15\u0c4b.\u201d\u2029 \u201c\u0c28\u0c47\u0c28\u0c3e\u0c2a\u0c28\u0c3f \u0c1a\u0c46\u0c2f\u0c4d\u0c2f\u0c28\u0c41,\u201d \u0c05\u0c02\u0c26\u0c3f \u0c06 \u0c2a\u0c3f\u0c32\u0c4d\u0c32\u0c3f.\u2029"},{"language_id":8,"content":"\u092e\u0917 \u091a\u093f\u092e\u0923\u0940 \u092e\u093e\u0902\u091c\u0930\u093e\u0915\u0921\u0947 \u0917\u0947\u0932\u0940. \u092e\u093e\u0902\u091c\u0930\u093e\u0932\u093e \u092e\u094d\u0939\u0923\u093e\u0932\u0940, \u201c\u092e\u0928\u0940\u0924\u093e\u0908, \u092e\u0928\u0940\u0924\u093e\u0908. \u091d\u0941\u0921\u0941\u092a\u093e\u0924 \u092a\u0921\u0932\u0947\u0932\u093e \u092a\u0947\u0930\u0942 \u092e\u0941\u0932\u093e\u0928\u0947 \u2029 \u092e\u0932\u093e \u0915\u093e\u0922\u0942\u0928 \u0926\u093f\u0932\u093e \u0928\u093e\u0939\u0940. \u0936\u0947\u0924\u0915\u0931\u094d\u092f\u093e\u0928\u0947 \u092e\u0941\u0932\u093e\u0932\u093e \u0936\u093f\u0915\u094d\u0937\u093e \u0915\u0947\u0932\u0940 \u0928\u093e\u0939\u0940. \u0917\u093e\u092f \u0936\u0947\u0924\u0915\u0931\u094d\u092f\u093e\u091a\u094d\u092f\u093e \u0936\u0947\u0924\u093e\u0924 \u091a\u0930\u0924 \u0928\u093e\u0939\u0940. \u0915\u094b\u0933\u0940 \u0917\u093e\u0908\u0932\u093e \u092e\u093e\u0930\u0924 \u0928\u093e\u0939\u0940. \u0909\u0902\u0926\u0940\u0930 \u0915\u094b\u0933\u094d\u092f\u093e\u091a\u0947 \u091c\u093e\u0933\u0947 \u0915\u0941\u0930\u0924\u0921\u0924 \u0928\u093e\u0939\u0940. \u0924\u0947\u0935\u094d\u0939\u093e \u0924\u0942 \u0909\u0902\u0926\u0930\u093e\u0932\u093e \u0916\u093e.\u201d \u092a\u0923 \u092e\u093e\u0902\u091c\u0930\u0940\u0928\u0947 \u091a\u093f\u092e\u0923\u0940\u091a\u0947 \u092e\u0941\u0933\u0940\u091a \u0910\u0915\u0932\u0947 \u0928\u093e\u0939\u0940.\u2029"}]},{"id":1444,"content":"Gubbi did not know what to do. She wished someone would do as she said. Suddenly, she remembered her friend, the ant. Gubbi knew he could help her get her fruit back.","pageno":8,"image":"c0f2a945711b97489f2b1d2ae1c72768.jpg","audio":"27622fb0f2dc800a1b6b1170414c315a.mp3","audio_map":"27622fb0f2dc800a1b6b1170414c315a.json","language":[{"language_id":11,"content":"\u0b95\u0bc1\u0baa\u0bcd\u0baa\u0bbf\u0b95\u0bcd\u0b95\u0bc1 \u0b8e\u0ba9\u0bcd\u0ba9 \u0b9a\u0bc6\u0baf\u0bcd\u0bb5\u0ba4\u0bc6\u0ba9\u0bcd\u0bb1\u0bc7 \u0ba4\u0bc6\u0bb0\u0bbf\u0baf\u0bb5\u0bbf\u0bb2\u0bcd\u0bb2\u0bc8. \u0baf\u0bbe\u0bb0\u0bbe\u0bb5\u0ba4\u0bc1 \u0b89\u0ba4\u0bb5\u0bbf \u0b9a\u0bc6\u0baf\u0bcd\u0baf \u0bae\u0bbe\u0b9f\u0bcd\u0b9f\u0bbe\u0bb0\u0bcd\u0b95\u0bb3\u0bbe \u0b8e\u0ba9 \u0bae\u0ba9\u0ba4\u0bbf\u0bb2\u0bcd \u0ba8\u0bbf\u0ba9\u0bc8\u0ba4\u0bcd\u0ba4\u0bc1\u0b95\u0bcd \u0b95\u0bca\u0ba3\u0bcd\u0b9f\u0ba4\u0bc1. \u0ba4\u0bbf\u0b9f\u0bc0\u0bb0\u0bc6\u0ba9\u0bcd\u0bb1\u0bc1, \u2029 \u0b85\u0ba4\u0bb1\u0bcd\u0b95\u0bc1 \u0ba4\u0ba9\u0bcd\u0ba9\u0bc1\u0b9f\u0bc8\u0baf \u0ba8\u0ba3\u0bcd\u0baa\u0ba9\u0bcd \u0b8e\u0bb1\u0bc1\u0bae\u0bcd\u0baa\u0bc1 \u0baa\u0bb1\u0bcd\u0bb1\u0bbf \u0b9e\u0bbe\u0baa\u0b95\u0bae\u0bcd \u0bb5\u0ba8\u0bcd\u0ba4\u0ba4\u0bc1. \u0baa\u0bb4\u0ba4\u0bcd\u0ba4\u0bc8\u0ba4\u0bcd \u0ba4\u0bbf\u0bb0\u0bc1\u0bae\u0bcd\u0baa\u0baa\u0bcd \u0baa\u0bc6\u0bb1 \u0b8e\u0bb1\u0bc1\u0bae\u0bcd\u0baa\u0bbf\u0ba9\u0bbe\u0bb2\u0bcd \u0b89\u0ba4\u0bb5 \u0bae\u0bc1\u0b9f\u0bbf\u0baf\u0bc1\u0bae\u0bc6\u0ba9\u0bcd\u0bb1\u0bc1 \u0b95\u0bc1\u0baa\u0bcd\u0baa\u0bbf\u0b95\u0bcd\u0b95\u0bc1\u0ba4\u0bcd \u0ba4\u0bc6\u0bb0\u0bbf\u0baf\u0bc1\u0bae\u0bcd.\u2029"},{"language_id":6,"content":"\u0917\u094c\u0930\u0948\u092f\u093e    \u092c\u095c\u0940 \u0939\u0948\u0930\u093e\u0928 \u0914\u0930 \u092a\u0930\u0947\u0936\u093e\u0928 \u0915\u093f \u0915\u093f\u0938\u0940 \u0928\u0947 \u092d\u0940 \u0909\u0938\u0915\u093e \u0915\u0939\u0928\u093e \u0928\u0939\u0940\u0902 \u092e\u093e\u0928\u093e! \r\n \u092c\u095c\u0940 \u0926\u0941\u0916\u0940 \u0939\u0941\u0908 \u0915\u093f \u0915\u093f\u0938\u0940 \u0928\u0947 \u092d\u0940 \u0909\u0938\u0915\u0940 \u092e\u0926\u0926 \u0928\u0939\u0940\u0902 \u0915\u0940\u0964 \u0924\u092c \u0909\u0938\u0947 \u0905\u092a\u0928\u0940 \u0926\u094b\u0938\u094d\u0924 \u091a\u0940\u0902\u091f\u0940 \u0915\u0940   \u092f\u093e\u0926 \u0906\u0908\u0964\u2029"},{"language_id":12,"content":"\u0c05\u0c2a\u0c4d\u0c2a\u0c41\u0c21\u0c3f\u0c02\u0c15 \u0c0f\u0c02 \u0c1a\u0c46\u0c2f\u0c4d\u0c2f\u0c3e\u0c32\u0c4b \u0c1a\u0c3f\u0c28\u0c4d\u0c28\u0c3f\u0c15\u0c3f \u0c24\u0c4b\u0c1a\u0c32\u0c47\u0c26\u0c41. \u0c0e\u0c35\u0c30\u0c4b \u0c12\u0c15\u0c30\u0c41 \u0c24\u0c28\u0c41 \u0c1a\u0c46\u0c2a\u0c4d\u0c2a\u0c3f\u0c28\u0c1f\u0c4d\u0c32\u0c41 \u0c1a\u0c46\u0c2f\u0c4d\u0c2f\u0c15\u0c2a\u0c4b\u0c24\u0c3e\u0c30\u0c3e \u0c05\u0c28\u0c41\u0c15\u0c41\u0c02\u0c26\u0c3f. \u0c05\u0c2a\u0c4d\u0c2a\u0c41\u0c21\u0c41 \u0c26\u0c3e\u0c28\u0c3f\u0c15\u0c3f \u0c24\u0c28 \u0c38\u0c4d\u0c28\u0c47\u0c39\u0c3f\u0c24\u0c41\u0c21\u0c48\u0c28 \u0c1a\u0c40\u0c2e \u0c17\u0c41\u0c30\u0c4d\u0c24\u0c41\u0c15\u0c41 \u0c35\u0c1a\u0c4d\u0c1a\u0c3f\u0c02\u0c26\u0c3f. \u0c24\u0c28 \u0c2a\u0c02\u0c21\u0c41\u0c28\u0c41 \u0c38\u0c02\u0c2a\u0c3e\u0c26\u0c3f\u0c02\u0c1a\u0c41\u0c15\u0c41\u0c28\u0c47\u0c02\u0c26\u0c41\u0c15\u0c41 \u0c1a\u0c40\u0c2e \u0c24\u0c4b\u0c21\u0c4d\u0c2a\u0c21\u0c41\u0c24\u0c41\u0c02\u0c26\u0c28\u0c3f \u0c1a\u0c3f\u0c28\u0c4d\u0c28\u0c3f\u0c15\u0c3f \u0c24\u0c46\u0c32\u0c41\u0c38\u0c41.\u2029"},{"language_id":8,"content":"\u0915\u094b\u0923\u0940\u091a \u092e\u0926\u0924 \u0915\u0930\u0947\u0928\u093e \u092e\u094d\u0939\u0923\u0942\u0928 \u091a\u093f\u092e\u0923\u0940 \u0915\u093e\u0933\u091c\u0940\u0924 \u092a\u0921\u0932\u0940. \r\n \u092e\u0917 \u0924\u093f\u0932\u093e \u0906\u092a\u0932\u094d\u092f\u093e \u092e\u0941\u0902\u0917\u0940 \u092e\u0948\u0924\u094d\u0930\u093f\u0923\u0940\u091a\u0940 \u0906\u0920\u0935\u0923 \u091d\u093e\u0932\u0940.\u2029"}]},{"id":1445,"content":"Gubbi flew straight to the ant\u2019s house. When she saw him, she asked simply, \u201cWill you bite a cat for me?\u201d \u201cSure!\u201d said the ant. \u201cShow me where she is!\u201d","pageno":9,"image":"9201b15790ea91bfe7d017baf235b95f.jpg","audio":"d2e138855bb345737565ea4b324f9203.mp3","audio_map":"d2e138855bb345737565ea4b324f9203.json","language":[{"language_id":11,"content":"\u0b95\u0bc1\u0baa\u0bcd\u0baa\u0bbf \u0ba8\u0bc7\u0bb0\u0bbe\u0b95 \u0b8e\u0bb1\u0bc1\u0bae\u0bcd\u0baa\u0bbf\u0ba9\u0bcd \u0bb5\u0bc0\u0b9f\u0bcd\u0b9f\u0bbf\u0bb1\u0bcd\u0b95\u0bc1\u0baa\u0bcd \u0baa\u0bb1\u0ba8\u0bcd\u0ba4\u0bc1 \u0b9a\u0bc6\u0ba9\u0bcd\u0bb1\u0ba4\u0bc1. \u0b85\u0ba4\u0bc8\u0baa\u0bcd \u0baa\u0bbe\u0bb0\u0bcd\u0ba4\u0bcd\u0ba4\u0ba4\u0bc1\u0bae\u0bcd \u0b95\u0bc1\u0baa\u0bcd\u0baa\u0bbf \u0b9a\u0bbe\u0ba4\u0bbe\u0bb0\u0ba3\u0bae\u0bbe\u0b95, \u201c\u0b8e\u0ba9\u0b95\u0bcd\u0b95\u0bbe\u0b95 \u0b92\u0bb0\u0bc1 \u0baa\u0bc2\u0ba9\u0bc8\u0baf\u0bc8 \u0b95\u0b9f\u0bbf\u0baa\u0bcd\u0baa\u0bbe\u0baf\u0bbe?\u201d \u0b8e\u0ba9\u0bcd\u0bb1\u0bc1 \u0b95\u0bc7\u0b9f\u0bcd\u0b9f\u0ba4\u0bc1! \u201c\u0ba8\u0bbf\u0b9a\u0bcd\u0b9a\u0baf\u0bae\u0bbe\u0b95! \u0b8e\u0b99\u0bcd\u0b95\u0bc7 \u0b87\u0bb0\u0bc1\u0b95\u0bcd\u0b95\u0bc1 \u0b85\u0ba8\u0bcd\u0ba4\u0baa\u0bcd \u0baa\u0bc2\u0ba9\u0bc8?\u201d \u0b8e\u0ba9\u0bcd\u0bb1\u0ba4\u0bc1 \u0b8e\u0bb1\u0bc1\u0bae\u0bcd\u0baa\u0bc1.\u2029"},{"language_id":6,"content":"\u091a\u0940\u0902\u091f\u0940 \u0915\u0941\u091b \u0926\u0942\u0930 \u0930\u0939\u0924\u0940 \u0925\u0940 \u092a\u0930 \u0914\u0930 \u0915\u094b\u0908 \u0909\u092a\u093e\u092f    \u0928 \u0939\u094b\u0928\u0947 \u0915\u0940 \u0935\u091c\u0939 \u0938\u0947 \u0917\u094c\u0930\u0948\u092f\u093e   \u0909\u0938\u0915\u0947 \u092a\u093e\u0938 \u0917\u0908\u0964 \r\n \u0909\u0938\u0928\u0947 \u0909\u0938\u0938\u0947 \u092a\u0942\u091b\u093e \u0915\u093f   \u0915\u094d\u092f\u093e \u0935\u0939 \u0909\u0938 \u092c\u093f\u0932\u094d\u0932\u0940 \u0915\u094b \u0915\u093e\u091f\u0947\u0917\u0940\u0964 \u091a\u0940\u0902\u091f\u0940 \u0924\u0941\u0930\u0902\u0924 \u092e\u093e\u0928 \u0917\u0908\u0964\u2029"},{"language_id":12,"content":"\u0c1a\u0c3f\u0c28\u0c4d\u0c28\u0c3f \u0c0e\u0c17\u0c3f\u0c30\u0c3f \u0c28\u0c47\u0c30\u0c41\u0c17\u0c3e \u0c1a\u0c40\u0c2e \u0c07\u0c02\u0c1f\u0c3f\u0c15\u0c3f \u0c35\u0c46\u0c33\u0c4d\u0c32\u0c3f\u0c02\u0c26\u0c3f.\u2029 \u0c05\u0c26\u0c3f \u0c1a\u0c40\u0c2e\u0c28\u0c3f \u0c1a\u0c42\u0c21\u0c17\u0c3e\u0c28\u0c47, \u201c\u0c28\u0c3e \u0c15\u0c4b\u0c38\u0c02 \u0c28\u0c41\u0c35\u0c4d\u0c35\u0c4a\u0c15 \u0c2a\u0c3f\u0c32\u0c4d\u0c32\u0c3f\u0c28\u0c3f \u0c15\u0c30\u0c41\u0c38\u0c4d\u0c24\u0c3e\u0c35\u0c3e?\u201d \u0c05\u0c28\u0c3f \u0c24\u0c2e\u0c3e\u0c37\u0c3e\u0c17\u0c3e \u0c05\u0c21\u0c3f\u0c17\u0c3f\u0c02\u0c26\u0c3f.\u2029 \u0c1a\u0c40\u0c2e \u201c\u0c13, \u0c24\u0c2a\u0c4d\u0c2a\u0c15\u0c41\u0c02\u0c21\u0c3e \u0c15\u0c41\u0c21\u0c24\u0c3e, \u0c05\u0c26\u0c46\u0c15\u0c4d\u0c15\u0c21\u0c41\u0c02\u0c26\u0c4b \u0c1a\u0c42\u0c2a\u0c3f\u0c02\u0c1a\u0c41!\u201d \u0c05\u0c02\u0c26\u0c3f.\u2029"},{"language_id":8,"content":"\u092e\u0941\u0902\u0917\u0940 \u0925\u094b\u0921\u0940 \u0926\u0942\u0930\u091a \u0939\u094b\u0924\u0940. \u0924\u093f\u091a\u094d\u092f\u093e\u091c\u0935\u0933 \u091c\u093e\u090a\u0928 \u091a\u093f\u092e\u0923\u0940\u0928\u0947 \u0924\u093f\u0932\u093e \u0935\u093f\u091a\u093e\u0930\u0932\u0947 \u0915\u0940 \u0924\u0940 \u092e\u093e\u0902\u091c\u0930\u093e\u0932\u093e \u091a\u093e\u0935\u0947\u0932 \u0915\u093e? \u092e\u0941\u0902\u0917\u0940 \u0915\u092c\u0942\u0932 \u091d\u093e\u0932\u0940.\u2029"}]},{"id":1446,"content":"The ant kept his word and bit the cat. The cat went chasing after the rat and caught him. The rat quickly chewed up the fisherman\u2019s net. The fisherman whipped the cow. The cow ate up all the farmer\u2019s crops.","pageno":10,"image":"e97a5137dfc254ee8d5b8bc42e8c4748.jpg","audio":"8198ef6f5f2c423550a493e11a8ecc86.mp3","audio_map":"8198ef6f5f2c423550a493e11a8ecc86.json","language":[{"language_id":11,"content":"\u0b8e\u0bb1\u0bc1\u0bae\u0bcd\u0baa\u0bc1 \u0b9a\u0bca\u0ba9\u0bcd\u0ba9\u0baa\u0b9f\u0bbf\u0baf\u0bc7 \u0b9a\u0bc6\u0baf\u0bcd\u0ba4\u0ba4\u0bc1. \u0baa\u0bc2\u0ba9\u0bc8\u0baf\u0bc8\u0b95\u0bcd \u0b95\u0b9f\u0bbf\u0ba4\u0bcd\u0ba4\u0ba4\u0bc1. \u0baa\u0bc2\u0ba9\u0bc8 \u2029 \u0b8e\u0bb2\u0bbf\u0baf\u0bbf\u0ba9\u0bcd \u0baa\u0bbf\u0ba9\u0bcd\u0ba9\u0bbe\u0bb2\u0bcd \u0b93\u0b9f\u0bbf \u0b85\u0ba4\u0bc8\u0baa\u0bcd \u0baa\u0bbf\u0b9f\u0bbf\u0ba4\u0bcd\u0ba4\u0ba4\u0bc1. \u0b8e\u0bb2\u0bbf \u0b89\u0b9f\u0ba9\u0bc7 \u0b9a\u0bc6\u0ba9\u0bcd\u0bb1\u0bc1 \u0bae\u0bc0\u0ba9\u0bb5\u0ba9\u0bcd \u0bb5\u0bb2\u0bc8\u0baf\u0bc8\u0b95\u0bcd \u0b95\u0b9f\u0bbf\u0ba4\u0bcd\u0ba4\u0ba4\u0bc1. \u0bae\u0bc0\u0ba9\u0bb5\u0ba9\u0bcd \u0baa\u0b9a\u0bc1\u0bb5\u0bc8 \u0b85\u0b9f\u0bbf\u0ba4\u0bcd\u0ba4\u0bbe\u0ba9\u0bcd. \u0baa\u0b9a\u0bc1\u0bb5\u0bc1\u0bae\u0bcd \u0bb5\u0bbf\u0bb5\u0b9a\u0bbe\u0baf\u0bbf\u0baf\u0bbf\u0ba9\u0bcd \u0baa\u0baf\u0bbf\u0bb0\u0bc8 \u0b8e\u0bb2\u0bcd\u0bb2\u0bbe\u0bae\u0bcd \u0bae\u0bc7\u0baf\u0bcd\u0ba8\u0bcd\u0ba4\u0ba4\u0bc1. \u0bb5\u0bbf\u0bb5\u0b9a\u0bbe\u0baf\u0bbf \u0baa\u0bc8\u0baf\u0ba9\u0bc8 \u0b85\u0b9f\u0bbf\u0ba4\u0bcd\u0ba4\u0bbe\u0ba9\u0bcd.\u2029"},{"language_id":6,"content":"\u091a\u0940\u0902\u091f\u0940 \u0928\u0947 \u0906\u0915\u0930 \u092c\u093f\u0932\u094d\u0932\u0940 \u0915\u094b \u0915\u093e\u091f\u093e\u0964\u2029 \u092c\u093f\u0932\u094d\u0932\u0940 \u0928\u0947 \u091a\u0942\u0939\u0947 \u0915\u094b \u092a\u0915\u095c \u0932\u093f\u092f\u093e  \u0964\u2029 \u091a\u0942\u0939\u0947 \u0928\u0947 \u0926\u094c\u095c\u0915\u0930 \u092e\u091b\u0941\u0906\u0930\u0947 \u0915\u0947 \u091c\u093e\u0932 \u0915\u094b \u0915\u093e\u091f \u0921\u093e\u0932\u093e\u0964\u2029 \u092e\u091b\u0941\u0906\u0930\u0947 \u0928\u0947 \u0917\u093e\u092f   \u0915\u094b \u092a\u0940\u091f\u093e\u0964\u2029 \u0917\u093e\u092f   \u0915\u093f\u0938\u093e\u0928 \u0915\u0947 \u0916\u0947\u0924 \u0915\u094b \u091a\u0930 \u0917\u0908\u0964\u2029"},{"language_id":12,"content":"\u0c06 \u0c1a\u0c40\u0c2e \u0c24\u0c28 \u0c2e\u0c3e\u0c1f \u0c28\u0c3f\u0c32\u0c2c\u0c46\u0c1f\u0c4d\u0c1f\u0c41\u0c15\u0c41\u0c28\u0c3f, \u0c2a\u0c3f\u0c32\u0c4d\u0c32\u0c3f\u0c28\u0c3f \u0c15\u0c41\u0c1f\u0c4d\u0c1f\u0c3f\u0c02\u0c26\u0c3f.\u2029 \u0c2a\u0c3f\u0c32\u0c4d\u0c32\u0c3f \u0c0e\u0c32\u0c41\u0c15\u0c28\u0c3f \u0c24\u0c30\u0c3f\u0c2e\u0c3f\u0c02\u0c26\u0c3f.\u2029 \u0c0e\u0c32\u0c41\u0c15 \u0c1a\u0c47\u0c2a\u0c32\u0c41 \u0c2a\u0c1f\u0c4d\u0c1f\u0c47 \u0c1c\u0c3e\u0c32\u0c30\u0c3f \u0c35\u0c32\u0c28\u0c3f \u0c2a\u0c30\u0c2a\u0c30\u0c3e \u0c15\u0c4a\u0c30\u0c3f\u0c15\u0c47\u0c38\u0c3f\u0c02\u0c26\u0c3f.\u2029 \u0c1c\u0c3e\u0c32\u0c30\u0c3f \u0c06\u0c35\u0c41\u0c28\u0c3f \u0c15\u0c2e\u0c4d\u0c1a\u0c40\u0c24\u0c4b \u0c15\u0c4a\u0c1f\u0c4d\u0c1f\u0c3e\u0c21\u0c41.\u2029 \u0c06\u0c35\u0c41 \u0c30\u0c48\u0c24\u0c41 \u0c2a\u0c02\u0c1f \u0c24\u0c3f\u0c28\u0c38\u0c3e\u0c17\u0c3f\u0c02\u0c26\u0c3f.\u2029"},{"language_id":8,"content":"\u092e\u0941\u0902\u0917\u0940 \u092e\u093e\u0902\u091c\u0930\u093e\u0932\u093e \u091a\u093e\u0935\u0932\u0940. \u092e\u093e\u0902\u091c\u0930\u0940\u0928\u0947 \u0909\u0902\u0926\u0940\u0930 \u092a\u0915\u0921\u0932\u093e.\u2029 \u0909\u0902\u0926\u0930\u093e\u0928\u0947 \u0915\u094b\u0933\u094d\u092f\u093e\u091a\u0947 \u091c\u093e\u0933\u0947 \u0915\u0941\u0930\u0924\u0921\u0932\u0947.\u2029 \u0915\u094b\u0933\u094d\u092f\u093e\u0928\u0947 \u0917\u093e\u0908\u0932\u093e \u092e\u093e\u0930 \u0926\u093f\u0932\u093e. \u0917\u093e\u092f \u0936\u0947\u0924\u093e\u0924 \u0918\u0941\u0938\u0932\u0940.\u2029 \u0936\u0947\u0924\u0915\u0931\u094d\u092f\u093e\u0928\u0947 \u092e\u0941\u0932\u093e\u0932\u093e \u0927\u092a\u093e\u091f\u093e \u0918\u093e\u0932\u0942\u0928 \u0936\u093f\u0915\u094d\u0937\u093e \u0915\u0947\u0932\u0940.\u2029"}]},{"id":1447,"content":"The farmer gave the boy a beating. The boy picked up the guava that had fallen into the clump of thorns and gave it back to Gubbi. Gubbi was thrilled. She thanked her friend the ant with all her heart.","pageno":11,"image":"4251f896ea0749a50f8a7d79d45a0555.jpg","audio":"184cbb8da15945866896de20603cd1ee.mp3","audio_map":"184cbb8da15945866896de20603cd1ee.json","language":[{"language_id":11,"content":"\u0b9a\u0bbf\u0bb1\u0bc1\u0bb5\u0ba9\u0bcd \u0b89\u0b9f\u0ba9\u0bc7 \u0bae\u0bc1\u0b9f\u0bcd\u0baa\u0bc1\u0ba4\u0bb0\u0bcd\u0b95\u0bb3\u0bcd \u0ba8\u0b9f\u0bc1\u0bb5\u0bbf\u0bb2\u0bcd \u0bb5\u0bbf\u0bb4\u0bc1\u0ba8\u0bcd\u0ba4 \u0b95\u0bca\u0baf\u0bcd\u0baf\u0bbe\u0baa\u0bcd\u0baa\u0bb4\u0ba4\u0bcd\u0ba4\u0bc8 \u0b8e\u0b9f\u0bc1\u0ba4\u0bcd\u0ba4\u0bc1 \u0b95\u0bc1\u0baa\u0bcd\u0baa\u0bbf\u0baf\u0bbf\u0b9f\u0bae\u0bcd \u0b95\u0bca\u0b9f\u0bc1\u0ba4\u0bcd\u0ba4\u0bbe\u0ba9\u0bcd. \u0b95\u0bc1\u0baa\u0bcd\u0baa\u0bbf\u0b95\u0bcd\u0b95\u0bc1 \u0b92\u0bb0\u0bc7 \u0b9a\u0ba8\u0bcd\u0ba4\u0bcb\u0bb7\u0bae\u0bcd. \u0b87\u0ba4\u0baf\u0ba4\u0bcd\u0ba4\u0bbf\u0ba9\u0bcd \u0b86\u0bb4\u0ba4\u0bcd\u0ba4\u0bbf\u0bb2\u0bbf\u0bb0\u0bc1\u0ba8\u0bcd\u0ba4\u0bc1 \u0b8e\u0bb1\u0bc1\u0bae\u0bcd\u0baa\u0bc1 \u0ba8\u0ba3\u0bcd\u0baa\u0ba9\u0bc1\u0b95\u0bcd\u0b95\u0bc1 \u0ba8\u0ba9\u0bcd\u0bb1\u0bbf \u0b9a\u0bca\u0ba9\u0bcd\u0ba9\u0ba4\u0bc1.\u2029"},{"language_id":6,"content":"\u0915\u093f\u0938\u093e\u0928 \u0928\u0947 \u0909\u0938 \u0932\u095c\u0915\u0947 \u0915\u0940 \u092a\u093f\u091f\u093e\u0908 \u0915\u0940\u0964\u2029 \u0932\u095c\u0915\u0947 \u0928\u0947 \u0915\u0901\u091f\u0940\u0932\u0940 \u091d\u093e\u095c\u0940 \u092e\u0947\u0902 \u0938\u0947 \u0905\u092e\u0930\u0942\u0926 \u0928\u093f\u0915\u093e\u0932 \u0915\u0930 \u0917\u094c\u0930\u0948\u092f\u093e   \u0915\u094b \u0926\u0947 \u0926\u093f\u092f\u093e  \u0964\u2029 \u0905\u092c \u0924\u094b \u0917\u094c\u0930\u0948\u092f\u093e   \u092c\u0939\u0941\u0924 \u0916\u0941\u0936!\u2029 \u0909\u0938\u0928\u0947 \u0905\u092a\u0928\u0940 \u0926\u094b\u0938\u094d\u0924 \u091a\u0940\u0902\u091f\u0940 \u0915\u094b \u0927\u0928\u094d\u092f\u0935\u093e\u0926 \u0915\u0939\u093e\u0964\u2029"},{"language_id":12,"content":"\u0c30\u0c48\u0c24\u0c41 \u0c05\u0c2c\u0c4d\u0c2c\u0c3e\u0c2f\u0c3f\u0c28\u0c3f \u0c15\u0c4a\u0c1f\u0c4d\u0c1f\u0c3e\u0c21\u0c41. \u0c06 \u0c05\u0c2c\u0c4d\u0c2c\u0c3e\u0c2f\u0c3f \u0c2e\u0c41\u0c33\u0c4d\u0c32\u0c2a\u0c4a\u0c26\u0c32\u0c4b \u0c2a\u0c21\u0c3f\u0c28 \u0c1c\u0c3e\u0c2e\u0c2a\u0c02\u0c21\u0c41\u0c28\u0c3f \u0c35\u0c46\u0c24\u0c3f\u0c15\u0c3f \u0c2a\u0c48\u0c15\u0c3f \u0c24\u0c40\u0c38\u0c3f \u0c1a\u0c3f\u0c28\u0c4d\u0c28\u0c3f\u0c15\u0c3f \u0c05\u0c2a\u0c4d\u0c2a\u0c17\u0c3f\u0c02\u0c1a\u0c3e\u0c21\u0c41.\u2029 \u0c1a\u0c3f\u0c28\u0c4d\u0c28\u0c3f \u0c09\u0c2c\u0c4d\u0c2c\u0c3f\u0c24\u0c2c\u0c4d\u0c2c\u0c3f\u0c2c\u0c4d\u0c2c\u0c2f\u0c4d\u0c2f\u0c3f\u0c02\u0c26\u0c3f. \u0c05\u0c26\u0c3f \u0c24\u0c28 \u0c38\u0c4d\u0c28\u0c47\u0c39\u0c3f\u0c24\u0c41\u0c21\u0c48\u0c28 \u0c1a\u0c40\u0c2e\u0c28\u0c3f \u0c2e\u0c28\u0c38\u0c3e\u0c30\u0c3e \u0c05\u0c2d\u0c3f\u0c28\u0c02\u0c26\u0c3f\u0c02\u0c1a\u0c3f\u0c02\u0c26\u0c3f.\u2029"},{"language_id":8,"content":"\u092e\u0941\u0932\u093e\u0928\u0947 \u091d\u0941\u0921\u0941\u092a\u093e\u0924 \u092a\u0921\u0932\u0947\u0932\u0947 \u092b\u0933 \u0909\u091a\u0932\u0932\u0947. \u2029 \u091a\u093f\u092e\u0923\u0940\u0932\u093e \u0906\u0928\u0902\u0926 \u091d\u093e\u0932\u093e.\u2029 \u0924\u093f\u0928\u0947 \u0906\u092a\u0932\u094d\u092f\u093e \u092e\u0948\u0924\u094d\u0930\u093f\u0923\u0940\u091a\u0947 \u0906\u092d\u093e\u0930 \u092e\u093e\u0928\u0932\u0947."}]},{"id":1448,"content":"Greedy Gubbi wanted to eat the guava immediately. She settled down on a branch for a feast. She had only had a small bite of it when something heavy fell on her head. A crow flying overhead with a big chunk of firewood in his beak had dropped it on Gubbi by accident. Gubbi fainted. And that is how naughty Gubbi was punished. And that is the end of the story.","pageno":12,"image":"67bcc485e409a258c5efe8b52fb8ab30.jpg","audio":"d3b472561ccfa1b693c7325ae05546ab.mp3","audio_map":"d3b472561ccfa1b693c7325ae05546ab.json","language":[{"language_id":11,"content":"\u0b86\u0ba9\u0bbe\u0bb2\u0bcd \u0baa\u0bc7\u0bb0\u0bbe\u0b9a\u0bc8\u0b95\u0bcd\u0b95\u0bbe\u0bb0 \u0b95\u0bc1\u0baa\u0bcd\u0baa\u0bbf, \u0baa\u0bb4\u0bae\u0bcd \u0bae\u0bc1\u0bb4\u0bc1\u0bb5\u0ba4\u0bc8\u0baf\u0bc1\u0bae\u0bcd \u0ba4\u0bbe\u0ba9\u0bc7 \u0b9a\u0bbe\u0baa\u0bcd\u0baa\u0bbf\u0b9f \u0bae\u0bc1\u0b9f\u0bbf\u0bb5\u0bc1 \u0b9a\u0bc6\u0baf\u0bcd\u0ba4\u0ba4\u0bc1. \u0b92\u0bb0\u0bc1 \u0bae\u0bb0\u0b95\u0bcd\u0b95\u0bbf\u0bb3\u0bc8\u0baf\u0bbf\u0bb2\u0bcd \u0bb5\u0bbf\u0bb0\u0bc1\u0ba8\u0bcd\u0ba4\u0bc8 \u0b89\u0ba3\u0bcd\u0ba3 \u0b85\u0bae\u0bb0\u0bcd\u0ba8\u0bcd\u0ba4\u0bc1 \u0b95\u0bca\u0ba3\u0bcd\u0b9f\u0ba4\u0bc1. \u0b92\u0bb0\u0bc1 \u0b9a\u0bbf\u0bb1\u0bc1 \u0ba4\u0bc1\u0ba3\u0bcd\u0b9f\u0bc1\u0baa\u0bcd \u0baa\u0bb4\u0ba4\u0bcd\u0ba4\u0bc8\u0b95\u0bcd \u0b95\u0b9f\u0bbf\u0ba4\u0bcd\u0ba4\u0bbf\u0bb0\u0bc1\u0b95\u0bcd\u0b95\u0bc1\u0bae\u0bcd. \u0b85\u0baa\u0bcd\u0baa\u0bcb\u0ba4\u0bc1 \u0b95\u0bc1\u0baa\u0bcd\u0baa\u0bbf\u0b95\u0bcd\u0b95\u0bc1\u0ba4\u0bcd \u0ba4\u0bb2\u0bc8\u0bae\u0bc0\u0ba4\u0bc1 \u0b8f\u0ba4\u0bcb \u0baa\u0bbe\u0bb0\u0bae\u0bbe\u0b95 \u0bb5\u0bbf\u0bb4\u0bc1\u0ba8\u0bcd\u0ba4\u0ba4\u0bc1 \u0baa\u0bcb\u0bb2 \u0b87\u0bb0\u0bc1\u0ba8\u0bcd\u0ba4\u0ba4\u0bc1. \u0b92\u0bb0\u0bc1 \u0baa\u0bc6\u0bb0\u0bbf\u0baf \u0bae\u0bb0\u0ba4\u0bcd\u0ba4\u0bc1\u0ba3\u0bcd\u0b9f\u0bc8 \u0bb5\u0bbe\u0baf\u0bbe\u0bb2\u0bcd \u0b95\u0bb5\u0bcd\u0bb5\u0bbf\u0b95\u0bcd\u0b95\u0bca\u0ba3\u0bcd\u0b9f\u0bc1 \u0bae\u0bc7\u0bb2\u0bc7 \u0baa\u0bb1\u0ba8\u0bcd\u0ba4\u0bc1 \u0b95\u0bca\u0ba3\u0bcd\u0b9f\u0bbf\u0bb0\u0bc1\u0ba8\u0bcd\u0ba4\u0b95\u0bbe\u0b95\u0bcd\u0b95\u0bc8 \u0b92\u0ba9\u0bcd\u0bb1\u0bc1, \u0b85\u0ba4\u0bc8 \u0b95\u0bc1\u0baa\u0bcd\u0baa\u0bbf \u0bae\u0bc0\u0ba4\u0bc1 \u0ba4\u0bb1\u0bcd\u0b9a\u0bc6\u0baf\u0bb2\u0bbe\u0b95 \u0ba8\u0bb4\u0bc1\u0bb5 \u0bb5\u0bbf\u0b9f\u0bcd\u0b9f\u0ba4\u0bc1. \u0bb5\u0bbf\u0baa\u0ba4\u0bcd\u0ba4\u0bbf\u0bb2\u0bcd \u0b95\u0bc1\u0baa\u0bcd\u0baa\u0bbf \u0bae\u0baf\u0b95\u0bcd\u0b95\u0bae\u0b9f\u0bc8\u0ba8\u0bcd\u0ba4\u0ba4\u0bc1.\u0baa\u0bc7\u0bb0\u0bbe\u0b9a\u0bc8\u0b95\u0bcd\u0b95\u0bbe\u0bb0 \u0b95\u0bc1\u0baa\u0bcd\u0baa\u0bbf\u0b95\u0bcd\u0b95\u0bc1 \u0b9a\u0bb0\u0bbf\u0baf\u0bbe\u0ba9 \u0ba4\u0ba3\u0bcd\u0b9f\u0ba9\u0bc8 \u0b95\u0bbf\u0b9f\u0bc8\u0ba4\u0bcd\u0ba4\u0ba4\u0bc1. \u0b95\u0ba4\u0bc8\u0baf\u0bc1\u0bae\u0bcd \u0bae\u0bc1\u0b9f\u0bbf\u0ba8\u0bcd\u0ba4\u0ba4\u0bc1."},{"language_id":6,"content":"\u091d\u091f\u092a\u091f \u0905\u092e\u0930\u0942\u0926 \u0916\u093e\u0928\u0947 \u0915\u0947 \u0907\u0930\u093e\u0926\u0947 \u0938\u0947 \u090f\u0915 \u091c\u0917\u0939 \u091c\u093e\u0915\u0930 \u092c\u0948\u0920 \u0917\u0908\u0964 \u0905\u092e\u0930\u0942\u0926 \u092a\u0930 \u090f\u0915 \u091a\u094b\u0902\u091a \u0939\u0940 \u092e\u093e\u0930\u0940 \u0925\u0940 \u0915\u093f \u0909\u0938\u0947 \u0938\u093f\u0930 \u092a\u0930 \u092d\u093e\u0930\u0940 \u091a\u094b\u091f \u092e\u0939\u0938\u0942\u0938 \u0939\u0941\u0908\u0964 \u0906\u0901\u0916\u094b\u0902 \u0915\u0947 \u0906\u0917\u0947 \u0905\u0901\u0927\u0947\u0930\u093e \u091b\u093e \u0917\u092f\u093e    \u0914\u0930 \u0935\u0939 \u0917\u093f\u0930 \u092a\u095c\u0940\u0964   \u092f\u0939 \u0915\u0948\u0938\u0947 \u0939\u0941\u0906? \u091c\u092c \u0909\u0938\u0928\u0947 \u0905\u092e\u0930\u0942\u0926 \u0916\u093e\u0928\u093e \u0936\u0941\u0930\u0942 \u0915\u093f  \u092f\u093e   \u0925\u093e \u0909\u0938\u0940 \u0938\u092e\u092f   \u090f\u0915 \u0915\u094c\u0906 \u090f\u0915 \u0932\u0915\u095c\u0940 \u0915\u0947 \u091f\u0941\u0915\u095c\u0947 \u0915\u0930\u0947 \u091a\u094b\u0902\u091a \u092e\u0947\u0902 \u0926\u092c\u093e\u0915\u0930 \u0909\u095c \u0930\u0939\u093e \u0925\u093e\u0964 \u0935\u0939 \u0932\u0915\u095c\u0940 \u0915\u093e \u091f\u0941\u0915\u095c\u093e \u0909\u0938\u0915\u0940 \u091a\u094b\u0902\u091a \u0938\u0947 \u0928\u093f\u0915\u0932\u0915\u0930 \u0917\u094c\u0930\u0948\u092f\u093e   \u0915\u0940 \u0916\u094b\u092a\u095c\u0940 \u092a\u0930 \u0917\u093f\u0930 \u092a\u095c\u093e\u0964 \u092c\u0938,   \u092f\u0939\u0940\u0902   \u092a\u0930 \u0915\u0939\u093e\u0928\u0940 \u0916\u0924\u092e!\u2029"},{"language_id":12,"content":"\u0c1c\u0c3e\u0c2e\u0c2a\u0c02\u0c21\u0c41\u0c28\u0c41 \u0c17\u0c2c\u0c17\u0c2c\u0c3e \u0c24\u0c3f\u0c28\u0c46\u0c2f\u0c4d\u0c2f\u0c3e\u0c32\u0c28\u0c3f \u0c1a\u0c3f\u0c28\u0c4d\u0c28\u0c3f \u0c12\u0c15 \u0c1a\u0c46\u0c1f\u0c4d\u0c1f\u0c41 \u0c15\u0c4a\u0c2e\u0c4d\u0c2e \u0c2e\u0c40\u0c26 \u0c15\u0c42\u0c30\u0c4d\u0c1a\u0c41\u0c02\u0c26\u0c3f. \u0c05\u0c26\u0c3f \u0c12\u0c15 \u0c1a\u0c3f\u0c28\u0c4d\u0c28 \u0c2e\u0c41\u0c15\u0c4d\u0c15 \u0c15\u0c4a\u0c30\u0c3f\u0c15\u0c3f\u0c02\u0c26\u0c4b \u0c32\u0c47\u0c26\u0c4b, \u0c15\u0c1f\u0c4d\u0c1f\u0c46\u0c2a\u0c41\u0c32\u0c4d\u0c32 \u0c26\u0c3e\u0c28\u0c3f \u0c24\u0c32 \u0c2e\u0c40\u0c26 \u0c2a\u0c21\u0c3f\u0c02\u0c26\u0c3f. \u0c28\u0c4b\u0c1f\u0c4d\u0c32\u0c4b \u0c2a\u0c46\u0c26\u0c4d\u0c26 \u0c15\u0c1f\u0c4d\u0c1f\u0c46\u0c2a\u0c41\u0c32\u0c4d\u0c32\u0c24\u0c4b \u0c2a\u0c48\u0c28 \u0c0e\u0c17\u0c41\u0c30\u0c41\u0c24\u0c41\u0c28\u0c4d\u0c28 \u0c13 \u0c15\u0c3e\u0c15\u0c3f \u0c2f\u0c3e\u0c27\u0c4d\u0c30\u0c41\u0c1a\u0c4d\u0c1a\u0c3f\u0c15\u0c02\u0c17\u0c3e \u0c26\u0c3e\u0c28\u0c4d\u0c28\u0c3f \u0c1a\u0c3f\u0c28\u0c4d\u0c28\u0c3f \u0c28\u0c46\u0c24\u0c4d\u0c24\u0c3f\u0c2e\u0c40\u0c26 \u0c1c\u0c3e\u0c30\u0c35\u0c3f\u0c21\u0c3f\u0c1a\u0c3f\u0c02\u0c26\u0c3f. \u0c1a\u0c3f\u0c28\u0c4d\u0c28\u0c3f \u0c2e\u0c42\u0c30\u0c4d\u0c1b\u0c2a\u0c4b\u0c2f\u0c3f\u0c02\u0c26\u0c3f.\u2029 \u0c05\u0c26\u0c3f\u0c17\u0c4b, \u0c05\u0c32\u0c3e \u0c36\u0c3f\u0c15\u0c4d\u0c37\u0c3f\u0c02\u0c2a\u0c2c\u0c21\u0c3f\u0c02\u0c26\u0c3f \u0c2a\u0c46\u0c02\u0c15\u0c3f \u0c1a\u0c3f\u0c28\u0c4d\u0c28\u0c3f. \u0c05\u0c26\u0c47, \u0c08 \u0c15\u0c25\u0c15\u0c3f \u0c05\u0c02\u0c24\u0c02. \u0c05\u0c2e\u0c4d\u0c2e\u0c2e\u0c4d\u0c2e \u0c06\u0c28\u0c02\u0c26\u0c02\u0c17\u0c3e \u0c28\u0c35\u0c4d\u0c35\u0c3f\u0c02\u0c26\u0c3f.\u2029 \u201c\u0c05\u0c2a\u0c4d\u0c2a\u0c41\u0c21\u0c41 \u0c2e\u0c40 \u0c15\u0c4d\u0c32\u0c3e\u0c38\u0c41\u0c32\u0c4b \u0c05\u0c02\u0c26\u0c30\u0c3f\u0c15\u0c28\u0c4d\u0c28\u0c3e \u0c24\u0c46\u0c32\u0c3f\u0c35\u0c48\u0c28 \u0c05\u0c2c\u0c4d\u0c2c\u0c3e\u0c2f\u0c3f \u0c0e\u0c35\u0c30\u0c4b \u0c05\u0c02\u0c26\u0c30\u0c3f\u0c15\u0c40 \u0c24\u0c46\u0c32\u0c41\u0c38\u0c4d\u0c24\u0c41\u0c02\u0c26\u0c3f,\u201d \u0c05\u0c02\u0c26\u0c3f.\u2029"},{"language_id":8,"content":"\u091a\u093f\u092e\u0923\u0940 \u090f\u0915\u093e \u091c\u093e\u0917\u0940 \u091c\u093e\u090a\u0928 \u092c\u0938\u0932\u0940 \u0906\u0923\u093f \u0924\u093f\u0928\u0947 \u092b\u0933\u093e\u0935\u0930 \u091f\u094b\u091a \u092e\u093e\u0930\u0932\u0940 \u0924\u094b\u091a \u0924\u093f\u091a\u094d\u092f\u093e \u0921\u094b\u0915\u094d\u092f\u093e\u0935\u0930 \u0926\u0923\u0915\u093e \u092c\u0938\u0932\u093e \u0906\u0923\u093f \u0924\u0940 \u092c\u0947\u0936\u0941\u0926\u094d\u0927 \u092a\u0921\u0932\u0940. \u091a\u093f\u092e\u0923\u0940\u0932\u093e \u0915\u094b\u0923\u0940 \u092e\u093e\u0930\u0932\u0947? \u0924\u094d\u092f\u093e\u091a\u0947 \u0905\u0938\u0947 \u091d\u093e\u0932\u0947, \u0915\u0940 \u0924\u093f\u091a\u094d\u092f\u093e \u0921\u094b\u0915\u094d\u092f\u093e\u0932\u093e \u0932\u093e\u0915\u0921\u093e\u091a\u093e \u090f\u0915 \u0922\u0932\u092a\u093e \u0932\u093e\u0917\u0932\u093e. \u090f\u0915 \u0915\u093e\u0935\u0933\u093e \u091a\u094b\u091a\u0940\u0924 \u0922\u0932\u092a\u093e \u0918\u0947\u090a\u0928 \u0909\u0921\u0924 \u0939\u094b\u0924\u093e \u0906\u0923\u093f \u0922\u0932\u092a\u093e \u091a\u094b\u091a\u0940\u0924\u0942\u0928 \u0928\u093f\u0938\u091f\u0942\u0928 \u0928\u0947\u092e\u0915\u093e \u091a\u093f\u092e\u0923\u0940\u091a\u094d\u092f\u093e \u0921\u094b\u0915\u094d\u092f\u093e\u0935\u0930 \u092a\u0921\u0932\u093e. \u0906\u0923\u093f \u0939\u0940 \u0917\u094b\u0937\u094d\u091f \u0907\u0925\u0947\u091a \u0938\u0902\u092a\u0932\u0940.\u2029"}]}],"language":[{"id":11,"name":"Tamil"},{"id":6,"name":"Hindi"},{"id":12,"name":"Telugu"},{"id":8,"name":"Marathi"}],"questions":[{"id":67,"type":"pre","storypage_id":0,"order_number":1,"title":"Vocabulary","question":{"question_type":"vocabulary","question":{"text":"","image":"","type":""},"words":[{"word":"Guava","image":"3c53617285bb181ccd241ce15188f572.png"},{"word":"Thorns","image":"596651f26571aa8f74411007bf5f58e6.png"},{"word":"Farmer","image":"b6142cee68061809e88f0051e8350528.png"},{"word":"Branch","image":"2f9bc14f7ec3a84bdd78909c74493145.png"}]},"score":1,"question_template_id":21,"question_template":"Vocab"},{"id":68,"type":"during","storypage_id":1438,"order_number":1,"title":"Read this  question and choose the correct answer.","question":{"question_type":"mcq_single_answer","question":{"text":"What was the name of the sparrow?","image":"","type":"text"},"options":[{"text":"Munni","type":"text","image":"","ans":0},{"text":"Gubbi","type":"text","image":"","ans":1},{"text":"Chunni","type":"text","image":"","ans":0},{"text":"Gubba","type":"text","image":"","ans":0}],"answers":["Gubbi"]},"score":1,"question_template_id":2,"question_template":"Text MCQ"},{"id":69,"type":"during","storypage_id":1438,"order_number":2,"title":"Read this question and choose the correct answer.","question":{"question_type":"mcq_single_answer","question":{"text":"What did Gubbi buy from the market?","image":"","type":"text"},"options":[{"text":"Pineapple","type":"text","image":"","ans":0},{"text":"Apple","type":"text","image":"","ans":0},{"text":"Mango","type":"text","image":"","ans":0},{"text":"Guava","type":"text","image":"","ans":1}],"answers":["Guava"]},"score":1,"question_template_id":2,"question_template":"Text MCQ"},{"id":70,"type":"during","storypage_id":1437,"order_number":3,"title":"Read this question and choose the correct answer.","question":{"question_type":"mcq_single_answer","question":{"text":"What kind of answer did Gubbi mostly get?","image":"","type":"text"},"options":[{"text":"Yes, will do","type":"text","image":"","ans":0},{"text":"No, can't do","type":"text","image":"","ans":1},{"text":"Not now, but will latter","type":"text","image":"","ans":0},{"text":"None of the above","type":"text","image":"","ans":0}],"answers":["No, can't do"]},"score":1,"question_template_id":2,"question_template":"Text MCQ"},{"id":71,"type":"during","storypage_id":1440,"order_number":4,"title":"Read this question and choose the correct answer.","question":{"question_type":"mcq_single_answer","question":{"text":"Who did Gubbi go to for help?","image":"","type":"text"},"options":[{"text":"The Farmer","type":"text","image":"","ans":1},{"text":"The Ant","type":"text","image":"","ans":0},{"text":"The Fisherman","type":"text","image":"","ans":0},{"text":"The Cow","type":"text","image":"","ans":0}],"answers":["The Farmer"]},"score":1,"question_template_id":2,"question_template":"Text MCQ"},{"id":72,"type":"during","storypage_id":1442,"order_number":5,"title":"Read this question and choose the correct answer.","question":{"question_type":"mcq_single_answer","question":{"text":"Why did Gubbi ask the fisherman to whip the cow?","image":"","type":"text"},"options":[{"text":"Gubbi did not like the cow","type":"text","image":"","ans":0},{"text":"Cow refused to help eat the farmer\u2019s crops ","type":"text","image":"","ans":1},{"text":"Cow agreed to help Gubbi","type":"text","image":"","ans":0},{"text":"Gubbi wanted to have some fun","type":"text","image":"","ans":0}],"answers":["Cow refused to help eat the farmer\u2019s crops "]},"score":1,"question_template_id":2,"question_template":"Text MCQ"},{"id":73,"type":"during","storypage_id":1446,"order_number":6,"title":"Read this question and choose the correct answer.","question":{"question_type":"mcq_single_answer","question":{"text":"Who finally agreed to help Gubbi?","image":"","type":"text"},"options":[{"text":"The Cow","type":"text","image":"","ans":0},{"text":"The Fisherman","type":"text","image":"","ans":0},{"text":"The Ant","type":"text","image":"","ans":1},{"text":"The Boy","type":"text","image":"","ans":0}],"answers":["The Ant"]},"score":1,"question_template_id":2,"question_template":"Text MCQ"}]}