{
 "fragments": [
  {
   "begin": "0.000", 
   "end": "0.240", 
   "id": "f000001", 
   "language": "en", 
   "lines": [
    "The"
   ]
  }, 
  {
   "begin": "0.240", 
   "end": "0.840", 
   "id": "f000002", 
   "language": "en", 
   "lines": [
    "farmer"
   ]
  }, 
  {
   "begin": "0.840", 
   "end": "1.080", 
   "id": "f000003", 
   "language": "en", 
   "lines": [
    "gave"
   ]
  }, 
  {
   "begin": "1.080", 
   "end": "1.280", 
   "id": "f000004", 
   "language": "en", 
   "lines": [
    "the"
   ]
  }, 
  {
   "begin": "1.280", 
   "end": "1.680", 
   "id": "f000005", 
   "language": "en", 
   "lines": [
    "boy"
   ]
  }, 
  {
   "begin": "1.680", 
   "end": "1.960", 
   "id": "f000006", 
   "language": "en", 
   "lines": [
    "a"
   ]
  }, 
  {
   "begin": "1.960", 
   "end": "3.280", 
   "id": "f000007", 
   "language": "en", 
   "lines": [
    "beating."
   ]
  }, 
  {
   "begin": "3.280", 
   "end": "3.480", 
   "id": "f000008", 
   "language": "en", 
   "lines": [
    "The"
   ]
  }, 
  {
   "begin": "3.480", 
   "end": "3.760", 
   "id": "f000009", 
   "language": "en", 
   "lines": [
    "boy"
   ]
  }, 
  {
   "begin": "3.760", 
   "end": "4.000", 
   "id": "f000010", 
   "language": "en", 
   "lines": [
    "picked"
   ]
  }, 
  {
   "begin": "4.000", 
   "end": "4.120", 
   "id": "f000011", 
   "language": "en", 
   "lines": [
    "up"
   ]
  }, 
  {
   "begin": "4.120", 
   "end": "4.160", 
   "id": "f000012", 
   "language": "en", 
   "lines": [
    "the"
   ]
  }, 
  {
   "begin": "4.160", 
   "end": "4.600", 
   "id": "f000013", 
   "language": "en", 
   "lines": [
    "guava"
   ]
  }, 
  {
   "begin": "4.600", 
   "end": "5.080", 
   "id": "f000014", 
   "language": "en", 
   "lines": [
    "that"
   ]
  }, 
  {
   "begin": "5.080", 
   "end": "5.400", 
   "id": "f000015", 
   "language": "en", 
   "lines": [
    "had"
   ]
  }, 
  {
   "begin": "5.400", 
   "end": "5.840", 
   "id": "f000016", 
   "language": "en", 
   "lines": [
    "fallen"
   ]
  }, 
  {
   "begin": "5.840", 
   "end": "6.080", 
   "id": "f000017", 
   "language": "en", 
   "lines": [
    "into"
   ]
  }, 
  {
   "begin": "6.080", 
   "end": "6.240", 
   "id": "f000018", 
   "language": "en", 
   "lines": [
    "the"
   ]
  }, 
  {
   "begin": "6.240", 
   "end": "6.560", 
   "id": "f000019", 
   "language": "en", 
   "lines": [
    "clump"
   ]
  }, 
  {
   "begin": "6.560", 
   "end": "6.640", 
   "id": "f000020", 
   "language": "en", 
   "lines": [
    "of"
   ]
  }, 
  {
   "begin": "6.640", 
   "end": "7.280", 
   "id": "f000021", 
   "language": "en", 
   "lines": [
    "thorns"
   ]
  }, 
  {
   "begin": "7.280", 
   "end": "7.400", 
   "id": "f000022", 
   "language": "en", 
   "lines": [
    "and"
   ]
  }, 
  {
   "begin": "7.400", 
   "end": "7.840", 
   "id": "f000023", 
   "language": "en", 
   "lines": [
    "gave"
   ]
  }, 
  {
   "begin": "7.840", 
   "end": "8.120", 
   "id": "f000024", 
   "language": "en", 
   "lines": [
    "it"
   ]
  }, 
  {
   "begin": "8.120", 
   "end": "8.480", 
   "id": "f000025", 
   "language": "en", 
   "lines": [
    "back"
   ]
  }, 
  {
   "begin": "8.480", 
   "end": "8.640", 
   "id": "f000026", 
   "language": "en", 
   "lines": [
    "to"
   ]
  }, 
  {
   "begin": "8.640", 
   "end": "9.200", 
   "id": "f000027", 
   "language": "en", 
   "lines": [
    "Gubbi."
   ]
  }, 
  {
   "begin": "9.200", 
   "end": "10.280", 
   "id": "f000028", 
   "language": "en", 
   "lines": [
    "Gubbi"
   ]
  }, 
  {
   "begin": "10.280", 
   "end": "10.720", 
   "id": "f000029", 
   "language": "en", 
   "lines": [
    "was"
   ]
  }, 
  {
   "begin": "10.720", 
   "end": "11.720", 
   "id": "f000030", 
   "language": "en", 
   "lines": [
    "thrilled."
   ]
  }, 
  {
   "begin": "11.720", 
   "end": "11.960", 
   "id": "f000031", 
   "language": "en", 
   "lines": [
    "She"
   ]
  }, 
  {
   "begin": "11.960", 
   "end": "12.360", 
   "id": "f000032", 
   "language": "en", 
   "lines": [
    "thanked"
   ]
  }, 
  {
   "begin": "12.360", 
   "end": "12.560", 
   "id": "f000033", 
   "language": "en", 
   "lines": [
    "her"
   ]
  }, 
  {
   "begin": "12.560", 
   "end": "13.080", 
   "id": "f000034", 
   "language": "en", 
   "lines": [
    "friend"
   ]
  }, 
  {
   "begin": "13.080", 
   "end": "13.120", 
   "id": "f000035", 
   "language": "en", 
   "lines": [
    "the"
   ]
  }, 
  {
   "begin": "13.120", 
   "end": "13.680", 
   "id": "f000036", 
   "language": "en", 
   "lines": [
    "ant"
   ]
  }, 
  {
   "begin": "13.680", 
   "end": "14.040", 
   "id": "f000037", 
   "language": "en", 
   "lines": [
    "with"
   ]
  }, 
  {
   "begin": "14.040", 
   "end": "14.440", 
   "id": "f000038", 
   "language": "en", 
   "lines": [
    "all"
   ]
  }, 
  {
   "begin": "14.440", 
   "end": "14.720", 
   "id": "f000039", 
   "language": "en", 
   "lines": [
    "her"
   ]
  }, 
  {
   "begin": "14.720", 
   "end": "15.560", 
   "id": "f000040", 
   "language": "en", 
   "lines": [
    "heart."
   ]
  }
 ]
}