{
 "fragments": [
  {
   "begin": "0.000", 
   "end": "0.600", 
   "id": "f000001", 
   "language": "en", 
   "lines": [
    "The"
   ]
  }, 
  {
   "begin": "0.600", 
   "end": "0.960", 
   "id": "f000002", 
   "language": "en", 
   "lines": [
    "ant"
   ]
  }, 
  {
   "begin": "0.960", 
   "end": "1.200", 
   "id": "f000003", 
   "language": "en", 
   "lines": [
    "kept"
   ]
  }, 
  {
   "begin": "1.200", 
   "end": "1.480", 
   "id": "f000004", 
   "language": "en", 
   "lines": [
    "his"
   ]
  }, 
  {
   "begin": "1.480", 
   "end": "2.200", 
   "id": "f000005", 
   "language": "en", 
   "lines": [
    "word"
   ]
  }, 
  {
   "begin": "2.200", 
   "end": "2.440", 
   "id": "f000006", 
   "language": "en", 
   "lines": [
    "and"
   ]
  }, 
  {
   "begin": "2.440", 
   "end": "2.640", 
   "id": "f000007", 
   "language": "en", 
   "lines": [
    "bit"
   ]
  }, 
  {
   "begin": "2.640", 
   "end": "2.800", 
   "id": "f000008", 
   "language": "en", 
   "lines": [
    "the"
   ]
  }, 
  {
   "begin": "2.800", 
   "end": "4.040", 
   "id": "f000009", 
   "language": "en", 
   "lines": [
    "cat."
   ]
  }, 
  {
   "begin": "4.040", 
   "end": "4.240", 
   "id": "f000010", 
   "language": "en", 
   "lines": [
    "The"
   ]
  }, 
  {
   "begin": "4.240", 
   "end": "4.560", 
   "id": "f000011", 
   "language": "en", 
   "lines": [
    "cat"
   ]
  }, 
  {
   "begin": "4.560", 
   "end": "4.800", 
   "id": "f000012", 
   "language": "en", 
   "lines": [
    "went"
   ]
  }, 
  {
   "begin": "4.800", 
   "end": "5.320", 
   "id": "f000013", 
   "language": "en", 
   "lines": [
    "chasing"
   ]
  }, 
  {
   "begin": "5.320", 
   "end": "5.560", 
   "id": "f000014", 
   "language": "en", 
   "lines": [
    "after"
   ]
  }, 
  {
   "begin": "5.560", 
   "end": "5.640", 
   "id": "f000015", 
   "language": "en", 
   "lines": [
    "the"
   ]
  }, 
  {
   "begin": "5.640", 
   "end": "6.520", 
   "id": "f000016", 
   "language": "en", 
   "lines": [
    "rat"
   ]
  }, 
  {
   "begin": "6.520", 
   "end": "6.800", 
   "id": "f000017", 
   "language": "en", 
   "lines": [
    "and"
   ]
  }, 
  {
   "begin": "6.800", 
   "end": "7.080", 
   "id": "f000018", 
   "language": "en", 
   "lines": [
    "caught"
   ]
  }, 
  {
   "begin": "7.080", 
   "end": "7.400", 
   "id": "f000019", 
   "language": "en", 
   "lines": [
    "him."
   ]
  }, 
  {
   "begin": "7.400", 
   "end": "8.280", 
   "id": "f000020", 
   "language": "en", 
   "lines": [
    "The"
   ]
  }, 
  {
   "begin": "8.280", 
   "end": "8.800", 
   "id": "f000021", 
   "language": "en", 
   "lines": [
    "rat"
   ]
  }, 
  {
   "begin": "8.800", 
   "end": "9.320", 
   "id": "f000022", 
   "language": "en", 
   "lines": [
    "quickly"
   ]
  }, 
  {
   "begin": "9.320", 
   "end": "9.760", 
   "id": "f000023", 
   "language": "en", 
   "lines": [
    "chewed"
   ]
  }, 
  {
   "begin": "9.760", 
   "end": "9.800", 
   "id": "f000024", 
   "language": "en", 
   "lines": [
    "up"
   ]
  }, 
  {
   "begin": "9.800", 
   "end": "10.000", 
   "id": "f000025", 
   "language": "en", 
   "lines": [
    "the"
   ]
  }, 
  {
   "begin": "10.000", 
   "end": "10.760", 
   "id": "f000026", 
   "language": "en", 
   "lines": [
    "fisherman\u2019s"
   ]
  }, 
  {
   "begin": "10.760", 
   "end": "11.200", 
   "id": "f000027", 
   "language": "en", 
   "lines": [
    "net."
   ]
  }, 
  {
   "begin": "11.200", 
   "end": "11.920", 
   "id": "f000028", 
   "language": "en", 
   "lines": [
    "The"
   ]
  }, 
  {
   "begin": "11.920", 
   "end": "12.920", 
   "id": "f000029", 
   "language": "en", 
   "lines": [
    "fisherman"
   ]
  }, 
  {
   "begin": "12.920", 
   "end": "13.320", 
   "id": "f000030", 
   "language": "en", 
   "lines": [
    "whipped"
   ]
  }, 
  {
   "begin": "13.320", 
   "end": "13.480", 
   "id": "f000031", 
   "language": "en", 
   "lines": [
    "the"
   ]
  }, 
  {
   "begin": "13.480", 
   "end": "14.520", 
   "id": "f000032", 
   "language": "en", 
   "lines": [
    "cow."
   ]
  }, 
  {
   "begin": "14.520", 
   "end": "14.680", 
   "id": "f000033", 
   "language": "en", 
   "lines": [
    "The"
   ]
  }, 
  {
   "begin": "14.680", 
   "end": "15.120", 
   "id": "f000034", 
   "language": "en", 
   "lines": [
    "cow"
   ]
  }, 
  {
   "begin": "15.120", 
   "end": "15.520", 
   "id": "f000035", 
   "language": "en", 
   "lines": [
    "ate"
   ]
  }, 
  {
   "begin": "15.520", 
   "end": "15.680", 
   "id": "f000036", 
   "language": "en", 
   "lines": [
    "up"
   ]
  }, 
  {
   "begin": "15.680", 
   "end": "16.040", 
   "id": "f000037", 
   "language": "en", 
   "lines": [
    "all"
   ]
  }, 
  {
   "begin": "16.040", 
   "end": "16.160", 
   "id": "f000038", 
   "language": "en", 
   "lines": [
    "the"
   ]
  }, 
  {
   "begin": "16.160", 
   "end": "16.760", 
   "id": "f000039", 
   "language": "en", 
   "lines": [
    "farmer\u2019s"
   ]
  }, 
  {
   "begin": "16.760", 
   "end": "17.760", 
   "id": "f000040", 
   "language": "en", 
   "lines": [
    "crops."
   ]
  }
 ]
}