{
 "fragments": [
  {
   "begin": "0.000", 
   "end": "0.160", 
   "id": "f000001", 
   "language": "en", 
   "lines": [
    "There"
   ]
  }, 
  {
   "begin": "0.160", 
   "end": "0.640", 
   "id": "f000002", 
   "language": "en", 
   "lines": [
    "was"
   ]
  }, 
  {
   "begin": "0.640", 
   "end": "1.080", 
   "id": "f000003", 
   "language": "en", 
   "lines": [
    "once"
   ]
  }, 
  {
   "begin": "1.080", 
   "end": "1.320", 
   "id": "f000004", 
   "language": "en", 
   "lines": [
    "a"
   ]
  }, 
  {
   "begin": "1.320", 
   "end": "1.960", 
   "id": "f000005", 
   "language": "en", 
   "lines": [
    "sparrow"
   ]
  }, 
  {
   "begin": "1.960", 
   "end": "2.640", 
   "id": "f000006", 
   "language": "en", 
   "lines": [
    "called"
   ]
  }, 
  {
   "begin": "2.640", 
   "end": "4.120", 
   "id": "f000007", 
   "language": "en", 
   "lines": [
    "Gubbi."
   ]
  }, 
  {
   "begin": "4.120", 
   "end": "4.480", 
   "id": "f000008", 
   "language": "en", 
   "lines": [
    "One"
   ]
  }, 
  {
   "begin": "4.480", 
   "end": "5.160", 
   "id": "f000009", 
   "language": "en", 
   "lines": [
    "day,"
   ]
  }, 
  {
   "begin": "5.160", 
   "end": "5.680", 
   "id": "f000010", 
   "language": "en", 
   "lines": [
    "Gubbi"
   ]
  }, 
  {
   "begin": "5.680", 
   "end": "5.960", 
   "id": "f000011", 
   "language": "en", 
   "lines": [
    "went"
   ]
  }, 
  {
   "begin": "5.960", 
   "end": "6.200", 
   "id": "f000012", 
   "language": "en", 
   "lines": [
    "off"
   ]
  }, 
  {
   "begin": "6.200", 
   "end": "6.360", 
   "id": "f000013", 
   "language": "en", 
   "lines": [
    "to"
   ]
  }, 
  {
   "begin": "6.360", 
   "end": "6.480", 
   "id": "f000014", 
   "language": "en", 
   "lines": [
    "the"
   ]
  }, 
  {
   "begin": "6.480", 
   "end": "7.400", 
   "id": "f000015", 
   "language": "en", 
   "lines": [
    "market"
   ]
  }, 
  {
   "begin": "7.400", 
   "end": "7.640", 
   "id": "f000016", 
   "language": "en", 
   "lines": [
    "and"
   ]
  }, 
  {
   "begin": "7.640", 
   "end": "8.040", 
   "id": "f000017", 
   "language": "en", 
   "lines": [
    "bought"
   ]
  }, 
  {
   "begin": "8.040", 
   "end": "8.480", 
   "id": "f000018", 
   "language": "en", 
   "lines": [
    "herself"
   ]
  }, 
  {
   "begin": "8.480", 
   "end": "8.680", 
   "id": "f000019", 
   "language": "en", 
   "lines": [
    "a"
   ]
  }, 
  {
   "begin": "8.680", 
   "end": "9.440", 
   "id": "f000020", 
   "language": "en", 
   "lines": [
    "nice"
   ]
  }, 
  {
   "begin": "9.440", 
   "end": "10.080", 
   "id": "f000021", 
   "language": "en", 
   "lines": [
    "juicy"
   ]
  }, 
  {
   "begin": "10.080", 
   "end": "11.640", 
   "id": "f000022", 
   "language": "en", 
   "lines": [
    "guava."
   ]
  }, 
  {
   "begin": "11.640", 
   "end": "11.880", 
   "id": "f000023", 
   "language": "en", 
   "lines": [
    "On"
   ]
  }, 
  {
   "begin": "11.880", 
   "end": "12.000", 
   "id": "f000024", 
   "language": "en", 
   "lines": [
    "the"
   ]
  }, 
  {
   "begin": "12.000", 
   "end": "12.360", 
   "id": "f000025", 
   "language": "en", 
   "lines": [
    "way"
   ]
  }, 
  {
   "begin": "12.360", 
   "end": "12.760", 
   "id": "f000026", 
   "language": "en", 
   "lines": [
    "back,"
   ]
  }, 
  {
   "begin": "12.760", 
   "end": "13.160", 
   "id": "f000027", 
   "language": "en", 
   "lines": [
    "the"
   ]
  }, 
  {
   "begin": "13.160", 
   "end": "13.640", 
   "id": "f000028", 
   "language": "en", 
   "lines": [
    "guava"
   ]
  }, 
  {
   "begin": "13.640", 
   "end": "14.440", 
   "id": "f000029", 
   "language": "en", 
   "lines": [
    "slipped"
   ]
  }, 
  {
   "begin": "14.440", 
   "end": "14.680", 
   "id": "f000030", 
   "language": "en", 
   "lines": [
    "from"
   ]
  }, 
  {
   "begin": "14.680", 
   "end": "15.280", 
   "id": "f000031", 
   "language": "en", 
   "lines": [
    "Gubbi\u2019s"
   ]
  }, 
  {
   "begin": "15.280", 
   "end": "15.720", 
   "id": "f000032", 
   "language": "en", 
   "lines": [
    "beak"
   ]
  }, 
  {
   "begin": "15.720", 
   "end": "15.720", 
   "id": "f000033", 
   "language": "en", 
   "lines": [
    "and"
   ]
  }, 
  {
   "begin": "15.720", 
   "end": "16.680", 
   "id": "f000034", 
   "language": "en", 
   "lines": [
    "fell"
   ]
  }, 
  {
   "begin": "16.680", 
   "end": "17.120", 
   "id": "f000035", 
   "language": "en", 
   "lines": [
    "into"
   ]
  }, 
  {
   "begin": "17.120", 
   "end": "17.160", 
   "id": "f000036", 
   "language": "en", 
   "lines": [
    "a"
   ]
  }, 
  {
   "begin": "17.160", 
   "end": "17.600", 
   "id": "f000037", 
   "language": "en", 
   "lines": [
    "clump"
   ]
  }, 
  {
   "begin": "17.600", 
   "end": "17.840", 
   "id": "f000038", 
   "language": "en", 
   "lines": [
    "of"
   ]
  }, 
  {
   "begin": "17.840", 
   "end": "18.480", 
   "id": "f000039", 
   "language": "en", 
   "lines": [
    "thorns."
   ]
  }, 
  {
   "begin": "18.480", 
   "end": "20.080", 
   "id": "f000040", 
   "language": "en", 
   "lines": [
    "Gubbi"
   ]
  }, 
  {
   "begin": "20.080", 
   "end": "20.680", 
   "id": "f000041", 
   "language": "en", 
   "lines": [
    "couldn\u2019t"
   ]
  }, 
  {
   "begin": "20.680", 
   "end": "20.960", 
   "id": "f000042", 
   "language": "en", 
   "lines": [
    "bear"
   ]
  }, 
  {
   "begin": "20.960", 
   "end": "21.120", 
   "id": "f000043", 
   "language": "en", 
   "lines": [
    "the"
   ]
  }, 
  {
   "begin": "21.120", 
   "end": "21.480", 
   "id": "f000044", 
   "language": "en", 
   "lines": [
    "thought"
   ]
  }, 
  {
   "begin": "21.480", 
   "end": "21.680", 
   "id": "f000045", 
   "language": "en", 
   "lines": [
    "of"
   ]
  }, 
  {
   "begin": "21.680", 
   "end": "22.200", 
   "id": "f000046", 
   "language": "en", 
   "lines": [
    "losing"
   ]
  }, 
  {
   "begin": "22.200", 
   "end": "22.640", 
   "id": "f000047", 
   "language": "en", 
   "lines": [
    "her"
   ]
  }, 
  {
   "begin": "22.640", 
   "end": "22.720", 
   "id": "f000048", 
   "language": "en", 
   "lines": [
    "fruit."
   ]
  }, 
  {
   "begin": "22.720", 
   "end": "23.880", 
   "id": "f000049", 
   "language": "en", 
   "lines": [
    "She"
   ]
  }, 
  {
   "begin": "23.880", 
   "end": "24.600", 
   "id": "f000050", 
   "language": "en", 
   "lines": [
    "decided"
   ]
  }, 
  {
   "begin": "24.600", 
   "end": "25.360", 
   "id": "f000051", 
   "language": "en", 
   "lines": [
    "she"
   ]
  }, 
  {
   "begin": "25.360", 
   "end": "25.400", 
   "id": "f000052", 
   "language": "en", 
   "lines": [
    "would"
   ]
  }, 
  {
   "begin": "25.400", 
   "end": "25.720", 
   "id": "f000053", 
   "language": "en", 
   "lines": [
    "get"
   ]
  }, 
  {
   "begin": "25.720", 
   "end": "25.840", 
   "id": "f000054", 
   "language": "en", 
   "lines": [
    "it"
   ]
  }, 
  {
   "begin": "25.840", 
   "end": "26.560", 
   "id": "f000055", 
   "language": "en", 
   "lines": [
    "back"
   ]
  }, 
  {
   "begin": "26.560", 
   "end": "27.080", 
   "id": "f000056", 
   "language": "en", 
   "lines": [
    "at"
   ]
  }, 
  {
   "begin": "27.080", 
   "end": "27.400", 
   "id": "f000057", 
   "language": "en", 
   "lines": [
    "any"
   ]
  }, 
  {
   "begin": "27.400", 
   "end": "28.440", 
   "id": "f000058", 
   "language": "en", 
   "lines": [
    "cost."
   ]
  }
 ]
}