{
 "fragments": [
  {
   "begin": "0.000", 
   "end": "0.840", 
   "id": "f000001", 
   "language": "en", 
   "lines": [
    "First"
   ]
  }, 
  {
   "begin": "0.840", 
   "end": "1.160", 
   "id": "f000002", 
   "language": "en", 
   "lines": [
    "she"
   ]
  }, 
  {
   "begin": "1.160", 
   "end": "1.360", 
   "id": "f000003", 
   "language": "en", 
   "lines": [
    "went"
   ]
  }, 
  {
   "begin": "1.360", 
   "end": "1.680", 
   "id": "f000004", 
   "language": "en", 
   "lines": [
    "to"
   ]
  }, 
  {
   "begin": "1.680", 
   "end": "1.680", 
   "id": "f000005", 
   "language": "en", 
   "lines": [
    "a"
   ]
  }, 
  {
   "begin": "1.680", 
   "end": "2.080", 
   "id": "f000006", 
   "language": "en", 
   "lines": [
    "boy"
   ]
  }, 
  {
   "begin": "2.080", 
   "end": "2.600", 
   "id": "f000007", 
   "language": "en", 
   "lines": [
    "working"
   ]
  }, 
  {
   "begin": "2.600", 
   "end": "3.160", 
   "id": "f000008", 
   "language": "en", 
   "lines": [
    "nearby."
   ]
  }, 
  {
   "begin": "3.160", 
   "end": "5.240", 
   "id": "f000009", 
   "language": "en", 
   "lines": [
    "\u201cLittle"
   ]
  }, 
  {
   "begin": "5.240", 
   "end": "5.440", 
   "id": "f000010", 
   "language": "en", 
   "lines": [
    "boy,"
   ]
  }, 
  {
   "begin": "5.440", 
   "end": "6.120", 
   "id": "f000011", 
   "language": "en", 
   "lines": [
    "little"
   ]
  }, 
  {
   "begin": "6.120", 
   "end": "6.240", 
   "id": "f000012", 
   "language": "en", 
   "lines": [
    "boy,"
   ]
  }, 
  {
   "begin": "6.240", 
   "end": "6.960", 
   "id": "f000013", 
   "language": "en", 
   "lines": [
    "please"
   ]
  }, 
  {
   "begin": "6.960", 
   "end": "7.200", 
   "id": "f000014", 
   "language": "en", 
   "lines": [
    "get"
   ]
  }, 
  {
   "begin": "7.200", 
   "end": "7.440", 
   "id": "f000015", 
   "language": "en", 
   "lines": [
    "my"
   ]
  }, 
  {
   "begin": "7.440", 
   "end": "7.880", 
   "id": "f000016", 
   "language": "en", 
   "lines": [
    "guava"
   ]
  }, 
  {
   "begin": "7.880", 
   "end": "8.120", 
   "id": "f000017", 
   "language": "en", 
   "lines": [
    "back"
   ]
  }, 
  {
   "begin": "8.120", 
   "end": "8.680", 
   "id": "f000018", 
   "language": "en", 
   "lines": [
    "for"
   ]
  }, 
  {
   "begin": "8.680", 
   "end": "8.800", 
   "id": "f000019", 
   "language": "en", 
   "lines": [
    "me,\u201d"
   ]
  }, 
  {
   "begin": "8.800", 
   "end": "10.040", 
   "id": "f000020", 
   "language": "en", 
   "lines": [
    "she"
   ]
  }, 
  {
   "begin": "10.040", 
   "end": "10.480", 
   "id": "f000021", 
   "language": "en", 
   "lines": [
    "begged."
   ]
  }, 
  {
   "begin": "10.480", 
   "end": "11.840", 
   "id": "f000022", 
   "language": "en", 
   "lines": [
    "\u201cCan\u2019t"
   ]
  }, 
  {
   "begin": "11.840", 
   "end": "12.120", 
   "id": "f000023", 
   "language": "en", 
   "lines": [
    "do"
   ]
  }, 
  {
   "begin": "12.120", 
   "end": "13.040", 
   "id": "f000024", 
   "language": "en", 
   "lines": [
    "it,\u201d"
   ]
  }, 
  {
   "begin": "13.040", 
   "end": "13.480", 
   "id": "f000025", 
   "language": "en", 
   "lines": [
    "replied"
   ]
  }, 
  {
   "begin": "13.480", 
   "end": "13.680", 
   "id": "f000026", 
   "language": "en", 
   "lines": [
    "the"
   ]
  }, 
  {
   "begin": "13.680", 
   "end": "14.040", 
   "id": "f000027", 
   "language": "en", 
   "lines": [
    "boy."
   ]
  }, 
  {
   "begin": "14.040", 
   "end": "14.720", 
   "id": "f000028", 
   "language": "en", 
   "lines": [
    "\u201cGo"
   ]
  }, 
  {
   "begin": "14.720", 
   "end": "16.240", 
   "id": "f000029", 
   "language": "en", 
   "lines": [
    "away!\u201d"
   ]
  }
 ]
}