{
 "fragments": [
  {
   "begin": "0.000", 
   "end": "0.160", 
   "id": "f000001", 
   "language": "en", 
   "lines": [
    "Gubbi"
   ]
  }, 
  {
   "begin": "0.160", 
   "end": "0.600", 
   "id": "f000002", 
   "language": "en", 
   "lines": [
    "flew"
   ]
  }, 
  {
   "begin": "0.600", 
   "end": "1.120", 
   "id": "f000003", 
   "language": "en", 
   "lines": [
    "straight"
   ]
  }, 
  {
   "begin": "1.120", 
   "end": "1.440", 
   "id": "f000004", 
   "language": "en", 
   "lines": [
    "to"
   ]
  }, 
  {
   "begin": "1.440", 
   "end": "1.760", 
   "id": "f000005", 
   "language": "en", 
   "lines": [
    "the"
   ]
  }, 
  {
   "begin": "1.760", 
   "end": "2.960", 
   "id": "f000006", 
   "language": "en", 
   "lines": [
    "fisherman."
   ]
  }, 
  {
   "begin": "2.960", 
   "end": "3.240", 
   "id": "f000007", 
   "language": "en", 
   "lines": [
    "She"
   ]
  }, 
  {
   "begin": "3.240", 
   "end": "3.640", 
   "id": "f000008", 
   "language": "en", 
   "lines": [
    "said,"
   ]
  }, 
  {
   "begin": "3.640", 
   "end": "5.160", 
   "id": "f000009", 
   "language": "en", 
   "lines": [
    "\u201cI"
   ]
  }, 
  {
   "begin": "5.160", 
   "end": "5.240", 
   "id": "f000010", 
   "language": "en", 
   "lines": [
    "dropped"
   ]
  }, 
  {
   "begin": "5.240", 
   "end": "5.480", 
   "id": "f000011", 
   "language": "en", 
   "lines": [
    "my"
   ]
  }, 
  {
   "begin": "5.480", 
   "end": "5.920", 
   "id": "f000012", 
   "language": "en", 
   "lines": [
    "fruit"
   ]
  }, 
  {
   "begin": "5.920", 
   "end": "5.960", 
   "id": "f000013", 
   "language": "en", 
   "lines": [
    "in"
   ]
  }, 
  {
   "begin": "5.960", 
   "end": "6.320", 
   "id": "f000014", 
   "language": "en", 
   "lines": [
    "a"
   ]
  }, 
  {
   "begin": "6.320", 
   "end": "6.680", 
   "id": "f000015", 
   "language": "en", 
   "lines": [
    "clump"
   ]
  }, 
  {
   "begin": "6.680", 
   "end": "6.960", 
   "id": "f000016", 
   "language": "en", 
   "lines": [
    "of"
   ]
  }, 
  {
   "begin": "6.960", 
   "end": "7.520", 
   "id": "f000017", 
   "language": "en", 
   "lines": [
    "thorns."
   ]
  }, 
  {
   "begin": "7.520", 
   "end": "7.520", 
   "id": "f000018", 
   "language": "en", 
   "lines": [
    "The"
   ]
  }, 
  {
   "begin": "7.520", 
   "end": "7.520", 
   "id": "f000019", 
   "language": "en", 
   "lines": [
    "boy"
   ]
  }, 
  {
   "begin": "7.520", 
   "end": "7.520", 
   "id": "f000020", 
   "language": "en", 
   "lines": [
    "did"
   ]
  }, 
  {
   "begin": "7.520", 
   "end": "8.040", 
   "id": "f000021", 
   "language": "en", 
   "lines": [
    "not"
   ]
  }, 
  {
   "begin": "8.040", 
   "end": "8.320", 
   "id": "f000022", 
   "language": "en", 
   "lines": [
    "help"
   ]
  }, 
  {
   "begin": "8.320", 
   "end": "8.840", 
   "id": "f000023", 
   "language": "en", 
   "lines": [
    "me,"
   ]
  }, 
  {
   "begin": "8.840", 
   "end": "9.120", 
   "id": "f000024", 
   "language": "en", 
   "lines": [
    "the"
   ]
  }, 
  {
   "begin": "9.120", 
   "end": "9.480", 
   "id": "f000025", 
   "language": "en", 
   "lines": [
    "farmer"
   ]
  }, 
  {
   "begin": "9.480", 
   "end": "9.800", 
   "id": "f000026", 
   "language": "en", 
   "lines": [
    "did"
   ]
  }, 
  {
   "begin": "9.800", 
   "end": "9.880", 
   "id": "f000027", 
   "language": "en", 
   "lines": [
    "not"
   ]
  }, 
  {
   "begin": "9.880", 
   "end": "11.000", 
   "id": "f000028", 
   "language": "en", 
   "lines": [
    "help"
   ]
  }, 
  {
   "begin": "11.000", 
   "end": "11.560", 
   "id": "f000029", 
   "language": "en", 
   "lines": [
    "me,"
   ]
  }, 
  {
   "begin": "11.560", 
   "end": "12.280", 
   "id": "f000030", 
   "language": "en", 
   "lines": [
    "and"
   ]
  }, 
  {
   "begin": "12.280", 
   "end": "12.720", 
   "id": "f000031", 
   "language": "en", 
   "lines": [
    "the"
   ]
  }, 
  {
   "begin": "12.720", 
   "end": "13.320", 
   "id": "f000032", 
   "language": "en", 
   "lines": [
    "cow"
   ]
  }, 
  {
   "begin": "13.320", 
   "end": "13.520", 
   "id": "f000033", 
   "language": "en", 
   "lines": [
    "did"
   ]
  }, 
  {
   "begin": "13.520", 
   "end": "13.520", 
   "id": "f000034", 
   "language": "en", 
   "lines": [
    "not"
   ]
  }, 
  {
   "begin": "13.520", 
   "end": "13.840", 
   "id": "f000035", 
   "language": "en", 
   "lines": [
    "help"
   ]
  }, 
  {
   "begin": "13.840", 
   "end": "14.600", 
   "id": "f000036", 
   "language": "en", 
   "lines": [
    "me."
   ]
  }, 
  {
   "begin": "14.600", 
   "end": "15.200", 
   "id": "f000037", 
   "language": "en", 
   "lines": [
    "Now"
   ]
  }, 
  {
   "begin": "15.200", 
   "end": "15.280", 
   "id": "f000038", 
   "language": "en", 
   "lines": [
    "I"
   ]
  }, 
  {
   "begin": "15.280", 
   "end": "15.360", 
   "id": "f000039", 
   "language": "en", 
   "lines": [
    "want"
   ]
  }, 
  {
   "begin": "15.360", 
   "end": "15.960", 
   "id": "f000040", 
   "language": "en", 
   "lines": [
    "you"
   ]
  }, 
  {
   "begin": "15.960", 
   "end": "16.400", 
   "id": "f000041", 
   "language": "en", 
   "lines": [
    "to"
   ]
  }, 
  {
   "begin": "16.400", 
   "end": "16.960", 
   "id": "f000042", 
   "language": "en", 
   "lines": [
    "whip"
   ]
  }, 
  {
   "begin": "16.960", 
   "end": "17.120", 
   "id": "f000043", 
   "language": "en", 
   "lines": [
    "the"
   ]
  }, 
  {
   "begin": "17.120", 
   "end": "17.720", 
   "id": "f000044", 
   "language": "en", 
   "lines": [
    "cow.\u201d"
   ]
  }, 
  {
   "begin": "17.720", 
   "end": "19.240", 
   "id": "f000045", 
   "language": "en", 
   "lines": [
    "\u201cWon\u2019t"
   ]
  }, 
  {
   "begin": "19.240", 
   "end": "19.560", 
   "id": "f000046", 
   "language": "en", 
   "lines": [
    "do"
   ]
  }, 
  {
   "begin": "19.560", 
   "end": "20.320", 
   "id": "f000047", 
   "language": "en", 
   "lines": [
    "it,\u201d"
   ]
  }, 
  {
   "begin": "20.320", 
   "end": "20.600", 
   "id": "f000048", 
   "language": "en", 
   "lines": [
    "said"
   ]
  }, 
  {
   "begin": "20.600", 
   "end": "20.680", 
   "id": "f000049", 
   "language": "en", 
   "lines": [
    "the"
   ]
  }, 
  {
   "begin": "20.680", 
   "end": "21.680", 
   "id": "f000050", 
   "language": "en", 
   "lines": [
    "fisherman"
   ]
  }, 
  {
   "begin": "21.680", 
   "end": "21.880", 
   "id": "f000051", 
   "language": "en", 
   "lines": [
    "and"
   ]
  }, 
  {
   "begin": "21.880", 
   "end": "22.240", 
   "id": "f000052", 
   "language": "en", 
   "lines": [
    "cast"
   ]
  }, 
  {
   "begin": "22.240", 
   "end": "22.480", 
   "id": "f000053", 
   "language": "en", 
   "lines": [
    "his"
   ]
  }, 
  {
   "begin": "22.480", 
   "end": "22.840", 
   "id": "f000054", 
   "language": "en", 
   "lines": [
    "net"
   ]
  }, 
  {
   "begin": "22.840", 
   "end": "24.280", 
   "id": "f000055", 
   "language": "en", 
   "lines": [
    "again."
   ]
  }
 ]
}