{
 "fragments": [
  {
   "begin": "0.000", 
   "end": "1.400", 
   "id": "f000001", 
   "language": "en", 
   "lines": [
    "Gubbi"
   ]
  }, 
  {
   "begin": "1.400", 
   "end": "1.800", 
   "id": "f000002", 
   "language": "en", 
   "lines": [
    "was"
   ]
  }, 
  {
   "begin": "1.800", 
   "end": "2.560", 
   "id": "f000003", 
   "language": "en", 
   "lines": [
    "furious."
   ]
  }, 
  {
   "begin": "2.560", 
   "end": "3.280", 
   "id": "f000004", 
   "language": "en", 
   "lines": [
    "She"
   ]
  }, 
  {
   "begin": "3.280", 
   "end": "3.680", 
   "id": "f000005", 
   "language": "en", 
   "lines": [
    "went"
   ]
  }, 
  {
   "begin": "3.680", 
   "end": "4.080", 
   "id": "f000006", 
   "language": "en", 
   "lines": [
    "straight"
   ]
  }, 
  {
   "begin": "4.080", 
   "end": "4.240", 
   "id": "f000007", 
   "language": "en", 
   "lines": [
    "to"
   ]
  }, 
  {
   "begin": "4.240", 
   "end": "4.320", 
   "id": "f000008", 
   "language": "en", 
   "lines": [
    "the"
   ]
  }, 
  {
   "begin": "4.320", 
   "end": "5.680", 
   "id": "f000009", 
   "language": "en", 
   "lines": [
    "farmer."
   ]
  }, 
  {
   "begin": "5.680", 
   "end": "5.960", 
   "id": "f000010", 
   "language": "en", 
   "lines": [
    "She"
   ]
  }, 
  {
   "begin": "5.960", 
   "end": "6.440", 
   "id": "f000011", 
   "language": "en", 
   "lines": [
    "said,"
   ]
  }, 
  {
   "begin": "6.440", 
   "end": "7.200", 
   "id": "f000012", 
   "language": "en", 
   "lines": [
    "\u201cI"
   ]
  }, 
  {
   "begin": "7.200", 
   "end": "7.600", 
   "id": "f000013", 
   "language": "en", 
   "lines": [
    "dropped"
   ]
  }, 
  {
   "begin": "7.600", 
   "end": "7.840", 
   "id": "f000014", 
   "language": "en", 
   "lines": [
    "my"
   ]
  }, 
  {
   "begin": "7.840", 
   "end": "8.320", 
   "id": "f000015", 
   "language": "en", 
   "lines": [
    "fruit"
   ]
  }, 
  {
   "begin": "8.320", 
   "end": "8.560", 
   "id": "f000016", 
   "language": "en", 
   "lines": [
    "in"
   ]
  }, 
  {
   "begin": "8.560", 
   "end": "8.600", 
   "id": "f000017", 
   "language": "en", 
   "lines": [
    "a"
   ]
  }, 
  {
   "begin": "8.600", 
   "end": "9.040", 
   "id": "f000018", 
   "language": "en", 
   "lines": [
    "clump"
   ]
  }, 
  {
   "begin": "9.040", 
   "end": "9.320", 
   "id": "f000019", 
   "language": "en", 
   "lines": [
    "of"
   ]
  }, 
  {
   "begin": "9.320", 
   "end": "10.600", 
   "id": "f000020", 
   "language": "en", 
   "lines": [
    "thorns."
   ]
  }, 
  {
   "begin": "10.600", 
   "end": "11.080", 
   "id": "f000021", 
   "language": "en", 
   "lines": [
    "I"
   ]
  }, 
  {
   "begin": "11.080", 
   "end": "11.320", 
   "id": "f000022", 
   "language": "en", 
   "lines": [
    "asked"
   ]
  }, 
  {
   "begin": "11.320", 
   "end": "11.600", 
   "id": "f000023", 
   "language": "en", 
   "lines": [
    "the"
   ]
  }, 
  {
   "begin": "11.600", 
   "end": "11.920", 
   "id": "f000024", 
   "language": "en", 
   "lines": [
    "boy"
   ]
  }, 
  {
   "begin": "11.920", 
   "end": "12.240", 
   "id": "f000025", 
   "language": "en", 
   "lines": [
    "to"
   ]
  }, 
  {
   "begin": "12.240", 
   "end": "12.560", 
   "id": "f000026", 
   "language": "en", 
   "lines": [
    "help"
   ]
  }, 
  {
   "begin": "12.560", 
   "end": "13.120", 
   "id": "f000027", 
   "language": "en", 
   "lines": [
    "me"
   ]
  }, 
  {
   "begin": "13.120", 
   "end": "13.880", 
   "id": "f000028", 
   "language": "en", 
   "lines": [
    "but"
   ]
  }, 
  {
   "begin": "13.880", 
   "end": "14.320", 
   "id": "f000029", 
   "language": "en", 
   "lines": [
    "he"
   ]
  }, 
  {
   "begin": "14.320", 
   "end": "15.200", 
   "id": "f000030", 
   "language": "en", 
   "lines": [
    "didn\u2019t."
   ]
  }, 
  {
   "begin": "15.200", 
   "end": "15.760", 
   "id": "f000031", 
   "language": "en", 
   "lines": [
    "Now"
   ]
  }, 
  {
   "begin": "15.760", 
   "end": "15.800", 
   "id": "f000032", 
   "language": "en", 
   "lines": [
    "I"
   ]
  }, 
  {
   "begin": "15.800", 
   "end": "16.000", 
   "id": "f000033", 
   "language": "en", 
   "lines": [
    "want"
   ]
  }, 
  {
   "begin": "16.000", 
   "end": "16.520", 
   "id": "f000034", 
   "language": "en", 
   "lines": [
    "you"
   ]
  }, 
  {
   "begin": "16.520", 
   "end": "17.000", 
   "id": "f000035", 
   "language": "en", 
   "lines": [
    "to"
   ]
  }, 
  {
   "begin": "17.000", 
   "end": "17.240", 
   "id": "f000036", 
   "language": "en", 
   "lines": [
    "give"
   ]
  }, 
  {
   "begin": "17.240", 
   "end": "17.920", 
   "id": "f000037", 
   "language": "en", 
   "lines": [
    "him"
   ]
  }, 
  {
   "begin": "17.920", 
   "end": "18.200", 
   "id": "f000038", 
   "language": "en", 
   "lines": [
    "a"
   ]
  }, 
  {
   "begin": "18.200", 
   "end": "18.480", 
   "id": "f000039", 
   "language": "en", 
   "lines": [
    "good"
   ]
  }, 
  {
   "begin": "18.480", 
   "end": "19.040", 
   "id": "f000040", 
   "language": "en", 
   "lines": [
    "beating.\u201d"
   ]
  }, 
  {
   "begin": "19.040", 
   "end": "20.320", 
   "id": "f000041", 
   "language": "en", 
   "lines": [
    "\u201cWon\u2019t"
   ]
  }, 
  {
   "begin": "20.320", 
   "end": "20.520", 
   "id": "f000042", 
   "language": "en", 
   "lines": [
    "do"
   ]
  }, 
  {
   "begin": "20.520", 
   "end": "21.160", 
   "id": "f000043", 
   "language": "en", 
   "lines": [
    "it,\u201d"
   ]
  }, 
  {
   "begin": "21.160", 
   "end": "21.560", 
   "id": "f000044", 
   "language": "en", 
   "lines": [
    "said"
   ]
  }, 
  {
   "begin": "21.560", 
   "end": "21.600", 
   "id": "f000045", 
   "language": "en", 
   "lines": [
    "the"
   ]
  }, 
  {
   "begin": "21.600", 
   "end": "22.080", 
   "id": "f000046", 
   "language": "en", 
   "lines": [
    "farmer."
   ]
  }, 
  {
   "begin": "22.080", 
   "end": "22.840", 
   "id": "f000047", 
   "language": "en", 
   "lines": [
    "\u201cGo"
   ]
  }, 
  {
   "begin": "22.840", 
   "end": "24.400", 
   "id": "f000048", 
   "language": "en", 
   "lines": [
    "away!\u201d"
   ]
  }
 ]
}