{
 "fragments": [
  {
   "begin": "0.000", 
   "end": "1.720", 
   "id": "f000001", 
   "language": "en", 
   "lines": [
    "Greedy"
   ]
  }, 
  {
   "begin": "1.720", 
   "end": "2.280", 
   "id": "f000002", 
   "language": "en", 
   "lines": [
    "Gubbi"
   ]
  }, 
  {
   "begin": "2.280", 
   "end": "2.760", 
   "id": "f000003", 
   "language": "en", 
   "lines": [
    "wanted"
   ]
  }, 
  {
   "begin": "2.760", 
   "end": "2.960", 
   "id": "f000004", 
   "language": "en", 
   "lines": [
    "to"
   ]
  }, 
  {
   "begin": "2.960", 
   "end": "2.960", 
   "id": "f000005", 
   "language": "en", 
   "lines": [
    "eat"
   ]
  }, 
  {
   "begin": "2.960", 
   "end": "3.240", 
   "id": "f000006", 
   "language": "en", 
   "lines": [
    "the"
   ]
  }, 
  {
   "begin": "3.240", 
   "end": "4.040", 
   "id": "f000007", 
   "language": "en", 
   "lines": [
    "guava"
   ]
  }, 
  {
   "begin": "4.040", 
   "end": "4.680", 
   "id": "f000008", 
   "language": "en", 
   "lines": [
    "immediately."
   ]
  }, 
  {
   "begin": "4.680", 
   "end": "5.880", 
   "id": "f000009", 
   "language": "en", 
   "lines": [
    "She"
   ]
  }, 
  {
   "begin": "5.880", 
   "end": "6.400", 
   "id": "f000010", 
   "language": "en", 
   "lines": [
    "settled"
   ]
  }, 
  {
   "begin": "6.400", 
   "end": "6.680", 
   "id": "f000011", 
   "language": "en", 
   "lines": [
    "down"
   ]
  }, 
  {
   "begin": "6.680", 
   "end": "7.040", 
   "id": "f000012", 
   "language": "en", 
   "lines": [
    "on"
   ]
  }, 
  {
   "begin": "7.040", 
   "end": "7.360", 
   "id": "f000013", 
   "language": "en", 
   "lines": [
    "a"
   ]
  }, 
  {
   "begin": "7.360", 
   "end": "8.040", 
   "id": "f000014", 
   "language": "en", 
   "lines": [
    "branch"
   ]
  }, 
  {
   "begin": "8.040", 
   "end": "8.200", 
   "id": "f000015", 
   "language": "en", 
   "lines": [
    "for"
   ]
  }, 
  {
   "begin": "8.200", 
   "end": "8.360", 
   "id": "f000016", 
   "language": "en", 
   "lines": [
    "a"
   ]
  }, 
  {
   "begin": "8.360", 
   "end": "9.880", 
   "id": "f000017", 
   "language": "en", 
   "lines": [
    "feast."
   ]
  }, 
  {
   "begin": "9.880", 
   "end": "10.320", 
   "id": "f000018", 
   "language": "en", 
   "lines": [
    "She"
   ]
  }, 
  {
   "begin": "10.320", 
   "end": "10.400", 
   "id": "f000019", 
   "language": "en", 
   "lines": [
    "had"
   ]
  }, 
  {
   "begin": "10.400", 
   "end": "10.760", 
   "id": "f000020", 
   "language": "en", 
   "lines": [
    "only"
   ]
  }, 
  {
   "begin": "10.760", 
   "end": "11.240", 
   "id": "f000021", 
   "language": "en", 
   "lines": [
    "had"
   ]
  }, 
  {
   "begin": "11.240", 
   "end": "11.240", 
   "id": "f000022", 
   "language": "en", 
   "lines": [
    "a"
   ]
  }, 
  {
   "begin": "11.240", 
   "end": "11.600", 
   "id": "f000023", 
   "language": "en", 
   "lines": [
    "small"
   ]
  }, 
  {
   "begin": "11.600", 
   "end": "12.040", 
   "id": "f000024", 
   "language": "en", 
   "lines": [
    "bite"
   ]
  }, 
  {
   "begin": "12.040", 
   "end": "12.160", 
   "id": "f000025", 
   "language": "en", 
   "lines": [
    "of"
   ]
  }, 
  {
   "begin": "12.160", 
   "end": "12.280", 
   "id": "f000026", 
   "language": "en", 
   "lines": [
    "it"
   ]
  }, 
  {
   "begin": "12.280", 
   "end": "12.760", 
   "id": "f000027", 
   "language": "en", 
   "lines": [
    "when"
   ]
  }, 
  {
   "begin": "12.760", 
   "end": "13.280", 
   "id": "f000028", 
   "language": "en", 
   "lines": [
    "something"
   ]
  }, 
  {
   "begin": "13.280", 
   "end": "13.680", 
   "id": "f000029", 
   "language": "en", 
   "lines": [
    "heavy"
   ]
  }, 
  {
   "begin": "13.680", 
   "end": "14.120", 
   "id": "f000030", 
   "language": "en", 
   "lines": [
    "fell"
   ]
  }, 
  {
   "begin": "14.120", 
   "end": "14.440", 
   "id": "f000031", 
   "language": "en", 
   "lines": [
    "on"
   ]
  }, 
  {
   "begin": "14.440", 
   "end": "14.800", 
   "id": "f000032", 
   "language": "en", 
   "lines": [
    "her"
   ]
  }, 
  {
   "begin": "14.800", 
   "end": "15.560", 
   "id": "f000033", 
   "language": "en", 
   "lines": [
    "head."
   ]
  }, 
  {
   "begin": "15.560", 
   "end": "15.560", 
   "id": "f000034", 
   "language": "en", 
   "lines": [
    "A"
   ]
  }, 
  {
   "begin": "15.560", 
   "end": "15.880", 
   "id": "f000035", 
   "language": "en", 
   "lines": [
    "crow"
   ]
  }, 
  {
   "begin": "15.880", 
   "end": "16.400", 
   "id": "f000036", 
   "language": "en", 
   "lines": [
    "flying"
   ]
  }, 
  {
   "begin": "16.400", 
   "end": "17.400", 
   "id": "f000037", 
   "language": "en", 
   "lines": [
    "overhead"
   ]
  }, 
  {
   "begin": "17.400", 
   "end": "17.800", 
   "id": "f000038", 
   "language": "en", 
   "lines": [
    "with"
   ]
  }, 
  {
   "begin": "17.800", 
   "end": "18.000", 
   "id": "f000039", 
   "language": "en", 
   "lines": [
    "a"
   ]
  }, 
  {
   "begin": "18.000", 
   "end": "18.080", 
   "id": "f000040", 
   "language": "en", 
   "lines": [
    "big"
   ]
  }, 
  {
   "begin": "18.080", 
   "end": "18.360", 
   "id": "f000041", 
   "language": "en", 
   "lines": [
    "chunk"
   ]
  }, 
  {
   "begin": "18.360", 
   "end": "18.480", 
   "id": "f000042", 
   "language": "en", 
   "lines": [
    "of"
   ]
  }, 
  {
   "begin": "18.480", 
   "end": "19.320", 
   "id": "f000043", 
   "language": "en", 
   "lines": [
    "firewood"
   ]
  }, 
  {
   "begin": "19.320", 
   "end": "19.720", 
   "id": "f000044", 
   "language": "en", 
   "lines": [
    "in"
   ]
  }, 
  {
   "begin": "19.720", 
   "end": "20.080", 
   "id": "f000045", 
   "language": "en", 
   "lines": [
    "his"
   ]
  }, 
  {
   "begin": "20.080", 
   "end": "20.440", 
   "id": "f000046", 
   "language": "en", 
   "lines": [
    "beak"
   ]
  }, 
  {
   "begin": "20.440", 
   "end": "20.720", 
   "id": "f000047", 
   "language": "en", 
   "lines": [
    "had"
   ]
  }, 
  {
   "begin": "20.720", 
   "end": "21.040", 
   "id": "f000048", 
   "language": "en", 
   "lines": [
    "dropped"
   ]
  }, 
  {
   "begin": "21.040", 
   "end": "21.200", 
   "id": "f000049", 
   "language": "en", 
   "lines": [
    "it"
   ]
  }, 
  {
   "begin": "21.200", 
   "end": "21.600", 
   "id": "f000050", 
   "language": "en", 
   "lines": [
    "on"
   ]
  }, 
  {
   "begin": "21.600", 
   "end": "22.080", 
   "id": "f000051", 
   "language": "en", 
   "lines": [
    "Gubbi"
   ]
  }, 
  {
   "begin": "22.080", 
   "end": "22.280", 
   "id": "f000052", 
   "language": "en", 
   "lines": [
    "by"
   ]
  }, 
  {
   "begin": "22.280", 
   "end": "23.640", 
   "id": "f000053", 
   "language": "en", 
   "lines": [
    "accident."
   ]
  }, 
  {
   "begin": "23.640", 
   "end": "24.000", 
   "id": "f000054", 
   "language": "en", 
   "lines": [
    "Gubbi"
   ]
  }, 
  {
   "begin": "24.000", 
   "end": "25.320", 
   "id": "f000055", 
   "language": "en", 
   "lines": [
    "fainted."
   ]
  }, 
  {
   "begin": "25.320", 
   "end": "25.520", 
   "id": "f000056", 
   "language": "en", 
   "lines": [
    "And"
   ]
  }, 
  {
   "begin": "25.520", 
   "end": "25.880", 
   "id": "f000057", 
   "language": "en", 
   "lines": [
    "that"
   ]
  }, 
  {
   "begin": "25.880", 
   "end": "26.040", 
   "id": "f000058", 
   "language": "en", 
   "lines": [
    "is"
   ]
  }, 
  {
   "begin": "26.040", 
   "end": "26.480", 
   "id": "f000059", 
   "language": "en", 
   "lines": [
    "how"
   ]
  }, 
  {
   "begin": "26.480", 
   "end": "26.920", 
   "id": "f000060", 
   "language": "en", 
   "lines": [
    "naughty"
   ]
  }, 
  {
   "begin": "26.920", 
   "end": "27.320", 
   "id": "f000061", 
   "language": "en", 
   "lines": [
    "Gubbi"
   ]
  }, 
  {
   "begin": "27.320", 
   "end": "27.600", 
   "id": "f000062", 
   "language": "en", 
   "lines": [
    "was"
   ]
  }, 
  {
   "begin": "27.600", 
   "end": "28.840", 
   "id": "f000063", 
   "language": "en", 
   "lines": [
    "punished."
   ]
  }, 
  {
   "begin": "28.840", 
   "end": "29.120", 
   "id": "f000064", 
   "language": "en", 
   "lines": [
    "And"
   ]
  }, 
  {
   "begin": "29.120", 
   "end": "29.840", 
   "id": "f000065", 
   "language": "en", 
   "lines": [
    "that"
   ]
  }, 
  {
   "begin": "29.840", 
   "end": "29.960", 
   "id": "f000066", 
   "language": "en", 
   "lines": [
    "is"
   ]
  }, 
  {
   "begin": "29.960", 
   "end": "30.240", 
   "id": "f000067", 
   "language": "en", 
   "lines": [
    "the"
   ]
  }, 
  {
   "begin": "30.240", 
   "end": "30.880", 
   "id": "f000068", 
   "language": "en", 
   "lines": [
    "end"
   ]
  }, 
  {
   "begin": "30.880", 
   "end": "30.880", 
   "id": "f000069", 
   "language": "en", 
   "lines": [
    "of"
   ]
  }, 
  {
   "begin": "30.880", 
   "end": "30.920", 
   "id": "f000070", 
   "language": "en", 
   "lines": [
    "the"
   ]
  }, 
  {
   "begin": "30.920", 
   "end": "31.760", 
   "id": "f000071", 
   "language": "en", 
   "lines": [
    "story."
   ]
  }
 ]
}