{
 "fragments": [
  {
   "begin": "0.000", 
   "end": "0.000", 
   "id": "f000001", 
   "language": "en", 
   "lines": [
    "But"
   ]
  }, 
  {
   "begin": "0.000", 
   "end": "0.800", 
   "id": "f000002", 
   "language": "en", 
   "lines": [
    "Grandpa"
   ]
  }, 
  {
   "begin": "0.800", 
   "end": "1.120", 
   "id": "f000003", 
   "language": "en", 
   "lines": [
    "who"
   ]
  }, 
  {
   "begin": "1.120", 
   "end": "1.960", 
   "id": "f000004", 
   "language": "en", 
   "lines": [
    "lives"
   ]
  }, 
  {
   "begin": "1.960", 
   "end": "2.400", 
   "id": "f000005", 
   "language": "en", 
   "lines": [
    "next"
   ]
  }, 
  {
   "begin": "2.400", 
   "end": "2.760", 
   "id": "f000006", 
   "language": "en", 
   "lines": [
    "door"
   ]
  }, 
  {
   "begin": "2.760", 
   "end": "3.240", 
   "id": "f000007", 
   "language": "en", 
   "lines": [
    "has"
   ]
  }, 
  {
   "begin": "3.240", 
   "end": "3.480", 
   "id": "f000008", 
   "language": "en", 
   "lines": [
    "the"
   ]
  }, 
  {
   "begin": "3.480", 
   "end": "3.800", 
   "id": "f000009", 
   "language": "en", 
   "lines": [
    "best"
   ]
  }, 
  {
   "begin": "3.800", 
   "end": "4.200", 
   "id": "f000010", 
   "language": "en", 
   "lines": [
    "moustache"
   ]
  }, 
  {
   "begin": "4.200", 
   "end": "4.680", 
   "id": "f000011", 
   "language": "en", 
   "lines": [
    "of"
   ]
  }, 
  {
   "begin": "4.680", 
   "end": "5.520", 
   "id": "f000012", 
   "language": "en", 
   "lines": [
    "all!"
   ]
  }, 
  {
   "begin": "5.520", 
   "end": "5.680", 
   "id": "f000013", 
   "language": "en", 
   "lines": [
    "It"
   ]
  }, 
  {
   "begin": "5.680", 
   "end": "6.120", 
   "id": "f000014", 
   "language": "en", 
   "lines": [
    "looks"
   ]
  }, 
  {
   "begin": "6.120", 
   "end": "6.440", 
   "id": "f000015", 
   "language": "en", 
   "lines": [
    "as"
   ]
  }, 
  {
   "begin": "6.440", 
   "end": "6.480", 
   "id": "f000016", 
   "language": "en", 
   "lines": [
    "if"
   ]
  }, 
  {
   "begin": "6.480", 
   "end": "6.720", 
   "id": "f000017", 
   "language": "en", 
   "lines": [
    "a"
   ]
  }, 
  {
   "begin": "6.720", 
   "end": "7.040", 
   "id": "f000018", 
   "language": "en", 
   "lines": [
    "big"
   ]
  }, 
  {
   "begin": "7.040", 
   "end": "7.440", 
   "id": "f000019", 
   "language": "en", 
   "lines": [
    "white"
   ]
  }, 
  {
   "begin": "7.440", 
   "end": "7.840", 
   "id": "f000020", 
   "language": "en", 
   "lines": [
    "cloud"
   ]
  }, 
  {
   "begin": "7.840", 
   "end": "8.080", 
   "id": "f000021", 
   "language": "en", 
   "lines": [
    "has"
   ]
  }, 
  {
   "begin": "8.080", 
   "end": "8.320", 
   "id": "f000022", 
   "language": "en", 
   "lines": [
    "come"
   ]
  }, 
  {
   "begin": "8.320", 
   "end": "8.600", 
   "id": "f000023", 
   "language": "en", 
   "lines": [
    "down"
   ]
  }, 
  {
   "begin": "8.600", 
   "end": "8.800", 
   "id": "f000024", 
   "language": "en", 
   "lines": [
    "from"
   ]
  }, 
  {
   "begin": "8.800", 
   "end": "9.080", 
   "id": "f000025", 
   "language": "en", 
   "lines": [
    "the"
   ]
  }, 
  {
   "begin": "9.080", 
   "end": "9.400", 
   "id": "f000026", 
   "language": "en", 
   "lines": [
    "sky"
   ]
  }, 
  {
   "begin": "9.400", 
   "end": "9.400", 
   "id": "f000027", 
   "language": "en", 
   "lines": [
    "to"
   ]
  }, 
  {
   "begin": "9.400", 
   "end": "9.440", 
   "id": "f000028", 
   "language": "en", 
   "lines": [
    "live"
   ]
  }, 
  {
   "begin": "9.440", 
   "end": "10.120", 
   "id": "f000029", 
   "language": "en", 
   "lines": [
    "under"
   ]
  }, 
  {
   "begin": "10.120", 
   "end": "10.360", 
   "id": "f000030", 
   "language": "en", 
   "lines": [
    "his"
   ]
  }, 
  {
   "begin": "10.360", 
   "end": "11.360", 
   "id": "f000031", 
   "language": "en", 
   "lines": [
    "nose!"
   ]
  }, 
  {
   "begin": "11.360", 
   "end": "11.680", 
   "id": "f000032", 
   "language": "en", 
   "lines": [
    "His"
   ]
  }, 
  {
   "begin": "11.680", 
   "end": "12.360", 
   "id": "f000033", 
   "language": "en", 
   "lines": [
    "mouth"
   ]
  }, 
  {
   "begin": "12.360", 
   "end": "12.720", 
   "id": "f000034", 
   "language": "en", 
   "lines": [
    "is"
   ]
  }, 
  {
   "begin": "12.720", 
   "end": "12.960", 
   "id": "f000035", 
   "language": "en", 
   "lines": [
    "hidden"
   ]
  }, 
  {
   "begin": "12.960", 
   "end": "13.440", 
   "id": "f000036", 
   "language": "en", 
   "lines": [
    "behind"
   ]
  }, 
  {
   "begin": "13.440", 
   "end": "13.480", 
   "id": "f000037", 
   "language": "en", 
   "lines": [
    "the"
   ]
  }, 
  {
   "begin": "13.480", 
   "end": "14.320", 
   "id": "f000038", 
   "language": "en", 
   "lines": [
    "cloud."
   ]
  }, 
  {
   "begin": "14.320", 
   "end": "14.840", 
   "id": "f000039", 
   "language": "en", 
   "lines": [
    "Anu"
   ]
  }, 
  {
   "begin": "14.840", 
   "end": "14.960", 
   "id": "f000040", 
   "language": "en", 
   "lines": [
    "is"
   ]
  }, 
  {
   "begin": "14.960", 
   "end": "15.600", 
   "id": "f000041", 
   "language": "en", 
   "lines": [
    "anxious"
   ]
  }, 
  {
   "begin": "15.600", 
   "end": "15.920", 
   "id": "f000042", 
   "language": "en", 
   "lines": [
    "about"
   ]
  }, 
  {
   "begin": "15.920", 
   "end": "16.320", 
   "id": "f000043", 
   "language": "en", 
   "lines": [
    "Grandpa..."
   ]
  }, 
  {
   "begin": "16.320", 
   "end": "16.560", 
   "id": "f000044", 
   "language": "en", 
   "lines": [
    "how"
   ]
  }, 
  {
   "begin": "16.560", 
   "end": "17.440", 
   "id": "f000045", 
   "language": "en", 
   "lines": [
    "can"
   ]
  }, 
  {
   "begin": "17.440", 
   "end": "18.000", 
   "id": "f000046", 
   "language": "en", 
   "lines": [
    "he"
   ]
  }, 
  {
   "begin": "18.000", 
   "end": "18.360", 
   "id": "f000047", 
   "language": "en", 
   "lines": [
    "eat"
   ]
  }, 
  {
   "begin": "18.360", 
   "end": "18.480", 
   "id": "f000048", 
   "language": "en", 
   "lines": [
    "with"
   ]
  }, 
  {
   "begin": "18.480", 
   "end": "18.760", 
   "id": "f000049", 
   "language": "en", 
   "lines": [
    "that"
   ]
  }, 
  {
   "begin": "18.760", 
   "end": "19.160", 
   "id": "f000050", 
   "language": "en", 
   "lines": [
    "cloud"
   ]
  }, 
  {
   "begin": "19.160", 
   "end": "19.200", 
   "id": "f000051", 
   "language": "en", 
   "lines": [
    "in"
   ]
  }, 
  {
   "begin": "19.200", 
   "end": "19.440", 
   "id": "f000052", 
   "language": "en", 
   "lines": [
    "the"
   ]
  }, 
  {
   "begin": "19.440", 
   "end": "20.480", 
   "id": "f000053", 
   "language": "en", 
   "lines": [
    "way?"
   ]
  }
 ]
}