{
 "fragments": [
  {
   "begin": "0.000", 
   "end": "0.600", 
   "id": "f000001", 
   "language": "en", 
   "lines": [
    "Actually,"
   ]
  }, 
  {
   "begin": "0.600", 
   "end": "1.480", 
   "id": "f000002", 
   "language": "en", 
   "lines": [
    "Anu"
   ]
  }, 
  {
   "begin": "1.480", 
   "end": "2.240", 
   "id": "f000003", 
   "language": "en", 
   "lines": [
    "likes"
   ]
  }, 
  {
   "begin": "2.240", 
   "end": "2.720", 
   "id": "f000004", 
   "language": "en", 
   "lines": [
    "anyone"
   ]
  }, 
  {
   "begin": "2.720", 
   "end": "2.920", 
   "id": "f000005", 
   "language": "en", 
   "lines": [
    "with"
   ]
  }, 
  {
   "begin": "2.920", 
   "end": "3.040", 
   "id": "f000006", 
   "language": "en", 
   "lines": [
    "a"
   ]
  }, 
  {
   "begin": "3.040", 
   "end": "4.680", 
   "id": "f000007", 
   "language": "en", 
   "lines": [
    "moustache."
   ]
  }, 
  {
   "begin": "4.680", 
   "end": "5.040", 
   "id": "f000008", 
   "language": "en", 
   "lines": [
    "Like"
   ]
  }, 
  {
   "begin": "5.040", 
   "end": "5.360", 
   "id": "f000009", 
   "language": "en", 
   "lines": [
    "the"
   ]
  }, 
  {
   "begin": "5.360", 
   "end": "5.600", 
   "id": "f000010", 
   "language": "en", 
   "lines": [
    "dad"
   ]
  }, 
  {
   "begin": "5.600", 
   "end": "5.720", 
   "id": "f000011", 
   "language": "en", 
   "lines": [
    "of"
   ]
  }, 
  {
   "begin": "5.720", 
   "end": "6.120", 
   "id": "f000012", 
   "language": "en", 
   "lines": [
    "her"
   ]
  }, 
  {
   "begin": "6.120", 
   "end": "6.320", 
   "id": "f000013", 
   "language": "en", 
   "lines": [
    "friend"
   ]
  }, 
  {
   "begin": "6.320", 
   "end": "6.600", 
   "id": "f000014", 
   "language": "en", 
   "lines": [
    "Tuti,"
   ]
  }, 
  {
   "begin": "6.600", 
   "end": "7.440", 
   "id": "f000015", 
   "language": "en", 
   "lines": [
    "whose"
   ]
  }, 
  {
   "begin": "7.440", 
   "end": "7.720", 
   "id": "f000016", 
   "language": "en", 
   "lines": [
    "real"
   ]
  }, 
  {
   "begin": "7.720", 
   "end": "8.000", 
   "id": "f000017", 
   "language": "en", 
   "lines": [
    "name"
   ]
  }, 
  {
   "begin": "8.000", 
   "end": "8.240", 
   "id": "f000018", 
   "language": "en", 
   "lines": [
    "is"
   ]
  }, 
  {
   "begin": "8.240", 
   "end": "8.560", 
   "id": "f000019", 
   "language": "en", 
   "lines": [
    "Smruti."
   ]
  }, 
  {
   "begin": "8.560", 
   "end": "9.560", 
   "id": "f000020", 
   "language": "en", 
   "lines": [
    "He"
   ]
  }, 
  {
   "begin": "9.560", 
   "end": "10.520", 
   "id": "f000021", 
   "language": "en", 
   "lines": [
    "has"
   ]
  }, 
  {
   "begin": "10.520", 
   "end": "11.120", 
   "id": "f000022", 
   "language": "en", 
   "lines": [
    "such"
   ]
  }, 
  {
   "begin": "11.120", 
   "end": "11.400", 
   "id": "f000023", 
   "language": "en", 
   "lines": [
    "a"
   ]
  }, 
  {
   "begin": "11.400", 
   "end": "11.720", 
   "id": "f000024", 
   "language": "en", 
   "lines": [
    "fat"
   ]
  }, 
  {
   "begin": "11.720", 
   "end": "13.040", 
   "id": "f000025", 
   "language": "en", 
   "lines": [
    "moustache!"
   ]
  }, 
  {
   "begin": "13.040", 
   "end": "13.400", 
   "id": "f000026", 
   "language": "en", 
   "lines": [
    "He"
   ]
  }, 
  {
   "begin": "13.400", 
   "end": "13.840", 
   "id": "f000027", 
   "language": "en", 
   "lines": [
    "must"
   ]
  }, 
  {
   "begin": "13.840", 
   "end": "14.120", 
   "id": "f000028", 
   "language": "en", 
   "lines": [
    "need"
   ]
  }, 
  {
   "begin": "14.120", 
   "end": "14.640", 
   "id": "f000029", 
   "language": "en", 
   "lines": [
    "a"
   ]
  }, 
  {
   "begin": "14.640", 
   "end": "15.200", 
   "id": "f000030", 
   "language": "en", 
   "lines": [
    "big"
   ]
  }, 
  {
   "begin": "15.200", 
   "end": "15.800", 
   "id": "f000031", 
   "language": "en", 
   "lines": [
    "fat"
   ]
  }, 
  {
   "begin": "15.800", 
   "end": "16.360", 
   "id": "f000032", 
   "language": "en", 
   "lines": [
    "comb"
   ]
  }, 
  {
   "begin": "16.360", 
   "end": "16.560", 
   "id": "f000033", 
   "language": "en", 
   "lines": [
    "to"
   ]
  }, 
  {
   "begin": "16.560", 
   "end": "17.080", 
   "id": "f000034", 
   "language": "en", 
   "lines": [
    "brush"
   ]
  }, 
  {
   "begin": "17.080", 
   "end": "17.160", 
   "id": "f000035", 
   "language": "en", 
   "lines": [
    "it."
   ]
  }, 
  {
   "begin": "17.160", 
   "end": "18.240", 
   "id": "f000036", 
   "language": "en", 
   "lines": [
    "Tuti\u2019s"
   ]
  }, 
  {
   "begin": "18.240", 
   "end": "18.600", 
   "id": "f000037", 
   "language": "en", 
   "lines": [
    "dad"
   ]
  }, 
  {
   "begin": "18.600", 
   "end": "19.200", 
   "id": "f000038", 
   "language": "en", 
   "lines": [
    "plays"
   ]
  }, 
  {
   "begin": "19.200", 
   "end": "19.640", 
   "id": "f000039", 
   "language": "en", 
   "lines": [
    "very"
   ]
  }, 
  {
   "begin": "19.640", 
   "end": "19.800", 
   "id": "f000040", 
   "language": "en", 
   "lines": [
    "good"
   ]
  }, 
  {
   "begin": "19.800", 
   "end": "21.080", 
   "id": "f000041", 
   "language": "en", 
   "lines": [
    "tennis."
   ]
  }, 
  {
   "begin": "21.080", 
   "end": "21.200", 
   "id": "f000042", 
   "language": "en", 
   "lines": [
    "But"
   ]
  }, 
  {
   "begin": "21.200", 
   "end": "21.560", 
   "id": "f000043", 
   "language": "en", 
   "lines": [
    "really,"
   ]
  }, 
  {
   "begin": "21.560", 
   "end": "21.800", 
   "id": "f000044", 
   "language": "en", 
   "lines": [
    "he"
   ]
  }, 
  {
   "begin": "21.800", 
   "end": "22.600", 
   "id": "f000045", 
   "language": "en", 
   "lines": [
    "should"
   ]
  }, 
  {
   "begin": "22.600", 
   "end": "22.760", 
   "id": "f000046", 
   "language": "en", 
   "lines": [
    "be"
   ]
  }, 
  {
   "begin": "22.760", 
   "end": "22.920", 
   "id": "f000047", 
   "language": "en", 
   "lines": [
    "a"
   ]
  }, 
  {
   "begin": "22.920", 
   "end": "24.280", 
   "id": "f000048", 
   "language": "en", 
   "lines": [
    "wrestler."
   ]
  }, 
  {
   "begin": "24.280", 
   "end": "24.400", 
   "id": "f000049", 
   "language": "en", 
   "lines": [
    "If"
   ]
  }, 
  {
   "begin": "24.400", 
   "end": "24.640", 
   "id": "f000050", 
   "language": "en", 
   "lines": [
    "he"
   ]
  }, 
  {
   "begin": "24.640", 
   "end": "25.040", 
   "id": "f000051", 
   "language": "en", 
   "lines": [
    "wears"
   ]
  }, 
  {
   "begin": "25.040", 
   "end": "25.160", 
   "id": "f000052", 
   "language": "en", 
   "lines": [
    "a"
   ]
  }, 
  {
   "begin": "25.160", 
   "end": "25.640", 
   "id": "f000053", 
   "language": "en", 
   "lines": [
    "pleated"
   ]
  }, 
  {
   "begin": "25.640", 
   "end": "26.520", 
   "id": "f000054", 
   "language": "en", 
   "lines": [
    "turban"
   ]
  }, 
  {
   "begin": "26.520", 
   "end": "26.680", 
   "id": "f000055", 
   "language": "en", 
   "lines": [
    "and"
   ]
  }, 
  {
   "begin": "26.680", 
   "end": "27.280", 
   "id": "f000056", 
   "language": "en", 
   "lines": [
    "carries"
   ]
  }, 
  {
   "begin": "27.280", 
   "end": "27.520", 
   "id": "f000057", 
   "language": "en", 
   "lines": [
    "a"
   ]
  }, 
  {
   "begin": "27.520", 
   "end": "28.080", 
   "id": "f000058", 
   "language": "en", 
   "lines": [
    "giant"
   ]
  }, 
  {
   "begin": "28.080", 
   "end": "28.480", 
   "id": "f000059", 
   "language": "en", 
   "lines": [
    "club"
   ]
  }, 
  {
   "begin": "28.480", 
   "end": "28.640", 
   "id": "f000060", 
   "language": "en", 
   "lines": [
    "on"
   ]
  }, 
  {
   "begin": "28.640", 
   "end": "28.800", 
   "id": "f000061", 
   "language": "en", 
   "lines": [
    "his"
   ]
  }, 
  {
   "begin": "28.800", 
   "end": "30.040", 
   "id": "f000062", 
   "language": "en", 
   "lines": [
    "shoulder,"
   ]
  }, 
  {
   "begin": "30.040", 
   "end": "30.440", 
   "id": "f000063", 
   "language": "en", 
   "lines": [
    "he\u2019ll"
   ]
  }, 
  {
   "begin": "30.440", 
   "end": "30.760", 
   "id": "f000064", 
   "language": "en", 
   "lines": [
    "look"
   ]
  }, 
  {
   "begin": "30.760", 
   "end": "31.440", 
   "id": "f000065", 
   "language": "en", 
   "lines": [
    "just"
   ]
  }, 
  {
   "begin": "31.440", 
   "end": "32.600", 
   "id": "f000066", 
   "language": "en", 
   "lines": [
    "great!"
   ]
  }
 ]
}