{
 "fragments": [
  {
   "begin": "0.000", 
   "end": "0.000", 
   "id": "f000001", 
   "language": "en", 
   "lines": [
    "Anu"
   ]
  }, 
  {
   "begin": "0.000", 
   "end": "1.200", 
   "id": "f000002", 
   "language": "en", 
   "lines": [
    "likes"
   ]
  }, 
  {
   "begin": "1.200", 
   "end": "1.480", 
   "id": "f000003", 
   "language": "en", 
   "lines": [
    "many"
   ]
  }, 
  {
   "begin": "1.480", 
   "end": "2.360", 
   "id": "f000004", 
   "language": "en", 
   "lines": [
    "things"
   ]
  }, 
  {
   "begin": "2.360", 
   "end": "2.760", 
   "id": "f000005", 
   "language": "en", 
   "lines": [
    "about"
   ]
  }, 
  {
   "begin": "2.760", 
   "end": "4.000", 
   "id": "f000006", 
   "language": "en", 
   "lines": [
    "Daddy."
   ]
  }, 
  {
   "begin": "4.000", 
   "end": "4.480", 
   "id": "f000007", 
   "language": "en", 
   "lines": [
    "She"
   ]
  }, 
  {
   "begin": "4.480", 
   "end": "4.680", 
   "id": "f000008", 
   "language": "en", 
   "lines": [
    "likes"
   ]
  }, 
  {
   "begin": "4.680", 
   "end": "4.920", 
   "id": "f000009", 
   "language": "en", 
   "lines": [
    "the"
   ]
  }, 
  {
   "begin": "4.920", 
   "end": "5.400", 
   "id": "f000010", 
   "language": "en", 
   "lines": [
    "bright"
   ]
  }, 
  {
   "begin": "5.400", 
   "end": "5.640", 
   "id": "f000011", 
   "language": "en", 
   "lines": [
    "paper"
   ]
  }, 
  {
   "begin": "5.640", 
   "end": "6.520", 
   "id": "f000012", 
   "language": "en", 
   "lines": [
    "lanterns"
   ]
  }, 
  {
   "begin": "6.520", 
   "end": "6.720", 
   "id": "f000013", 
   "language": "en", 
   "lines": [
    "he"
   ]
  }, 
  {
   "begin": "6.720", 
   "end": "7.680", 
   "id": "f000014", 
   "language": "en", 
   "lines": [
    "makes,"
   ]
  }, 
  {
   "begin": "7.680", 
   "end": "7.880", 
   "id": "f000015", 
   "language": "en", 
   "lines": [
    "the"
   ]
  }, 
  {
   "begin": "7.880", 
   "end": "8.440", 
   "id": "f000016", 
   "language": "en", 
   "lines": [
    "crisp"
   ]
  }, 
  {
   "begin": "8.440", 
   "end": "8.920", 
   "id": "f000017", 
   "language": "en", 
   "lines": [
    "onion"
   ]
  }, 
  {
   "begin": "8.920", 
   "end": "9.600", 
   "id": "f000018", 
   "language": "en", 
   "lines": [
    "pakodas"
   ]
  }, 
  {
   "begin": "9.600", 
   "end": "9.640", 
   "id": "f000019", 
   "language": "en", 
   "lines": [
    "he"
   ]
  }, 
  {
   "begin": "9.640", 
   "end": "10.800", 
   "id": "f000020", 
   "language": "en", 
   "lines": [
    "fries"
   ]
  }, 
  {
   "begin": "10.800", 
   "end": "11.120", 
   "id": "f000021", 
   "language": "en", 
   "lines": [
    "and"
   ]
  }, 
  {
   "begin": "11.120", 
   "end": "11.120", 
   "id": "f000022", 
   "language": "en", 
   "lines": [
    "the"
   ]
  }, 
  {
   "begin": "11.120", 
   "end": "11.480", 
   "id": "f000023", 
   "language": "en", 
   "lines": [
    "cute"
   ]
  }, 
  {
   "begin": "11.480", 
   "end": "12.320", 
   "id": "f000024", 
   "language": "en", 
   "lines": [
    "tortoise"
   ]
  }, 
  {
   "begin": "12.320", 
   "end": "12.520", 
   "id": "f000025", 
   "language": "en", 
   "lines": [
    "he"
   ]
  }, 
  {
   "begin": "12.520", 
   "end": "13.040", 
   "id": "f000026", 
   "language": "en", 
   "lines": [
    "makes"
   ]
  }, 
  {
   "begin": "13.040", 
   "end": "13.200", 
   "id": "f000027", 
   "language": "en", 
   "lines": [
    "out"
   ]
  }, 
  {
   "begin": "13.200", 
   "end": "13.200", 
   "id": "f000028", 
   "language": "en", 
   "lines": [
    "of"
   ]
  }, 
  {
   "begin": "13.200", 
   "end": "14.480", 
   "id": "f000029", 
   "language": "en", 
   "lines": [
    "paper."
   ]
  }, 
  {
   "begin": "14.480", 
   "end": "15.480", 
   "id": "f000030", 
   "language": "en", 
   "lines": [
    "Besides,"
   ]
  }, 
  {
   "begin": "15.480", 
   "end": "15.680", 
   "id": "f000031", 
   "language": "en", 
   "lines": [
    "he"
   ]
  }, 
  {
   "begin": "15.680", 
   "end": "16.120", 
   "id": "f000032", 
   "language": "en", 
   "lines": [
    "climbs"
   ]
  }, 
  {
   "begin": "16.120", 
   "end": "16.280", 
   "id": "f000033", 
   "language": "en", 
   "lines": [
    "the"
   ]
  }, 
  {
   "begin": "16.280", 
   "end": "16.760", 
   "id": "f000034", 
   "language": "en", 
   "lines": [
    "stairs"
   ]
  }, 
  {
   "begin": "16.760", 
   "end": "16.920", 
   "id": "f000035", 
   "language": "en", 
   "lines": [
    "with"
   ]
  }, 
  {
   "begin": "16.920", 
   "end": "17.040", 
   "id": "f000036", 
   "language": "en", 
   "lines": [
    "a"
   ]
  }, 
  {
   "begin": "17.040", 
   "end": "17.840", 
   "id": "f000037", 
   "language": "en", 
   "lines": [
    "hop,"
   ]
  }, 
  {
   "begin": "17.840", 
   "end": "18.120", 
   "id": "f000038", 
   "language": "en", 
   "lines": [
    "and"
   ]
  }, 
  {
   "begin": "18.120", 
   "end": "18.640", 
   "id": "f000039", 
   "language": "en", 
   "lines": [
    "wrestles"
   ]
  }, 
  {
   "begin": "18.640", 
   "end": "18.880", 
   "id": "f000040", 
   "language": "en", 
   "lines": [
    "with"
   ]
  }, 
  {
   "begin": "18.880", 
   "end": "19.280", 
   "id": "f000041", 
   "language": "en", 
   "lines": [
    "Uncle"
   ]
  }, 
  {
   "begin": "19.280", 
   "end": "19.520", 
   "id": "f000042", 
   "language": "en", 
   "lines": [
    "for"
   ]
  }, 
  {
   "begin": "19.520", 
   "end": "20.680", 
   "id": "f000043", 
   "language": "en", 
   "lines": [
    "fun."
   ]
  }, 
  {
   "begin": "20.680", 
   "end": "20.960", 
   "id": "f000044", 
   "language": "en", 
   "lines": [
    "When"
   ]
  }, 
  {
   "begin": "20.960", 
   "end": "21.280", 
   "id": "f000045", 
   "language": "en", 
   "lines": [
    "guests"
   ]
  }, 
  {
   "begin": "21.280", 
   "end": "21.520", 
   "id": "f000046", 
   "language": "en", 
   "lines": [
    "come"
   ]
  }, 
  {
   "begin": "21.520", 
   "end": "22.160", 
   "id": "f000047", 
   "language": "en", 
   "lines": [
    "over,"
   ]
  }, 
  {
   "begin": "22.160", 
   "end": "22.720", 
   "id": "f000048", 
   "language": "en", 
   "lines": [
    "he"
   ]
  }, 
  {
   "begin": "22.720", 
   "end": "23.280", 
   "id": "f000049", 
   "language": "en", 
   "lines": [
    "always"
   ]
  }, 
  {
   "begin": "23.280", 
   "end": "23.640", 
   "id": "f000050", 
   "language": "en", 
   "lines": [
    "makes"
   ]
  }, 
  {
   "begin": "23.640", 
   "end": "23.840", 
   "id": "f000051", 
   "language": "en", 
   "lines": [
    "them"
   ]
  }, 
  {
   "begin": "23.840", 
   "end": "24.120", 
   "id": "f000052", 
   "language": "en", 
   "lines": [
    "laugh."
   ]
  }, 
  {
   "begin": "24.120", 
   "end": "24.840", 
   "id": "f000053", 
   "language": "en", 
   "lines": [
    "Anu"
   ]
  }, 
  {
   "begin": "24.840", 
   "end": "25.720", 
   "id": "f000054", 
   "language": "en", 
   "lines": [
    "likes"
   ]
  }, 
  {
   "begin": "25.720", 
   "end": "26.080", 
   "id": "f000055", 
   "language": "en", 
   "lines": [
    "all"
   ]
  }, 
  {
   "begin": "26.080", 
   "end": "26.400", 
   "id": "f000056", 
   "language": "en", 
   "lines": [
    "these"
   ]
  }, 
  {
   "begin": "26.400", 
   "end": "26.680", 
   "id": "f000057", 
   "language": "en", 
   "lines": [
    "things"
   ]
  }, 
  {
   "begin": "26.680", 
   "end": "27.120", 
   "id": "f000058", 
   "language": "en", 
   "lines": [
    "about"
   ]
  }, 
  {
   "begin": "27.120", 
   "end": "27.520", 
   "id": "f000059", 
   "language": "en", 
   "lines": [
    "Daddy."
   ]
  }, 
  {
   "begin": "27.520", 
   "end": "28.360", 
   "id": "f000060", 
   "language": "en", 
   "lines": [
    "But"
   ]
  }, 
  {
   "begin": "28.360", 
   "end": "28.480", 
   "id": "f000061", 
   "language": "en", 
   "lines": [
    "do"
   ]
  }, 
  {
   "begin": "28.480", 
   "end": "28.840", 
   "id": "f000062", 
   "language": "en", 
   "lines": [
    "you"
   ]
  }, 
  {
   "begin": "28.840", 
   "end": "29.440", 
   "id": "f000063", 
   "language": "en", 
   "lines": [
    "know"
   ]
  }, 
  {
   "begin": "29.440", 
   "end": "30.000", 
   "id": "f000064", 
   "language": "en", 
   "lines": [
    "what"
   ]
  }, 
  {
   "begin": "30.000", 
   "end": "30.240", 
   "id": "f000065", 
   "language": "en", 
   "lines": [
    "Anu"
   ]
  }, 
  {
   "begin": "30.240", 
   "end": "30.440", 
   "id": "f000066", 
   "language": "en", 
   "lines": [
    "likes"
   ]
  }, 
  {
   "begin": "30.440", 
   "end": "30.840", 
   "id": "f000067", 
   "language": "en", 
   "lines": [
    "most"
   ]
  }, 
  {
   "begin": "30.840", 
   "end": "31.000", 
   "id": "f000068", 
   "language": "en", 
   "lines": [
    "of"
   ]
  }, 
  {
   "begin": "31.000", 
   "end": "31.760", 
   "id": "f000069", 
   "language": "en", 
   "lines": [
    "all?"
   ]
  }, 
  {
   "begin": "31.760", 
   "end": "32.440", 
   "id": "f000070", 
   "language": "en", 
   "lines": [
    "Daddy's"
   ]
  }, 
  {
   "begin": "32.440", 
   "end": "33.840", 
   "id": "f000071", 
   "language": "en", 
   "lines": [
    "moustache!"
   ]
  }
 ]
}