{
 "fragments": [
  {
   "begin": "0.000", 
   "end": "0.680", 
   "id": "f000001", 
   "language": "en", 
   "lines": [
    "When"
   ]
  }, 
  {
   "begin": "0.680", 
   "end": "1.040", 
   "id": "f000002", 
   "language": "en", 
   "lines": [
    "Daddy"
   ]
  }, 
  {
   "begin": "1.040", 
   "end": "1.400", 
   "id": "f000003", 
   "language": "en", 
   "lines": [
    "comes"
   ]
  }, 
  {
   "begin": "1.400", 
   "end": "1.760", 
   "id": "f000004", 
   "language": "en", 
   "lines": [
    "out"
   ]
  }, 
  {
   "begin": "1.760", 
   "end": "1.760", 
   "id": "f000005", 
   "language": "en", 
   "lines": [
    "of"
   ]
  }, 
  {
   "begin": "1.760", 
   "end": "1.880", 
   "id": "f000006", 
   "language": "en", 
   "lines": [
    "the"
   ]
  }, 
  {
   "begin": "1.880", 
   "end": "3.160", 
   "id": "f000007", 
   "language": "en", 
   "lines": [
    "shower,"
   ]
  }, 
  {
   "begin": "3.160", 
   "end": "3.480", 
   "id": "f000008", 
   "language": "en", 
   "lines": [
    "Anu"
   ]
  }, 
  {
   "begin": "3.480", 
   "end": "3.960", 
   "id": "f000009", 
   "language": "en", 
   "lines": [
    "takes"
   ]
  }, 
  {
   "begin": "3.960", 
   "end": "4.080", 
   "id": "f000010", 
   "language": "en", 
   "lines": [
    "a"
   ]
  }, 
  {
   "begin": "4.080", 
   "end": "4.200", 
   "id": "f000011", 
   "language": "en", 
   "lines": [
    "little"
   ]
  }, 
  {
   "begin": "4.200", 
   "end": "5.080", 
   "id": "f000012", 
   "language": "en", 
   "lines": [
    "comb"
   ]
  }, 
  {
   "begin": "5.080", 
   "end": "5.280", 
   "id": "f000013", 
   "language": "en", 
   "lines": [
    "and"
   ]
  }, 
  {
   "begin": "5.280", 
   "end": "5.840", 
   "id": "f000014", 
   "language": "en", 
   "lines": [
    "brushes"
   ]
  }, 
  {
   "begin": "5.840", 
   "end": "5.920", 
   "id": "f000015", 
   "language": "en", 
   "lines": [
    "his"
   ]
  }, 
  {
   "begin": "5.920", 
   "end": "6.600", 
   "id": "f000016", 
   "language": "en", 
   "lines": [
    "moustache"
   ]
  }, 
  {
   "begin": "6.600", 
   "end": "8.280", 
   "id": "f000017", 
   "language": "en", 
   "lines": [
    "neatly."
   ]
  }, 
  {
   "begin": "8.280", 
   "end": "8.520", 
   "id": "f000018", 
   "language": "en", 
   "lines": [
    "She"
   ]
  }, 
  {
   "begin": "8.520", 
   "end": "8.800", 
   "id": "f000019", 
   "language": "en", 
   "lines": [
    "then"
   ]
  }, 
  {
   "begin": "8.800", 
   "end": "9.240", 
   "id": "f000020", 
   "language": "en", 
   "lines": [
    "holds"
   ]
  }, 
  {
   "begin": "9.240", 
   "end": "9.600", 
   "id": "f000021", 
   "language": "en", 
   "lines": [
    "both"
   ]
  }, 
  {
   "begin": "9.600", 
   "end": "9.960", 
   "id": "f000022", 
   "language": "en", 
   "lines": [
    "ends"
   ]
  }, 
  {
   "begin": "9.960", 
   "end": "10.080", 
   "id": "f000023", 
   "language": "en", 
   "lines": [
    "between"
   ]
  }, 
  {
   "begin": "10.080", 
   "end": "10.480", 
   "id": "f000024", 
   "language": "en", 
   "lines": [
    "her"
   ]
  }, 
  {
   "begin": "10.480", 
   "end": "11.280", 
   "id": "f000025", 
   "language": "en", 
   "lines": [
    "fingertips"
   ]
  }, 
  {
   "begin": "11.280", 
   "end": "11.640", 
   "id": "f000026", 
   "language": "en", 
   "lines": [
    "and"
   ]
  }, 
  {
   "begin": "11.640", 
   "end": "12.080", 
   "id": "f000027", 
   "language": "en", 
   "lines": [
    "gives"
   ]
  }, 
  {
   "begin": "12.080", 
   "end": "12.440", 
   "id": "f000028", 
   "language": "en", 
   "lines": [
    "them"
   ]
  }, 
  {
   "begin": "12.440", 
   "end": "12.520", 
   "id": "f000029", 
   "language": "en", 
   "lines": [
    "a"
   ]
  }, 
  {
   "begin": "12.520", 
   "end": "13.800", 
   "id": "f000030", 
   "language": "en", 
   "lines": [
    "twirl!"
   ]
  }, 
  {
   "begin": "13.800", 
   "end": "14.120", 
   "id": "f000031", 
   "language": "en", 
   "lines": [
    "Then"
   ]
  }, 
  {
   "begin": "14.120", 
   "end": "14.640", 
   "id": "f000032", 
   "language": "en", 
   "lines": [
    "Daddy\u2019s"
   ]
  }, 
  {
   "begin": "14.640", 
   "end": "15.560", 
   "id": "f000033", 
   "language": "en", 
   "lines": [
    "moustache"
   ]
  }, 
  {
   "begin": "15.560", 
   "end": "16.120", 
   "id": "f000034", 
   "language": "en", 
   "lines": [
    "looks"
   ]
  }, 
  {
   "begin": "16.120", 
   "end": "17.200", 
   "id": "f000035", 
   "language": "en", 
   "lines": [
    "stiff"
   ]
  }, 
  {
   "begin": "17.200", 
   "end": "17.600", 
   "id": "f000036", 
   "language": "en", 
   "lines": [
    "and"
   ]
  }, 
  {
   "begin": "17.600", 
   "end": "18.520", 
   "id": "f000037", 
   "language": "en", 
   "lines": [
    "proud."
   ]
  }, 
  {
   "begin": "18.520", 
   "end": "19.720", 
   "id": "f000038", 
   "language": "en", 
   "lines": [
    "\u201cDone,"
   ]
  }, 
  {
   "begin": "19.720", 
   "end": "20.440", 
   "id": "f000039", 
   "language": "en", 
   "lines": [
    "Daddy!"
   ]
  }, 
  {
   "begin": "20.440", 
   "end": "20.800", 
   "id": "f000040", 
   "language": "en", 
   "lines": [
    "Now"
   ]
  }, 
  {
   "begin": "20.800", 
   "end": "21.120", 
   "id": "f000041", 
   "language": "en", 
   "lines": [
    "don\u2019t"
   ]
  }, 
  {
   "begin": "21.120", 
   "end": "21.360", 
   "id": "f000042", 
   "language": "en", 
   "lines": [
    "you"
   ]
  }, 
  {
   "begin": "21.360", 
   "end": "21.800", 
   "id": "f000043", 
   "language": "en", 
   "lines": [
    "mess"
   ]
  }, 
  {
   "begin": "21.800", 
   "end": "22.440", 
   "id": "f000044", 
   "language": "en", 
   "lines": [
    "it"
   ]
  }, 
  {
   "begin": "22.440", 
   "end": "22.560", 
   "id": "f000045", 
   "language": "en", 
   "lines": [
    "up,"
   ]
  }, 
  {
   "begin": "22.560", 
   "end": "23.640", 
   "id": "f000046", 
   "language": "en", 
   "lines": [
    "okay?\u201d"
   ]
  }, 
  {
   "begin": "23.640", 
   "end": "23.960", 
   "id": "f000047", 
   "language": "en", 
   "lines": [
    "she"
   ]
  }, 
  {
   "begin": "23.960", 
   "end": "24.400", 
   "id": "f000048", 
   "language": "en", 
   "lines": [
    "says"
   ]
  }, 
  {
   "begin": "24.400", 
   "end": "25.880", 
   "id": "f000049", 
   "language": "en", 
   "lines": [
    "sternly."
   ]
  }
 ]
}