{"id":83,"name":"Daddy&#39;s Mo","writtenby":"Madhuri Purandare","illustrationsby":"Madhuri Purandare","translationby":"Sai Keskar","source":"Pratham Books","status":"active","level":2,"pages":[{"id":867,"content":"Anu likes many things about Daddy. She likes the bright paper lanterns he makes, the crisp onion pakodas he fries and the cute tortoise he makes out of paper. Besides, he climbs the stairs with a hop, and wrestles with Uncle for fun. When guests come over, he always makes them laugh. Anu likes all these things about Daddy. But do you know what Anu likes most of all? Daddy's moustache!","pageno":1,"image":"8955f1c59b953bc9acebdb5eb767d7fd.jpg","audio":"76cae06ec6551ee05b1328e03786b870.mp3","audio_map":"76cae06ec6551ee05b1328e03786b870.json","language":[{"language_id":12,"content":"\u0c2a\u0c3f\u0c32\u0c4d\u0c32\u0c32\u0c42 \u0c08  \u0c30\u0c4b\u0c1c\u0c41  \u0c2e\u0c40\u0c15\u0c41  \u0c12\u0c15  \u0c24\u0c2e\u0c3e\u0c37\u0c3e  \u0c15\u0c25  \u0c1a\u0c46\u0c2a\u0c4d\u0c24\u0c3e\u0c28\u0c41 . \u0c1a\u0c15\u0c4d\u0c15\u0c17\u0c3e  \u0c35\u0c3f\u0c28\u0c3f  \u0c1a\u0c46\u0c32\u0c4d\u0c32\u0c3e\u0c2f\u0c3f\u0c32\u0c15\u0c41  \u0c24\u0c2e\u0c4d\u0c2e\u0c41\u0c33\u0c4d\u0c33\u0c15\u0c41  \u0c1a\u0c46\u0c2a\u0c4d\u0c2a\u0c3e\u0c32\u0c3f .\u0c38\u0c30\u0c47\u0c28\u0c3e ! \u0c2e\u0c3e\u0c35\u0c3f\u0c27\u0c3f\u0c32\u0c4b  \u0c05\u0c28\u0c42 \u0c05\u0c28\u0c47  \u0c05\u0c32\u0c4d\u0c32\u0c30\u0c3f \r\n\u0c05\u0c2e\u0c4d\u0c2e\u0c3e\u0c2f\u0c3f  \u0c35\u0c41\u0c02\u0c21\u0c47\u0c26\u0c3f .\u0c06  \u0c05\u0c2e\u0c4d\u0c2e\u0c3e\u0c2f\u0c3f\u0c15\u0c3f  \u0c35\u0c3e\u0c33\u0c4d\u0c33  \u0c28\u0c3e\u0c28\u0c4d\u0c28  \u0c05\u0c02\u0c1f\u0c47  \u0c1a\u0c3e\u0c32\u0c3e \u0c07\u0c37\u0c4d\u0c1f\u0c02 !\u0c0e\u0c2a\u0c4d\u0c2a\u0c41\u0c21\u0c42 \u0c28\u0c3e\u0c28\u0c4d\u0c28  \u0c35\u0c46\u0c28\u0c15\u0c3e\u0c32\u0c47  \u0c24\u0c3f\u0c30\u0c3f\u0c17\u0c47\u0c26\u0c3f .\u0c28\u0c3e\u0c28\u0c4d\u0c28  \u0c2a\u0c47\u0c2a\u0c30\u0c4d\u0c32\u0c24\u0c4b  \u0c32\u0c3e\u0c02\u0c24\u0c30\u0c4d\u0c32\u0c41  \u0c24\u0c2f\u0c3e\u0c30\u0c41 \u0c1a\u0c47\u0c38\u0c3f  \u0c06\u0c21\u0c41\u0c15\u0c4b\u0c35\u0c21\u0c3e\u0c28\u0c3f\u0c15\u0c3f  \u0c2f\u0c3f\u0c1a\u0c4d\u0c1a\u0c47\u0c35\u0c3e\u0c30\u0c41. \u0c05\u0c28\u0c42  \u0c35\u0c3e\u0c1f\u0c3f\u0c24\u0c4b  \u0c38\u0c30\u0c26\u0c3e\u0c17\u0c3e  \u0c06\u0c21\u0c41\u0c15\u0c41\u0c28\u0c47\u0c26\u0c3f.\u0c05\u0c02\u0c24\u0c47\u0c15\u0c3e\u0c26\u0c41 ,\u0c05\u0c28\u0c42\u0c15\u0c3f \u0c09\u0c32\u0c4d\u0c32\u0c3f\u0c2a\u0c3e\u0c2f  \u0c2a\u0c15\u0c4b\u0c21\u0c40\u0c32\u0c41  \u0c35\u0c47\u0c21\u0c3f  \u0c35\u0c47\u0c21\u0c3f\u0c17\u0c3e  \u0c24\u0c3f\u0c28\u0c21\u0c3e\u0c28\u0c3f\u0c15\u0c3f  \u0c1a\u0c47\u0c38\u0c3f  \u0c2a\u0c46\u0c1f\u0c4d\u0c1f\u0c47\u0c35\u0c3e\u0c30\u0c41 . \u0c2a\u0c47\u0c2a\u0c30\u0c41\u0c24\u0c4b  \u0c1a\u0c3f\u0c1f\u0c4d\u0c1f\u0c3f  \u0c1a\u0c3f\u0c1f\u0c4d\u0c1f\u0c3f \u0c24\u0c3e\u0c2c\u0c47\u0c32\u0c41  \u0c2c\u0c4a\u0c2e\u0c4d\u0c2e\u0c32\u0c41  \u0c24\u0c2f\u0c3e\u0c30\u0c41  \u0c1a\u0c47\u0c38\u0c3f  \u0c06\u0c21\u0c41\u0c15\u0c4b\u0c35\u0c21\u0c3e\u0c28\u0c3f\u0c15\u0c3f  \u0c2f\u0c3f\u0c1a\u0c4d\u0c1a\u0c46\u0c35\u0c3e\u0c30\u0c41.\u0c05\u0c28\u0c42  \u0c35\u0c3e\u0c33\u0c4d\u0c33  \u0c2e\u0c3e\u0c2e\u0c2f\u0c4d\u0c2f\u0c24\u0c4b \r\n\u0c38\u0c30\u0c26\u0c3e\u0c17\u0c3e  \u0c15\u0c2c\u0c41\u0c30\u0c4d\u0c32\u0c41  \u0c1a\u0c46\u0c2a\u0c4d\u0c24\u0c42  \u0c05\u0c02\u0c26\u0c30\u0c3f\u0c28\u0c40 \u0c28\u0c35\u0c4d\u0c35\u0c3f\u0c02\u0c1a\u0c47\u0c35\u0c3e\u0c30\u0c41 .\u0c05\u0c28\u0c4d\u0c28\u0c3f  \u0c2e\u0c46\u0c1f\u0c4d\u0c32\u0c41  \u0c17\u0c02\u0c24\u0c41\u0c32\u0c47\u0c38\u0c41\u0c15\u0c41\u0c02\u0c1f\u0c42  \u0c0e\u0c15\u0c4d\u0c15\u0c3f \u0c05\u0c32\u0c4d\u0c32\u0c30\u0c3f\u0c17\u0c3e  \u0c24\u0c2e\u0c3e\u0c37\u0c3e  \u0c1a\u0c47\u0c38\u0c47\u0c35\u0c3e\u0c30\u0c41 ."}]},{"id":868,"content":"Every morning as Daddy shaves, Anu sits by and watches him carefully. Daddy holds his tiny pair of scissors between his two fingers, and with a snip-snip-snip he trims his moustache. Anu says, \u201cNow a little to the left\u2026now a bit to the right\u2026no no, Daddy! Don\u2019t make your moustache small! I won\u2019t talk to you if you do!\u201d","pageno":2,"image":"d9869fef5c3bd59a692f740518f03bff.jpg","audio":"db680b085ca663db4a05c81245addd06.mp3","audio_map":"db680b085ca663db4a05c81245addd06.json","language":[{"language_id":12,"content":"\u0c28\u0c3e\u0c28\u0c4d\u0c28   \u0c05\u0c26\u0c4d\u0c26\u0c02 \u0c2e\u0c41\u0c02\u0c26\u0c41  \u0c28\u0c3f\u0c32\u0c2c\u0c21\u0c3f  \u0c17\u0c21\u0c4d\u0c21\u0c02 \u0c17\u0c40\u0c1a\u0c41 \u0c15\u0c41\u0c02\u0c1f\u0c41\u0c02\u0c1f\u0c47  \u0c05\u0c28\u0c42  \u0c2a\u0c15\u0c4d\u0c15\u0c28  \u0c28\u0c3f\u0c02\u0c1a\u0c41\u0c28\u0c3f  \u0c1a\u0c42\u0c38\u0c4d\u0c24\u0c42  \u0c35\u0c41\u0c02\u0c21\u0c47\u0c26\u0c3f .\u0c15\u0c24\u0c4d\u0c24\u0c46\u0c30\u0c24\u0c4b  \u0c2e\u0c40\u0c38\u0c3e\u0c32\u0c41  \u0c15\u0c24\u0c4d\u0c24\u0c3f\u0c30\u0c3f\u0c02\u0c1a\u0c41\u0c15\u0c4b\u0c35\u0c21\u0c02  \u0c1a\u0c42\u0c38\u0c47\u0c26\u0c3f .\u0c1f\u0c15\u0c4d \u0c1f\u0c15\u0c4d  \u0c05\u0c28\u0c3f  \u0c15\u0c24\u0c4d\u0c24\u0c46\u0c30\u0c24\u0c4b  \u0c2e\u0c40\u0c38\u0c3e\u0c32\u0c41  \u0c15\u0c24\u0c4d\u0c24\u0c3f\u0c30\u0c3f\u0c38\u0c4d\u0c24\u0c41\u0c28\u0c4d\u0c28  \u0c28\u0c3e\u0c28\u0c4d\u0c28\u0c24\u0c4b \" \u0c28\u0c3e\u0c28\u0c4d\u0c28\u0c3e \u0c2e\u0c40\u0c38\u0c3e\u0c32\u0c41  \u0c1a\u0c3f\u0c28\u0c4d\u0c28\u0c17\u0c3e  \u0c15\u0c24\u0c4d\u0c24\u0c3f\u0c30\u0c3f\u0c02\u0c1a\u0c41\u0c15\u0c4b\u0c15\u0c41 \u0c2c\u0c3e\u0c17\u0c41\u0c02\u0c21\u0c26\u0c41 ,  \u0c05\u0c32\u0c3e\u0c1a\u0c47\u0c38\u0c4d\u0c24\u0c47  \u0c28\u0c40\u0c24\u0c4b \r\n\u0c2e\u0c3e\u0c1f\u0c4d\u0c32\u0c3e\u0c21\u0c28\u0c41 \"\u0c05\u0c28\u0c3f  \u0c05\u0c30\u0c3f\u0c1a\u0c47\u0c26\u0c3f ."}]},{"id":869,"content":"When Daddy comes out of the shower, Anu takes a little comb and brushes his moustache neatly. She then holds both ends between her fingertips and gives them a twirl! Then Daddy\u2019s moustache looks stiff and proud. \u201cDone, Daddy! Now don\u2019t you mess it up, okay?\u201d she says sternly.","pageno":3,"image":"ec85006f19e14d1fd5bcb0a3b6d466d9.jpg","audio":"80b9e76a19a2e37d05433c50c6d55acf.mp3","audio_map":"80b9e76a19a2e37d05433c50c6d55acf.json","language":[{"language_id":12,"content":"\u0c05\u0c28\u0c42  \u0c35\u0c3e\u0c33\u0c4d\u0c33  \u0c28\u0c3e\u0c28\u0c4d\u0c28 \u0c17\u0c21\u0c4d\u0c21\u0c02  \u0c17\u0c40\u0c1a\u0c41\u0c15\u0c41\u0c28\u0c4d\u0c28  \u0c24\u0c30\u0c4d\u0c35\u0c3e\u0c24  \u0c38\u0c4d\u0c28\u0c3e\u0c28\u0c02  \u0c1a\u0c47\u0c38\u0c3f  \u0c30\u0c3e\u0c17\u0c3e\u0c28\u0c47  \u0c2e\u0c28  \u0c1a\u0c3f\u0c28\u0c4d\u0c28\u0c3e\u0c30\u0c3f  \u0c05\u0c28\u0c42  \u0c26\u0c41\u0c35\u0c4d\u0c35\u0c46\u0c28  \u0c24\u0c40\u0c38\u0c41\u0c15\u0c41\u0c28\u0c3f  \u0c28\u0c3e\u0c28\u0c4d\u0c28  \u0c2e\u0c3f\u0c38\u0c3e\u0c32\u0c28\u0c41  \u0c1a\u0c15\u0c4d\u0c15\u0c17\u0c3e \r\n\u0c26\u0c41\u0c35\u0c4d\u0c35\u0c47\u0c26\u0c3f .\u0c2a\u0c15 \u0c2a\u0c15\u0c3e \u0c28\u0c35\u0c4d\u0c35\u0c47\u0c38\u0c47\u0c26\u0c3f .\u0c05\u0c02\u0c24\u0c47\u0c15\u0c3e\u0c26\u0c41  \u0c2e\u0c3f\u0c38\u0c3e\u0c32\u0c28\u0c41  \u0c30\u0c46\u0c02\u0c21\u0c41  \u0c1a\u0c47\u0c24\u0c41\u0c32\u0c24\u0c4b  \u0c17\u0c1f\u0c4d\u0c1f\u0c3f\u0c17\u0c3e \u0c32\u0c3e\u0c17\u0c3f  \u0c28\u0c3f\u0c32\u0c2c\u0c46\u0c1f\u0c4d\u0c1f\u0c47\u0c26\u0c3f .\"\u0c28\u0c3e\u0c28\u0c4d\u0c28\u0c3e \u0c2f\u0c3f\u0c35\u0c3f  \u0c2f\u0c3f\u0c32\u0c3e\u0c17\u0c47 \u0c35\u0c41\u0c02\u0c1a\u0c41\u0c15\u0c4b\u0c35\u0c3e\u0c32\u0c3f  \u0c2a\u0c3e\u0c21\u0c41\r\n\u0c1a\u0c47\u0c38\u0c41\u0c15\u0c4b\u0c15\u0c41  \u0c38\u0c30\u0c47\u0c28\u0c3e !\"\u0c05\u0c28\u0c3f  \u0c28\u0c3e\u0c28\u0c4d\u0c28\u0c24\u0c4b  \u0c1a\u0c46\u0c2a\u0c4d\u0c2a\u0c47\u0c26\u0c3f ."}]},{"id":870,"content":"Anu always thinks, if Daddy wears a smart tunic and a turban and rides a tall horse, with a sword across his belt, how grand he'll look! Just like a soldier wearing glasses!","pageno":4,"image":"2a9f3f2effaa9f57d6197ba981a2d373.jpg","audio":"a13c139baf89d592379bfdb741d163f6.mp3","audio_map":"a13c139baf89d592379bfdb741d163f6.json","language":[{"language_id":12,"content":"\u0c05\u0c28\u0c42  \u0c15\u0c3f \u0c35\u0c3e\u0c33\u0c4d\u0c33  \u0c28\u0c3e\u0c28\u0c4d\u0c28 \u0c05\u0c02\u0c1f\u0c47  \u0c2c\u0c4b\u0c32\u0c46\u0c21\u0c41  \u0c2f\u0c3f\u0c37\u0c4d\u0c1f\u0c02  \u0c15\u0c26!\u0c28\u0c3e\u0c28\u0c4d\u0c28  \u0c24\u0c32\u0c15\u0c41  \u0c24\u0c32\u0c2a\u0c3e\u0c17\u0c3e  \u0c2a\u0c46\u0c1f\u0c4d\u0c1f\u0c41\u0c15\u0c41\u0c28\u0c3f  \u0c30\u0c3e\u0c1c\u0c41\u0c17\u0c3e\u0c30\u0c3f\u0c32\u0c3e  \u0c24\u0c2f\u0c3e\u0c30\u0c2f\u0c4d\u0c2f\u0c3f  \u0c15\u0c33\u0c4d\u0c33\u0c1c\u0c4b\u0c21\u0c41  \u0c2a\u0c46\u0c1f\u0c4d\u0c1f\u0c41\u0c15\u0c41\u0c28\u0c3f \r\n\u0c17\u0c41\u0c31\u0c4d\u0c31\u0c02 \u0c2a\u0c48\u0c28  \u0c2f\u0c46\u0c15\u0c4d\u0c15\u0c3f \u0c35\u0c38\u0c4d\u0c24\u0c47  \u0c2f\u0c46\u0c02\u0c24  \u0c2c\u0c3e\u0c17\u0c41\u0c02\u0c1f\u0c41\u0c02\u0c26\u0c4b  \u0c05\u0c28\u0c3f  \u0c06\u0c32\u0c4b\u0c1a\u0c3f\u0c38\u0c4d\u0c24\u0c42  \u0c35\u0c41\u0c02\u0c21\u0c47\u0c26\u0c3f .\u0c28\u0c3e\u0c28\u0c4d\u0c28  \u0c05\u0c32\u0c3e \u0c2f\u0c3f\u0c02\u0c1f\u0c3f\u0c15\u0c3f  \u0c35\u0c38\u0c4d\u0c24\u0c47  \u0c24\u0c2e\u0c3e\u0c37\u0c3e\u0c17\u0c3e  \u0c35\u0c41\u0c02\u0c1f\u0c41\u0c02\u0c26\u0c3f \u0c15\u0c26 !"}]},{"id":871,"content":"Actually, Anu likes anyone with a moustache. Like the dad of her friend Tuti, whose real name is Smruti. He has such a fat moustache! He must need a big fat comb to brush it. Tuti\u2019s dad plays very good tennis. But really, he should be a wrestler. If he wears a pleated turban and carries a giant club on his shoulder, he\u2019ll look just great!","pageno":5,"image":"795d329cce29a1e8ffc3c2005056f3e6.jpg","audio":"61585ec86dfbb40c447363cedf51ad5f.mp3","audio_map":"61585ec86dfbb40c447363cedf51ad5f.json","language":[{"language_id":12,"content":"\u0c05\u0c28\u0c42\u0c15\u0c3f  \u0c28\u0c3e\u0c28\u0c4d\u0c28  \u0c2e\u0c3f\u0c38\u0c3e\u0c32\u0c02\u0c1f\u0c47 \u0c2f\u0c3f\u0c37\u0c4d\u0c1f\u0c02 .\u0c05\u0c28\u0c42  \u0c2b\u0c4d\u0c30\u0c46\u0c02\u0c21\u0c4d  \u0c24\u0c42\u0c24\u0c3f  \u0c35\u0c3e\u0c33\u0c4d\u0c33  \u0c28\u0c3e\u0c28\u0c4d\u0c28\u0c15\u0c3f  \u0c2a\u0c46\u0c26\u0c4d\u0c26  \u0c2a\u0c46\u0c26\u0c4d\u0c26  \u0c2e\u0c40\u0c38\u0c3e\u0c32\u0c41  \u0c35\u0c41\u0c28\u0c4d\u0c28\u0c3e\u0c2f\u0c3f  .\u0c2a\u0c3e\u0c2a\u0c02  \u0c38\u0c4d\u0c2e\u0c43\u0c24\u0c3f \u0c05\u0c02\u0c1f\u0c47  \u0c24\u0c42\u0c24\u0c3f  \u0c2f\u0c46\u0c02\u0c24 \r\n\u0c2a\u0c46\u0c26\u0c4d\u0c26  \u0c26\u0c41\u0c35\u0c4d\u0c35\u0c46\u0c28  \u0c24\u0c40\u0c38\u0c41\u0c15\u0c41\u0c28\u0c3f  \u0c35\u0c3e\u0c33\u0c4d\u0c33  \u0c28\u0c3e\u0c28\u0c4d\u0c28  \u0c2e\u0c40\u0c38\u0c3e\u0c32\u0c41  \u0c26\u0c41\u0c35\u0c4d\u0c35\u0c4d\u0c35\u0c41\u0c24\u0c41\u0c02\u0c26\u0c4b   \u0c05\u0c28\u0c3f  \u0c05\u0c28\u0c42  \u0c06\u0c32\u0c4b\u0c1a\u0c3f\u0c38\u0c4d\u0c24\u0c42  \u0c35\u0c41\u0c02\u0c21\u0c47\u0c26\u0c3f .\u0c2a\u0c3f\u0c32\u0c4d\u0c32\u0c32\u0c42  \u0c1a\u0c46\u0c2a\u0c4d\u0c2a\u0c1f\u0c02  \u0c2e\u0c30\u0c4d\u0c1a\u0c3f\u0c2a\u0c4b\u0c2f \u0c28\u0c41 ,\r\n\u0c24\u0c42\u0c24\u0c3f  \u0c05\u0c38\u0c32\u0c41  \u0c2a\u0c47\u0c30\u0c41  \u0c38\u0c4d\u0c2e\u0c43\u0c24\u0c3f . \u0c38\u0c4d\u0c2e\u0c43\u0c24\u0c3f  \u0c35\u0c3e\u0c33\u0c4d\u0c33  \u0c28\u0c3e\u0c28\u0c4d\u0c28  \u0c1f\u0c46\u0c28\u0c4d\u0c28\u0c3f\u0c38\u0c4d  \u0c2c\u0c3e\u0c17\u0c3e  \u0c06\u0c21\u0c41\u0c24\u0c3e\u0c21\u0c41 .\u0c15\u0c3e\u0c28\u0c40  \u0c2e\u0c28  \u0c05\u0c28\u0c42\u0c15\u0c3f  \u0c38\u0c4d\u0c2e\u0c43\u0c24\u0c3f  \u0c35\u0c3e\u0c33\u0c4d\u0c33  \u0c28\u0c3e\u0c28\u0c4d\u0c28\u0c15\u0c41  \u0c2a\u0c46\u0c26\u0c4d\u0c26  \u0c2a\u0c46\u0c26\u0c4d\u0c26  \u0c2e\u0c40\u0c38\u0c3e\u0c32\u0c41  \u0c35\u0c41\u0c28\u0c4d\u0c28\u0c3e\u0c2f\u0c3f  \u0c15\u0c3e\u0c2c\u0c1f\u0c4d\u0c1f\u0c3f   \u0c35\u0c38\u0c4d\u0c24\u0c3e\u0c26\u0c41 \u0c05\u0c02\u0c1f\u0c47  \u0c15\u0c41\u0c38\u0c4d\u0c24\u0c40\u0c32\u0c41  \u0c1a\u0c47\u0c38\u0c4d\u0c24\u0c47  \u0c2c\u0c3e\u0c17\u0c41\u0c02\u0c1f\u0c41\u0c02\u0c26\u0c3f  \u0c15\u0c26  \u0c05\u0c28\u0c41\u0c15\u0c41\u0c28\u0c47\u0c26\u0c3f !"}]},{"id":872,"content":"Sahil\u2019s dad has a pencil-thin moustache. Anu wonders how he manages to trim it so fine. If he wears a tall black hat, a long black overcoat and dark glasses, he\u2019ll look just like the detective on TV, who catches all the thieves!","pageno":6,"image":"b4aeaf255095d93bab2ff1595425c1c0.jpg","audio":"bd4a0c1273f381934dc633a03e49f816.mp3","audio_map":"bd4a0c1273f381934dc633a03e49f816.json","language":[{"language_id":12,"content":"\u0c38\u0c3e\u0c39\u0c3f\u0c32\u0c4d  \u0c05\u0c28\u0c42  \u0c2b\u0c4d\u0c30\u0c46\u0c02\u0c21\u0c4d .\"\u0c38\u0c3e\u0c39\u0c3f\u0c32\u0c4d  \u0c35\u0c3e\u0c33\u0c4d\u0c33  \u0c28\u0c3e\u0c28\u0c4d\u0c28  \u0c2e\u0c40\u0c38\u0c3e\u0c32\u0c41  \u0c2f\u0c46\u0c02\u0c24  \u0c38\u0c28\u0c4d\u0c28\u0c17\u0c3e  \u0c35\u0c41\u0c02\u0c1f\u0c3e\u0c2f\u0c4b \u0c2a\u0c3e\u0c2a\u0c02  \u0c38\u0c3e\u0c39\u0c3f\u0c32\u0c4d  \u0c35\u0c3e\u0c33\u0c4d\u0c33  \u0c28\u0c3e\u0c28\u0c4d\u0c28  \u0c2e\u0c40\u0c38\u0c3e\u0c32\u0c41  \u0c2f\u0c46\u0c32\u0c3e \u0c26\u0c41\u0c35\u0c4d\u0c35\u0c41\u0c24\u0c3e\u0c21\u0c4b, \u0c05\u0c2f\u0c28  \u0c28\u0c32\u0c4d\u0c32  \u0c1f\u0c4b\u0c2a\u0c40  \u0c2a\u0c46\u0c1f\u0c4d\u0c1f\u0c41\u0c15\u0c41\u0c28\u0c3f  \u0c2a\u0c4a\u0c21\u0c35\u0c3e\u0c1f\u0c3f  \u0c28\u0c32\u0c4d\u0c32 \u0c15\u0c4b\u0c1f\u0c41  \u0c35\u0c47\u0c38\u0c41\u0c15\u0c41\u0c28\u0c3f  ,\u0c28\u0c32\u0c4d\u0c32  \u0c15\u0c33\u0c4d\u0c33\u0c1c\u0c4b\u0c21\u0c41  \u0c2a\u0c46\u0c1f\u0c4d\u0c1f\u0c41\u0c15\u0c41\u0c02\u0c1f\u0c47  \u0c26\u0c4a\u0c02\u0c17\u0c32\u0c28\u0c41  \u0c2a\u0c1f\u0c4d\u0c1f\u0c41\u0c15\u0c41\u0c28\u0c47  \u0c21\u0c3f\u0c1f\u0c46\u0c15\u0c4d\u0c1f\u0c3f\u0c35\u0c4d \u0c32\u0c3e\u0c17\u0c3e \r\n\u0c35\u0c41\u0c02\u0c1f\u0c3e\u0c30\u0c41  \u0c15\u0c26 \"\u0c05\u0c28\u0c3f  \u0c05\u0c32\u0c4d\u0c32\u0c30\u0c3f  \u0c05\u0c28\u0c42  \u0c05\u0c28\u0c41\u0c15\u0c41\u0c28\u0c47\u0c26\u0c3f ."}]},{"id":873,"content":"But Grandpa who lives next door has the best moustache of all! It looks as if a big white cloud has come down from the sky to live under his nose! His mouth is hidden behind the cloud. Anu is anxious about Grandpa... how can he eat with that cloud in the way?","pageno":7,"image":"4692f8167842e007cd68d7932ae376a3.jpg","audio":"3b32b4f98e293db2547fdba1c9524036.mp3","audio_map":"3b32b4f98e293db2547fdba1c9524036.json","language":[{"language_id":12,"content":"\u0c12\u0c15  \u0c30\u0c4b\u0c1c\u0c41  \u0c05\u0c28\u0c42\u0c15\u0c3f  \u0c35\u0c3e\u0c33\u0c4d\u0c33  \u0c24\u0c3e\u0c24\u0c2f\u0c4d\u0c2f  \u0c2e\u0c40\u0c38\u0c3e\u0c32\u0c41  \u0c17\u0c41\u0c30\u0c4d\u0c24\u0c41\u0c15\u0c4a\u0c1a\u0c4d\u0c1a\u0c3e\u0c2f\u0c3f .\u0c05\u0c2c\u0c4d\u0c2c\u0c4b  \u0c24\u0c3e\u0c24\u0c2f\u0c4d\u0c2f  \u0c24\u0c46\u0c32\u0c4d\u0c32\u0c1f\u0c3f  \u0c2e\u0c40\u0c38\u0c3e\u0c32\u0c41  \u0c06\u0c15\u0c3e\u0c36\u0c02 \u0c24\u0c46\u0c32\u0c4d\u0c32\u0c1f\u0c3f  \u0c2e\u0c47\u0c18\u0c3e\u0c32  \u0c32\u0c3e\u0c17\u0c3e  \u0c35\u0c41\u0c02\u0c1f\u0c3e\u0c2f\u0c3f .\r\n\u0c05\u0c28\u0c4d\u0c28\u0c3f  \u0c2e\u0c47\u0c18\u0c3e\u0c32\u0c41  \u0c24\u0c3e\u0c24\u0c2f\u0c4d\u0c2f  \u0c2e\u0c41\u0c15\u0c4d\u0c15\u0c41  \u0c15\u0c3f\u0c02\u0c26  \u0c39\u0c3e\u0c2f\u0c3f\u0c17\u0c3e  \u0c24\u0c3f\u0c30\u0c41\u0c17\u0c41\u0c24\u0c42 \u0c35\u0c41\u0c02\u0c1f\u0c3e\u0c2f\u0c3f \u0c05\u0c28\u0c3f  \u0c05\u0c28\u0c42  \u0c28\u0c35\u0c4d\u0c35\u0c41\u0c15\u0c41\u0c02\u0c26\u0c3f ,\"\u0c05\u0c38\u0c32\u0c41  \u0c24\u0c3e\u0c24\u0c2f\u0c4d\u0c2f  \u0c2f\u0c46\u0c32\u0c3e \u0c05\u0c28\u0c4d\u0c28\u0c02  \u0c24\u0c3f\u0c02\u0c1f\u0c3e\u0c30\u0c41 ? \u0c28\u0c4b\u0c30\u0c41  \u0c26\u0c17\u0c4d\u0c17\u0c30  \u0c05\u0c28\u0c4d\u0c28\u0c3f  \u0c2e\u0c40\u0c38\u0c3e\u0c32\u0c41  \u0c15\u0c41\u0c2a\u0c4d\u0c2a\u0c17\u0c3e  \u0c35\u0c41\u0c28\u0c4d\u0c28\u0c3e\u0c2f\u0c3f \u0c17\u0c3e\"\u0c05\u0c28\u0c42\u0c15\u0c3f  \u0c2c\u0c4b\u0c32\u0c46\u0c21\u0c41  \u0c38\u0c02\u0c26\u0c47\u0c39\u0c3e\u0c32\u0c41 !"}]},{"id":874,"content":"Anu wonders why a moustache doesn\u2019t grow under her nose. Every morning she wets her soap, makes a lot of lather and gives herself many different kinds of moustaches. \u201cMy moustache is the best,\u201d she says. \u201cIt\u2019s pure white, and so soft! Isn\u2019t it nice?\u201d she asks, happily.","pageno":8,"image":"bac78b01feb3ecbb5df0fdef3f381a98.jpg","audio":"4e9ca4509157e350efa21021871103c7.mp3","audio_map":"4e9ca4509157e350efa21021871103c7.json","language":[{"language_id":12,"content":"\u0c15\u0c4a\u0c02\u0c1f\u0c46  \u0c05\u0c28\u0c42\u0c15\u0c3f  \u0c12\u0c15  \u0c30\u0c4b\u0c1c\u0c41 \u0c10\u0c21\u0c3f\u0c2f\u0c3e  \u0c35\u0c1a\u0c4d\u0c1a\u0c3f\u0c02\u0c26\u0c3f  \u0c35\u0c46\u0c02\u0c1f\u0c28\u0c47  \u0c17\u0c2c \u0c17\u0c2c\u0c3e \u0c05\u0c26\u0c4d\u0c26\u0c02  \u0c26\u0c17\u0c4d\u0c17\u0c30  \u0c28\u0c3f\u0c02\u0c1a\u0c41\u0c28\u0c3f  \u0c38\u0c2c\u0c4d\u0c2c\u0c41  \u0c28\u0c41\u0c30\u0c17\u0c24\u0c4b  \u0c2e\u0c41\u0c15\u0c4d\u0c15\u0c41\u0c2a\u0c2f\u0c3f\u0c28 \u0c2e\u0c40\u0c38\u0c3e\u0c32  \u0c32\u0c3e\u0c17\u0c3e  \u0c1a\u0c47\u0c24\u0c4d\u0c24\u0c4b \r\n\u0c17\u0c40\u0c1a\u0c41\u0c15\u0c41\u0c28\u0c3f \"\u0c28\u0c3e\u0c15\u0c41 \u0c24\u0c46\u0c32\u0c4d\u0c32  \u0c2e\u0c40\u0c38\u0c3e\u0c32\u0c41  \u0c35\u0c41\u0c28\u0c4d\u0c28\u0c3e\u0c2f\u0c3f \u0c2c\u0c32\u0c47  \u0c2c\u0c32\u0c47 \"\u0c05\u0c28\u0c3f \u0c1a\u0c2a\u0c4d\u0c2a\u0c1f\u0c4d\u0c32\u0c41  \u0c15\u0c4a\u0c21\u0c4d\u0c24\u0c42  \u0c28\u0c35\u0c4d\u0c35\u0c41\u0c15\u0c41\u0c02\u0c26\u0c3f .\u0c2a\u0c3f\u0c32\u0c4d\u0c32\u0c32\u0c42  \u0c15\u0c25  \u0c2c\u0c3e\u0c17\u0c41\u0c02\u0c26\u0c3f\u0c17\u0c3e !\u0c05\u0c32\u0c4d\u0c32\u0c30\u0c3f  \u0c05\u0c28\u0c42  \u0c2e\u0c40\u0c38\u0c3e\u0c32 \r\n\u0c05\u0c28\u0c42  \u0c05\u0c2f\u0c3f\u0c02\u0c26\u0c3f ,\u0c05\u0c02\u0c26\u0c30\u0c42  \u0c05\u0c28\u0c42  \u0c28\u0c3f  \u0c1a\u0c42\u0c38\u0c3f  \u0c28\u0c35\u0c4d\u0c35\u0c3e\u0c30\u0c41 !"}]}],"language":[{"id":12,"name":"Telugu"}],"questions":[{"id":1,"type":"pre","storypage_id":0,"order_number":1,"title":"Vocabulary","question":{"question_type":"vocabulary","question":{"text":"Vocabulary","image":"","type":"text"},"words":[{"word":"moustache","image":"259e4605ae459be95cf0035c1484d16d.png"},{"word":"anxious","image":"3f820efd54f5f3eeb892b900f8efcedd.png"},{"word":"tunic","image":"8f9ded10b1f0d5deb1ebe9cf21065176.png"},{"word":"turban","image":"0826484b31ab0433c937dd3659347163.png"}]},"score":1,"question_template_id":21,"question_template":"Vocab"},{"id":2,"type":"post","storypage_id":0,"order_number":1,"title":"Read this question and choose the correct answer.","question":{"question_type":"mcq_single_answer","question":{"text":"What is this story about?","image":"","type":"text"},"options":[{"text":"People's turbans","type":"text","image":"","ans":0},{"text":"People's tunics","type":"text","image":"","ans":0},{"text":"People's moustaches","type":"text","image":"","ans":1},{"text":"People's overcoats","type":"text","image":"","ans":0}],"answers":["People's moustaches"]},"score":1,"question_template_id":2,"question_template":"Text MCQ"},{"id":8,"type":"post","storypage_id":0,"order_number":1,"title":"Let's try speaking!","question":{"question_type":"conversation","question":{"text":"Anu meets her friends Tuti and Sahil. This is what happens.","image":"","type":"text"},"conversation":[{"sentence":"Anu: I love my Daddy's moustache. Do you two like your daddy's moustaches?","image":"","question":0},{"sentence":"Tuti: I don't know what to like about my Daddy's moustache!","image":"","question":0},{"sentence":"Sahil: I don't know either!","image":"","question":0},{"sentence":"Anu decides to tell her friends what she likes about their dads' moustaches. What does Anu say to Tuti?","image":"","question":1},{"sentence":"Tuti: Oh! You're right. He does have such a great, thick moustache!","image":"","question":0},{"sentence":"Sahil: What about my Dad's moustache?","image":"","question":0},{"sentence":"What does Anu tell Sahil about his dad's moustache?","image":"","question":1},{"sentence":"Sahil: Wow! My Dad's moustache does look like that!","image":"","question":0},{"sentence":"Tuti: Thanks Anu! I do love my Daddy's moustache!","image":"","question":0},{"sentence":"Sahil: Me too!","image":"","question":0}]},"score":1,"question_template_id":6,"question_template":"Conversation"},{"id":9,"type":"post","storypage_id":0,"order_number":2,"title":"What is happening in this picture?","question":{"question_type":"story_read_aloud","question":{"text":"What is happening in this picture?","image":"9521b65a512909516336959120ba593b.JPG","type":"both"}},"score":1,"question_template_id":7,"question_template":"Describe an Image"},{"id":3,"type":"during","storypage_id":867,"order_number":2,"title":"Read this question and choose the correct answer.","question":{"question_type":"mcq_single_answer","question":{"text":"What does Anu like about Daddy most of all?","image":"","type":"text"},"options":[{"text":"Daddy's moustache","type":"both","image":"c8fd3f9301184ce673bd47878c51f0f0.JPG","ans":1},{"text":"Daddy's mirror","type":"both","image":"b918b31da737a92b0cd6abc7d6846070.JPG","ans":0},{"text":"Daddy's vest","type":"both","image":"738b6d1620408973e0ac499c6a48aadb.JPG","ans":0},{"text":"Daddy's spectacles","type":"both","image":"8ec90f0e130d44451140d2ca38a31686.JPG","ans":0}],"answers":["Daddy's moustache"]},"score":1,"question_template_id":8,"question_template":"MCQ with images"},{"id":4,"type":"during","storypage_id":868,"order_number":3,"title":"Read this question and choose the correct answer.","question":{"question_type":"mcq_single_answer","question":{"text":"What does Daddy use to trim his moustache?","image":"","type":"text"},"options":[{"text":"A razor","type":"both","image":"1f64bbeb7b456e12002c2cb1ca055fd9.JPG","ans":0},{"text":"A comb","type":"both","image":"772c9a10b36b4687602c1f4317ac5082.png","ans":0},{"text":"A sword","type":"both","image":"63122173569d786ecbaa490e0c73adc5.JPG","ans":0},{"text":"A tiny pair of scissors","type":"both","image":"3fe089ecf3121959de8442641c7fb726.JPG","ans":1}],"answers":["A tiny pair of scissors"]},"score":1,"question_template_id":8,"question_template":"MCQ with images"},{"id":5,"type":"during","storypage_id":871,"order_number":4,"title":"Read this question and choose the correct answer.","question":{"question_type":"mcq_single_answer","question":{"text":"What sport does Tuti's dad play?","image":"","type":"text"},"options":[{"text":"Cricket","type":"both","image":"bc0bb37ae3fac882b69ce07b4f8b4e52.png","ans":0},{"text":"Football","type":"both","image":"e8b64b23cbcdd3addf12ce8476536737.png","ans":0},{"text":"Tennis","type":"both","image":"25bbb5f9fb096b8748047b89380f5398.JPG","ans":1},{"text":"Badminton","type":"both","image":"cb1c21023fff07c14bef828ccfa36972.png","ans":0}],"answers":["Tennis"]},"score":1,"question_template_id":8,"question_template":"MCQ with images"},{"id":6,"type":"during","storypage_id":872,"order_number":5,"title":"Read this question and choose the correct answer.","question":{"question_type":"mcq_single_answer","question":{"text":"What kind of moustache does Sahil's dad have?","image":"","type":"text"},"options":[{"text":"A pencil-thin one","type":"text","image":"","ans":1},{"text":"A fat one","type":"text","image":"","ans":0},{"text":"A long one","type":"text","image":"","ans":0},{"text":"One like a cloud","type":"text","image":"","ans":0}],"answers":["A pencil-thin one"]},"score":1,"question_template_id":2,"question_template":"Text MCQ"},{"id":7,"type":"during","storypage_id":874,"order_number":6,"title":"Read this question and choose the correct answer.","question":{"question_type":"mcq_single_answer","question":{"text":"What does Anu use to make her own moustache?","image":"","type":"text"},"options":[{"text":"Leaves","type":"both","image":"b8b7987ab1b79a1f4d41826edca77375.JPG","ans":0},{"text":"A shaving brush","type":"both","image":"3b8a2ecc61e79cb8826499119287ae95.JPG","ans":0},{"text":"Toothpaste","type":"both","image":"ca8abe7754b9563d98093624870b80aa.JPG","ans":0},{"text":"Soap","type":"both","image":"0c9b38caf99aedbb4fa98bef7fd483e1.JPG","ans":1}],"answers":["Soap"]},"score":1,"question_template_id":8,"question_template":"MCQ with images"},{"id":61,"type":"own_story","storypage_id":0,"order_number":1,"title":"Make your own story!","question":{"question_type":"mcq_single_answer","question":{"text":"I love _________ very much.","image":"","type":"text"},"options":[{"text":"beards","type":"text","image":"","ans":1},{"text":"moustaches","type":"text","image":"","ans":1},{"text":"eyelashes","type":"text","image":"","ans":1},{"text":"noses","type":"text","image":"","ans":1}],"answers":["beards","moustaches","eyelashes","noses"]},"score":1,"question_template_id":2,"question_template":"Text MCQ"},{"id":62,"type":"own_story","storypage_id":0,"order_number":2,"title":"Make your own story!","question":{"question_type":"mcq_single_answer","question":{"text":"I like them _________","image":"","type":"text"},"options":[{"text":"long","type":"text","image":"","ans":1},{"text":"thick","type":"text","image":"","ans":1},{"text":"thin","type":"text","image":"","ans":1},{"text":"bushy","type":"text","image":"","ans":1}],"answers":["long","thick","thin","bushy"]},"score":1,"question_template_id":2,"question_template":"Text MCQ"},{"id":63,"type":"own_story","storypage_id":0,"order_number":3,"title":"Make your own story!","question":{"question_type":"mcq_single_answer","question":{"text":"I don't like them _________","image":"","type":"text"},"options":[{"text":"long","type":"text","image":"","ans":1},{"text":"thick","type":"text","image":"","ans":1},{"text":"thin","type":"text","image":"","ans":1},{"text":"bushy","type":"text","image":"","ans":1}],"answers":["long","thick","thin","bushy"]},"score":1,"question_template_id":2,"question_template":"Text MCQ"},{"id":64,"type":"own_story","storypage_id":0,"order_number":4,"title":"Make your own story!","question":{"question_type":"mcq_single_answer","question":{"text":"My _________ has a really funny one.","image":"","type":"text"},"options":[{"text":"mummy","type":"text","image":"","ans":1},{"text":"daddy","type":"text","image":"","ans":1},{"text":"Grandpa","type":"text","image":"","ans":1},{"text":"brother","type":"text","image":"","ans":0}],"answers":["mummy","daddy","Grandpa"]},"score":1,"question_template_id":2,"question_template":"Text MCQ"},{"id":65,"type":"own_story","storypage_id":0,"order_number":5,"title":"Make your own story!","question":{"question_type":"mcq_single_answer","question":{"text":"Theirs is funny because it's so _________!","image":"","type":"text"},"options":[{"text":"curly","type":"text","image":"","ans":1},{"text":"rough","type":"text","image":"","ans":1},{"text":"smooth","type":"text","image":"","ans":1},{"text":"spiky","type":"text","image":"","ans":1}],"answers":["curly","rough","smooth","spiky"]},"score":1,"question_template_id":2,"question_template":"Text MCQ"},{"id":66,"type":"own_story","storypage_id":0,"order_number":6,"title":"Make your own story!","question":{"question_type":"mcq_single_answer","question":{"text":"But really, when I grow up, I hope mine is _________ like theirs!","image":"","type":"text"},"options":[{"text":"just","type":"text","image":"","ans":1},{"text":"exactly","type":"text","image":"","ans":1},{"text":"completely","type":"text","image":"","ans":1},{"text":"entirely","type":"text","image":"","ans":1}],"answers":["just","exactly","completely","entirely"]},"score":1,"question_template_id":2,"question_template":"Text MCQ"}]}