{
 "fragments": [
  {
   "begin": "0.000", 
   "end": "0.760", 
   "id": "f000001", 
   "language": "en", 
   "lines": [
    "Anu"
   ]
  }, 
  {
   "begin": "0.760", 
   "end": "1.360", 
   "id": "f000002", 
   "language": "en", 
   "lines": [
    "always"
   ]
  }, 
  {
   "begin": "1.360", 
   "end": "2.200", 
   "id": "f000003", 
   "language": "en", 
   "lines": [
    "thinks,"
   ]
  }, 
  {
   "begin": "2.200", 
   "end": "2.480", 
   "id": "f000004", 
   "language": "en", 
   "lines": [
    "if"
   ]
  }, 
  {
   "begin": "2.480", 
   "end": "2.880", 
   "id": "f000005", 
   "language": "en", 
   "lines": [
    "Daddy"
   ]
  }, 
  {
   "begin": "2.880", 
   "end": "3.320", 
   "id": "f000006", 
   "language": "en", 
   "lines": [
    "wears"
   ]
  }, 
  {
   "begin": "3.320", 
   "end": "3.480", 
   "id": "f000007", 
   "language": "en", 
   "lines": [
    "a"
   ]
  }, 
  {
   "begin": "3.480", 
   "end": "4.080", 
   "id": "f000008", 
   "language": "en", 
   "lines": [
    "smart"
   ]
  }, 
  {
   "begin": "4.080", 
   "end": "4.680", 
   "id": "f000009", 
   "language": "en", 
   "lines": [
    "tunic"
   ]
  }, 
  {
   "begin": "4.680", 
   "end": "4.800", 
   "id": "f000010", 
   "language": "en", 
   "lines": [
    "and"
   ]
  }, 
  {
   "begin": "4.800", 
   "end": "5.080", 
   "id": "f000011", 
   "language": "en", 
   "lines": [
    "a"
   ]
  }, 
  {
   "begin": "5.080", 
   "end": "6.120", 
   "id": "f000012", 
   "language": "en", 
   "lines": [
    "turban"
   ]
  }, 
  {
   "begin": "6.120", 
   "end": "6.360", 
   "id": "f000013", 
   "language": "en", 
   "lines": [
    "and"
   ]
  }, 
  {
   "begin": "6.360", 
   "end": "6.840", 
   "id": "f000014", 
   "language": "en", 
   "lines": [
    "rides"
   ]
  }, 
  {
   "begin": "6.840", 
   "end": "7.040", 
   "id": "f000015", 
   "language": "en", 
   "lines": [
    "a"
   ]
  }, 
  {
   "begin": "7.040", 
   "end": "7.520", 
   "id": "f000016", 
   "language": "en", 
   "lines": [
    "tall"
   ]
  }, 
  {
   "begin": "7.520", 
   "end": "8.280", 
   "id": "f000017", 
   "language": "en", 
   "lines": [
    "horse,"
   ]
  }, 
  {
   "begin": "8.280", 
   "end": "8.360", 
   "id": "f000018", 
   "language": "en", 
   "lines": [
    "with"
   ]
  }, 
  {
   "begin": "8.360", 
   "end": "8.520", 
   "id": "f000019", 
   "language": "en", 
   "lines": [
    "a"
   ]
  }, 
  {
   "begin": "8.520", 
   "end": "9.080", 
   "id": "f000020", 
   "language": "en", 
   "lines": [
    "sword"
   ]
  }, 
  {
   "begin": "9.080", 
   "end": "9.400", 
   "id": "f000021", 
   "language": "en", 
   "lines": [
    "across"
   ]
  }, 
  {
   "begin": "9.400", 
   "end": "9.640", 
   "id": "f000022", 
   "language": "en", 
   "lines": [
    "his"
   ]
  }, 
  {
   "begin": "9.640", 
   "end": "10.440", 
   "id": "f000023", 
   "language": "en", 
   "lines": [
    "belt,"
   ]
  }, 
  {
   "begin": "10.440", 
   "end": "10.840", 
   "id": "f000024", 
   "language": "en", 
   "lines": [
    "how"
   ]
  }, 
  {
   "begin": "10.840", 
   "end": "11.280", 
   "id": "f000025", 
   "language": "en", 
   "lines": [
    "grand"
   ]
  }, 
  {
   "begin": "11.280", 
   "end": "11.840", 
   "id": "f000026", 
   "language": "en", 
   "lines": [
    "he'll"
   ]
  }, 
  {
   "begin": "11.840", 
   "end": "12.040", 
   "id": "f000027", 
   "language": "en", 
   "lines": [
    "look!"
   ]
  }, 
  {
   "begin": "12.040", 
   "end": "12.760", 
   "id": "f000028", 
   "language": "en", 
   "lines": [
    "Just"
   ]
  }, 
  {
   "begin": "12.760", 
   "end": "12.840", 
   "id": "f000029", 
   "language": "en", 
   "lines": [
    "like"
   ]
  }, 
  {
   "begin": "12.840", 
   "end": "13.160", 
   "id": "f000030", 
   "language": "en", 
   "lines": [
    "a"
   ]
  }, 
  {
   "begin": "13.160", 
   "end": "13.920", 
   "id": "f000031", 
   "language": "en", 
   "lines": [
    "soldier"
   ]
  }, 
  {
   "begin": "13.920", 
   "end": "14.400", 
   "id": "f000032", 
   "language": "en", 
   "lines": [
    "wearing"
   ]
  }, 
  {
   "begin": "14.400", 
   "end": "15.560", 
   "id": "f000033", 
   "language": "en", 
   "lines": [
    "glasses!"
   ]
  }
 ]
}