{
 "fragments": [
  {
   "begin": "0.000", 
   "end": "1.160", 
   "id": "f000001", 
   "language": "en", 
   "lines": [
    "Sahil\u2019s"
   ]
  }, 
  {
   "begin": "1.160", 
   "end": "1.760", 
   "id": "f000002", 
   "language": "en", 
   "lines": [
    "dad"
   ]
  }, 
  {
   "begin": "1.760", 
   "end": "2.080", 
   "id": "f000003", 
   "language": "en", 
   "lines": [
    "has"
   ]
  }, 
  {
   "begin": "2.080", 
   "end": "2.160", 
   "id": "f000004", 
   "language": "en", 
   "lines": [
    "a"
   ]
  }, 
  {
   "begin": "2.160", 
   "end": "3.000", 
   "id": "f000005", 
   "language": "en", 
   "lines": [
    "pencil-thin"
   ]
  }, 
  {
   "begin": "3.000", 
   "end": "4.240", 
   "id": "f000006", 
   "language": "en", 
   "lines": [
    "moustache."
   ]
  }, 
  {
   "begin": "4.240", 
   "end": "4.560", 
   "id": "f000007", 
   "language": "en", 
   "lines": [
    "Anu"
   ]
  }, 
  {
   "begin": "4.560", 
   "end": "5.240", 
   "id": "f000008", 
   "language": "en", 
   "lines": [
    "wonders"
   ]
  }, 
  {
   "begin": "5.240", 
   "end": "5.880", 
   "id": "f000009", 
   "language": "en", 
   "lines": [
    "how"
   ]
  }, 
  {
   "begin": "5.880", 
   "end": "6.040", 
   "id": "f000010", 
   "language": "en", 
   "lines": [
    "he"
   ]
  }, 
  {
   "begin": "6.040", 
   "end": "6.600", 
   "id": "f000011", 
   "language": "en", 
   "lines": [
    "manages"
   ]
  }, 
  {
   "begin": "6.600", 
   "end": "6.760", 
   "id": "f000012", 
   "language": "en", 
   "lines": [
    "to"
   ]
  }, 
  {
   "begin": "6.760", 
   "end": "7.160", 
   "id": "f000013", 
   "language": "en", 
   "lines": [
    "trim"
   ]
  }, 
  {
   "begin": "7.160", 
   "end": "7.200", 
   "id": "f000014", 
   "language": "en", 
   "lines": [
    "it"
   ]
  }, 
  {
   "begin": "7.200", 
   "end": "7.760", 
   "id": "f000015", 
   "language": "en", 
   "lines": [
    "so"
   ]
  }, 
  {
   "begin": "7.760", 
   "end": "8.320", 
   "id": "f000016", 
   "language": "en", 
   "lines": [
    "fine."
   ]
  }, 
  {
   "begin": "8.320", 
   "end": "9.000", 
   "id": "f000017", 
   "language": "en", 
   "lines": [
    "If"
   ]
  }, 
  {
   "begin": "9.000", 
   "end": "9.360", 
   "id": "f000018", 
   "language": "en", 
   "lines": [
    "he"
   ]
  }, 
  {
   "begin": "9.360", 
   "end": "9.800", 
   "id": "f000019", 
   "language": "en", 
   "lines": [
    "wears"
   ]
  }, 
  {
   "begin": "9.800", 
   "end": "9.960", 
   "id": "f000020", 
   "language": "en", 
   "lines": [
    "a"
   ]
  }, 
  {
   "begin": "9.960", 
   "end": "10.480", 
   "id": "f000021", 
   "language": "en", 
   "lines": [
    "tall"
   ]
  }, 
  {
   "begin": "10.480", 
   "end": "10.800", 
   "id": "f000022", 
   "language": "en", 
   "lines": [
    "black"
   ]
  }, 
  {
   "begin": "10.800", 
   "end": "12.000", 
   "id": "f000023", 
   "language": "en", 
   "lines": [
    "hat,"
   ]
  }, 
  {
   "begin": "12.000", 
   "end": "12.160", 
   "id": "f000024", 
   "language": "en", 
   "lines": [
    "a"
   ]
  }, 
  {
   "begin": "12.160", 
   "end": "12.560", 
   "id": "f000025", 
   "language": "en", 
   "lines": [
    "long"
   ]
  }, 
  {
   "begin": "12.560", 
   "end": "13.040", 
   "id": "f000026", 
   "language": "en", 
   "lines": [
    "black"
   ]
  }, 
  {
   "begin": "13.040", 
   "end": "14.160", 
   "id": "f000027", 
   "language": "en", 
   "lines": [
    "overcoat"
   ]
  }, 
  {
   "begin": "14.160", 
   "end": "14.520", 
   "id": "f000028", 
   "language": "en", 
   "lines": [
    "and"
   ]
  }, 
  {
   "begin": "14.520", 
   "end": "14.960", 
   "id": "f000029", 
   "language": "en", 
   "lines": [
    "dark"
   ]
  }, 
  {
   "begin": "14.960", 
   "end": "16.080", 
   "id": "f000030", 
   "language": "en", 
   "lines": [
    "glasses,"
   ]
  }, 
  {
   "begin": "16.080", 
   "end": "16.720", 
   "id": "f000031", 
   "language": "en", 
   "lines": [
    "he\u2019ll"
   ]
  }, 
  {
   "begin": "16.720", 
   "end": "16.920", 
   "id": "f000032", 
   "language": "en", 
   "lines": [
    "look"
   ]
  }, 
  {
   "begin": "16.920", 
   "end": "17.400", 
   "id": "f000033", 
   "language": "en", 
   "lines": [
    "just"
   ]
  }, 
  {
   "begin": "17.400", 
   "end": "17.600", 
   "id": "f000034", 
   "language": "en", 
   "lines": [
    "like"
   ]
  }, 
  {
   "begin": "17.600", 
   "end": "17.920", 
   "id": "f000035", 
   "language": "en", 
   "lines": [
    "the"
   ]
  }, 
  {
   "begin": "17.920", 
   "end": "18.520", 
   "id": "f000036", 
   "language": "en", 
   "lines": [
    "detective"
   ]
  }, 
  {
   "begin": "18.520", 
   "end": "18.720", 
   "id": "f000037", 
   "language": "en", 
   "lines": [
    "on"
   ]
  }, 
  {
   "begin": "18.720", 
   "end": "19.680", 
   "id": "f000038", 
   "language": "en", 
   "lines": [
    "TV,"
   ]
  }, 
  {
   "begin": "19.680", 
   "end": "19.880", 
   "id": "f000039", 
   "language": "en", 
   "lines": [
    "who"
   ]
  }, 
  {
   "begin": "19.880", 
   "end": "20.520", 
   "id": "f000040", 
   "language": "en", 
   "lines": [
    "catches"
   ]
  }, 
  {
   "begin": "20.520", 
   "end": "20.840", 
   "id": "f000041", 
   "language": "en", 
   "lines": [
    "all"
   ]
  }, 
  {
   "begin": "20.840", 
   "end": "21.040", 
   "id": "f000042", 
   "language": "en", 
   "lines": [
    "the"
   ]
  }, 
  {
   "begin": "21.040", 
   "end": "22.000", 
   "id": "f000043", 
   "language": "en", 
   "lines": [
    "thieves!"
   ]
  }
 ]
}