{
 "fragments": [
  {
   "begin": "0.000", 
   "end": "1.280", 
   "id": "f000001", 
   "language": "en", 
   "lines": [
    "Sometimes"
   ]
  }, 
  {
   "begin": "1.280", 
   "end": "1.520", 
   "id": "f000002", 
   "language": "en", 
   "lines": [
    "Chinku"
   ]
  }, 
  {
   "begin": "1.520", 
   "end": "1.760", 
   "id": "f000003", 
   "language": "en", 
   "lines": [
    "is"
   ]
  }, 
  {
   "begin": "1.760", 
   "end": "2.320", 
   "id": "f000004", 
   "language": "en", 
   "lines": [
    "careless."
   ]
  }, 
  {
   "begin": "2.320", 
   "end": "3.160", 
   "id": "f000005", 
   "language": "en", 
   "lines": [
    "It"
   ]
  }, 
  {
   "begin": "3.160", 
   "end": "3.560", 
   "id": "f000006", 
   "language": "en", 
   "lines": [
    "is"
   ]
  }, 
  {
   "begin": "3.560", 
   "end": "3.920", 
   "id": "f000007", 
   "language": "en", 
   "lines": [
    "my"
   ]
  }, 
  {
   "begin": "3.920", 
   "end": "4.200", 
   "id": "f000008", 
   "language": "en", 
   "lines": [
    "duty"
   ]
  }, 
  {
   "begin": "4.200", 
   "end": "4.560", 
   "id": "f000009", 
   "language": "en", 
   "lines": [
    "to"
   ]
  }, 
  {
   "begin": "4.560", 
   "end": "4.720", 
   "id": "f000010", 
   "language": "en", 
   "lines": [
    "guard"
   ]
  }, 
  {
   "begin": "4.720", 
   "end": "4.800", 
   "id": "f000011", 
   "language": "en", 
   "lines": [
    "the"
   ]
  }, 
  {
   "begin": "4.800", 
   "end": "5.560", 
   "id": "f000012", 
   "language": "en", 
   "lines": [
    "house."
   ]
  }, 
  {
   "begin": "5.560", 
   "end": "6.320", 
   "id": "f000013", 
   "language": "en", 
   "lines": [
    "&nbsp;"
   ]
  }
 ]
}