{"id":41,"name":"Naughty Dog","writtenby":"Kanchan Bannerjee","illustrationsby":"Deepa Balsavar","translationby":"","source":"Pratham Books","status":"active","level":1,"pages":[{"id":388,"content":"We are a family of four. I follow Chinku everywhere. \u00a0","pageno":1,"image":"02b122f013dbd7fa313bac05638a8b4e.jpg","audio":"dc5ecb937ff96b877a06c210c16434f5.mp3","audio_map":"84dd4616570c9acd62b0b9def7fae5be.json","language":[]},{"id":389,"content":"I have to look after Chinku. You see, I am older than him. \u2029","pageno":2,"image":"81af8f3b86e10d112a7c05c982d281bc.jpg","audio":"26b76ca41f1edf6ee4d2495fc99de3ef.mp3","audio_map":"b12c45894d067d0298eb0ccfa8d2b1a7.json","language":[]},{"id":390,"content":"Sometimes Chinku is careless. It is my duty to guard the house. \u00a0","pageno":3,"image":"76505f39dd1a35921ad00a3850c102ca.jpg","audio":"ad81c4066b33e114399d4221e638482f.mp3","audio_map":"27f4b3668ca63dcbea07448a96cdac08.json","language":[]},{"id":391,"content":"We do everything together. We work together.","pageno":4,"image":"35a3f4bf0f69ad650883f1b7187f52e5.jpg","audio":"07cc33cc275d7e437f428da197547310.mp3","audio_map":"64ed0efa377709726de4ad0cfa35b250.json","language":[]},{"id":392,"content":"We play together. \u00a0","pageno":5,"image":"35bc088d47439e6e18d6f1190b8c0fb5.jpg","audio":"9e27d901346f4ced06a09566e30a92ba.mp3","audio_map":"04c2d1c79a61874c2d49a6f55b53ab98.json","language":[]},{"id":393,"content":"We even share Ma\u2019s scolding. \u00a0","pageno":6,"image":"6beedc3fdef509bc634b62a6602b25ff.jpg","audio":"cabd1dc64ce1e3ac3277c3c3f62fcb77.mp3","audio_map":"e35d60ae4438bb2b4afc724a6feca98e.json","language":[]},{"id":394,"content":"When Chinku is at school I help Ma. I keep the crows away from the papads.","pageno":7,"image":"0cdbfb9878df28cfe324910a1e9328d2.jpg","audio":"16e253fd6e44df028a2643f32fa197d8.mp3","audio_map":"e0dfe6529b23a780294775a3185b4898.json","language":[]},{"id":395,"content":"Today Chinku will be my teacher. At last, I will learn something new.","pageno":8,"image":"509999a0bd89cae07a92fb54e9cea5a3.jpg","audio":"b494ffd940cecd5c3f510fa96a7c9e5f.mp3","audio_map":"fdef1a19d0bb30b1ca05d777a0296e52.json","language":[]},{"id":396,"content":"I am a good doggy. I do not scare away cats. \u00a0","pageno":9,"image":"5d0dfda0fc99866c62f90244b8b6bd1e.jpg","audio":"ad0979f111e46c8ca2334df663750d77.mp3","audio_map":"49f0e6924737010ced851a1fcd56fe11.json","language":[]},{"id":397,"content":"Are you Chinku\u2019s friend? Then you are my friend too. \u00a0","pageno":10,"image":"df4a8846bfd211a77671cbfcc2025941.jpg","audio":"f6edc25d4281dc1fe358ff80ae2e9e12.mp3","audio_map":"2d736550fd188b7771e129ba310f339d.json","language":[]},{"id":398,"content":"Read the following action sentences. Which of these activities do you like to do?\nI like dancing.\nI like swimming.\nI like skipping.\nI like drawing.","pageno":11,"image":"3e41bee4b3cbb6991305e6e37929fd64.jpg","audio":"","audio_map":"","audio_map_obj":"","language":[]},{"id":399,"content":"I like cycling.\nI like climbing.\n Sometimes we say, \u201cAs faithful as a dog\u201d. This is because a dog always stays close to its master. If it goes far away or is lost, a dog always finds its way back home. \u00a0","pageno":12,"image":"e347d789d5531cd9b1d8855000aa3fd2.jpg","audio":"","audio_map":"","audio_map_obj":"","language":[]}],"language":[],"questions":[{"id":5714,"type":"pre","storypage_id":0,"order_number":1,"title":"Learning new words","question":{"question_type":"vocabulary","question":{"text":"Learning new words","image":"","type":"text"},"words":[{"word":"work","image":"7ce3145c3c5c07c0beae15e8c8d3880a.png"},{"word":"play","image":"351fc8e85534decd7beb81f2f5472714.png"},{"word":"crow","image":"dd3636d224fb697dd60085d7e3bf27ae.png"},{"word":"family","image":"042ce9100a78aa4fbf3586041c860f27.png"}]},"score":1,"question_template_id":21,"question_template":"Vocab"},{"id":5885,"type":"pre","storypage_id":0,"order_number":2,"title":"What do you think this story is about?","question":{"question_type":"mcq_single_answer","question":{"text":"What do you think this story is about?","image":"","type":"text"},"options":[{"text":"A dog","type":"text","image":"","ans":1},{"text":"A boy","type":"text","image":"","ans":1},{"text":"Games","type":"text","image":"","ans":0},{"text":"Toys","type":"text","image":"","ans":0}],"answers":["A dog","A boy"]},"score":1,"question_template_id":2,"question_template":"Text MCQ"},{"id":5889,"type":"post","storypage_id":0,"order_number":1,"title":"What is happening in this picture?","question":{"question_type":"story_read_aloud","question":{"text":"","image":"91a8f150485565d56196eee2f85280e5.jpg","type":"image"}},"score":1,"question_template_id":8,"question_template":"MCQ with images"},{"id":5886,"type":"during","storypage_id":388,"order_number":1,"title":"Choose the correct answer.","question":{"question_type":"mcq_single_answer","question":{"text":"How many people are in the dog's family?","image":"","type":"text"},"options":[{"text":"Four","type":"both","image":"47b1cbf3f61704e4d207797bf28af5c6.png","ans":1},{"text":"Three","type":"both","image":"ad86bacb6112b700f54bb9e701870219.png","ans":0},{"text":"Seven","type":"both","image":"51167c9484406f7a9b9bbeaad57cfbd0.png","ans":0},{"text":"Twelve","type":"both","image":"dc6aa02dad6959ef247ee9c399579531.png","ans":0}],"answers":["Four"]},"score":1,"question_template_id":2,"question_template":"Text MCQ"},{"id":5887,"type":"during","storypage_id":393,"order_number":2,"title":"Choose all the correct answers.","question":{"question_type":"mcq_multiple_answer","question":{"text":"What all do the dog and the boy do together?","image":"","type":"text"},"options":[{"text":"Work","type":"both","image":"523f41c94a473701f200850edaf3c552.png","ans":1},{"text":"Play","type":"both","image":"2d773a10e7ac10e490a24003b5a34c24.png","ans":1},{"text":"Share Ma's scolding","type":"both","image":"7c7e0b23c729fc10a8879b8e30cc2c0b.png","ans":1},{"text":"Food","type":"both","image":"cb33bbf6453facb94a2b8b4744b51ec6.png","ans":0}],"answers":["Work","Play","Share Ma's scolding"]},"score":1,"question_template_id":12,"question_template":"MCQ Multiple Answer with images"},{"id":5888,"type":"during","storypage_id":394,"order_number":3,"title":"Choose the correct answer.","question":{"question_type":"mcq_single_answer","question":{"text":"How does the dog help Ma?","image":"","type":"text"},"options":[{"text":"He chases away crows.","type":"both","image":"ba5ca8e90f1ebda41552b826363913bd.png","ans":1},{"text":"He chases away cats.","type":"both","image":"cd61c535dd8fa06563e68a2c56e7d181.png","ans":0},{"text":"He chases away people.","type":"both","image":"b7a404e502b0cfabf755f34bf2084459.png","ans":0},{"text":"He chases away robbers.","type":"both","image":"eb2aeccf86679a91f8fa00c20ec5803f.png","ans":0}],"answers":["He chases away crows."]},"score":1,"question_template_id":2,"question_template":"Text MCQ"}]}