{
 "fragments": [
  {
   "begin": "0.000", 
   "end": "0.280", 
   "id": "f000001", 
   "language": "en", 
   "lines": [
    "I"
   ]
  }, 
  {
   "begin": "0.280", 
   "end": "0.600", 
   "id": "f000002", 
   "language": "en", 
   "lines": [
    "am"
   ]
  }, 
  {
   "begin": "0.600", 
   "end": "0.960", 
   "id": "f000003", 
   "language": "en", 
   "lines": [
    "a"
   ]
  }, 
  {
   "begin": "0.960", 
   "end": "1.720", 
   "id": "f000004", 
   "language": "en", 
   "lines": [
    "good"
   ]
  }, 
  {
   "begin": "1.720", 
   "end": "3.360", 
   "id": "f000005", 
   "language": "en", 
   "lines": [
    "doggy."
   ]
  }, 
  {
   "begin": "3.360", 
   "end": "3.600", 
   "id": "f000006", 
   "language": "en", 
   "lines": [
    "I"
   ]
  }, 
  {
   "begin": "3.600", 
   "end": "3.840", 
   "id": "f000007", 
   "language": "en", 
   "lines": [
    "do"
   ]
  }, 
  {
   "begin": "3.840", 
   "end": "4.200", 
   "id": "f000008", 
   "language": "en", 
   "lines": [
    "not"
   ]
  }, 
  {
   "begin": "4.200", 
   "end": "4.640", 
   "id": "f000009", 
   "language": "en", 
   "lines": [
    "scare"
   ]
  }, 
  {
   "begin": "4.640", 
   "end": "4.840", 
   "id": "f000010", 
   "language": "en", 
   "lines": [
    "away"
   ]
  }, 
  {
   "begin": "4.840", 
   "end": "5.600", 
   "id": "f000011", 
   "language": "en", 
   "lines": [
    "cats."
   ]
  }, 
  {
   "begin": "5.600", 
   "end": "6.160", 
   "id": "f000012", 
   "language": "en", 
   "lines": [
    "&nbsp;"
   ]
  }
 ]
}