{
 "fragments": [
  {
   "begin": "0.000", 
   "end": "0.200", 
   "id": "f000001", 
   "language": "en", 
   "lines": [
    "We"
   ]
  }, 
  {
   "begin": "0.200", 
   "end": "0.280", 
   "id": "f000002", 
   "language": "en", 
   "lines": [
    "are"
   ]
  }, 
  {
   "begin": "0.280", 
   "end": "0.800", 
   "id": "f000003", 
   "language": "en", 
   "lines": [
    "a"
   ]
  }, 
  {
   "begin": "0.800", 
   "end": "1.440", 
   "id": "f000004", 
   "language": "en", 
   "lines": [
    "family"
   ]
  }, 
  {
   "begin": "1.440", 
   "end": "1.480", 
   "id": "f000005", 
   "language": "en", 
   "lines": [
    "of"
   ]
  }, 
  {
   "begin": "1.480", 
   "end": "2.120", 
   "id": "f000006", 
   "language": "en", 
   "lines": [
    "four."
   ]
  }, 
  {
   "begin": "2.120", 
   "end": "3.160", 
   "id": "f000007", 
   "language": "en", 
   "lines": [
    "I"
   ]
  }, 
  {
   "begin": "3.160", 
   "end": "3.800", 
   "id": "f000008", 
   "language": "en", 
   "lines": [
    "follow"
   ]
  }, 
  {
   "begin": "3.800", 
   "end": "4.080", 
   "id": "f000009", 
   "language": "en", 
   "lines": [
    "Chinku"
   ]
  }, 
  {
   "begin": "4.080", 
   "end": "4.520", 
   "id": "f000010", 
   "language": "en", 
   "lines": [
    "everywhere."
   ]
  }, 
  {
   "begin": "4.520", 
   "end": "6.280", 
   "id": "f000011", 
   "language": "en", 
   "lines": [
    "&nbsp;"
   ]
  }
 ]
}