{
 "fragments": [
  {
   "begin": "0.000", 
   "end": "0.560", 
   "id": "f000001", 
   "language": "en", 
   "lines": [
    "I"
   ]
  }, 
  {
   "begin": "0.560", 
   "end": "0.840", 
   "id": "f000002", 
   "language": "en", 
   "lines": [
    "have"
   ]
  }, 
  {
   "begin": "0.840", 
   "end": "1.280", 
   "id": "f000003", 
   "language": "en", 
   "lines": [
    "to"
   ]
  }, 
  {
   "begin": "1.280", 
   "end": "1.320", 
   "id": "f000004", 
   "language": "en", 
   "lines": [
    "look"
   ]
  }, 
  {
   "begin": "1.320", 
   "end": "1.600", 
   "id": "f000005", 
   "language": "en", 
   "lines": [
    "after"
   ]
  }, 
  {
   "begin": "1.600", 
   "end": "2.920", 
   "id": "f000006", 
   "language": "en", 
   "lines": [
    "Chinku."
   ]
  }, 
  {
   "begin": "2.920", 
   "end": "3.120", 
   "id": "f000007", 
   "language": "en", 
   "lines": [
    "You"
   ]
  }, 
  {
   "begin": "3.120", 
   "end": "3.960", 
   "id": "f000008", 
   "language": "en", 
   "lines": [
    "see,"
   ]
  }, 
  {
   "begin": "3.960", 
   "end": "4.440", 
   "id": "f000009", 
   "language": "en", 
   "lines": [
    "I"
   ]
  }, 
  {
   "begin": "4.440", 
   "end": "4.760", 
   "id": "f000010", 
   "language": "en", 
   "lines": [
    "am"
   ]
  }, 
  {
   "begin": "4.760", 
   "end": "5.120", 
   "id": "f000011", 
   "language": "en", 
   "lines": [
    "older"
   ]
  }, 
  {
   "begin": "5.120", 
   "end": "5.480", 
   "id": "f000012", 
   "language": "en", 
   "lines": [
    "than"
   ]
  }, 
  {
   "begin": "5.480", 
   "end": "5.520", 
   "id": "f000013", 
   "language": "en", 
   "lines": [
    "him."
   ]
  }, 
  {
   "begin": "5.520", 
   "end": "5.640", 
   "id": "f000014", 
   "language": "en", 
   "lines": [
    ""
   ]
  }
 ]
}