{
 "fragments": [
  {
   "begin": "0.000", 
   "end": "0.480", 
   "id": "f000001", 
   "language": "en", 
   "lines": [
    "When"
   ]
  }, 
  {
   "begin": "0.480", 
   "end": "1.080", 
   "id": "f000002", 
   "language": "en", 
   "lines": [
    "Chinku"
   ]
  }, 
  {
   "begin": "1.080", 
   "end": "1.280", 
   "id": "f000003", 
   "language": "en", 
   "lines": [
    "is"
   ]
  }, 
  {
   "begin": "1.280", 
   "end": "1.440", 
   "id": "f000004", 
   "language": "en", 
   "lines": [
    "at"
   ]
  }, 
  {
   "begin": "1.440", 
   "end": "1.920", 
   "id": "f000005", 
   "language": "en", 
   "lines": [
    "school"
   ]
  }, 
  {
   "begin": "1.920", 
   "end": "2.440", 
   "id": "f000006", 
   "language": "en", 
   "lines": [
    "I"
   ]
  }, 
  {
   "begin": "2.440", 
   "end": "3.120", 
   "id": "f000007", 
   "language": "en", 
   "lines": [
    "help"
   ]
  }, 
  {
   "begin": "3.120", 
   "end": "4.120", 
   "id": "f000008", 
   "language": "en", 
   "lines": [
    "Ma."
   ]
  }, 
  {
   "begin": "4.120", 
   "end": "4.360", 
   "id": "f000009", 
   "language": "en", 
   "lines": [
    "I"
   ]
  }, 
  {
   "begin": "4.360", 
   "end": "4.720", 
   "id": "f000010", 
   "language": "en", 
   "lines": [
    "keep"
   ]
  }, 
  {
   "begin": "4.720", 
   "end": "4.960", 
   "id": "f000011", 
   "language": "en", 
   "lines": [
    "the"
   ]
  }, 
  {
   "begin": "4.960", 
   "end": "5.520", 
   "id": "f000012", 
   "language": "en", 
   "lines": [
    "crows"
   ]
  }, 
  {
   "begin": "5.520", 
   "end": "6.200", 
   "id": "f000013", 
   "language": "en", 
   "lines": [
    "away"
   ]
  }, 
  {
   "begin": "6.200", 
   "end": "6.360", 
   "id": "f000014", 
   "language": "en", 
   "lines": [
    "from"
   ]
  }, 
  {
   "begin": "6.360", 
   "end": "6.600", 
   "id": "f000015", 
   "language": "en", 
   "lines": [
    "the"
   ]
  }, 
  {
   "begin": "6.600", 
   "end": "7.360", 
   "id": "f000016", 
   "language": "en", 
   "lines": [
    "papads."
   ]
  }
 ]
}