{
 "fragments": [
  {
   "begin": "0.000", 
   "end": "0.400", 
   "id": "f000001", 
   "language": "en", 
   "lines": [
    "We"
   ]
  }, 
  {
   "begin": "0.400", 
   "end": "0.800", 
   "id": "f000002", 
   "language": "en", 
   "lines": [
    "even"
   ]
  }, 
  {
   "begin": "0.800", 
   "end": "1.400", 
   "id": "f000003", 
   "language": "en", 
   "lines": [
    "share"
   ]
  }, 
  {
   "begin": "1.400", 
   "end": "2.040", 
   "id": "f000004", 
   "language": "en", 
   "lines": [
    "Ma\u2019s"
   ]
  }, 
  {
   "begin": "2.040", 
   "end": "2.400", 
   "id": "f000005", 
   "language": "en", 
   "lines": [
    "scolding."
   ]
  }, 
  {
   "begin": "2.400", 
   "end": "3.000", 
   "id": "f000006", 
   "language": "en", 
   "lines": [
    "&nbsp;"
   ]
  }
 ]
}