{
 "fragments": [
  {
   "begin": "0.000", 
   "end": "0.720", 
   "id": "f000001", 
   "language": "en", 
   "lines": [
    "Today"
   ]
  }, 
  {
   "begin": "0.720", 
   "end": "1.360", 
   "id": "f000002", 
   "language": "en", 
   "lines": [
    "Chinku"
   ]
  }, 
  {
   "begin": "1.360", 
   "end": "1.640", 
   "id": "f000003", 
   "language": "en", 
   "lines": [
    "will"
   ]
  }, 
  {
   "begin": "1.640", 
   "end": "1.840", 
   "id": "f000004", 
   "language": "en", 
   "lines": [
    "be"
   ]
  }, 
  {
   "begin": "1.840", 
   "end": "2.160", 
   "id": "f000005", 
   "language": "en", 
   "lines": [
    "my"
   ]
  }, 
  {
   "begin": "2.160", 
   "end": "3.440", 
   "id": "f000006", 
   "language": "en", 
   "lines": [
    "teacher."
   ]
  }, 
  {
   "begin": "3.440", 
   "end": "3.720", 
   "id": "f000007", 
   "language": "en", 
   "lines": [
    "At"
   ]
  }, 
  {
   "begin": "3.720", 
   "end": "4.600", 
   "id": "f000008", 
   "language": "en", 
   "lines": [
    "last,"
   ]
  }, 
  {
   "begin": "4.600", 
   "end": "5.280", 
   "id": "f000009", 
   "language": "en", 
   "lines": [
    "I"
   ]
  }, 
  {
   "begin": "5.280", 
   "end": "5.600", 
   "id": "f000010", 
   "language": "en", 
   "lines": [
    "will"
   ]
  }, 
  {
   "begin": "5.600", 
   "end": "5.760", 
   "id": "f000011", 
   "language": "en", 
   "lines": [
    "learn"
   ]
  }, 
  {
   "begin": "5.760", 
   "end": "6.440", 
   "id": "f000012", 
   "language": "en", 
   "lines": [
    "something"
   ]
  }, 
  {
   "begin": "6.440", 
   "end": "6.640", 
   "id": "f000013", 
   "language": "en", 
   "lines": [
    "new."
   ]
  }
 ]
}