{
 "fragments": [
  {
   "begin": "0.000", 
   "end": "0.440", 
   "id": "f000001", 
   "language": "en", 
   "lines": [
    "\u201cWhat"
   ]
  }, 
  {
   "begin": "0.440", 
   "end": "0.880", 
   "id": "f000002", 
   "language": "en", 
   "lines": [
    "is"
   ]
  }, 
  {
   "begin": "0.880", 
   "end": "1.280", 
   "id": "f000003", 
   "language": "en", 
   "lines": [
    "wrong,"
   ]
  }, 
  {
   "begin": "1.280", 
   "end": "1.760", 
   "id": "f000004", 
   "language": "en", 
   "lines": [
    "Mangal"
   ]
  }, 
  {
   "begin": "1.760", 
   "end": "2.760", 
   "id": "f000005", 
   "language": "en", 
   "lines": [
    "Chacha?\u201d"
   ]
  }, 
  {
   "begin": "2.760", 
   "end": "3.280", 
   "id": "f000006", 
   "language": "en", 
   "lines": [
    "asked"
   ]
  }, 
  {
   "begin": "3.280", 
   "end": "3.480", 
   "id": "f000007", 
   "language": "en", 
   "lines": [
    "Gulli"
   ]
  }, 
  {
   "begin": "3.480", 
   "end": "3.960", 
   "id": "f000008", 
   "language": "en", 
   "lines": [
    "one"
   ]
  }, 
  {
   "begin": "3.960", 
   "end": "4.600", 
   "id": "f000009", 
   "language": "en", 
   "lines": [
    "Sunday."
   ]
  }, 
  {
   "begin": "4.600", 
   "end": "5.560", 
   "id": "f000010", 
   "language": "en", 
   "lines": [
    "\u201cI"
   ]
  }, 
  {
   "begin": "5.560", 
   "end": "5.840", 
   "id": "f000011", 
   "language": "en", 
   "lines": [
    "have"
   ]
  }, 
  {
   "begin": "5.840", 
   "end": "6.000", 
   "id": "f000012", 
   "language": "en", 
   "lines": [
    "to"
   ]
  }, 
  {
   "begin": "6.000", 
   "end": "6.520", 
   "id": "f000013", 
   "language": "en", 
   "lines": [
    "pour"
   ]
  }, 
  {
   "begin": "6.520", 
   "end": "6.880", 
   "id": "f000014", 
   "language": "en", 
   "lines": [
    "oil"
   ]
  }, 
  {
   "begin": "6.880", 
   "end": "7.120", 
   "id": "f000015", 
   "language": "en", 
   "lines": [
    "from"
   ]
  }, 
  {
   "begin": "7.120", 
   "end": "7.360", 
   "id": "f000016", 
   "language": "en", 
   "lines": [
    "this"
   ]
  }, 
  {
   "begin": "7.360", 
   "end": "8.000", 
   "id": "f000017", 
   "language": "en", 
   "lines": [
    "pack,"
   ]
  }, 
  {
   "begin": "8.000", 
   "end": "8.200", 
   "id": "f000018", 
   "language": "en", 
   "lines": [
    "but"
   ]
  }, 
  {
   "begin": "8.200", 
   "end": "8.400", 
   "id": "f000019", 
   "language": "en", 
   "lines": [
    "the"
   ]
  }, 
  {
   "begin": "8.400", 
   "end": "8.960", 
   "id": "f000020", 
   "language": "en", 
   "lines": [
    "bottle\u2019s"
   ]
  }, 
  {
   "begin": "8.960", 
   "end": "9.120", 
   "id": "f000021", 
   "language": "en", 
   "lines": [
    "neck"
   ]
  }, 
  {
   "begin": "9.120", 
   "end": "9.280", 
   "id": "f000022", 
   "language": "en", 
   "lines": [
    "is"
   ]
  }, 
  {
   "begin": "9.280", 
   "end": "9.640", 
   "id": "f000023", 
   "language": "en", 
   "lines": [
    "so"
   ]
  }, 
  {
   "begin": "9.640", 
   "end": "10.520", 
   "id": "f000024", 
   "language": "en", 
   "lines": [
    "small."
   ]
  }, 
  {
   "begin": "10.520", 
   "end": "10.760", 
   "id": "f000025", 
   "language": "en", 
   "lines": [
    "I"
   ]
  }, 
  {
   "begin": "10.760", 
   "end": "10.880", 
   "id": "f000026", 
   "language": "en", 
   "lines": [
    "am"
   ]
  }, 
  {
   "begin": "10.880", 
   "end": "11.360", 
   "id": "f000027", 
   "language": "en", 
   "lines": [
    "sure"
   ]
  }, 
  {
   "begin": "11.360", 
   "end": "11.720", 
   "id": "f000028", 
   "language": "en", 
   "lines": [
    "I"
   ]
  }, 
  {
   "begin": "11.720", 
   "end": "12.080", 
   "id": "f000029", 
   "language": "en", 
   "lines": [
    "will"
   ]
  }, 
  {
   "begin": "12.080", 
   "end": "12.280", 
   "id": "f000030", 
   "language": "en", 
   "lines": [
    "make"
   ]
  }, 
  {
   "begin": "12.280", 
   "end": "12.320", 
   "id": "f000031", 
   "language": "en", 
   "lines": [
    "a"
   ]
  }, 
  {
   "begin": "12.320", 
   "end": "12.760", 
   "id": "f000032", 
   "language": "en", 
   "lines": [
    "complete"
   ]
  }, 
  {
   "begin": "12.760", 
   "end": "13.080", 
   "id": "f000033", 
   "language": "en", 
   "lines": [
    "mess"
   ]
  }, 
  {
   "begin": "13.080", 
   "end": "13.160", 
   "id": "f000034", 
   "language": "en", 
   "lines": [
    "in"
   ]
  }, 
  {
   "begin": "13.160", 
   "end": "13.360", 
   "id": "f000035", 
   "language": "en", 
   "lines": [
    "my"
   ]
  }, 
  {
   "begin": "13.360", 
   "end": "14.640", 
   "id": "f000036", 
   "language": "en", 
   "lines": [
    "kitchen,\u201d"
   ]
  }, 
  {
   "begin": "14.640", 
   "end": "15.040", 
   "id": "f000037", 
   "language": "en", 
   "lines": [
    "said"
   ]
  }, 
  {
   "begin": "15.040", 
   "end": "15.480", 
   "id": "f000038", 
   "language": "en", 
   "lines": [
    "Mangal"
   ]
  }, 
  {
   "begin": "15.480", 
   "end": "16.120", 
   "id": "f000039", 
   "language": "en", 
   "lines": [
    "Chacha."
   ]
  }, 
  {
   "begin": "16.120", 
   "end": "17.880", 
   "id": "f000040", 
   "language": "en", 
   "lines": [
    "\u201cAh,"
   ]
  }, 
  {
   "begin": "17.880", 
   "end": "18.280", 
   "id": "f000041", 
   "language": "en", 
   "lines": [
    "don\u2019t"
   ]
  }, 
  {
   "begin": "18.280", 
   "end": "19.120", 
   "id": "f000042", 
   "language": "en", 
   "lines": [
    "worry,"
   ]
  }, 
  {
   "begin": "19.120", 
   "end": "19.360", 
   "id": "f000043", 
   "language": "en", 
   "lines": [
    "let"
   ]
  }, 
  {
   "begin": "19.360", 
   "end": "19.560", 
   "id": "f000044", 
   "language": "en", 
   "lines": [
    "me"
   ]
  }, 
  {
   "begin": "19.560", 
   "end": "20.280", 
   "id": "f000045", 
   "language": "en", 
   "lines": [
    "find"
   ]
  }, 
  {
   "begin": "20.280", 
   "end": "20.800", 
   "id": "f000046", 
   "language": "en", 
   "lines": [
    "you"
   ]
  }, 
  {
   "begin": "20.800", 
   "end": "21.200", 
   "id": "f000047", 
   "language": "en", 
   "lines": [
    "something"
   ]
  }, 
  {
   "begin": "21.200", 
   "end": "21.280", 
   "id": "f000048", 
   "language": "en", 
   "lines": [
    "really"
   ]
  }, 
  {
   "begin": "21.280", 
   "end": "22.600", 
   "id": "f000049", 
   "language": "en", 
   "lines": [
    "fast,\u201d"
   ]
  }, 
  {
   "begin": "22.600", 
   "end": "23.080", 
   "id": "f000050", 
   "language": "en", 
   "lines": [
    "said"
   ]
  }, 
  {
   "begin": "23.080", 
   "end": "24.240", 
   "id": "f000051", 
   "language": "en", 
   "lines": [
    "Gulli."
   ]
  }
 ]
}