{
 "fragments": [
  {
   "begin": "0.000", 
   "end": "0.720", 
   "id": "f000001", 
   "language": "en", 
   "lines": [
    "Clink,"
   ]
  }, 
  {
   "begin": "0.720", 
   "end": "1.480", 
   "id": "f000002", 
   "language": "en", 
   "lines": [
    "clonk,"
   ]
  }, 
  {
   "begin": "1.480", 
   "end": "2.040", 
   "id": "f000003", 
   "language": "en", 
   "lines": [
    "dadum-dum,"
   ]
  }, 
  {
   "begin": "2.040", 
   "end": "3.360", 
   "id": "f000004", 
   "language": "en", 
   "lines": [
    "&nbsp;what"
   ]
  }, 
  {
   "begin": "3.360", 
   "end": "3.840", 
   "id": "f000005", 
   "language": "en", 
   "lines": [
    "has"
   ]
  }, 
  {
   "begin": "3.840", 
   "end": "4.320", 
   "id": "f000006", 
   "language": "en", 
   "lines": [
    "Gulli"
   ]
  }, 
  {
   "begin": "4.320", 
   "end": "4.720", 
   "id": "f000007", 
   "language": "en", 
   "lines": [
    "found"
   ]
  }, 
  {
   "begin": "4.720", 
   "end": "5.000", 
   "id": "f000008", 
   "language": "en", 
   "lines": [
    "this"
   ]
  }, 
  {
   "begin": "5.000", 
   "end": "5.560", 
   "id": "f000009", 
   "language": "en", 
   "lines": [
    "time?"
   ]
  }, 
  {
   "begin": "5.560", 
   "end": "7.120", 
   "id": "f000010", 
   "language": "en", 
   "lines": [
    "&nbsp;A"
   ]
  }, 
  {
   "begin": "7.120", 
   "end": "7.840", 
   "id": "f000011", 
   "language": "en", 
   "lines": [
    "magnet!"
   ]
  }, 
  {
   "begin": "7.840", 
   "end": "8.480", 
   "id": "f000012", 
   "language": "en", 
   "lines": [
    "All"
   ]
  }, 
  {
   "begin": "8.480", 
   "end": "8.720", 
   "id": "f000013", 
   "language": "en", 
   "lines": [
    "the"
   ]
  }, 
  {
   "begin": "8.720", 
   "end": "8.880", 
   "id": "f000014", 
   "language": "en", 
   "lines": [
    "little"
   ]
  }, 
  {
   "begin": "8.880", 
   "end": "9.160", 
   "id": "f000015", 
   "language": "en", 
   "lines": [
    "metal"
   ]
  }, 
  {
   "begin": "9.160", 
   "end": "9.920", 
   "id": "f000016", 
   "language": "en", 
   "lines": [
    "things"
   ]
  }, 
  {
   "begin": "9.920", 
   "end": "10.320", 
   "id": "f000017", 
   "language": "en", 
   "lines": [
    "will"
   ]
  }, 
  {
   "begin": "10.320", 
   "end": "10.560", 
   "id": "f000018", 
   "language": "en", 
   "lines": [
    "stick"
   ]
  }, 
  {
   "begin": "10.560", 
   "end": "10.760", 
   "id": "f000019", 
   "language": "en", 
   "lines": [
    "to"
   ]
  }, 
  {
   "begin": "10.760", 
   "end": "11.240", 
   "id": "f000020", 
   "language": "en", 
   "lines": [
    "that!"
   ]
  }, 
  {
   "begin": "11.240", 
   "end": "12.600", 
   "id": "f000021", 
   "language": "en", 
   "lines": [
    "\"Let"
   ]
  }, 
  {
   "begin": "12.600", 
   "end": "12.600", 
   "id": "f000022", 
   "language": "en", 
   "lines": [
    "me"
   ]
  }, 
  {
   "begin": "12.600", 
   "end": "12.600", 
   "id": "f000023", 
   "language": "en", 
   "lines": [
    "scan"
   ]
  }, 
  {
   "begin": "12.600", 
   "end": "12.680", 
   "id": "f000024", 
   "language": "en", 
   "lines": [
    "the"
   ]
  }, 
  {
   "begin": "12.680", 
   "end": "13.200", 
   "id": "f000025", 
   "language": "en", 
   "lines": [
    "ground,"
   ]
  }, 
  {
   "begin": "13.200", 
   "end": "13.880", 
   "id": "f000026", 
   "language": "en", 
   "lines": [
    "and"
   ]
  }, 
  {
   "begin": "13.880", 
   "end": "14.680", 
   "id": "f000027", 
   "language": "en", 
   "lines": [
    "the"
   ]
  }, 
  {
   "begin": "14.680", 
   "end": "15.040", 
   "id": "f000028", 
   "language": "en", 
   "lines": [
    "needle"
   ]
  }, 
  {
   "begin": "15.040", 
   "end": "15.560", 
   "id": "f000029", 
   "language": "en", 
   "lines": [
    "will"
   ]
  }, 
  {
   "begin": "15.560", 
   "end": "16.120", 
   "id": "f000030", 
   "language": "en", 
   "lines": [
    "soon"
   ]
  }, 
  {
   "begin": "16.120", 
   "end": "16.440", 
   "id": "f000031", 
   "language": "en", 
   "lines": [
    "be"
   ]
  }, 
  {
   "begin": "16.440", 
   "end": "17.680", 
   "id": "f000032", 
   "language": "en", 
   "lines": [
    "found,\""
   ]
  }, 
  {
   "begin": "17.680", 
   "end": "18.080", 
   "id": "f000033", 
   "language": "en", 
   "lines": [
    "said"
   ]
  }, 
  {
   "begin": "18.080", 
   "end": "18.640", 
   "id": "f000034", 
   "language": "en", 
   "lines": [
    "Gulli."
   ]
  }
 ]
}