{
 "fragments": [
  {
   "begin": "0.000", 
   "end": "0.120", 
   "id": "f000001", 
   "language": "en", 
   "lines": [
    "\u201cWhat"
   ]
  }, 
  {
   "begin": "0.120", 
   "end": "0.320", 
   "id": "f000002", 
   "language": "en", 
   "lines": [
    "are"
   ]
  }, 
  {
   "begin": "0.320", 
   "end": "0.640", 
   "id": "f000003", 
   "language": "en", 
   "lines": [
    "you"
   ]
  }, 
  {
   "begin": "0.640", 
   "end": "1.240", 
   "id": "f000004", 
   "language": "en", 
   "lines": [
    "looking"
   ]
  }, 
  {
   "begin": "1.240", 
   "end": "1.600", 
   "id": "f000005", 
   "language": "en", 
   "lines": [
    "for,"
   ]
  }, 
  {
   "begin": "1.600", 
   "end": "2.880", 
   "id": "f000006", 
   "language": "en", 
   "lines": [
    "Grandma?\u201d"
   ]
  }, 
  {
   "begin": "2.880", 
   "end": "3.400", 
   "id": "f000007", 
   "language": "en", 
   "lines": [
    "asked"
   ]
  }, 
  {
   "begin": "3.400", 
   "end": "3.960", 
   "id": "f000008", 
   "language": "en", 
   "lines": [
    "Gulli."
   ]
  }, 
  {
   "begin": "3.960", 
   "end": "5.680", 
   "id": "f000009", 
   "language": "en", 
   "lines": [
    "\u201cOh,"
   ]
  }, 
  {
   "begin": "5.680", 
   "end": "6.000", 
   "id": "f000010", 
   "language": "en", 
   "lines": [
    "I"
   ]
  }, 
  {
   "begin": "6.000", 
   "end": "6.440", 
   "id": "f000011", 
   "language": "en", 
   "lines": [
    "was"
   ]
  }, 
  {
   "begin": "6.440", 
   "end": "6.960", 
   "id": "f000012", 
   "language": "en", 
   "lines": [
    "mending"
   ]
  }, 
  {
   "begin": "6.960", 
   "end": "7.800", 
   "id": "f000013", 
   "language": "en", 
   "lines": [
    "Grandpa\u2019s"
   ]
  }, 
  {
   "begin": "7.800", 
   "end": "8.440", 
   "id": "f000014", 
   "language": "en", 
   "lines": [
    "monkey"
   ]
  }, 
  {
   "begin": "8.440", 
   "end": "9.080", 
   "id": "f000015", 
   "language": "en", 
   "lines": [
    "cap,"
   ]
  }, 
  {
   "begin": "9.080", 
   "end": "9.520", 
   "id": "f000016", 
   "language": "en", 
   "lines": [
    "and"
   ]
  }, 
  {
   "begin": "9.520", 
   "end": "9.720", 
   "id": "f000017", 
   "language": "en", 
   "lines": [
    "the"
   ]
  }, 
  {
   "begin": "9.720", 
   "end": "10.000", 
   "id": "f000018", 
   "language": "en", 
   "lines": [
    "needle"
   ]
  }, 
  {
   "begin": "10.000", 
   "end": "10.360", 
   "id": "f000019", 
   "language": "en", 
   "lines": [
    "just"
   ]
  }, 
  {
   "begin": "10.360", 
   "end": "10.920", 
   "id": "f000020", 
   "language": "en", 
   "lines": [
    "fell"
   ]
  }, 
  {
   "begin": "10.920", 
   "end": "11.080", 
   "id": "f000021", 
   "language": "en", 
   "lines": [
    "off"
   ]
  }, 
  {
   "begin": "11.080", 
   "end": "11.640", 
   "id": "f000022", 
   "language": "en", 
   "lines": [
    "from"
   ]
  }, 
  {
   "begin": "11.640", 
   "end": "12.040", 
   "id": "f000023", 
   "language": "en", 
   "lines": [
    "my"
   ]
  }, 
  {
   "begin": "12.040", 
   "end": "12.880", 
   "id": "f000024", 
   "language": "en", 
   "lines": [
    "lap!\u201d"
   ]
  }, 
  {
   "begin": "12.880", 
   "end": "13.280", 
   "id": "f000025", 
   "language": "en", 
   "lines": [
    "said"
   ]
  }, 
  {
   "begin": "13.280", 
   "end": "13.920", 
   "id": "f000026", 
   "language": "en", 
   "lines": [
    "Grandma."
   ]
  }, 
  {
   "begin": "13.920", 
   "end": "15.080", 
   "id": "f000027", 
   "language": "en", 
   "lines": [
    "\u201cYou"
   ]
  }, 
  {
   "begin": "15.080", 
   "end": "15.480", 
   "id": "f000028", 
   "language": "en", 
   "lines": [
    "just"
   ]
  }, 
  {
   "begin": "15.480", 
   "end": "15.640", 
   "id": "f000029", 
   "language": "en", 
   "lines": [
    "sit"
   ]
  }, 
  {
   "begin": "15.640", 
   "end": "16.280", 
   "id": "f000030", 
   "language": "en", 
   "lines": [
    "here"
   ]
  }, 
  {
   "begin": "16.280", 
   "end": "16.480", 
   "id": "f000031", 
   "language": "en", 
   "lines": [
    "on"
   ]
  }, 
  {
   "begin": "16.480", 
   "end": "16.480", 
   "id": "f000032", 
   "language": "en", 
   "lines": [
    "the"
   ]
  }, 
  {
   "begin": "16.480", 
   "end": "17.160", 
   "id": "f000033", 
   "language": "en", 
   "lines": [
    "chair"
   ]
  }, 
  {
   "begin": "17.160", 
   "end": "17.600", 
   "id": "f000034", 
   "language": "en", 
   "lines": [
    "that"
   ]
  }, 
  {
   "begin": "17.600", 
   "end": "18.160", 
   "id": "f000035", 
   "language": "en", 
   "lines": [
    "rocks,"
   ]
  }, 
  {
   "begin": "18.160", 
   "end": "18.520", 
   "id": "f000036", 
   "language": "en", 
   "lines": [
    "while"
   ]
  }, 
  {
   "begin": "18.520", 
   "end": "18.760", 
   "id": "f000037", 
   "language": "en", 
   "lines": [
    "I"
   ]
  }, 
  {
   "begin": "18.760", 
   "end": "18.760", 
   "id": "f000038", 
   "language": "en", 
   "lines": [
    "go"
   ]
  }, 
  {
   "begin": "18.760", 
   "end": "19.080", 
   "id": "f000039", 
   "language": "en", 
   "lines": [
    "find"
   ]
  }, 
  {
   "begin": "19.080", 
   "end": "19.680", 
   "id": "f000040", 
   "language": "en", 
   "lines": [
    "something"
   ]
  }, 
  {
   "begin": "19.680", 
   "end": "19.680", 
   "id": "f000041", 
   "language": "en", 
   "lines": [
    "from"
   ]
  }, 
  {
   "begin": "19.680", 
   "end": "20.240", 
   "id": "f000042", 
   "language": "en", 
   "lines": [
    "my"
   ]
  }, 
  {
   "begin": "20.240", 
   "end": "20.880", 
   "id": "f000043", 
   "language": "en", 
   "lines": [
    "little"
   ]
  }, 
  {
   "begin": "20.880", 
   "end": "21.240", 
   "id": "f000044", 
   "language": "en", 
   "lines": [
    "brown"
   ]
  }, 
  {
   "begin": "21.240", 
   "end": "22.320", 
   "id": "f000045", 
   "language": "en", 
   "lines": [
    "box!\u201d"
   ]
  }, 
  {
   "begin": "22.320", 
   "end": "22.720", 
   "id": "f000046", 
   "language": "en", 
   "lines": [
    "said"
   ]
  }, 
  {
   "begin": "22.720", 
   "end": "23.320", 
   "id": "f000047", 
   "language": "en", 
   "lines": [
    "Gulli."
   ]
  }
 ]
}