{
 "fragments": [
  {
   "begin": "0.000", 
   "end": "0.000", 
   "id": "f000001", 
   "language": "en", 
   "lines": [
    "A"
   ]
  }, 
  {
   "begin": "0.000", 
   "end": "1.160", 
   "id": "f000002", 
   "language": "en", 
   "lines": [
    "funnel"
   ]
  }, 
  {
   "begin": "1.160", 
   "end": "1.400", 
   "id": "f000003", 
   "language": "en", 
   "lines": [
    "with"
   ]
  }, 
  {
   "begin": "1.400", 
   "end": "1.600", 
   "id": "f000004", 
   "language": "en", 
   "lines": [
    "a"
   ]
  }, 
  {
   "begin": "1.600", 
   "end": "2.160", 
   "id": "f000005", 
   "language": "en", 
   "lines": [
    "big,"
   ]
  }, 
  {
   "begin": "2.160", 
   "end": "2.840", 
   "id": "f000006", 
   "language": "en", 
   "lines": [
    "wide"
   ]
  }, 
  {
   "begin": "2.840", 
   "end": "3.360", 
   "id": "f000007", 
   "language": "en", 
   "lines": [
    "mouth!"
   ]
  }, 
  {
   "begin": "3.360", 
   "end": "4.360", 
   "id": "f000008", 
   "language": "en", 
   "lines": [
    "Pour"
   ]
  }, 
  {
   "begin": "4.360", 
   "end": "4.960", 
   "id": "f000009", 
   "language": "en", 
   "lines": [
    "anything"
   ]
  }, 
  {
   "begin": "4.960", 
   "end": "5.320", 
   "id": "f000010", 
   "language": "en", 
   "lines": [
    "from"
   ]
  }, 
  {
   "begin": "5.320", 
   "end": "5.320", 
   "id": "f000011", 
   "language": "en", 
   "lines": [
    "the"
   ]
  }, 
  {
   "begin": "5.320", 
   "end": "5.720", 
   "id": "f000012", 
   "language": "en", 
   "lines": [
    "top,"
   ]
  }, 
  {
   "begin": "5.720", 
   "end": "6.400", 
   "id": "f000013", 
   "language": "en", 
   "lines": [
    "and"
   ]
  }, 
  {
   "begin": "6.400", 
   "end": "6.720", 
   "id": "f000014", 
   "language": "en", 
   "lines": [
    "see"
   ]
  }, 
  {
   "begin": "6.720", 
   "end": "6.960", 
   "id": "f000015", 
   "language": "en", 
   "lines": [
    "how"
   ]
  }, 
  {
   "begin": "6.960", 
   "end": "7.040", 
   "id": "f000016", 
   "language": "en", 
   "lines": [
    "it"
   ]
  }, 
  {
   "begin": "7.040", 
   "end": "7.400", 
   "id": "f000017", 
   "language": "en", 
   "lines": [
    "comes"
   ]
  }, 
  {
   "begin": "7.400", 
   "end": "7.720", 
   "id": "f000018", 
   "language": "en", 
   "lines": [
    "down"
   ]
  }, 
  {
   "begin": "7.720", 
   "end": "8.280", 
   "id": "f000019", 
   "language": "en", 
   "lines": [
    "so"
   ]
  }, 
  {
   "begin": "8.280", 
   "end": "9.320", 
   "id": "f000020", 
   "language": "en", 
   "lines": [
    "neatly,"
   ]
  }, 
  {
   "begin": "9.320", 
   "end": "9.680", 
   "id": "f000021", 
   "language": "en", 
   "lines": [
    "drop"
   ]
  }, 
  {
   "begin": "9.680", 
   "end": "10.040", 
   "id": "f000022", 
   "language": "en", 
   "lines": [
    "by"
   ]
  }, 
  {
   "begin": "10.040", 
   "end": "10.520", 
   "id": "f000023", 
   "language": "en", 
   "lines": [
    "drop!"
   ]
  }, 
  {
   "begin": "10.520", 
   "end": "11.840", 
   "id": "f000024", 
   "language": "en", 
   "lines": [
    "\"Here,"
   ]
  }, 
  {
   "begin": "11.840", 
   "end": "12.160", 
   "id": "f000025", 
   "language": "en", 
   "lines": [
    "Mangal"
   ]
  }, 
  {
   "begin": "12.160", 
   "end": "12.960", 
   "id": "f000026", 
   "language": "en", 
   "lines": [
    "Chacha,"
   ]
  }, 
  {
   "begin": "12.960", 
   "end": "13.320", 
   "id": "f000027", 
   "language": "en", 
   "lines": [
    "use"
   ]
  }, 
  {
   "begin": "13.320", 
   "end": "13.880", 
   "id": "f000028", 
   "language": "en", 
   "lines": [
    "this"
   ]
  }, 
  {
   "begin": "13.880", 
   "end": "14.320", 
   "id": "f000029", 
   "language": "en", 
   "lines": [
    "one,"
   ]
  }, 
  {
   "begin": "14.320", 
   "end": "14.480", 
   "id": "f000030", 
   "language": "en", 
   "lines": [
    "the"
   ]
  }, 
  {
   "begin": "14.480", 
   "end": "15.080", 
   "id": "f000031", 
   "language": "en", 
   "lines": [
    "kitchen"
   ]
  }, 
  {
   "begin": "15.080", 
   "end": "15.080", 
   "id": "f000032", 
   "language": "en", 
   "lines": [
    "will"
   ]
  }, 
  {
   "begin": "15.080", 
   "end": "15.280", 
   "id": "f000033", 
   "language": "en", 
   "lines": [
    "be"
   ]
  }, 
  {
   "begin": "15.280", 
   "end": "16.040", 
   "id": "f000034", 
   "language": "en", 
   "lines": [
    "clean"
   ]
  }, 
  {
   "begin": "16.040", 
   "end": "16.320", 
   "id": "f000035", 
   "language": "en", 
   "lines": [
    "and"
   ]
  }, 
  {
   "begin": "16.320", 
   "end": "16.720", 
   "id": "f000036", 
   "language": "en", 
   "lines": [
    "cooking"
   ]
  }, 
  {
   "begin": "16.720", 
   "end": "16.960", 
   "id": "f000037", 
   "language": "en", 
   "lines": [
    "will"
   ]
  }, 
  {
   "begin": "16.960", 
   "end": "17.280", 
   "id": "f000038", 
   "language": "en", 
   "lines": [
    "be"
   ]
  }, 
  {
   "begin": "17.280", 
   "end": "17.680", 
   "id": "f000039", 
   "language": "en", 
   "lines": [
    "fun.\""
   ]
  }
 ]
}