{
 "fragments": [
  {
   "begin": "0.000", 
   "end": "1.120", 
   "id": "f000001", 
   "language": "en", 
   "lines": [
    "\u201cAh,"
   ]
  }, 
  {
   "begin": "1.120", 
   "end": "1.680", 
   "id": "f000002", 
   "language": "en", 
   "lines": [
    "don\u2019t"
   ]
  }, 
  {
   "begin": "1.680", 
   "end": "1.920", 
   "id": "f000003", 
   "language": "en", 
   "lines": [
    "you"
   ]
  }, 
  {
   "begin": "1.920", 
   "end": "1.960", 
   "id": "f000004", 
   "language": "en", 
   "lines": [
    "worry,"
   ]
  }, 
  {
   "begin": "1.960", 
   "end": "3.040", 
   "id": "f000005", 
   "language": "en", 
   "lines": [
    "Grandpa."
   ]
  }, 
  {
   "begin": "3.040", 
   "end": "3.280", 
   "id": "f000006", 
   "language": "en", 
   "lines": [
    "Let"
   ]
  }, 
  {
   "begin": "3.280", 
   "end": "3.520", 
   "id": "f000007", 
   "language": "en", 
   "lines": [
    "me"
   ]
  }, 
  {
   "begin": "3.520", 
   "end": "3.600", 
   "id": "f000008", 
   "language": "en", 
   "lines": [
    "go"
   ]
  }, 
  {
   "begin": "3.600", 
   "end": "4.040", 
   "id": "f000009", 
   "language": "en", 
   "lines": [
    "and"
   ]
  }, 
  {
   "begin": "4.040", 
   "end": "4.280", 
   "id": "f000010", 
   "language": "en", 
   "lines": [
    "get"
   ]
  }, 
  {
   "begin": "4.280", 
   "end": "4.520", 
   "id": "f000011", 
   "language": "en", 
   "lines": [
    "my"
   ]
  }, 
  {
   "begin": "4.520", 
   "end": "5.040", 
   "id": "f000012", 
   "language": "en", 
   "lines": [
    "box"
   ]
  }, 
  {
   "begin": "5.040", 
   "end": "5.040", 
   "id": "f000013", 
   "language": "en", 
   "lines": [
    "of"
   ]
  }, 
  {
   "begin": "5.040", 
   "end": "5.560", 
   "id": "f000014", 
   "language": "en", 
   "lines": [
    "things.\u201d\n"
   ]
  }, 
  {
   "begin": "5.560", 
   "end": "6.920", 
   "id": "f000015", 
   "language": "en", 
   "lines": [
    "Gulli"
   ]
  }, 
  {
   "begin": "6.920", 
   "end": "7.160", 
   "id": "f000016", 
   "language": "en", 
   "lines": [
    "ran"
   ]
  }, 
  {
   "begin": "7.160", 
   "end": "7.360", 
   "id": "f000017", 
   "language": "en", 
   "lines": [
    "out"
   ]
  }, 
  {
   "begin": "7.360", 
   "end": "8.320", 
   "id": "f000018", 
   "language": "en", 
   "lines": [
    "fast,"
   ]
  }, 
  {
   "begin": "8.320", 
   "end": "8.480", 
   "id": "f000019", 
   "language": "en", 
   "lines": [
    "and"
   ]
  }, 
  {
   "begin": "8.480", 
   "end": "8.840", 
   "id": "f000020", 
   "language": "en", 
   "lines": [
    "came"
   ]
  }, 
  {
   "begin": "8.840", 
   "end": "9.480", 
   "id": "f000021", 
   "language": "en", 
   "lines": [
    "back"
   ]
  }, 
  {
   "begin": "9.480", 
   "end": "9.640", 
   "id": "f000022", 
   "language": "en", 
   "lines": [
    "with"
   ]
  }, 
  {
   "begin": "9.640", 
   "end": "9.840", 
   "id": "f000023", 
   "language": "en", 
   "lines": [
    "his"
   ]
  }, 
  {
   "begin": "9.840", 
   "end": "10.280", 
   "id": "f000024", 
   "language": "en", 
   "lines": [
    "little"
   ]
  }, 
  {
   "begin": "10.280", 
   "end": "10.640", 
   "id": "f000025", 
   "language": "en", 
   "lines": [
    "brown"
   ]
  }, 
  {
   "begin": "10.640", 
   "end": "11.320", 
   "id": "f000026", 
   "language": "en", 
   "lines": [
    "box."
   ]
  }
 ]
}