{
 "fragments": [
  {
   "begin": "0.000", 
   "end": "0.560", 
   "id": "f000001", 
   "language": "en", 
   "lines": [
    "\u201cLook"
   ]
  }, 
  {
   "begin": "0.560", 
   "end": "1.760", 
   "id": "f000002", 
   "language": "en", 
   "lines": [
    "Grandma,"
   ]
  }, 
  {
   "begin": "1.760", 
   "end": "2.280", 
   "id": "f000003", 
   "language": "en", 
   "lines": [
    "see"
   ]
  }, 
  {
   "begin": "2.280", 
   "end": "2.480", 
   "id": "f000004", 
   "language": "en", 
   "lines": [
    "how"
   ]
  }, 
  {
   "begin": "2.480", 
   "end": "2.640", 
   "id": "f000005", 
   "language": "en", 
   "lines": [
    "your"
   ]
  }, 
  {
   "begin": "2.640", 
   "end": "2.680", 
   "id": "f000006", 
   "language": "en", 
   "lines": [
    "needle"
   ]
  }, 
  {
   "begin": "2.680", 
   "end": "3.120", 
   "id": "f000007", 
   "language": "en", 
   "lines": [
    "is"
   ]
  }, 
  {
   "begin": "3.120", 
   "end": "3.240", 
   "id": "f000008", 
   "language": "en", 
   "lines": [
    "stuck,"
   ]
  }, 
  {
   "begin": "3.240", 
   "end": "3.880", 
   "id": "f000009", 
   "language": "en", 
   "lines": [
    "and"
   ]
  }, 
  {
   "begin": "3.880", 
   "end": "4.320", 
   "id": "f000010", 
   "language": "en", 
   "lines": [
    "I"
   ]
  }, 
  {
   "begin": "4.320", 
   "end": "4.800", 
   "id": "f000011", 
   "language": "en", 
   "lines": [
    "also"
   ]
  }, 
  {
   "begin": "4.800", 
   "end": "5.520", 
   "id": "f000012", 
   "language": "en", 
   "lines": [
    "found"
   ]
  }, 
  {
   "begin": "5.520", 
   "end": "6.000", 
   "id": "f000013", 
   "language": "en", 
   "lines": [
    "other"
   ]
  }, 
  {
   "begin": "6.000", 
   "end": "6.880", 
   "id": "f000014", 
   "language": "en", 
   "lines": [
    "long-lost"
   ]
  }, 
  {
   "begin": "6.880", 
   "end": "7.400", 
   "id": "f000015", 
   "language": "en", 
   "lines": [
    "metal"
   ]
  }, 
  {
   "begin": "7.400", 
   "end": "7.520", 
   "id": "f000016", 
   "language": "en", 
   "lines": [
    "stuff!\u201d"
   ]
  }, 
  {
   "begin": "7.520", 
   "end": "8.760", 
   "id": "f000017", 
   "language": "en", 
   "lines": [
    "\u201cThank"
   ]
  }, 
  {
   "begin": "8.760", 
   "end": "9.320", 
   "id": "f000018", 
   "language": "en", 
   "lines": [
    "you"
   ]
  }, 
  {
   "begin": "9.320", 
   "end": "9.560", 
   "id": "f000019", 
   "language": "en", 
   "lines": [
    "Gulli,"
   ]
  }, 
  {
   "begin": "9.560", 
   "end": "10.320", 
   "id": "f000020", 
   "language": "en", 
   "lines": [
    "you"
   ]
  }, 
  {
   "begin": "10.320", 
   "end": "10.640", 
   "id": "f000021", 
   "language": "en", 
   "lines": [
    "are"
   ]
  }, 
  {
   "begin": "10.640", 
   "end": "10.920", 
   "id": "f000022", 
   "language": "en", 
   "lines": [
    "so"
   ]
  }, 
  {
   "begin": "10.920", 
   "end": "12.280", 
   "id": "f000023", 
   "language": "en", 
   "lines": [
    "wise."
   ]
  }, 
  {
   "begin": "12.280", 
   "end": "12.640", 
   "id": "f000024", 
   "language": "en", 
   "lines": [
    "Your"
   ]
  }, 
  {
   "begin": "12.640", 
   "end": "13.080", 
   "id": "f000025", 
   "language": "en", 
   "lines": [
    "little"
   ]
  }, 
  {
   "begin": "13.080", 
   "end": "13.560", 
   "id": "f000026", 
   "language": "en", 
   "lines": [
    "brown"
   ]
  }, 
  {
   "begin": "13.560", 
   "end": "14.160", 
   "id": "f000027", 
   "language": "en", 
   "lines": [
    "box"
   ]
  }, 
  {
   "begin": "14.160", 
   "end": "14.680", 
   "id": "f000028", 
   "language": "en", 
   "lines": [
    "is"
   ]
  }, 
  {
   "begin": "14.680", 
   "end": "15.320", 
   "id": "f000029", 
   "language": "en", 
   "lines": [
    "really"
   ]
  }, 
  {
   "begin": "15.320", 
   "end": "16.360", 
   "id": "f000030", 
   "language": "en", 
   "lines": [
    "nice!\u201d"
   ]
  }, 
  {
   "begin": "16.360", 
   "end": "16.760", 
   "id": "f000031", 
   "language": "en", 
   "lines": [
    "said"
   ]
  }, 
  {
   "begin": "16.760", 
   "end": "17.640", 
   "id": "f000032", 
   "language": "en", 
   "lines": [
    "Grandma."
   ]
  }
 ]
}