{
 "fragments": [
  {
   "begin": "0.000", 
   "end": "0.480", 
   "id": "f000001", 
   "language": "en", 
   "lines": [
    "\"Thank"
   ]
  }, 
  {
   "begin": "0.480", 
   "end": "0.800", 
   "id": "f000002", 
   "language": "en", 
   "lines": [
    "you"
   ]
  }, 
  {
   "begin": "0.800", 
   "end": "1.280", 
   "id": "f000003", 
   "language": "en", 
   "lines": [
    "Gulli,"
   ]
  }, 
  {
   "begin": "1.280", 
   "end": "1.440", 
   "id": "f000004", 
   "language": "en", 
   "lines": [
    "for"
   ]
  }, 
  {
   "begin": "1.440", 
   "end": "1.680", 
   "id": "f000005", 
   "language": "en", 
   "lines": [
    "helping"
   ]
  }, 
  {
   "begin": "1.680", 
   "end": "2.040", 
   "id": "f000006", 
   "language": "en", 
   "lines": [
    "me"
   ]
  }, 
  {
   "begin": "2.040", 
   "end": "2.680", 
   "id": "f000007", 
   "language": "en", 
   "lines": [
    "out!\""
   ]
  }
 ]
}