{
 "fragments": [
  {
   "begin": "0.000", 
   "end": "0.600", 
   "id": "f000001", 
   "language": "en", 
   "lines": [
    "Five"
   ]
  }, 
  {
   "begin": "0.600", 
   "end": "0.960", 
   "id": "f000002", 
   "language": "en", 
   "lines": [
    "days"
   ]
  }, 
  {
   "begin": "0.960", 
   "end": "2.240", 
   "id": "f000003", 
   "language": "en", 
   "lines": [
    "passed."
   ]
  }, 
  {
   "begin": "2.240", 
   "end": "2.400", 
   "id": "f000004", 
   "language": "en", 
   "lines": [
    "The"
   ]
  }, 
  {
   "begin": "2.400", 
   "end": "3.120", 
   "id": "f000005", 
   "language": "en", 
   "lines": [
    "postman"
   ]
  }, 
  {
   "begin": "3.120", 
   "end": "3.440", 
   "id": "f000006", 
   "language": "en", 
   "lines": [
    "brought"
   ]
  }, 
  {
   "begin": "3.440", 
   "end": "3.800", 
   "id": "f000007", 
   "language": "en", 
   "lines": [
    "a"
   ]
  }, 
  {
   "begin": "3.800", 
   "end": "3.960", 
   "id": "f000008", 
   "language": "en", 
   "lines": [
    "letter"
   ]
  }, 
  {
   "begin": "3.960", 
   "end": "4.160", 
   "id": "f000009", 
   "language": "en", 
   "lines": [
    "to"
   ]
  }, 
  {
   "begin": "4.160", 
   "end": "5.520", 
   "id": "f000010", 
   "language": "en", 
   "lines": [
    "Grandpa."
   ]
  }, 
  {
   "begin": "5.520", 
   "end": "5.880", 
   "id": "f000011", 
   "language": "en", 
   "lines": [
    "Grandpa"
   ]
  }, 
  {
   "begin": "5.880", 
   "end": "6.280", 
   "id": "f000012", 
   "language": "en", 
   "lines": [
    "read"
   ]
  }, 
  {
   "begin": "6.280", 
   "end": "6.440", 
   "id": "f000013", 
   "language": "en", 
   "lines": [
    "it"
   ]
  }, 
  {
   "begin": "6.440", 
   "end": "6.480", 
   "id": "f000014", 
   "language": "en", 
   "lines": [
    "with"
   ]
  }, 
  {
   "begin": "6.480", 
   "end": "6.720", 
   "id": "f000015", 
   "language": "en", 
   "lines": [
    "a"
   ]
  }, 
  {
   "begin": "6.720", 
   "end": "7.320", 
   "id": "f000016", 
   "language": "en", 
   "lines": [
    "smile."
   ]
  }, 
  {
   "begin": "7.320", 
   "end": "8.800", 
   "id": "f000017", 
   "language": "en", 
   "lines": [
    "\u201cRitu,"
   ]
  }, 
  {
   "begin": "8.800", 
   "end": "9.240", 
   "id": "f000018", 
   "language": "en", 
   "lines": [
    "your"
   ]
  }, 
  {
   "begin": "9.240", 
   "end": "9.720", 
   "id": "f000019", 
   "language": "en", 
   "lines": [
    "aunty"
   ]
  }, 
  {
   "begin": "9.720", 
   "end": "10.400", 
   "id": "f000020", 
   "language": "en", 
   "lines": [
    "says"
   ]
  }, 
  {
   "begin": "10.400", 
   "end": "10.560", 
   "id": "f000021", 
   "language": "en", 
   "lines": [
    "she"
   ]
  }, 
  {
   "begin": "10.560", 
   "end": "10.880", 
   "id": "f000022", 
   "language": "en", 
   "lines": [
    "will"
   ]
  }, 
  {
   "begin": "10.880", 
   "end": "11.320", 
   "id": "f000023", 
   "language": "en", 
   "lines": [
    "send"
   ]
  }, 
  {
   "begin": "11.320", 
   "end": "11.680", 
   "id": "f000024", 
   "language": "en", 
   "lines": [
    "Mani"
   ]
  }, 
  {
   "begin": "11.680", 
   "end": "12.200", 
   "id": "f000025", 
   "language": "en", 
   "lines": [
    "here"
   ]
  }, 
  {
   "begin": "12.200", 
   "end": "13.440", 
   "id": "f000026", 
   "language": "en", 
   "lines": [
    "day-after."
   ]
  }, 
  {
   "begin": "13.440", 
   "end": "13.680", 
   "id": "f000027", 
   "language": "en", 
   "lines": [
    "Let"
   ]
  }, 
  {
   "begin": "13.680", 
   "end": "14.080", 
   "id": "f000028", 
   "language": "en", 
   "lines": [
    "me"
   ]
  }, 
  {
   "begin": "14.080", 
   "end": "14.360", 
   "id": "f000029", 
   "language": "en", 
   "lines": [
    "read"
   ]
  }, 
  {
   "begin": "14.360", 
   "end": "14.560", 
   "id": "f000030", 
   "language": "en", 
   "lines": [
    "out"
   ]
  }, 
  {
   "begin": "14.560", 
   "end": "14.920", 
   "id": "f000031", 
   "language": "en", 
   "lines": [
    "the"
   ]
  }, 
  {
   "begin": "14.920", 
   "end": "16.240", 
   "id": "f000032", 
   "language": "en", 
   "lines": [
    "letter."
   ]
  }, 
  {
   "begin": "16.240", 
   "end": "16.360", 
   "id": "f000033", 
   "language": "en", 
   "lines": [
    "&nbsp;"
   ]
  }, 
  {
   "begin": "16.360", 
   "end": "16.720", 
   "id": "f000034", 
   "language": "en", 
   "lines": [
    "Dear"
   ]
  }, 
  {
   "begin": "16.720", 
   "end": "17.320", 
   "id": "f000035", 
   "language": "en", 
   "lines": [
    "Father\u2026"
   ]
  }, 
  {
   "begin": "17.320", 
   "end": "19.240", 
   "id": "f000036", 
   "language": "en", 
   "lines": [
    "tara...ra...ra...da..."
   ]
  }, 
  {
   "begin": "19.240", 
   "end": "21.200", 
   "id": "f000037", 
   "language": "en", 
   "lines": [
    "ta...da...da...dada..."
   ]
  }, 
  {
   "begin": "21.200", 
   "end": "21.920", 
   "id": "f000038", 
   "language": "en", 
   "lines": [
    "I"
   ]
  }, 
  {
   "begin": "21.920", 
   "end": "22.320", 
   "id": "f000039", 
   "language": "en", 
   "lines": [
    "am"
   ]
  }, 
  {
   "begin": "22.320", 
   "end": "22.960", 
   "id": "f000040", 
   "language": "en", 
   "lines": [
    "sending"
   ]
  }, 
  {
   "begin": "22.960", 
   "end": "23.320", 
   "id": "f000041", 
   "language": "en", 
   "lines": [
    "Mani"
   ]
  }, 
  {
   "begin": "23.320", 
   "end": "24.560", 
   "id": "f000042", 
   "language": "en", 
   "lines": [
    "tomorrow."
   ]
  }, 
  {
   "begin": "24.560", 
   "end": "24.720", 
   "id": "f000043", 
   "language": "en", 
   "lines": [
    "He"
   ]
  }, 
  {
   "begin": "24.720", 
   "end": "25.000", 
   "id": "f000044", 
   "language": "en", 
   "lines": [
    "will"
   ]
  }, 
  {
   "begin": "25.000", 
   "end": "25.320", 
   "id": "f000045", 
   "language": "en", 
   "lines": [
    "reach"
   ]
  }, 
  {
   "begin": "25.320", 
   "end": "25.960", 
   "id": "f000046", 
   "language": "en", 
   "lines": [
    "Tumkur"
   ]
  }, 
  {
   "begin": "25.960", 
   "end": "26.200", 
   "id": "f000047", 
   "language": "en", 
   "lines": [
    "on"
   ]
  }, 
  {
   "begin": "26.200", 
   "end": "27.520", 
   "id": "f000048", 
   "language": "en", 
   "lines": [
    "Friday."
   ]
  }, 
  {
   "begin": "27.520", 
   "end": "27.720", 
   "id": "f000049", 
   "language": "en", 
   "lines": [
    "I"
   ]
  }, 
  {
   "begin": "27.720", 
   "end": "28.000", 
   "id": "f000050", 
   "language": "en", 
   "lines": [
    "think"
   ]
  }, 
  {
   "begin": "28.000", 
   "end": "28.400", 
   "id": "f000051", 
   "language": "en", 
   "lines": [
    "Ritu"
   ]
  }, 
  {
   "begin": "28.400", 
   "end": "28.920", 
   "id": "f000052", 
   "language": "en", 
   "lines": [
    "must"
   ]
  }, 
  {
   "begin": "28.920", 
   "end": "29.200", 
   "id": "f000053", 
   "language": "en", 
   "lines": [
    "be"
   ]
  }, 
  {
   "begin": "29.200", 
   "end": "29.720", 
   "id": "f000054", 
   "language": "en", 
   "lines": [
    "very"
   ]
  }, 
  {
   "begin": "29.720", 
   "end": "29.840", 
   "id": "f000055", 
   "language": "en", 
   "lines": [
    "eager"
   ]
  }, 
  {
   "begin": "29.840", 
   "end": "30.120", 
   "id": "f000056", 
   "language": "en", 
   "lines": [
    "to"
   ]
  }, 
  {
   "begin": "30.120", 
   "end": "30.520", 
   "id": "f000057", 
   "language": "en", 
   "lines": [
    "see"
   ]
  }, 
  {
   "begin": "30.520", 
   "end": "31.280", 
   "id": "f000058", 
   "language": "en", 
   "lines": [
    "him."
   ]
  }, 
  {
   "begin": "31.280", 
   "end": "31.640", 
   "id": "f000059", 
   "language": "en", 
   "lines": [
    "Your"
   ]
  }, 
  {
   "begin": "31.640", 
   "end": "31.880", 
   "id": "f000060", 
   "language": "en", 
   "lines": [
    "letter"
   ]
  }, 
  {
   "begin": "31.880", 
   "end": "32.480", 
   "id": "f000061", 
   "language": "en", 
   "lines": [
    "was"
   ]
  }, 
  {
   "begin": "32.480", 
   "end": "33.040", 
   "id": "f000062", 
   "language": "en", 
   "lines": [
    "very"
   ]
  }, 
  {
   "begin": "33.040", 
   "end": "34.000", 
   "id": "f000063", 
   "language": "en", 
   "lines": [
    "interesting\u2026\u201d"
   ]
  }
 ]
}