{
 "fragments": [ 
  {
   "begin": "3.040", 
   "end": "3.720", 
   "id": "f000008", 
   "language": "en", 
   "lines": [
    "\u201cGrandpa,"
   ]
  }, 
  {
   "begin": "3.720", 
   "end": "4.120", 
   "id": "f000009", 
   "language": "en", 
   "lines": [
    "I"
   ]
  }, 
  {
   "begin": "4.120", 
   "end": "4.160", 
   "id": "f000010", 
   "language": "en", 
   "lines": [
    "wrote"
   ]
  }, 
  {
   "begin": "4.160", 
   "end": "4.200", 
   "id": "f000011", 
   "language": "en", 
   "lines": [
    "\u2018PLEECE\u2019"
   ]
  }, 
  {
   "begin": "4.200", 
   "end": "4.200", 
   "id": "f000012", 
   "language": "en", 
   "lines": [
    "on"
   ]
  }, 
  {
   "begin": "4.200", 
   "end": "4.280", 
   "id": "f000013", 
   "language": "en", 
   "lines": [
    "the"
   ]
  }, 
  {
   "begin": "4.280", 
   "end": "4.560", 
   "id": "f000014", 
   "language": "en", 
   "lines": [
    "letter,"
   ]
  }, 
  {
   "begin": "4.560", 
   "end": "5.240", 
   "id": "f000015", 
   "language": "en", 
   "lines": [
    "that\u2019s"
   ]
  }, 
  {
   "begin": "5.240", 
   "end": "6.040", 
   "id": "f000016", 
   "language": "en", 
   "lines": [
    "why!\u201d"
   ]
  }, 
  {
   "begin": "6.040", 
   "end": "6.280", 
   "id": "f000017", 
   "language": "en", 
   "lines": [
    "said"
   ]
  }, 
  {
   "begin": "6.280", 
   "end": "6.800", 
   "id": "f000018", 
   "language": "en", 
   "lines": [
    "Ritu"
   ]
  }, 
  {
   "begin": "6.800", 
   "end": "7.040", 
   "id": "f000019", 
   "language": "en", 
   "lines": [
    "in"
   ]
  }, 
  {
   "begin": "7.040", 
   "end": "7.520", 
   "id": "f000020", 
   "language": "en", 
   "lines": [
    "excitement."
   ]
  }, 
  {
   "begin": "7.520", 
   "end": "7.840", 
   "id": "f000021", 
   "language": "en", 
   "lines": [
    "\n"
   ]
  }, 
  {
   "begin": "7.840", 
   "end": "8.840", 
   "id": "f000022", 
   "language": "en", 
   "lines": [
    "\u201c\u2026.Your"
   ]
  }, 
  {
   "begin": "8.840", 
   "end": "9.720", 
   "id": "f000023", 
   "language": "en", 
   "lines": [
    "postcard"
   ]
  }, 
  {
   "begin": "9.720", 
   "end": "10.040", 
   "id": "f000024", 
   "language": "en", 
   "lines": [
    "had"
   ]
  }, 
  {
   "begin": "10.040", 
   "end": "10.840", 
   "id": "f000025", 
   "language": "en", 
   "lines": [
    "twenty"
   ]
  }, 
  {
   "begin": "10.840", 
   "end": "11.760", 
   "id": "f000026", 
   "language": "en", 
   "lines": [
    "\u2018Please\u2019s"
   ]
  }, 
  {
   "begin": "11.760", 
   "end": "12.280", 
   "id": "f000027", 
   "language": "en", 
   "lines": [
    "written"
   ]
  }, 
  {
   "begin": "12.280", 
   "end": "12.880", 
   "id": "f000028", 
   "language": "en", 
   "lines": [
    "all"
   ]
  }, 
  {
   "begin": "12.880", 
   "end": "13.360", 
   "id": "f000029", 
   "language": "en", 
   "lines": [
    "over"
   ]
  }, 
  {
   "begin": "13.360", 
   "end": "14.360", 
   "id": "f000030", 
   "language": "en", 
   "lines": [
    "it!\u201d"
   ]
  }
 ]
}