{
 "fragments": [
  {
   "begin": "0.000", 
   "end": "0.000", 
   "id": "f000001", 
   "language": "en", 
   "lines": [
    "Ritu"
   ]
  }, 
  {
   "begin": "0.000", 
   "end": "0.480", 
   "id": "f000002", 
   "language": "en", 
   "lines": [
    "picked"
   ]
  }, 
  {
   "begin": "0.480", 
   "end": "0.720", 
   "id": "f000003", 
   "language": "en", 
   "lines": [
    "up"
   ]
  }, 
  {
   "begin": "0.720", 
   "end": "1.280", 
   "id": "f000004", 
   "language": "en", 
   "lines": [
    "her"
   ]
  }, 
  {
   "begin": "1.280", 
   "end": "1.760", 
   "id": "f000005", 
   "language": "en", 
   "lines": [
    "little"
   ]
  }, 
  {
   "begin": "1.760", 
   "end": "2.080", 
   "id": "f000006", 
   "language": "en", 
   "lines": [
    "pink"
   ]
  }, 
  {
   "begin": "2.080", 
   "end": "3.680", 
   "id": "f000007", 
   "language": "en", 
   "lines": [
    "bag."
   ]
  }, 
  {
   "begin": "3.680", 
   "end": "3.920", 
   "id": "f000008", 
   "language": "en", 
   "lines": [
    "She"
   ]
  }, 
  {
   "begin": "3.920", 
   "end": "4.160", 
   "id": "f000009", 
   "language": "en", 
   "lines": [
    "put"
   ]
  }, 
  {
   "begin": "4.160", 
   "end": "4.320", 
   "id": "f000010", 
   "language": "en", 
   "lines": [
    "the"
   ]
  }, 
  {
   "begin": "4.320", 
   "end": "5.120", 
   "id": "f000011", 
   "language": "en", 
   "lines": [
    "postcard"
   ]
  }, 
  {
   "begin": "5.120", 
   "end": "6.680", 
   "id": "f000012", 
   "language": "en", 
   "lines": [
    "inside."
   ]
  }, 
  {
   "begin": "6.680", 
   "end": "6.880", 
   "id": "f000013", 
   "language": "en", 
   "lines": [
    "She"
   ]
  }, 
  {
   "begin": "6.880", 
   "end": "6.960", 
   "id": "f000014", 
   "language": "en", 
   "lines": [
    "put"
   ]
  }, 
  {
   "begin": "6.960", 
   "end": "7.200", 
   "id": "f000015", 
   "language": "en", 
   "lines": [
    "a"
   ]
  }, 
  {
   "begin": "7.200", 
   "end": "7.760", 
   "id": "f000016", 
   "language": "en", 
   "lines": [
    "pencil"
   ]
  }, 
  {
   "begin": "7.760", 
   "end": "8.400", 
   "id": "f000017", 
   "language": "en", 
   "lines": [
    "inside"
   ]
  }, 
  {
   "begin": "8.400", 
   "end": "9.840", 
   "id": "f000018", 
   "language": "en", 
   "lines": [
    "too."
   ]
  }, 
  {
   "begin": "9.840", 
   "end": "10.600", 
   "id": "f000019", 
   "language": "en", 
   "lines": [
    "She"
   ]
  }, 
  {
   "begin": "10.600", 
   "end": "11.280", 
   "id": "f000020", 
   "language": "en", 
   "lines": [
    "felt"
   ]
  }, 
  {
   "begin": "11.280", 
   "end": "11.520", 
   "id": "f000021", 
   "language": "en", 
   "lines": [
    "very"
   ]
  }, 
  {
   "begin": "11.520", 
   "end": "12.200", 
   "id": "f000022", 
   "language": "en", 
   "lines": [
    "important."
   ]
  }, 
  {
   "begin": "12.200", 
   "end": "14.640", 
   "id": "f000023", 
   "language": "en", 
   "lines": [
    "&nbsp;"
   ]
  }, 
  {
   "begin": "14.640", 
   "end": "14.760", 
   "id": "f000024", 
   "language": "en", 
   "lines": [
    "Ritu"
   ]
  }, 
  {
   "begin": "14.760", 
   "end": "14.960", 
   "id": "f000025", 
   "language": "en", 
   "lines": [
    "felt"
   ]
  }, 
  {
   "begin": "14.960", 
   "end": "15.320", 
   "id": "f000026", 
   "language": "en", 
   "lines": [
    "very"
   ]
  }, 
  {
   "begin": "15.320", 
   "end": "17.080", 
   "id": "f000027", 
   "language": "en", 
   "lines": [
    "grown-up."
   ]
  }, 
  {
   "begin": "17.080", 
   "end": "17.480", 
   "id": "f000028", 
   "language": "en", 
   "lines": [
    "And"
   ]
  }, 
  {
   "begin": "17.480", 
   "end": "18.000", 
   "id": "f000029", 
   "language": "en", 
   "lines": [
    "just"
   ]
  }, 
  {
   "begin": "18.000", 
   "end": "18.160", 
   "id": "f000030", 
   "language": "en", 
   "lines": [
    "a"
   ]
  }, 
  {
   "begin": "18.160", 
   "end": "18.440", 
   "id": "f000031", 
   "language": "en", 
   "lines": [
    "wee"
   ]
  }, 
  {
   "begin": "18.440", 
   "end": "18.640", 
   "id": "f000032", 
   "language": "en", 
   "lines": [
    "bit"
   ]
  }, 
  {
   "begin": "18.640", 
   "end": "19.120", 
   "id": "f000033", 
   "language": "en", 
   "lines": [
    "scared:"
   ]
  }, 
  {
   "begin": "19.120", 
   "end": "20.200", 
   "id": "f000034", 
   "language": "en", 
   "lines": [
    "what"
   ]
  }, 
  {
   "begin": "20.200", 
   "end": "20.640", 
   "id": "f000035", 
   "language": "en", 
   "lines": [
    "if"
   ]
  }, 
  {
   "begin": "20.640", 
   "end": "21.280", 
   "id": "f000036", 
   "language": "en", 
   "lines": [
    "Bageera"
   ]
  }, 
  {
   "begin": "21.280", 
   "end": "21.600", 
   "id": "f000037", 
   "language": "en", 
   "lines": [
    "the"
   ]
  }, 
  {
   "begin": "21.600", 
   "end": "21.600", 
   "id": "f000038", 
   "language": "en", 
   "lines": [
    "dog"
   ]
  }, 
  {
   "begin": "21.600", 
   "end": "21.960", 
   "id": "f000039", 
   "language": "en", 
   "lines": [
    "chased"
   ]
  }, 
  {
   "begin": "21.960", 
   "end": "22.320", 
   "id": "f000040", 
   "language": "en", 
   "lines": [
    "her?"
   ]
  }, 
  {
   "begin": "22.320", 
   "end": "23.720", 
   "id": "f000041", 
   "language": "en", 
   "lines": [
    "&nbsp;"
   ]
  }, 
  {
   "begin": "23.720", 
   "end": "23.720", 
   "id": "f000042", 
   "language": "en", 
   "lines": [
    "But"
   ]
  }, 
  {
   "begin": "23.720", 
   "end": "24.080", 
   "id": "f000043", 
   "language": "en", 
   "lines": [
    "Ritu"
   ]
  }, 
  {
   "begin": "24.080", 
   "end": "24.480", 
   "id": "f000044", 
   "language": "en", 
   "lines": [
    "was"
   ]
  }, 
  {
   "begin": "24.480", 
   "end": "24.920", 
   "id": "f000045", 
   "language": "en", 
   "lines": [
    "very"
   ]
  }, 
  {
   "begin": "24.920", 
   "end": "25.280", 
   "id": "f000046", 
   "language": "en", 
   "lines": [
    "eager"
   ]
  }, 
  {
   "begin": "25.280", 
   "end": "25.400", 
   "id": "f000047", 
   "language": "en", 
   "lines": [
    "to"
   ]
  }, 
  {
   "begin": "25.400", 
   "end": "25.760", 
   "id": "f000048", 
   "language": "en", 
   "lines": [
    "post"
   ]
  }, 
  {
   "begin": "25.760", 
   "end": "25.840", 
   "id": "f000049", 
   "language": "en", 
   "lines": [
    "the"
   ]
  }, 
  {
   "begin": "25.840", 
   "end": "26.120", 
   "id": "f000050", 
   "language": "en", 
   "lines": [
    "letter."
   ]
  }, 
  {
   "begin": "26.120", 
   "end": "27.000", 
   "id": "f000051", 
   "language": "en", 
   "lines": [
    "So"
   ]
  }, 
  {
   "begin": "27.000", 
   "end": "27.480", 
   "id": "f000052", 
   "language": "en", 
   "lines": [
    "she"
   ]
  }, 
  {
   "begin": "27.480", 
   "end": "27.800", 
   "id": "f000053", 
   "language": "en", 
   "lines": [
    "left"
   ]
  }, 
  {
   "begin": "27.800", 
   "end": "28.160", 
   "id": "f000054", 
   "language": "en", 
   "lines": [
    "for"
   ]
  }, 
  {
   "begin": "28.160", 
   "end": "28.160", 
   "id": "f000055", 
   "language": "en", 
   "lines": [
    "the"
   ]
  }, 
  {
   "begin": "28.160", 
   "end": "28.600", 
   "id": "f000056", 
   "language": "en", 
   "lines": [
    "post"
   ]
  }, 
  {
   "begin": "28.600", 
   "end": "29.080", 
   "id": "f000057", 
   "language": "en", 
   "lines": [
    "office"
   ]
  }, 
  {
   "begin": "29.080", 
   "end": "29.560", 
   "id": "f000058", 
   "language": "en", 
   "lines": [
    "that"
   ]
  }, 
  {
   "begin": "29.560", 
   "end": "29.880", 
   "id": "f000059", 
   "language": "en", 
   "lines": [
    "was"
   ]
  }, 
  {
   "begin": "29.880", 
   "end": "30.280", 
   "id": "f000060", 
   "language": "en", 
   "lines": [
    "just"
   ]
  }, 
  {
   "begin": "30.280", 
   "end": "30.720", 
   "id": "f000061", 
   "language": "en", 
   "lines": [
    "four"
   ]
  }, 
  {
   "begin": "30.720", 
   "end": "31.280", 
   "id": "f000062", 
   "language": "en", 
   "lines": [
    "buildings"
   ]
  }, 
  {
   "begin": "31.280", 
   "end": "32.120", 
   "id": "f000063", 
   "language": "en", 
   "lines": [
    "away!"
   ]
  }
 ]
}