{"id":87,"name":"Ritu's Letter Gets Longer!","writtenby":"Mala Kumar","illustrationsby":"Henu","translationby":"","source":"Pratham Books","status":"active","level":2,"pages":[{"id":923,"content":"Grandpa was writing a letter. Ritu stood beside him, leaning on the arm of the old chair. \u00a0 \u201cGrandpa, have you asked Aunty to send Mani to our home for the holidays?\u201d","pageno":1,"image":"ebe9bc778b616b1ba74ee7d3d7774815.jpg","audio":"84f4ae5aa3d5700372688ca81845d565.mp3","audio_map":"b24ab6b8145b96cc4cfe0e7e3c6f10c2.json","language":[]},{"id":924,"content":"\u201cOf course, dear Ritu, I have written to your Aunty. Look here, let me read out the letter - Dear Pooja, Hope you are fine. Mani must be having holidays now. Ritu is very eager to see him. Do send him here to Tumkur.\u201d","pageno":2,"image":"26a651b5bcea77cd39186fc3c11f6bb8.jpg","audio":"aa2ac2e7384cd9a89022bdc744bdf708.mp3","audio_map":"f62ccc9c934c4a4613850e047edbefb1.json","language":[]},{"id":925,"content":"Ritu jumped up and down. And since she could not stop herself, she ran around the room once and hugged Grandpa. \u00a0 \u201cWould you like to post this letter yourself?\u201d asked Grandpa. \u00a0 Ritu\u2019s eyes opened wide. \u201cAll by myself? Oh, may I?\u201d","pageno":3,"image":"7d613e191a22c44ab432ef1c899039d7.jpg","audio":"e68254d0ddca838018879f88095b17ff.mp3","audio_map":"ba0a745d12c54804b93fa7fa57f09df6.json","language":[]},{"id":926,"content":"\u201cYes, little Ritu. See, I have written the address. Take it to the Post Office. Give the postcard to Ramesh Uncle. You do know that big uncle with the big, handle-bar moustaches, don\u2019t you?\u201d \u00a0 \u00a0\u201cYes Grandpa. He is the uncle who taught Mani how to ride the cycle last summer. Will he take the letter to Aunty Pooja?\u201d asked Ritu. \u00a0 \u201cNo, dear. But the letter will reach your aunty, don\u2019t worry.\u201d","pageno":4,"image":"37696aff9afb7cfc3ea0a5ba52d97114.jpg","audio":"6b4c9b415d79b72e8e90592ae5487802.mp3","audio_map":"cbbb08b967875c7fd2c1701556300c18.json","language":[]},{"id":927,"content":"Ritu picked up her little pink bag. She put the postcard inside. She put a pencil inside too. She felt very important. \u00a0 Ritu felt very grown-up. And just a wee bit scared: what if Bageera the dog chased her? \u00a0 But Ritu was very eager to post the letter. So she left for the post office that was just four buildings away!","pageno":5,"image":"d9b81188198ca97a0d5ba94a814c0319.jpg","audio":"abf7bbe34ad4cc3ab59b6d239ac058aa.mp3","audio_map":"7f3a6d3cc71f05cd24f5d07361da1262.json","language":[]},{"id":928,"content":"After taking a few steps, Ritu stopped and took out the letter. She could not read Grandpa\u2019s handwriting very well. She tried to remember what Grandpa had read.\n  Then, after the word that she thought was \u2018Tumkur\u2019 Ritu wrote, \u2018PLEECE.\u2019 Happy with her work, Ritu walked on.","pageno":6,"image":"2c98ca1b948a8ec927185a5cce1e42a8.jpg","audio":"d821820c9a49e15fbcb576890f17685d.mp3","audio_map":"c1c9be057ff547dd0ca5c40ae3b75025.json","language":[]},{"id":929,"content":"After she had reached the next building, Ritu stopped and took out the postcard once again. What if Pooja Aunty did not realise how eager Ritu was to see Mani? So Ritu took out her pencil again and wrote, \u2018PLEEEESE.\u2019","pageno":7,"image":"b094a52420ffd4c9bed1fb67d0f8d63b.jpg","audio":"474a70e8d1338dab1724399125b7d8bf.mp3","audio_map":"d552c3756fc2b0789428f78ef73e7195.json","language":[]},{"id":930,"content":"Finally, Ritu reached the small post office. There was a red post box outside the post office. Ritu could not reach the mouth of the post box even if she stood on her toes.","pageno":8,"image":"6111fa8d283428bddc285607d5ed4e6c.jpg","audio":"6c0c71815088e273bfc5b2f47d95809f.mp3","audio_map":"91608f9c468fe8ee9fc2bbfc3f3b91f2.json","language":[]},{"id":931,"content":"She walked boldly up to Uncle Ramesh. He took the postcard from her and smiled. \u201cSmart girl! Now run back to your house carefully. I shall make sure your letter reaches your aunty.\u201d \u00a0 But Ritu did not run out. She saw Uncle Ramesh pick up a pen and scribble something on the card. Then he gave it to the postman who was stamping many letters with the postmark.","pageno":9,"image":"cf6633e963b34bec19e9db1495439c30.jpg","audio":"8539726843d982839ca9b23192cb0421.mp3","audio_map":"8b5cbd5ced71ffb6be546d4e19c7bf2e.json","language":[]},{"id":932,"content":"Dhhum, dhhum, DHHUM, he pounded on the letters. When he saw Ritu's letter, he stopped. Then he smiled. He picked out a pencil from behind his ear and wrote something on the card.","pageno":10,"image":"9d76ab0e733c4861e2795766100aec92.jpg","audio":"2dd0a3335589a5e86226d32e854c459c.mp3","audio_map":"35a15b62753789eb83134b751f4d923d.json","language":[]},{"id":933,"content":"Five days passed. The postman brought a letter to Grandpa. Grandpa read it with a smile. \u201cRitu, your aunty says she will send Mani here day-after. Let me read out the letter. \u00a0 Dear Father\u2026 tara...ra...ra...da... ta...da...da...dada... I am sending Mani tomorrow. He will reach Tumkur on Friday. I think Ritu must be very eager to see him. Your letter was very interesting\u2026\u201d","pageno":11,"image":"9b4069e0e512e3784746a1e5a7eaa87c.jpg","audio":"1d4445efc20be7f97afa12b28604340e.mp3","audio_map":"125729019404f0921837c6c678b0d93a.json","language":[]},{"id":934,"content":"\u201cGrandpa, I wrote \u2018PLEECE\u2019 on the letter, that\u2019s why!\u201d said Ritu in excitement. \u00a0 \u201c\u2026.Your postcard had twenty \u2018Please\u2019s written all over it!\u201d","pageno":12,"image":"08a7f110485a487298fcc80b4d44ffe8.jpg","audio":"a2741c28fb8809a17c8844fc0c8d0b50.mp3","audio_map":"3cd8c43e460cef0f6df7ed78e4345948.json","language":[]},{"id":935,"content":"Ritu did not know how one \u2018please\u2019 had become twenty. She was just happy she had added one \u2018PLEECE\u2019 And another \u2018PLEEEESE!\u2019","pageno":13,"image":"69ad471405531f6b9d747c14ad7a0b63.jpg","audio":"77f7e71a676b3a01e35779ba9f569eea.mp3","audio_map":"90c2d8ee79bb0bffb17ed1a5c37edab2.json","language":[]},{"id":936,"content":"Pleese Pleece PLEASE PLIS pleej pleece\u00a0Please pleej PLIS pleece PLEASE Pleeese PLEASE","pageno":14,"image":"afac5d499711f4aa11c3bc16c0e81ad0.jpg","audio":"0a3b932a29454926c19c4b234632be1c.mp3","audio_map":"b3256ae1f948dba9834f979665fdc287.json","language":[]}],"language":[],"questions":[{"id":5706,"type":"pre","storypage_id":0,"order_number":1,"title":"Learning new words","question":{"question_type":"vocabulary","question":{"text":"Learning new words","image":"","type":"text"},"words":[{"word":"letter","image":"3467f0650df6572277453c581ab8c8c2.png"},{"word":"handle-bar","image":"6f329e5993cd6a7e35ae2db8fa1168bd.png"},{"word":"moustache","image":"6a0fdb592e0a4ba2c25cf0d051354f27.png"},{"word":"postbox","image":"e5c38ac5810cdc18e58ab020e890717d.png"}]},"score":1,"question_template_id":21,"question_template":"Vocab"}]}