{
 "fragments": [
  {
   "begin": "0.000", 
   "end": "0.000", 
   "id": "f000001", 
   "language": "en", 
   "lines": [
    ""
   ]
  }, 
  {
   "begin": "0.000", 
   "end": "0.000", 
   "id": "f000002", 
   "language": "en", 
   "lines": [
    ""
   ]
  }, 
  {
   "begin": "0.000", 
   "end": "0.080", 
   "id": "f000003", 
   "language": "en", 
   "lines": [
    ""
   ]
  }, 
  {
   "begin": "0.080", 
   "end": "0.080", 
   "id": "f000004", 
   "language": "en", 
   "lines": [
    ""
   ]
  }, 
  {
   "begin": "0.080", 
   "end": "0.080", 
   "id": "f000005", 
   "language": "en", 
   "lines": [
    ""
   ]
  }, 
  {
   "begin": "0.080", 
   "end": "0.080", 
   "id": "f000006", 
   "language": "en", 
   "lines": [
    ""
   ]
  }, 
  {
   "begin": "0.080", 
   "end": "0.600", 
   "id": "f000007", 
   "language": "en", 
   "lines": [
    "Ritu"
   ]
  }, 
  {
   "begin": "0.600", 
   "end": "0.680", 
   "id": "f000008", 
   "language": "en", 
   "lines": [
    "did"
   ]
  }, 
  {
   "begin": "0.680", 
   "end": "1.000", 
   "id": "f000009", 
   "language": "en", 
   "lines": [
    "not"
   ]
  }, 
  {
   "begin": "1.000", 
   "end": "1.520", 
   "id": "f000010", 
   "language": "en", 
   "lines": [
    "know"
   ]
  }, 
  {
   "begin": "1.520", 
   "end": "1.840", 
   "id": "f000011", 
   "language": "en", 
   "lines": [
    "how"
   ]
  }, 
  {
   "begin": "1.840", 
   "end": "2.120", 
   "id": "f000012", 
   "language": "en", 
   "lines": [
    "one"
   ]
  }, 
  {
   "begin": "2.120", 
   "end": "2.600", 
   "id": "f000013", 
   "language": "en", 
   "lines": [
    "\u2018please\u2019"
   ]
  }, 
  {
   "begin": "2.600", 
   "end": "2.960", 
   "id": "f000014", 
   "language": "en", 
   "lines": [
    "had"
   ]
  }, 
  {
   "begin": "2.960", 
   "end": "3.240", 
   "id": "f000015", 
   "language": "en", 
   "lines": [
    "become"
   ]
  }, 
  {
   "begin": "3.240", 
   "end": "3.600", 
   "id": "f000016", 
   "language": "en", 
   "lines": [
    "twenty."
   ]
  }, 
  {
   "begin": "3.600", 
   "end": "3.840", 
   "id": "f000017", 
   "language": "en", 
   "lines": [
    "She"
   ]
  }, 
  {
   "begin": "3.840", 
   "end": "4.880", 
   "id": "f000018", 
   "language": "en", 
   "lines": [
    "was"
   ]
  }, 
  {
   "begin": "4.880", 
   "end": "5.640", 
   "id": "f000019", 
   "language": "en", 
   "lines": [
    "just"
   ]
  }, 
  {
   "begin": "5.640", 
   "end": "5.960", 
   "id": "f000020", 
   "language": "en", 
   "lines": [
    "happy"
   ]
  }, 
  {
   "begin": "5.960", 
   "end": "6.520", 
   "id": "f000021", 
   "language": "en", 
   "lines": [
    "she"
   ]
  }, 
  {
   "begin": "6.520", 
   "end": "7.040", 
   "id": "f000022", 
   "language": "en", 
   "lines": [
    "had"
   ]
  }, 
  {
   "begin": "7.040", 
   "end": "7.440", 
   "id": "f000023", 
   "language": "en", 
   "lines": [
    "added"
   ]
  }, 
  {
   "begin": "7.440", 
   "end": "7.760", 
   "id": "f000024", 
   "language": "en", 
   "lines": [
    "one"
   ]
  }, 
  {
   "begin": "7.760", 
   "end": "9.080", 
   "id": "f000025", 
   "language": "en", 
   "lines": [
    "\u2018PLEECE\u2019"
   ]
  }, 
  {
   "begin": "9.080", 
   "end": "9.400", 
   "id": "f000026", 
   "language": "en", 
   "lines": [
    "And"
   ]
  }, 
  {
   "begin": "9.400", 
   "end": "9.920", 
   "id": "f000027", 
   "language": "en", 
   "lines": [
    "another"
   ]
  }, 
  {
   "begin": "9.920", 
   "end": "11.520", 
   "id": "f000028", 
   "language": "en", 
   "lines": [
    "\u2018PLEEEESE!\u2019"
   ]
  }
 ]
}