{
 "fragments": [
  {
   "begin": "0.000", 
   "end": "1.280", 
   "id": "f000001", 
   "language": "en", 
   "lines": [
    "Finally,"
   ]
  }, 
  {
   "begin": "1.280", 
   "end": "1.520", 
   "id": "f000002", 
   "language": "en", 
   "lines": [
    "Ritu"
   ]
  }, 
  {
   "begin": "1.520", 
   "end": "2.080", 
   "id": "f000003", 
   "language": "en", 
   "lines": [
    "reached"
   ]
  }, 
  {
   "begin": "2.080", 
   "end": "2.400", 
   "id": "f000004", 
   "language": "en", 
   "lines": [
    "the"
   ]
  }, 
  {
   "begin": "2.400", 
   "end": "2.920", 
   "id": "f000005", 
   "language": "en", 
   "lines": [
    "small"
   ]
  }, 
  {
   "begin": "2.920", 
   "end": "3.400", 
   "id": "f000006", 
   "language": "en", 
   "lines": [
    "post"
   ]
  }, 
  {
   "begin": "3.400", 
   "end": "3.880", 
   "id": "f000007", 
   "language": "en", 
   "lines": [
    "office."
   ]
  }, 
  {
   "begin": "3.880", 
   "end": "3.920", 
   "id": "f000008", 
   "language": "en", 
   "lines": [
    "There"
   ]
  }, 
  {
   "begin": "3.920", 
   "end": "5.440", 
   "id": "f000009", 
   "language": "en", 
   "lines": [
    "was"
   ]
  }, 
  {
   "begin": "5.440", 
   "end": "5.600", 
   "id": "f000010", 
   "language": "en", 
   "lines": [
    "a"
   ]
  }, 
  {
   "begin": "5.600", 
   "end": "5.640", 
   "id": "f000011", 
   "language": "en", 
   "lines": [
    "red"
   ]
  }, 
  {
   "begin": "5.640", 
   "end": "6.120", 
   "id": "f000012", 
   "language": "en", 
   "lines": [
    "post"
   ]
  }, 
  {
   "begin": "6.120", 
   "end": "6.800", 
   "id": "f000013", 
   "language": "en", 
   "lines": [
    "box"
   ]
  }, 
  {
   "begin": "6.800", 
   "end": "7.320", 
   "id": "f000014", 
   "language": "en", 
   "lines": [
    "outside"
   ]
  }, 
  {
   "begin": "7.320", 
   "end": "7.480", 
   "id": "f000015", 
   "language": "en", 
   "lines": [
    "the"
   ]
  }, 
  {
   "begin": "7.480", 
   "end": "7.960", 
   "id": "f000016", 
   "language": "en", 
   "lines": [
    "post"
   ]
  }, 
  {
   "begin": "7.960", 
   "end": "9.520", 
   "id": "f000017", 
   "language": "en", 
   "lines": [
    "office."
   ]
  }, 
  {
   "begin": "9.520", 
   "end": "9.840", 
   "id": "f000018", 
   "language": "en", 
   "lines": [
    "Ritu"
   ]
  }, 
  {
   "begin": "9.840", 
   "end": "10.080", 
   "id": "f000019", 
   "language": "en", 
   "lines": [
    "could"
   ]
  }, 
  {
   "begin": "10.080", 
   "end": "10.320", 
   "id": "f000020", 
   "language": "en", 
   "lines": [
    "not"
   ]
  }, 
  {
   "begin": "10.320", 
   "end": "10.800", 
   "id": "f000021", 
   "language": "en", 
   "lines": [
    "reach"
   ]
  }, 
  {
   "begin": "10.800", 
   "end": "10.960", 
   "id": "f000022", 
   "language": "en", 
   "lines": [
    "the"
   ]
  }, 
  {
   "begin": "10.960", 
   "end": "11.400", 
   "id": "f000023", 
   "language": "en", 
   "lines": [
    "mouth"
   ]
  }, 
  {
   "begin": "11.400", 
   "end": "11.520", 
   "id": "f000024", 
   "language": "en", 
   "lines": [
    "of"
   ]
  }, 
  {
   "begin": "11.520", 
   "end": "11.720", 
   "id": "f000025", 
   "language": "en", 
   "lines": [
    "the"
   ]
  }, 
  {
   "begin": "11.720", 
   "end": "12.160", 
   "id": "f000026", 
   "language": "en", 
   "lines": [
    "post"
   ]
  }, 
  {
   "begin": "12.160", 
   "end": "12.880", 
   "id": "f000027", 
   "language": "en", 
   "lines": [
    "box"
   ]
  }, 
  {
   "begin": "12.880", 
   "end": "13.480", 
   "id": "f000028", 
   "language": "en", 
   "lines": [
    "even"
   ]
  }, 
  {
   "begin": "13.480", 
   "end": "13.680", 
   "id": "f000029", 
   "language": "en", 
   "lines": [
    "if"
   ]
  }, 
  {
   "begin": "13.680", 
   "end": "13.680", 
   "id": "f000030", 
   "language": "en", 
   "lines": [
    "she"
   ]
  }, 
  {
   "begin": "13.680", 
   "end": "13.960", 
   "id": "f000031", 
   "language": "en", 
   "lines": [
    "stood"
   ]
  }, 
  {
   "begin": "13.960", 
   "end": "14.120", 
   "id": "f000032", 
   "language": "en", 
   "lines": [
    "on"
   ]
  }, 
  {
   "begin": "14.120", 
   "end": "14.320", 
   "id": "f000033", 
   "language": "en", 
   "lines": [
    "her"
   ]
  }, 
  {
   "begin": "14.320", 
   "end": "15.640", 
   "id": "f000034", 
   "language": "en", 
   "lines": [
    "toes."
   ]
  }
 ]
}