{
 "fragments": [ 
  {
   "begin": "2.040", 
   "end": "2.040", 
   "id": "f000005", 
   "language": "en", 
   "lines": [
    "Grandpa"
   ]
  }, 
  {
   "begin": "2.040", 
   "end": "2.040", 
   "id": "f000006", 
   "language": "en", 
   "lines": [
    "was"
   ]
  }, 
  {
   "begin": "2.040", 
   "end": "2.040", 
   "id": "f000007", 
   "language": "en", 
   "lines": [
    "writing"
   ]
  }, 
  {
   "begin": "2.040", 
   "end": "2.120", 
   "id": "f000008", 
   "language": "en", 
   "lines": [
    "a"
   ]
  }, 
  {
   "begin": "2.120", 
   "end": "3.000", 
   "id": "f000009", 
   "language": "en", 
   "lines": [
    "letter."
   ]
  }, 
  {
   "begin": "3.000", 
   "end": "3.320", 
   "id": "f000010", 
   "language": "en", 
   "lines": [
    "Ritu"
   ]
  }, 
  {
   "begin": "3.320", 
   "end": "3.640", 
   "id": "f000011", 
   "language": "en", 
   "lines": [
    "stood"
   ]
  }, 
  {
   "begin": "3.640", 
   "end": "4.160", 
   "id": "f000012", 
   "language": "en", 
   "lines": [
    "beside"
   ]
  }, 
  {
   "begin": "4.160", 
   "end": "5.000", 
   "id": "f000013", 
   "language": "en", 
   "lines": [
    "him,"
   ]
  }, 
  {
   "begin": "5.000", 
   "end": "5.480", 
   "id": "f000014", 
   "language": "en", 
   "lines": [
    "leaning"
   ]
  }, 
  {
   "begin": "5.480", 
   "end": "5.680", 
   "id": "f000015", 
   "language": "en", 
   "lines": [
    "on"
   ]
  }, 
  {
   "begin": "5.680", 
   "end": "6.000", 
   "id": "f000016", 
   "language": "en", 
   "lines": [
    "the"
   ]
  }, 
  {
   "begin": "6.000", 
   "end": "6.160", 
   "id": "f000017", 
   "language": "en", 
   "lines": [
    "arm"
   ]
  }, 
  {
   "begin": "6.160", 
   "end": "6.200", 
   "id": "f000018", 
   "language": "en", 
   "lines": [
    "of"
   ]
  }, 
  {
   "begin": "6.200", 
   "end": "6.360", 
   "id": "f000019", 
   "language": "en", 
   "lines": [
    "the"
   ]
  }, 
  {
   "begin": "6.360", 
   "end": "6.720", 
   "id": "f000020", 
   "language": "en", 
   "lines": [
    "old"
   ]
  }, 
  {
   "begin": "6.720", 
   "end": "8.000", 
   "id": "f000021", 
   "language": "en", 
   "lines": [
    "chair."
   ]
  }, 
  {
   "begin": "8.000", 
   "end": "8.440", 
   "id": "f000022", 
   "language": "en", 
   "lines": [
    "&nbsp;"
   ]
  }, 
  {
   "begin": "8.440", 
   "end": "8.520", 
   "id": "f000023", 
   "language": "en", 
   "lines": [
    "\u201cGrandpa,"
   ]
  }, 
  {
   "begin": "8.520", 
   "end": "9.040", 
   "id": "f000024", 
   "language": "en", 
   "lines": [
    "have"
   ]
  }, 
  {
   "begin": "9.040", 
   "end": "9.400", 
   "id": "f000025", 
   "language": "en", 
   "lines": [
    "you"
   ]
  }, 
  {
   "begin": "9.400", 
   "end": "9.920", 
   "id": "f000026", 
   "language": "en", 
   "lines": [
    "asked"
   ]
  }, 
  {
   "begin": "9.920", 
   "end": "10.440", 
   "id": "f000027", 
   "language": "en", 
   "lines": [
    "Aunty"
   ]
  }, 
  {
   "begin": "10.440", 
   "end": "10.480", 
   "id": "f000028", 
   "language": "en", 
   "lines": [
    "to"
   ]
  }, 
  {
   "begin": "10.480", 
   "end": "10.960", 
   "id": "f000029", 
   "language": "en", 
   "lines": [
    "send"
   ]
  }, 
  {
   "begin": "10.960", 
   "end": "11.360", 
   "id": "f000030", 
   "language": "en", 
   "lines": [
    "Mani"
   ]
  }, 
  {
   "begin": "11.360", 
   "end": "11.800", 
   "id": "f000031", 
   "language": "en", 
   "lines": [
    "to"
   ]
  }, 
  {
   "begin": "11.800", 
   "end": "11.920", 
   "id": "f000032", 
   "language": "en", 
   "lines": [
    "our"
   ]
  }, 
  {
   "begin": "11.920", 
   "end": "12.000", 
   "id": "f000033", 
   "language": "en", 
   "lines": [
    "home"
   ]
  }, 
  {
   "begin": "12.000", 
   "end": "12.240", 
   "id": "f000034", 
   "language": "en", 
   "lines": [
    "for"
   ]
  }, 
  {
   "begin": "12.240", 
   "end": "12.640", 
   "id": "f000035", 
   "language": "en", 
   "lines": [
    "the"
   ]
  }, 
  {
   "begin": "12.640", 
   "end": "13.280", 
   "id": "f000036", 
   "language": "en", 
   "lines": [
    "holidays?\u201d"
   ]
  }
 ]
}