{
 "fragments": [
  {
   "begin": "0.000", 
   "end": "0.560", 
   "id": "f000001", 
   "language": "en", 
   "lines": [
    "After"
   ]
  }, 
  {
   "begin": "0.560", 
   "end": "1.240", 
   "id": "f000002", 
   "language": "en", 
   "lines": [
    "taking"
   ]
  }, 
  {
   "begin": "1.240", 
   "end": "1.320", 
   "id": "f000003", 
   "language": "en", 
   "lines": [
    "a"
   ]
  }, 
  {
   "begin": "1.320", 
   "end": "1.680", 
   "id": "f000004", 
   "language": "en", 
   "lines": [
    "few"
   ]
  }, 
  {
   "begin": "1.680", 
   "end": "2.640", 
   "id": "f000005", 
   "language": "en", 
   "lines": [
    "steps,"
   ]
  }, 
  {
   "begin": "2.640", 
   "end": "2.920", 
   "id": "f000006", 
   "language": "en", 
   "lines": [
    "Ritu"
   ]
  }, 
  {
   "begin": "2.920", 
   "end": "3.920", 
   "id": "f000007", 
   "language": "en", 
   "lines": [
    "stopped"
   ]
  }, 
  {
   "begin": "3.920", 
   "end": "4.160", 
   "id": "f000008", 
   "language": "en", 
   "lines": [
    "and"
   ]
  }, 
  {
   "begin": "4.160", 
   "end": "4.360", 
   "id": "f000009", 
   "language": "en", 
   "lines": [
    "took"
   ]
  }, 
  {
   "begin": "4.360", 
   "end": "4.600", 
   "id": "f000010", 
   "language": "en", 
   "lines": [
    "out"
   ]
  }, 
  {
   "begin": "4.600", 
   "end": "4.960", 
   "id": "f000011", 
   "language": "en", 
   "lines": [
    "the"
   ]
  }, 
  {
   "begin": "4.960", 
   "end": "6.280", 
   "id": "f000012", 
   "language": "en", 
   "lines": [
    "letter."
   ]
  }, 
  {
   "begin": "6.280", 
   "end": "6.480", 
   "id": "f000013", 
   "language": "en", 
   "lines": [
    "She"
   ]
  }, 
  {
   "begin": "6.480", 
   "end": "6.920", 
   "id": "f000014", 
   "language": "en", 
   "lines": [
    "could"
   ]
  }, 
  {
   "begin": "6.920", 
   "end": "7.040", 
   "id": "f000015", 
   "language": "en", 
   "lines": [
    "not"
   ]
  }, 
  {
   "begin": "7.040", 
   "end": "7.400", 
   "id": "f000016", 
   "language": "en", 
   "lines": [
    "read"
   ]
  }, 
  {
   "begin": "7.400", 
   "end": "8.080", 
   "id": "f000017", 
   "language": "en", 
   "lines": [
    "Grandpa\u2019s"
   ]
  }, 
  {
   "begin": "8.080", 
   "end": "8.360", 
   "id": "f000018", 
   "language": "en", 
   "lines": [
    "handwriting"
   ]
  }, 
  {
   "begin": "8.360", 
   "end": "8.960", 
   "id": "f000019", 
   "language": "en", 
   "lines": [
    "very"
   ]
  }, 
  {
   "begin": "8.960", 
   "end": "9.960", 
   "id": "f000020", 
   "language": "en", 
   "lines": [
    "well."
   ]
  }, 
  {
   "begin": "9.960", 
   "end": "10.200", 
   "id": "f000021", 
   "language": "en", 
   "lines": [
    "She"
   ]
  }, 
  {
   "begin": "10.200", 
   "end": "10.520", 
   "id": "f000022", 
   "language": "en", 
   "lines": [
    "tried"
   ]
  }, 
  {
   "begin": "10.520", 
   "end": "10.840", 
   "id": "f000023", 
   "language": "en", 
   "lines": [
    "to"
   ]
  }, 
  {
   "begin": "10.840", 
   "end": "11.640", 
   "id": "f000024", 
   "language": "en", 
   "lines": [
    "remember"
   ]
  }, 
  {
   "begin": "11.640", 
   "end": "11.840", 
   "id": "f000025", 
   "language": "en", 
   "lines": [
    "what"
   ]
  }, 
  {
   "begin": "11.840", 
   "end": "12.280", 
   "id": "f000026", 
   "language": "en", 
   "lines": [
    "Grandpa"
   ]
  }, 
  {
   "begin": "12.280", 
   "end": "12.760", 
   "id": "f000027", 
   "language": "en", 
   "lines": [
    "had"
   ]
  }, 
  {
   "begin": "12.760", 
   "end": "13.000", 
   "id": "f000028", 
   "language": "en", 
   "lines": [
    "read.\n"
   ]
  }, 
  {
   "begin": "13.000", 
   "end": "13.080", 
   "id": "f000029", 
   "language": "en", 
   "lines": [
    "&nbsp;"
   ]
  }, 
  {
   "begin": "13.080", 
   "end": "14.840", 
   "id": "f000030", 
   "language": "en", 
   "lines": [
    "Then,"
   ]
  }, 
  {
   "begin": "14.840", 
   "end": "15.160", 
   "id": "f000031", 
   "language": "en", 
   "lines": [
    "after"
   ]
  }, 
  {
   "begin": "15.160", 
   "end": "15.480", 
   "id": "f000032", 
   "language": "en", 
   "lines": [
    "the"
   ]
  }, 
  {
   "begin": "15.480", 
   "end": "16.160", 
   "id": "f000033", 
   "language": "en", 
   "lines": [
    "word"
   ]
  }, 
  {
   "begin": "16.160", 
   "end": "16.320", 
   "id": "f000034", 
   "language": "en", 
   "lines": [
    "that"
   ]
  }, 
  {
   "begin": "16.320", 
   "end": "16.720", 
   "id": "f000035", 
   "language": "en", 
   "lines": [
    "she"
   ]
  }, 
  {
   "begin": "16.720", 
   "end": "17.160", 
   "id": "f000036", 
   "language": "en", 
   "lines": [
    "thought"
   ]
  }, 
  {
   "begin": "17.160", 
   "end": "17.480", 
   "id": "f000037", 
   "language": "en", 
   "lines": [
    "was"
   ]
  }, 
  {
   "begin": "17.480", 
   "end": "18.120", 
   "id": "f000038", 
   "language": "en", 
   "lines": [
    "\u2018Tumkur\u2019"
   ]
  }, 
  {
   "begin": "18.120", 
   "end": "19.440", 
   "id": "f000039", 
   "language": "en", 
   "lines": [
    "Ritu"
   ]
  }, 
  {
   "begin": "19.440", 
   "end": "20.000", 
   "id": "f000040", 
   "language": "en", 
   "lines": [
    "wrote,"
   ]
  }, 
  {
   "begin": "20.000", 
   "end": "22.000", 
   "id": "f000041", 
   "language": "en", 
   "lines": [
    "\u2018PLEECE.\u2019"
   ]
  }, 
  {
   "begin": "22.000", 
   "end": "22.240", 
   "id": "f000042", 
   "language": "en", 
   "lines": [
    "Happy"
   ]
  }, 
  {
   "begin": "22.240", 
   "end": "22.280", 
   "id": "f000043", 
   "language": "en", 
   "lines": [
    "with"
   ]
  }, 
  {
   "begin": "22.280", 
   "end": "22.680", 
   "id": "f000044", 
   "language": "en", 
   "lines": [
    "her"
   ]
  }, 
  {
   "begin": "22.680", 
   "end": "23.440", 
   "id": "f000045", 
   "language": "en", 
   "lines": [
    "work,"
   ]
  }, 
  {
   "begin": "23.440", 
   "end": "23.640", 
   "id": "f000046", 
   "language": "en", 
   "lines": [
    "Ritu"
   ]
  }, 
  {
   "begin": "23.640", 
   "end": "24.280", 
   "id": "f000047", 
   "language": "en", 
   "lines": [
    "walked"
   ]
  }, 
  {
   "begin": "24.280", 
   "end": "25.280", 
   "id": "f000048", 
   "language": "en", 
   "lines": [
    "on."
   ]
  }
 ]
}