{
 "fragments": [
  {
   "begin": "0.000", 
   "end": "1.000", 
   "id": "f000001", 
   "language": "en", 
   "lines": [
    "\u201cYes,"
   ]
  }, 
  {
   "begin": "1.000", 
   "end": "1.200", 
   "id": "f000002", 
   "language": "en", 
   "lines": [
    "little"
   ]
  }, 
  {
   "begin": "1.200", 
   "end": "2.440", 
   "id": "f000003", 
   "language": "en", 
   "lines": [
    "Ritu."
   ]
  }, 
  {
   "begin": "2.440", 
   "end": "3.160", 
   "id": "f000004", 
   "language": "en", 
   "lines": [
    "See,"
   ]
  }, 
  {
   "begin": "3.160", 
   "end": "3.360", 
   "id": "f000005", 
   "language": "en", 
   "lines": [
    "I"
   ]
  }, 
  {
   "begin": "3.360", 
   "end": "3.880", 
   "id": "f000006", 
   "language": "en", 
   "lines": [
    "have"
   ]
  }, 
  {
   "begin": "3.880", 
   "end": "4.280", 
   "id": "f000007", 
   "language": "en", 
   "lines": [
    "written"
   ]
  }, 
  {
   "begin": "4.280", 
   "end": "4.320", 
   "id": "f000008", 
   "language": "en", 
   "lines": [
    "the"
   ]
  }, 
  {
   "begin": "4.320", 
   "end": "5.000", 
   "id": "f000009", 
   "language": "en", 
   "lines": [
    "address."
   ]
  }, 
  {
   "begin": "5.000", 
   "end": "5.840", 
   "id": "f000010", 
   "language": "en", 
   "lines": [
    "Take"
   ]
  }, 
  {
   "begin": "5.840", 
   "end": "6.000", 
   "id": "f000011", 
   "language": "en", 
   "lines": [
    "it"
   ]
  }, 
  {
   "begin": "6.000", 
   "end": "6.160", 
   "id": "f000012", 
   "language": "en", 
   "lines": [
    "to"
   ]
  }, 
  {
   "begin": "6.160", 
   "end": "6.360", 
   "id": "f000013", 
   "language": "en", 
   "lines": [
    "the"
   ]
  }, 
  {
   "begin": "6.360", 
   "end": "6.840", 
   "id": "f000014", 
   "language": "en", 
   "lines": [
    "Post"
   ]
  }, 
  {
   "begin": "6.840", 
   "end": "7.920", 
   "id": "f000015", 
   "language": "en", 
   "lines": [
    "Office."
   ]
  }, 
  {
   "begin": "7.920", 
   "end": "8.160", 
   "id": "f000016", 
   "language": "en", 
   "lines": [
    "Give"
   ]
  }, 
  {
   "begin": "8.160", 
   "end": "8.360", 
   "id": "f000017", 
   "language": "en", 
   "lines": [
    "the"
   ]
  }, 
  {
   "begin": "8.360", 
   "end": "9.360", 
   "id": "f000018", 
   "language": "en", 
   "lines": [
    "postcard"
   ]
  }, 
  {
   "begin": "9.360", 
   "end": "9.480", 
   "id": "f000019", 
   "language": "en", 
   "lines": [
    "to"
   ]
  }, 
  {
   "begin": "9.480", 
   "end": "10.120", 
   "id": "f000020", 
   "language": "en", 
   "lines": [
    "Ramesh"
   ]
  }, 
  {
   "begin": "10.120", 
   "end": "11.240", 
   "id": "f000021", 
   "language": "en", 
   "lines": [
    "Uncle."
   ]
  }, 
  {
   "begin": "11.240", 
   "end": "11.520", 
   "id": "f000022", 
   "language": "en", 
   "lines": [
    "You"
   ]
  }, 
  {
   "begin": "11.520", 
   "end": "11.800", 
   "id": "f000023", 
   "language": "en", 
   "lines": [
    "do"
   ]
  }, 
  {
   "begin": "11.800", 
   "end": "12.200", 
   "id": "f000024", 
   "language": "en", 
   "lines": [
    "know"
   ]
  }, 
  {
   "begin": "12.200", 
   "end": "12.640", 
   "id": "f000025", 
   "language": "en", 
   "lines": [
    "that"
   ]
  }, 
  {
   "begin": "12.640", 
   "end": "13.160", 
   "id": "f000026", 
   "language": "en", 
   "lines": [
    "big"
   ]
  }, 
  {
   "begin": "13.160", 
   "end": "13.440", 
   "id": "f000027", 
   "language": "en", 
   "lines": [
    "uncle"
   ]
  }, 
  {
   "begin": "13.440", 
   "end": "13.960", 
   "id": "f000028", 
   "language": "en", 
   "lines": [
    "with"
   ]
  }, 
  {
   "begin": "13.960", 
   "end": "14.320", 
   "id": "f000029", 
   "language": "en", 
   "lines": [
    "the"
   ]
  }, 
  {
   "begin": "14.320", 
   "end": "14.920", 
   "id": "f000030", 
   "language": "en", 
   "lines": [
    "big,"
   ]
  }, 
  {
   "begin": "14.920", 
   "end": "15.880", 
   "id": "f000031", 
   "language": "en", 
   "lines": [
    "handle-bar"
   ]
  }, 
  {
   "begin": "15.880", 
   "end": "16.360", 
   "id": "f000032", 
   "language": "en", 
   "lines": [
    "moustaches,"
   ]
  }, 
  {
   "begin": "16.360", 
   "end": "16.920", 
   "id": "f000033", 
   "language": "en", 
   "lines": [
    "don\u2019t"
   ]
  }, 
  {
   "begin": "16.920", 
   "end": "16.960", 
   "id": "f000034", 
   "language": "en", 
   "lines": [
    "you?\u201d"
   ]
  }, 
  {
   "begin": "16.960", 
   "end": "17.440", 
   "id": "f000035", 
   "language": "en", 
   "lines": [
    "&nbsp;"
   ]
  }, 
  {
   "begin": "17.440", 
   "end": "18.840", 
   "id": "f000036", 
   "language": "en", 
   "lines": [
    "&nbsp;\u201cYes"
   ]
  }, 
  {
   "begin": "18.840", 
   "end": "19.920", 
   "id": "f000037", 
   "language": "en", 
   "lines": [
    "Grandpa."
   ]
  }, 
  {
   "begin": "19.920", 
   "end": "20.400", 
   "id": "f000038", 
   "language": "en", 
   "lines": [
    "He"
   ]
  }, 
  {
   "begin": "20.400", 
   "end": "20.760", 
   "id": "f000039", 
   "language": "en", 
   "lines": [
    "is"
   ]
  }, 
  {
   "begin": "20.760", 
   "end": "20.760", 
   "id": "f000040", 
   "language": "en", 
   "lines": [
    "the"
   ]
  }, 
  {
   "begin": "20.760", 
   "end": "20.760", 
   "id": "f000041", 
   "language": "en", 
   "lines": [
    "uncle"
   ]
  }, 
  {
   "begin": "20.760", 
   "end": "20.760", 
   "id": "f000042", 
   "language": "en", 
   "lines": [
    "who"
   ]
  }, 
  {
   "begin": "20.760", 
   "end": "21.280", 
   "id": "f000043", 
   "language": "en", 
   "lines": [
    "taught"
   ]
  }, 
  {
   "begin": "21.280", 
   "end": "21.520", 
   "id": "f000044", 
   "language": "en", 
   "lines": [
    "Mani"
   ]
  }, 
  {
   "begin": "21.520", 
   "end": "21.760", 
   "id": "f000045", 
   "language": "en", 
   "lines": [
    "how"
   ]
  }, 
  {
   "begin": "21.760", 
   "end": "21.840", 
   "id": "f000046", 
   "language": "en", 
   "lines": [
    "to"
   ]
  }, 
  {
   "begin": "21.840", 
   "end": "22.600", 
   "id": "f000047", 
   "language": "en", 
   "lines": [
    "ride"
   ]
  }, 
  {
   "begin": "22.600", 
   "end": "22.920", 
   "id": "f000048", 
   "language": "en", 
   "lines": [
    "the"
   ]
  }, 
  {
   "begin": "22.920", 
   "end": "23.360", 
   "id": "f000049", 
   "language": "en", 
   "lines": [
    "cycle"
   ]
  }, 
  {
   "begin": "23.360", 
   "end": "23.880", 
   "id": "f000050", 
   "language": "en", 
   "lines": [
    "last"
   ]
  }, 
  {
   "begin": "23.880", 
   "end": "25.600", 
   "id": "f000051", 
   "language": "en", 
   "lines": [
    "summer."
   ]
  }, 
  {
   "begin": "25.600", 
   "end": "26.000", 
   "id": "f000052", 
   "language": "en", 
   "lines": [
    "Will"
   ]
  }, 
  {
   "begin": "26.000", 
   "end": "26.280", 
   "id": "f000053", 
   "language": "en", 
   "lines": [
    "he"
   ]
  }, 
  {
   "begin": "26.280", 
   "end": "26.640", 
   "id": "f000054", 
   "language": "en", 
   "lines": [
    "take"
   ]
  }, 
  {
   "begin": "26.640", 
   "end": "26.840", 
   "id": "f000055", 
   "language": "en", 
   "lines": [
    "the"
   ]
  }, 
  {
   "begin": "26.840", 
   "end": "27.240", 
   "id": "f000056", 
   "language": "en", 
   "lines": [
    "letter"
   ]
  }, 
  {
   "begin": "27.240", 
   "end": "27.520", 
   "id": "f000057", 
   "language": "en", 
   "lines": [
    "to"
   ]
  }, 
  {
   "begin": "27.520", 
   "end": "27.680", 
   "id": "f000058", 
   "language": "en", 
   "lines": [
    "Aunty"
   ]
  }, 
  {
   "begin": "27.680", 
   "end": "28.800", 
   "id": "f000059", 
   "language": "en", 
   "lines": [
    "Pooja?\u201d"
   ]
  }, 
  {
   "begin": "28.800", 
   "end": "29.320", 
   "id": "f000060", 
   "language": "en", 
   "lines": [
    "asked"
   ]
  }, 
  {
   "begin": "29.320", 
   "end": "30.400", 
   "id": "f000061", 
   "language": "en", 
   "lines": [
    "Ritu."
   ]
  }, 
  {
   "begin": "30.400", 
   "end": "30.600", 
   "id": "f000062", 
   "language": "en", 
   "lines": [
    "&nbsp;"
   ]
  }, 
  {
   "begin": "30.600", 
   "end": "30.880", 
   "id": "f000063", 
   "language": "en", 
   "lines": [
    "\u201cNo,"
   ]
  }, 
  {
   "begin": "30.880", 
   "end": "31.240", 
   "id": "f000064", 
   "language": "en", 
   "lines": [
    "dear."
   ]
  }, 
  {
   "begin": "31.240", 
   "end": "31.680", 
   "id": "f000065", 
   "language": "en", 
   "lines": [
    "But"
   ]
  }, 
  {
   "begin": "31.680", 
   "end": "31.960", 
   "id": "f000066", 
   "language": "en", 
   "lines": [
    "the"
   ]
  }, 
  {
   "begin": "31.960", 
   "end": "32.360", 
   "id": "f000067", 
   "language": "en", 
   "lines": [
    "letter"
   ]
  }, 
  {
   "begin": "32.360", 
   "end": "32.800", 
   "id": "f000068", 
   "language": "en", 
   "lines": [
    "will"
   ]
  }, 
  {
   "begin": "32.800", 
   "end": "33.160", 
   "id": "f000069", 
   "language": "en", 
   "lines": [
    "reach"
   ]
  }, 
  {
   "begin": "33.160", 
   "end": "33.520", 
   "id": "f000070", 
   "language": "en", 
   "lines": [
    "your"
   ]
  }, 
  {
   "begin": "33.520", 
   "end": "34.360", 
   "id": "f000071", 
   "language": "en", 
   "lines": [
    "aunty,"
   ]
  }, 
  {
   "begin": "34.360", 
   "end": "34.720", 
   "id": "f000072", 
   "language": "en", 
   "lines": [
    "don\u2019t"
   ]
  }, 
  {
   "begin": "34.720", 
   "end": "36.000", 
   "id": "f000073", 
   "language": "en", 
   "lines": [
    "worry.\u201d"
   ]
  }
 ]
}