{
 "fragments": [ 
  {
   "begin": "1.360", 
   "end": "1.360", 
   "id": "f000007", 
   "language": "en", 
   "lines": [
    "\u201cOf"
   ]
  }, 
  {
   "begin": "1.360", 
   "end": "1.640", 
   "id": "f000008", 
   "language": "en", 
   "lines": [
    "course,"
   ]
  }, 
  {
   "begin": "1.640", 
   "end": "1.640", 
   "id": "f000009", 
   "language": "en", 
   "lines": [
    "dear"
   ]
  }, 
  {
   "begin": "1.640", 
   "end": "2.200", 
   "id": "f000010", 
   "language": "en", 
   "lines": [
    "Ritu,"
   ]
  }, 
  {
   "begin": "2.200", 
   "end": "2.480", 
   "id": "f000011", 
   "language": "en", 
   "lines": [
    "I"
   ]
  }, 
  {
   "begin": "2.480", 
   "end": "2.760", 
   "id": "f000012", 
   "language": "en", 
   "lines": [
    "have"
   ]
  }, 
  {
   "begin": "2.760", 
   "end": "2.960", 
   "id": "f000013", 
   "language": "en", 
   "lines": [
    "written"
   ]
  }, 
  {
   "begin": "2.960", 
   "end": "3.320", 
   "id": "f000014", 
   "language": "en", 
   "lines": [
    "to"
   ]
  }, 
  {
   "begin": "3.320", 
   "end": "3.760", 
   "id": "f000015", 
   "language": "en", 
   "lines": [
    "your"
   ]
  }, 
  {
   "begin": "3.760", 
   "end": "4.960", 
   "id": "f000016", 
   "language": "en", 
   "lines": [
    "Aunty."
   ]
  }, 
  {
   "begin": "4.960", 
   "end": "5.200", 
   "id": "f000017", 
   "language": "en", 
   "lines": [
    "Look"
   ]
  }, 
  {
   "begin": "5.200", 
   "end": "6.080", 
   "id": "f000018", 
   "language": "en", 
   "lines": [
    "here,"
   ]
  }, 
  {
   "begin": "6.080", 
   "end": "6.240", 
   "id": "f000019", 
   "language": "en", 
   "lines": [
    "let"
   ]
  }, 
  {
   "begin": "6.240", 
   "end": "6.320", 
   "id": "f000020", 
   "language": "en", 
   "lines": [
    "me"
   ]
  }, 
  {
   "begin": "6.320", 
   "end": "6.840", 
   "id": "f000021", 
   "language": "en", 
   "lines": [
    "read"
   ]
  }, 
  {
   "begin": "6.840", 
   "end": "7.080", 
   "id": "f000022", 
   "language": "en", 
   "lines": [
    "out"
   ]
  }, 
  {
   "begin": "7.080", 
   "end": "7.440", 
   "id": "f000023", 
   "language": "en", 
   "lines": [
    "the"
   ]
  }, 
  {
   "begin": "7.440", 
   "end": "7.720", 
   "id": "f000024", 
   "language": "en", 
   "lines": [
    "letter"
   ]
  }, 
  {
   "begin": "7.720", 
   "end": "7.720", 
   "id": "f000025", 
   "language": "en", 
   "lines": [
    "-"
   ]
  }, 
  {
   "begin": "7.720", 
   "end": "9.040", 
   "id": "f000026", 
   "language": "en", 
   "lines": [
    "Dear"
   ]
  }, 
  {
   "begin": "9.040", 
   "end": "9.280", 
   "id": "f000027", 
   "language": "en", 
   "lines": [
    "Pooja,"
   ]
  }, 
  {
   "begin": "9.280", 
   "end": "9.600", 
   "id": "f000028", 
   "language": "en", 
   "lines": [
    "Hope"
   ]
  }, 
  {
   "begin": "9.600", 
   "end": "10.520", 
   "id": "f000029", 
   "language": "en", 
   "lines": [
    "you"
   ]
  }, 
  {
   "begin": "10.520", 
   "end": "11.040", 
   "id": "f000030", 
   "language": "en", 
   "lines": [
    "are"
   ]
  }, 
  {
   "begin": "11.040", 
   "end": "12.280", 
   "id": "f000031", 
   "language": "en", 
   "lines": [
    "fine."
   ]
  }, 
  {
   "begin": "12.280", 
   "end": "12.800", 
   "id": "f000032", 
   "language": "en", 
   "lines": [
    "Mani"
   ]
  }, 
  {
   "begin": "12.800", 
   "end": "13.040", 
   "id": "f000033", 
   "language": "en", 
   "lines": [
    "must"
   ]
  }, 
  {
   "begin": "13.040", 
   "end": "13.200", 
   "id": "f000034", 
   "language": "en", 
   "lines": [
    "be"
   ]
  }, 
  {
   "begin": "13.200", 
   "end": "13.560", 
   "id": "f000035", 
   "language": "en", 
   "lines": [
    "having"
   ]
  }, 
  {
   "begin": "13.560", 
   "end": "14.280", 
   "id": "f000036", 
   "language": "en", 
   "lines": [
    "holidays"
   ]
  }, 
  {
   "begin": "14.280", 
   "end": "15.200", 
   "id": "f000037", 
   "language": "en", 
   "lines": [
    "now."
   ]
  }, 
  {
   "begin": "15.200", 
   "end": "15.680", 
   "id": "f000038", 
   "language": "en", 
   "lines": [
    "Ritu"
   ]
  }, 
  {
   "begin": "15.680", 
   "end": "16.000", 
   "id": "f000039", 
   "language": "en", 
   "lines": [
    "is"
   ]
  }, 
  {
   "begin": "16.000", 
   "end": "16.600", 
   "id": "f000040", 
   "language": "en", 
   "lines": [
    "very"
   ]
  }, 
  {
   "begin": "16.600", 
   "end": "16.720", 
   "id": "f000041", 
   "language": "en", 
   "lines": [
    "eager"
   ]
  }, 
  {
   "begin": "16.720", 
   "end": "17.120", 
   "id": "f000042", 
   "language": "en", 
   "lines": [
    "to"
   ]
  }, 
  {
   "begin": "17.120", 
   "end": "17.400", 
   "id": "f000043", 
   "language": "en", 
   "lines": [
    "see"
   ]
  }, 
  {
   "begin": "17.400", 
   "end": "18.480", 
   "id": "f000044", 
   "language": "en", 
   "lines": [
    "him."
   ]
  }, 
  {
   "begin": "18.480", 
   "end": "18.840", 
   "id": "f000045", 
   "language": "en", 
   "lines": [
    "Do"
   ]
  }, 
  {
   "begin": "18.840", 
   "end": "19.440", 
   "id": "f000046", 
   "language": "en", 
   "lines": [
    "send"
   ]
  }, 
  {
   "begin": "19.440", 
   "end": "19.920", 
   "id": "f000047", 
   "language": "en", 
   "lines": [
    "him"
   ]
  }, 
  {
   "begin": "19.920", 
   "end": "20.120", 
   "id": "f000048", 
   "language": "en", 
   "lines": [
    "here"
   ]
  }, 
  {
   "begin": "20.120", 
   "end": "20.400", 
   "id": "f000049", 
   "language": "en", 
   "lines": [
    "to"
   ]
  }, 
  {
   "begin": "20.400", 
   "end": "21.240", 
   "id": "f000050", 
   "language": "en", 
   "lines": [
    "Tumkur.\u201d"
   ]
  }
 ]
}