{
 "fragments": [
  {
   "begin": "0.000", 
   "end": "0.360", 
   "id": "f000001", 
   "language": "en", 
   "lines": [
    "The"
   ]
  }, 
  {
   "begin": "0.360", 
   "end": "1.200", 
   "id": "f000002", 
   "language": "en", 
   "lines": [
    "painters"
   ]
  }, 
  {
   "begin": "1.200", 
   "end": "1.480", 
   "id": "f000003", 
   "language": "en", 
   "lines": [
    "were"
   ]
  }, 
  {
   "begin": "1.480", 
   "end": "2.640", 
   "id": "f000004", 
   "language": "en", 
   "lines": [
    "busy."
   ]
  }, 
  {
   "begin": "2.640", 
   "end": "3.000", 
   "id": "f000005", 
   "language": "en", 
   "lines": [
    "One"
   ]
  }, 
  {
   "begin": "3.000", 
   "end": "3.280", 
   "id": "f000006", 
   "language": "en", 
   "lines": [
    "painter&nbsp;was"
   ]
  }, 
  {
   "begin": "3.280", 
   "end": "3.360", 
   "id": "f000007", 
   "language": "en", 
   "lines": [
    "on"
   ]
  }, 
  {
   "begin": "3.360", 
   "end": "3.880", 
   "id": "f000008", 
   "language": "en", 
   "lines": [
    "a"
   ]
  }, 
  {
   "begin": "3.880", 
   "end": "4.160", 
   "id": "f000009", 
   "language": "en", 
   "lines": [
    "ladder."
   ]
  }, 
  {
   "begin": "4.160", 
   "end": "4.760", 
   "id": "f000010", 
   "language": "en", 
   "lines": [
    "Another"
   ]
  }, 
  {
   "begin": "4.760", 
   "end": "5.600", 
   "id": "f000011", 
   "language": "en", 
   "lines": [
    "was"
   ]
  }, 
  {
   "begin": "5.600", 
   "end": "5.920", 
   "id": "f000012", 
   "language": "en", 
   "lines": [
    "hanging"
   ]
  }, 
  {
   "begin": "5.920", 
   "end": "6.200", 
   "id": "f000013", 
   "language": "en", 
   "lines": [
    "from"
   ]
  }, 
  {
   "begin": "6.200", 
   "end": "6.200", 
   "id": "f000014", 
   "language": "en", 
   "lines": [
    "the"
   ]
  }, 
  {
   "begin": "6.200", 
   "end": "6.400", 
   "id": "f000015", 
   "language": "en", 
   "lines": [
    "roof"
   ]
  }, 
  {
   "begin": "6.400", 
   "end": "6.720", 
   "id": "f000016", 
   "language": "en", 
   "lines": [
    "on"
   ]
  }, 
  {
   "begin": "6.720", 
   "end": "6.880", 
   "id": "f000017", 
   "language": "en", 
   "lines": [
    "a"
   ]
  }, 
  {
   "begin": "6.880", 
   "end": "8.920", 
   "id": "f000018", 
   "language": "en", 
   "lines": [
    "swing.&nbsp;\u201cCan"
   ]
  }, 
  {
   "begin": "8.920", 
   "end": "8.960", 
   "id": "f000019", 
   "language": "en", 
   "lines": [
    "we"
   ]
  }, 
  {
   "begin": "8.960", 
   "end": "11.600", 
   "id": "f000020", 
   "language": "en", 
   "lines": [
    "help?\u201d"
   ]
  }, 
  {
   "begin": "11.600", 
   "end": "12.040", 
   "id": "f000021", 
   "language": "en", 
   "lines": [
    "asked"
   ]
  }, 
  {
   "begin": "12.040", 
   "end": "12.600", 
   "id": "f000022", 
   "language": "en", 
   "lines": [
    "Veena"
   ]
  }, 
  {
   "begin": "12.600", 
   "end": "12.920", 
   "id": "f000023", 
   "language": "en", 
   "lines": [
    "and"
   ]
  }, 
  {
   "begin": "12.920", 
   "end": "13.480", 
   "id": "f000024", 
   "language": "en", 
   "lines": [
    "Vinay."
   ]
  }
 ]
}