{
 "fragments": [
  {
   "begin": "0.000", 
   "end": "0.720", 
   "id": "f000001", 
   "language": "en", 
   "lines": [
    "\"I"
   ]
  }, 
  {
   "begin": "0.720", 
   "end": "1.000", 
   "id": "f000002", 
   "language": "en", 
   "lines": [
    "love"
   ]
  }, 
  {
   "begin": "1.000", 
   "end": "1.400", 
   "id": "f000003", 
   "language": "en", 
   "lines": [
    "my"
   ]
  }, 
  {
   "begin": "1.400", 
   "end": "1.920", 
   "id": "f000004", 
   "language": "en", 
   "lines": [
    "green"
   ]
  }, 
  {
   "begin": "1.920", 
   "end": "2.440", 
   "id": "f000005", 
   "language": "en", 
   "lines": [
    "gate!\""
   ]
  }, 
  {
   "begin": "2.440", 
   "end": "3.600", 
   "id": "f000006", 
   "language": "en", 
   "lines": [
    "said"
   ]
  }, 
  {
   "begin": "3.600", 
   "end": "4.480", 
   "id": "f000007", 
   "language": "en", 
   "lines": [
    "Vinay."
   ]
  }
 ]
}