{
 "fragments": [
  {
   "begin": "0.000", 
   "end": "1.000", 
   "id": "f000001", 
   "language": "en", 
   "lines": [
    "\"I"
   ]
  }, 
  {
   "begin": "1.000", 
   "end": "1.280", 
   "id": "f000002", 
   "language": "en", 
   "lines": [
    "love"
   ]
  }, 
  {
   "begin": "1.280", 
   "end": "1.720", 
   "id": "f000003", 
   "language": "en", 
   "lines": [
    "my"
   ]
  }, 
  {
   "begin": "1.720", 
   "end": "2.160", 
   "id": "f000004", 
   "language": "en", 
   "lines": [
    "red"
   ]
  }, 
  {
   "begin": "2.160", 
   "end": "2.680", 
   "id": "f000005", 
   "language": "en", 
   "lines": [
    "gate!\""
   ]
  }, 
  {
   "begin": "2.680", 
   "end": "3.120", 
   "id": "f000006", 
   "language": "en", 
   "lines": [
    "said"
   ]
  }, 
  {
   "begin": "3.120", 
   "end": "3.800", 
   "id": "f000007", 
   "language": "en", 
   "lines": [
    "Veena."
   ]
  }
 ]
}