{
 "fragments": [
  {
   "begin": "0.000", 
   "end": "0.240", 
   "id": "f000001", 
   "language": "en", 
   "lines": [
    "The"
   ]
  }, 
  {
   "begin": "0.240", 
   "end": "1.160", 
   "id": "f000002", 
   "language": "en", 
   "lines": [
    "paint"
   ]
  }, 
  {
   "begin": "1.160", 
   "end": "1.680", 
   "id": "f000003", 
   "language": "en", 
   "lines": [
    "fell"
   ]
  }, 
  {
   "begin": "1.680", 
   "end": "1.720", 
   "id": "f000004", 
   "language": "en", 
   "lines": [
    "on"
   ]
  }, 
  {
   "begin": "1.720", 
   "end": "2.080", 
   "id": "f000005", 
   "language": "en", 
   "lines": [
    "the"
   ]
  }, 
  {
   "begin": "2.080", 
   "end": "2.720", 
   "id": "f000006", 
   "language": "en", 
   "lines": [
    "ground."
   ]
  }, 
  {
   "begin": "2.720", 
   "end": "3.680", 
   "id": "f000007", 
   "language": "en", 
   "lines": [
    "The"
   ]
  }, 
  {
   "begin": "3.680", 
   "end": "4.040", 
   "id": "f000008", 
   "language": "en", 
   "lines": [
    "paint"
   ]
  }, 
  {
   "begin": "4.040", 
   "end": "4.560", 
   "id": "f000009", 
   "language": "en", 
   "lines": [
    "fell"
   ]
  }, 
  {
   "begin": "4.560", 
   "end": "4.640", 
   "id": "f000010", 
   "language": "en", 
   "lines": [
    "on"
   ]
  }, 
  {
   "begin": "4.640", 
   "end": "5.000", 
   "id": "f000011", 
   "language": "en", 
   "lines": [
    "the"
   ]
  }, 
  {
   "begin": "5.000", 
   "end": "6.160", 
   "id": "f000012", 
   "language": "en", 
   "lines": [
    "wall."
   ]
  }, 
  {
   "begin": "6.160", 
   "end": "6.360", 
   "id": "f000013", 
   "language": "en", 
   "lines": [
    "The"
   ]
  }, 
  {
   "begin": "6.360", 
   "end": "7.040", 
   "id": "f000014", 
   "language": "en", 
   "lines": [
    "paint"
   ]
  }, 
  {
   "begin": "7.040", 
   "end": "7.560", 
   "id": "f000015", 
   "language": "en", 
   "lines": [
    "fell"
   ]
  }, 
  {
   "begin": "7.560", 
   "end": "7.560", 
   "id": "f000016", 
   "language": "en", 
   "lines": [
    "on"
   ]
  }, 
  {
   "begin": "7.560", 
   "end": "8.080", 
   "id": "f000017", 
   "language": "en", 
   "lines": [
    "them."
   ]
  }
 ]
}