{
 "fragments": [
  {
   "begin": "0.000", 
   "end": "0.240", 
   "id": "f000001", 
   "language": "en", 
   "lines": [
    "There"
   ]
  }, 
  {
   "begin": "0.240", 
   "end": "0.680", 
   "id": "f000002", 
   "language": "en", 
   "lines": [
    "was"
   ]
  }, 
  {
   "begin": "0.680", 
   "end": "1.120", 
   "id": "f000003", 
   "language": "en", 
   "lines": [
    "white"
   ]
  }, 
  {
   "begin": "1.120", 
   "end": "2.080", 
   "id": "f000004", 
   "language": "en", 
   "lines": [
    "paint"
   ]
  }, 
  {
   "begin": "2.080", 
   "end": "2.440", 
   "id": "f000005", 
   "language": "en", 
   "lines": [
    "and"
   ]
  }, 
  {
   "begin": "2.440", 
   "end": "2.920", 
   "id": "f000006", 
   "language": "en", 
   "lines": [
    "red"
   ]
  }, 
  {
   "begin": "2.920", 
   "end": "4.120", 
   "id": "f000007", 
   "language": "en", 
   "lines": [
    "paint"
   ]
  }, 
  {
   "begin": "4.120", 
   "end": "4.480", 
   "id": "f000008", 
   "language": "en", 
   "lines": [
    "and"
   ]
  }, 
  {
   "begin": "4.480", 
   "end": "5.000", 
   "id": "f000009", 
   "language": "en", 
   "lines": [
    "green"
   ]
  }, 
  {
   "begin": "5.000", 
   "end": "6.080", 
   "id": "f000010", 
   "language": "en", 
   "lines": [
    "paint"
   ]
  }, 
  {
   "begin": "6.080", 
   "end": "6.400", 
   "id": "f000011", 
   "language": "en", 
   "lines": [
    "and"
   ]
  }, 
  {
   "begin": "6.400", 
   "end": "6.960", 
   "id": "f000012", 
   "language": "en", 
   "lines": [
    "blue"
   ]
  }, 
  {
   "begin": "6.960", 
   "end": "8.120", 
   "id": "f000013", 
   "language": "en", 
   "lines": [
    "paint"
   ]
  }, 
  {
   "begin": "8.120", 
   "end": "8.520", 
   "id": "f000014", 
   "language": "en", 
   "lines": [
    "and"
   ]
  }, 
  {
   "begin": "8.520", 
   "end": "8.880", 
   "id": "f000015", 
   "language": "en", 
   "lines": [
    "yellow"
   ]
  }, 
  {
   "begin": "8.880", 
   "end": "9.680", 
   "id": "f000016", 
   "language": "en", 
   "lines": [
    "paint."
   ]
  }
 ]
}