{
 "fragments": [
  {
   "begin": "0.000", 
   "end": "0.840", 
   "id": "f000001", 
   "language": "en", 
   "lines": [
    "\u201cOh,"
   ]
  }, 
  {
   "begin": "0.840", 
   "end": "1.120", 
   "id": "f000002", 
   "language": "en", 
   "lines": [
    "you"
   ]
  }, 
  {
   "begin": "1.120", 
   "end": "1.480", 
   "id": "f000003", 
   "language": "en", 
   "lines": [
    "have"
   ]
  }, 
  {
   "begin": "1.480", 
   "end": "1.840", 
   "id": "f000004", 
   "language": "en", 
   "lines": [
    "made"
   ]
  }, 
  {
   "begin": "1.840", 
   "end": "2.120", 
   "id": "f000005", 
   "language": "en", 
   "lines": [
    "a"
   ]
  }, 
  {
   "begin": "2.120", 
   "end": "3.000", 
   "id": "f000006", 
   "language": "en", 
   "lines": [
    "two-coloured"
   ]
  }, 
  {
   "begin": "3.000", 
   "end": "3.520", 
   "id": "f000007", 
   "language": "en", 
   "lines": [
    "gate!\u201d"
   ]
  }, 
  {
   "begin": "3.520", 
   "end": "4.440", 
   "id": "f000008", 
   "language": "en", 
   "lines": [
    "cried"
   ]
  }, 
  {
   "begin": "4.440", 
   "end": "4.600", 
   "id": "f000009", 
   "language": "en", 
   "lines": [
    "the"
   ]
  }, 
  {
   "begin": "4.600", 
   "end": "4.920", 
   "id": "f000010", 
   "language": "en", 
   "lines": [
    "painter.&nbsp;\n"
   ]
  }, 
  {
   "begin": "4.920", 
   "end": "6.200", 
   "id": "f000011", 
   "language": "en", 
   "lines": [
    "\u201cLet"
   ]
  }, 
  {
   "begin": "6.200", 
   "end": "6.600", 
   "id": "f000012", 
   "language": "en", 
   "lines": [
    "us"
   ]
  }, 
  {
   "begin": "6.600", 
   "end": "7.000", 
   "id": "f000013", 
   "language": "en", 
   "lines": [
    "keep"
   ]
  }, 
  {
   "begin": "7.000", 
   "end": "7.040", 
   "id": "f000014", 
   "language": "en", 
   "lines": [
    "it"
   ]
  }, 
  {
   "begin": "7.040", 
   "end": "7.320", 
   "id": "f000015", 
   "language": "en", 
   "lines": [
    "that"
   ]
  }, 
  {
   "begin": "7.320", 
   "end": "8.520", 
   "id": "f000016", 
   "language": "en", 
   "lines": [
    "way!\u201d"
   ]
  }, 
  {
   "begin": "8.520", 
   "end": "9.000", 
   "id": "f000017", 
   "language": "en", 
   "lines": [
    "said"
   ]
  }, 
  {
   "begin": "9.000", 
   "end": "9.640", 
   "id": "f000018", 
   "language": "en", 
   "lines": [
    "Mother."
   ]
  }
 ]
}