{
 "fragments": [
  {
   "begin": "0.000", 
   "end": "0.280", 
   "id": "f000001", 
   "language": "en", 
   "lines": [
    "It"
   ]
  }, 
  {
   "begin": "0.280", 
   "end": "0.720", 
   "id": "f000002", 
   "language": "en", 
   "lines": [
    "was"
   ]
  }, 
  {
   "begin": "0.720", 
   "end": "1.240", 
   "id": "f000003", 
   "language": "en", 
   "lines": [
    "holiday"
   ]
  }, 
  {
   "begin": "1.240", 
   "end": "1.800", 
   "id": "f000004", 
   "language": "en", 
   "lines": [
    "time."
   ]
  }, 
  {
   "begin": "1.800", 
   "end": "3.240", 
   "id": "f000005", 
   "language": "en", 
   "lines": [
    "Veena"
   ]
  }, 
  {
   "begin": "3.240", 
   "end": "3.520", 
   "id": "f000006", 
   "language": "en", 
   "lines": [
    "and"
   ]
  }, 
  {
   "begin": "3.520", 
   "end": "4.160", 
   "id": "f000007", 
   "language": "en", 
   "lines": [
    "Vinay"
   ]
  }, 
  {
   "begin": "4.160", 
   "end": "4.440", 
   "id": "f000008", 
   "language": "en", 
   "lines": [
    "were"
   ]
  }, 
  {
   "begin": "4.440", 
   "end": "4.680", 
   "id": "f000009", 
   "language": "en", 
   "lines": [
    "in"
   ]
  }, 
  {
   "begin": "4.680", 
   "end": "4.720", 
   "id": "f000010", 
   "language": "en", 
   "lines": [
    "the"
   ]
  }, 
  {
   "begin": "4.720", 
   "end": "5.000", 
   "id": "f000011", 
   "language": "en", 
   "lines": [
    "garden."
   ]
  }, 
  {
   "begin": "5.000", 
   "end": "6.000", 
   "id": "f000012", 
   "language": "en", 
   "lines": [
    "There"
   ]
  }, 
  {
   "begin": "6.000", 
   "end": "6.360", 
   "id": "f000013", 
   "language": "en", 
   "lines": [
    "were"
   ]
  }, 
  {
   "begin": "6.360", 
   "end": "6.880", 
   "id": "f000014", 
   "language": "en", 
   "lines": [
    "tins"
   ]
  }, 
  {
   "begin": "6.880", 
   "end": "6.920", 
   "id": "f000015", 
   "language": "en", 
   "lines": [
    "of"
   ]
  }, 
  {
   "begin": "6.920", 
   "end": "7.440", 
   "id": "f000016", 
   "language": "en", 
   "lines": [
    "paint"
   ]
  }, 
  {
   "begin": "7.440", 
   "end": "8.720", 
   "id": "f000017", 
   "language": "en", 
   "lines": [
    "everywhere."
   ]
  }
 ]
}