{
 "fragments": [
  {
   "begin": "0.000", 
   "end": "0.640", 
   "id": "f000001", 
   "language": "en", 
   "lines": [
    "They"
   ]
  }, 
  {
   "begin": "0.640", 
   "end": "0.840", 
   "id": "f000002", 
   "language": "en", 
   "lines": [
    "picked"
   ]
  }, 
  {
   "begin": "0.840", 
   "end": "0.960", 
   "id": "f000003", 
   "language": "en", 
   "lines": [
    "up"
   ]
  }, 
  {
   "begin": "0.960", 
   "end": "1.200", 
   "id": "f000004", 
   "language": "en", 
   "lines": [
    "two"
   ]
  }, 
  {
   "begin": "1.200", 
   "end": "1.560", 
   "id": "f000005", 
   "language": "en", 
   "lines": [
    "tins"
   ]
  }, 
  {
   "begin": "1.560", 
   "end": "1.680", 
   "id": "f000006", 
   "language": "en", 
   "lines": [
    "of"
   ]
  }, 
  {
   "begin": "1.680", 
   "end": "2.360", 
   "id": "f000007", 
   "language": "en", 
   "lines": [
    "paint"
   ]
  }, 
  {
   "begin": "2.360", 
   "end": "2.560", 
   "id": "f000008", 
   "language": "en", 
   "lines": [
    "and"
   ]
  }, 
  {
   "begin": "2.560", 
   "end": "2.800", 
   "id": "f000009", 
   "language": "en", 
   "lines": [
    "set"
   ]
  }, 
  {
   "begin": "2.800", 
   "end": "2.960", 
   "id": "f000010", 
   "language": "en", 
   "lines": [
    "to"
   ]
  }, 
  {
   "begin": "2.960", 
   "end": "4.240", 
   "id": "f000011", 
   "language": "en", 
   "lines": [
    "work."
   ]
  }, 
  {
   "begin": "4.240", 
   "end": "4.760", 
   "id": "f000012", 
   "language": "en", 
   "lines": [
    "Veena"
   ]
  }, 
  {
   "begin": "4.760", 
   "end": "5.240", 
   "id": "f000013", 
   "language": "en", 
   "lines": [
    "painted"
   ]
  }, 
  {
   "begin": "5.240", 
   "end": "5.520", 
   "id": "f000014", 
   "language": "en", 
   "lines": [
    "one"
   ]
  }, 
  {
   "begin": "5.520", 
   "end": "5.840", 
   "id": "f000015", 
   "language": "en", 
   "lines": [
    "side"
   ]
  }, 
  {
   "begin": "5.840", 
   "end": "5.920", 
   "id": "f000016", 
   "language": "en", 
   "lines": [
    "of"
   ]
  }, 
  {
   "begin": "5.920", 
   "end": "6.160", 
   "id": "f000017", 
   "language": "en", 
   "lines": [
    "the"
   ]
  }, 
  {
   "begin": "6.160", 
   "end": "7.200", 
   "id": "f000018", 
   "language": "en", 
   "lines": [
    "gate."
   ]
  }, 
  {
   "begin": "7.200", 
   "end": "7.720", 
   "id": "f000019", 
   "language": "en", 
   "lines": [
    "Vinay"
   ]
  }, 
  {
   "begin": "7.720", 
   "end": "8.400", 
   "id": "f000020", 
   "language": "en", 
   "lines": [
    "painted"
   ]
  }, 
  {
   "begin": "8.400", 
   "end": "8.640", 
   "id": "f000021", 
   "language": "en", 
   "lines": [
    "the"
   ]
  }, 
  {
   "begin": "8.640", 
   "end": "8.880", 
   "id": "f000022", 
   "language": "en", 
   "lines": [
    "other"
   ]
  }, 
  {
   "begin": "8.880", 
   "end": "9.240", 
   "id": "f000023", 
   "language": "en", 
   "lines": [
    "side"
   ]
  }, 
  {
   "begin": "9.240", 
   "end": "9.320", 
   "id": "f000024", 
   "language": "en", 
   "lines": [
    "of"
   ]
  }, 
  {
   "begin": "9.320", 
   "end": "9.520", 
   "id": "f000025", 
   "language": "en", 
   "lines": [
    "the"
   ]
  }, 
  {
   "begin": "9.520", 
   "end": "9.920", 
   "id": "f000026", 
   "language": "en", 
   "lines": [
    "gate."
   ]
  }
 ]
}