{
 "fragments": [
  {
   "begin": "0.000", 
   "end": "0.480", 
   "id": "f000001", 
   "language": "en", 
   "lines": [
    "Two"
   ]
  }, 
  {
   "begin": "0.480", 
   "end": "1.120", 
   "id": "f000002", 
   "language": "en", 
   "lines": [
    "shiny"
   ]
  }, 
  {
   "begin": "1.120", 
   "end": "1.800", 
   "id": "f000003", 
   "language": "en", 
   "lines": [
    "eyes"
   ]
  }, 
  {
   "begin": "1.800", 
   "end": "2.160", 
   "id": "f000004", 
   "language": "en", 
   "lines": [
    "looked"
   ]
  }, 
  {
   "begin": "2.160", 
   "end": "2.320", 
   "id": "f000005", 
   "language": "en", 
   "lines": [
    "at"
   ]
  }, 
  {
   "begin": "2.320", 
   "end": "3.000", 
   "id": "f000006", 
   "language": "en", 
   "lines": [
    "him"
   ]
  }, 
  {
   "begin": "3.000", 
   "end": "3.320", 
   "id": "f000007", 
   "language": "en", 
   "lines": [
    "from"
   ]
  }, 
  {
   "begin": "3.320", 
   "end": "3.320", 
   "id": "f000008", 
   "language": "en", 
   "lines": [
    "a"
   ]
  }, 
  {
   "begin": "3.320", 
   "end": "3.800", 
   "id": "f000009", 
   "language": "en", 
   "lines": [
    "tree."
   ]
  }, 
  {
   "begin": "3.800", 
   "end": "4.840", 
   "id": "f000010", 
   "language": "en", 
   "lines": [
    "\u201cWho"
   ]
  }, 
  {
   "begin": "4.840", 
   "end": "5.440", 
   "id": "f000011", 
   "language": "en", 
   "lines": [
    "are"
   ]
  }, 
  {
   "begin": "5.440", 
   "end": "6.640", 
   "id": "f000012", 
   "language": "en", 
   "lines": [
    "you?\u201d"
   ]
  }, 
  {
   "begin": "6.640", 
   "end": "7.120", 
   "id": "f000013", 
   "language": "en", 
   "lines": [
    "asked"
   ]
  }, 
  {
   "begin": "7.120", 
   "end": "7.880", 
   "id": "f000014", 
   "language": "en", 
   "lines": [
    "Tinku."
   ]
  }, 
  {
   "begin": "7.880", 
   "end": "9.480", 
   "id": "f000015", 
   "language": "en", 
   "lines": [
    "\u201cI\u2019m"
   ]
  }, 
  {
   "begin": "9.480", 
   "end": "9.760", 
   "id": "f000016", 
   "language": "en", 
   "lines": [
    "an"
   ]
  }, 
  {
   "begin": "9.760", 
   "end": "10.320", 
   "id": "f000017", 
   "language": "en", 
   "lines": [
    "owl,\u201d"
   ]
  }, 
  {
   "begin": "10.320", 
   "end": "11.280", 
   "id": "f000018", 
   "language": "en", 
   "lines": [
    "said"
   ]
  }, 
  {
   "begin": "11.280", 
   "end": "11.520", 
   "id": "f000019", 
   "language": "en", 
   "lines": [
    "the"
   ]
  }, 
  {
   "begin": "11.520", 
   "end": "12.000", 
   "id": "f000020", 
   "language": "en", 
   "lines": [
    "owl."
   ]
  }, 
  {
   "begin": "12.000", 
   "end": "13.160", 
   "id": "f000021", 
   "language": "en", 
   "lines": [
    "\u201cI"
   ]
  }, 
  {
   "begin": "13.160", 
   "end": "13.640", 
   "id": "f000022", 
   "language": "en", 
   "lines": [
    "hunt"
   ]
  }, 
  {
   "begin": "13.640", 
   "end": "13.960", 
   "id": "f000023", 
   "language": "en", 
   "lines": [
    "for"
   ]
  }, 
  {
   "begin": "13.960", 
   "end": "14.080", 
   "id": "f000024", 
   "language": "en", 
   "lines": [
    "food"
   ]
  }, 
  {
   "begin": "14.080", 
   "end": "14.560", 
   "id": "f000025", 
   "language": "en", 
   "lines": [
    "during"
   ]
  }, 
  {
   "begin": "14.560", 
   "end": "14.720", 
   "id": "f000026", 
   "language": "en", 
   "lines": [
    "the"
   ]
  }, 
  {
   "begin": "14.720", 
   "end": "15.200", 
   "id": "f000027", 
   "language": "en", 
   "lines": [
    "night.\u201d"
   ]
  }, 
  {
   "begin": "15.200", 
   "end": "16.320", 
   "id": "f000028", 
   "language": "en", 
   "lines": [
    "\u201cWill"
   ]
  }, 
  {
   "begin": "16.320", 
   "end": "16.560", 
   "id": "f000029", 
   "language": "en", 
   "lines": [
    "you"
   ]
  }, 
  {
   "begin": "16.560", 
   "end": "16.720", 
   "id": "f000030", 
   "language": "en", 
   "lines": [
    "be"
   ]
  }, 
  {
   "begin": "16.720", 
   "end": "16.960", 
   "id": "f000031", 
   "language": "en", 
   "lines": [
    "my"
   ]
  }, 
  {
   "begin": "16.960", 
   "end": "18.120", 
   "id": "f000032", 
   "language": "en", 
   "lines": [
    "friend?\u201d"
   ]
  }, 
  {
   "begin": "18.120", 
   "end": "18.640", 
   "id": "f000033", 
   "language": "en", 
   "lines": [
    "asked"
   ]
  }, 
  {
   "begin": "18.640", 
   "end": "19.320", 
   "id": "f000034", 
   "language": "en", 
   "lines": [
    "Tinku."
   ]
  }, 
  {
   "begin": "19.320", 
   "end": "20.760", 
   "id": "f000035", 
   "language": "en", 
   "lines": [
    "\u201cYes,"
   ]
  }, 
  {
   "begin": "20.760", 
   "end": "21.080", 
   "id": "f000036", 
   "language": "en", 
   "lines": [
    "I"
   ]
  }, 
  {
   "begin": "21.080", 
   "end": "22.280", 
   "id": "f000037", 
   "language": "en", 
   "lines": [
    "will!\u201d"
   ]
  }, 
  {
   "begin": "22.280", 
   "end": "22.600", 
   "id": "f000038", 
   "language": "en", 
   "lines": [
    "said"
   ]
  }, 
  {
   "begin": "22.600", 
   "end": "22.800", 
   "id": "f000039", 
   "language": "en", 
   "lines": [
    "the"
   ]
  }, 
  {
   "begin": "22.800", 
   "end": "23.520", 
   "id": "f000040", 
   "language": "en", 
   "lines": [
    "owl."
   ]
  }
 ]
}