{
 "fragments": [
  {
   "begin": "0.000", 
   "end": "0.600", 
   "id": "f000001", 
   "language": "en", 
   "lines": [
    "\u201cI"
   ]
  }, 
  {
   "begin": "0.600", 
   "end": "1.000", 
   "id": "f000002", 
   "language": "en", 
   "lines": [
    "am"
   ]
  }, 
  {
   "begin": "1.000", 
   "end": "1.320", 
   "id": "f000003", 
   "language": "en", 
   "lines": [
    "not"
   ]
  }, 
  {
   "begin": "1.320", 
   "end": "2.000", 
   "id": "f000004", 
   "language": "en", 
   "lines": [
    "sleepy,"
   ]
  }, 
  {
   "begin": "2.000", 
   "end": "3.560", 
   "id": "f000005", 
   "language": "en", 
   "lines": [
    "Ma,\u201d"
   ]
  }, 
  {
   "begin": "3.560", 
   "end": "4.160", 
   "id": "f000006", 
   "language": "en", 
   "lines": [
    "murmured"
   ]
  }, 
  {
   "begin": "4.160", 
   "end": "4.520", 
   "id": "f000007", 
   "language": "en", 
   "lines": [
    "Tinku."
   ]
  }, 
  {
   "begin": "4.520", 
   "end": "5.680", 
   "id": "f000008", 
   "language": "en", 
   "lines": [
    "But"
   ]
  }, 
  {
   "begin": "5.680", 
   "end": "6.160", 
   "id": "f000009", 
   "language": "en", 
   "lines": [
    "Ma"
   ]
  }, 
  {
   "begin": "6.160", 
   "end": "6.360", 
   "id": "f000010", 
   "language": "en", 
   "lines": [
    "did"
   ]
  }, 
  {
   "begin": "6.360", 
   "end": "6.600", 
   "id": "f000011", 
   "language": "en", 
   "lines": [
    "not"
   ]
  }, 
  {
   "begin": "6.600", 
   "end": "6.920", 
   "id": "f000012", 
   "language": "en", 
   "lines": [
    "hear"
   ]
  }, 
  {
   "begin": "6.920", 
   "end": "8.040", 
   "id": "f000013", 
   "language": "en", 
   "lines": [
    "him."
   ]
  }, 
  {
   "begin": "8.040", 
   "end": "8.320", 
   "id": "f000014", 
   "language": "en", 
   "lines": [
    "She"
   ]
  }, 
  {
   "begin": "8.320", 
   "end": "8.720", 
   "id": "f000015", 
   "language": "en", 
   "lines": [
    "was"
   ]
  }, 
  {
   "begin": "8.720", 
   "end": "9.280", 
   "id": "f000016", 
   "language": "en", 
   "lines": [
    "fast"
   ]
  }, 
  {
   "begin": "9.280", 
   "end": "9.360", 
   "id": "f000017", 
   "language": "en", 
   "lines": [
    "asleep."
   ]
  }, 
  {
   "begin": "9.360", 
   "end": "10.840", 
   "id": "f000018", 
   "language": "en", 
   "lines": [
    "&nbsp;"
   ]
  }, 
  {
   "begin": "10.840", 
   "end": "11.080", 
   "id": "f000019", 
   "language": "en", 
   "lines": [
    "He"
   ]
  }, 
  {
   "begin": "11.080", 
   "end": "11.480", 
   "id": "f000020", 
   "language": "en", 
   "lines": [
    "turned"
   ]
  }, 
  {
   "begin": "11.480", 
   "end": "12.000", 
   "id": "f000021", 
   "language": "en", 
   "lines": [
    "left,"
   ]
  }, 
  {
   "begin": "12.000", 
   "end": "12.640", 
   "id": "f000022", 
   "language": "en", 
   "lines": [
    "and"
   ]
  }, 
  {
   "begin": "12.640", 
   "end": "13.000", 
   "id": "f000023", 
   "language": "en", 
   "lines": [
    "he"
   ]
  }, 
  {
   "begin": "13.000", 
   "end": "13.440", 
   "id": "f000024", 
   "language": "en", 
   "lines": [
    "turned"
   ]
  }, 
  {
   "begin": "13.440", 
   "end": "14.680", 
   "id": "f000025", 
   "language": "en", 
   "lines": [
    "right."
   ]
  }, 
  {
   "begin": "14.680", 
   "end": "14.680", 
   "id": "f000026", 
   "language": "en", 
   "lines": [
    "He"
   ]
  }, 
  {
   "begin": "14.680", 
   "end": "15.040", 
   "id": "f000027", 
   "language": "en", 
   "lines": [
    "lay"
   ]
  }, 
  {
   "begin": "15.040", 
   "end": "15.240", 
   "id": "f000028", 
   "language": "en", 
   "lines": [
    "on"
   ]
  }, 
  {
   "begin": "15.240", 
   "end": "15.520", 
   "id": "f000029", 
   "language": "en", 
   "lines": [
    "his"
   ]
  }, 
  {
   "begin": "15.520", 
   "end": "16.640", 
   "id": "f000030", 
   "language": "en", 
   "lines": [
    "tummy,"
   ]
  }, 
  {
   "begin": "16.640", 
   "end": "17.200", 
   "id": "f000031", 
   "language": "en", 
   "lines": [
    "and"
   ]
  }, 
  {
   "begin": "17.200", 
   "end": "17.640", 
   "id": "f000032", 
   "language": "en", 
   "lines": [
    "rolled"
   ]
  }, 
  {
   "begin": "17.640", 
   "end": "17.760", 
   "id": "f000033", 
   "language": "en", 
   "lines": [
    "on"
   ]
  }, 
  {
   "begin": "17.760", 
   "end": "18.040", 
   "id": "f000034", 
   "language": "en", 
   "lines": [
    "his"
   ]
  }, 
  {
   "begin": "18.040", 
   "end": "18.360", 
   "id": "f000035", 
   "language": "en", 
   "lines": [
    "back."
   ]
  }, 
  {
   "begin": "18.360", 
   "end": "19.400", 
   "id": "f000036", 
   "language": "en", 
   "lines": [
    "But"
   ]
  }, 
  {
   "begin": "19.400", 
   "end": "19.640", 
   "id": "f000037", 
   "language": "en", 
   "lines": [
    "he"
   ]
  }, 
  {
   "begin": "19.640", 
   "end": "19.720", 
   "id": "f000038", 
   "language": "en", 
   "lines": [
    "could"
   ]
  }, 
  {
   "begin": "19.720", 
   "end": "20.240", 
   "id": "f000039", 
   "language": "en", 
   "lines": [
    "not"
   ]
  }, 
  {
   "begin": "20.240", 
   "end": "20.920", 
   "id": "f000040", 
   "language": "en", 
   "lines": [
    "sleep!"
   ]
  }
 ]
}