{
 "fragments": [
  {
   "begin": "0.000", 
   "end": "0.240", 
   "id": "f000001", 
   "language": "en", 
   "lines": [
    "So"
   ]
  }, 
  {
   "begin": "0.240", 
   "end": "0.640", 
   "id": "f000002", 
   "language": "en", 
   "lines": [
    "he"
   ]
  }, 
  {
   "begin": "0.640", 
   "end": "1.000", 
   "id": "f000003", 
   "language": "en", 
   "lines": [
    "set"
   ]
  }, 
  {
   "begin": "1.000", 
   "end": "1.480", 
   "id": "f000004", 
   "language": "en", 
   "lines": [
    "off"
   ]
  }, 
  {
   "begin": "1.480", 
   "end": "1.760", 
   "id": "f000005", 
   "language": "en", 
   "lines": [
    "into"
   ]
  }, 
  {
   "begin": "1.760", 
   "end": "1.960", 
   "id": "f000006", 
   "language": "en", 
   "lines": [
    "the"
   ]
  }, 
  {
   "begin": "1.960", 
   "end": "2.400", 
   "id": "f000007", 
   "language": "en", 
   "lines": [
    "night"
   ]
  }, 
  {
   "begin": "2.400", 
   "end": "2.880", 
   "id": "f000008", 
   "language": "en", 
   "lines": [
    "to"
   ]
  }, 
  {
   "begin": "2.880", 
   "end": "3.200", 
   "id": "f000009", 
   "language": "en", 
   "lines": [
    "see"
   ]
  }, 
  {
   "begin": "3.200", 
   "end": "3.440", 
   "id": "f000010", 
   "language": "en", 
   "lines": [
    "what"
   ]
  }, 
  {
   "begin": "3.440", 
   "end": "3.600", 
   "id": "f000011", 
   "language": "en", 
   "lines": [
    "he"
   ]
  }, 
  {
   "begin": "3.600", 
   "end": "3.920", 
   "id": "f000012", 
   "language": "en", 
   "lines": [
    "could"
   ]
  }, 
  {
   "begin": "3.920", 
   "end": "5.320", 
   "id": "f000013", 
   "language": "en", 
   "lines": [
    "find."
   ]
  }, 
  {
   "begin": "5.320", 
   "end": "5.680", 
   "id": "f000014", 
   "language": "en", 
   "lines": [
    "Up"
   ]
  }, 
  {
   "begin": "5.680", 
   "end": "6.080", 
   "id": "f000015", 
   "language": "en", 
   "lines": [
    "in"
   ]
  }, 
  {
   "begin": "6.080", 
   "end": "6.080", 
   "id": "f000016", 
   "language": "en", 
   "lines": [
    "the"
   ]
  }, 
  {
   "begin": "6.080", 
   "end": "6.600", 
   "id": "f000017", 
   "language": "en", 
   "lines": [
    "sky,"
   ]
  }, 
  {
   "begin": "6.600", 
   "end": "7.440", 
   "id": "f000018", 
   "language": "en", 
   "lines": [
    "Tinku"
   ]
  }, 
  {
   "begin": "7.440", 
   "end": "7.720", 
   "id": "f000019", 
   "language": "en", 
   "lines": [
    "saw"
   ]
  }, 
  {
   "begin": "7.720", 
   "end": "8.120", 
   "id": "f000020", 
   "language": "en", 
   "lines": [
    "the"
   ]
  }, 
  {
   "begin": "8.120", 
   "end": "9.040", 
   "id": "f000021", 
   "language": "en", 
   "lines": [
    "moon,"
   ]
  }, 
  {
   "begin": "9.040", 
   "end": "10.160", 
   "id": "f000022", 
   "language": "en", 
   "lines": [
    "white"
   ]
  }, 
  {
   "begin": "10.160", 
   "end": "10.520", 
   "id": "f000023", 
   "language": "en", 
   "lines": [
    "and"
   ]
  }, 
  {
   "begin": "10.520", 
   "end": "11.320", 
   "id": "f000024", 
   "language": "en", 
   "lines": [
    "round,"
   ]
  }, 
  {
   "begin": "11.320", 
   "end": "12.480", 
   "id": "f000025", 
   "language": "en", 
   "lines": [
    "smiling"
   ]
  }, 
  {
   "begin": "12.480", 
   "end": "12.840", 
   "id": "f000026", 
   "language": "en", 
   "lines": [
    "down"
   ]
  }, 
  {
   "begin": "12.840", 
   "end": "12.880", 
   "id": "f000027", 
   "language": "en", 
   "lines": [
    "at"
   ]
  }, 
  {
   "begin": "12.880", 
   "end": "13.200", 
   "id": "f000028", 
   "language": "en", 
   "lines": [
    "him."
   ]
  }, 
  {
   "begin": "13.200", 
   "end": "13.960", 
   "id": "f000029", 
   "language": "en", 
   "lines": [
    "He"
   ]
  }, 
  {
   "begin": "13.960", 
   "end": "14.560", 
   "id": "f000030", 
   "language": "en", 
   "lines": [
    "felt"
   ]
  }, 
  {
   "begin": "14.560", 
   "end": "15.280", 
   "id": "f000031", 
   "language": "en", 
   "lines": [
    "very"
   ]
  }, 
  {
   "begin": "15.280", 
   "end": "15.760", 
   "id": "f000032", 
   "language": "en", 
   "lines": [
    "happy."
   ]
  }, 
  {
   "begin": "15.760", 
   "end": "17.240", 
   "id": "f000033", 
   "language": "en", 
   "lines": [
    "\u2018Night"
   ]
  }, 
  {
   "begin": "17.240", 
   "end": "17.560", 
   "id": "f000034", 
   "language": "en", 
   "lines": [
    "is"
   ]
  }, 
  {
   "begin": "17.560", 
   "end": "19.120", 
   "id": "f000035", 
   "language": "en", 
   "lines": [
    "beautiful,\u2019"
   ]
  }, 
  {
   "begin": "19.120", 
   "end": "19.560", 
   "id": "f000036", 
   "language": "en", 
   "lines": [
    "thought"
   ]
  }, 
  {
   "begin": "19.560", 
   "end": "20.320", 
   "id": "f000037", 
   "language": "en", 
   "lines": [
    "Tinku."
   ]
  }
 ]
}