{
 "fragments": [
  {
   "begin": "0.000", 
   "end": "0.720", 
   "id": "f000001", 
   "language": "en", 
   "lines": [
    "Tinku"
   ]
  }, 
  {
   "begin": "0.720", 
   "end": "0.920", 
   "id": "f000002", 
   "language": "en", 
   "lines": [
    "and"
   ]
  }, 
  {
   "begin": "0.920", 
   "end": "1.200", 
   "id": "f000003", 
   "language": "en", 
   "lines": [
    "his"
   ]
  }, 
  {
   "begin": "1.200", 
   "end": "2.200", 
   "id": "f000004", 
   "language": "en", 
   "lines": [
    "friends"
   ]
  }, 
  {
   "begin": "2.200", 
   "end": "3.000", 
   "id": "f000005", 
   "language": "en", 
   "lines": [
    "jumped"
   ]
  }, 
  {
   "begin": "3.000", 
   "end": "3.200", 
   "id": "f000006", 
   "language": "en", 
   "lines": [
    "and"
   ]
  }, 
  {
   "begin": "3.200", 
   "end": "4.000", 
   "id": "f000007", 
   "language": "en", 
   "lines": [
    "tossed"
   ]
  }, 
  {
   "begin": "4.000", 
   "end": "4.360", 
   "id": "f000008", 
   "language": "en", 
   "lines": [
    "and"
   ]
  }, 
  {
   "begin": "4.360", 
   "end": "5.120", 
   "id": "f000009", 
   "language": "en", 
   "lines": [
    "rolled"
   ]
  }, 
  {
   "begin": "5.120", 
   "end": "5.520", 
   "id": "f000010", 
   "language": "en", 
   "lines": [
    "until"
   ]
  }, 
  {
   "begin": "5.520", 
   "end": "5.720", 
   "id": "f000011", 
   "language": "en", 
   "lines": [
    "Tinku"
   ]
  }, 
  {
   "begin": "5.720", 
   "end": "6.000", 
   "id": "f000012", 
   "language": "en", 
   "lines": [
    "yawned."
   ]
  }, 
  {
   "begin": "6.000", 
   "end": "7.280", 
   "id": "f000013", 
   "language": "en", 
   "lines": [
    "\u201cI"
   ]
  }, 
  {
   "begin": "7.280", 
   "end": "7.680", 
   "id": "f000014", 
   "language": "en", 
   "lines": [
    "am"
   ]
  }, 
  {
   "begin": "7.680", 
   "end": "8.240", 
   "id": "f000015", 
   "language": "en", 
   "lines": [
    "sleepy."
   ]
  }, 
  {
   "begin": "8.240", 
   "end": "9.120", 
   "id": "f000016", 
   "language": "en", 
   "lines": [
    "I"
   ]
  }, 
  {
   "begin": "9.120", 
   "end": "9.640", 
   "id": "f000017", 
   "language": "en", 
   "lines": [
    "have"
   ]
  }, 
  {
   "begin": "9.640", 
   "end": "9.800", 
   "id": "f000018", 
   "language": "en", 
   "lines": [
    "to"
   ]
  }, 
  {
   "begin": "9.800", 
   "end": "10.160", 
   "id": "f000019", 
   "language": "en", 
   "lines": [
    "go"
   ]
  }, 
  {
   "begin": "10.160", 
   "end": "10.480", 
   "id": "f000020", 
   "language": "en", 
   "lines": [
    "home"
   ]
  }, 
  {
   "begin": "10.480", 
   "end": "11.600", 
   "id": "f000021", 
   "language": "en", 
   "lines": [
    "now,\u201d"
   ]
  }, 
  {
   "begin": "11.600", 
   "end": "11.840", 
   "id": "f000022", 
   "language": "en", 
   "lines": [
    "said"
   ]
  }, 
  {
   "begin": "11.840", 
   "end": "11.880", 
   "id": "f000023", 
   "language": "en", 
   "lines": [
    "Tinku."
   ]
  }, 
  {
   "begin": "11.880", 
   "end": "12.000", 
   "id": "f000024", 
   "language": "en", 
   "lines": [
    "He"
   ]
  }, 
  {
   "begin": "12.000", 
   "end": "12.200", 
   "id": "f000025", 
   "language": "en", 
   "lines": [
    "was"
   ]
  }, 
  {
   "begin": "12.200", 
   "end": "12.560", 
   "id": "f000026", 
   "language": "en", 
   "lines": [
    "happy"
   ]
  }, 
  {
   "begin": "12.560", 
   "end": "13.720", 
   "id": "f000027", 
   "language": "en", 
   "lines": [
    "that"
   ]
  }, 
  {
   "begin": "13.720", 
   "end": "13.920", 
   "id": "f000028", 
   "language": "en", 
   "lines": [
    "he"
   ]
  }, 
  {
   "begin": "13.920", 
   "end": "14.720", 
   "id": "f000029", 
   "language": "en", 
   "lines": [
    "had"
   ]
  }, 
  {
   "begin": "14.720", 
   "end": "15.000", 
   "id": "f000030", 
   "language": "en", 
   "lines": [
    "many"
   ]
  }, 
  {
   "begin": "15.000", 
   "end": "15.600", 
   "id": "f000031", 
   "language": "en", 
   "lines": [
    "new"
   ]
  }, 
  {
   "begin": "15.600", 
   "end": "16.800", 
   "id": "f000032", 
   "language": "en", 
   "lines": [
    "friends."
   ]
  }, 
  {
   "begin": "16.800", 
   "end": "16.960", 
   "id": "f000033", 
   "language": "en", 
   "lines": [
    "&nbsp;"
   ]
  }, 
  {
   "begin": "16.960", 
   "end": "17.600", 
   "id": "f000034", 
   "language": "en", 
   "lines": [
    "Snuggling"
   ]
  }, 
  {
   "begin": "17.600", 
   "end": "18.000", 
   "id": "f000035", 
   "language": "en", 
   "lines": [
    "close"
   ]
  }, 
  {
   "begin": "18.000", 
   "end": "18.200", 
   "id": "f000036", 
   "language": "en", 
   "lines": [
    "to"
   ]
  }, 
  {
   "begin": "18.200", 
   "end": "18.720", 
   "id": "f000037", 
   "language": "en", 
   "lines": [
    "Ma,"
   ]
  }, 
  {
   "begin": "18.720", 
   "end": "18.880", 
   "id": "f000038", 
   "language": "en", 
   "lines": [
    "he"
   ]
  }, 
  {
   "begin": "18.880", 
   "end": "19.360", 
   "id": "f000039", 
   "language": "en", 
   "lines": [
    "said,"
   ]
  }, 
  {
   "begin": "19.360", 
   "end": "20.800", 
   "id": "f000040", 
   "language": "en", 
   "lines": [
    "\u201cNight"
   ]
  }, 
  {
   "begin": "20.800", 
   "end": "21.080", 
   "id": "f000041", 
   "language": "en", 
   "lines": [
    "is"
   ]
  }, 
  {
   "begin": "21.080", 
   "end": "21.320", 
   "id": "f000042", 
   "language": "en", 
   "lines": [
    "not"
   ]
  }, 
  {
   "begin": "21.320", 
   "end": "21.520", 
   "id": "f000043", 
   "language": "en", 
   "lines": [
    "a"
   ]
  }, 
  {
   "begin": "21.520", 
   "end": "22.040", 
   "id": "f000044", 
   "language": "en", 
   "lines": [
    "lonely"
   ]
  }, 
  {
   "begin": "22.040", 
   "end": "22.600", 
   "id": "f000045", 
   "language": "en", 
   "lines": [
    "place,"
   ]
  }, 
  {
   "begin": "22.600", 
   "end": "23.360", 
   "id": "f000046", 
   "language": "en", 
   "lines": [
    "Ma."
   ]
  }, 
  {
   "begin": "23.360", 
   "end": "24.000", 
   "id": "f000047", 
   "language": "en", 
   "lines": [
    "Night"
   ]
  }, 
  {
   "begin": "24.000", 
   "end": "24.040", 
   "id": "f000048", 
   "language": "en", 
   "lines": [
    "is"
   ]
  }, 
  {
   "begin": "24.040", 
   "end": "24.080", 
   "id": "f000049", 
   "language": "en", 
   "lines": [
    "full"
   ]
  }, 
  {
   "begin": "24.080", 
   "end": "24.760", 
   "id": "f000050", 
   "language": "en", 
   "lines": [
    "of"
   ]
  }, 
  {
   "begin": "24.760", 
   "end": "25.680", 
   "id": "f000051", 
   "language": "en", 
   "lines": [
    "wonderful"
   ]
  }, 
  {
   "begin": "25.680", 
   "end": "26.280", 
   "id": "f000052", 
   "language": "en", 
   "lines": [
    "beings.\u201d"
   ]
  }, 
  {
   "begin": "26.280", 
   "end": "28.040", 
   "id": "f000053", 
   "language": "en", 
   "lines": [
    "\u201cYes!\u201d"
   ]
  }, 
  {
   "begin": "28.040", 
   "end": "28.640", 
   "id": "f000054", 
   "language": "en", 
   "lines": [
    "replied"
   ]
  }, 
  {
   "begin": "28.640", 
   "end": "29.080", 
   "id": "f000055", 
   "language": "en", 
   "lines": [
    "Ma."
   ]
  }, 
  {
   "begin": "29.080", 
   "end": "30.080", 
   "id": "f000056", 
   "language": "en", 
   "lines": [
    "\u201cYour"
   ]
  }, 
  {
   "begin": "30.080", 
   "end": "30.360", 
   "id": "f000057", 
   "language": "en", 
   "lines": [
    "new"
   ]
  }, 
  {
   "begin": "30.360", 
   "end": "30.920", 
   "id": "f000058", 
   "language": "en", 
   "lines": [
    "friends"
   ]
  }, 
  {
   "begin": "30.920", 
   "end": "31.320", 
   "id": "f000059", 
   "language": "en", 
   "lines": [
    "are"
   ]
  }, 
  {
   "begin": "31.320", 
   "end": "32.640", 
   "id": "f000060", 
   "language": "en", 
   "lines": [
    "nocturnal,"
   ]
  }, 
  {
   "begin": "32.640", 
   "end": "33.040", 
   "id": "f000061", 
   "language": "en", 
   "lines": [
    "just"
   ]
  }, 
  {
   "begin": "33.040", 
   "end": "33.400", 
   "id": "f000062", 
   "language": "en", 
   "lines": [
    "like"
   ]
  }, 
  {
   "begin": "33.400", 
   "end": "33.920", 
   "id": "f000063", 
   "language": "en", 
   "lines": [
    "wild"
   ]
  }, 
  {
   "begin": "33.920", 
   "end": "34.600", 
   "id": "f000064", 
   "language": "en", 
   "lines": [
    "dogs.\u201d"
   ]
  }
 ]
}