{
 "fragments": [
  {
   "begin": "0.000", 
   "end": "0.800", 
   "id": "f000001", 
   "language": "en", 
   "lines": [
    "Something"
   ]
  }, 
  {
   "begin": "0.800", 
   "end": "1.120", 
   "id": "f000002", 
   "language": "en", 
   "lines": [
    "flew"
   ]
  }, 
  {
   "begin": "1.120", 
   "end": "1.840", 
   "id": "f000003", 
   "language": "en", 
   "lines": [
    "by"
   ]
  }, 
  {
   "begin": "1.840", 
   "end": "2.360", 
   "id": "f000004", 
   "language": "en", 
   "lines": [
    "and"
   ]
  }, 
  {
   "begin": "2.360", 
   "end": "2.560", 
   "id": "f000005", 
   "language": "en", 
   "lines": [
    "hung"
   ]
  }, 
  {
   "begin": "2.560", 
   "end": "3.080", 
   "id": "f000006", 
   "language": "en", 
   "lines": [
    "upside"
   ]
  }, 
  {
   "begin": "3.080", 
   "end": "3.480", 
   "id": "f000007", 
   "language": "en", 
   "lines": [
    "down"
   ]
  }, 
  {
   "begin": "3.480", 
   "end": "3.640", 
   "id": "f000008", 
   "language": "en", 
   "lines": [
    "on"
   ]
  }, 
  {
   "begin": "3.640", 
   "end": "3.760", 
   "id": "f000009", 
   "language": "en", 
   "lines": [
    "a"
   ]
  }, 
  {
   "begin": "3.760", 
   "end": "4.160", 
   "id": "f000010", 
   "language": "en", 
   "lines": [
    "tree.\n\n"
   ]
  }, 
  {
   "begin": "4.160", 
   "end": "5.760", 
   "id": "f000011", 
   "language": "en", 
   "lines": [
    "\u201cWhat"
   ]
  }, 
  {
   "begin": "5.760", 
   "end": "6.360", 
   "id": "f000012", 
   "language": "en", 
   "lines": [
    "is"
   ]
  }, 
  {
   "begin": "6.360", 
   "end": "6.840", 
   "id": "f000013", 
   "language": "en", 
   "lines": [
    "your"
   ]
  }, 
  {
   "begin": "6.840", 
   "end": "7.000", 
   "id": "f000014", 
   "language": "en", 
   "lines": [
    "name,"
   ]
  }, 
  {
   "begin": "7.000", 
   "end": "8.080", 
   "id": "f000015", 
   "language": "en", 
   "lines": [
    "bird?\u201d"
   ]
  }, 
  {
   "begin": "8.080", 
   "end": "8.560", 
   "id": "f000016", 
   "language": "en", 
   "lines": [
    "asked"
   ]
  }, 
  {
   "begin": "8.560", 
   "end": "8.960", 
   "id": "f000017", 
   "language": "en", 
   "lines": [
    "Tinku."
   ]
  }, 
  {
   "begin": "8.960", 
   "end": "10.520", 
   "id": "f000018", 
   "language": "en", 
   "lines": [
    "\u201cI"
   ]
  }, 
  {
   "begin": "10.520", 
   "end": "10.920", 
   "id": "f000019", 
   "language": "en", 
   "lines": [
    "am"
   ]
  }, 
  {
   "begin": "10.920", 
   "end": "11.360", 
   "id": "f000020", 
   "language": "en", 
   "lines": [
    "not"
   ]
  }, 
  {
   "begin": "11.360", 
   "end": "11.720", 
   "id": "f000021", 
   "language": "en", 
   "lines": [
    "a"
   ]
  }, 
  {
   "begin": "11.720", 
   "end": "12.320", 
   "id": "f000022", 
   "language": "en", 
   "lines": [
    "bird,"
   ]
  }, 
  {
   "begin": "12.320", 
   "end": "12.760", 
   "id": "f000023", 
   "language": "en", 
   "lines": [
    "I"
   ]
  }, 
  {
   "begin": "12.760", 
   "end": "12.960", 
   "id": "f000024", 
   "language": "en", 
   "lines": [
    "am"
   ]
  }, 
  {
   "begin": "12.960", 
   "end": "13.000", 
   "id": "f000025", 
   "language": "en", 
   "lines": [
    "a"
   ]
  }, 
  {
   "begin": "13.000", 
   "end": "14.240", 
   "id": "f000026", 
   "language": "en", 
   "lines": [
    "bat."
   ]
  }, 
  {
   "begin": "14.240", 
   "end": "14.480", 
   "id": "f000027", 
   "language": "en", 
   "lines": [
    "I"
   ]
  }, 
  {
   "begin": "14.480", 
   "end": "14.680", 
   "id": "f000028", 
   "language": "en", 
   "lines": [
    "can"
   ]
  }, 
  {
   "begin": "14.680", 
   "end": "15.080", 
   "id": "f000029", 
   "language": "en", 
   "lines": [
    "see"
   ]
  }, 
  {
   "begin": "15.080", 
   "end": "15.480", 
   "id": "f000030", 
   "language": "en", 
   "lines": [
    "during"
   ]
  }, 
  {
   "begin": "15.480", 
   "end": "15.640", 
   "id": "f000031", 
   "language": "en", 
   "lines": [
    "the"
   ]
  }, 
  {
   "begin": "15.640", 
   "end": "17.000", 
   "id": "f000032", 
   "language": "en", 
   "lines": [
    "night!\u201d"
   ]
  }, 
  {
   "begin": "17.000", 
   "end": "17.320", 
   "id": "f000033", 
   "language": "en", 
   "lines": [
    "said"
   ]
  }, 
  {
   "begin": "17.320", 
   "end": "17.520", 
   "id": "f000034", 
   "language": "en", 
   "lines": [
    "the"
   ]
  }, 
  {
   "begin": "17.520", 
   "end": "17.960", 
   "id": "f000035", 
   "language": "en", 
   "lines": [
    "bat."
   ]
  }, 
  {
   "begin": "17.960", 
   "end": "19.160", 
   "id": "f000036", 
   "language": "en", 
   "lines": [
    "\u201cWill"
   ]
  }, 
  {
   "begin": "19.160", 
   "end": "19.320", 
   "id": "f000037", 
   "language": "en", 
   "lines": [
    "you"
   ]
  }, 
  {
   "begin": "19.320", 
   "end": "19.520", 
   "id": "f000038", 
   "language": "en", 
   "lines": [
    "be"
   ]
  }, 
  {
   "begin": "19.520", 
   "end": "19.840", 
   "id": "f000039", 
   "language": "en", 
   "lines": [
    "my"
   ]
  }, 
  {
   "begin": "19.840", 
   "end": "20.960", 
   "id": "f000040", 
   "language": "en", 
   "lines": [
    "friend?\u201d"
   ]
  }, 
  {
   "begin": "20.960", 
   "end": "21.280", 
   "id": "f000041", 
   "language": "en", 
   "lines": [
    "asked"
   ]
  }, 
  {
   "begin": "21.280", 
   "end": "22.280", 
   "id": "f000042", 
   "language": "en", 
   "lines": [
    "Tinku."
   ]
  }, 
  {
   "begin": "22.280", 
   "end": "24.240", 
   "id": "f000043", 
   "language": "en", 
   "lines": [
    "\u201cYes,"
   ]
  }, 
  {
   "begin": "24.240", 
   "end": "24.560", 
   "id": "f000044", 
   "language": "en", 
   "lines": [
    "I"
   ]
  }, 
  {
   "begin": "24.560", 
   "end": "25.720", 
   "id": "f000045", 
   "language": "en", 
   "lines": [
    "will!\u201d"
   ]
  }, 
  {
   "begin": "25.720", 
   "end": "26.040", 
   "id": "f000046", 
   "language": "en", 
   "lines": [
    "said"
   ]
  }, 
  {
   "begin": "26.040", 
   "end": "26.280", 
   "id": "f000047", 
   "language": "en", 
   "lines": [
    "the"
   ]
  }, 
  {
   "begin": "26.280", 
   "end": "26.960", 
   "id": "f000048", 
   "language": "en", 
   "lines": [
    "bat."
   ]
  }
 ]
}