{
 "fragments": [
  {
   "begin": "0.000", 
   "end": "0.360", 
   "id": "f000001", 
   "language": "en", 
   "lines": [
    "The"
   ]
  }, 
  {
   "begin": "0.360", 
   "end": "0.840", 
   "id": "f000002", 
   "language": "en", 
   "lines": [
    "bright"
   ]
  }, 
  {
   "begin": "0.840", 
   "end": "1.280", 
   "id": "f000003", 
   "language": "en", 
   "lines": [
    "round"
   ]
  }, 
  {
   "begin": "1.280", 
   "end": "1.800", 
   "id": "f000004", 
   "language": "en", 
   "lines": [
    "moon"
   ]
  }, 
  {
   "begin": "1.800", 
   "end": "2.400", 
   "id": "f000005", 
   "language": "en", 
   "lines": [
    "shone"
   ]
  }, 
  {
   "begin": "2.400", 
   "end": "2.760", 
   "id": "f000006", 
   "language": "en", 
   "lines": [
    "all"
   ]
  }, 
  {
   "begin": "2.760", 
   "end": "3.120", 
   "id": "f000007", 
   "language": "en", 
   "lines": [
    "night"
   ]
  }, 
  {
   "begin": "3.120", 
   "end": "4.000", 
   "id": "f000008", 
   "language": "en", 
   "lines": [
    "long,"
   ]
  }, 
  {
   "begin": "4.000", 
   "end": "4.560", 
   "id": "f000009", 
   "language": "en", 
   "lines": [
    "spreading"
   ]
  }, 
  {
   "begin": "4.560", 
   "end": "4.760", 
   "id": "f000010", 
   "language": "en", 
   "lines": [
    "her"
   ]
  }, 
  {
   "begin": "4.760", 
   "end": "5.160", 
   "id": "f000011", 
   "language": "en", 
   "lines": [
    "calm"
   ]
  }, 
  {
   "begin": "5.160", 
   "end": "5.880", 
   "id": "f000012", 
   "language": "en", 
   "lines": [
    "light"
   ]
  }, 
  {
   "begin": "5.880", 
   "end": "6.240", 
   "id": "f000013", 
   "language": "en", 
   "lines": [
    "all"
   ]
  }, 
  {
   "begin": "6.240", 
   "end": "6.800", 
   "id": "f000014", 
   "language": "en", 
   "lines": [
    "around."
   ]
  }, 
  {
   "begin": "6.800", 
   "end": "7.600", 
   "id": "f000015", 
   "language": "en", 
   "lines": [
    "&nbsp;"
   ]
  }, 
  {
   "begin": "7.600", 
   "end": "7.800", 
   "id": "f000016", 
   "language": "en", 
   "lines": [
    "And"
   ]
  }, 
  {
   "begin": "7.800", 
   "end": "8.200", 
   "id": "f000017", 
   "language": "en", 
   "lines": [
    "Tinku"
   ]
  }, 
  {
   "begin": "8.200", 
   "end": "8.920", 
   "id": "f000018", 
   "language": "en", 
   "lines": [
    "slept"
   ]
  }, 
  {
   "begin": "8.920", 
   "end": "9.280", 
   "id": "f000019", 
   "language": "en", 
   "lines": [
    "all"
   ]
  }, 
  {
   "begin": "9.280", 
   "end": "9.520", 
   "id": "f000020", 
   "language": "en", 
   "lines": [
    "through"
   ]
  }, 
  {
   "begin": "9.520", 
   "end": "9.640", 
   "id": "f000021", 
   "language": "en", 
   "lines": [
    "the"
   ]
  }, 
  {
   "begin": "9.640", 
   "end": "10.360", 
   "id": "f000022", 
   "language": "en", 
   "lines": [
    "night!"
   ]
  }
 ]
}