{
 "fragments": [
  {
   "begin": "0.000", 
   "end": "0.480", 
   "id": "f000001", 
   "language": "en", 
   "lines": [
    "Far"
   ]
  }, 
  {
   "begin": "0.480", 
   "end": "1.200", 
   "id": "f000002", 
   "language": "en", 
   "lines": [
    "away"
   ]
  }, 
  {
   "begin": "1.200", 
   "end": "1.520", 
   "id": "f000003", 
   "language": "en", 
   "lines": [
    "on"
   ]
  }, 
  {
   "begin": "1.520", 
   "end": "1.520", 
   "id": "f000004", 
   "language": "en", 
   "lines": [
    "the"
   ]
  }, 
  {
   "begin": "1.520", 
   "end": "1.840", 
   "id": "f000005", 
   "language": "en", 
   "lines": [
    "top"
   ]
  }, 
  {
   "begin": "1.840", 
   "end": "2.000", 
   "id": "f000006", 
   "language": "en", 
   "lines": [
    "of"
   ]
  }, 
  {
   "begin": "2.000", 
   "end": "2.080", 
   "id": "f000007", 
   "language": "en", 
   "lines": [
    "a"
   ]
  }, 
  {
   "begin": "2.080", 
   "end": "2.480", 
   "id": "f000008", 
   "language": "en", 
   "lines": [
    "tree,"
   ]
  }, 
  {
   "begin": "2.480", 
   "end": "3.000", 
   "id": "f000009", 
   "language": "en", 
   "lines": [
    "there"
   ]
  }, 
  {
   "begin": "3.000", 
   "end": "3.320", 
   "id": "f000010", 
   "language": "en", 
   "lines": [
    "were"
   ]
  }, 
  {
   "begin": "3.320", 
   "end": "3.640", 
   "id": "f000011", 
   "language": "en", 
   "lines": [
    "some"
   ]
  }, 
  {
   "begin": "3.640", 
   "end": "4.000", 
   "id": "f000012", 
   "language": "en", 
   "lines": [
    "tiny"
   ]
  }, 
  {
   "begin": "4.000", 
   "end": "5.440", 
   "id": "f000013", 
   "language": "en", 
   "lines": [
    "lights."
   ]
  }, 
  {
   "begin": "5.440", 
   "end": "5.920", 
   "id": "f000014", 
   "language": "en", 
   "lines": [
    "One"
   ]
  }, 
  {
   "begin": "5.920", 
   "end": "6.240", 
   "id": "f000015", 
   "language": "en", 
   "lines": [
    "spot"
   ]
  }, 
  {
   "begin": "6.240", 
   "end": "6.440", 
   "id": "f000016", 
   "language": "en", 
   "lines": [
    "of"
   ]
  }, 
  {
   "begin": "6.440", 
   "end": "6.960", 
   "id": "f000017", 
   "language": "en", 
   "lines": [
    "light"
   ]
  }, 
  {
   "begin": "6.960", 
   "end": "7.480", 
   "id": "f000018", 
   "language": "en", 
   "lines": [
    "flew"
   ]
  }, 
  {
   "begin": "7.480", 
   "end": "7.920", 
   "id": "f000019", 
   "language": "en", 
   "lines": [
    "down!"
   ]
  }, 
  {
   "begin": "7.920", 
   "end": "8.760", 
   "id": "f000020", 
   "language": "en", 
   "lines": [
    "\u201cI\u2019m"
   ]
  }, 
  {
   "begin": "8.760", 
   "end": "9.280", 
   "id": "f000021", 
   "language": "en", 
   "lines": [
    "a"
   ]
  }, 
  {
   "begin": "9.280", 
   "end": "11.160", 
   "id": "f000022", 
   "language": "en", 
   "lines": [
    "firefly,\u201d"
   ]
  }, 
  {
   "begin": "11.160", 
   "end": "11.480", 
   "id": "f000023", 
   "language": "en", 
   "lines": [
    "said"
   ]
  }, 
  {
   "begin": "11.480", 
   "end": "11.640", 
   "id": "f000024", 
   "language": "en", 
   "lines": [
    "the"
   ]
  }, 
  {
   "begin": "11.640", 
   "end": "11.800", 
   "id": "f000025", 
   "language": "en", 
   "lines": [
    "spot"
   ]
  }, 
  {
   "begin": "11.800", 
   "end": "12.160", 
   "id": "f000026", 
   "language": "en", 
   "lines": [
    "of"
   ]
  }, 
  {
   "begin": "12.160", 
   "end": "12.720", 
   "id": "f000027", 
   "language": "en", 
   "lines": [
    "light."
   ]
  }, 
  {
   "begin": "12.720", 
   "end": "14.160", 
   "id": "f000028", 
   "language": "en", 
   "lines": [
    "\u201cI"
   ]
  }, 
  {
   "begin": "14.160", 
   "end": "14.560", 
   "id": "f000029", 
   "language": "en", 
   "lines": [
    "glow"
   ]
  }, 
  {
   "begin": "14.560", 
   "end": "14.560", 
   "id": "f000030", 
   "language": "en", 
   "lines": [
    "in"
   ]
  }, 
  {
   "begin": "14.560", 
   "end": "14.800", 
   "id": "f000031", 
   "language": "en", 
   "lines": [
    "the"
   ]
  }, 
  {
   "begin": "14.800", 
   "end": "15.280", 
   "id": "f000032", 
   "language": "en", 
   "lines": [
    "dark!\u201d"
   ]
  }, 
  {
   "begin": "15.280", 
   "end": "16.400", 
   "id": "f000033", 
   "language": "en", 
   "lines": [
    "\u201cWill"
   ]
  }, 
  {
   "begin": "16.400", 
   "end": "16.720", 
   "id": "f000034", 
   "language": "en", 
   "lines": [
    "you"
   ]
  }, 
  {
   "begin": "16.720", 
   "end": "16.880", 
   "id": "f000035", 
   "language": "en", 
   "lines": [
    "be"
   ]
  }, 
  {
   "begin": "16.880", 
   "end": "17.160", 
   "id": "f000036", 
   "language": "en", 
   "lines": [
    "my"
   ]
  }, 
  {
   "begin": "17.160", 
   "end": "18.520", 
   "id": "f000037", 
   "language": "en", 
   "lines": [
    "friend?\u201d"
   ]
  }, 
  {
   "begin": "18.520", 
   "end": "19.080", 
   "id": "f000038", 
   "language": "en", 
   "lines": [
    "asked"
   ]
  }, 
  {
   "begin": "19.080", 
   "end": "19.760", 
   "id": "f000039", 
   "language": "en", 
   "lines": [
    "Tinku."
   ]
  }, 
  {
   "begin": "19.760", 
   "end": "21.440", 
   "id": "f000040", 
   "language": "en", 
   "lines": [
    "\u201cYes,"
   ]
  }, 
  {
   "begin": "21.440", 
   "end": "21.840", 
   "id": "f000041", 
   "language": "en", 
   "lines": [
    "I"
   ]
  }, 
  {
   "begin": "21.840", 
   "end": "23.320", 
   "id": "f000042", 
   "language": "en", 
   "lines": [
    "will!\u201d"
   ]
  }, 
  {
   "begin": "23.320", 
   "end": "23.600", 
   "id": "f000043", 
   "language": "en", 
   "lines": [
    "said"
   ]
  }, 
  {
   "begin": "23.600", 
   "end": "23.720", 
   "id": "f000044", 
   "language": "en", 
   "lines": [
    "the"
   ]
  }, 
  {
   "begin": "23.720", 
   "end": "25.040", 
   "id": "f000045", 
   "language": "en", 
   "lines": [
    "firefly."
   ]
  }
 ]
}