{
 "fragments": [
  {
   "begin": "0.000", 
   "end": "0.000", 
   "id": "f000001", 
   "language": "en", 
   "lines": [
    "A"
   ]
  }, 
  {
   "begin": "0.000", 
   "end": "0.600", 
   "id": "f000002", 
   "language": "en", 
   "lines": [
    "few"
   ]
  }, 
  {
   "begin": "0.600", 
   "end": "1.440", 
   "id": "f000003", 
   "language": "en", 
   "lines": [
    "leaves"
   ]
  }, 
  {
   "begin": "1.440", 
   "end": "1.800", 
   "id": "f000004", 
   "language": "en", 
   "lines": [
    "moved"
   ]
  }, 
  {
   "begin": "1.800", 
   "end": "1.880", 
   "id": "f000005", 
   "language": "en", 
   "lines": [
    "in"
   ]
  }, 
  {
   "begin": "1.880", 
   "end": "2.240", 
   "id": "f000006", 
   "language": "en", 
   "lines": [
    "the"
   ]
  }, 
  {
   "begin": "2.240", 
   "end": "3.560", 
   "id": "f000007", 
   "language": "en", 
   "lines": [
    "bushes."
   ]
  }, 
  {
   "begin": "3.560", 
   "end": "4.640", 
   "id": "f000008", 
   "language": "en", 
   "lines": [
    "Someone"
   ]
  }, 
  {
   "begin": "4.640", 
   "end": "4.960", 
   "id": "f000009", 
   "language": "en", 
   "lines": [
    "was"
   ]
  }, 
  {
   "begin": "4.960", 
   "end": "5.560", 
   "id": "f000010", 
   "language": "en", 
   "lines": [
    "hiding!"
   ]
  }, 
  {
   "begin": "5.560", 
   "end": "6.560", 
   "id": "f000011", 
   "language": "en", 
   "lines": [
    "\u201cWho"
   ]
  }, 
  {
   "begin": "6.560", 
   "end": "7.280", 
   "id": "f000012", 
   "language": "en", 
   "lines": [
    "are"
   ]
  }, 
  {
   "begin": "7.280", 
   "end": "8.240", 
   "id": "f000013", 
   "language": "en", 
   "lines": [
    "you?\u201d"
   ]
  }, 
  {
   "begin": "8.240", 
   "end": "8.800", 
   "id": "f000014", 
   "language": "en", 
   "lines": [
    "asked"
   ]
  }, 
  {
   "begin": "8.800", 
   "end": "9.120", 
   "id": "f000015", 
   "language": "en", 
   "lines": [
    "Tinku."
   ]
  }, 
  {
   "begin": "9.120", 
   "end": "10.360", 
   "id": "f000016", 
   "language": "en", 
   "lines": [
    "\u201cI"
   ]
  }, 
  {
   "begin": "10.360", 
   "end": "11.040", 
   "id": "f000017", 
   "language": "en", 
   "lines": [
    "am"
   ]
  }, 
  {
   "begin": "11.040", 
   "end": "11.040", 
   "id": "f000018", 
   "language": "en", 
   "lines": [
    "a"
   ]
  }, 
  {
   "begin": "11.040", 
   "end": "12.320", 
   "id": "f000019", 
   "language": "en", 
   "lines": [
    "fox,\u201d"
   ]
  }, 
  {
   "begin": "12.320", 
   "end": "12.600", 
   "id": "f000020", 
   "language": "en", 
   "lines": [
    "said"
   ]
  }, 
  {
   "begin": "12.600", 
   "end": "12.720", 
   "id": "f000021", 
   "language": "en", 
   "lines": [
    "the"
   ]
  }, 
  {
   "begin": "12.720", 
   "end": "13.400", 
   "id": "f000022", 
   "language": "en", 
   "lines": [
    "fox."
   ]
  }, 
  {
   "begin": "13.400", 
   "end": "14.040", 
   "id": "f000023", 
   "language": "en", 
   "lines": [
    "\u201cI"
   ]
  }, 
  {
   "begin": "14.040", 
   "end": "14.440", 
   "id": "f000024", 
   "language": "en", 
   "lines": [
    "go"
   ]
  }, 
  {
   "begin": "14.440", 
   "end": "14.880", 
   "id": "f000025", 
   "language": "en", 
   "lines": [
    "strolling"
   ]
  }, 
  {
   "begin": "14.880", 
   "end": "15.360", 
   "id": "f000026", 
   "language": "en", 
   "lines": [
    "out"
   ]
  }, 
  {
   "begin": "15.360", 
   "end": "15.400", 
   "id": "f000027", 
   "language": "en", 
   "lines": [
    "at"
   ]
  }, 
  {
   "begin": "15.400", 
   "end": "15.920", 
   "id": "f000028", 
   "language": "en", 
   "lines": [
    "night.\u201d"
   ]
  }, 
  {
   "begin": "15.920", 
   "end": "17.000", 
   "id": "f000029", 
   "language": "en", 
   "lines": [
    "\u201cWill"
   ]
  }, 
  {
   "begin": "17.000", 
   "end": "17.200", 
   "id": "f000030", 
   "language": "en", 
   "lines": [
    "you"
   ]
  }, 
  {
   "begin": "17.200", 
   "end": "17.360", 
   "id": "f000031", 
   "language": "en", 
   "lines": [
    "be"
   ]
  }, 
  {
   "begin": "17.360", 
   "end": "17.600", 
   "id": "f000032", 
   "language": "en", 
   "lines": [
    "my"
   ]
  }, 
  {
   "begin": "17.600", 
   "end": "18.760", 
   "id": "f000033", 
   "language": "en", 
   "lines": [
    "friend?\u201d"
   ]
  }, 
  {
   "begin": "18.760", 
   "end": "19.280", 
   "id": "f000034", 
   "language": "en", 
   "lines": [
    "asked"
   ]
  }, 
  {
   "begin": "19.280", 
   "end": "19.920", 
   "id": "f000035", 
   "language": "en", 
   "lines": [
    "Tinku."
   ]
  }, 
  {
   "begin": "19.920", 
   "end": "21.640", 
   "id": "f000036", 
   "language": "en", 
   "lines": [
    "\u201cYes,"
   ]
  }, 
  {
   "begin": "21.640", 
   "end": "22.440", 
   "id": "f000037", 
   "language": "en", 
   "lines": [
    "I"
   ]
  }, 
  {
   "begin": "22.440", 
   "end": "22.680", 
   "id": "f000038", 
   "language": "en", 
   "lines": [
    "will!\u201d"
   ]
  }, 
  {
   "begin": "22.680", 
   "end": "23.480", 
   "id": "f000039", 
   "language": "en", 
   "lines": [
    "said"
   ]
  }, 
  {
   "begin": "23.480", 
   "end": "23.600", 
   "id": "f000040", 
   "language": "en", 
   "lines": [
    "the"
   ]
  }, 
  {
   "begin": "23.600", 
   "end": "24.360", 
   "id": "f000041", 
   "language": "en", 
   "lines": [
    "fox."
   ]
  }
 ]
}