{
 "fragments": [
  {
   "begin": "0.000", 
   "end": "0.840", 
   "id": "f000001", 
   "language": "en", 
   "lines": [
    "\u201cCHIRRRRRP!"
   ]
  }, 
  {
   "begin": "0.840", 
   "end": "1.840", 
   "id": "f000002", 
   "language": "en", 
   "lines": [
    "CHIRRRRRP!\u201d"
   ]
  }, 
  {
   "begin": "1.840", 
   "end": "2.560", 
   "id": "f000003", 
   "language": "en", 
   "lines": [
    "\u201cWho"
   ]
  }, 
  {
   "begin": "2.560", 
   "end": "3.000", 
   "id": "f000004", 
   "language": "en", 
   "lines": [
    "is"
   ]
  }, 
  {
   "begin": "3.000", 
   "end": "3.720", 
   "id": "f000005", 
   "language": "en", 
   "lines": [
    "here?\u201d"
   ]
  }, 
  {
   "begin": "3.720", 
   "end": "4.600", 
   "id": "f000006", 
   "language": "en", 
   "lines": [
    "Tinku"
   ]
  }, 
  {
   "begin": "4.600", 
   "end": "5.160", 
   "id": "f000007", 
   "language": "en", 
   "lines": [
    "asked."
   ]
  }, 
  {
   "begin": "5.160", 
   "end": "6.400", 
   "id": "f000008", 
   "language": "en", 
   "lines": [
    "\u201cI\u2019m"
   ]
  }, 
  {
   "begin": "6.400", 
   "end": "6.880", 
   "id": "f000009", 
   "language": "en", 
   "lines": [
    "a"
   ]
  }, 
  {
   "begin": "6.880", 
   "end": "7.720", 
   "id": "f000010", 
   "language": "en", 
   "lines": [
    "cricket,\u201d"
   ]
  }, 
  {
   "begin": "7.720", 
   "end": "8.000", 
   "id": "f000011", 
   "language": "en", 
   "lines": [
    "said"
   ]
  }, 
  {
   "begin": "8.000", 
   "end": "8.120", 
   "id": "f000012", 
   "language": "en", 
   "lines": [
    "the"
   ]
  }, 
  {
   "begin": "8.120", 
   "end": "8.720", 
   "id": "f000013", 
   "language": "en", 
   "lines": [
    "cricket."
   ]
  }, 
  {
   "begin": "8.720", 
   "end": "10.160", 
   "id": "f000014", 
   "language": "en", 
   "lines": [
    "\u201cI"
   ]
  }, 
  {
   "begin": "10.160", 
   "end": "10.800", 
   "id": "f000015", 
   "language": "en", 
   "lines": [
    "chirp"
   ]
  }, 
  {
   "begin": "10.800", 
   "end": "11.120", 
   "id": "f000016", 
   "language": "en", 
   "lines": [
    "when"
   ]
  }, 
  {
   "begin": "11.120", 
   "end": "11.160", 
   "id": "f000017", 
   "language": "en", 
   "lines": [
    "it"
   ]
  }, 
  {
   "begin": "11.160", 
   "end": "11.440", 
   "id": "f000018", 
   "language": "en", 
   "lines": [
    "is"
   ]
  }, 
  {
   "begin": "11.440", 
   "end": "12.040", 
   "id": "f000019", 
   "language": "en", 
   "lines": [
    "dark.\u201d"
   ]
  }, 
  {
   "begin": "12.040", 
   "end": "13.040", 
   "id": "f000020", 
   "language": "en", 
   "lines": [
    "\u201cWill"
   ]
  }, 
  {
   "begin": "13.040", 
   "end": "13.280", 
   "id": "f000021", 
   "language": "en", 
   "lines": [
    "you"
   ]
  }, 
  {
   "begin": "13.280", 
   "end": "13.440", 
   "id": "f000022", 
   "language": "en", 
   "lines": [
    "be"
   ]
  }, 
  {
   "begin": "13.440", 
   "end": "13.720", 
   "id": "f000023", 
   "language": "en", 
   "lines": [
    "my"
   ]
  }, 
  {
   "begin": "13.720", 
   "end": "15.200", 
   "id": "f000024", 
   "language": "en", 
   "lines": [
    "friend?\u201d."
   ]
  }, 
  {
   "begin": "16.720", 
   "end": "17.560", 
   "id": "f000027", 
   "language": "en", 
   "lines": [
    "\u201cYes,"
   ]
  }, 
  {
   "begin": "17.560", 
   "end": "17.720", 
   "id": "f000028", 
   "language": "en", 
   "lines": [
    "I"
   ]
  }, 
  {
   "begin": "17.720", 
   "end": "17.840", 
   "id": "f000029", 
   "language": "en", 
   "lines": [
    "will!\u201d"
   ]
  }, 
  {
   "begin": "17.840", 
   "end": "18.080", 
   "id": "f000030", 
   "language": "en", 
   "lines": [
    "said"
   ]
  }, 
  {
   "begin": "18.080", 
   "end": "18.320", 
   "id": "f000031", 
   "language": "en", 
   "lines": [
    "the"
   ]
  }, 
  {
   "begin": "18.320", 
   "end": "18.680", 
   "id": "f000032", 
   "language": "en", 
   "lines": [
    "cricket."
   ]
  }
 ]
}