{
 "fragments": [
  {
   "begin": "0.000", 
   "end": "0.840", 
   "id": "f000001", 
   "language": "en", 
   "lines": [
    "We"
   ]
  }, 
  {
   "begin": "0.840", 
   "end": "1.120", 
   "id": "f000002", 
   "language": "en", 
   "lines": [
    "like"
   ]
  }, 
  {
   "begin": "1.120", 
   "end": "1.120", 
   "id": "f000003", 
   "language": "en", 
   "lines": [
    "the"
   ]
  }, 
  {
   "begin": "1.120", 
   "end": "1.760", 
   "id": "f000004", 
   "language": "en", 
   "lines": [
    "small"
   ]
  }, 
  {
   "begin": "1.760", 
   "end": "2.720", 
   "id": "f000005", 
   "language": "en", 
   "lines": [
    "bookshop."
   ]
  }, 
  {
   "begin": "2.720", 
   "end": "2.920", 
   "id": "f000006", 
   "language": "en", 
   "lines": [
    "It"
   ]
  }, 
  {
   "begin": "2.920", 
   "end": "3.280", 
   "id": "f000007", 
   "language": "en", 
   "lines": [
    "is"
   ]
  }, 
  {
   "begin": "3.280", 
   "end": "3.880", 
   "id": "f000008", 
   "language": "en", 
   "lines": [
    "small"
   ]
  }, 
  {
   "begin": "3.880", 
   "end": "4.440", 
   "id": "f000009", 
   "language": "en", 
   "lines": [
    "but"
   ]
  }, 
  {
   "begin": "4.440", 
   "end": "4.920", 
   "id": "f000010", 
   "language": "en", 
   "lines": [
    "it"
   ]
  }, 
  {
   "begin": "4.920", 
   "end": "5.400", 
   "id": "f000011", 
   "language": "en", 
   "lines": [
    "has"
   ]
  }, 
  {
   "begin": "5.400", 
   "end": "5.640", 
   "id": "f000012", 
   "language": "en", 
   "lines": [
    "many"
   ]
  }, 
  {
   "begin": "5.640", 
   "end": "5.880", 
   "id": "f000013", 
   "language": "en", 
   "lines": [
    "books."
   ]
  }, 
  {
   "begin": "5.880", 
   "end": "6.400", 
   "id": "f000014", 
   "language": "en", 
   "lines": [
    "The"
   ]
  }, 
  {
   "begin": "6.400", 
   "end": "7.080", 
   "id": "f000015", 
   "language": "en", 
   "lines": [
    "man"
   ]
  }, 
  {
   "begin": "7.080", 
   "end": "7.080", 
   "id": "f000016", 
   "language": "en", 
   "lines": [
    "in"
   ]
  }, 
  {
   "begin": "7.080", 
   "end": "7.240", 
   "id": "f000017", 
   "language": "en", 
   "lines": [
    "the"
   ]
  }, 
  {
   "begin": "7.240", 
   "end": "7.720", 
   "id": "f000018", 
   "language": "en", 
   "lines": [
    "shop"
   ]
  }, 
  {
   "begin": "7.720", 
   "end": "8.240", 
   "id": "f000019", 
   "language": "en", 
   "lines": [
    "likes"
   ]
  }, 
  {
   "begin": "8.240", 
   "end": "8.560", 
   "id": "f000020", 
   "language": "en", 
   "lines": [
    "us."
   ]
  }, 
  {
   "begin": "8.560", 
   "end": "9.320", 
   "id": "f000021", 
   "language": "en", 
   "lines": [
    "He"
   ]
  }, 
  {
   "begin": "9.320", 
   "end": "10.440", 
   "id": "f000022", 
   "language": "en", 
   "lines": [
    "always"
   ]
  }, 
  {
   "begin": "10.440", 
   "end": "10.920", 
   "id": "f000023", 
   "language": "en", 
   "lines": [
    "helps"
   ]
  }, 
  {
   "begin": "10.920", 
   "end": "10.960", 
   "id": "f000024", 
   "language": "en", 
   "lines": [
    "us."
   ]
  }
 ]
}