{
 "fragments": [
  {
   "begin": "0.000", 
   "end": "0.000", 
   "id": "f000001", 
   "language": "en", 
   "lines": [
    "Should"
   ]
  }, 
  {
   "begin": "0.000", 
   "end": "0.000", 
   "id": "f000002", 
   "language": "en", 
   "lines": [
    "we"
   ]
  }, 
  {
   "begin": "0.000", 
   "end": "0.000", 
   "id": "f000003", 
   "language": "en", 
   "lines": [
    "go"
   ]
  }, 
  {
   "begin": "0.000", 
   "end": "0.480", 
   "id": "f000004", 
   "language": "en", 
   "lines": [
    "to"
   ]
  }, 
  {
   "begin": "0.480", 
   "end": "0.480", 
   "id": "f000005", 
   "language": "en", 
   "lines": [
    "the"
   ]
  }, 
  {
   "begin": "0.480", 
   "end": "0.720", 
   "id": "f000006", 
   "language": "en", 
   "lines": [
    "big"
   ]
  }, 
  {
   "begin": "0.720", 
   "end": "1.440", 
   "id": "f000007", 
   "language": "en", 
   "lines": [
    "market?"
   ]
  }, 
  {
   "begin": "1.440", 
   "end": "1.800", 
   "id": "f000008", 
   "language": "en", 
   "lines": [
    "Should"
   ]
  }, 
  {
   "begin": "1.800", 
   "end": "2.160", 
   "id": "f000009", 
   "language": "en", 
   "lines": [
    "we"
   ]
  }, 
  {
   "begin": "2.160", 
   "end": "2.520", 
   "id": "f000010", 
   "language": "en", 
   "lines": [
    "go"
   ]
  }, 
  {
   "begin": "2.520", 
   "end": "3.480", 
   "id": "f000011", 
   "language": "en", 
   "lines": [
    "to"
   ]
  }, 
  {
   "begin": "3.480", 
   "end": "4.040", 
   "id": "f000012", 
   "language": "en", 
   "lines": [
    "the"
   ]
  }, 
  {
   "begin": "4.040", 
   "end": "4.600", 
   "id": "f000013", 
   "language": "en", 
   "lines": [
    "small"
   ]
  }, 
  {
   "begin": "4.600", 
   "end": "5.760", 
   "id": "f000014", 
   "language": "en", 
   "lines": [
    "shop?"
   ]
  }, 
  {
   "begin": "5.760", 
   "end": "6.000", 
   "id": "f000015", 
   "language": "en", 
   "lines": [
    "Should"
   ]
  }, 
  {
   "begin": "6.000", 
   "end": "6.240", 
   "id": "f000016", 
   "language": "en", 
   "lines": [
    "we"
   ]
  }, 
  {
   "begin": "6.240", 
   "end": "6.600", 
   "id": "f000017", 
   "language": "en", 
   "lines": [
    "go"
   ]
  }, 
  {
   "begin": "6.600", 
   "end": "6.680", 
   "id": "f000018", 
   "language": "en", 
   "lines": [
    "with"
   ]
  }, 
  {
   "begin": "6.680", 
   "end": "7.960", 
   "id": "f000019", 
   "language": "en", 
   "lines": [
    "somebody?"
   ]
  }, 
  {
   "begin": "7.960", 
   "end": "8.280", 
   "id": "f000020", 
   "language": "en", 
   "lines": [
    "Should"
   ]
  }, 
  {
   "begin": "8.280", 
   "end": "8.520", 
   "id": "f000021", 
   "language": "en", 
   "lines": [
    "we"
   ]
  }, 
  {
   "begin": "8.520", 
   "end": "8.960", 
   "id": "f000022", 
   "language": "en", 
   "lines": [
    "go"
   ]
  }, 
  {
   "begin": "8.960", 
   "end": "9.960", 
   "id": "f000023", 
   "language": "en", 
   "lines": [
    "alone?"
   ]
  }, 
  {
   "begin": "9.960", 
   "end": "10.360", 
   "id": "f000024", 
   "language": "en", 
   "lines": [
    "We"
   ]
  }, 
  {
   "begin": "10.360", 
   "end": "10.840", 
   "id": "f000025", 
   "language": "en", 
   "lines": [
    "decided"
   ]
  }, 
  {
   "begin": "10.840", 
   "end": "10.840", 
   "id": "f000026", 
   "language": "en", 
   "lines": [
    "to"
   ]
  }, 
  {
   "begin": "10.840", 
   "end": "10.880", 
   "id": "f000027", 
   "language": "en", 
   "lines": [
    "go"
   ]
  }, 
  {
   "begin": "10.880", 
   "end": "11.040", 
   "id": "f000028", 
   "language": "en", 
   "lines": [
    "to"
   ]
  }, 
  {
   "begin": "11.040", 
   "end": "11.600", 
   "id": "f000029", 
   "language": "en", 
   "lines": [
    "the"
   ]
  }, 
  {
   "begin": "11.600", 
   "end": "12.160", 
   "id": "f000030", 
   "language": "en", 
   "lines": [
    "small"
   ]
  }, 
  {
   "begin": "12.160", 
   "end": "13.000", 
   "id": "f000031", 
   "language": "en", 
   "lines": [
    "shop,"
   ]
  }, 
  {
   "begin": "13.000", 
   "end": "13.400", 
   "id": "f000032", 
   "language": "en", 
   "lines": [
    "just"
   ]
  }, 
  {
   "begin": "13.400", 
   "end": "13.640", 
   "id": "f000033", 
   "language": "en", 
   "lines": [
    "the"
   ]
  }, 
  {
   "begin": "13.640", 
   "end": "14.080", 
   "id": "f000034", 
   "language": "en", 
   "lines": [
    "two"
   ]
  }, 
  {
   "begin": "14.080", 
   "end": "14.120", 
   "id": "f000035", 
   "language": "en", 
   "lines": [
    "of"
   ]
  }, 
  {
   "begin": "14.120", 
   "end": "14.600", 
   "id": "f000036", 
   "language": "en", 
   "lines": [
    "us."
   ]
  }
 ]
}