{
 "fragments": [
  {
   "begin": "0.000", 
   "end": "0.560", 
   "id": "f000001", 
   "language": "en", 
   "lines": [
    "Should"
   ]
  }, 
  {
   "begin": "0.560", 
   "end": "1.080", 
   "id": "f000002", 
   "language": "en", 
   "lines": [
    "I"
   ]
  }, 
  {
   "begin": "1.080", 
   "end": "1.360", 
   "id": "f000003", 
   "language": "en", 
   "lines": [
    "buy"
   ]
  }, 
  {
   "begin": "1.360", 
   "end": "1.520", 
   "id": "f000004", 
   "language": "en", 
   "lines": [
    "a"
   ]
  }, 
  {
   "begin": "1.520", 
   "end": "1.520", 
   "id": "f000005", 
   "language": "en", 
   "lines": [
    "book"
   ]
  }, 
  {
   "begin": "1.520", 
   "end": "1.520", 
   "id": "f000006", 
   "language": "en", 
   "lines": [
    "with"
   ]
  }, 
  {
   "begin": "1.520", 
   "end": "2.000", 
   "id": "f000007", 
   "language": "en", 
   "lines": [
    "a"
   ]
  }, 
  {
   "begin": "2.000", 
   "end": "2.280", 
   "id": "f000008", 
   "language": "en", 
   "lines": [
    "lot"
   ]
  }, 
  {
   "begin": "2.280", 
   "end": "2.440", 
   "id": "f000009", 
   "language": "en", 
   "lines": [
    "of"
   ]
  }, 
  {
   "begin": "2.440", 
   "end": "3.640", 
   "id": "f000010", 
   "language": "en", 
   "lines": [
    "pictures?"
   ]
  }, 
  {
   "begin": "3.640", 
   "end": "3.960", 
   "id": "f000011", 
   "language": "en", 
   "lines": [
    "Should"
   ]
  }, 
  {
   "begin": "3.960", 
   "end": "4.240", 
   "id": "f000012", 
   "language": "en", 
   "lines": [
    "I"
   ]
  }, 
  {
   "begin": "4.240", 
   "end": "4.960", 
   "id": "f000013", 
   "language": "en", 
   "lines": [
    "buy"
   ]
  }, 
  {
   "begin": "4.960", 
   "end": "5.320", 
   "id": "f000014", 
   "language": "en", 
   "lines": [
    "a"
   ]
  }, 
  {
   "begin": "5.320", 
   "end": "5.320", 
   "id": "f000015", 
   "language": "en", 
   "lines": [
    "book"
   ]
  }, 
  {
   "begin": "5.320", 
   "end": "5.360", 
   "id": "f000016", 
   "language": "en", 
   "lines": [
    "with"
   ]
  }, 
  {
   "begin": "5.360", 
   "end": "5.840", 
   "id": "f000017", 
   "language": "en", 
   "lines": [
    "many"
   ]
  }, 
  {
   "begin": "5.840", 
   "end": "7.680", 
   "id": "f000018", 
   "language": "en", 
   "lines": [
    "stories?"
   ]
  }, 
  {
   "begin": "7.680", 
   "end": "8.040", 
   "id": "f000019", 
   "language": "en", 
   "lines": [
    "Should"
   ]
  }, 
  {
   "begin": "8.040", 
   "end": "8.280", 
   "id": "f000020", 
   "language": "en", 
   "lines": [
    "I"
   ]
  }, 
  {
   "begin": "8.280", 
   "end": "8.320", 
   "id": "f000021", 
   "language": "en", 
   "lines": [
    "buy"
   ]
  }, 
  {
   "begin": "8.320", 
   "end": "8.720", 
   "id": "f000022", 
   "language": "en", 
   "lines": [
    "a"
   ]
  }, 
  {
   "begin": "8.720", 
   "end": "9.120", 
   "id": "f000023", 
   "language": "en", 
   "lines": [
    "thin"
   ]
  }, 
  {
   "begin": "9.120", 
   "end": "10.240", 
   "id": "f000024", 
   "language": "en", 
   "lines": [
    "book?"
   ]
  }, 
  {
   "begin": "10.240", 
   "end": "10.560", 
   "id": "f000025", 
   "language": "en", 
   "lines": [
    "I"
   ]
  }, 
  {
   "begin": "10.560", 
   "end": "10.840", 
   "id": "f000026", 
   "language": "en", 
   "lines": [
    "could"
   ]
  }, 
  {
   "begin": "10.840", 
   "end": "11.240", 
   "id": "f000027", 
   "language": "en", 
   "lines": [
    "not"
   ]
  }, 
  {
   "begin": "11.240", 
   "end": "12.080", 
   "id": "f000028", 
   "language": "en", 
   "lines": [
    "decide."
   ]
  }
 ]
}