{
 "fragments": [
  {
   "begin": "0.000", 
   "end": "0.360", 
   "id": "f000001", 
   "language": "en", 
   "lines": [
    "Should"
   ]
  }, 
  {
   "begin": "0.360", 
   "end": "0.480", 
   "id": "f000002", 
   "language": "en", 
   "lines": [
    "we"
   ]
  }, 
  {
   "begin": "0.480", 
   "end": "1.000", 
   "id": "f000003", 
   "language": "en", 
   "lines": [
    "go"
   ]
  }, 
  {
   "begin": "1.000", 
   "end": "1.800", 
   "id": "f000004", 
   "language": "en", 
   "lines": [
    "now?"
   ]
  }, 
  {
   "begin": "1.800", 
   "end": "2.520", 
   "id": "f000005", 
   "language": "en", 
   "lines": [
    "Should"
   ]
  }, 
  {
   "begin": "2.520", 
   "end": "2.840", 
   "id": "f000006", 
   "language": "en", 
   "lines": [
    "we"
   ]
  }, 
  {
   "begin": "2.840", 
   "end": "2.880", 
   "id": "f000007", 
   "language": "en", 
   "lines": [
    "go"
   ]
  }, 
  {
   "begin": "2.880", 
   "end": "3.680", 
   "id": "f000008", 
   "language": "en", 
   "lines": [
    "later?"
   ]
  }, 
  {
   "begin": "3.680", 
   "end": "3.960", 
   "id": "f000009", 
   "language": "en", 
   "lines": [
    "Should"
   ]
  }, 
  {
   "begin": "3.960", 
   "end": "4.000", 
   "id": "f000010", 
   "language": "en", 
   "lines": [
    "we"
   ]
  }, 
  {
   "begin": "4.000", 
   "end": "4.480", 
   "id": "f000011", 
   "language": "en", 
   "lines": [
    "go"
   ]
  }, 
  {
   "begin": "4.480", 
   "end": "4.840", 
   "id": "f000012", 
   "language": "en", 
   "lines": [
    "today?"
   ]
  }, 
  {
   "begin": "4.840", 
   "end": "5.480", 
   "id": "f000013", 
   "language": "en", 
   "lines": [
    "Should"
   ]
  }, 
  {
   "begin": "5.480", 
   "end": "5.560", 
   "id": "f000014", 
   "language": "en", 
   "lines": [
    "we"
   ]
  }, 
  {
   "begin": "5.560", 
   "end": "6.200", 
   "id": "f000015", 
   "language": "en", 
   "lines": [
    "go"
   ]
  }, 
  {
   "begin": "6.200", 
   "end": "7.080", 
   "id": "f000016", 
   "language": "en", 
   "lines": [
    "tomorrow?"
   ]
  }, 
  {
   "begin": "7.080", 
   "end": "7.720", 
   "id": "f000017", 
   "language": "en", 
   "lines": [
    "We"
   ]
  }, 
  {
   "begin": "7.720", 
   "end": "8.640", 
   "id": "f000018", 
   "language": "en", 
   "lines": [
    "decided"
   ]
  }, 
  {
   "begin": "8.640", 
   "end": "8.800", 
   "id": "f000019", 
   "language": "en", 
   "lines": [
    "to"
   ]
  }, 
  {
   "begin": "8.800", 
   "end": "9.160", 
   "id": "f000020", 
   "language": "en", 
   "lines": [
    "go"
   ]
  }, 
  {
   "begin": "9.160", 
   "end": "9.640", 
   "id": "f000021", 
   "language": "en", 
   "lines": [
    "right"
   ]
  }, 
  {
   "begin": "9.640", 
   "end": "10.200", 
   "id": "f000022", 
   "language": "en", 
   "lines": [
    "now."
   ]
  }
 ]
}