{
 "fragments": [
  {
   "begin": "0.000", 
   "end": "0.120", 
   "id": "f000001", 
   "language": "en", 
   "lines": [
    "It"
   ]
  }, 
  {
   "begin": "0.120", 
   "end": "0.280", 
   "id": "f000002", 
   "language": "en", 
   "lines": [
    "was"
   ]
  }, 
  {
   "begin": "0.280", 
   "end": "0.760", 
   "id": "f000003", 
   "language": "en", 
   "lines": [
    "very"
   ]
  }, 
  {
   "begin": "0.760", 
   "end": "1.640", 
   "id": "f000004", 
   "language": "en", 
   "lines": [
    "quiet."
   ]
  }, 
  {
   "begin": "1.640", 
   "end": "2.840", 
   "id": "f000005", 
   "language": "en", 
   "lines": [
    "There"
   ]
  }, 
  {
   "begin": "2.840", 
   "end": "3.360", 
   "id": "f000006", 
   "language": "en", 
   "lines": [
    "was"
   ]
  }, 
  {
   "begin": "3.360", 
   "end": "3.720", 
   "id": "f000007", 
   "language": "en", 
   "lines": [
    "no"
   ]
  }, 
  {
   "begin": "3.720", 
   "end": "5.520", 
   "id": "f000008", 
   "language": "en", 
   "lines": [
    "sound."
   ]
  }, 
  {
   "begin": "5.520", 
   "end": "6.120", 
   "id": "f000009", 
   "language": "en", 
   "lines": [
    "One"
   ]
  }, 
  {
   "begin": "6.120", 
   "end": "6.240", 
   "id": "f000010", 
   "language": "en", 
   "lines": [
    "hour"
   ]
  }, 
  {
   "begin": "6.240", 
   "end": "6.760", 
   "id": "f000011", 
   "language": "en", 
   "lines": [
    "passed."
   ]
  }, 
  {
   "begin": "6.760", 
   "end": "7.600", 
   "id": "f000012", 
   "language": "en", 
   "lines": [
    "Two"
   ]
  }, 
  {
   "begin": "7.600", 
   "end": "8.240", 
   "id": "f000013", 
   "language": "en", 
   "lines": [
    "hours"
   ]
  }, 
  {
   "begin": "8.240", 
   "end": "9.280", 
   "id": "f000014", 
   "language": "en", 
   "lines": [
    "passed."
   ]
  }, 
  {
   "begin": "9.280", 
   "end": "9.760", 
   "id": "f000015", 
   "language": "en", 
   "lines": [
    "Finally,"
   ]
  }, 
  {
   "begin": "9.760", 
   "end": "10.360", 
   "id": "f000016", 
   "language": "en", 
   "lines": [
    "we"
   ]
  }, 
  {
   "begin": "10.360", 
   "end": "10.960", 
   "id": "f000017", 
   "language": "en", 
   "lines": [
    "knew"
   ]
  }, 
  {
   "begin": "10.960", 
   "end": "11.360", 
   "id": "f000018", 
   "language": "en", 
   "lines": [
    "which"
   ]
  }, 
  {
   "begin": "11.360", 
   "end": "11.720", 
   "id": "f000019", 
   "language": "en", 
   "lines": [
    "books"
   ]
  }, 
  {
   "begin": "11.720", 
   "end": "11.960", 
   "id": "f000020", 
   "language": "en", 
   "lines": [
    "to"
   ]
  }, 
  {
   "begin": "11.960", 
   "end": "12.480", 
   "id": "f000021", 
   "language": "en", 
   "lines": [
    "buy."
   ]
  }
 ]
}