{
 "fragments": [
  {
   "begin": "0.000", 
   "end": "0.560", 
   "id": "f000001", 
   "language": "en", 
   "lines": [
    "Kicchu"
   ]
  }, 
  {
   "begin": "0.560", 
   "end": "0.800", 
   "id": "f000002", 
   "language": "en", 
   "lines": [
    "and"
   ]
  }, 
  {
   "begin": "0.800", 
   "end": "1.560", 
   "id": "f000003", 
   "language": "en", 
   "lines": [
    "Choru"
   ]
  }, 
  {
   "begin": "1.560", 
   "end": "2.240", 
   "id": "f000004", 
   "language": "en", 
   "lines": [
    "sat"
   ]
  }, 
  {
   "begin": "2.240", 
   "end": "2.720", 
   "id": "f000005", 
   "language": "en", 
   "lines": [
    "waiting"
   ]
  }, 
  {
   "begin": "2.720", 
   "end": "3.040", 
   "id": "f000006", 
   "language": "en", 
   "lines": [
    "by"
   ]
  }, 
  {
   "begin": "3.040", 
   "end": "3.200", 
   "id": "f000007", 
   "language": "en", 
   "lines": [
    "the"
   ]
  }, 
  {
   "begin": "3.200", 
   "end": "3.760", 
   "id": "f000008", 
   "language": "en", 
   "lines": [
    "pond."
   ]
  }, 
  {
   "begin": "3.760", 
   "end": "3.760", 
   "id": "f000009", 
   "language": "en", 
   "lines": [
    "Two"
   ]
  }, 
  {
   "begin": "3.760", 
   "end": "4.960", 
   "id": "f000010", 
   "language": "en", 
   "lines": [
    "fish"
   ]
  }, 
  {
   "begin": "4.960", 
   "end": "5.520", 
   "id": "f000011", 
   "language": "en", 
   "lines": [
    "swam"
   ]
  }, 
  {
   "begin": "5.520", 
   "end": "6.560", 
   "id": "f000012", 
   "language": "en", 
   "lines": [
    "across,"
   ]
  }, 
  {
   "begin": "6.560", 
   "end": "6.920", 
   "id": "f000013", 
   "language": "en", 
   "lines": [
    "one"
   ]
  }, 
  {
   "begin": "6.920", 
   "end": "7.720", 
   "id": "f000014", 
   "language": "en", 
   "lines": [
    "thin"
   ]
  }, 
  {
   "begin": "7.720", 
   "end": "8.160", 
   "id": "f000015", 
   "language": "en", 
   "lines": [
    "and"
   ]
  }, 
  {
   "begin": "8.160", 
   "end": "8.840", 
   "id": "f000016", 
   "language": "en", 
   "lines": [
    "another"
   ]
  }, 
  {
   "begin": "8.840", 
   "end": "10.000", 
   "id": "f000017", 
   "language": "en", 
   "lines": [
    "round."
   ]
  }
 ]
}