{
 "fragments": [
  {
   "begin": "0.000", 
   "end": "0.080", 
   "id": "f000001", 
   "language": "en", 
   "lines": [
    "Little"
   ]
  }, 
  {
   "begin": "0.080", 
   "end": "0.440", 
   "id": "f000002", 
   "language": "en", 
   "lines": [
    "Munia"
   ]
  }, 
  {
   "begin": "0.440", 
   "end": "0.920", 
   "id": "f000003", 
   "language": "en", 
   "lines": [
    "thought"
   ]
  }, 
  {
   "begin": "0.920", 
   "end": "1.400", 
   "id": "f000004", 
   "language": "en", 
   "lines": [
    "for"
   ]
  }, 
  {
   "begin": "1.400", 
   "end": "2.240", 
   "id": "f000005", 
   "language": "en", 
   "lines": [
    "sometime."
   ]
  }, 
  {
   "begin": "2.240", 
   "end": "3.200", 
   "id": "f000006", 
   "language": "en", 
   "lines": [
    "\u201cPlease"
   ]
  }, 
  {
   "begin": "3.200", 
   "end": "3.800", 
   "id": "f000007", 
   "language": "en", 
   "lines": [
    "don\u2019t"
   ]
  }, 
  {
   "begin": "3.800", 
   "end": "4.320", 
   "id": "f000008", 
   "language": "en", 
   "lines": [
    "do"
   ]
  }, 
  {
   "begin": "4.320", 
   "end": "4.840", 
   "id": "f000009", 
   "language": "en", 
   "lines": [
    "that,\u201d"
   ]
  }, 
  {
   "begin": "4.840", 
   "end": "5.080", 
   "id": "f000010", 
   "language": "en", 
   "lines": [
    "she"
   ]
  }, 
  {
   "begin": "5.080", 
   "end": "5.680", 
   "id": "f000011", 
   "language": "en", 
   "lines": [
    "said,"
   ]
  }, 
  {
   "begin": "5.680", 
   "end": "6.440", 
   "id": "f000012", 
   "language": "en", 
   "lines": [
    "\u201cwithout"
   ]
  }, 
  {
   "begin": "6.440", 
   "end": "6.680", 
   "id": "f000013", 
   "language": "en", 
   "lines": [
    "water,"
   ]
  }, 
  {
   "begin": "6.680", 
   "end": "7.200", 
   "id": "f000014", 
   "language": "en", 
   "lines": [
    "the"
   ]
  }, 
  {
   "begin": "7.200", 
   "end": "7.960", 
   "id": "f000015", 
   "language": "en", 
   "lines": [
    "fish"
   ]
  }, 
  {
   "begin": "7.960", 
   "end": "8.040", 
   "id": "f000016", 
   "language": "en", 
   "lines": [
    "will"
   ]
  }, 
  {
   "begin": "8.040", 
   "end": "9.240", 
   "id": "f000017", 
   "language": "en", 
   "lines": [
    "die.\u201d"
   ]
  }
 ]
}