{
 "fragments": [
  {
   "begin": "0.000", 
   "end": "0.240", 
   "id": "f000001", 
   "language": "en", 
   "lines": [
    "They"
   ]
  }, 
  {
   "begin": "0.240", 
   "end": "0.640", 
   "id": "f000002", 
   "language": "en", 
   "lines": [
    "did"
   ]
  }, 
  {
   "begin": "0.640", 
   "end": "0.960", 
   "id": "f000003", 
   "language": "en", 
   "lines": [
    "not"
   ]
  }, 
  {
   "begin": "0.960", 
   "end": "1.400", 
   "id": "f000004", 
   "language": "en", 
   "lines": [
    "listen"
   ]
  }, 
  {
   "begin": "1.400", 
   "end": "1.560", 
   "id": "f000005", 
   "language": "en", 
   "lines": [
    "to"
   ]
  }, 
  {
   "begin": "1.560", 
   "end": "1.840", 
   "id": "f000006", 
   "language": "en", 
   "lines": [
    "what"
   ]
  }, 
  {
   "begin": "1.840", 
   "end": "2.320", 
   "id": "f000007", 
   "language": "en", 
   "lines": [
    "Munia"
   ]
  }, 
  {
   "begin": "2.320", 
   "end": "2.560", 
   "id": "f000008", 
   "language": "en", 
   "lines": [
    "had"
   ]
  }, 
  {
   "begin": "2.560", 
   "end": "2.680", 
   "id": "f000009", 
   "language": "en", 
   "lines": [
    "to"
   ]
  }, 
  {
   "begin": "2.680", 
   "end": "4.120", 
   "id": "f000010", 
   "language": "en", 
   "lines": [
    "say.&nbsp;They"
   ]
  }, 
  {
   "begin": "4.120", 
   "end": "4.320", 
   "id": "f000011", 
   "language": "en", 
   "lines": [
    "headed"
   ]
  }, 
  {
   "begin": "4.320", 
   "end": "4.440", 
   "id": "f000012", 
   "language": "en", 
   "lines": [
    "to"
   ]
  }, 
  {
   "begin": "4.440", 
   "end": "4.600", 
   "id": "f000013", 
   "language": "en", 
   "lines": [
    "the"
   ]
  }, 
  {
   "begin": "4.600", 
   "end": "5.320", 
   "id": "f000014", 
   "language": "en", 
   "lines": [
    "pond"
   ]
  }, 
  {
   "begin": "5.320", 
   "end": "5.600", 
   "id": "f000015", 
   "language": "en", 
   "lines": [
    "straight"
   ]
  }, 
  {
   "begin": "5.600", 
   "end": "6.280", 
   "id": "f000016", 
   "language": "en", 
   "lines": [
    "away."
   ]
  }
 ]
}