{
 "fragments": [
  {
   "begin": "0.000", 
   "end": "0.000", 
   "id": "f000001", 
   "language": "en", 
   "lines": [
    "Then"
   ]
  }, 
  {
   "begin": "0.000", 
   "end": "0.840", 
   "id": "f000002", 
   "language": "en", 
   "lines": [
    "came"
   ]
  }, 
  {
   "begin": "0.840", 
   "end": "1.040", 
   "id": "f000003", 
   "language": "en", 
   "lines": [
    "the"
   ]
  }, 
  {
   "begin": "1.040", 
   "end": "1.840", 
   "id": "f000004", 
   "language": "en", 
   "lines": [
    "third"
   ]
  }, 
  {
   "begin": "1.840", 
   "end": "2.840", 
   "id": "f000005", 
   "language": "en", 
   "lines": [
    "fish,"
   ]
  }, 
  {
   "begin": "2.840", 
   "end": "3.120", 
   "id": "f000006", 
   "language": "en", 
   "lines": [
    "the"
   ]
  }, 
  {
   "begin": "3.120", 
   "end": "3.880", 
   "id": "f000007", 
   "language": "en", 
   "lines": [
    "biggest"
   ]
  }, 
  {
   "begin": "3.880", 
   "end": "4.240", 
   "id": "f000008", 
   "language": "en", 
   "lines": [
    "one"
   ]
  }, 
  {
   "begin": "4.240", 
   "end": "4.240", 
   "id": "f000009", 
   "language": "en", 
   "lines": [
    "they"
   ]
  }, 
  {
   "begin": "4.240", 
   "end": "4.320", 
   "id": "f000010", 
   "language": "en", 
   "lines": [
    "had"
   ]
  }, 
  {
   "begin": "4.320", 
   "end": "5.640", 
   "id": "f000011", 
   "language": "en", 
   "lines": [
    "seen."
   ]
  }, 
  {
   "begin": "5.640", 
   "end": "6.080", 
   "id": "f000012", 
   "language": "en", 
   "lines": [
    "Munia"
   ]
  }, 
  {
   "begin": "6.080", 
   "end": "6.360", 
   "id": "f000013", 
   "language": "en", 
   "lines": [
    "said"
   ]
  }, 
  {
   "begin": "6.360", 
   "end": "7.120", 
   "id": "f000014", 
   "language": "en", 
   "lines": [
    "laughing,"
   ]
  }, 
  {
   "begin": "7.120", 
   "end": "8.640", 
   "id": "f000015", 
   "language": "en", 
   "lines": [
    "\u201cIt"
   ]
  }, 
  {
   "begin": "8.640", 
   "end": "9.040", 
   "id": "f000016", 
   "language": "en", 
   "lines": [
    "is"
   ]
  }, 
  {
   "begin": "9.040", 
   "end": "9.680", 
   "id": "f000017", 
   "language": "en", 
   "lines": [
    "bigger"
   ]
  }, 
  {
   "begin": "9.680", 
   "end": "9.920", 
   "id": "f000018", 
   "language": "en", 
   "lines": [
    "than"
   ]
  }, 
  {
   "begin": "9.920", 
   "end": "10.400", 
   "id": "f000019", 
   "language": "en", 
   "lines": [
    "Appa\u2019s"
   ]
  }, 
  {
   "begin": "10.400", 
   "end": "11.360", 
   "id": "f000020", 
   "language": "en", 
   "lines": [
    "feet!\u201d"
   ]
  }
 ]
}