{
	"fragments": [{
		"begin": "0.000",
		"end": "0.440",
		"id": "f000001",
		"language": "en",
		"lines": [
			"Munia"
		]
	}, {
		"begin": "0.440",
		"end": "0.760",
		"id": "f000002",
		"language": "en",
		"lines": [
			"saw"
		]
	}, {
		"begin": "0.760",
		"end": "0.960",
		"id": "f000003",
		"language": "en",
		"lines": [
			"them"
		]
	}, {
		"begin": "0.960",
		"end": "1.520",
		"id": "f000004",
		"language": "en",
		"lines": [
			"marching"
		]
	}, {
		"begin": "1.520",
		"end": "1.680",
		"id": "f000005",
		"language": "en",
		"lines": [
			"with"
		]
	}, {
		"begin": "1.680",
		"end": "1.920",
		"id": "f000006",
		"language": "en",
		"lines": [
			"their"
		]
	}, {
		"begin": "1.920",
		"end": "2.400",
		"id": "f000007",
		"language": "en",
		"lines": [
			"fishing"
		]
	}, {
		"begin": "2.400",
		"end": "2.960",
		"id": "f000008",
		"language": "en",
		"lines": [
			"rods.\n"
		]
	}, {
		"begin": "2.960",
		"end": "4.080",
		"id": "f000009",
		"language": "en",
		"lines": [
			"\u201cWe"
		]
	}, {
		"begin": "4.080",
		"end": "4.360",
		"id": "f000010",
		"language": "en",
		"lines": [
			"are"
		]
	}, {
		"begin": "4.360",
		"end": "4.480",
		"id": "f000011",
		"language": "en",
		"lines": [
			"going"
		]
	}, {
		"begin": "4.480",
		"end": "4.680",
		"id": "f000012",
		"language": "en",
		"lines": [
			"to"
		]
	}, {
		"begin": "4.680",
		"end": "4.680",
		"id": "f000013",
		"language": "en",
		"lines": [
			"the"
		]
	}, {
		"begin": "4.680",
		"end": "5.280",
		"id": "f000014",
		"language": "en",
		"lines": [
			"pond"
		]
	}, {
		"begin": "5.280",
		"end": "5.320",
		"id": "f000015",
		"language": "en",
		"lines": [
			"to"
		]
	}, {
		"begin": "5.320",
		"end": "5.800",
		"id": "f000016",
		"language": "en",
		"lines": [
			"catch"
		]
	}, {
		"begin": "5.800",
		"end": "6.320",
		"id": "f000017",
		"language": "en",
		"lines": [
			"fish."
		]
	}, {
		"begin": "6.320",
		"end": "6.880",
		"id": "f000018",
		"language": "en",
		"lines": [
			"Come"
		]
	}, {
		"begin": "6.880",
		"end": "7.360",
		"id": "f000019",
		"language": "en",
		"lines": [
			"along"
		]
	}, {
		"begin": "7.360",
		"end": "7.760",
		"id": "f000020",
		"language": "en",
		"lines": [
			"Munia,"
		]
	}, {
		"begin": "7.760",
		"end": "7.920",
		"id": "f000021",
		"language": "en",
		"lines": [
			"if"
		]
	}, {
		"begin": "7.920",
		"end": "8.120",
		"id": "f000022",
		"language": "en",
		"lines": [
			"you"
		]
	}, {
		"begin": "8.120",
		"end": "9.120",
		"id": "f000023",
		"language": "en",
		"lines": [
			"wish.\u201d"
		]
	}]
}