{
 "fragments": [
  {
   "begin": "0.000", 
   "end": "0.520", 
   "id": "f000001", 
   "language": "en", 
   "lines": [
    "What"
   ]
  }, 
  {
   "begin": "0.520", 
   "end": "0.760", 
   "id": "f000002", 
   "language": "en", 
   "lines": [
    "had"
   ]
  }, 
  {
   "begin": "0.760", 
   "end": "0.960", 
   "id": "f000003", 
   "language": "en", 
   "lines": [
    "happened?"
   ]
  }, 
  {
   "begin": "0.960", 
   "end": "1.120", 
   "id": "f000004", 
   "language": "en", 
   "lines": [
    "What"
   ]
  }, 
  {
   "begin": "1.120", 
   "end": "1.920", 
   "id": "f000005", 
   "language": "en", 
   "lines": [
    "do"
   ]
  }, 
  {
   "begin": "1.920", 
   "end": "2.520", 
   "id": "f000006", 
   "language": "en", 
   "lines": [
    "you"
   ]
  }, 
  {
   "begin": "2.520", 
   "end": "3.080", 
   "id": "f000007", 
   "language": "en", 
   "lines": [
    "think?"
   ]
  }, 
  {
   "begin": "3.080", 
   "end": "3.120", 
   "id": "f000008", 
   "language": "en", 
   "lines": [
    "The"
   ]
  }, 
  {
   "begin": "3.120", 
   "end": "5.080", 
   "id": "f000009", 
   "language": "en", 
   "lines": [
    "fish"
   ]
  }, 
  {
   "begin": "5.080", 
   "end": "5.320", 
   "id": "f000010", 
   "language": "en", 
   "lines": [
    "had"
   ]
  }, 
  {
   "begin": "5.320", 
   "end": "5.680", 
   "id": "f000011", 
   "language": "en", 
   "lines": [
    "tied"
   ]
  }, 
  {
   "begin": "5.680", 
   "end": "5.960", 
   "id": "f000012", 
   "language": "en", 
   "lines": [
    "up"
   ]
  }, 
  {
   "begin": "5.960", 
   "end": "6.000", 
   "id": "f000013", 
   "language": "en", 
   "lines": [
    "both"
   ]
  }, 
  {
   "begin": "6.000", 
   "end": "6.520", 
   "id": "f000014", 
   "language": "en", 
   "lines": [
    "the"
   ]
  }, 
  {
   "begin": "6.520", 
   "end": "7.600", 
   "id": "f000015", 
   "language": "en", 
   "lines": [
    "strings!"
   ]
  }
 ]
}