{
 "fragments": [
  {
   "begin": "0.000", 
   "end": "1.000", 
   "id": "f000001", 
   "language": "en", 
   "lines": [
    "Kicchu"
   ]
  }, 
  {
   "begin": "1.000", 
   "end": "1.320", 
   "id": "f000002", 
   "language": "en", 
   "lines": [
    "woke"
   ]
  }, 
  {
   "begin": "1.320", 
   "end": "1.440", 
   "id": "f000003", 
   "language": "en", 
   "lines": [
    "up"
   ]
  }, 
  {
   "begin": "1.440", 
   "end": "1.920", 
   "id": "f000004", 
   "language": "en", 
   "lines": [
    "early"
   ]
  }, 
  {
   "begin": "1.920", 
   "end": "2.240", 
   "id": "f000005", 
   "language": "en", 
   "lines": [
    "one"
   ]
  }, 
  {
   "begin": "2.240", 
   "end": "3.720", 
   "id": "f000006", 
   "language": "en", 
   "lines": [
    "morning.\u201cIt"
   ]
  }, 
  {
   "begin": "3.720", 
   "end": "4.160", 
   "id": "f000007", 
   "language": "en", 
   "lines": [
    "is"
   ]
  }, 
  {
   "begin": "4.160", 
   "end": "4.880", 
   "id": "f000008", 
   "language": "en", 
   "lines": [
    "time"
   ]
  }, 
  {
   "begin": "4.880", 
   "end": "4.920", 
   "id": "f000009", 
   "language": "en", 
   "lines": [
    "to"
   ]
  }, 
  {
   "begin": "4.920", 
   "end": "5.400", 
   "id": "f000010", 
   "language": "en", 
   "lines": [
    "catch"
   ]
  }, 
  {
   "begin": "5.400", 
   "end": "5.760", 
   "id": "f000011", 
   "language": "en", 
   "lines": [
    "some"
   ]
  }, 
  {
   "begin": "5.760", 
   "end": "7.040", 
   "id": "f000012", 
   "language": "en", 
   "lines": [
    "fish,\u201d"
   ]
  }, 
  {
   "begin": "7.040", 
   "end": "7.400", 
   "id": "f000013", 
   "language": "en", 
   "lines": [
    "he"
   ]
  }, 
  {
   "begin": "7.400", 
   "end": "7.840", 
   "id": "f000014", 
   "language": "en", 
   "lines": [
    "said"
   ]
  }, 
  {
   "begin": "7.840", 
   "end": "9.240", 
   "id": "f000015", 
   "language": "en", 
   "lines": [
    "yawning."
   ]
  }
 ]
}