{
 "fragments": [
  {
   "begin": "0.000", 
   "end": "0.720", 
   "id": "f000001", 
   "language": "en", 
   "lines": [
    "Kicchu"
   ]
  }, 
  {
   "begin": "0.720", 
   "end": "0.920", 
   "id": "f000002", 
   "language": "en", 
   "lines": [
    "and"
   ]
  }, 
  {
   "begin": "0.920", 
   "end": "1.760", 
   "id": "f000003", 
   "language": "en", 
   "lines": [
    "Choru"
   ]
  }, 
  {
   "begin": "1.760", 
   "end": "2.360", 
   "id": "f000004", 
   "language": "en", 
   "lines": [
    "held"
   ]
  }, 
  {
   "begin": "2.360", 
   "end": "2.440", 
   "id": "f000005", 
   "language": "en", 
   "lines": [
    "on"
   ]
  }, 
  {
   "begin": "2.440", 
   "end": "2.800", 
   "id": "f000006", 
   "language": "en", 
   "lines": [
    "tight"
   ]
  }, 
  {
   "begin": "2.800", 
   "end": "2.960", 
   "id": "f000007", 
   "language": "en", 
   "lines": [
    "to"
   ]
  }, 
  {
   "begin": "2.960", 
   "end": "3.200", 
   "id": "f000008", 
   "language": "en", 
   "lines": [
    "their"
   ]
  }, 
  {
   "begin": "3.200", 
   "end": "3.800", 
   "id": "f000009", 
   "language": "en", 
   "lines": [
    "rods.\n"
   ]
  }, 
  {
   "begin": "3.800", 
   "end": "5.000", 
   "id": "f000010", 
   "language": "en", 
   "lines": [
    "Kicchu"
   ]
  }, 
  {
   "begin": "5.000", 
   "end": "5.720", 
   "id": "f000011", 
   "language": "en", 
   "lines": [
    "screamed,"
   ]
  }, 
  {
   "begin": "5.720", 
   "end": "7.000", 
   "id": "f000012", 
   "language": "en", 
   "lines": [
    "\u201cMY"
   ]
  }, 
  {
   "begin": "7.000", 
   "end": "7.480", 
   "id": "f000013", 
   "language": "en", 
   "lines": [
    "FISH!\u201d"
   ]
  }, 
  {
   "begin": "7.480", 
   "end": "8.880", 
   "id": "f000014", 
   "language": "en", 
   "lines": [
    "Choru"
   ]
  }, 
  {
   "begin": "8.880", 
   "end": "9.320", 
   "id": "f000015", 
   "language": "en", 
   "lines": [
    "also"
   ]
  }, 
  {
   "begin": "9.320", 
   "end": "10.040", 
   "id": "f000016", 
   "language": "en", 
   "lines": [
    "screamed,"
   ]
  }, 
  {
   "begin": "10.040", 
   "end": "11.600", 
   "id": "f000017", 
   "language": "en", 
   "lines": [
    "\u201cNO..."
   ]
  }, 
  {
   "begin": "11.600", 
   "end": "12.000", 
   "id": "f000018", 
   "language": "en", 
   "lines": [
    "MY"
   ]
  }, 
  {
   "begin": "12.000", 
   "end": "13.240", 
   "id": "f000019", 
   "language": "en", 
   "lines": [
    "FISH!\u201d"
   ]
  }
 ]
}