{
 "fragments": [
  {
   "begin": "0.000", 
   "end": "0.840", 
   "id": "f000001", 
   "language": "en", 
   "lines": [
    "We"
   ]
  }, 
  {
   "begin": "0.840", 
   "end": "1.040", 
   "id": "f000002", 
   "language": "en", 
   "lines": [
    "are"
   ]
  }, 
  {
   "begin": "1.040", 
   "end": "1.280", 
   "id": "f000003", 
   "language": "en", 
   "lines": [
    "not"
   ]
  }, 
  {
   "begin": "1.280", 
   "end": "2.360", 
   "id": "f000004", 
   "language": "en", 
   "lines": [
    "noisy"
   ]
  }, 
  {
   "begin": "2.360", 
   "end": "2.800", 
   "id": "f000005", 
   "language": "en", 
   "lines": [
    "like"
   ]
  }, 
  {
   "begin": "2.800", 
   "end": "3.200", 
   "id": "f000006", 
   "language": "en", 
   "lines": [
    "other"
   ]
  }, 
  {
   "begin": "3.200", 
   "end": "4.720", 
   "id": "f000007", 
   "language": "en", 
   "lines": [
    "animals."
   ]
  }, 
  {
   "begin": "4.720", 
   "end": "5.600", 
   "id": "f000008", 
   "language": "en", 
   "lines": [
    "Ours"
   ]
  }, 
  {
   "begin": "5.600", 
   "end": "5.760", 
   "id": "f000009", 
   "language": "en", 
   "lines": [
    "is"
   ]
  }, 
  {
   "begin": "5.760", 
   "end": "5.920", 
   "id": "f000010", 
   "language": "en", 
   "lines": [
    "a"
   ]
  }, 
  {
   "begin": "5.920", 
   "end": "6.520", 
   "id": "f000011", 
   "language": "en", 
   "lines": [
    "language"
   ]
  }, 
  {
   "begin": "6.520", 
   "end": "6.600", 
   "id": "f000012", 
   "language": "en", 
   "lines": [
    "of"
   ]
  }, 
  {
   "begin": "6.600", 
   "end": "7.160", 
   "id": "f000013", 
   "language": "en", 
   "lines": [
    "smells."
   ]
  }, 
  {
   "begin": "7.160", 
   "end": "8.400", 
   "id": "f000014", 
   "language": "en", 
   "lines": [
    "&nbsp;"
   ]
  }
 ]
}