{"id":43,"name":"Busy Ants","writtenby":"Kanchan Bannerjee","illustrationsby":"Deepa Balsavar","translationby":"","source":"Pratham Books","status":"active","level":1,"pages":[{"id":413,"content":"Hello, I am the fourth one in the line. Can you see me?","pageno":1,"image":"56d1935edca331dee7132806b38387c3.jpg","audio":"afdbb596ea82627ad2d2d18c816ea86c.mp3","audio_map":"afdbb596ea82627ad2d2d18c816ea86c.json","language":[{"language_id":11,"content":"\u0bb9\u0bb2\u0bcd\u0bb2\u0bcb!! \u0ba8\u0bbe\u0ba9\u0bcd \u0b87\u0b99\u0bcd\u0b95\u0bc7 \u0b87\u0bb0\u0bc1\u0b95\u0bcd\u0b95\u0bc7\u0ba9\u0bcd! \u0bb5\u0bb0\u0bbf\u0b9a\u0bc8\u0baf\u0bbf\u0bb2\u0bcd\u0ba8\u0bbe\u0bb2\u0bbe\u0bb5\u0ba4\u0bbe\u0b95 \u0ba8\u0bbf\u0bb1\u0bcd\u0b95\u0bbf\u0bb1\u0bc7\u0ba9\u0bcd.  \u0b8e\u0ba9\u0bcd\u0ba9\u0bc8 \u0baa\u0bbe\u0bb0\u0bcd\u0ba4\u0bcd\u0ba4\u0bbf\u0baf\u0bbe?"},{"language_id":6,"content":"Hello, I am the fourth one in the line. Can you see me? \r\n   \t \t \t \t    \u0928\u092e\u0938\u094d\u0924\u0947, \u092e\u0948\u0902 \u0915\u0924\u093e\u0930 \u092e\u0947\u0902 \u091a\u094c\u0925\u0940 \u091c\u0917\u0939 \u092a\u0930 \u0939\u0942\u0901\u0964 \u0915\u094d\u092f\u093e \u0906\u092a \u092e\u0941\u091d\u0947 \u0926\u0947\u0916 \u0938\u0915\u0924\u0947 \u0939\u0948\u0902?"},{"language_id":12,"content":"Hello, I am the fourth one in the line. Can you see me?  \r\n\u0c39\u0c32\u0c4b, \u0c28\u0c47\u0c28\u0c41 \u0c35\u0c30\u0c41\u0c38\u0c32\u0c4b \u0c28\u0c3e\u0c32\u0c41\u0c17\u0c4b\u0c35\u0c26\u0c3e\u0c28\u0c3f\u0c28\u0c3f. \u0c28\u0c28\u0c4d\u0c28\u0c41 \u0c2e\u0c40\u0c30\u0c41 \u0c1a\u0c42\u0c21\u0c17\u0c32\u0c30\u0c3e?"},{"language_id":15,"content":"\u0d28\u0d2e\u0d38\u0d4d\u0d15\u0d3e\u0d30\u0d02. \u0d35\u0d30\u0d3f\u0d2f\u0d3f\u0d7d \u0d28\u0d3e\u0d32\u0d3e\u0d2e\u0d28\u0d3e\u0d23\u0d4d   \u0d1e\u0d3e\u0d7b.\u0d28\u0d3f\u0d28\u0d15\u0d4d\u0d15\u0d46\u0d28\u0d4d\u0d28\u0d46 \u0d15\u0d3e\u0d23\u0d3e\u0d2e\u0d4b?"},{"language_id":8,"content":"Hello, I am the fourth one in the line. Can you see me? \r\n   \t \t \t \t    \u092c\u0918\u093e \u0939\u0902! \u092e\u0940 \u092f\u093e \u0930\u093e\u0902\u0917\u0947\u0924 \u091a\u094c\u0925\u0940 \u0906\u0939\u0947. \u0926\u093f\u0938\u0924\u0947 \u0906\u0939\u0947 \u0928\u093e?"},{"language_id":7,"content":"Hello, I am the fourth one  in the line. Can you see me? \r\n\u0ca8\u0cae\u0cb8\u0ccd\u0c95\u0cbe\u0cb0, \u0ca8\u0cbe\u0ca8\u0cc1 \u0c88 \u0cb8\u0cbe\u0cb2\u0cbf\u0ca8\u0cb2\u0ccd\u0cb2\u0cbf  \u0ca8\u0cbe\u0cb2\u0ccd\u0c95\u0ca8\u0cc6\u0caf\u0cb5\u0ca8\u0cc1. \u0ca8\u0cbe\u0ca8\u0cc1 \u0c95\u0cbe\u0ca3\u0cc1\u0ca4\u0ccd\u0ca4\u0cbf\u0ca6\u0ccd\u0ca6\u0cc0\u0ca8\u0cbe?\u2029"}]},{"id":414,"content":"Left, right, left, right. We walk silently in a line.","pageno":2,"image":"f36bd3cc8a4ee916997e1d34ca9ef5b4.jpg","audio":"f518ea256f0af838cbac1e67907663a0.mp3","audio_map":"f518ea256f0af838cbac1e67907663a0.json","language":[{"language_id":11,"content":"\u0bb2\u0bc6\u0baa\u0bcd\u0b9f\u0bcd, \u0bb0\u0bc8\u0b9f\u0bcd   ,\u0bb2\u0bc6\u0baa\u0bcd\u0b9f\u0bcd, \u0bb0\u0bc8\u0b9f\u0bcd. \u0ba8\u0bbe\u0b99\u0bcd\u0b95 \u0bb5\u0bb0\u0bbf\u0b9a\u0bc8\u0baf\u0bbe \u0ba8\u0b9f\u0b95\u0bcd\u0b95\u0bbf\u0bb1\u0bcb\u0bae\u0bcd... \u0b9a\u0ba4\u0bcd\u0ba4\u0bae\u0bc7 \u0baa\u0bcb\u0b9f\u0bbe\u0bae!"},{"language_id":6,"content":"Left, right, left, right. We walk silently in a line. \r\n\u0915\u0926\u092e \u0924\u093e\u0932! \u0939\u092e \u091a\u0941\u092a\u091a\u093e\u092a \u090f\u0915 \u0915\u0924\u093e\u0930 \u092e\u0947\u0902 \u091a\u0932\u0924\u0947 \u0939\u0948\u0902\u0964"},{"language_id":12,"content":"Left, right, left, right. We walk silently in a line. \r\n   \t \t \t \t   \u0c32\u0c46\u0c2b\u0c4d\u0c1f\u0c4d, \u0c30\u0c48\u0c1f\u0c4d, \u0c32\u0c46\u0c2b\u0c4d\u0c1f\u0c4d, \u0c30\u0c48\u0c1f\u0c4d. \u0c2e\u0c47\u0c2e\u0c41 \u0c28\u0c3f\u0c36\u0c2c\u0c4d\u0c26\u0c02\u0c17\u0c3e \u0c35\u0c30\u0c41\u0c38\u0c32\u0c4b \u0c28\u0c21\u0c41\u0c38\u0c4d\u0c24\u0c3e\u0c2e\u0c41."},{"language_id":15,"content":"\u0d07\u0d1f\u0d24\u0d4d\u0d24\u0d4b\u0d1f\u0d4d\u0d1f\u0d4d , \u0d35\u0d32\u0d24\u0d4d\u0d24\u0d4b\u0d1f\u0d4d\u0d1f\u0d4d,  \u0d07\u0d1f\u0d24\u0d4d\u0d24\u0d4b\u0d1f\u0d4d\u0d1f\u0d4d , \u0d35\u0d32\u0d24\u0d4d\u0d24\u0d4b\u0d1f\u0d4d\u0d1f\u0d4d.\u0d1e\u0d19\u0d4d\u0d19\u0d7e \u0d36\u0d2c\u0d4d\u0d26\u0d2e\u0d41\u0d23\u0d4d\u0d1f\u0d3e\u0d15\u0d4d\u0d15\u0d3e\u0d24\u0d46 \u0d35\u0d30\u0d3f \u0d35\u0d30\u0d3f\u0d2f\u0d3e\u0d2f\u0d3f \u0d28\u0d1f\u0d28\u0d4d\u0d28\u0d41 \u0d28\u0d40\u0d19\u0d4d\u0d19\u0d41\u0d28\u0d4d\u0d28\u0d41."},{"language_id":8,"content":"Left, right, left, right. We walk silently in a line.    \t \t \t \t     \u0921\u093e\u0935\u093e-\u0909\u091c\u0935\u093e, \u0921\u093e\u0935\u093e-\u0909\u091c\u0935\u093e. \u0906\u092e\u094d\u0939\u0940 \u0936\u093e\u0902\u0924\u092a\u0923\u0947 \u0930\u093e\u0902\u0917\u0947\u0924 \u091a\u093e\u0932\u0924\u094b."},{"language_id":7,"content":"Left, right, left, right.  We walk silently in a line. \r\n\u0c8e\u0ca1, \u0cac\u0cb2, \u0c8e\u0ca1, \u0cac\u0cb2, \u0ca8\u0cbe\u0cb5\u0cc1  \u0ca8\u0cbf\u0cb6\u0ccd\u0caf\u0cac\u0ccd\u0ca6\u0cb5\u0cbe\u0c97\u0cbf \u0cb8\u0cbe\u0cb2\u0cbe\u0c97\u0cbf \u0ca8\u0ca1\u0cc6\u0caf\u0cc1\u0ca4\u0ccd\u0ca4\u0cc7\u0cb5\u0cc6.\u2029"}]},{"id":415,"content":"I just got an idea. I am going to get a set of WHEELS to move faster!","pageno":3,"image":"4bc556de6412a4482a2e95fdb66cd711.jpg","audio":"aa6a15f37c26e9d6650a0180962362ed.mp3","audio_map":"aa6a15f37c26e9d6650a0180962362ed.json","language":[{"language_id":11,"content":"\u0b8e\u0ba9\u0b95\u0bcd\u0b95\u0bcb \u0b92\u0ba3\u0bcd\u0ba3\u0bc1 \u0ba4\u0bcb\u0ba3\u0bc1\u0ba4\u0bc1. \u0bb5\u0bc7\u0b95\u0bae\u0bbe \u0baa\u0bcb\u0b95\u0ba3\u0bc1\u0bae\u0bcd. \u0b85\u0ba4\u0bc1\u0b95\u0bcd\u0b95\u0bc1 \u0ba8\u0bbe\u0bb2\u0bc1 \u0bb5\u0bc0\u0bb2\u0bcd \u0baa\u0bc2\u0b9f\u0bcd\u0b9f\u0bbf\u0b95\u0bcd\u0b95 \u0baa\u0bcb\u0bb1\u0bc7\u0ba9\u0bcd."},{"language_id":6,"content":"I just got an idea. I am going to get a set of WHEELS to move faster!    \t \t \t \t     \u092e\u0948\u0902\u0928\u0947 \u090f\u0915 \u092c\u093e\u0924 \u0938\u094b\u091a\u0940 \u0939\u0948\u0964 \u091c\u0932\u094d\u0926\u0940-\u091c\u0932\u094d\u0926\u0940 \u091a\u0932\u0928\u0947 \u0915\u0947 \u0932\u093f\u092f\u0947 \u092e\u0941\u091d\u0947 \u092a\u0939\u093f\u092f\u0947 \u0932\u0917\u093e \u0932\u0947\u0928\u0947 \u091a\u093e\u0939\u093f\u090f\u0901\u0964"},{"language_id":12,"content":"I just got an idea. I am going to get a set of WHEELS to move faster! \r\n   \t \t \t \t   \u0c28\u0c3e\u0c15\u0c4b \u0c09\u0c2a\u0c3e\u0c2f\u0c02 \u0c24\u0c1f\u0c4d\u0c1f\u0c3f\u0c02\u0c26\u0c3f. \u0c28\u0c47\u0c28\u0c41 \u0c24\u0c4a\u0c02\u0c26\u0c30\u0c17\u0c3e \u0c28\u0c21\u0c35\u0c1f\u0c3e\u0c28\u0c3f\u0c15\u0c3f \u0c12\u0c15 \u0c1c\u0c24 \u0c1a\u0c15\u0c4d\u0c30\u0c3e\u0c32\u0c41 \u0c38\u0c02\u0c2a\u0c3e\u0c26\u0c3f\u0c02\u0c1a\u0c3e\u0c32\u0c28\u0c3f!"},{"language_id":15,"content":"\u0d0e\u0d28\u0d3f\u0d15\u0d4d\u0d15\u0d4d \u0d12\u0d30\u0d41 \u0d2c\u0d41\u0d26\u0d4d\u0d27\u0d3f \u0d24\u0d4b\u0d28\u0d4d\u0d28\u0d41\u0d28\u0d4d\u0d28\u0d41. \u0d35\u0d47\u0d17\u0d24\u0d4d\u0d24\u0d3f\u0d7d \u0d28\u0d40\u0d19\u0d4d\u0d19\u0d3e\u0d7b \u0d35\u0d47\u0d23\u0d4d\u0d1f\u0d3f \u0d1e\u0d3e\u0d7b \u0d1a\u0d15\u0d4d\u0d30\u0d19\u0d4d\u0d19\u0d7e \u0d09\u0d2a\u0d2f\u0d4b\u0d17\u0d3f\u0d15\u0d4d\u0d15\u0d3e\u0d7b \u0d2a\u0d4b\u0d15\u0d41\u0d15\u0d2f\u0d3e\u0d23\u0d4d !"},{"language_id":8,"content":"I just got an idea. I am going to get a set of WHEELS to move faster!    \t \t \t \t     \u092e\u0938\u094d\u0924 \u0917\u094b\u0937\u094d\u091f \u0938\u0941\u091a\u0932\u0940. \u0905\u0917\u0926\u0940 \u091c\u094b\u0930\u093e\u0924 \u091c\u093e\u092f\u091a\u0902 \u0905\u0938\u0947\u0932 \u0924\u0930 \u092a\u093e\u092f\u093e\u0932\u093e \u091a\u093e\u0915\u0902 \u0932\u093e\u0935\u093e\u0935\u0940."},{"language_id":7,"content":"I just got an idea. I am going to get a set of WHEELS to move faster! \r\n\u0ca8\u0ca8\u0c97\u0cca\u0c82\u0ca6\u0cc1 \u0c89\u0caa\u0cbe\u0caf \u0cb9\u0cca\u0cb3\u0cc6\u0ca6\u0cbf\u0ca6\u0cc6. \u0ca8\u0cbe\u0ca8\u0cc1 \u0cac\u0cc7\u0c97 \u0cac\u0cc7\u0c97 \u0cb9\u0ccb\u0c97\u0cb2\u0cc1 \u0c97\u0cbe\u0cb2\u0cbf\u0c97\u0cb3\u0ca8\u0ccd\u0ca8\u0cc1 \u0ca4\u0cc6\u0c97\u0cc6\u0ca6\u0cc1\u0c95\u0cca\u0cb3\u0ccd\u0cb3\u0cc1\u0ca4\u0ccd\u0ca4\u0cc7\u0ca8\u0cc6.\u2029"}]},{"id":416,"content":"We are not noisy like other animals. Ours is a language of smells.","pageno":4,"image":"c1de791d025c3396d3ce762e1484c49f.jpg","audio":"219062a2984d9956b71aa9e4af450e53.mp3","audio_map":"219062a2984d9956b71aa9e4af450e53.json","language":[{"language_id":11,"content":"\u0bb5\u0bc7\u0bb1\u0bc7 \u0bb5\u0bbf\u0bb2\u0b99\u0bcd\u0b95\u0bc1\u0b95\u0bb3\u0bcd \u0bae\u0bbe\u0ba4\u0bbf\u0bb0\u0bbf \u0ba8\u0bbe\u0b99\u0bcd\u0b95 \u0b9a\u0ba4\u0bcd\u0ba4\u0bae\u0bcd \u0baa\u0bcb\u0b9f \u0bae\u0bbe\u0b9f\u0bcd\u0b9f\u0bcb\u0bae\u0bcd. \u0b8e\u0b99\u0bcd\u0b95 \u0bae\u0bca\u0bb4\u0bbf \u0bb5\u0bbe\u0b9a\u0ba9\u0bc8 \u0ba4\u0bbe\u0ba9\u0bcd."},{"language_id":6,"content":"We are not noisy like other animals. Ours is a language of smells.    \t \t \t \t     \u0926\u0942\u0938\u0930\u0947 \u091c\u093e\u0928\u0935\u0930\u094b\u0902 \u0915\u0940 \u0924\u0930\u0939 \u0939\u092e \u0936\u094b\u0930 \u0928\u0939\u0940\u0902 \u092e\u091a\u093e\u0924\u0947\u0964 \u0939\u092e \u0917\u0902\u0927 \u0938\u0947 \u0938\u092c \u0938\u092e\u091d\u0924\u0947 \u0939\u0948\u0902\u0964"},{"language_id":12,"content":"We are not noisy like other animals. Ours is a language of smells. \r\n   \t \t \t \t   \u0c2e\u0c47\u0c2e\u0c41 \u0c07\u0c24\u0c30 \u0c1c\u0c02\u0c24\u0c41\u0c35\u0c41\u0c32\u0c41\u0c32\u0c3e\u0c17 \u0c27\u0c4d\u0c35\u0c28\u0c3f\u0c28\u0c3f \u0c1a\u0c47\u0c2f\u0c2e\u0c41. \u0c35\u0c3e\u0c38\u0c28\u0c32\u0c47 \u0c2e\u0c3e \u0c2d\u0c3e\u0c37."},{"language_id":15,"content":"\u0d1e\u0d19\u0d4d\u0d19\u0d7e \u0d2e\u0d31\u0d4d\u0d31\u0d41 \u0d2e\u0d43\u0d17\u0d19\u0d4d\u0d19\u0d33\u0d46\u0d2a\u0d4b\u0d32\u0d46 \u0d2c\u0d39\u0d33\u0d15\u0d4d\u0d15\u0d3e\u0d30\u0d32\u0d4d\u0d32.\u0d17\u0d28\u0d4d\u0d27\u0d2e\u0d3e\u0d23\u0d4d \u0d1e\u0d19\u0d4d\u0d19\u0d33\u0d41\u0d1f\u0d46 \u0d2d\u0d3e\u0d37."},{"language_id":8,"content":"We are not noisy like other animals. Ours is a language of smells.    \t \t \t \t     \u0907\u0924\u0930 \u092a\u094d\u0930\u093e\u0923\u094d\u092f\u093e\u0902\u0938\u093e\u0930\u0916\u093e \u0906\u0935\u093e\u091c \u0906\u092e\u094d\u0939\u0940 \u0915\u0930\u0924 \u0928\u093e\u0939\u0940. \u0906\u092e\u091a\u0940 \u0935\u093e\u0938\u093e\u091a\u0940 \u092d\u093e\u0937\u093e \u0906\u0939\u0947."},{"language_id":7,"content":"We are not noisy like other animals. Ours is a language of smells. \r\n\u0ca8\u0cbe\u0cb5\u0cc1 \u0c87\u0ca4\u0cb0 \u0caa\u0ccd\u0cb0\u0cbe\u0ca3\u0cbf\u0c97\u0cb3\u0c82\u0ca4\u0cc6 \u0cb6\u0cac\u0ccd\u0ca6 \u0cae\u0cbe\u0ca1\u0cc1\u0cb5\u0cc1\u0ca6\u0cbf\u0cb2\u0ccd\u0cb2.  \u0ca8\u0cae\u0ccd\u0cae\u0ca6\u0cc1 \u0cb5\u0cbe\u0cb8\u0ca8\u0cc6\u0c97\u0cb3 \u0cad\u0cbe\u0cb7\u0cc6.\u2029"}]},{"id":417,"content":"One kind of smell says, \u201cFollow me this way for a feast.\u201d","pageno":5,"image":"8a491962097539479d7fc4e858768e34.jpg","audio":"b8eca5ff4328d3c460b7fdcbbe4c7e0d.mp3","audio_map":"b8eca5ff4328d3c460b7fdcbbe4c7e0d.json","language":[{"language_id":11,"content":"\u0b93\u0bb0\u0bc2 \u0bb5\u0bbe\u0b9a\u0ba9\u0bc8\u0b9a\u0bcd \u0b9a\u0bca\u0bb2\u0bcd\u0bb2\u0bc1\u0bae\u0bcd...\"\u0b8e\u0ba9\u0bcd \u0baa\u0bbf\u0ba9\u0bcd\u0ba9\u0bbe\u0b9f\u0bbf  \u0bb5\u0bbe - \u0b92\u0bb0\u0bc1 \u0bb5\u0bbf\u0bb0\u0bc1\u0ba8\u0bcd\u0ba4\u0bc1  \u0bb5\u0bbe..."},{"language_id":6,"content":"One kind of smell says, \u201cFollow me this way for a feast.\u201d    \t \t \t \t     \u090f\u0915 \u0917\u0902\u0927 \u0915\u0939\u0924\u0940 \u0939\u0948, \u201c\u092e\u0947\u0930\u0947 \u0938\u093e\u0925 \u091a\u0932\u094b \u0926\u093e\u0935\u0924 \u0916\u093e\u0928\u0947 \u0915\u0947 \u0932\u093f\u092f\u0947\u0964\u201d"},{"language_id":12,"content":"One kind of smell says, \"Follow me this way for a feast.\" \r\n   \t \t \t \t   \u0c12\u0c15 \u0c30\u0c15\u0c02 \u0c35\u0c3e\u0c38\u0c28 \u0c1a\u0c46\u0c2c\u0c41\u0c24\u0c41\u0c02\u0c26\u0c3f, \"\u0c35\u0c3f\u0c02\u0c26\u0c41\u0c15\u0c41\u0c28\u0c3e\u0c24\u0c4b \u0c08 \u0c26\u0c3e\u0c30\u0c3f\u0c28\u0c3f \u0c05\u0c28\u0c41\u0c38\u0c30\u0c3f\u0c02\u0c1a\u0c02\u0c21\u0c28\u0c3f.\""},{"language_id":15,"content":"\u0d12\u0d30\u0d41 \u0d24\u0d30\u0d02 \u0d17\u0d28\u0d4d\u0d27\u0d02 \u0d2a\u0d31\u0d2f\u0d41\u0d28\u0d4d\u0d28\u0d41,\"\u0d07\u0d24\u0d41 \u0d35\u0d34\u0d3f \u0d35\u0d28\u0d4d\u0d28\u0d3e\u0d7d \u0d17\u0d02\u0d2d\u0d40\u0d30 \u0d2d\u0d15\u0d4d\u0d37\u0d23\u0d02 \u0d15\u0d34\u0d3f\u0d15\u0d4d\u0d15\u0d3e\u0d02\""},{"language_id":8,"content":"One kind of smell says, \u201cFollow me this way for a feast.\u201d    \t \t \t \t     \u090f\u0915 \u0935\u093e\u0938 \u092e\u094d\u0939\u0923\u0924\u094b,\u201c\u0907\u0915\u0921\u0947 \u092f\u093e. \u0907\u0925\u0947 \u0916\u093e\u090a \u0906\u0939\u0947.\u201d"},{"language_id":7,"content":"One kind of smell says, \u201cFollow me this way for a feast.\u201d \r\n\u0c92\u0c82\u0ca6\u0cc1 \u0cb0\u0cc0\u0ca4\u0cbf\u0caf \u0cb5\u0cbe\u0cb8\u0ca8\u0cc6 \u0cb9\u0cc7\u0cb3\u0cc1\u0ca4\u0ccd\u0ca4\u0ca6\u0cc6, \u0cb9\u0cac\u0ccd\u0cac\u0ca6 \u0c8a\u0c9f\u0c95\u0ccd\u0c95\u0cc6 \u0c88 \u0c95\u0ca1\u0cc6 \u0ca8\u0ca8\u0ccd\u0ca8\u0ca8\u0ccd\u0ca8\u0cc1 \u0cb9\u0cbf\u0c82\u0cac\u0cbe\u0cb2\u0cbf\u0cb8\u0cbf.\u2029"}]},{"id":418,"content":"Another smell says, \u201cDanger! Do not go there.\u201d","pageno":6,"image":"c73ca6070eba7d4bcc694f4ea1dd4c9d.jpg","audio":"cd8f558954fa4cce176258962a1e7453.mp3","audio_map":"cd8f558954fa4cce176258962a1e7453.json","language":[{"language_id":11,"content":"\u0b87\u0ba9\u0bcd\u0ba9\u0bcb\u0bb0\u0bc1 \u0bb5\u0bbe\u0b9a\u0bae\u0bcd \u0b9a\u0bca\u0bb2\u0bcd\u0bb2\u0bc1\u0bae\u0bcd, \"\u0b85\u0b99\u0bcd\u0b95\u0bc7 \u0baa\u0bcb\u0b95\u0bbe\u0ba4\u0bc7! \u0b86\u0baa\u0ba4\u0bcd\u0ba4\u0bc1 !!\""},{"language_id":6,"content":"Another smell says, \u201cDanger! Do not go there.\u201d    \t \t \t \t     \u0926\u0942\u0938\u0930\u0940 \u0917\u0902\u0927 \u092c\u0924\u093e\u0924\u0940 \u0939\u0948, \u201c\u0916\u0924\u0930\u093e! \u0909\u0927\u0930 \u092e\u0924 \u091c\u093e\u0913!\u201d"},{"language_id":12,"content":"Another smell says, \"Danger! Do not go there.\" \r\n   \t \t \t \t   \u0c07\u0c02\u0c15\u0c4a\u0c15 \u0c35\u0c3e\u0c38\u0c28 \u0c1a\u0c46\u0c2c\u0c41\u0c24\u0c41\u0c02\u0c26\u0c3f, \"\u0c05\u0c15\u0c4d\u0c15\u0c21\u0c3f\u0c15\u0c3f \u0c35\u0c46\u0c33\u0c4a\u0c26\u0c4d\u0c26\u0c41. \u0c05\u0c2a\u0c3e\u0c2f\u0c2e\u0c28\u0c3f!\""},{"language_id":15,"content":"\u0d2e\u0d31\u0d4d\u0d31\u0d4a\u0d30\u0d41 \u0d17\u0d28\u0d4d\u0d27\u0d02 \u0d2a\u0d31\u0d2f\u0d41\u0d28\u0d4d\u0d28\u0d41,\"\u0d05\u0d2a\u0d15\u0d1f\u0d02 ! \u0d05\u0d35\u0d3f\u0d1f\u0d47\u0d2f\u0d4d\u0d15\u0d4d\u0d15\u0d4d \u0d2a\u0d4b\u0d15\u0d30\u0d41\u0d24\u0d4d .\""},{"language_id":8,"content":"Another smell says, \u201cDanger! Do not go there.\u201d \r\n   \t \t \t \t    \u0926\u0941\u0938\u0930\u093e \u0935\u093e\u0938 \u092e\u094d\u0939\u0923\u0924\u094b, \u201c\u0927\u094b\u0915\u093e! \u0924\u093f\u0915\u0921\u0947 \u091c\u093e\u090a \u0928\u0915\u093e.\u201d"},{"language_id":7,"content":"Another smell says,  \u201cDanger! Do not go there.\u201d \r\n\u0c87\u0ca8\u0ccd\u0ca8\u0cca\u0c82\u0ca6\u0cc1 \u0cb5\u0cbe\u0cb8\u0ca8\u0cc6 \u0cb9\u0cc7\u0cb3\u0cc1\u0ca4\u0ccd\u0ca4\u0ca6\u0cc6,  \"\u0c85\u0caa\u0cbe\u0caf! \u0c85\u0cb2\u0ccd\u0cb2\u0cbf \u0cb9\u0ccb\u0c97\u0cac\u0cc7\u0ca1\u0cbf.\"\u2029"}]},{"id":419,"content":"I love cakes and all kinds of sweets, just like you.","pageno":7,"image":"d7679891a5e11f7024268e4e194acdf8.jpg","audio":"de647667087f478f0cf1c8113a9db536.mp3","audio_map":"de647667087f478f0cf1c8113a9db536.json","language":[{"language_id":11,"content":"\u0b8e\u0ba9\u0b95\u0bcd\u0b95\u0bc1\u0bae\u0bcd \u0b89\u0ba9\u0bcd\u0ba9\u0bc8 \u0bae\u0bbe\u0ba4\u0bbf\u0bb0\u0bbf\u0baf\u0bc7 \u0b95\u0bc7\u0b95\u0bcd \u0baa\u0bbf\u0b9f\u0bbf\u0b95\u0bcd\u0b95\u0bc1\u0bae\u0bcd. \u0b8e\u0bb2\u0bcd\u0bb2\u0bbe \u0b87\u0ba9\u0bbf\u0baa\u0bcd\u0baa\u0bc1\u0bae\u0bcd \u0baa\u0bbf\u0b9f\u0bbf\u0b95\u0bcd\u0b95\u0bc1\u0bae\u0bcd."},{"language_id":6,"content":"I love cakes and all kinds of sweets, just like you.    \t \t \t \t     \u0924\u0941\u092e \u0938\u092c \u0915\u0940 \u0924\u0930\u0939 \u092e\u0941\u091d\u0947 \u092d\u0940 \u0915\u0947\u0915 \u0914\u0930 \u092e\u093f\u0920\u093e\u0908\u092f\u093e\u0901 \u092c\u0939\u0941\u0924 \u092a\u0938\u0902\u0926 \u0939\u0948\u0902\u0964"},{"language_id":12,"content":"I love cakes and all kinds of sweets, just like you. \r\n   \t \t \t \t   \u0c28\u0c3e\u0c15\u0c41 \u0c2e\u0c40\u0c32\u0c3e\u0c17\u0c47 \u0c15\u0c47\u0c15\u0c41\u0c32\u0c28\u0c4d\u0c28\u0c3e, \u0c38\u0c4d\u0c35\u0c40\u0c1f\u0c4d\u0c38\u0c4d \u0c05\u0c28\u0c4d\u0c28\u0c3e \u0c1a\u0c3e\u0c32\u0c3e \u0c07\u0c37\u0c4d\u0c1f\u0c02."},{"language_id":15,"content":"\u0d0e\u0d28\u0d3f\u0d15\u0d4d\u0d15\u0d4d \u0d15\u0d47\u0d15\u0d4d\u0d15\u0d41\u0d15\u0d33\u0d41\u0d02   \u0d0e\u0d32\u0d4d\u0d32\u0d3e\u0d24\u0d4d\u0d24\u0d30\u0d02 \u0d2e\u0d27\u0d41\u0d30 \u0d2a\u0d32\u0d39\u0d3e\u0d30\u0d19\u0d4d\u0d19\u0d33\u0d41\u0d02 \u0d07\u0d37\u0d4d\u0d1f\u0d2e\u0d3e\u0d23\u0d4d, \u0d28\u0d3f\u0d28\u0d4d\u0d28\u0d46\u0d2a\u0d4d\u0d2a\u0d4a\u0d32\u0d46 \u0d24\u0d28\u0d4d\u0d28\u0d46 ."},{"language_id":8,"content":"I love cakes and all kinds of sweets, just like you.    \t \t \t \t     \u0924\u0941\u092e\u091a\u094d\u092f\u093e\u0938\u093e\u0930\u0916\u093e\u091a \u092e\u0932\u093e \u0915\u0947\u0915 \u0906\u0923\u093f \u0938\u0917\u0933\u093e \u0917\u094b\u0921 \u0916\u093e\u090a \u0906\u0935\u0921\u0924\u094b."},{"language_id":7,"content":"I love cakes and all kinds  of sweets, just like you. \r\n\u0ca8\u0cbf\u0cae\u0ccd\u0cae\u0c82\u0ca4\u0cc6 \u0ca8\u0ca8\u0c97\u0cc2 \u0c95\u0cc7\u0c95\u0ccd \u0cae\u0ca4\u0ccd\u0ca4\u0cc1 \u0c8e\u0cb2\u0ccd\u0cb2  \u0cb8\u0cbf\u0cb9\u0cbf \u0ca4\u0cbf\u0c82\u0ca1\u0cbf\u0c97\u0cb3\u0cc6\u0c82\u0ca6\u0cb0\u0cc6 \u0cac\u0cb9\u0cb3 \u0c87\u0cb7\u0ccd\u0c9f.\u2029"}]},{"id":420,"content":"Want to see my muscles at work? I may look very tiny to you, but I am very strong.","pageno":8,"image":"3c766d46976b04fcb862dbe28cf165df.jpg","audio":"e7b835f9726ff28072120366fd960c2b.mp3","audio_map":"e7b835f9726ff28072120366fd960c2b.json","language":[{"language_id":11,"content":"\u0ba8\u0bbe\u0ba9\u0bcd \u0bb5\u0bc7\u0bb2\u0bc8 \u0b9a\u0bc6\u0baf\u0bcd\u0bb5\u0ba4\u0bc8 \u0baa\u0bbe\u0bb0\u0bcd\u0b95\u0bcd\u0b95\u0ba3\u0bc1\u0bae\u0bbe? \u0ba8\u0bbe\u0ba9\u0bcd \u0b95\u0bc1\u0b9f\u0bcd\u0b9f\u0bbf\u0baf\u0bbe \u0b87\u0bb0\u0bc1\u0b95\u0bcd\u0b95\u0bb2\u0bbe\u0bae\u0bcd. \u0b86\u0ba9\u0bbe \u0ba8\u0bbe\u0ba9\u0bcd \u0bb0\u0bca\u0bae\u0bcd\u0baa \u0baa\u0bb2\u0b9a\u0bbe\u0bb2\u0bbf."},{"language_id":6,"content":"Want to see my muscles at work? I may look very tiny to you, but I am very strong. \r\n    \t \t \t \t    \u0915\u094d\u092f\u093e \u092e\u0947\u0930\u0940 \u0924\u093e\u0915\u0924 \u0926\u0947\u0916\u0928\u093e \u091a\u093e\u0939\u0924\u0947 \u0939\u094b? \u0926\u093f\u0916\u0928\u0947 \u092e\u0947\u0902 \u092e\u0948\u0902\u0924\u0941\u092e\u094d\u0939\u0947\u0902 \u092c\u0939\u0941\u0924 \u091b\u094b\u091f\u0940 \u0932\u0917\u0924\u0940 \u0939\u0942\u0901 \u0932\u0947\u0915\u093f\u0928 \u092e\u0948\u0902 \u092c\u0939\u0941\u0924 \u0924\u093e\u0915\u0924\u0935\u0930 \u0939\u0942\u0901\u0964"},{"language_id":12,"content":"Want to see my muscles at work? I may look very tiny to you, but I am very strong.  \r\n   \t \t \t \t   \u0c2a\u0c28\u0c3f\u0c32\u0c4b \u0c09\u0c02\u0c21\u0c17\u0c3e \u0c28\u0c3e \u0c2c\u0c32\u0c3e\u0c28\u0c4d\u0c28\u0c3f \u0c1a\u0c42\u0c21\u0c3e\u0c32\u0c28\u0c3f \u0c35\u0c41\u0c02\u0c26\u0c3e? \u0c2e\u0c40\u0c15\u0c41 \u0c1a\u0c3f\u0c28\u0c4d\u0c28\u0c17\u0c3e \u0c15\u0c28\u0c3f\u0c2a\u0c3f\u0c02\u0c1a\u0c3f\u0c28\u0c3e, \u0c28\u0c47\u0c28\u0c41 \u0c1a\u0c3e\u0c32\u0c3e \u0c2c\u0c32\u0c35\u0c02\u0c24\u0c41\u0c30\u0c3e\u0c32\u0c3f\u0c28\u0c3f."},{"language_id":15,"content":"\u0d1c\u0d4b\u0d32\u0d3f\u0d15\u0d4d\u0d15\u0d3f\u0d1f\u0d2f\u0d3f\u0d7d \u0d0e\u0d28\u0d4d\u0d31\u0d46 \u0d2e\u0d3e\u0d02\u0d38 \u0d2a\u0d47\u0d36\u0d3f\u0d15\u0d7e \u0d15\u0d23\u0d4d\u0d1f\u0d4b? \u0d1e\u0d3e\u0d7b \u0d35\u0d33\u0d30\u0d46 \u0d1a\u0d46\u0d31\u0d41\u0d24\u0d3e\u0d23\u0d46\u0d28\u0d4d\u0d28\u0d4d \u0d28\u0d3f\u0d28\u0d15\u0d4d\u0d15\u0d4d \u0d24\u0d4b\u0d28\u0d4d\u0d28\u0d3e\u0d02, \u0d2a\u0d15\u0d4d\u0d37\u0d47 \u0d1e\u0d3e\u0d7b \u0d35\u0d33\u0d30\u0d46 \u0d36\u0d15\u0d4d\u0d24\u0d3f\u0d36\u0d3e\u0d32\u0d3f   \u0d06\u0d23\u0d4d."},{"language_id":8,"content":"Want to see my muscles at work? I may look very tiny to you, but I am very strong. \r\n\u092c\u0918\u093e\u092f\u091a\u0940 \u0906\u0939\u0947 \u092e\u093e\u091d\u0940 \u0924\u093e\u0915\u0926? \r\n  \u092e\u0940 \u091b\u094b\u091f\u0940 \u0926\u093f\u0938\u0924\u0947 \u0916\u0930\u0940, \u092a\u0923 \u0916\u0942\u092a \u092c\u0932\u0935\u093e\u0928 \u0906\u0939\u0947."},{"language_id":7,"content":"Want to see my muscles at work? I may look very tiny to you, but I am very strong. \r\n\u0ca8\u0cbe\u0ca8\u0cc1 \u0c8e\u0cb7\u0ccd\u0c9f\u0cc1 \u0cac\u0cb2\u0cb6\u0cbe\u0cb2\u0cbf \u0c8e\u0c82\u0ca6\u0cc1 \u0ca8\u0ccb\u0ca1\u0cac\u0cc7\u0c95\u0cc6? \u0ca8\u0cbe\u0ca8\u0cc1 \u0ca8\u0ccb\u0ca1\u0cb2\u0cc1 \u0caa\u0cc1\u0c9f\u0cbe\u0ca3\u0cbf\u0caf\u0cbe\u0c97\u0cbf \u0c95\u0cbe\u0ca3\u0cac\u0cb9\u0cc1\u0ca6\u0cc1, \u0c86\u0ca6\u0cb0\u0cc6 \u0ca8\u0cbe\u0ca8\u0cc1 \u0cac\u0cb9\u0cb3 \u0cb6\u0c95\u0ccd\u0ca4\u0cbf\u0cb6\u0cbe\u0cb2\u0cbf.\u2029"}]},{"id":421,"content":"Never mind if the door is shut. I can slip through the smallest crack.","pageno":9,"image":"7cc94709440592309fe256d3f336ae24.jpg","audio":"9d0c76ac51bda6e8baebed89c2393792.mp3","audio_map":"9d0c76ac51bda6e8baebed89c2393792.json","language":[{"language_id":11,"content":"\u0b95\u0ba4\u0bb5\u0bc1 \u0b85\u0b9f\u0bc8\u0ba4\u0bcd\u0ba4\u0bbf\u0bb0\u0bc1\u0ba8\u0bcd\u0ba4\u0bbe\u0bb2\u0bcd \u0b8e\u0ba9\u0bcd\u0ba9? \u0ba8\u0bbe\u0ba9\u0bcd \u0b9a\u0bbf\u0ba9\u0bcd\u0ba9 \u0b93\u0b9f\u0bcd\u0b9f\u0bc8\u0baf\u0bbf\u0bb2\u0bcd \u0b95\u0bc2\u0b9f \u0baa\u0bcb\u0bb5\u0bc7\u0ba9\u0bc7!"},{"language_id":6,"content":"Never mind if the door is shut. I can slip through the smallest crack.    \t \t \t \t     \u0915\u094b\u0908 \u092c\u093e\u0924 \u0928\u0939\u0940\u0902 \u0905\u0917\u0930 \u0926\u0930\u0935\u093e\u095b\u093e \u092c\u0902\u0926 \u0939\u0948\u0964 \u092e\u0948\u0902 \u0924\u094b \u091b\u094b\u091f\u0940 \u0938\u0940 \u0926\u0930\u093e\u0930 \u0938\u0947 \u092d\u0940 \u0928\u093f\u0915\u0932 \u0938\u0915\u0924\u0940 \u0939\u0942\u0901\u0964"},{"language_id":12,"content":"Never mind if the door is shut. I can slip through the smallest crack.    \t \t \t \t   \r\n \u0c24\u0c32\u0c41\u0c2a\u0c41 \u0c2e\u0c42\u0c38\u0c3f\u0c35\u0c41\u0c28\u0c4d\u0c28\u0c3e \u0c2a\u0c30\u0c35\u0c3e\u0c32\u0c47\u0c26\u0c41.  \r\n\u0c28\u0c47\u0c28\u0c41 \u0c38\u0c28\u0c4d\u0c28\u0c28\u0c3f \u0c1a\u0c40\u0c32\u0c3f\u0c15\u0c32 \u0c28\u0c41\u0c02\u0c21\u0c3f \u0c15\u0c42\u0c21\u0c3e \u0c26\u0c42\u0c30\u0c3f\u0c2a\u0c4b\u0c17\u0c32\u0c28\u0c41."},{"language_id":15,"content":"\u0d35\u0d3e\u0d24\u0d3f\u0d32\u0d1f\u0d1a\u0d4d\u0d1a\u0d3e\u0d32\u0d41\u0d02 \u0d38\u0d3e\u0d30\u0d2e\u0d3f\u0d32\u0d4d\u0d32. \u0d0f\u0d31\u0d4d\u0d31\u0d35\u0d41\u0d02 \u0d1a\u0d46\u0d31\u0d3f\u0d2f \u0d35\u0d3f\u0d1f\u0d35\u0d3f\u0d7d \u0d15\u0d42\u0d1f\u0d3f\u0d2f\u0d41\u0d02 \u0d0e\u0d28\u0d3f\u0d15\u0d4d\u0d15\u0d41 \u0d05\u0d15\u0d24\u0d4d\u0d24\u0d41 \u0d15\u0d1f\u0d15\u0d4d\u0d15\u0d3e\u0d7b \u0d15\u0d34\u0d3f\u0d2f\u0d41\u0d02."},{"language_id":8,"content":"Never mind if the door is shut. I can slip through the smallest crack.    \t \t \t \t     \u0926\u093e\u0930 \u092c\u0902\u0926 \u0905\u0938\u0932\u0902 \u0924\u0930\u0940 \u091a\u093e\u0932\u0924\u0902.     \u092e\u0940 \u091b\u094b\u091f\u094d\u092f\u093e\u0936\u093e \u092b\u091f\u0940\u0924\u0942\u0928 \u091c\u093e\u090a \u0936\u0915\u0924\u0947."},{"language_id":7,"content":"Never mind if the door is shut. I can slip through the smallest crack. \r\n\u0cac\u0cbe\u0c97\u0cbf\u0cb2\u0cc1 \u0cae\u0cc1\u0c9a\u0ccd\u0c9a\u0cbf\u0ca6\u0ccd\u0ca6\u0cb0\u0cc2 \u0cb8\u0cb9 \u0ca8\u0cbe\u0ca8\u0cc1 \u0c92\u0c82\u0ca6\u0cc1 \u0cb8\u0ca3\u0ccd\u0ca3 \u0cb8\u0c82\u0ca6\u0cbf\u0caf\u0cbf\u0c82\u0ca6 \u0ca8\u0cc1\u0cb8\u0cc1\u0cb3\u0cbf \u0cb9\u0ccb\u0c97\u0cc1\u0ca4\u0ccd\u0ca4\u0cc7\u0ca8\u0cc6.\u2029"}]},{"id":422,"content":"Believe it or not, hundreds of us live happily in a colony.","pageno":10,"image":"06647f1e6e45c575f2f52125c3bacbfe.jpg","audio":"2cb6de2faf7dab4df0b73bd94f2b3423.mp3","audio_map":"2cb6de2faf7dab4df0b73bd94f2b3423.json","language":[{"language_id":11,"content":"\u0ba8\u0bae\u0bcd\u0baa\u0bbf\u0ba9\u0bbe\u0bb2\u0bcd \u0ba8\u0bae\u0bcd\u0baa\u0bc1\u0b99\u0bcd\u0b95\u0bb3\u0bcd. \u0ba8\u0bbe\u0b99\u0bcd\u0b95 \u0baa\u0bb2 \u0ba8\u0bc2\u0bb1\u0bc1 \u0baa\u0bc7\u0bb0\u0bcd  \u0b95\u0bc2\u0b9f\r\n\u0b92\u0ba3\u0bcd\u0ba3\u0bbe \u0b92\u0bb0\u0bc7  \u0bb5\u0bc0\u0b9f\u0bcd\u0b9f\u0bbf\u0bb2\u0bc7 \u0b87\u0bb0\u0bc1\u0b95\u0bcd\u0b95\u0bcb\u0bae\u0bcd .... \u0b9a\u0ba8\u0bcd\u0ba4\u0bcb\u0bb7\u0bae\u0bbe... \u0b92\u0ba4\u0bcd\u0ba4\u0bc1\u0bae\u0bc8\u0baf\u0bbe.."},{"language_id":6,"content":"Believe it or not, hundreds of us live happily in a colony.    \t \t \t \t     \u0938\u091a \u092e\u093e\u0928\u094b, \u0938\u0948\u0915\u095c\u094b\u0902 \u091a\u0940\u0902\u091f\u093f\u092f\u093e\u0901 \u090f\u0915 \u0915\u0949\u0932\u094b\u0928\u0940 \u092e\u0947\u0902 \u092c\u095c\u0947 \u0906\u0930\u093e\u092e \u0938\u0947 \u0930\u0939\u0924\u0940 \u0939\u0948\u0902\u0964"},{"language_id":12,"content":"Believe it or not, hundreds of us live happily in a colony. \r\n   \t \t \t \t   \u0c28\u0c2e\u0c4d\u0c2e\u0c3f\u0c28\u0c3e \u0c28\u0c2e\u0c4d\u0c2e\u0c15 \u0c2a\u0c4b\u0c2f\u0c3f\u0c28\u0c3e \u0c2e\u0c47\u0c2e\u0c41 \u0c35\u0c02\u0c26\u0c32\u0c2e\u0c02\u0c26\u0c3f\u0c2e\u0c3f \u0c12\u0c15\u0c47 \u0c17\u0c41\u0c02\u0c2a\u0c41\u0c17\u0c3e \u0c15\u0c3e\u0c32\u0c4b\u0c28\u0c40 \u0c32\u0c4b \u0c39\u0c3e\u0c2f\u0c3f\u0c17\u0c3e \u0c09\u0c02\u0c1f\u0c3e\u0c2e\u0c41."},{"language_id":15,"content":"\u0d35\u0d3f\u0d36\u0d4d\u0d35\u0d38\u0d3f\u0d1a\u0d4d\u0d1a\u0d3e\u0d32\u0d41\u0d02 \u0d07\u0d32\u0d4d\u0d32\u0d46\u0d19\u0d4d\u0d15\u0d3f\u0d32\u0d41\u0d02,  \u0d1e\u0d19\u0d4d\u0d19\u0d33\u0d46\u0d2a\u0d4d\u0d2a\u0d4b\u0d32\u0d41\u0d33\u0d4d\u0d33    \u0d28\u0d42\u0d31\u0d41 \u0d15\u0d23\u0d15\u0d4d\u0d15\u0d3f\u0d28\u0d4d \u0d09\u0d31\u0d41\u0d2e\u0d4d\u0d2a\u0d41\u0d15\u0d7e \u0d38\u0d28\u0d4d\u0d24\u0d4b\u0d37\u0d2e\u0d3e\u0d2f\u0d3f \u0d12\u0d30\u0d41 \u0d15\u0d4b\u0d33\u0d28\u0d3f\u0d2f\u0d3f\u0d7d \u0d12\u0d28\u0d4d\u0d28\u0d3f\u0d1a\u0d4d\u0d1a\u0d41 \u0d24\u0d3e\u0d2e\u0d38\u0d3f\u0d15\u0d4d\u0d15\u0d3e\u0d31\u0d41\u0d23\u0d4d\u0d1f\u0d4d."},{"language_id":8,"content":"Believe it or not, hundreds of us live happily in a colony.    \t \t \t \t     \u0935\u093f\u0936\u094d\u0935\u093e\u0938 \u0928\u093e\u0939\u0940 \u092c\u0938\u0923\u093e\u0930 \u092a\u0923 \u0935\u093e\u0930\u0941\u0933\u093e\u0924 \u0906\u092e\u094d\u0939\u0940 \u0936\u0947\u0915\u0921\u094b\u091c\u0923\u0940 \u0906\u0928\u0902\u0926\u093e\u0928\u0902 \u0930\u093e\u0939\u0924\u094b."},{"language_id":7,"content":"Believe it or not, hundreds of us live happily in a colony.  \r\n\u0ca8\u0cc0\u0cb5\u0cc1 \u0ca8\u0c82\u0cac\u0cc1\u0cb5\u0cbf\u0cb0\u0ccb \u0c87\u0cb2\u0ccd\u0cb2\u0cb5\u0ccb, \u0ca8\u0cae\u0ccd\u0cae\u0cb2\u0ccd\u0cb2\u0cbf \u0ca8\u0cc2\u0cb0\u0cbe\u0cb0\u0cc1 \u0c87\u0cb0\u0cc1\u0cb5\u0cc6\u0c97\u0cb3\u0cc1 \u0c92\u0c82\u0ca6\u0cc1 \u0c97\u0cc1\u0c82\u0caa\u0cbf\u0ca8\u0cb2\u0ccd\u0cb2\u0cbf \u0cb8\u0c82\u0ca4\u0ccb\u0cb7\u0ca6\u0cbf\u0c82\u0ca6 \u0c9c\u0cc0\u0cb5\u0cbf\u0cb8\u0cc1\u0ca4\u0ccd\u0ca4\u0cc7\u0cb5\u0cc6.\u2029"}]},{"id":423,"content":"LET US LEARN SOME NEW WORDS. \nSmall - Big Slow - Fast Short - Tall Thin - Fat Hard - Soft Noisy - Quiet \u00a0 Here are some words with their opposites. Can you make a sentence for each pair of opposite words? \u00a0 For example, \u2018An ant is small; an elephant is big\u2019. \u00a0 \u201cAs busy as an ant\u201d is a nice way to describe someone who is very hard working.","pageno":11,"image":"36c231a0d04eef725e3f44e952563a32.jpg","audio":"e3096ddcf0c580387f61ec8eb6bd97d1.mp3","audio_map":"f4a764bad89cc062b82962cfe5671ba4.json","language":[{"language_id":11,"content":"\u0b9a\u0bbf\u0bb2 \u0baa\u0bc1\u0ba4\u0bc1 \u0bb5\u0bbe\u0bb0\u0bcd\u0ba4\u0bc8\u0b95\u0bb3\u0bcd \u0baa\u0b9f\u0bbf\u0b95\u0bcd\u0b95\u0bb2\u0bbe\u0bae\u0bcd.\r\n\u0b9a\u0bbf\u0bb1\u0bbf\u0baf - \u0baa\u0bc6\u0bb0\u0bbf\u0baf\u0bae\u0bc6\u0ba4\u0bc1\u0bb5\u0bbe\u0b95 - \u0bb5\u0bc7\u0b95\u0bae\u0bbe\u0b95\u0b95\u0bc1\u0bb3\u0bcd\u0bb3\u0bae\u0bcd-\u0b89\u0baf\u0bb0\u0bae\u0bcd\u0b92\u0bb2\u0bcd\u0bb2\u0bbf-\u0b95\u0bc1\u0ba3\u0bcd\u0b9f\u0bc1\u0b95\u0b9f\u0bbf\u0ba9\u0bae\u0bbe\u0ba9 -\u0bae\u0bc6\u0bb2\u0bcd\u0bb2\u0bbf\u0baf (\u0b85) \u0b95\u0b9f\u0bbf\u0ba9\u0bae\u0bcd-\u0bae\u0bc6\u0ba9\u0bcd\u0bae\u0bc8\r\n\u0b9a\u0ba4\u0bcd\u0ba4\u0bae\u0bcd - \u0b85\u0bae\u0bc8\u0ba4\u0bbf"},{"language_id":6,"content":"LET US LEARN SOME NEW WORDS.\r\nSmall - BigSlow - FastShort - TallThin - FatHard - SoftNoisy - Quiet\r\nHere are some words with their opposites.Can you make a sentence for each pair of opposite words?\r\nFor example, \u2018An ant is small; an elephant is big\u2019.\r\n\u201cAs busy as an ant\u201d is a nice way to describe someone who is very hard working."},{"language_id":12,"content":"LET US LEARN SOME NEW WORDS. Small - Big Slow - Fast Short - Tall Thin - Fat Hard - Soft Noisy - Quiet \r\nHere are some words with their opposites. Can you make a sentence for each pair of opposite words? For example, \u2018An ant is small; an elephant is big\u2019. \r\n \u201cAs busy as an ant\u201d is a nice way to describe someone who is very hard working."},{"language_id":15,"content":"\u0d28\u0d2e\u0d41\u0d15\u0d4d\u0d15\u0d4d \u0d1a\u0d3f\u0d32 \u0d2a\u0d41\u0d24\u0d3f\u0d2f \u0d35\u0d3e\u0d15\u0d4d\u0d15\u0d41\u0d15\u0d7e \u0d2a\u0d20\u0d3f\u0d15\u0d4d\u0d15\u0d3e\u0d02.\r\n\u0d1a\u0d46\u0d31\u0d41\u0d24\u0d4d - \u0d35\u0d32\u0d41\u0d24\u0d4d\u0d2a\u0d24\u0d41\u0d15\u0d4d\u0d15\u0d46 - \u0d35\u0d47\u0d17\u0d24\u0d4d\u0d24\u0d3f\u0d7d  \u0d15\u0d41\u0d31\u0d41\u0d15\u0d3f\u0d2f - \u0d28\u0d40\u0d23\u0d4d\u0d1f  \r\n\u0d2e\u0d46\u0d32\u0d3f\u0d1e\u0d4d\u0d1e\u0d24\u0d4d - \u0d24\u0d1f\u0d3f\u0d1a\u0d4d\u0d1a\u0d24\u0d4d\u0d15\u0d1f\u0d4d\u0d1f\u0d3f\u0d2f\u0d41\u0d33\u0d4d\u0d33\u0d24\u0d4d - \u0d2e\u0d43\u0d26\u0d41\u0d35\u0d3e\u0d2f\u0d24\u0d4d\u0d36\u0d2c\u0d4d\u0d26\u0d02 - \u0d28\u0d3f\u0d36\u0d2c\u0d4d\u0d26\u0d02\r\n\r\n  \u0d1a\u0d3f\u0d32 \u0d35\u0d3e\u0d15\u0d4d\u0d15\u0d41\u0d15\u0d33\u0d41\u0d02 \u0d05\u0d35\u0d2f\u0d41\u0d1f\u0d46 \u0d35\u0d3f\u0d2a\u0d30\u0d40\u0d24 \u0d36\u0d2c\u0d4d\u0d26\u0d19\u0d4d\u0d19\u0d33\u0d41\u0d02 \u0d06\u0d23\u0d4d \u0d2e\u0d41\u0d15\u0d33\u0d3f\u0d7d \u0d15\u0d4a\u0d1f\u0d41\u0d24\u0d4d\u0d24\u0d3f\u0d30\u0d3f\u0d15\u0d4d\u0d15\u0d41\u0d28\u0d4d\u0d28\u0d24\u0d4d.\r\n\u0d35\u0d3e\u0d15\u0d4d\u0d15\u0d41\u0d15\u0d7e \u0d05\u0d35\u0d2f\u0d41\u0d1f\u0d46 \u0d35\u0d3f\u0d2a\u0d30\u0d40\u0d24\u0d24\u0d4d\u0d24\u0d4b\u0d1f\u0d4a\u0d2a\u0d4d\u0d2a\u0d02 \u0d35\u0d3e\u0d15\u0d4d\u0d2f\u0d24\u0d4d\u0d24\u0d3f\u0d7d \u0d2a\u0d4d\u0d30\u0d2f\u0d4b\u0d17\u0d3f\u0d15\u0d4d\u0d15\u0d3e\u0d2e\u0d4b?\r\n\u0d09\u0d26\u0d3e\u0d39\u0d30\u0d23\u0d24\u0d4d\u0d24\u0d3f\u0d28\u0d4d \u0d07\u0d24\u0d41 \u0d2a\u0d4b\u0d32\u0d46 , \"\u0d06\u0d28 \u0d35\u0d33\u0d30\u0d46 \u0d35\u0d32\u0d41\u0d24\u0d3e\u0d23\u0d4d ; \u0d09\u0d31\u0d41\u0d2e\u0d4d\u0d2a\u0d4b ? \u0d24\u0d40\u0d30\u0d46 \u0d1a\u0d46\u0d31\u0d41\u0d24\u0d4d..\"  \r\n\"  \u0d09\u0d31\u0d41\u0d2e\u0d4d\u0d2a\u0d3f\u0d28\u0d46\u0d2a\u0d4d\u0d2a\u0d4b\u0d7d \u0d09\u0d24\u0d4d\u0d38\u0d3e\u0d39\u0d3f\u0d2f\u0d3e\u0d2f \"\u0d0e\u0d28\u0d4d\u0d28\u0d41 \u0d05\u0d26\u0d4d\u0d27\u0d4d\u0d35\u0d3e\u0d28 \u0d36\u0d40\u0d32\u0d2e\u0d41\u0d33\u0d4d\u0d33\u0d35\u0d30\u0d46\u0d2a\u0d4d\u0d2a\u0d31\u0d4d\u0d31\u0d3f \u0d2a\u0d31\u0d2f\u0d3e\u0d31\u0d41\u0d23\u0d4d\u0d1f\u0d4d"},{"language_id":8,"content":"LET US LEARN SOME NEW WORDS. \u2003Small - Big \u2003Slow - Fast \u2003Short - Tall \u2003Thin - Fat \u2003Hard - Soft \u2003Noisy - Quiet \r\nHere are some words with their opposites.Can you make a sentence for each pair of opposite words? \r\nFor example, \u2018An ant is small; an elephant is big\u2019. \r\n\u201cAs busy as an ant\u201d is a nice way to describe someone who is very hard working."},{"language_id":7,"content":"LET US LEARN SOME NEW WORDS. \r\n Small - Big Slow - Fast Short - Tall Thin - Fat Hard - Soft Noisy - Quiet \r\nHere are some words with their opposites. Can you make a sentence for each pair of opposite words? For example, \u2018An ant is small; an elephant is big\u2019. \r\n\u201cAs busy as an ant\u201d is a nice way to describe someone who is very hard working."}]}],"language":[{"id":11,"name":"Tamil"},{"id":6,"name":"Hindi"},{"id":12,"name":"Telugu"},{"id":15,"name":"malayalam"},{"id":8,"name":"Marathi"},{"id":7,"name":"Kannada"}],"questions":[{"id":4944,"type":"pre","storypage_id":0,"order_number":1,"title":"Vocabulary","question":{"question_type":"vocabulary","question":{"text":"","image":"","type":""},"words":[{"word":"Wheel","image":"b60b5f1eb422740e8ffd2002030a5ed2.png"},{"word":"Cake","image":"e8e8897b672ad7ec1da136755705c345.png"},{"word":"Ant","image":"658029ac2e83e9d79ca1c87aec2cfc55.png"},{"word":"Door","image":"1e9d2e12d4d729b2d589afe9f34ab1bb.png"}]},"score":1,"question_template_id":21,"question_template":"Vocab"},{"id":5856,"type":"pre","storypage_id":0,"order_number":2,"title":"What do you think this story is about?","question":{"question_type":"mcq_single_answer","question":{"text":"What do you think this story is about?","image":"","type":"text"},"options":[{"text":"Ants","type":"text","image":"","ans":1},{"text":"Food","type":"text","image":"","ans":0},{"text":"People","type":"text","image":"","ans":0},{"text":"Animals","type":"text","image":"","ans":0}],"answers":["Ants"]},"score":1,"question_template_id":2,"question_template":"Text MCQ"},{"id":5857,"type":"during","storypage_id":413,"order_number":1,"title":"Choose the correct answer.","question":{"question_type":"mcq_single_answer","question":{"text":"Which ant in the line is speaking?","image":"","type":"text"},"options":[{"text":"The fourth","type":"both","image":"427ce5f7c7a3f264342055789a94a2f6.png","ans":1},{"text":"The third","type":"both","image":"d6e11ce11b5ef4906b96a1badb19f108.png","ans":0},{"text":"The second","type":"both","image":"31a2986c8e04ce4471f5becbd8eabd39.png","ans":0},{"text":"The first","type":"both","image":"04f4f91e4fcb6f8f24c2dc5eb3f9628b.png","ans":0}],"answers":["The fourth"]},"score":1,"question_template_id":2,"question_template":"Text MCQ"},{"id":5858,"type":"during","storypage_id":414,"order_number":2,"title":"Choose the correct answer.","question":{"question_type":"mcq_single_answer","question":{"text":"In what way do the ants walk?","image":"","type":"text"},"options":[{"text":"Silently","type":"both","image":"18be3f126a7fa9c464c7ba463c22ee67.png","ans":1},{"text":"Loudly","type":"both","image":"682f084b59411a5d1571061287d322d7.png","ans":0},{"text":"Annoyingly","type":"both","image":"1b983ece393e62e36372fffb316809b7.png","ans":0},{"text":"Painfully","type":"both","image":"005fddf2f94264939b2c0b947833c5d7.png","ans":0}],"answers":["Silently"]},"score":1,"question_template_id":2,"question_template":"Text MCQ"},{"id":5859,"type":"during","storypage_id":415,"order_number":3,"title":"Choose the correct answer.","question":{"question_type":"mcq_single_answer","question":{"text":"What will the ant use to move faster?","image":"","type":"text"},"options":[{"text":"Wheels","type":"both","image":"10c08df00a916d6174dc28e9c7be18e2.png","ans":1},{"text":"Watermelons","type":"both","image":"b3310dea9ca155d1473d9b65c71977a9.png","ans":0},{"text":"Toothpaste","type":"both","image":"80a6eed83975c6c4a17a9ab96c6e66d5.png","ans":0},{"text":"A car","type":"both","image":"c9ed406d204e373a59e9918aa1d219dd.png","ans":0}],"answers":["Wheels"]},"score":1,"question_template_id":2,"question_template":"Text MCQ"},{"id":5860,"type":"during","storypage_id":416,"order_number":4,"title":"Choose the correct answer.","question":{"question_type":"mcq_single_answer","question":{"text":"What language do ants use?","image":"","type":"text"},"options":[{"text":"Smells","type":"both","image":"ad0ff27a4b7dd5c0d76e1ca77f086d86.png","ans":1},{"text":"Sounds","type":"both","image":"45c09d160a6b70567bfd6d1d2465a284.png","ans":0},{"text":"Sights","type":"both","image":"7d75e22eecbd6c3245a1a66ce1e84dbb.png","ans":0},{"text":"Tastes","type":"both","image":"80fbd56aea6a545dce46152f75e63a92.png","ans":0}],"answers":["Smells"]},"score":1,"question_template_id":2,"question_template":"Text MCQ"},{"id":5861,"type":"during","storypage_id":417,"order_number":5,"title":"Choose the two correct answers from the list of options.","question":{"question_type":"mcq_multiple_answer","question":{"text":"What are the kinds of smells the ants understand?","image":"","type":"text"},"options":[{"text":"Food","type":"both","image":"724c5347278bec10a35e0cfafc2f0b93.png","ans":1},{"text":"Danger","type":"both","image":"ba21998479e5cffa4bc8c37c3098bc9a.png","ans":1},{"text":"Party time","type":"both","image":"c52ff0461adab3737d9f679721c3d8a5.png","ans":0},{"text":"Sleeping time","type":"both","image":"ae16eb95cda8d8378aa5c632e4710a29.png","ans":0}],"answers":["Food","Danger"]},"score":1,"question_template_id":2,"question_template":"Text MCQ"},{"id":6197,"type":"during","storypage_id":423,"order_number":6,"title":"Choose the correct option.","question":{"question_type":"mcq_single_answer","question":{"text":"What word would you use to describe ants?","image":"","type":"text"},"options":[{"text":"Hardworking","type":"text","image":"","ans":1},{"text":"Lazy","type":"text","image":"","ans":0}],"answers":["Hardworking"]},"score":1,"question_template_id":2,"question_template":"Text MCQ"},{"id":5863,"type":"own_story","storypage_id":0,"order_number":1,"title":"Make your own story!","question":{"question_type":"mcq_single_answer","question":{"text":"_____ don't like ants, but I do.","image":"","type":"text"},"options":[{"text":"Some people","type":"text","image":"","ans":1},{"text":"My family","type":"text","image":"","ans":1},{"text":"Lots of people","type":"text","image":"","ans":1},{"text":"Most people","type":"text","image":"","ans":1}],"answers":["Some people","My family","Lots of people","Most people"]},"score":1,"question_template_id":2,"question_template":"Text MCQ"},{"id":5864,"type":"own_story","storypage_id":0,"order_number":2,"title":"Make your own story!","question":{"question_type":"mcq_single_answer","question":{"text":"They look _____ sometimes, but you shouldn't judge them by that.","image":"","type":"text"},"options":[{"text":"gross","type":"text","image":"","ans":1},{"text":"yucky","type":"text","image":"","ans":1},{"text":"sick","type":"text","image":"","ans":1},{"text":"disgusting","type":"text","image":"","ans":0}],"answers":["gross","yucky","sick"]},"score":1,"question_template_id":2,"question_template":"Text MCQ"},{"id":5865,"type":"own_story","storypage_id":0,"order_number":3,"title":"Make your own story!","question":{"question_type":"mcq_single_answer","question":{"text":"Ants are very hard-working. They _____ for many hours a day.","image":"","type":"text"},"options":[{"text":"work","type":"text","image":"","ans":1},{"text":"search for food","type":"text","image":"","ans":1},{"text":"build colonies","type":"text","image":"","ans":1},{"text":"repair their homes","type":"text","image":"","ans":1}],"answers":["work","search for food","build colonies","repair their homes"]},"score":1,"question_template_id":2,"question_template":"Text MCQ"},{"id":5866,"type":"own_story","storypage_id":0,"order_number":4,"title":"Make your own story!","question":{"question_type":"mcq_single_answer","question":{"text":"Ants are also very strong. They're stronger than _____!","image":"","type":"text"},"options":[{"text":"you and me","type":"text","image":"","ans":1},{"text":"the strongest human","type":"text","image":"","ans":1},{"text":"an elephant","type":"text","image":"","ans":1},{"text":"a lion","type":"text","image":"","ans":1}],"answers":["you and me","the strongest human","an elephant","a lion"]},"score":1,"question_template_id":2,"question_template":"Text MCQ"},{"id":5867,"type":"own_story","storypage_id":0,"order_number":5,"title":"Make your own story!","question":{"question_type":"mcq_single_answer","question":{"text":"_____ ants bite, but if you keep away from them, they won't hurt you.","image":"","type":"text"},"options":[{"text":"Red","type":"text","image":"","ans":1},{"text":"Big","type":"text","image":"","ans":1},{"text":"Fat","type":"text","image":"","ans":1},{"text":"Giant","type":"text","image":"","ans":1}],"answers":["Red","Big","Fat","Giant"]},"score":1,"question_template_id":2,"question_template":"Text MCQ"}]}