{
 "fragments": [
  {
   "begin": "0.000", 
   "end": "0.640", 
   "id": "f000001", 
   "language": "en", 
   "lines": [
    "Never"
   ]
  }, 
  {
   "begin": "0.640", 
   "end": "1.440", 
   "id": "f000002", 
   "language": "en", 
   "lines": [
    "mind"
   ]
  }, 
  {
   "begin": "1.440", 
   "end": "1.600", 
   "id": "f000003", 
   "language": "en", 
   "lines": [
    "if"
   ]
  }, 
  {
   "begin": "1.600", 
   "end": "1.760", 
   "id": "f000004", 
   "language": "en", 
   "lines": [
    "the"
   ]
  }, 
  {
   "begin": "1.760", 
   "end": "2.040", 
   "id": "f000005", 
   "language": "en", 
   "lines": [
    "door"
   ]
  }, 
  {
   "begin": "2.040", 
   "end": "2.600", 
   "id": "f000006", 
   "language": "en", 
   "lines": [
    "is"
   ]
  }, 
  {
   "begin": "2.600", 
   "end": "3.240", 
   "id": "f000007", 
   "language": "en", 
   "lines": [
    "shut."
   ]
  }, 
  {
   "begin": "3.240", 
   "end": "3.520", 
   "id": "f000008", 
   "language": "en", 
   "lines": [
    "I"
   ]
  }, 
  {
   "begin": "3.520", 
   "end": "3.760", 
   "id": "f000009", 
   "language": "en", 
   "lines": [
    "can"
   ]
  }, 
  {
   "begin": "3.760", 
   "end": "4.160", 
   "id": "f000010", 
   "language": "en", 
   "lines": [
    "slip"
   ]
  }, 
  {
   "begin": "4.160", 
   "end": "4.160", 
   "id": "f000011", 
   "language": "en", 
   "lines": [
    "through"
   ]
  }, 
  {
   "begin": "4.160", 
   "end": "4.240", 
   "id": "f000012", 
   "language": "en", 
   "lines": [
    "the"
   ]
  }, 
  {
   "begin": "4.240", 
   "end": "4.800", 
   "id": "f000013", 
   "language": "en", 
   "lines": [
    "smallest"
   ]
  }, 
  {
   "begin": "4.800", 
   "end": "5.360", 
   "id": "f000014", 
   "language": "en", 
   "lines": [
    "crack."
   ]
  }, 
  {
   "begin": "5.360", 
   "end": "6.400", 
   "id": "f000015", 
   "language": "en", 
   "lines": [
    "&nbsp;"
   ]
  }
 ]
}