{
 "fragments": [
  {
   "begin": "0.000", 
   "end": "0.400", 
   "id": "f000001", 
   "language": "en", 
   "lines": [
    "I"
   ]
  }, 
  {
   "begin": "0.400", 
   "end": "0.680", 
   "id": "f000002", 
   "language": "en", 
   "lines": [
    "just"
   ]
  }, 
  {
   "begin": "0.680", 
   "end": "0.960", 
   "id": "f000003", 
   "language": "en", 
   "lines": [
    "got"
   ]
  }, 
  {
   "begin": "0.960", 
   "end": "1.040", 
   "id": "f000004", 
   "language": "en", 
   "lines": [
    "an"
   ]
  }, 
  {
   "begin": "1.040", 
   "end": "1.520", 
   "id": "f000005", 
   "language": "en", 
   "lines": [
    "idea."
   ]
  }, 
  {
   "begin": "1.520", 
   "end": "2.160", 
   "id": "f000006", 
   "language": "en", 
   "lines": [
    "I"
   ]
  }, 
  {
   "begin": "2.160", 
   "end": "2.360", 
   "id": "f000007", 
   "language": "en", 
   "lines": [
    "am"
   ]
  }, 
  {
   "begin": "2.360", 
   "end": "3.280", 
   "id": "f000008", 
   "language": "en", 
   "lines": [
    "going"
   ]
  }, 
  {
   "begin": "3.280", 
   "end": "3.640", 
   "id": "f000009", 
   "language": "en", 
   "lines": [
    "to"
   ]
  }, 
  {
   "begin": "3.640", 
   "end": "3.840", 
   "id": "f000010", 
   "language": "en", 
   "lines": [
    "get"
   ]
  }, 
  {
   "begin": "3.840", 
   "end": "4.040", 
   "id": "f000011", 
   "language": "en", 
   "lines": [
    "a"
   ]
  }, 
  {
   "begin": "4.040", 
   "end": "4.400", 
   "id": "f000012", 
   "language": "en", 
   "lines": [
    "set"
   ]
  }, 
  {
   "begin": "4.400", 
   "end": "4.680", 
   "id": "f000013", 
   "language": "en", 
   "lines": [
    "of"
   ]
  }, 
  {
   "begin": "4.680", 
   "end": "5.320", 
   "id": "f000014", 
   "language": "en", 
   "lines": [
    "WHEELS"
   ]
  }, 
  {
   "begin": "5.320", 
   "end": "5.680", 
   "id": "f000015", 
   "language": "en", 
   "lines": [
    "to"
   ]
  }, 
  {
   "begin": "5.680", 
   "end": "6.080", 
   "id": "f000016", 
   "language": "en", 
   "lines": [
    "move"
   ]
  }, 
  {
   "begin": "6.080", 
   "end": "6.480", 
   "id": "f000017", 
   "language": "en", 
   "lines": [
    "faster!"
   ]
  }, 
  {
   "begin": "6.480", 
   "end": "7.560", 
   "id": "f000018", 
   "language": "en", 
   "lines": [
    "&nbsp;"
   ]
  }
 ]
}