{
 "fragments": [
  {
   "begin": "0.000", 
   "end": "0.400", 
   "id": "f000001", 
   "language": "en", 
   "lines": [
    "Hello,"
   ]
  }, 
  {
   "begin": "0.400", 
   "end": "1.760", 
   "id": "f000002", 
   "language": "en", 
   "lines": [
    "I"
   ]
  }, 
  {
   "begin": "1.760", 
   "end": "2.080", 
   "id": "f000003", 
   "language": "en", 
   "lines": [
    "am"
   ]
  }, 
  {
   "begin": "2.080", 
   "end": "2.520", 
   "id": "f000004", 
   "language": "en", 
   "lines": [
    "the"
   ]
  }, 
  {
   "begin": "2.520", 
   "end": "2.920", 
   "id": "f000005", 
   "language": "en", 
   "lines": [
    "fourth"
   ]
  }, 
  {
   "begin": "2.920", 
   "end": "2.920", 
   "id": "f000006", 
   "language": "en", 
   "lines": [
    "one"
   ]
  }, 
  {
   "begin": "2.920", 
   "end": "2.920", 
   "id": "f000007", 
   "language": "en", 
   "lines": [
    "in"
   ]
  }, 
  {
   "begin": "2.920", 
   "end": "3.000", 
   "id": "f000008", 
   "language": "en", 
   "lines": [
    "the"
   ]
  }, 
  {
   "begin": "3.000", 
   "end": "3.360", 
   "id": "f000009", 
   "language": "en", 
   "lines": [
    "line."
   ]
  }, 
  {
   "begin": "3.360", 
   "end": "3.960", 
   "id": "f000010", 
   "language": "en", 
   "lines": [
    "Can"
   ]
  }, 
  {
   "begin": "3.960", 
   "end": "5.000", 
   "id": "f000011", 
   "language": "en", 
   "lines": [
    "you"
   ]
  }, 
  {
   "begin": "5.000", 
   "end": "5.640", 
   "id": "f000012", 
   "language": "en", 
   "lines": [
    "see"
   ]
  }, 
  {
   "begin": "5.640", 
   "end": "5.840", 
   "id": "f000013", 
   "language": "en", 
   "lines": [
    "me?"
   ]
  }, 
  {
   "begin": "5.840", 
   "end": "6.560", 
   "id": "f000014", 
   "language": "en", 
   "lines": [
    "&nbsp;"
   ]
  }
 ]
}