{
 "fragments": [
  {
   "begin": "0.000", 
   "end": "0.720", 
   "id": "f000001", 
   "language": "en", 
   "lines": [
    "One"
   ]
  }, 
  {
   "begin": "0.720", 
   "end": "1.080", 
   "id": "f000002", 
   "language": "en", 
   "lines": [
    "kind"
   ]
  }, 
  {
   "begin": "1.080", 
   "end": "1.280", 
   "id": "f000003", 
   "language": "en", 
   "lines": [
    "of"
   ]
  }, 
  {
   "begin": "1.280", 
   "end": "1.800", 
   "id": "f000004", 
   "language": "en", 
   "lines": [
    "smell"
   ]
  }, 
  {
   "begin": "1.800", 
   "end": "2.520", 
   "id": "f000005", 
   "language": "en", 
   "lines": [
    "says,"
   ]
  }, 
  {
   "begin": "2.520", 
   "end": "3.320", 
   "id": "f000006", 
   "language": "en", 
   "lines": [
    "\u201cFollow"
   ]
  }, 
  {
   "begin": "3.320", 
   "end": "3.560", 
   "id": "f000007", 
   "language": "en", 
   "lines": [
    "me"
   ]
  }, 
  {
   "begin": "3.560", 
   "end": "3.920", 
   "id": "f000008", 
   "language": "en", 
   "lines": [
    "this"
   ]
  }, 
  {
   "begin": "3.920", 
   "end": "4.320", 
   "id": "f000009", 
   "language": "en", 
   "lines": [
    "way"
   ]
  }, 
  {
   "begin": "4.320", 
   "end": "4.680", 
   "id": "f000010", 
   "language": "en", 
   "lines": [
    "for"
   ]
  }, 
  {
   "begin": "4.680", 
   "end": "4.840", 
   "id": "f000011", 
   "language": "en", 
   "lines": [
    "a"
   ]
  }, 
  {
   "begin": "4.840", 
   "end": "5.400", 
   "id": "f000012", 
   "language": "en", 
   "lines": [
    "feast.\u201d"
   ]
  }, 
  {
   "begin": "5.400", 
   "end": "6.000", 
   "id": "f000013", 
   "language": "en", 
   "lines": [
    "&nbsp;"
   ]
  }
 ]
}