{
 "fragments": [
  {
   "begin": "0.000", 
   "end": "0.000", 
   "id": "f000001", 
   "language": "en", 
   "lines": [
    "Want"
   ]
  }, 
  {
   "begin": "0.000", 
   "end": "0.800", 
   "id": "f000002", 
   "language": "en", 
   "lines": [
    "to"
   ]
  }, 
  {
   "begin": "0.800", 
   "end": "1.040", 
   "id": "f000003", 
   "language": "en", 
   "lines": [
    "see"
   ]
  }, 
  {
   "begin": "1.040", 
   "end": "1.320", 
   "id": "f000004", 
   "language": "en", 
   "lines": [
    "my"
   ]
  }, 
  {
   "begin": "1.320", 
   "end": "1.960", 
   "id": "f000005", 
   "language": "en", 
   "lines": [
    "muscles"
   ]
  }, 
  {
   "begin": "1.960", 
   "end": "1.960", 
   "id": "f000006", 
   "language": "en", 
   "lines": [
    "at"
   ]
  }, 
  {
   "begin": "1.960", 
   "end": "2.320", 
   "id": "f000007", 
   "language": "en", 
   "lines": [
    "work?"
   ]
  }, 
  {
   "begin": "2.320", 
   "end": "3.400", 
   "id": "f000008", 
   "language": "en", 
   "lines": [
    "I"
   ]
  }, 
  {
   "begin": "3.400", 
   "end": "3.960", 
   "id": "f000009", 
   "language": "en", 
   "lines": [
    "may"
   ]
  }, 
  {
   "begin": "3.960", 
   "end": "4.280", 
   "id": "f000010", 
   "language": "en", 
   "lines": [
    "look"
   ]
  }, 
  {
   "begin": "4.280", 
   "end": "4.720", 
   "id": "f000011", 
   "language": "en", 
   "lines": [
    "very"
   ]
  }, 
  {
   "begin": "4.720", 
   "end": "5.320", 
   "id": "f000012", 
   "language": "en", 
   "lines": [
    "tiny"
   ]
  }, 
  {
   "begin": "5.320", 
   "end": "5.680", 
   "id": "f000013", 
   "language": "en", 
   "lines": [
    "to"
   ]
  }, 
  {
   "begin": "5.680", 
   "end": "6.160", 
   "id": "f000014", 
   "language": "en", 
   "lines": [
    "you,"
   ]
  }, 
  {
   "begin": "6.160", 
   "end": "7.040", 
   "id": "f000015", 
   "language": "en", 
   "lines": [
    "but"
   ]
  }, 
  {
   "begin": "7.040", 
   "end": "7.240", 
   "id": "f000016", 
   "language": "en", 
   "lines": [
    "I"
   ]
  }, 
  {
   "begin": "7.240", 
   "end": "7.720", 
   "id": "f000017", 
   "language": "en", 
   "lines": [
    "am"
   ]
  }, 
  {
   "begin": "7.720", 
   "end": "7.840", 
   "id": "f000018", 
   "language": "en", 
   "lines": [
    "very"
   ]
  }, 
  {
   "begin": "7.840", 
   "end": "8.840", 
   "id": "f000019", 
   "language": "en", 
   "lines": [
    "strong."
   ]
  }, 
  {
   "begin": "8.840", 
   "end": "9.920", 
   "id": "f000020", 
   "language": "en", 
   "lines": [
    "&nbsp;"
   ]
  }
 ]
}