{
 "fragments": [
  {
   "begin": "0.000", 
   "end": "1.200", 
   "id": "f000001", 
   "language": "en", 
   "lines": [
    "Left,"
   ]
  }, 
  {
   "begin": "1.200", 
   "end": "2.080", 
   "id": "f000002", 
   "language": "en", 
   "lines": [
    "right,"
   ]
  }, 
  {
   "begin": "2.080", 
   "end": "2.840", 
   "id": "f000003", 
   "language": "en", 
   "lines": [
    "left,"
   ]
  }, 
  {
   "begin": "2.840", 
   "end": "3.960", 
   "id": "f000004", 
   "language": "en", 
   "lines": [
    "right."
   ]
  }, 
  {
   "begin": "3.960", 
   "end": "4.040", 
   "id": "f000005", 
   "language": "en", 
   "lines": [
    "We"
   ]
  }, 
  {
   "begin": "4.040", 
   "end": "4.600", 
   "id": "f000006", 
   "language": "en", 
   "lines": [
    "walk"
   ]
  }, 
  {
   "begin": "4.600", 
   "end": "5.400", 
   "id": "f000007", 
   "language": "en", 
   "lines": [
    "silently"
   ]
  }, 
  {
   "begin": "5.400", 
   "end": "5.720", 
   "id": "f000008", 
   "language": "en", 
   "lines": [
    "in"
   ]
  }, 
  {
   "begin": "5.720", 
   "end": "5.960", 
   "id": "f000009", 
   "language": "en", 
   "lines": [
    "a"
   ]
  }, 
  {
   "begin": "5.960", 
   "end": "6.560", 
   "id": "f000010", 
   "language": "en", 
   "lines": [
    "line."
   ]
  }, 
  {
   "begin": "6.560", 
   "end": "7.200", 
   "id": "f000011", 
   "language": "en", 
   "lines": [
    "&nbsp;"
   ]
  }
 ]
}