{"id":124,"name":"Sister, Sister, Where Does the Sun Go at Night?","writtenby":"Roopa Pai","illustrationsby":"Greystroke","translationby":"","source":"Pratham Books","status":"active","level":3,"pages":[{"id":1407,"content":"Sister, sister, I wonder...\nWhat do you wonder, little brother,\nWhat do you wonder?\nI wonder, I wonder,\nWhere the sun goes at night.\nWhere do you think, little brother,\nWhere do you think?\nI think, I think...\nTell me, little brother,\nWhat do you think?","pageno":1,"image":"c47c982dfb79453dac17fae7400bd0d0.jpg","audio":"90c6b47e46a8020a1d06828370215715.mp3","audio_map":"ffda6c7c53be75bfe15f49e284d04a7e.json","language":[]},{"id":1408,"content":"I think\nThat maybe, a demon.\nThe terrible black demon\nOf Darkness\nEats up the sun each night\nFor dinner.\nSee how the blue sky, at sunset,\nIs stained red with his blood?","pageno":2,"image":"cc31b9ca785ae44dfc97f2f513f1dcc4.jpg","audio":"fe4d07379bb416062c42e02fbb3f3de3.mp3","audio_map":"88d3c77fc2d78bede9a6abde984cea87.json","language":[]},{"id":1409,"content":"But the sun\nThe glorious brave shining golden sun\nHe fights the Darkness demon\nAll night, every night\nAnd by morning,\nHe\u2019s whole again and back to rule.\nThat\u2019s where I think the sun goes at night.\nInto the mouth of a monster\nAfter a terrible fight.\nI\u2019m clever, aren\u2019t I, sister?","pageno":3,"image":"c4d46aa77cc20030c31addb101222952.jpg","audio":"90f86348cd61ae07c931af1ff7a6c2f1.mp3","audio_map":"c1f567d74837a5abe3d17177180d4b50.json","language":[]},{"id":1410,"content":"Oh yes you are, little brother, oh yes you are\nAnd maybe you are right, too...\nBut in the books that I have read\nThat is not what they said.\nThen what did they say, sister,\nWhat did they say?\nWhat do you think, little brother,\nWhat do you think?\nI think, I think...\nTell me, little brother, what do you think?","pageno":4,"image":"36ed08b4af8ae26822e2b5696f6ba5c2.jpg","audio":"4b6290c5344bdcaf485128a62482b53a.mp3","audio_map":"ecfa58f17344b9fc82b6e49764db674d.json","language":[]},{"id":1411,"content":"I think\nThat maybe, while it is night\nHere\u00a0on earth,\nIt is a glorious day in\nThe ocean's darkest depths.\nAnd the mermaids come dancing out\nOf their undersea caves\nTo frolic with the sharks.","pageno":5,"image":"060ab95bfd4157349ae2ba8fa066d2b5.jpg","audio":"e1fc243150d6555321ed5388639885f8.mp3","audio_map":"e39592e395155a20ce758624cc25f2d4.json","language":[]},{"id":1412,"content":"We have seen it ourselves\nWhen we went to Mumbai last summer.\nRemember\nHow the sun lets go of the sky\nEach evening at dusk\nAnd slides soundlessly into the sea?\nThat\u2019s were I think the sun goes at night\nTo flood the underwater\nWith golden light.\nI\u2019m clever, aren\u2019t I sister?","pageno":6,"image":"5c2940bf53748d9cefd11ac2bd67c03a.jpg","audio":"33c4bf25d227560138edee8c45b9fec7.mp3","audio_map":"78f8b039ede871e90d225b23a636f06e.json","language":[]},{"id":1413,"content":"Of course you are, little brother,\nOf course you are\nAnd maybe you are right, too...\nBut in the books that I have read\nThat is not what they said.\nThen what did they say, sister,\nWhat did they say?\nWhat do you think, little brother,\nWhat do you think?","pageno":7,"image":"80e76636eb5ad98b7397fb3eb4cdf28f.jpg","audio":"70006cb4275c1348289c1841baa49546.mp3","audio_map":"57a2d1da0350a08189e0a840578cf552.json","language":[]},{"id":1414,"content":"I think, I think...\nTell me, little brother, what do you think?\nI think\nThat maybe there is no mystery.\nThat maybe the sun is just like Father.\nHe goes home tired each night\nAfter a long day\nAt work.","pageno":8,"image":"e9cf97625f40f7f1979e2d5ec621213d.jpg","audio":"cc8b727ff9b9284166d61214fea8fe53.mp3","audio_map":"ec6fbd14734f1d57a7a9bbf876dd1ce4.json","language":[]},{"id":1415,"content":"And his wife, like Mother,\nFusses over him, shushes the kids,\nCovers him with a night-dark\nblanket of stars,\nAnd hopes his snoring\nwill not keep her awake all night.","pageno":9,"image":"b0106c20ad87fb888c638bf4658fe7dc.jpg","audio":"564441d7d5164531bac0cee311f7238e.mp3","audio_map":"8307d14f2bacbb55905f57e739e53c1e.json","language":[]},{"id":1416,"content":"And every morning, the sun\nShrugs off his star-blanket,\nPaints the dawn sky red with his sleepy eyes\nAnd gets back to work.\nThat\u2019s where I think the sun goes at night.\nHome to bed until it is light.\nI\u2019m clever, aren\u2019t I, sister?","pageno":10,"image":"3f39d4706d6887f51d6e71322c894b1c.jpg","audio":"356b11dd154eb629aefcf84fb3d420ad.mp3","audio_map":"e9b2f476c8c3e4e1defd0d3bc49ed19b.json","language":[]},{"id":1417,"content":"I know you are, little brother, I know you are,\nAnd maybe you\u2019re right, too...\nBut in the books that I have read\nThat is not what they said.\nThen what did they say, sister,\nWhat did they say?\nCome here, little brother,\nI\u2019ll tell you what they said.\nThey said, they said...\nTell me, sister, what did they say?","pageno":11,"image":"280387bc82b25399cfd6f1527410a513.jpg","audio":"a7eaae690a095aef9e6f0995acd315da.mp3","audio_map":"582ab36e573d1f03b03cf44b9370e206.json","language":[]},{"id":1418,"content":"They said\nThat earth is like a ball\nThat the ball goes around the sun\nSpinning like the red top\nMother got you from the Saturday market,\nBut slower.","pageno":12,"image":"7fe867880760cddc09e895c08b937b00.jpg","audio":"e14588bf6954ac878243122c4885af9b.mp3","audio_map":"d7fbafe49b1524574919a2ff4515d344.json","language":[]},{"id":1419,"content":"And they said\nEvery spin of the earth\nIs as long as a day\nAnd a night.\nI asked about the sun, sister,\nI asked about the sun.\nI am coming to that, little brother,\nBe patient now.","pageno":13,"image":"3a91f662ac769406bd939d5384c4d1cd.jpg","audio":"b3b7118e39ce6308b2e06081941a3220.mp3","audio_map":"d3aa4b8173a1a6044d33a3f0056f6f56.json","language":[]},{"id":1420,"content":"They said\nWhen our part of the earth\nThe half where we live\nIs turned towards the sun\nWe have day.\nAnd when the other half\nIs turned towards the sun\nAnd ours\nIs turned away\nWe have night.","pageno":14,"image":"ea33677d2765c40eeb9d6260a95f0a3f.jpg","audio":"26afde4b4de0a47dbd8ccb1dcaec68f8.mp3","audio_map":"73ffab02f068fb433491a6d9a62f98d7.json","language":[]},{"id":1421,"content":"They said\nThat\u2019s where the sun goes at night\nTo bathe the other half in glorious light.\nCan it be true, sister, can it be true?\nI can\u2019t say, little brother, I can\u2019t say.\nBut in all the books that I have read\nThat is what they said.","pageno":15,"image":"8777bc4ebfd86495af71190630d572d4.jpg","audio":"78614c3cf3f650af5ffd1c54a577057b.mp3","audio_map":"6a68fe2eb9cf458bbc04a6222ed10fe1.json","language":[]}],"language":[],"questions":[{"id":6243,"type":"pre","storypage_id":0,"order_number":1,"title":"Vocabulary","question":{"question_type":"vocabulary","question":{"text":"","image":"","type":""},"words":[{"word":"demon","image":"f68d418678e56f7d450dffc71bbbbaa4.png"},{"word":"mermaid","image":"f9a0796d25f08ce7d2b95734b5121ebb.png"},{"word":"shark","image":"9ef991efaf2fa30f6af0243d91beb515.png"},{"word":"top","image":"45878052a10542b13c73753e9f0db991.png"}]},"score":1,"question_template_id":21,"question_template":"Vocab"},{"id":6235,"type":"during","storypage_id":1407,"order_number":1,"title":"Choose the correct answer.","question":{"question_type":"mcq_single_answer","question":{"text":"What does the little boy wonder?","image":"","type":"text"},"options":[{"text":"Where the sun goes at night.","type":"both","image":"8e0811a2a296359fbb94ad2ffd0f677d.png","ans":1},{"text":"Where lightning comes from.","type":"both","image":"c8a1bff8a2f07289f0801f9f31e7dd3a.png","ans":0},{"text":"Where thunder comes from.","type":"both","image":"9ae7396d6d9f8fc212e9211bbba05634.png","ans":0},{"text":"Where the moon goes at morning.","type":"both","image":"a8919b618bb5804d9ee0acd9d0554159.png","ans":0}],"answers":["Where the sun goes at night."]},"score":1,"question_template_id":2,"question_template":"Text MCQ"},{"id":6236,"type":"during","storypage_id":1408,"order_number":2,"title":"Choose the correct answer.","question":{"question_type":"mcq_single_answer","question":{"text":"What does the boy first think happens to the sun at night?","image":"","type":"text"},"options":[{"text":"A demon eats up the sun for dinner.","type":"both","image":"88dcf804182621750023693c3d64b503.png","ans":1},{"text":"The sun goes to sleep.","type":"both","image":"21365d72157f4d7101482e24bde842be.png","ans":0},{"text":"The sun deflates.","type":"both","image":"311cc7936430c3c7d3f7a1468409eafe.png","ans":0},{"text":"The sun goes back to his home.","type":"both","image":"1483653579c8f40c17effe76a938a005.png","ans":0}],"answers":["A demon eats up the sun for dinner."]},"score":1,"question_template_id":2,"question_template":"Text MCQ"},{"id":6237,"type":"during","storypage_id":1408,"order_number":3,"title":"Choose the correct answer.","question":{"question_type":"mcq_single_answer","question":{"text":"What \"proof\" does the boy give that the sun gets eaten up by a demon?","image":"","type":"text"},"options":[{"text":"The sky is the colour of blood at sunset.","type":"both","image":"7845e97bddc32f19d8179284b1d090bf.png","ans":1},{"text":"The sun makes crying noises.","type":"both","image":"5951dabc4eab079e629fa073fb55e21c.png","ans":0},{"text":"The sun tells him.","type":"both","image":"388594eb972292f5c96c45f963b73732.png","ans":0},{"text":"He has no proof.","type":"both","image":"960516071b706e9a9ebf0477608e2d33.png","ans":0}],"answers":["The sky is the colour of blood at sunset."]},"score":1,"question_template_id":2,"question_template":"Text MCQ"},{"id":6238,"type":"during","storypage_id":1407,"order_number":4,"title":"Choose the correct answer.","question":{"question_type":"mcq_single_answer","question":{"text":"According to the boy, how does the sun return every morning?","image":"","type":"text"},"options":[{"text":"By fighting the demon all night.","type":"both","image":"6024ef4c5bbff89542e1f9bfc20f06b1.png","ans":1},{"text":"By magic.","type":"both","image":"88eb175ffb3b96af82839ce014da02c8.png","ans":0},{"text":"Through prayer.","type":"both","image":"fd05886334a899457dd9b9d1b9407d7c.png","ans":0},{"text":"He doesn't know.","type":"both","image":"ddd3f6f5d59fee0346814353eb579f0d.png","ans":0}],"answers":["By fighting the demon all night."]},"score":1,"question_template_id":2,"question_template":"Text MCQ"},{"id":6239,"type":"during","storypage_id":1411,"order_number":5,"title":"Choose the correct answer.","question":{"question_type":"mcq_single_answer","question":{"text":"What does the boy think happens to the sun the second time his sister asks him?","image":"","type":"text"},"options":[{"text":"The sun goes into the ocean","type":"both","image":"a6883bf45ebacbf2732197bab2b3f55d.png","ans":1},{"text":"The sun goes to another world.","type":"both","image":"7615de27d60f38c04cc11a8698d727d4.png","ans":0},{"text":"The sun turns itself off.","type":"both","image":"476ffab6a8d5dc4739b92a0f44fa660f.png","ans":0},{"text":"He has no clue.","type":"both","image":"7e4651fc3e6ee8e0907462f678fce53c.png","ans":0}],"answers":["The sun goes into the ocean"]},"score":1,"question_template_id":2,"question_template":"Text MCQ"},{"id":6240,"type":"during","storypage_id":1412,"order_number":6,"title":"Choose the correct answer.","question":{"question_type":"mcq_single_answer","question":{"text":"What \"proof\" does the boy have that the sun goes into the ocean?","image":"","type":"text"},"options":[{"text":"He saw a sunset at a seashore once.","type":"both","image":"f95d2aed7dd89be1b48156e1724b4dd5.png","ans":1},{"text":"He says he read it in a book.","type":"both","image":"682d46de41bcd1c30ca969aaf410f19d.png","ans":0},{"text":"He says he watched it on TV.","type":"both","image":"01cc3bad80944c43ae8118ec17161081.png","ans":0},{"text":"He has no proof.","type":"both","image":"e2c0d2dff102fb643a341590bcb240a2.png","ans":0}],"answers":["He saw a sunset at a seashore once."]},"score":1,"question_template_id":2,"question_template":"Text MCQ"},{"id":6241,"type":"during","storypage_id":1414,"order_number":7,"title":"Choose the correct answer.","question":{"question_type":"mcq_single_answer","question":{"text":"The third time his sister asks him, how does the boy explain where the sun goes at night?","image":"","type":"text"},"options":[{"text":"He says the sun goes home tired after work like their father.","type":"both","image":"50994b85eb45e3d0b2c9b4360ffcfd5d.png","ans":1},{"text":"He says the sun switches itself off.","type":"both","image":"b03fdb0cdc42ae220c1e447fd112d913.png","ans":0},{"text":"He says the sun goes to another world.","type":"both","image":"0019c4757001c390fa0a0e41c6064709.png","ans":0},{"text":"He doesn't say anything.","type":"both","image":"2ab23443d537b36574aa5d50be1106b2.png","ans":0}],"answers":["He says the sun goes home tired after work like their father."]},"score":1,"question_template_id":2,"question_template":"Text MCQ"},{"id":6242,"type":"during","storypage_id":1420,"order_number":8,"title":"Choose the correct answer.","question":{"question_type":"mcq_single_answer","question":{"text":"What does the sister say to explain where the sun goes at night?","image":"","type":"text"},"options":[{"text":"That their side of the earth turns away from the light of the sun.","type":"both","image":"3d967ab3d066b0d92ed72722ca08a3b6.png","ans":1},{"text":"That the sun hides behind the moon.","type":"both","image":"ee5f82430b3c7b01f7713e6009cb27b7.png","ans":0},{"text":"That the sun does everything he said it does.","type":"both","image":"a06cca7d5d0f60805a1099221b5e2d57.png","ans":0},{"text":"She doesn't explain anything.","type":"both","image":"6987e8efd708f48ca730dd168602b367.png","ans":0}],"answers":["That their side of the earth turns away from the light of the sun."]},"score":1,"question_template_id":2,"question_template":"Text MCQ"}]}