{
	"fragments": [{
			"begin": "0.000",
			"end": "0.000",
			"id": "f000001",
			"language": "en",
			"lines": [
				"Of"
			]
		},
		{
			"begin": "0.000",
			"end": "0.480",
			"id": "f000002",
			"language": "en",
			"lines": [
				"course"
			]
		},
		{
			"begin": "0.480",
			"end": "0.600",
			"id": "f000003",
			"language": "en",
			"lines": [
				"you"
			]
		},
		{
			"begin": "0.600",
			"end": "0.960",
			"id": "f000004",
			"language": "en",
			"lines": [
				"are,"
			]
		},
		{
			"begin": "0.960",
			"end": "1.600",
			"id": "f000005",
			"language": "en",
			"lines": [
				"little"
			]
		},
		{
			"begin": "1.600",
			"end": "2.080",
			"id": "f000006",
			"language": "en",
			"lines": [
				"brother,\n"
			]
		},
		{
			"begin": "2.080",
			"end": "2.240",
			"id": "f000007",
			"language": "en",
			"lines": [
				"Of"
			]
		},
		{
			"begin": "2.240",
			"end": "2.880",
			"id": "f000008",
			"language": "en",
			"lines": [
				"course"
			]
		},
		{
			"begin": "2.880",
			"end": "3.000",
			"id": "f000009",
			"language": "en",
			"lines": [
				"you"
			]
		},
		{
			"begin": "3.000",
			"end": "3.640",
			"id": "f000010",
			"language": "en",
			"lines": [
				"are\n"
			]
		},
		{
			"begin": "3.640",
			"end": "4.320",
			"id": "f000011",
			"language": "en",
			"lines": [
				"And"
			]
		},
		{
			"begin": "4.320",
			"end": "5.040",
			"id": "f000012",
			"language": "en",
			"lines": [
				"maybe"
			]
		},
		{
			"begin": "5.040",
			"end": "5.360",
			"id": "f000013",
			"language": "en",
			"lines": [
				"you"
			]
		},
		{
			"begin": "5.360",
			"end": "5.760",
			"id": "f000014",
			"language": "en",
			"lines": [
				"are"
			]
		},
		{
			"begin": "5.760",
			"end": "6.200",
			"id": "f000015",
			"language": "en",
			"lines": [
				"right,"
			]
		},
		{
			"begin": "6.200",
			"end": "7.320",
			"id": "f000016",
			"language": "en",
			"lines": [
				"too...\n"
			]
		},
		{
			"begin": "7.320",
			"end": "7.640",
			"id": "f000017",
			"language": "en",
			"lines": [
				"But"
			]
		},
		{
			"begin": "7.640",
			"end": "8.000",
			"id": "f000018",
			"language": "en",
			"lines": [
				"in"
			]
		},
		{
			"begin": "8.000",
			"end": "8.160",
			"id": "f000019",
			"language": "en",
			"lines": [
				"the"
			]
		},
		{
			"begin": "8.160",
			"end": "8.400",
			"id": "f000020",
			"language": "en",
			"lines": [
				"books"
			]
		},
		{
			"begin": "8.400",
			"end": "8.440",
			"id": "f000021",
			"language": "en",
			"lines": [
				"that"
			]
		},
		{
			"begin": "8.440",
			"end": "8.880",
			"id": "f000022",
			"language": "en",
			"lines": [
				"I"
			]
		},
		{
			"begin": "8.880",
			"end": "9.400",
			"id": "f000023",
			"language": "en",
			"lines": [
				"have"
			]
		},
		{
			"begin": "9.400",
			"end": "10.240",
			"id": "f000024",
			"language": "en",
			"lines": [
				"read\n"
			]
		},
		{
			"begin": "10.240",
			"end": "10.440",
			"id": "f000025",
			"language": "en",
			"lines": [
				"That"
			]
		},
		{
			"begin": "10.440",
			"end": "10.640",
			"id": "f000026",
			"language": "en",
			"lines": [
				"is"
			]
		},
		{
			"begin": "10.640",
			"end": "11.000",
			"id": "f000027",
			"language": "en",
			"lines": [
				"not"
			]
		},
		{
			"begin": "11.000",
			"end": "11.280",
			"id": "f000028",
			"language": "en",
			"lines": [
				"what"
			]
		},
		{
			"begin": "11.280",
			"end": "11.560",
			"id": "f000029",
			"language": "en",
			"lines": [
				"they"
			]
		},
		{
			"begin": "11.560",
			"end": "12.280",
			"id": "f000030",
			"language": "en",
			"lines": [
				"said.\n"
			]
		},
		{
			"begin": "12.280",
			"end": "12.560",
			"id": "f000031",
			"language": "en",
			"lines": [
				"Then"
			]
		},
		{
			"begin": "12.560",
			"end": "12.840",
			"id": "f000032",
			"language": "en",
			"lines": [
				"what"
			]
		},
		{
			"begin": "12.840",
			"end": "13.040",
			"id": "f000033",
			"language": "en",
			"lines": [
				"did"
			]
		},
		{
			"begin": "13.040",
			"end": "13.280",
			"id": "f000034",
			"language": "en",
			"lines": [
				"they"
			]
		},
		{
			"begin": "13.280",
			"end": "13.680",
			"id": "f000035",
			"language": "en",
			"lines": [
				"say,"
			]
		},
		{
			"begin": "13.680",
			"end": "14.640",
			"id": "f000036",
			"language": "en",
			"lines": [
				"sister,\n"
			]
		},
		{
			"begin": "14.640",
			"end": "14.960",
			"id": "f000037",
			"language": "en",
			"lines": [
				"What"
			]
		},
		{
			"begin": "14.960",
			"end": "15.160",
			"id": "f000038",
			"language": "en",
			"lines": [
				"did"
			]
		},
		{
			"begin": "15.160",
			"end": "15.360",
			"id": "f000039",
			"language": "en",
			"lines": [
				"they"
			]
		},
		{
			"begin": "15.360",
			"end": "16.320",
			"id": "f000040",
			"language": "en",
			"lines": [
				"say?\n"
			]
		},
		{
			"begin": "16.320",
			"end": "16.520",
			"id": "f000041",
			"language": "en",
			"lines": [
				"What"
			]
		},
		{
			"begin": "16.520",
			"end": "16.600",
			"id": "f000042",
			"language": "en",
			"lines": [
				"do"
			]
		},
		{
			"begin": "16.600",
			"end": "17.040",
			"id": "f000043",
			"language": "en",
			"lines": [
				"you"
			]
		},
		{
			"begin": "17.040",
			"end": "17.360",
			"id": "f000044",
			"language": "en",
			"lines": [
				"think,"
			]
		},
		{
			"begin": "17.360",
			"end": "17.720",
			"id": "f000045",
			"language": "en",
			"lines": [
				"little"
			]
		},
		{
			"begin": "17.720",
			"end": "18.600",
			"id": "f000046",
			"language": "en",
			"lines": [
				"brother,\n"
			]
		},
		{
			"begin": "18.600",
			"end": "18.920",
			"id": "f000047",
			"language": "en",
			"lines": [
				"What"
			]
		},
		{
			"begin": "18.920",
			"end": "19.520",
			"id": "f000048",
			"language": "en",
			"lines": [
				"do"
			]
		},
		{
			"begin": "19.520",
			"end": "19.800",
			"id": "f000049",
			"language": "en",
			"lines": [
				"you"
			]
		},
		{
			"begin": "19.800",
			"end": "20.200",
			"id": "f000050",
			"language": "en",
			"lines": [
				"think?"
			]
		}
	]
}