{
 "fragments": [
  {
   "begin": "0.000", 
   "end": "0.320", 
   "id": "f000001", 
   "language": "en", 
   "lines": [
    "I"
   ]
  }, 
  {
   "begin": "0.320", 
   "end": "0.960", 
   "id": "f000002", 
   "language": "en", 
   "lines": [
    "know"
   ]
  }, 
  {
   "begin": "0.960", 
   "end": "1.160", 
   "id": "f000003", 
   "language": "en", 
   "lines": [
    "you"
   ]
  }, 
  {
   "begin": "1.160", 
   "end": "1.400", 
   "id": "f000004", 
   "language": "en", 
   "lines": [
    "are,"
   ]
  }, 
  {
   "begin": "1.400", 
   "end": "1.760", 
   "id": "f000005", 
   "language": "en", 
   "lines": [
    "little"
   ]
  }, 
  {
   "begin": "1.760", 
   "end": "2.000", 
   "id": "f000006", 
   "language": "en", 
   "lines": [
    "brother,"
   ]
  }, 
  {
   "begin": "2.000", 
   "end": "2.560", 
   "id": "f000007", 
   "language": "en", 
   "lines": [
    "I"
   ]
  }, 
  {
   "begin": "2.560", 
   "end": "3.160", 
   "id": "f000008", 
   "language": "en", 
   "lines": [
    "know"
   ]
  }, 
  {
   "begin": "3.160", 
   "end": "3.400", 
   "id": "f000009", 
   "language": "en", 
   "lines": [
    "you"
   ]
  }, 
  {
   "begin": "3.400", 
   "end": "4.360", 
   "id": "f000010", 
   "language": "en", 
   "lines": [
    "are,\n"
   ]
  }, 
  {
   "begin": "4.360", 
   "end": "4.640", 
   "id": "f000011", 
   "language": "en", 
   "lines": [
    "And"
   ]
  }, 
  {
   "begin": "4.640", 
   "end": "4.920", 
   "id": "f000012", 
   "language": "en", 
   "lines": [
    "maybe"
   ]
  }, 
  {
   "begin": "4.920", 
   "end": "5.480", 
   "id": "f000013", 
   "language": "en", 
   "lines": [
    "you\u2019re"
   ]
  }, 
  {
   "begin": "5.480", 
   "end": "6.040", 
   "id": "f000014", 
   "language": "en", 
   "lines": [
    "right,"
   ]
  }, 
  {
   "begin": "6.040", 
   "end": "6.440", 
   "id": "f000015", 
   "language": "en", 
   "lines": [
    "too...\n"
   ]
  }, 
  {
   "begin": "6.440", 
   "end": "7.440", 
   "id": "f000016", 
   "language": "en", 
   "lines": [
    "But"
   ]
  }, 
  {
   "begin": "7.440", 
   "end": "7.800", 
   "id": "f000017", 
   "language": "en", 
   "lines": [
    "in"
   ]
  }, 
  {
   "begin": "7.800", 
   "end": "8.040", 
   "id": "f000018", 
   "language": "en", 
   "lines": [
    "the"
   ]
  }, 
  {
   "begin": "8.040", 
   "end": "8.240", 
   "id": "f000019", 
   "language": "en", 
   "lines": [
    "books"
   ]
  }, 
  {
   "begin": "8.240", 
   "end": "8.600", 
   "id": "f000020", 
   "language": "en", 
   "lines": [
    "that"
   ]
  }, 
  {
   "begin": "8.600", 
   "end": "9.000", 
   "id": "f000021", 
   "language": "en", 
   "lines": [
    "I"
   ]
  }, 
  {
   "begin": "9.000", 
   "end": "9.120", 
   "id": "f000022", 
   "language": "en", 
   "lines": [
    "have"
   ]
  }, 
  {
   "begin": "9.120", 
   "end": "9.160", 
   "id": "f000023", 
   "language": "en", 
   "lines": [
    "read\n"
   ]
  }, 
  {
   "begin": "9.160", 
   "end": "9.160", 
   "id": "f000024", 
   "language": "en", 
   "lines": [
    "That"
   ]
  }, 
  {
   "begin": "9.160", 
   "end": "9.160", 
   "id": "f000025", 
   "language": "en", 
   "lines": [
    "is"
   ]
  }, 
  {
   "begin": "9.160", 
   "end": "9.200", 
   "id": "f000026", 
   "language": "en", 
   "lines": [
    "not"
   ]
  }, 
  {
   "begin": "9.200", 
   "end": "10.120", 
   "id": "f000027", 
   "language": "en", 
   "lines": [
    "what"
   ]
  }, 
  {
   "begin": "10.120", 
   "end": "10.280", 
   "id": "f000028", 
   "language": "en", 
   "lines": [
    "they"
   ]
  }, 
  {
   "begin": "10.280", 
   "end": "10.960", 
   "id": "f000029", 
   "language": "en", 
   "lines": [
    "said.\n"
   ]
  }, 
  {
   "begin": "10.960", 
   "end": "12.200", 
   "id": "f000030", 
   "language": "en", 
   "lines": [
    "Then"
   ]
  }, 
  {
   "begin": "12.200", 
   "end": "12.720", 
   "id": "f000031", 
   "language": "en", 
   "lines": [
    "what"
   ]
  }, 
  {
   "begin": "12.720", 
   "end": "12.720", 
   "id": "f000032", 
   "language": "en", 
   "lines": [
    "did"
   ]
  }, 
  {
   "begin": "12.720", 
   "end": "13.080", 
   "id": "f000033", 
   "language": "en", 
   "lines": [
    "they"
   ]
  }, 
  {
   "begin": "13.080", 
   "end": "13.400", 
   "id": "f000034", 
   "language": "en", 
   "lines": [
    "say,"
   ]
  }, 
  {
   "begin": "13.400", 
   "end": "14.320", 
   "id": "f000035", 
   "language": "en", 
   "lines": [
    "sister,\n"
   ]
  }, 
  {
   "begin": "14.320", 
   "end": "14.640", 
   "id": "f000036", 
   "language": "en", 
   "lines": [
    "What"
   ]
  }, 
  {
   "begin": "14.640", 
   "end": "14.840", 
   "id": "f000037", 
   "language": "en", 
   "lines": [
    "did"
   ]
  }, 
  {
   "begin": "14.840", 
   "end": "15.120", 
   "id": "f000038", 
   "language": "en", 
   "lines": [
    "they"
   ]
  }, 
  {
   "begin": "15.120", 
   "end": "15.480", 
   "id": "f000039", 
   "language": "en", 
   "lines": [
    "say?\n"
   ]
  }, 
  {
   "begin": "15.480", 
   "end": "15.840", 
   "id": "f000040", 
   "language": "en", 
   "lines": [
    "Come"
   ]
  }, 
  {
   "begin": "15.840", 
   "end": "16.360", 
   "id": "f000041", 
   "language": "en", 
   "lines": [
    "here,"
   ]
  }, 
  {
   "begin": "16.360", 
   "end": "16.800", 
   "id": "f000042", 
   "language": "en", 
   "lines": [
    "little"
   ]
  }, 
  {
   "begin": "16.800", 
   "end": "17.760", 
   "id": "f000043", 
   "language": "en", 
   "lines": [
    "brother,\n"
   ]
  }, 
  {
   "begin": "17.760", 
   "end": "18.040", 
   "id": "f000044", 
   "language": "en", 
   "lines": [
    "I\u2019ll"
   ]
  }, 
  {
   "begin": "18.040", 
   "end": "18.720", 
   "id": "f000045", 
   "language": "en", 
   "lines": [
    "tell"
   ]
  }, 
  {
   "begin": "18.720", 
   "end": "18.720", 
   "id": "f000046", 
   "language": "en", 
   "lines": [
    "you"
   ]
  }, 
  {
   "begin": "18.720", 
   "end": "18.720", 
   "id": "f000047", 
   "language": "en", 
   "lines": [
    "what"
   ]
  }, 
  {
   "begin": "18.720", 
   "end": "20.000", 
   "id": "f000048", 
   "language": "en", 
   "lines": [
    "they"
   ]
  }, 
  {
   "begin": "20.000", 
   "end": "21.000", 
   "id": "f000049", 
   "language": "en", 
   "lines": [
    "said.\n"
   ]
  }, 
  {
   "begin": "21.000", 
   "end": "21.360", 
   "id": "f000050", 
   "language": "en", 
   "lines": [
    "They"
   ]
  }, 
  {
   "begin": "21.360", 
   "end": "22.160", 
   "id": "f000051", 
   "language": "en", 
   "lines": [
    "said,"
   ]
  }, 
  {
   "begin": "22.160", 
   "end": "22.680", 
   "id": "f000052", 
   "language": "en", 
   "lines": [
    "they"
   ]
  }, 
  {
   "begin": "22.680", 
   "end": "22.960", 
   "id": "f000053", 
   "language": "en", 
   "lines": [
    "said...\n"
   ]
  }, 
  {
   "begin": "22.960", 
   "end": "23.560", 
   "id": "f000054", 
   "language": "en", 
   "lines": [
    "Tell"
   ]
  }, 
  {
   "begin": "23.560", 
   "end": "23.840", 
   "id": "f000055", 
   "language": "en", 
   "lines": [
    "me,"
   ]
  }, 
  {
   "begin": "23.840", 
   "end": "23.960", 
   "id": "f000056", 
   "language": "en", 
   "lines": [
    "sister,"
   ]
  }, 
  {
   "begin": "23.960", 
   "end": "24.040", 
   "id": "f000057", 
   "language": "en", 
   "lines": [
    "what"
   ]
  }, 
  {
   "begin": "24.040", 
   "end": "24.040", 
   "id": "f000058", 
   "language": "en", 
   "lines": [
    "did"
   ]
  }, 
  {
   "begin": "24.040", 
   "end": "24.240", 
   "id": "f000059", 
   "language": "en", 
   "lines": [
    "they"
   ]
  }, 
  {
   "begin": "24.240", 
   "end": "25.120", 
   "id": "f000060", 
   "language": "en", 
   "lines": [
    "say?"
   ]
  }
 ]
}