{
 "fragments": [
  {
   "begin": "0.000", 
   "end": "0.360", 
   "id": "f000001", 
   "language": "en", 
   "lines": [
    "They"
   ]
  }, 
  {
   "begin": "0.360", 
   "end": "0.920", 
   "id": "f000002", 
   "language": "en", 
   "lines": [
    "said\n"
   ]
  }, 
  {
   "begin": "0.920", 
   "end": "1.840", 
   "id": "f000003", 
   "language": "en", 
   "lines": [
    "That\u2019s"
   ]
  }, 
  {
   "begin": "1.840", 
   "end": "2.120", 
   "id": "f000004", 
   "language": "en", 
   "lines": [
    "where"
   ]
  }, 
  {
   "begin": "2.120", 
   "end": "2.120", 
   "id": "f000005", 
   "language": "en", 
   "lines": [
    "the"
   ]
  }, 
  {
   "begin": "2.120", 
   "end": "2.120", 
   "id": "f000006", 
   "language": "en", 
   "lines": [
    "sun"
   ]
  }, 
  {
   "begin": "2.120", 
   "end": "2.760", 
   "id": "f000007", 
   "language": "en", 
   "lines": [
    "goes"
   ]
  }, 
  {
   "begin": "2.760", 
   "end": "3.280", 
   "id": "f000008", 
   "language": "en", 
   "lines": [
    "at"
   ]
  }, 
  {
   "begin": "3.280", 
   "end": "3.680", 
   "id": "f000009", 
   "language": "en", 
   "lines": [
    "night\n"
   ]
  }, 
  {
   "begin": "3.680", 
   "end": "4.520", 
   "id": "f000010", 
   "language": "en", 
   "lines": [
    "To"
   ]
  }, 
  {
   "begin": "4.520", 
   "end": "4.880", 
   "id": "f000011", 
   "language": "en", 
   "lines": [
    "bathe"
   ]
  }, 
  {
   "begin": "4.880", 
   "end": "5.120", 
   "id": "f000012", 
   "language": "en", 
   "lines": [
    "the"
   ]
  }, 
  {
   "begin": "5.120", 
   "end": "5.400", 
   "id": "f000013", 
   "language": "en", 
   "lines": [
    "other"
   ]
  }, 
  {
   "begin": "5.400", 
   "end": "6.000", 
   "id": "f000014", 
   "language": "en", 
   "lines": [
    "half"
   ]
  }, 
  {
   "begin": "6.000", 
   "end": "6.080", 
   "id": "f000015", 
   "language": "en", 
   "lines": [
    "in"
   ]
  }, 
  {
   "begin": "6.080", 
   "end": "7.000", 
   "id": "f000016", 
   "language": "en", 
   "lines": [
    "glorious"
   ]
  }, 
  {
   "begin": "7.000", 
   "end": "7.480", 
   "id": "f000017", 
   "language": "en", 
   "lines": [
    "light.\n"
   ]
  }, 
  {
   "begin": "7.480", 
   "end": "8.320", 
   "id": "f000018", 
   "language": "en", 
   "lines": [
    "Can"
   ]
  }, 
  {
   "begin": "8.320", 
   "end": "8.520", 
   "id": "f000019", 
   "language": "en", 
   "lines": [
    "it"
   ]
  }, 
  {
   "begin": "8.520", 
   "end": "8.760", 
   "id": "f000020", 
   "language": "en", 
   "lines": [
    "be"
   ]
  }, 
  {
   "begin": "8.760", 
   "end": "9.200", 
   "id": "f000021", 
   "language": "en", 
   "lines": [
    "true,"
   ]
  }, 
  {
   "begin": "9.200", 
   "end": "9.520", 
   "id": "f000022", 
   "language": "en", 
   "lines": [
    "sister,"
   ]
  }, 
  {
   "begin": "9.520", 
   "end": "10.440", 
   "id": "f000023", 
   "language": "en", 
   "lines": [
    "can"
   ]
  }, 
  {
   "begin": "10.440", 
   "end": "10.800", 
   "id": "f000024", 
   "language": "en", 
   "lines": [
    "it"
   ]
  }, 
  {
   "begin": "10.800", 
   "end": "10.960", 
   "id": "f000025", 
   "language": "en", 
   "lines": [
    "be"
   ]
  }, 
  {
   "begin": "10.960", 
   "end": "11.320", 
   "id": "f000026", 
   "language": "en", 
   "lines": [
    "true?\n"
   ]
  }, 
  {
   "begin": "11.320", 
   "end": "11.440", 
   "id": "f000027", 
   "language": "en", 
   "lines": [
    "I"
   ]
  }, 
  {
   "begin": "11.440", 
   "end": "12.320", 
   "id": "f000028", 
   "language": "en", 
   "lines": [
    "can\u2019t"
   ]
  }, 
  {
   "begin": "12.320", 
   "end": "12.920", 
   "id": "f000029", 
   "language": "en", 
   "lines": [
    "say,"
   ]
  }, 
  {
   "begin": "12.920", 
   "end": "13.080", 
   "id": "f000030", 
   "language": "en", 
   "lines": [
    "little"
   ]
  }, 
  {
   "begin": "13.080", 
   "end": "13.880", 
   "id": "f000031", 
   "language": "en", 
   "lines": [
    "brother,"
   ]
  }, 
  {
   "begin": "13.880", 
   "end": "14.080", 
   "id": "f000032", 
   "language": "en", 
   "lines": [
    "I"
   ]
  }, 
  {
   "begin": "14.080", 
   "end": "14.480", 
   "id": "f000033", 
   "language": "en", 
   "lines": [
    "can\u2019t"
   ]
  }, 
  {
   "begin": "14.480", 
   "end": "14.880", 
   "id": "f000034", 
   "language": "en", 
   "lines": [
    "say.\n"
   ]
  }, 
  {
   "begin": "14.880", 
   "end": "15.960", 
   "id": "f000035", 
   "language": "en", 
   "lines": [
    "But"
   ]
  }, 
  {
   "begin": "15.960", 
   "end": "16.440", 
   "id": "f000036", 
   "language": "en", 
   "lines": [
    "in"
   ]
  }, 
  {
   "begin": "16.440", 
   "end": "16.560", 
   "id": "f000037", 
   "language": "en", 
   "lines": [
    "all"
   ]
  }, 
  {
   "begin": "16.560", 
   "end": "16.760", 
   "id": "f000038", 
   "language": "en", 
   "lines": [
    "the"
   ]
  }, 
  {
   "begin": "16.760", 
   "end": "16.880", 
   "id": "f000039", 
   "language": "en", 
   "lines": [
    "books"
   ]
  }, 
  {
   "begin": "16.880", 
   "end": "17.120", 
   "id": "f000040", 
   "language": "en", 
   "lines": [
    "that"
   ]
  }, 
  {
   "begin": "17.120", 
   "end": "17.320", 
   "id": "f000041", 
   "language": "en", 
   "lines": [
    "I"
   ]
  }, 
  {
   "begin": "17.320", 
   "end": "17.560", 
   "id": "f000042", 
   "language": "en", 
   "lines": [
    "have"
   ]
  }, 
  {
   "begin": "17.560", 
   "end": "18.440", 
   "id": "f000043", 
   "language": "en", 
   "lines": [
    "read\n"
   ]
  }, 
  {
   "begin": "18.440", 
   "end": "18.680", 
   "id": "f000044", 
   "language": "en", 
   "lines": [
    "That"
   ]
  }, 
  {
   "begin": "18.680", 
   "end": "18.880", 
   "id": "f000045", 
   "language": "en", 
   "lines": [
    "is"
   ]
  }, 
  {
   "begin": "18.880", 
   "end": "19.160", 
   "id": "f000046", 
   "language": "en", 
   "lines": [
    "what"
   ]
  }, 
  {
   "begin": "19.160", 
   "end": "19.440", 
   "id": "f000047", 
   "language": "en", 
   "lines": [
    "they"
   ]
  }, 
  {
   "begin": "19.440", 
   "end": "20.520", 
   "id": "f000048", 
   "language": "en", 
   "lines": [
    "said."
   ]
  }
 ]
}