{
 "fragments": [
  {
   "begin": "0.000", 
   "end": "0.200", 
   "id": "f000001", 
   "language": "en", 
   "lines": [
    "We"
   ]
  }, 
  {
   "begin": "0.200", 
   "end": "0.640", 
   "id": "f000002", 
   "language": "en", 
   "lines": [
    "have"
   ]
  }, 
  {
   "begin": "0.640", 
   "end": "1.080", 
   "id": "f000003", 
   "language": "en", 
   "lines": [
    "seen"
   ]
  }, 
  {
   "begin": "1.080", 
   "end": "1.160", 
   "id": "f000004", 
   "language": "en", 
   "lines": [
    "it"
   ]
  }, 
  {
   "begin": "1.160", 
   "end": "2.240", 
   "id": "f000005", 
   "language": "en", 
   "lines": [
    "ourselves\n"
   ]
  }, 
  {
   "begin": "2.240", 
   "end": "2.440", 
   "id": "f000006", 
   "language": "en", 
   "lines": [
    "When"
   ]
  }, 
  {
   "begin": "2.440", 
   "end": "2.600", 
   "id": "f000007", 
   "language": "en", 
   "lines": [
    "we"
   ]
  }, 
  {
   "begin": "2.600", 
   "end": "2.840", 
   "id": "f000008", 
   "language": "en", 
   "lines": [
    "went"
   ]
  }, 
  {
   "begin": "2.840", 
   "end": "3.040", 
   "id": "f000009", 
   "language": "en", 
   "lines": [
    "to"
   ]
  }, 
  {
   "begin": "3.040", 
   "end": "3.520", 
   "id": "f000010", 
   "language": "en", 
   "lines": [
    "Mumbai"
   ]
  }, 
  {
   "begin": "3.520", 
   "end": "3.800", 
   "id": "f000011", 
   "language": "en", 
   "lines": [
    "last"
   ]
  }, 
  {
   "begin": "3.800", 
   "end": "5.000", 
   "id": "f000012", 
   "language": "en", 
   "lines": [
    "summer.\n"
   ]
  }, 
  {
   "begin": "5.000", 
   "end": "5.560", 
   "id": "f000013", 
   "language": "en", 
   "lines": [
    "Remember\n"
   ]
  }, 
  {
   "begin": "5.560", 
   "end": "5.800", 
   "id": "f000014", 
   "language": "en", 
   "lines": [
    "How"
   ]
  }, 
  {
   "begin": "5.800", 
   "end": "5.920", 
   "id": "f000015", 
   "language": "en", 
   "lines": [
    "the"
   ]
  }, 
  {
   "begin": "5.920", 
   "end": "6.280", 
   "id": "f000016", 
   "language": "en", 
   "lines": [
    "sun"
   ]
  }, 
  {
   "begin": "6.280", 
   "end": "6.560", 
   "id": "f000017", 
   "language": "en", 
   "lines": [
    "lets"
   ]
  }, 
  {
   "begin": "6.560", 
   "end": "6.640", 
   "id": "f000018", 
   "language": "en", 
   "lines": [
    "go"
   ]
  }, 
  {
   "begin": "6.640", 
   "end": "6.960", 
   "id": "f000019", 
   "language": "en", 
   "lines": [
    "of"
   ]
  }, 
  {
   "begin": "6.960", 
   "end": "7.200", 
   "id": "f000020", 
   "language": "en", 
   "lines": [
    "the"
   ]
  }, 
  {
   "begin": "7.200", 
   "end": "7.960", 
   "id": "f000021", 
   "language": "en", 
   "lines": [
    "sky\n"
   ]
  }, 
  {
   "begin": "7.960", 
   "end": "8.320", 
   "id": "f000022", 
   "language": "en", 
   "lines": [
    "Each"
   ]
  }, 
  {
   "begin": "8.320", 
   "end": "9.040", 
   "id": "f000023", 
   "language": "en", 
   "lines": [
    "evening"
   ]
  }, 
  {
   "begin": "9.040", 
   "end": "9.320", 
   "id": "f000024", 
   "language": "en", 
   "lines": [
    "at"
   ]
  }, 
  {
   "begin": "9.320", 
   "end": "9.760", 
   "id": "f000025", 
   "language": "en", 
   "lines": [
    "dusk\n"
   ]
  }, 
  {
   "begin": "9.760", 
   "end": "10.120", 
   "id": "f000026", 
   "language": "en", 
   "lines": [
    "And"
   ]
  }, 
  {
   "begin": "10.120", 
   "end": "10.520", 
   "id": "f000027", 
   "language": "en", 
   "lines": [
    "slides"
   ]
  }, 
  {
   "begin": "10.520", 
   "end": "11.400", 
   "id": "f000028", 
   "language": "en", 
   "lines": [
    "soundlessly"
   ]
  }, 
  {
   "begin": "11.400", 
   "end": "11.640", 
   "id": "f000029", 
   "language": "en", 
   "lines": [
    "into"
   ]
  }, 
  {
   "begin": "11.640", 
   "end": "11.920", 
   "id": "f000030", 
   "language": "en", 
   "lines": [
    "the"
   ]
  }, 
  {
   "begin": "11.920", 
   "end": "13.040", 
   "id": "f000031", 
   "language": "en", 
   "lines": [
    "sea?\n"
   ]
  }, 
  {
   "begin": "13.040", 
   "end": "13.600", 
   "id": "f000032", 
   "language": "en", 
   "lines": [
    "That\u2019s"
   ]
  }, 
  {
   "begin": "13.600", 
   "end": "14.120", 
   "id": "f000033", 
   "language": "en", 
   "lines": [
    "were"
   ]
  }, 
  {
   "begin": "14.120", 
   "end": "14.440", 
   "id": "f000034", 
   "language": "en", 
   "lines": [
    "I"
   ]
  }, 
  {
   "begin": "14.440", 
   "end": "14.720", 
   "id": "f000035", 
   "language": "en", 
   "lines": [
    "think"
   ]
  }, 
  {
   "begin": "14.720", 
   "end": "14.880", 
   "id": "f000036", 
   "language": "en", 
   "lines": [
    "the"
   ]
  }, 
  {
   "begin": "14.880", 
   "end": "15.280", 
   "id": "f000037", 
   "language": "en", 
   "lines": [
    "sun"
   ]
  }, 
  {
   "begin": "15.280", 
   "end": "15.600", 
   "id": "f000038", 
   "language": "en", 
   "lines": [
    "goes"
   ]
  }, 
  {
   "begin": "15.600", 
   "end": "15.840", 
   "id": "f000039", 
   "language": "en", 
   "lines": [
    "at"
   ]
  }, 
  {
   "begin": "15.840", 
   "end": "16.200", 
   "id": "f000040", 
   "language": "en", 
   "lines": [
    "night\n"
   ]
  }, 
  {
   "begin": "16.200", 
   "end": "16.320", 
   "id": "f000041", 
   "language": "en", 
   "lines": [
    "To"
   ]
  }, 
  {
   "begin": "16.320", 
   "end": "17.600", 
   "id": "f000042", 
   "language": "en", 
   "lines": [
    "flood"
   ]
  }, 
  {
   "begin": "17.600", 
   "end": "17.840", 
   "id": "f000043", 
   "language": "en", 
   "lines": [
    "the"
   ]
  }, 
  {
   "begin": "17.840", 
   "end": "19.080", 
   "id": "f000044", 
   "language": "en", 
   "lines": [
    "underwater\n"
   ]
  }, 
  {
   "begin": "19.080", 
   "end": "19.360", 
   "id": "f000045", 
   "language": "en", 
   "lines": [
    "With"
   ]
  }, 
  {
   "begin": "19.360", 
   "end": "20.200", 
   "id": "f000046", 
   "language": "en", 
   "lines": [
    "golden"
   ]
  }, 
  {
   "begin": "20.200", 
   "end": "21.400", 
   "id": "f000047", 
   "language": "en", 
   "lines": [
    "light.\n"
   ]
  }, 
  {
   "begin": "21.400", 
   "end": "21.720", 
   "id": "f000048", 
   "language": "en", 
   "lines": [
    "I\u2019m"
   ]
  }, 
  {
   "begin": "21.720", 
   "end": "22.760", 
   "id": "f000049", 
   "language": "en", 
   "lines": [
    "clever,"
   ]
  }, 
  {
   "begin": "22.760", 
   "end": "23.240", 
   "id": "f000050", 
   "language": "en", 
   "lines": [
    "aren\u2019t"
   ]
  }, 
  {
   "begin": "23.240", 
   "end": "23.800", 
   "id": "f000051", 
   "language": "en", 
   "lines": [
    "I"
   ]
  }, 
  {
   "begin": "23.800", 
   "end": "24.520", 
   "id": "f000052", 
   "language": "en", 
   "lines": [
    "sister?"
   ]
  }
 ]
}