{
 "fragments": [
  {
   "begin": "0.000", 
   "end": "0.000", 
   "id": "f000001", 
   "language": "en", 
   "lines": [
    "And"
   ]
  }, 
  {
   "begin": "0.000", 
   "end": "0.600", 
   "id": "f000002", 
   "language": "en", 
   "lines": [
    "his"
   ]
  }, 
  {
   "begin": "0.600", 
   "end": "1.360", 
   "id": "f000003", 
   "language": "en", 
   "lines": [
    "wife,"
   ]
  }, 
  {
   "begin": "1.360", 
   "end": "1.760", 
   "id": "f000004", 
   "language": "en", 
   "lines": [
    "like"
   ]
  }, 
  {
   "begin": "1.760", 
   "end": "2.280", 
   "id": "f000005", 
   "language": "en", 
   "lines": [
    "Mother,\n"
   ]
  }, 
  {
   "begin": "2.280", 
   "end": "3.360", 
   "id": "f000006", 
   "language": "en", 
   "lines": [
    "Fusses"
   ]
  }, 
  {
   "begin": "3.360", 
   "end": "3.720", 
   "id": "f000007", 
   "language": "en", 
   "lines": [
    "over"
   ]
  }, 
  {
   "begin": "3.720", 
   "end": "4.000", 
   "id": "f000008", 
   "language": "en", 
   "lines": [
    "him,"
   ]
  }, 
  {
   "begin": "4.000", 
   "end": "4.880", 
   "id": "f000009", 
   "language": "en", 
   "lines": [
    "shushes"
   ]
  }, 
  {
   "begin": "4.880", 
   "end": "5.040", 
   "id": "f000010", 
   "language": "en", 
   "lines": [
    "the"
   ]
  }, 
  {
   "begin": "5.040", 
   "end": "5.520", 
   "id": "f000011", 
   "language": "en", 
   "lines": [
    "kids,\n"
   ]
  }, 
  {
   "begin": "5.520", 
   "end": "6.320", 
   "id": "f000012", 
   "language": "en", 
   "lines": [
    "Covers"
   ]
  }, 
  {
   "begin": "6.320", 
   "end": "6.560", 
   "id": "f000013", 
   "language": "en", 
   "lines": [
    "him"
   ]
  }, 
  {
   "begin": "6.560", 
   "end": "6.880", 
   "id": "f000014", 
   "language": "en", 
   "lines": [
    "with"
   ]
  }, 
  {
   "begin": "6.880", 
   "end": "7.080", 
   "id": "f000015", 
   "language": "en", 
   "lines": [
    "a"
   ]
  }, 
  {
   "begin": "7.080", 
   "end": "7.880", 
   "id": "f000016", 
   "language": "en", 
   "lines": [
    "night-dark\n"
   ]
  }, 
  {
   "begin": "7.880", 
   "end": "8.200", 
   "id": "f000017", 
   "language": "en", 
   "lines": [
    "blanket"
   ]
  }, 
  {
   "begin": "8.200", 
   "end": "8.200", 
   "id": "f000018", 
   "language": "en", 
   "lines": [
    "of"
   ]
  }, 
  {
   "begin": "8.200", 
   "end": "8.800", 
   "id": "f000019", 
   "language": "en", 
   "lines": [
    "stars,\n"
   ]
  }, 
  {
   "begin": "8.800", 
   "end": "9.720", 
   "id": "f000020", 
   "language": "en", 
   "lines": [
    "And"
   ]
  }, 
  {
   "begin": "9.720", 
   "end": "10.160", 
   "id": "f000021", 
   "language": "en", 
   "lines": [
    "hopes"
   ]
  }, 
  {
   "begin": "10.160", 
   "end": "10.600", 
   "id": "f000022", 
   "language": "en", 
   "lines": [
    "his"
   ]
  }, 
  {
   "begin": "10.600", 
   "end": "11.240", 
   "id": "f000023", 
   "language": "en", 
   "lines": [
    "snoring\n"
   ]
  }, 
  {
   "begin": "11.240", 
   "end": "11.440", 
   "id": "f000024", 
   "language": "en", 
   "lines": [
    "will"
   ]
  }, 
  {
   "begin": "11.440", 
   "end": "11.720", 
   "id": "f000025", 
   "language": "en", 
   "lines": [
    "not"
   ]
  }, 
  {
   "begin": "11.720", 
   "end": "11.920", 
   "id": "f000026", 
   "language": "en", 
   "lines": [
    "keep"
   ]
  }, 
  {
   "begin": "11.920", 
   "end": "11.960", 
   "id": "f000027", 
   "language": "en", 
   "lines": [
    "her"
   ]
  }, 
  {
   "begin": "11.960", 
   "end": "12.680", 
   "id": "f000028", 
   "language": "en", 
   "lines": [
    "awake"
   ]
  }, 
  {
   "begin": "12.680", 
   "end": "13.120", 
   "id": "f000029", 
   "language": "en", 
   "lines": [
    "all"
   ]
  }, 
  {
   "begin": "13.120", 
   "end": "13.960", 
   "id": "f000030", 
   "language": "en", 
   "lines": [
    "night."
   ]
  }
 ]
}