{
 "fragments": [
  {
   "begin": "0.000", 
   "end": "0.560", 
   "id": "f000001", 
   "language": "en", 
   "lines": [
    "I"
   ]
  }, 
  {
   "begin": "0.560", 
   "end": "0.920", 
   "id": "f000002", 
   "language": "en", 
   "lines": [
    "think\n"
   ]
  }, 
  {
   "begin": "0.920", 
   "end": "1.640", 
   "id": "f000003", 
   "language": "en", 
   "lines": [
    "That"
   ]
  }, 
  {
   "begin": "1.640", 
   "end": "2.840", 
   "id": "f000004", 
   "language": "en", 
   "lines": [
    "maybe,"
   ]
  }, 
  {
   "begin": "2.840", 
   "end": "3.040", 
   "id": "f000005", 
   "language": "en", 
   "lines": [
    "a"
   ]
  }, 
  {
   "begin": "3.040", 
   "end": "4.360", 
   "id": "f000006", 
   "language": "en", 
   "lines": [
    "demon.\n"
   ]
  }, 
  {
   "begin": "4.360", 
   "end": "4.480", 
   "id": "f000007", 
   "language": "en", 
   "lines": [
    "The"
   ]
  }, 
  {
   "begin": "4.480", 
   "end": "5.400", 
   "id": "f000008", 
   "language": "en", 
   "lines": [
    "terrible"
   ]
  }, 
  {
   "begin": "5.400", 
   "end": "5.840", 
   "id": "f000009", 
   "language": "en", 
   "lines": [
    "black"
   ]
  }, 
  {
   "begin": "5.840", 
   "end": "6.200", 
   "id": "f000010", 
   "language": "en", 
   "lines": [
    "demon\n"
   ]
  }, 
  {
   "begin": "6.200", 
   "end": "6.440", 
   "id": "f000011", 
   "language": "en", 
   "lines": [
    "Of"
   ]
  }, 
  {
   "begin": "6.440", 
   "end": "7.920", 
   "id": "f000012", 
   "language": "en", 
   "lines": [
    "Darkness\n"
   ]
  }, 
  {
   "begin": "7.920", 
   "end": "8.360", 
   "id": "f000013", 
   "language": "en", 
   "lines": [
    "Eats"
   ]
  }, 
  {
   "begin": "8.360", 
   "end": "8.400", 
   "id": "f000014", 
   "language": "en", 
   "lines": [
    "up"
   ]
  }, 
  {
   "begin": "8.400", 
   "end": "8.400", 
   "id": "f000015", 
   "language": "en", 
   "lines": [
    "the"
   ]
  }, 
  {
   "begin": "8.400", 
   "end": "9.160", 
   "id": "f000016", 
   "language": "en", 
   "lines": [
    "sun"
   ]
  }, 
  {
   "begin": "9.160", 
   "end": "9.640", 
   "id": "f000017", 
   "language": "en", 
   "lines": [
    "each"
   ]
  }, 
  {
   "begin": "9.640", 
   "end": "10.400", 
   "id": "f000018", 
   "language": "en", 
   "lines": [
    "night\n"
   ]
  }, 
  {
   "begin": "10.400", 
   "end": "10.600", 
   "id": "f000019", 
   "language": "en", 
   "lines": [
    "For"
   ]
  }, 
  {
   "begin": "10.600", 
   "end": "11.640", 
   "id": "f000020", 
   "language": "en", 
   "lines": [
    "dinner.\n"
   ]
  }, 
  {
   "begin": "11.640", 
   "end": "12.200", 
   "id": "f000021", 
   "language": "en", 
   "lines": [
    "See"
   ]
  }, 
  {
   "begin": "12.200", 
   "end": "12.320", 
   "id": "f000022", 
   "language": "en", 
   "lines": [
    "how"
   ]
  }, 
  {
   "begin": "12.320", 
   "end": "12.440", 
   "id": "f000023", 
   "language": "en", 
   "lines": [
    "the"
   ]
  }, 
  {
   "begin": "12.440", 
   "end": "12.800", 
   "id": "f000024", 
   "language": "en", 
   "lines": [
    "blue"
   ]
  }, 
  {
   "begin": "12.800", 
   "end": "13.240", 
   "id": "f000025", 
   "language": "en", 
   "lines": [
    "sky,"
   ]
  }, 
  {
   "begin": "13.240", 
   "end": "13.440", 
   "id": "f000026", 
   "language": "en", 
   "lines": [
    "at"
   ]
  }, 
  {
   "begin": "13.440", 
   "end": "14.440", 
   "id": "f000027", 
   "language": "en", 
   "lines": [
    "sunset,\n"
   ]
  }, 
  {
   "begin": "14.440", 
   "end": "14.760", 
   "id": "f000028", 
   "language": "en", 
   "lines": [
    "Is"
   ]
  }, 
  {
   "begin": "14.760", 
   "end": "15.200", 
   "id": "f000029", 
   "language": "en", 
   "lines": [
    "stained"
   ]
  }, 
  {
   "begin": "15.200", 
   "end": "15.520", 
   "id": "f000030", 
   "language": "en", 
   "lines": [
    "red"
   ]
  }, 
  {
   "begin": "15.520", 
   "end": "15.680", 
   "id": "f000031", 
   "language": "en", 
   "lines": [
    "with"
   ]
  }, 
  {
   "begin": "15.680", 
   "end": "15.960", 
   "id": "f000032", 
   "language": "en", 
   "lines": [
    "his"
   ]
  }, 
  {
   "begin": "15.960", 
   "end": "16.760", 
   "id": "f000033", 
   "language": "en", 
   "lines": [
    "blood?"
   ]
  }
 ]
}