{
 "fragments": [
  {
   "begin": "0.000", 
   "end": "0.560", 
   "id": "f000001", 
   "language": "en", 
   "lines": [
    "I"
   ]
  }, 
  {
   "begin": "0.560", 
   "end": "1.240", 
   "id": "f000002", 
   "language": "en", 
   "lines": [
    "think\n"
   ]
  }, 
  {
   "begin": "1.240", 
   "end": "1.560", 
   "id": "f000003", 
   "language": "en", 
   "lines": [
    "That"
   ]
  }, 
  {
   "begin": "1.560", 
   "end": "2.520", 
   "id": "f000004", 
   "language": "en", 
   "lines": [
    "maybe,"
   ]
  }, 
  {
   "begin": "2.520", 
   "end": "2.920", 
   "id": "f000005", 
   "language": "en", 
   "lines": [
    "while"
   ]
  }, 
  {
   "begin": "2.920", 
   "end": "2.960", 
   "id": "f000006", 
   "language": "en", 
   "lines": [
    "it"
   ]
  }, 
  {
   "begin": "2.960", 
   "end": "3.240", 
   "id": "f000007", 
   "language": "en", 
   "lines": [
    "is"
   ]
  }, 
  {
   "begin": "3.240", 
   "end": "3.640", 
   "id": "f000008", 
   "language": "en", 
   "lines": [
    "night\n"
   ]
  }, 
  {
   "begin": "3.640", 
   "end": "4.280", 
   "id": "f000009", 
   "language": "en", 
   "lines": [
    "Here"
   ]
  }, 
  {
   "begin": "4.280", 
   "end": "5.080", 
   "id": "f000010", 
   "language": "en", 
   "lines": [
    "on"
   ]
  }, 
  {
   "begin": "5.080", 
   "end": "5.520", 
   "id": "f000011", 
   "language": "en", 
   "lines": [
    "earth,\nIt"
   ]
  }, 
  {
   "begin": "5.520", 
   "end": "5.640", 
   "id": "f000012", 
   "language": "en", 
   "lines": [
    "is"
   ]
  }, 
  {
   "begin": "5.640", 
   "end": "5.720", 
   "id": "f000013", 
   "language": "en", 
   "lines": [
    "a"
   ]
  }, 
  {
   "begin": "5.720", 
   "end": "6.360", 
   "id": "f000014", 
   "language": "en", 
   "lines": [
    "glorious"
   ]
  }, 
  {
   "begin": "6.360", 
   "end": "6.800", 
   "id": "f000015", 
   "language": "en", 
   "lines": [
    "day"
   ]
  }, 
  {
   "begin": "6.800", 
   "end": "6.920", 
   "id": "f000016", 
   "language": "en", 
   "lines": [
    "in\n"
   ]
  }, 
  {
   "begin": "6.920", 
   "end": "7.000", 
   "id": "f000017", 
   "language": "en", 
   "lines": [
    "The"
   ]
  }, 
  {
   "begin": "7.000", 
   "end": "7.720", 
   "id": "f000018", 
   "language": "en", 
   "lines": [
    "ocean's"
   ]
  }, 
  {
   "begin": "7.720", 
   "end": "8.480", 
   "id": "f000019", 
   "language": "en", 
   "lines": [
    "darkest"
   ]
  }, 
  {
   "begin": "8.480", 
   "end": "9.760", 
   "id": "f000020", 
   "language": "en", 
   "lines": [
    "depths.\n"
   ]
  }, 
  {
   "begin": "9.760", 
   "end": "10.120", 
   "id": "f000021", 
   "language": "en", 
   "lines": [
    "And"
   ]
  }, 
  {
   "begin": "10.120", 
   "end": "10.200", 
   "id": "f000022", 
   "language": "en", 
   "lines": [
    "the"
   ]
  }, 
  {
   "begin": "10.200", 
   "end": "10.880", 
   "id": "f000023", 
   "language": "en", 
   "lines": [
    "mermaids"
   ]
  }, 
  {
   "begin": "10.880", 
   "end": "11.200", 
   "id": "f000024", 
   "language": "en", 
   "lines": [
    "come"
   ]
  }, 
  {
   "begin": "11.200", 
   "end": "11.960", 
   "id": "f000025", 
   "language": "en", 
   "lines": [
    "dancing"
   ]
  }, 
  {
   "begin": "11.960", 
   "end": "12.320", 
   "id": "f000026", 
   "language": "en", 
   "lines": [
    "out\n"
   ]
  }, 
  {
   "begin": "12.320", 
   "end": "12.480", 
   "id": "f000027", 
   "language": "en", 
   "lines": [
    "Of"
   ]
  }, 
  {
   "begin": "12.480", 
   "end": "12.800", 
   "id": "f000028", 
   "language": "en", 
   "lines": [
    "their"
   ]
  }, 
  {
   "begin": "12.800", 
   "end": "13.440", 
   "id": "f000029", 
   "language": "en", 
   "lines": [
    "undersea"
   ]
  }, 
  {
   "begin": "13.440", 
   "end": "14.200", 
   "id": "f000030", 
   "language": "en", 
   "lines": [
    "caves\n"
   ]
  }, 
  {
   "begin": "14.200", 
   "end": "14.840", 
   "id": "f000031", 
   "language": "en", 
   "lines": [
    "To"
   ]
  }, 
  {
   "begin": "14.840", 
   "end": "15.480", 
   "id": "f000032", 
   "language": "en", 
   "lines": [
    "frolic"
   ]
  }, 
  {
   "begin": "15.480", 
   "end": "15.640", 
   "id": "f000033", 
   "language": "en", 
   "lines": [
    "with"
   ]
  }, 
  {
   "begin": "15.640", 
   "end": "15.760", 
   "id": "f000034", 
   "language": "en", 
   "lines": [
    "the"
   ]
  }, 
  {
   "begin": "15.760", 
   "end": "16.920", 
   "id": "f000035", 
   "language": "en", 
   "lines": [
    "sharks."
   ]
  }
 ]
}