{
 "fragments": [
  {
   "begin": "0.000", 
   "end": "0.480", 
   "id": "f000001", 
   "language": "en", 
   "lines": [
    "I"
   ]
  }, 
  {
   "begin": "0.480", 
   "end": "1.280", 
   "id": "f000002", 
   "language": "en", 
   "lines": [
    "think,"
   ]
  }, 
  {
   "begin": "1.280", 
   "end": "1.640", 
   "id": "f000003", 
   "language": "en", 
   "lines": [
    "I"
   ]
  }, 
  {
   "begin": "1.640", 
   "end": "2.080", 
   "id": "f000004", 
   "language": "en", 
   "lines": [
    "think...\n"
   ]
  }, 
  {
   "begin": "2.080", 
   "end": "2.440", 
   "id": "f000005", 
   "language": "en", 
   "lines": [
    "Tell"
   ]
  }, 
  {
   "begin": "2.440", 
   "end": "2.800", 
   "id": "f000006", 
   "language": "en", 
   "lines": [
    "me,"
   ]
  }, 
  {
   "begin": "2.800", 
   "end": "3.120", 
   "id": "f000007", 
   "language": "en", 
   "lines": [
    "little"
   ]
  }, 
  {
   "begin": "3.120", 
   "end": "3.520", 
   "id": "f000008", 
   "language": "en", 
   "lines": [
    "brother,"
   ]
  }, 
  {
   "begin": "3.520", 
   "end": "3.760", 
   "id": "f000009", 
   "language": "en", 
   "lines": [
    "what"
   ]
  }, 
  {
   "begin": "3.760", 
   "end": "4.440", 
   "id": "f000010", 
   "language": "en", 
   "lines": [
    "do"
   ]
  }, 
  {
   "begin": "4.440", 
   "end": "4.760", 
   "id": "f000011", 
   "language": "en", 
   "lines": [
    "you"
   ]
  }, 
  {
   "begin": "4.760", 
   "end": "5.320", 
   "id": "f000012", 
   "language": "en", 
   "lines": [
    "think?\n"
   ]
  }, 
  {
   "begin": "5.320", 
   "end": "5.640", 
   "id": "f000013", 
   "language": "en", 
   "lines": [
    "I"
   ]
  }, 
  {
   "begin": "5.640", 
   "end": "6.000", 
   "id": "f000014", 
   "language": "en", 
   "lines": [
    "think\n"
   ]
  }, 
  {
   "begin": "6.000", 
   "end": "6.480", 
   "id": "f000015", 
   "language": "en", 
   "lines": [
    "That"
   ]
  }, 
  {
   "begin": "6.480", 
   "end": "6.960", 
   "id": "f000016", 
   "language": "en", 
   "lines": [
    "maybe"
   ]
  }, 
  {
   "begin": "6.960", 
   "end": "7.680", 
   "id": "f000017", 
   "language": "en", 
   "lines": [
    "there"
   ]
  }, 
  {
   "begin": "7.680", 
   "end": "7.960", 
   "id": "f000018", 
   "language": "en", 
   "lines": [
    "is"
   ]
  }, 
  {
   "begin": "7.960", 
   "end": "7.960", 
   "id": "f000019", 
   "language": "en", 
   "lines": [
    "no"
   ]
  }, 
  {
   "begin": "7.960", 
   "end": "8.600", 
   "id": "f000020", 
   "language": "en", 
   "lines": [
    "mystery.\n"
   ]
  }, 
  {
   "begin": "8.600", 
   "end": "8.880", 
   "id": "f000021", 
   "language": "en", 
   "lines": [
    "That"
   ]
  }, 
  {
   "begin": "8.880", 
   "end": "9.360", 
   "id": "f000022", 
   "language": "en", 
   "lines": [
    "maybe"
   ]
  }, 
  {
   "begin": "9.360", 
   "end": "9.480", 
   "id": "f000023", 
   "language": "en", 
   "lines": [
    "the"
   ]
  }, 
  {
   "begin": "9.480", 
   "end": "9.720", 
   "id": "f000024", 
   "language": "en", 
   "lines": [
    "sun"
   ]
  }, 
  {
   "begin": "9.720", 
   "end": "10.000", 
   "id": "f000025", 
   "language": "en", 
   "lines": [
    "is"
   ]
  }, 
  {
   "begin": "10.000", 
   "end": "10.360", 
   "id": "f000026", 
   "language": "en", 
   "lines": [
    "just"
   ]
  }, 
  {
   "begin": "10.360", 
   "end": "10.680", 
   "id": "f000027", 
   "language": "en", 
   "lines": [
    "like"
   ]
  }, 
  {
   "begin": "10.680", 
   "end": "11.600", 
   "id": "f000028", 
   "language": "en", 
   "lines": [
    "Father.\n"
   ]
  }, 
  {
   "begin": "11.600", 
   "end": "11.720", 
   "id": "f000029", 
   "language": "en", 
   "lines": [
    "He"
   ]
  }, 
  {
   "begin": "11.720", 
   "end": "12.080", 
   "id": "f000030", 
   "language": "en", 
   "lines": [
    "goes"
   ]
  }, 
  {
   "begin": "12.080", 
   "end": "12.400", 
   "id": "f000031", 
   "language": "en", 
   "lines": [
    "home"
   ]
  }, 
  {
   "begin": "12.400", 
   "end": "13.080", 
   "id": "f000032", 
   "language": "en", 
   "lines": [
    "tired"
   ]
  }, 
  {
   "begin": "13.080", 
   "end": "13.440", 
   "id": "f000033", 
   "language": "en", 
   "lines": [
    "each"
   ]
  }, 
  {
   "begin": "13.440", 
   "end": "14.160", 
   "id": "f000034", 
   "language": "en", 
   "lines": [
    "night\n"
   ]
  }, 
  {
   "begin": "14.160", 
   "end": "14.440", 
   "id": "f000035", 
   "language": "en", 
   "lines": [
    "After"
   ]
  }, 
  {
   "begin": "14.440", 
   "end": "15.040", 
   "id": "f000036", 
   "language": "en", 
   "lines": [
    "a"
   ]
  }, 
  {
   "begin": "15.040", 
   "end": "15.440", 
   "id": "f000037", 
   "language": "en", 
   "lines": [
    "long"
   ]
  }, 
  {
   "begin": "15.440", 
   "end": "16.040", 
   "id": "f000038", 
   "language": "en", 
   "lines": [
    "day\n"
   ]
  }, 
  {
   "begin": "16.040", 
   "end": "16.480", 
   "id": "f000039", 
   "language": "en", 
   "lines": [
    "At"
   ]
  }, 
  {
   "begin": "16.480", 
   "end": "17.240", 
   "id": "f000040", 
   "language": "en", 
   "lines": [
    "work."
   ]
  }
 ]
}