{
 "fragments": [
  {
   "begin": "0.000", 
   "end": "0.400", 
   "id": "f000001", 
   "language": "en", 
   "lines": [
    "Oh"
   ]
  }, 
  {
   "begin": "0.400", 
   "end": "0.840", 
   "id": "f000002", 
   "language": "en", 
   "lines": [
    "yes"
   ]
  }, 
  {
   "begin": "0.840", 
   "end": "1.000", 
   "id": "f000003", 
   "language": "en", 
   "lines": [
    "you"
   ]
  }, 
  {
   "begin": "1.000", 
   "end": "1.560", 
   "id": "f000004", 
   "language": "en", 
   "lines": [
    "are,"
   ]
  }, 
  {
   "begin": "1.560", 
   "end": "1.880", 
   "id": "f000005", 
   "language": "en", 
   "lines": [
    "little"
   ]
  }, 
  {
   "begin": "1.880", 
   "end": "2.160", 
   "id": "f000006", 
   "language": "en", 
   "lines": [
    "brother,"
   ]
  }, 
  {
   "begin": "2.160", 
   "end": "2.960", 
   "id": "f000007", 
   "language": "en", 
   "lines": [
    "oh"
   ]
  }, 
  {
   "begin": "2.960", 
   "end": "3.480", 
   "id": "f000008", 
   "language": "en", 
   "lines": [
    "yes"
   ]
  }, 
  {
   "begin": "3.480", 
   "end": "3.680", 
   "id": "f000009", 
   "language": "en", 
   "lines": [
    "you"
   ]
  }, 
  {
   "begin": "3.680", 
   "end": "3.960", 
   "id": "f000010", 
   "language": "en", 
   "lines": [
    "are\n"
   ]
  }, 
  {
   "begin": "3.960", 
   "end": "4.560", 
   "id": "f000011", 
   "language": "en", 
   "lines": [
    "And"
   ]
  }, 
  {
   "begin": "4.560", 
   "end": "5.360", 
   "id": "f000012", 
   "language": "en", 
   "lines": [
    "maybe"
   ]
  }, 
  {
   "begin": "5.360", 
   "end": "5.520", 
   "id": "f000013", 
   "language": "en", 
   "lines": [
    "you"
   ]
  }, 
  {
   "begin": "5.520", 
   "end": "5.800", 
   "id": "f000014", 
   "language": "en", 
   "lines": [
    "are"
   ]
  }, 
  {
   "begin": "5.800", 
   "end": "6.280", 
   "id": "f000015", 
   "language": "en", 
   "lines": [
    "right,"
   ]
  }, 
  {
   "begin": "6.280", 
   "end": "7.240", 
   "id": "f000016", 
   "language": "en", 
   "lines": [
    "too...\n"
   ]
  }, 
  {
   "begin": "7.240", 
   "end": "7.600", 
   "id": "f000017", 
   "language": "en", 
   "lines": [
    "But"
   ]
  }, 
  {
   "begin": "7.600", 
   "end": "7.920", 
   "id": "f000018", 
   "language": "en", 
   "lines": [
    "in"
   ]
  }, 
  {
   "begin": "7.920", 
   "end": "7.960", 
   "id": "f000019", 
   "language": "en", 
   "lines": [
    "the"
   ]
  }, 
  {
   "begin": "7.960", 
   "end": "8.320", 
   "id": "f000020", 
   "language": "en", 
   "lines": [
    "books"
   ]
  }, 
  {
   "begin": "8.320", 
   "end": "8.560", 
   "id": "f000021", 
   "language": "en", 
   "lines": [
    "that"
   ]
  }, 
  {
   "begin": "8.560", 
   "end": "8.760", 
   "id": "f000022", 
   "language": "en", 
   "lines": [
    "I"
   ]
  }, 
  {
   "begin": "8.760", 
   "end": "9.200", 
   "id": "f000023", 
   "language": "en", 
   "lines": [
    "have"
   ]
  }, 
  {
   "begin": "9.200", 
   "end": "9.240", 
   "id": "f000024", 
   "language": "en", 
   "lines": [
    "read\n"
   ]
  }, 
  {
   "begin": "9.240", 
   "end": "9.600", 
   "id": "f000025", 
   "language": "en", 
   "lines": [
    "That"
   ]
  }, 
  {
   "begin": "9.600", 
   "end": "9.960", 
   "id": "f000026", 
   "language": "en", 
   "lines": [
    "is"
   ]
  }, 
  {
   "begin": "9.960", 
   "end": "10.200", 
   "id": "f000027", 
   "language": "en", 
   "lines": [
    "not"
   ]
  }, 
  {
   "begin": "10.200", 
   "end": "10.680", 
   "id": "f000028", 
   "language": "en", 
   "lines": [
    "what"
   ]
  }, 
  {
   "begin": "10.680", 
   "end": "10.840", 
   "id": "f000029", 
   "language": "en", 
   "lines": [
    "they"
   ]
  }, 
  {
   "begin": "10.840", 
   "end": "11.000", 
   "id": "f000030", 
   "language": "en", 
   "lines": [
    "said.\n"
   ]
  }, 
  {
   "begin": "11.000", 
   "end": "11.600", 
   "id": "f000031", 
   "language": "en", 
   "lines": [
    "Then"
   ]
  }, 
  {
   "begin": "11.600", 
   "end": "12.560", 
   "id": "f000032", 
   "language": "en", 
   "lines": [
    "what"
   ]
  }, 
  {
   "begin": "12.560", 
   "end": "12.560", 
   "id": "f000033", 
   "language": "en", 
   "lines": [
    "did"
   ]
  }, 
  {
   "begin": "12.560", 
   "end": "12.960", 
   "id": "f000034", 
   "language": "en", 
   "lines": [
    "they"
   ]
  }, 
  {
   "begin": "12.960", 
   "end": "13.400", 
   "id": "f000035", 
   "language": "en", 
   "lines": [
    "say,"
   ]
  }, 
  {
   "begin": "13.400", 
   "end": "13.800", 
   "id": "f000036", 
   "language": "en", 
   "lines": [
    "sister,\n"
   ]
  }, 
  {
   "begin": "13.800", 
   "end": "14.520", 
   "id": "f000037", 
   "language": "en", 
   "lines": [
    "What"
   ]
  }, 
  {
   "begin": "14.520", 
   "end": "14.840", 
   "id": "f000038", 
   "language": "en", 
   "lines": [
    "did"
   ]
  }, 
  {
   "begin": "14.840", 
   "end": "15.160", 
   "id": "f000039", 
   "language": "en", 
   "lines": [
    "they"
   ]
  }, 
  {
   "begin": "15.160", 
   "end": "16.080", 
   "id": "f000040", 
   "language": "en", 
   "lines": [
    "say?\n"
   ]
  }, 
  {
   "begin": "16.080", 
   "end": "16.440", 
   "id": "f000041", 
   "language": "en", 
   "lines": [
    "What"
   ]
  }, 
  {
   "begin": "16.440", 
   "end": "16.960", 
   "id": "f000042", 
   "language": "en", 
   "lines": [
    "do"
   ]
  }, 
  {
   "begin": "16.960", 
   "end": "17.240", 
   "id": "f000043", 
   "language": "en", 
   "lines": [
    "you"
   ]
  }, 
  {
   "begin": "17.240", 
   "end": "17.280", 
   "id": "f000044", 
   "language": "en", 
   "lines": [
    "think,"
   ]
  }, 
  {
   "begin": "17.280", 
   "end": "17.680", 
   "id": "f000045", 
   "language": "en", 
   "lines": [
    "little"
   ]
  }, 
  {
   "begin": "17.680", 
   "end": "18.760", 
   "id": "f000046", 
   "language": "en", 
   "lines": [
    "brother,\n"
   ]
  }, 
  {
   "begin": "18.760", 
   "end": "18.960", 
   "id": "f000047", 
   "language": "en", 
   "lines": [
    "What"
   ]
  }, 
  {
   "begin": "18.960", 
   "end": "19.040", 
   "id": "f000048", 
   "language": "en", 
   "lines": [
    "do"
   ]
  }, 
  {
   "begin": "19.040", 
   "end": "19.440", 
   "id": "f000049", 
   "language": "en", 
   "lines": [
    "you"
   ]
  }, 
  {
   "begin": "19.440", 
   "end": "20.320", 
   "id": "f000050", 
   "language": "en", 
   "lines": [
    "think?\n"
   ]
  }, 
  {
   "begin": "20.320", 
   "end": "20.600", 
   "id": "f000051", 
   "language": "en", 
   "lines": [
    "I"
   ]
  }, 
  {
   "begin": "20.600", 
   "end": "21.800", 
   "id": "f000052", 
   "language": "en", 
   "lines": [
    "think,"
   ]
  }, 
  {
   "begin": "21.800", 
   "end": "22.200", 
   "id": "f000053", 
   "language": "en", 
   "lines": [
    "I"
   ]
  }, 
  {
   "begin": "22.200", 
   "end": "22.840", 
   "id": "f000054", 
   "language": "en", 
   "lines": [
    "think...\n"
   ]
  }, 
  {
   "begin": "22.840", 
   "end": "23.480", 
   "id": "f000055", 
   "language": "en", 
   "lines": [
    "Tell"
   ]
  }, 
  {
   "begin": "23.480", 
   "end": "23.480", 
   "id": "f000056", 
   "language": "en", 
   "lines": [
    "me,"
   ]
  }, 
  {
   "begin": "23.480", 
   "end": "23.880", 
   "id": "f000057", 
   "language": "en", 
   "lines": [
    "little"
   ]
  }, 
  {
   "begin": "23.880", 
   "end": "24.080", 
   "id": "f000058", 
   "language": "en", 
   "lines": [
    "brother,"
   ]
  }, 
  {
   "begin": "24.080", 
   "end": "24.440", 
   "id": "f000059", 
   "language": "en", 
   "lines": [
    "what"
   ]
  }, 
  {
   "begin": "24.440", 
   "end": "24.800", 
   "id": "f000060", 
   "language": "en", 
   "lines": [
    "do"
   ]
  }, 
  {
   "begin": "24.800", 
   "end": "25.120", 
   "id": "f000061", 
   "language": "en", 
   "lines": [
    "you"
   ]
  }, 
  {
   "begin": "25.120", 
   "end": "25.800", 
   "id": "f000062", 
   "language": "en", 
   "lines": [
    "think?"
   ]
  }
 ]
}