{
 "fragments": [
  {
   "begin": "0.000", 
   "end": "0.920", 
   "id": "f000001", 
   "language": "en", 
   "lines": [
    "Sister,"
   ]
  }, 
  {
   "begin": "0.920", 
   "end": "1.920", 
   "id": "f000002", 
   "language": "en", 
   "lines": [
    "sister,"
   ]
  }, 
  {
   "begin": "1.920", 
   "end": "2.440", 
   "id": "f000003", 
   "language": "en", 
   "lines": [
    "I"
   ]
  }, 
  {
   "begin": "2.440", 
   "end": "3.360", 
   "id": "f000004", 
   "language": "en", 
   "lines": [
    "wonder...\n"
   ]
  }, 
  {
   "begin": "3.360", 
   "end": "3.600", 
   "id": "f000005", 
   "language": "en", 
   "lines": [
    "What"
   ]
  }, 
  {
   "begin": "3.600", 
   "end": "3.720", 
   "id": "f000006", 
   "language": "en", 
   "lines": [
    "do"
   ]
  }, 
  {
   "begin": "3.720", 
   "end": "4.080", 
   "id": "f000007", 
   "language": "en", 
   "lines": [
    "you"
   ]
  }, 
  {
   "begin": "4.080", 
   "end": "4.480", 
   "id": "f000008", 
   "language": "en", 
   "lines": [
    "wonder,"
   ]
  }, 
  {
   "begin": "4.480", 
   "end": "4.840", 
   "id": "f000009", 
   "language": "en", 
   "lines": [
    "little"
   ]
  }, 
  {
   "begin": "4.840", 
   "end": "5.080", 
   "id": "f000010", 
   "language": "en", 
   "lines": [
    "brother,\n"
   ]
  }, 
  {
   "begin": "5.080", 
   "end": "6.000", 
   "id": "f000011", 
   "language": "en", 
   "lines": [
    "What"
   ]
  }, 
  {
   "begin": "6.000", 
   "end": "6.320", 
   "id": "f000012", 
   "language": "en", 
   "lines": [
    "do"
   ]
  }, 
  {
   "begin": "6.320", 
   "end": "6.640", 
   "id": "f000013", 
   "language": "en", 
   "lines": [
    "you"
   ]
  }, 
  {
   "begin": "6.640", 
   "end": "7.920", 
   "id": "f000014", 
   "language": "en", 
   "lines": [
    "wonder?\n"
   ]
  }, 
  {
   "begin": "7.920", 
   "end": "8.240", 
   "id": "f000015", 
   "language": "en", 
   "lines": [
    "I"
   ]
  }, 
  {
   "begin": "8.240", 
   "end": "9.280", 
   "id": "f000016", 
   "language": "en", 
   "lines": [
    "wonder,"
   ]
  }, 
  {
   "begin": "9.280", 
   "end": "9.520", 
   "id": "f000017", 
   "language": "en", 
   "lines": [
    "I"
   ]
  }, 
  {
   "begin": "9.520", 
   "end": "10.840", 
   "id": "f000018", 
   "language": "en", 
   "lines": [
    "wonder,\n"
   ]
  }, 
  {
   "begin": "10.840", 
   "end": "11.080", 
   "id": "f000019", 
   "language": "en", 
   "lines": [
    "Where"
   ]
  }, 
  {
   "begin": "11.080", 
   "end": "11.240", 
   "id": "f000020", 
   "language": "en", 
   "lines": [
    "the"
   ]
  }, 
  {
   "begin": "11.240", 
   "end": "11.600", 
   "id": "f000021", 
   "language": "en", 
   "lines": [
    "sun"
   ]
  }, 
  {
   "begin": "11.600", 
   "end": "11.960", 
   "id": "f000022", 
   "language": "en", 
   "lines": [
    "goes"
   ]
  }, 
  {
   "begin": "11.960", 
   "end": "12.200", 
   "id": "f000023", 
   "language": "en", 
   "lines": [
    "at"
   ]
  }, 
  {
   "begin": "12.200", 
   "end": "13.440", 
   "id": "f000024", 
   "language": "en", 
   "lines": [
    "night.\n"
   ]
  }, 
  {
   "begin": "13.440", 
   "end": "13.680", 
   "id": "f000025", 
   "language": "en", 
   "lines": [
    "Where"
   ]
  }, 
  {
   "begin": "13.680", 
   "end": "13.720", 
   "id": "f000026", 
   "language": "en", 
   "lines": [
    "do"
   ]
  }, 
  {
   "begin": "13.720", 
   "end": "14.240", 
   "id": "f000027", 
   "language": "en", 
   "lines": [
    "you"
   ]
  }, 
  {
   "begin": "14.240", 
   "end": "14.880", 
   "id": "f000028", 
   "language": "en", 
   "lines": [
    "think,"
   ]
  }, 
  {
   "begin": "14.880", 
   "end": "15.160", 
   "id": "f000029", 
   "language": "en", 
   "lines": [
    "little"
   ]
  }, 
  {
   "begin": "15.160", 
   "end": "15.400", 
   "id": "f000030", 
   "language": "en", 
   "lines": [
    "brother,\n"
   ]
  }, 
  {
   "begin": "15.400", 
   "end": "16.160", 
   "id": "f000031", 
   "language": "en", 
   "lines": [
    "Where"
   ]
  }, 
  {
   "begin": "16.160", 
   "end": "16.480", 
   "id": "f000032", 
   "language": "en", 
   "lines": [
    "do"
   ]
  }, 
  {
   "begin": "16.480", 
   "end": "16.800", 
   "id": "f000033", 
   "language": "en", 
   "lines": [
    "you"
   ]
  }, 
  {
   "begin": "16.800", 
   "end": "18.080", 
   "id": "f000034", 
   "language": "en", 
   "lines": [
    "think?\n"
   ]
  }, 
  {
   "begin": "18.080", 
   "end": "18.480", 
   "id": "f000035", 
   "language": "en", 
   "lines": [
    "I"
   ]
  }, 
  {
   "begin": "18.480", 
   "end": "19.360", 
   "id": "f000036", 
   "language": "en", 
   "lines": [
    "think,"
   ]
  }, 
  {
   "begin": "19.360", 
   "end": "19.680", 
   "id": "f000037", 
   "language": "en", 
   "lines": [
    "I"
   ]
  }, 
  {
   "begin": "19.680", 
   "end": "19.760", 
   "id": "f000038", 
   "language": "en", 
   "lines": [
    "think...\n"
   ]
  }, 
  {
   "begin": "19.760", 
   "end": "20.200", 
   "id": "f000039", 
   "language": "en", 
   "lines": [
    "Tell"
   ]
  }, 
  {
   "begin": "20.200", 
   "end": "21.400", 
   "id": "f000040", 
   "language": "en", 
   "lines": [
    "me,"
   ]
  }, 
  {
   "begin": "21.400", 
   "end": "21.880", 
   "id": "f000041", 
   "language": "en", 
   "lines": [
    "little"
   ]
  }, 
  {
   "begin": "21.880", 
   "end": "22.720", 
   "id": "f000042", 
   "language": "en", 
   "lines": [
    "brother,\n"
   ]
  }, 
  {
   "begin": "22.720", 
   "end": "23.000", 
   "id": "f000043", 
   "language": "en", 
   "lines": [
    "What"
   ]
  }, 
  {
   "begin": "23.000", 
   "end": "23.080", 
   "id": "f000044", 
   "language": "en", 
   "lines": [
    "do"
   ]
  }, 
  {
   "begin": "23.080", 
   "end": "23.440", 
   "id": "f000045", 
   "language": "en", 
   "lines": [
    "you"
   ]
  }, 
  {
   "begin": "23.440", 
   "end": "24.400", 
   "id": "f000046", 
   "language": "en", 
   "lines": [
    "think?"
   ]
  }
 ]
}