{
 "fragments": [
  {
   "begin": "0.000", 
   "end": "0.360", 
   "id": "f000001", 
   "language": "en", 
   "lines": [
    "The"
   ]
  }, 
  {
   "begin": "0.360", 
   "end": "0.840", 
   "id": "f000002", 
   "language": "en", 
   "lines": [
    "next"
   ]
  }, 
  {
   "begin": "0.840", 
   "end": "1.240", 
   "id": "f000003", 
   "language": "en", 
   "lines": [
    "morning"
   ]
  }, 
  {
   "begin": "1.240", 
   "end": "1.360", 
   "id": "f000004", 
   "language": "en", 
   "lines": [
    "the"
   ]
  }, 
  {
   "begin": "1.360", 
   "end": "1.760", 
   "id": "f000005", 
   "language": "en", 
   "lines": [
    "king"
   ]
  }, 
  {
   "begin": "1.760", 
   "end": "2.440", 
   "id": "f000006", 
   "language": "en", 
   "lines": [
    "overslept"
   ]
  }, 
  {
   "begin": "2.440", 
   "end": "2.760", 
   "id": "f000007", 
   "language": "en", 
   "lines": [
    "and"
   ]
  }, 
  {
   "begin": "2.760", 
   "end": "3.200", 
   "id": "f000008", 
   "language": "en", 
   "lines": [
    "was"
   ]
  }, 
  {
   "begin": "3.200", 
   "end": "3.400", 
   "id": "f000009", 
   "language": "en", 
   "lines": [
    "late"
   ]
  }, 
  {
   "begin": "3.400", 
   "end": "3.640", 
   "id": "f000010", 
   "language": "en", 
   "lines": [
    "to"
   ]
  }, 
  {
   "begin": "3.640", 
   "end": "3.760", 
   "id": "f000011", 
   "language": "en", 
   "lines": [
    "the"
   ]
  }, 
  {
   "begin": "3.760", 
   "end": "4.840", 
   "id": "f000012", 
   "language": "en", 
   "lines": [
    "durbar."
   ]
  }, 
  {
   "begin": "4.840", 
   "end": "5.080", 
   "id": "f000013", 
   "language": "en", 
   "lines": [
    "His"
   ]
  }, 
  {
   "begin": "5.080", 
   "end": "5.360", 
   "id": "f000014", 
   "language": "en", 
   "lines": [
    "first"
   ]
  }, 
  {
   "begin": "5.360", 
   "end": "5.760", 
   "id": "f000015", 
   "language": "en", 
   "lines": [
    "case"
   ]
  }, 
  {
   "begin": "5.760", 
   "end": "6.080", 
   "id": "f000016", 
   "language": "en", 
   "lines": [
    "was"
   ]
  }, 
  {
   "begin": "6.080", 
   "end": "6.280", 
   "id": "f000017", 
   "language": "en", 
   "lines": [
    "about"
   ]
  }, 
  {
   "begin": "6.280", 
   "end": "6.600", 
   "id": "f000018", 
   "language": "en", 
   "lines": [
    "two"
   ]
  }, 
  {
   "begin": "6.600", 
   "end": "6.880", 
   "id": "f000019", 
   "language": "en", 
   "lines": [
    "men"
   ]
  }, 
  {
   "begin": "6.880", 
   "end": "7.280", 
   "id": "f000020", 
   "language": "en", 
   "lines": [
    "who"
   ]
  }, 
  {
   "begin": "7.280", 
   "end": "7.600", 
   "id": "f000021", 
   "language": "en", 
   "lines": [
    "said"
   ]
  }, 
  {
   "begin": "7.600", 
   "end": "7.840", 
   "id": "f000022", 
   "language": "en", 
   "lines": [
    "they"
   ]
  }, 
  {
   "begin": "7.840", 
   "end": "8.080", 
   "id": "f000023", 
   "language": "en", 
   "lines": [
    "owned"
   ]
  }, 
  {
   "begin": "8.080", 
   "end": "8.200", 
   "id": "f000024", 
   "language": "en", 
   "lines": [
    "the"
   ]
  }, 
  {
   "begin": "8.200", 
   "end": "8.600", 
   "id": "f000025", 
   "language": "en", 
   "lines": [
    "same"
   ]
  }, 
  {
   "begin": "8.600", 
   "end": "9.000", 
   "id": "f000026", 
   "language": "en", 
   "lines": [
    "cow.\n"
   ]
  }, 
  {
   "begin": "9.000", 
   "end": "10.200", 
   "id": "f000027", 
   "language": "en", 
   "lines": [
    "\u201cIt\u2019s"
   ]
  }, 
  {
   "begin": "10.200", 
   "end": "11.360", 
   "id": "f000028", 
   "language": "en", 
   "lines": [
    "mine,\u201d"
   ]
  }, 
  {
   "begin": "11.360", 
   "end": "11.560", 
   "id": "f000029", 
   "language": "en", 
   "lines": [
    "said"
   ]
  }, 
  {
   "begin": "11.560", 
   "end": "11.720", 
   "id": "f000030", 
   "language": "en", 
   "lines": [
    "the"
   ]
  }, 
  {
   "begin": "11.720", 
   "end": "12.200", 
   "id": "f000031", 
   "language": "en", 
   "lines": [
    "first"
   ]
  }, 
  {
   "begin": "12.200", 
   "end": "12.520", 
   "id": "f000032", 
   "language": "en", 
   "lines": [
    "man.\n"
   ]
  }, 
  {
   "begin": "12.520", 
   "end": "13.680", 
   "id": "f000033", 
   "language": "en", 
   "lines": [
    "\u201cNo,"
   ]
  }, 
  {
   "begin": "13.680", 
   "end": "14.000", 
   "id": "f000034", 
   "language": "en", 
   "lines": [
    "I\u2019ve"
   ]
  }, 
  {
   "begin": "14.000", 
   "end": "14.200", 
   "id": "f000035", 
   "language": "en", 
   "lines": [
    "been"
   ]
  }, 
  {
   "begin": "14.200", 
   "end": "14.440", 
   "id": "f000036", 
   "language": "en", 
   "lines": [
    "milking"
   ]
  }, 
  {
   "begin": "14.440", 
   "end": "14.760", 
   "id": "f000037", 
   "language": "en", 
   "lines": [
    "her"
   ]
  }, 
  {
   "begin": "14.760", 
   "end": "15.000", 
   "id": "f000038", 
   "language": "en", 
   "lines": [
    "for"
   ]
  }, 
  {
   "begin": "15.000", 
   "end": "15.320", 
   "id": "f000039", 
   "language": "en", 
   "lines": [
    "two"
   ]
  }, 
  {
   "begin": "15.320", 
   "end": "16.320", 
   "id": "f000040", 
   "language": "en", 
   "lines": [
    "years,\u201d"
   ]
  }, 
  {
   "begin": "16.320", 
   "end": "16.600", 
   "id": "f000041", 
   "language": "en", 
   "lines": [
    "said"
   ]
  }, 
  {
   "begin": "16.600", 
   "end": "16.880", 
   "id": "f000042", 
   "language": "en", 
   "lines": [
    "the"
   ]
  }, 
  {
   "begin": "16.880", 
   "end": "17.680", 
   "id": "f000043", 
   "language": "en", 
   "lines": [
    "other."
   ]
  }
 ]
}