{"id":137,"name":"Tok Tok","writtenby":"Vidya Pradhan","illustrationsby":"Reshma Barve","translationby":"","source":"Pratham Books","status":"active","level":3,"pages":[{"id":1619,"content":"Tok-tok tok-tok! Raja Petuchand of Sonapur buried his head under the pillow. The butter chicken he had enjoyed a little too much last night was already giving him trouble. Now this awful noise!","pageno":1,"image":"83a8ad10477b91ec8bdfc4326b72cb7c.jpg","audio":"98a057807a71d27235df44fb87ae60b7.mp3","audio_map":"dd978949be3c16e0ae1065c96b4db78b.json","language":[]},{"id":1620,"content":"\u201cDo you have to get the palace work done at this hour?\u201d he grumbled to queen Suruchi. But she was snoring peacefully next to him in the king-sized bed, dreaming of the next palace festival.\nTok-tok\u2026 tok-tok!","pageno":2,"image":"2a5078cd1292ade0c3d8382820dd39b0.jpg","audio":"42da8a0482d57f5424ab74ce6d58b49a.mp3","audio_map":"ed109fac31f1313c03972da3fa842c26.json","language":[]},{"id":1621,"content":"\u201cWhat nonsense!\u201d said Petuchand. \u201cI am the king and I forbid this tok, tok sound!\u201d\nHe got up and opened the door, adjusting the royal robes around his ample stomach. The sentries were looking around nervously.","pageno":3,"image":"861ae2f43f861beff8cd8cfd2e8ba554.jpg","audio":"0c8483d7395888e3eba4da91f60af430.mp3","audio_map":"e025210787c07ed8c94444e8c7350c42.json","language":[]},{"id":1622,"content":"\u201cWhat is this commotion?\u201d the king asked his bodyguards angrily.\n\n\u201cNo idea, sire,\u201d said the guards, shaking a little bit. \u201cWe\u2019ve been searching for the person making the noise. But we have not found anything.\u201d\n\n\u201cIdiots,\u201d the king grumbled under his breath. \u201cIf you don\u2019t find out what it is in the next five minutes, I\u2019m firing all of you,\u201d he shouted.\n\nTok-tok\u2026 tok-tok!","pageno":4,"image":"a619c2ed70e646d1a7b38472e467b13c.jpg","audio":"68e0f5755b4bc289ed7fe6e81be31155.mp3","audio_map":"99d3669be2b16bad9c9c53b7dff5f2c7.json","language":[]},{"id":1623,"content":"Immediately the guards called Ranveer Singh, the captain of the army. He was six feet tall and three feet wide and his long curling mustache frightened everybody.","pageno":5,"image":"bcd25ffbeb1ed19e047c5fd14490b9bf.jpg","audio":"1b4bef4d0f99b1402f3148aec5978f3f.mp3","audio_map":"e6aafa893aa269fc16ac4edf049e53a6.json","language":[]},{"id":1624,"content":"\u201cSir, please help us find what is making this tok-tok sound or we will all lose our jobs,\u201d they pleaded with him.\n\n\u201cFools!\u201d Ranveer Singh muttered. He collected a platoon of soldiers.\n\nTok-tok\u2026 tok-tok!\n\n\u201cReady, men? Go find this intruder right now!\u201d he ordered. The men marched all around the palace searching, searching, searching.","pageno":6,"image":"801fb127076150908047249c00934bb9.jpg","audio":"b3d733e89007200ae5cef4d580b16d71.mp3","audio_map":"92230c1aea40d3b987ba6b9d564d6cde.json","language":[]},{"id":1625,"content":"They looked into all the windows, scaring the sleeping children. They opened all the boxes and tapped all the walls, creating so much noise themselves that nobody in the palace got any sleep that night. Tok-tok tok-tok!","pageno":7,"image":"64269ceaa96f2eabcda47f709c905d03.jpg","audio":"24b459e33d2e063e9c890c87ff6a8515.mp3","audio_map":"cc2b1ab7e1a6bb6e691c271e038a5c67.json","language":[]},{"id":1626,"content":"The next morning the king overslept and was late to the durbar. His first case was about two men who said they owned the same cow.\n\u201cIt\u2019s mine,\u201d said the first man.\n\u201cNo, I\u2019ve been milking her for two years,\u201d said the other.","pageno":8,"image":"a80cb247aff81277199db1f8d30dc31d.jpg","audio":"a4fac32d0169fb8bfee0ef7a885a6dba.mp3","audio_map":"0c82b2bfc1c2f6b3280a2ccf590b72e8.json","language":[]},{"id":1627,"content":"\u201cOh, really? I\u2019ve been offering sweets made from her milk to the goddess for the last three years,\u201d said the first.\n\u201cMy head hurts,\u201d said the king to his prime minister, Chintamani.","pageno":9,"image":"eaebdadb1ebc15be0dfc6f2372147447.jpg","audio":"ab2659cde161b9d81d6912e9c6948926.mp3","audio_map":"f511e23290e3825d9fae0157cf17634c.json","language":[]},{"id":1628,"content":"\u201cAnd last night\u2019s butter chicken is still squawking in my stomach. Just cut the cow in two and give half to each. I want them to stop complaining.\u201d\n\n\u201cUh sire, it is a cow,\u201d whispered Chintamani. \u201cCutting it in two might not be a good idea.\u201d\n\nOne of his jobs was to make sure the king did not issue any crazy orders, which Petuchand was quite capable of doing when he was hungry or tired. The worry had made Chintamani bald before his time.","pageno":10,"image":"1ecc486c58cd44cbf21a086852a54cf4.jpg","audio":"e80d0494f377ba25449f653c08e1bc7a.mp3","audio_map":"e1f7c8eafaeeee9b9192257ea95f53a3.json","language":[]},{"id":1629,"content":"\u201cOf course,\u201d said the king, slapping his forehead. \u201cWell, how am I supposed to be a just and wise king when I haven\u2019t slept all night?\u201d\nRaja Petuchand told Chintamani about the tok-tok sound.\n\u201cI have just the person to help,\u201d said the minister with a smile of relief.","pageno":11,"image":"568a21d870058c2239d747cb8c01ea43.jpg","audio":"a6207e1d4160e8c4dfc029dbfed631bc.mp3","audio_map":"6cf55e14a47156141c0ebaea82d918b0.json","language":[]},{"id":1630,"content":"That night he bought Pasupati the zoo-keeper to the palace after everyone had gone to bed.\n\nTok-tok tok-tok!\n\nWhen the zoo-keeper heard the sound he rushed home and brought back a cage and a bowl of worms. Pasupati then had the royal carpenter cut a hole in the wall nearest the sound. He put the bowl of worms near the hole. Everybody stepped back and waited silently.","pageno":12,"image":"40eebce5803e53d6503d00d254e029ac.jpg","audio":"c3834a5f2997714c2c407161d2aa0bc3.mp3","audio_map":"2c79e13965af494bc34aafabb58390bb.json","language":[]},{"id":1631,"content":"A small red and brown bird with a long yellow beak stepped out of the hole and jumped into the bowl.\nSwoosh! The bird was in the cage. The king was amazed.\n\n\u201cSuch a tiny bird and such a loud noise! Thank you everyone. You have done a great service to the country.\u201d\n\nThe next morning the king reached the durbar bright and early. Pasupati the zoo-keeper was standing in front of him.\n\n\u201cSire, I cannot keep the bird.\u201d","pageno":13,"image":"fa02da358d5eb53fdca189919520a3db.jpg","audio":"c6e1b05f699a2864543027f046848860.mp3","audio_map":"dff39b0a8dbab17e8ddad15b554e0927.json","language":[]},{"id":1632,"content":"\u201cWhat happened?\u201d asked the king. \u201cThe tok-tok noise kept all the animals in the zoo awake. They are all sleeping now and the children visiting the zoo are very disappointed.\u201d\n\n\u201cHmmm,\u201d said the king. He wondered if the bird would make a good cutlet.\n\n\u201cNo sir, we cannot kill the bird,\u201d said Chintamani firmly. He was good at guessing the king\u2019s thoughts.\n\n\u201cIt is very rare and must be considered a lucky bird.\u201d","pageno":14,"image":"8ce20322836c59026a545b307ce5cbc0.jpg","audio":"28ef19171631c68ce5751299558ca817.mp3","audio_map":"d59e81965d563fc1bdb1e5e1d4de2baf.json","language":[]},{"id":1633,"content":"\u201cThen what do we do?\u201d asked the king. \u201cIf the animals cannot bear the noise then my citizens certainly cannot. And we cannot have a country full of sleepless people.\u201d\n\nAnother minister stepped forward bravely. \u201cSire, I would be willing to keep the bird. I have a newborn baby boy and his crying keeps us up at night anyway.\u201d\n\n\u201cNo, no, we need to find a better place,\u201d said Chintamani.","pageno":15,"image":"47c5ad207366fdaecc54a9528e0cd6b9.jpg","audio":"2884227d2cee3c150b38fbb8e7298641.mp3","audio_map":"2864ad61cf65b60aff0b7af2f89cb48d.json","language":[]},{"id":1634,"content":"\u201cAha!\u201d he exclaimed suddenly. \u201cWe need to find a place for the tok-tok bird where nobody must sleep at night. I have the perfect plan, sire!\u201d he said.","pageno":16,"image":"6cb63d45f89f7c60172966f42df0655b.jpg","audio":"4a90f4ff50eb05717d3414ac42fdefd4.mp3","audio_map":"007a49c94cc0da3b62988559ae1af9fe.json","language":[]},{"id":1635,"content":"And that is how the tok-tok bird ended far away from the palace and the towns of Sonapur, giving company to the border patrol. It kept the soldiers awake every night and did its job so well that it became the official bird of the country. The kingdom\u2019s enemies could never get by the alert Sonapur soldiers and grumbled that the country should change its name to Jaagpur instead.","pageno":17,"image":"879aa87dd793452c1e8d7970f3830ebe.jpg","audio":"b03b98b75ff4a757b9a7ba41430cb4d7.mp3","audio_map":"cb495aee7c76e92d3251b7ccdd867dab.json","language":[]}],"language":[],"questions":[{"id":6209,"type":"pre","storypage_id":0,"order_number":1,"title":"Vocabulary","question":{"question_type":"vocabulary","question":{"text":"","image":"","type":""},"words":[{"word":"sentry","image":"c013f22eecb93e653065b0b00dd23933.png"},{"word":"platoon","image":"72e4527f003c798623534ee04362d0be.png"},{"word":"commotion","image":"9a7cb468e5fc1ddf8e2385f0b3c1c942.png"},{"word":"worms","image":"89b561098ab7fca2b69ea11c00048590.png"}]},"score":1,"question_template_id":21,"question_template":"Vocab"},{"id":6210,"type":"during","storypage_id":1619,"order_number":1,"title":"Choose the right answer.","question":{"question_type":"mcq_single_answer","question":{"text":"What kind of \"trouble\" do you think the butter chicken was giving Petuchand?","image":"","type":"text"},"options":[{"text":"Stomach trouble","type":"both","image":"d799849db06220a6434e22e337de4845.png","ans":1},{"text":"Heart trouble","type":"both","image":"fd2a015993607e9da25df70090d44f07.png","ans":0},{"text":"Knee trouble","type":"both","image":"9ac1242544f6d58211fe42bd21ed5b03.png","ans":0},{"text":"Nose trouble","type":"both","image":"2c43c4cf9acdc3c9933a1134f4376f24.png","ans":0}],"answers":["Stomach trouble"]},"score":1,"question_template_id":2,"question_template":"Text MCQ"},{"id":6211,"type":"during","storypage_id":1620,"order_number":2,"title":"Choose the correct answer.","question":{"question_type":"mcq_single_answer","question":{"text":"What woke up Petuchand?","image":"","type":"text"},"options":[{"text":"A sound","type":"both","image":"7d0de0e5f568fa7f589ee28b20bd64f6.png","ans":1},{"text":"Chicken","type":"both","image":"0c6ec0dac272fa08c9ac0f336fd82ab8.png","ans":0},{"text":"Cutlet","type":"both","image":"908883dde3b0687b9c89944ad42dca1e.png","ans":0},{"text":"Pizza","type":"both","image":"45647de5f6d1f35e4d6252a76b5f4b73.png","ans":0}],"answers":["A sound"]},"score":1,"question_template_id":2,"question_template":"Text MCQ"},{"id":6212,"type":"during","storypage_id":1622,"order_number":3,"title":"Choose as many answers as are correct.","question":{"question_type":"mcq_multiple_answer","question":{"text":"Why do you think the sentries were \"looking around nervously\"?","image":"","type":"text"},"options":[{"text":"They were worried there was a threat to the palace.","type":"both","image":"8ffaaa0b15025f4ffcc3ea0667f3df98.png","ans":1},{"text":"They were worried Petuchang would scold them.","type":"both","image":"c33e8957deda389fe5a794093f64de95.png","ans":1},{"text":"They were sleeping on the job.","type":"both","image":"4f4871053c5fb636d76041c326eb4e82.png","ans":0},{"text":"They were planning a surprise.","type":"both","image":"84da3f330a492e281c32d16ad8294e09.png","ans":0}],"answers":["They were worried there was a threat to the palace.","They were worried Petuchang would scold them."]},"score":1,"question_template_id":12,"question_template":"MCQ Multiple Answer with images"},{"id":6213,"type":"during","storypage_id":1625,"order_number":4,"title":"Choose as many answers as are correct.","question":{"question_type":"mcq_multiple_answer","question":{"text":"What about Ranveer Singh frightened everybody?","image":"","type":"text"},"options":[{"text":"His height","type":"both","image":"25775dc0b9fda4c543322afebfd059d1.png","ans":1},{"text":"His width","type":"both","image":"25775dc0b9fda4c543322afebfd059d1.png","ans":1},{"text":"His moustache","type":"both","image":"48923950c724d37211cbc6812d38b469.png","ans":1},{"text":"His nose","type":"both","image":"238d2c7b771e7e323098a8c4929b958d.png","ans":0}],"answers":["His height","His width","His moustache"]},"score":1,"question_template_id":12,"question_template":"MCQ Multiple Answer with images"},{"id":6214,"type":"during","storypage_id":1631,"order_number":5,"title":"Choose the correct answer.","question":{"question_type":"mcq_single_answer","question":{"text":"What was crazy about Petuchand's orders to the two men?","image":"","type":"text"},"options":[{"text":"You cannot divide a cow into two.","type":"text","image":"","ans":1},{"text":"You cannot believe one person over another.","type":"text","image":"","ans":0},{"text":"You cannot compromise when it comes to milk.","type":"text","image":"","ans":0},{"text":"Nothing was crazy about his orders.","type":"text","image":"","ans":0}],"answers":["You cannot divide a cow into two."]},"score":1,"question_template_id":2,"question_template":"Text MCQ"},{"id":6215,"type":"during","storypage_id":1628,"order_number":6,"title":"Choose the correct answer.","question":{"question_type":"mcq_single_answer","question":{"text":"What turned out to be the source of the sound?","image":"","type":"text"},"options":[{"text":"It was a bird.","type":"both","image":"cb8b410ca189af10d70f1f9528577b7c.png","ans":1},{"text":"It was a squirrel.","type":"both","image":"055c797121a23a4727e96bb37ac33bdc.png","ans":0},{"text":"It was a worm.","type":"both","image":"ed4468395a977056fc39c4dcbc16a302.png","ans":0},{"text":"It was a mouse.","type":"both","image":"4727e29abe16707696042b3063c772f5.png","ans":0}],"answers":["It was a bird."]},"score":1,"question_template_id":2,"question_template":"Text MCQ"},{"id":6216,"type":"during","storypage_id":1631,"order_number":7,"title":"Choose the correct answer.","question":{"question_type":"mcq_single_answer","question":{"text":"How did they use the bird in the end?","image":"","type":"text"},"options":[{"text":"To keep soldiers awake at night.","type":"both","image":"8edf5b217d7893b185471231693515d3.png","ans":1},{"text":"To make a cutlet.","type":"both","image":"e4c3ef09500fe350c297a2ba9a51adbb.png","ans":0},{"text":"To look at in a zoo.","type":"both","image":"5c057b809d1d4d60dbb42656475bc771.png","ans":0},{"text":"To spy on enemies.","type":"both","image":"015b76bf16a9e4a1891fe6a98e9ee611.png","ans":0}],"answers":["To keep soldiers awake at night."]},"score":1,"question_template_id":2,"question_template":"Text MCQ"}]}