{
 "fragments": [
  {
   "begin": "0.000", 
   "end": "0.920", 
   "id": "f000001", 
   "language": "en", 
   "lines": [
    "\u201cThen"
   ]
  }, 
  {
   "begin": "0.920", 
   "end": "1.280", 
   "id": "f000002", 
   "language": "en", 
   "lines": [
    "what"
   ]
  }, 
  {
   "begin": "1.280", 
   "end": "1.440", 
   "id": "f000003", 
   "language": "en", 
   "lines": [
    "do"
   ]
  }, 
  {
   "begin": "1.440", 
   "end": "1.680", 
   "id": "f000004", 
   "language": "en", 
   "lines": [
    "we"
   ]
  }, 
  {
   "begin": "1.680", 
   "end": "1.680", 
   "id": "f000005", 
   "language": "en", 
   "lines": [
    "do?\u201d"
   ]
  }, 
  {
   "begin": "1.680", 
   "end": "1.680", 
   "id": "f000006", 
   "language": "en", 
   "lines": [
    "asked"
   ]
  }, 
  {
   "begin": "1.680", 
   "end": "1.680", 
   "id": "f000007", 
   "language": "en", 
   "lines": [
    "the"
   ]
  }, 
  {
   "begin": "1.680", 
   "end": "2.240", 
   "id": "f000008", 
   "language": "en", 
   "lines": [
    "king."
   ]
  }, 
  {
   "begin": "2.240", 
   "end": "2.760", 
   "id": "f000009", 
   "language": "en", 
   "lines": [
    "\u201cIf"
   ]
  }, 
  {
   "begin": "2.760", 
   "end": "3.040", 
   "id": "f000010", 
   "language": "en", 
   "lines": [
    "the"
   ]
  }, 
  {
   "begin": "3.040", 
   "end": "3.680", 
   "id": "f000011", 
   "language": "en", 
   "lines": [
    "animals"
   ]
  }, 
  {
   "begin": "3.680", 
   "end": "4.080", 
   "id": "f000012", 
   "language": "en", 
   "lines": [
    "cannot"
   ]
  }, 
  {
   "begin": "4.080", 
   "end": "4.320", 
   "id": "f000013", 
   "language": "en", 
   "lines": [
    "bear"
   ]
  }, 
  {
   "begin": "4.320", 
   "end": "4.360", 
   "id": "f000014", 
   "language": "en", 
   "lines": [
    "the"
   ]
  }, 
  {
   "begin": "4.360", 
   "end": "4.840", 
   "id": "f000015", 
   "language": "en", 
   "lines": [
    "noise"
   ]
  }, 
  {
   "begin": "4.840", 
   "end": "5.040", 
   "id": "f000016", 
   "language": "en", 
   "lines": [
    "then"
   ]
  }, 
  {
   "begin": "5.040", 
   "end": "5.320", 
   "id": "f000017", 
   "language": "en", 
   "lines": [
    "my"
   ]
  }, 
  {
   "begin": "5.320", 
   "end": "6.000", 
   "id": "f000018", 
   "language": "en", 
   "lines": [
    "citizens"
   ]
  }, 
  {
   "begin": "6.000", 
   "end": "6.520", 
   "id": "f000019", 
   "language": "en", 
   "lines": [
    "certainly"
   ]
  }, 
  {
   "begin": "6.520", 
   "end": "7.480", 
   "id": "f000020", 
   "language": "en", 
   "lines": [
    "cannot."
   ]
  }, 
  {
   "begin": "7.480", 
   "end": "7.760", 
   "id": "f000021", 
   "language": "en", 
   "lines": [
    "And"
   ]
  }, 
  {
   "begin": "7.760", 
   "end": "8.040", 
   "id": "f000022", 
   "language": "en", 
   "lines": [
    "we"
   ]
  }, 
  {
   "begin": "8.040", 
   "end": "8.480", 
   "id": "f000023", 
   "language": "en", 
   "lines": [
    "cannot"
   ]
  }, 
  {
   "begin": "8.480", 
   "end": "8.520", 
   "id": "f000024", 
   "language": "en", 
   "lines": [
    "have"
   ]
  }, 
  {
   "begin": "8.520", 
   "end": "8.680", 
   "id": "f000025", 
   "language": "en", 
   "lines": [
    "a"
   ]
  }, 
  {
   "begin": "8.680", 
   "end": "9.240", 
   "id": "f000026", 
   "language": "en", 
   "lines": [
    "country"
   ]
  }, 
  {
   "begin": "9.240", 
   "end": "9.600", 
   "id": "f000027", 
   "language": "en", 
   "lines": [
    "full"
   ]
  }, 
  {
   "begin": "9.600", 
   "end": "9.600", 
   "id": "f000028", 
   "language": "en", 
   "lines": [
    "of"
   ]
  }, 
  {
   "begin": "9.600", 
   "end": "9.920", 
   "id": "f000029", 
   "language": "en", 
   "lines": [
    "sleepless"
   ]
  }, 
  {
   "begin": "9.920", 
   "end": "10.400", 
   "id": "f000030", 
   "language": "en", 
   "lines": [
    "people.\u201d"
   ]
  }, 
  {
   "begin": "10.400", 
   "end": "11.800", 
   "id": "f000031", 
   "language": "en", 
   "lines": [
    "\n\n"
   ]
  }, 
  {
   "begin": "11.800", 
   "end": "11.800", 
   "id": "f000032", 
   "language": "en", 
   "lines": [
    "Another"
   ]
  }, 
  {
   "begin": "11.800", 
   "end": "12.080", 
   "id": "f000033", 
   "language": "en", 
   "lines": [
    "minister"
   ]
  }, 
  {
   "begin": "12.080", 
   "end": "12.280", 
   "id": "f000034", 
   "language": "en", 
   "lines": [
    "stepped"
   ]
  }, 
  {
   "begin": "12.280", 
   "end": "13.040", 
   "id": "f000035", 
   "language": "en", 
   "lines": [
    "forward"
   ]
  }, 
  {
   "begin": "13.040", 
   "end": "13.520", 
   "id": "f000036", 
   "language": "en", 
   "lines": [
    "bravely."
   ]
  }, 
  {
   "begin": "13.520", 
   "end": "15.280", 
   "id": "f000037", 
   "language": "en", 
   "lines": [
    "\u201cSire,"
   ]
  }, 
  {
   "begin": "15.280", 
   "end": "15.600", 
   "id": "f000038", 
   "language": "en", 
   "lines": [
    "I"
   ]
  }, 
  {
   "begin": "15.600", 
   "end": "15.680", 
   "id": "f000039", 
   "language": "en", 
   "lines": [
    "would"
   ]
  }, 
  {
   "begin": "15.680", 
   "end": "15.760", 
   "id": "f000040", 
   "language": "en", 
   "lines": [
    "be"
   ]
  }, 
  {
   "begin": "15.760", 
   "end": "16.080", 
   "id": "f000041", 
   "language": "en", 
   "lines": [
    "willing"
   ]
  }, 
  {
   "begin": "16.080", 
   "end": "16.200", 
   "id": "f000042", 
   "language": "en", 
   "lines": [
    "to"
   ]
  }, 
  {
   "begin": "16.200", 
   "end": "16.480", 
   "id": "f000043", 
   "language": "en", 
   "lines": [
    "keep"
   ]
  }, 
  {
   "begin": "16.480", 
   "end": "16.600", 
   "id": "f000044", 
   "language": "en", 
   "lines": [
    "the"
   ]
  }, 
  {
   "begin": "16.600", 
   "end": "17.600", 
   "id": "f000045", 
   "language": "en", 
   "lines": [
    "bird."
   ]
  }, 
  {
   "begin": "17.600", 
   "end": "18.280", 
   "id": "f000046", 
   "language": "en", 
   "lines": [
    "I"
   ]
  }, 
  {
   "begin": "18.280", 
   "end": "18.560", 
   "id": "f000047", 
   "language": "en", 
   "lines": [
    "have"
   ]
  }, 
  {
   "begin": "18.560", 
   "end": "18.680", 
   "id": "f000048", 
   "language": "en", 
   "lines": [
    "a"
   ]
  }, 
  {
   "begin": "18.680", 
   "end": "18.800", 
   "id": "f000049", 
   "language": "en", 
   "lines": [
    "newborn"
   ]
  }, 
  {
   "begin": "18.800", 
   "end": "18.840", 
   "id": "f000050", 
   "language": "en", 
   "lines": [
    "baby"
   ]
  }, 
  {
   "begin": "18.840", 
   "end": "19.240", 
   "id": "f000051", 
   "language": "en", 
   "lines": [
    "boy"
   ]
  }, 
  {
   "begin": "19.240", 
   "end": "19.440", 
   "id": "f000052", 
   "language": "en", 
   "lines": [
    "and"
   ]
  }, 
  {
   "begin": "19.440", 
   "end": "19.680", 
   "id": "f000053", 
   "language": "en", 
   "lines": [
    "his"
   ]
  }, 
  {
   "begin": "19.680", 
   "end": "20.000", 
   "id": "f000054", 
   "language": "en", 
   "lines": [
    "crying"
   ]
  }, 
  {
   "begin": "20.000", 
   "end": "20.320", 
   "id": "f000055", 
   "language": "en", 
   "lines": [
    "keeps"
   ]
  }, 
  {
   "begin": "20.320", 
   "end": "20.480", 
   "id": "f000056", 
   "language": "en", 
   "lines": [
    "us"
   ]
  }, 
  {
   "begin": "20.480", 
   "end": "20.480", 
   "id": "f000057", 
   "language": "en", 
   "lines": [
    "up"
   ]
  }, 
  {
   "begin": "20.480", 
   "end": "20.480", 
   "id": "f000058", 
   "language": "en", 
   "lines": [
    "at"
   ]
  }, 
  {
   "begin": "20.480", 
   "end": "20.920", 
   "id": "f000059", 
   "language": "en", 
   "lines": [
    "night"
   ]
  }, 
  {
   "begin": "20.920", 
   "end": "21.520", 
   "id": "f000060", 
   "language": "en", 
   "lines": [
    "anyway.\u201d"
   ]
  }, 
  {
   "begin": "21.520", 
   "end": "22.000", 
   "id": "f000061", 
   "language": "en", 
   "lines": [
    "\n\n"
   ]
  }, 
  {
   "begin": "22.000", 
   "end": "22.960", 
   "id": "f000062", 
   "language": "en", 
   "lines": [
    "\u201cNo,"
   ]
  }, 
  {
   "begin": "22.960", 
   "end": "23.560", 
   "id": "f000063", 
   "language": "en", 
   "lines": [
    "no,"
   ]
  }, 
  {
   "begin": "23.560", 
   "end": "23.760", 
   "id": "f000064", 
   "language": "en", 
   "lines": [
    "we"
   ]
  }, 
  {
   "begin": "23.760", 
   "end": "23.920", 
   "id": "f000065", 
   "language": "en", 
   "lines": [
    "need"
   ]
  }, 
  {
   "begin": "23.920", 
   "end": "24.040", 
   "id": "f000066", 
   "language": "en", 
   "lines": [
    "to"
   ]
  }, 
  {
   "begin": "24.040", 
   "end": "24.400", 
   "id": "f000067", 
   "language": "en", 
   "lines": [
    "find"
   ]
  }, 
  {
   "begin": "24.400", 
   "end": "24.440", 
   "id": "f000068", 
   "language": "en", 
   "lines": [
    "a"
   ]
  }, 
  {
   "begin": "24.440", 
   "end": "24.720", 
   "id": "f000069", 
   "language": "en", 
   "lines": [
    "better"
   ]
  }, 
  {
   "begin": "24.720", 
   "end": "26.040", 
   "id": "f000070", 
   "language": "en", 
   "lines": [
    "place,\u201d"
   ]
  }, 
  {
   "begin": "26.040", 
   "end": "26.240", 
   "id": "f000071", 
   "language": "en", 
   "lines": [
    "said"
   ]
  }, 
  {
   "begin": "26.240", 
   "end": "27.400", 
   "id": "f000072", 
   "language": "en", 
   "lines": [
    "Chintamani."
   ]
  }
 ]
}