{
 "fragments": [
  {
   "begin": "0.000", 
   "end": "0.280", 
   "id": "f000001", 
   "language": "en", 
   "lines": [
    "That"
   ]
  }, 
  {
   "begin": "0.280", 
   "end": "0.520", 
   "id": "f000002", 
   "language": "en", 
   "lines": [
    "night"
   ]
  }, 
  {
   "begin": "0.520", 
   "end": "1.120", 
   "id": "f000003", 
   "language": "en", 
   "lines": [
    "he"
   ]
  }, 
  {
   "begin": "1.120", 
   "end": "1.280", 
   "id": "f000004", 
   "language": "en", 
   "lines": [
    "bought"
   ]
  }, 
  {
   "begin": "1.280", 
   "end": "2.080", 
   "id": "f000005", 
   "language": "en", 
   "lines": [
    "Pasupati"
   ]
  }, 
  {
   "begin": "2.080", 
   "end": "2.360", 
   "id": "f000006", 
   "language": "en", 
   "lines": [
    "the"
   ]
  }, 
  {
   "begin": "2.360", 
   "end": "2.680", 
   "id": "f000007", 
   "language": "en", 
   "lines": [
    "zoo-keeper"
   ]
  }, 
  {
   "begin": "2.680", 
   "end": "2.800", 
   "id": "f000008", 
   "language": "en", 
   "lines": [
    "to"
   ]
  }, 
  {
   "begin": "2.800", 
   "end": "2.960", 
   "id": "f000009", 
   "language": "en", 
   "lines": [
    "the"
   ]
  }, 
  {
   "begin": "2.960", 
   "end": "3.680", 
   "id": "f000010", 
   "language": "en", 
   "lines": [
    "palace"
   ]
  }, 
  {
   "begin": "3.680", 
   "end": "4.120", 
   "id": "f000011", 
   "language": "en", 
   "lines": [
    "after"
   ]
  }, 
  {
   "begin": "4.120", 
   "end": "4.640", 
   "id": "f000012", 
   "language": "en", 
   "lines": [
    "everyone"
   ]
  }, 
  {
   "begin": "4.640", 
   "end": "4.880", 
   "id": "f000013", 
   "language": "en", 
   "lines": [
    "had"
   ]
  }, 
  {
   "begin": "4.880", 
   "end": "5.120", 
   "id": "f000014", 
   "language": "en", 
   "lines": [
    "gone"
   ]
  }, 
  {
   "begin": "5.120", 
   "end": "5.120", 
   "id": "f000015", 
   "language": "en", 
   "lines": [
    "to"
   ]
  }, 
  {
   "begin": "5.120", 
   "end": "5.280", 
   "id": "f000016", 
   "language": "en", 
   "lines": [
    "bed."
   ]
  }, 
  {
   "begin": "5.280", 
   "end": "5.480", 
   "id": "f000017", 
   "language": "en", 
   "lines": [
    "\n\n"
   ]
  }, 
  {
   "begin": "5.480", 
   "end": "6.880", 
   "id": "f000018", 
   "language": "en", 
   "lines": [
    "Tok-tok"
   ]
  }, 
  {
   "begin": "6.880", 
   "end": "7.840", 
   "id": "f000019", 
   "language": "en", 
   "lines": [
    "tok-tok!"
   ]
  }, 
  {
   "begin": "7.840", 
   "end": "8.960", 
   "id": "f000020", 
   "language": "en", 
   "lines": [
    "\n\n"
   ]
  }, 
  {
   "begin": "8.960", 
   "end": "9.240", 
   "id": "f000021", 
   "language": "en", 
   "lines": [
    "When"
   ]
  }, 
  {
   "begin": "9.240", 
   "end": "9.520", 
   "id": "f000022", 
   "language": "en", 
   "lines": [
    "the"
   ]
  }, 
  {
   "begin": "9.520", 
   "end": "9.920", 
   "id": "f000023", 
   "language": "en", 
   "lines": [
    "zoo-keeper"
   ]
  }, 
  {
   "begin": "9.920", 
   "end": "10.080", 
   "id": "f000024", 
   "language": "en", 
   "lines": [
    "heard"
   ]
  }, 
  {
   "begin": "10.080", 
   "end": "10.200", 
   "id": "f000025", 
   "language": "en", 
   "lines": [
    "the"
   ]
  }, 
  {
   "begin": "10.200", 
   "end": "10.920", 
   "id": "f000026", 
   "language": "en", 
   "lines": [
    "sound"
   ]
  }, 
  {
   "begin": "10.920", 
   "end": "11.120", 
   "id": "f000027", 
   "language": "en", 
   "lines": [
    "he"
   ]
  }, 
  {
   "begin": "11.120", 
   "end": "11.400", 
   "id": "f000028", 
   "language": "en", 
   "lines": [
    "rushed"
   ]
  }, 
  {
   "begin": "11.400", 
   "end": "11.800", 
   "id": "f000029", 
   "language": "en", 
   "lines": [
    "home"
   ]
  }, 
  {
   "begin": "11.800", 
   "end": "12.000", 
   "id": "f000030", 
   "language": "en", 
   "lines": [
    "and"
   ]
  }, 
  {
   "begin": "12.000", 
   "end": "12.200", 
   "id": "f000031", 
   "language": "en", 
   "lines": [
    "brought"
   ]
  }, 
  {
   "begin": "12.200", 
   "end": "12.480", 
   "id": "f000032", 
   "language": "en", 
   "lines": [
    "back"
   ]
  }, 
  {
   "begin": "12.480", 
   "end": "12.560", 
   "id": "f000033", 
   "language": "en", 
   "lines": [
    "a"
   ]
  }, 
  {
   "begin": "12.560", 
   "end": "13.040", 
   "id": "f000034", 
   "language": "en", 
   "lines": [
    "cage"
   ]
  }, 
  {
   "begin": "13.040", 
   "end": "13.160", 
   "id": "f000035", 
   "language": "en", 
   "lines": [
    "and"
   ]
  }, 
  {
   "begin": "13.160", 
   "end": "13.280", 
   "id": "f000036", 
   "language": "en", 
   "lines": [
    "a"
   ]
  }, 
  {
   "begin": "13.280", 
   "end": "13.720", 
   "id": "f000037", 
   "language": "en", 
   "lines": [
    "bowl"
   ]
  }, 
  {
   "begin": "13.720", 
   "end": "13.760", 
   "id": "f000038", 
   "language": "en", 
   "lines": [
    "of"
   ]
  }, 
  {
   "begin": "13.760", 
   "end": "14.280", 
   "id": "f000039", 
   "language": "en", 
   "lines": [
    "worms."
   ]
  }, 
  {
   "begin": "14.280", 
   "end": "15.480", 
   "id": "f000040", 
   "language": "en", 
   "lines": [
    "Pasupati"
   ]
  }, 
  {
   "begin": "15.480", 
   "end": "15.680", 
   "id": "f000041", 
   "language": "en", 
   "lines": [
    "then"
   ]
  }, 
  {
   "begin": "15.680", 
   "end": "15.960", 
   "id": "f000042", 
   "language": "en", 
   "lines": [
    "had"
   ]
  }, 
  {
   "begin": "15.960", 
   "end": "16.120", 
   "id": "f000043", 
   "language": "en", 
   "lines": [
    "the"
   ]
  }, 
  {
   "begin": "16.120", 
   "end": "16.400", 
   "id": "f000044", 
   "language": "en", 
   "lines": [
    "royal"
   ]
  }, 
  {
   "begin": "16.400", 
   "end": "17.000", 
   "id": "f000045", 
   "language": "en", 
   "lines": [
    "carpenter"
   ]
  }, 
  {
   "begin": "17.000", 
   "end": "17.040", 
   "id": "f000046", 
   "language": "en", 
   "lines": [
    "cut"
   ]
  }, 
  {
   "begin": "17.040", 
   "end": "17.160", 
   "id": "f000047", 
   "language": "en", 
   "lines": [
    "a"
   ]
  }, 
  {
   "begin": "17.160", 
   "end": "17.680", 
   "id": "f000048", 
   "language": "en", 
   "lines": [
    "hole"
   ]
  }, 
  {
   "begin": "17.680", 
   "end": "17.760", 
   "id": "f000049", 
   "language": "en", 
   "lines": [
    "in"
   ]
  }, 
  {
   "begin": "17.760", 
   "end": "17.960", 
   "id": "f000050", 
   "language": "en", 
   "lines": [
    "the"
   ]
  }, 
  {
   "begin": "17.960", 
   "end": "18.320", 
   "id": "f000051", 
   "language": "en", 
   "lines": [
    "wall"
   ]
  }, 
  {
   "begin": "18.320", 
   "end": "18.800", 
   "id": "f000052", 
   "language": "en", 
   "lines": [
    "nearest"
   ]
  }, 
  {
   "begin": "18.800", 
   "end": "18.960", 
   "id": "f000053", 
   "language": "en", 
   "lines": [
    "the"
   ]
  }, 
  {
   "begin": "18.960", 
   "end": "20.040", 
   "id": "f000054", 
   "language": "en", 
   "lines": [
    "sound."
   ]
  }, 
  {
   "begin": "20.040", 
   "end": "20.200", 
   "id": "f000055", 
   "language": "en", 
   "lines": [
    "He"
   ]
  }, 
  {
   "begin": "20.200", 
   "end": "20.400", 
   "id": "f000056", 
   "language": "en", 
   "lines": [
    "put"
   ]
  }, 
  {
   "begin": "20.400", 
   "end": "20.520", 
   "id": "f000057", 
   "language": "en", 
   "lines": [
    "the"
   ]
  }, 
  {
   "begin": "20.520", 
   "end": "21.000", 
   "id": "f000058", 
   "language": "en", 
   "lines": [
    "bowl"
   ]
  }, 
  {
   "begin": "21.000", 
   "end": "21.200", 
   "id": "f000059", 
   "language": "en", 
   "lines": [
    "of"
   ]
  }, 
  {
   "begin": "21.200", 
   "end": "21.440", 
   "id": "f000060", 
   "language": "en", 
   "lines": [
    "worms"
   ]
  }, 
  {
   "begin": "21.440", 
   "end": "21.680", 
   "id": "f000061", 
   "language": "en", 
   "lines": [
    "near"
   ]
  }, 
  {
   "begin": "21.680", 
   "end": "21.840", 
   "id": "f000062", 
   "language": "en", 
   "lines": [
    "the"
   ]
  }, 
  {
   "begin": "21.840", 
   "end": "22.880", 
   "id": "f000063", 
   "language": "en", 
   "lines": [
    "hole."
   ]
  }, 
  {
   "begin": "22.880", 
   "end": "23.640", 
   "id": "f000064", 
   "language": "en", 
   "lines": [
    "Everybody"
   ]
  }, 
  {
   "begin": "23.640", 
   "end": "23.960", 
   "id": "f000065", 
   "language": "en", 
   "lines": [
    "stepped"
   ]
  }, 
  {
   "begin": "23.960", 
   "end": "24.320", 
   "id": "f000066", 
   "language": "en", 
   "lines": [
    "back"
   ]
  }, 
  {
   "begin": "24.320", 
   "end": "24.480", 
   "id": "f000067", 
   "language": "en", 
   "lines": [
    "and"
   ]
  }, 
  {
   "begin": "24.480", 
   "end": "24.880", 
   "id": "f000068", 
   "language": "en", 
   "lines": [
    "waited"
   ]
  }, 
  {
   "begin": "24.880", 
   "end": "26.160", 
   "id": "f000069", 
   "language": "en", 
   "lines": [
    "silently."
   ]
  }
 ]
}