{
 "fragments": [
  {
   "begin": "0.000", 
   "end": "0.600", 
   "id": "f000001", 
   "language": "en", 
   "lines": [
    "\u201cOf"
   ]
  }, 
  {
   "begin": "0.600", 
   "end": "1.480", 
   "id": "f000002", 
   "language": "en", 
   "lines": [
    "course,\u201d"
   ]
  }, 
  {
   "begin": "1.480", 
   "end": "2.400", 
   "id": "f000003", 
   "language": "en", 
   "lines": [
    "said"
   ]
  }, 
  {
   "begin": "2.400", 
   "end": "2.520", 
   "id": "f000004", 
   "language": "en", 
   "lines": [
    "the"
   ]
  }, 
  {
   "begin": "2.520", 
   "end": "3.520", 
   "id": "f000005", 
   "language": "en", 
   "lines": [
    "king,"
   ]
  }, 
  {
   "begin": "3.520", 
   "end": "4.000", 
   "id": "f000006", 
   "language": "en", 
   "lines": [
    "slapping"
   ]
  }, 
  {
   "begin": "4.000", 
   "end": "4.280", 
   "id": "f000007", 
   "language": "en", 
   "lines": [
    "his"
   ]
  }, 
  {
   "begin": "4.280", 
   "end": "4.800", 
   "id": "f000008", 
   "language": "en", 
   "lines": [
    "forehead."
   ]
  }, 
  {
   "begin": "4.800", 
   "end": "6.080", 
   "id": "f000009", 
   "language": "en", 
   "lines": [
    "\u201cWell,"
   ]
  }, 
  {
   "begin": "6.080", 
   "end": "6.440", 
   "id": "f000010", 
   "language": "en", 
   "lines": [
    "how"
   ]
  }, 
  {
   "begin": "6.440", 
   "end": "6.480", 
   "id": "f000011", 
   "language": "en", 
   "lines": [
    "am"
   ]
  }, 
  {
   "begin": "6.480", 
   "end": "6.720", 
   "id": "f000012", 
   "language": "en", 
   "lines": [
    "I"
   ]
  }, 
  {
   "begin": "6.720", 
   "end": "7.120", 
   "id": "f000013", 
   "language": "en", 
   "lines": [
    "supposed"
   ]
  }, 
  {
   "begin": "7.120", 
   "end": "7.280", 
   "id": "f000014", 
   "language": "en", 
   "lines": [
    "to"
   ]
  }, 
  {
   "begin": "7.280", 
   "end": "7.480", 
   "id": "f000015", 
   "language": "en", 
   "lines": [
    "be"
   ]
  }, 
  {
   "begin": "7.480", 
   "end": "7.560", 
   "id": "f000016", 
   "language": "en", 
   "lines": [
    "a"
   ]
  }, 
  {
   "begin": "7.560", 
   "end": "7.920", 
   "id": "f000017", 
   "language": "en", 
   "lines": [
    "just"
   ]
  }, 
  {
   "begin": "7.920", 
   "end": "8.120", 
   "id": "f000018", 
   "language": "en", 
   "lines": [
    "and"
   ]
  }, 
  {
   "begin": "8.120", 
   "end": "8.520", 
   "id": "f000019", 
   "language": "en", 
   "lines": [
    "wise"
   ]
  }, 
  {
   "begin": "8.520", 
   "end": "8.760", 
   "id": "f000020", 
   "language": "en", 
   "lines": [
    "king"
   ]
  }, 
  {
   "begin": "8.760", 
   "end": "9.120", 
   "id": "f000021", 
   "language": "en", 
   "lines": [
    "when"
   ]
  }, 
  {
   "begin": "9.120", 
   "end": "9.360", 
   "id": "f000022", 
   "language": "en", 
   "lines": [
    "I"
   ]
  }, 
  {
   "begin": "9.360", 
   "end": "9.760", 
   "id": "f000023", 
   "language": "en", 
   "lines": [
    "haven\u2019t"
   ]
  }, 
  {
   "begin": "9.760", 
   "end": "10.240", 
   "id": "f000024", 
   "language": "en", 
   "lines": [
    "slept"
   ]
  }, 
  {
   "begin": "10.240", 
   "end": "10.480", 
   "id": "f000025", 
   "language": "en", 
   "lines": [
    "all"
   ]
  }, 
  {
   "begin": "10.480", 
   "end": "11.760", 
   "id": "f000026", 
   "language": "en", 
   "lines": [
    "night?\u201d\n"
   ]
  }, 
  {
   "begin": "11.760", 
   "end": "12.120", 
   "id": "f000027", 
   "language": "en", 
   "lines": [
    "Raja"
   ]
  }, 
  {
   "begin": "12.120", 
   "end": "12.880", 
   "id": "f000028", 
   "language": "en", 
   "lines": [
    "Petuchand"
   ]
  }, 
  {
   "begin": "12.880", 
   "end": "13.280", 
   "id": "f000029", 
   "language": "en", 
   "lines": [
    "told"
   ]
  }, 
  {
   "begin": "13.280", 
   "end": "14.000", 
   "id": "f000030", 
   "language": "en", 
   "lines": [
    "Chintamani"
   ]
  }, 
  {
   "begin": "14.000", 
   "end": "14.320", 
   "id": "f000031", 
   "language": "en", 
   "lines": [
    "about"
   ]
  }, 
  {
   "begin": "14.320", 
   "end": "14.440", 
   "id": "f000032", 
   "language": "en", 
   "lines": [
    "the"
   ]
  }, 
  {
   "begin": "14.440", 
   "end": "14.920", 
   "id": "f000033", 
   "language": "en", 
   "lines": [
    "tok-tok"
   ]
  }, 
  {
   "begin": "14.920", 
   "end": "15.400", 
   "id": "f000034", 
   "language": "en", 
   "lines": [
    "sound.\n"
   ]
  }, 
  {
   "begin": "15.400", 
   "end": "16.600", 
   "id": "f000035", 
   "language": "en", 
   "lines": [
    "\u201cI"
   ]
  }, 
  {
   "begin": "16.600", 
   "end": "16.600", 
   "id": "f000036", 
   "language": "en", 
   "lines": [
    "have"
   ]
  }, 
  {
   "begin": "16.600", 
   "end": "16.960", 
   "id": "f000037", 
   "language": "en", 
   "lines": [
    "just"
   ]
  }, 
  {
   "begin": "16.960", 
   "end": "17.120", 
   "id": "f000038", 
   "language": "en", 
   "lines": [
    "the"
   ]
  }, 
  {
   "begin": "17.120", 
   "end": "17.480", 
   "id": "f000039", 
   "language": "en", 
   "lines": [
    "person"
   ]
  }, 
  {
   "begin": "17.480", 
   "end": "17.640", 
   "id": "f000040", 
   "language": "en", 
   "lines": [
    "to"
   ]
  }, 
  {
   "begin": "17.640", 
   "end": "18.680", 
   "id": "f000041", 
   "language": "en", 
   "lines": [
    "help,\u201d"
   ]
  }, 
  {
   "begin": "18.680", 
   "end": "18.880", 
   "id": "f000042", 
   "language": "en", 
   "lines": [
    "said"
   ]
  }, 
  {
   "begin": "18.880", 
   "end": "19.120", 
   "id": "f000043", 
   "language": "en", 
   "lines": [
    "the"
   ]
  }, 
  {
   "begin": "19.120", 
   "end": "19.560", 
   "id": "f000044", 
   "language": "en", 
   "lines": [
    "minister"
   ]
  }, 
  {
   "begin": "19.560", 
   "end": "19.720", 
   "id": "f000045", 
   "language": "en", 
   "lines": [
    "with"
   ]
  }, 
  {
   "begin": "19.720", 
   "end": "19.800", 
   "id": "f000046", 
   "language": "en", 
   "lines": [
    "a"
   ]
  }, 
  {
   "begin": "19.800", 
   "end": "20.200", 
   "id": "f000047", 
   "language": "en", 
   "lines": [
    "smile"
   ]
  }, 
  {
   "begin": "20.200", 
   "end": "20.440", 
   "id": "f000048", 
   "language": "en", 
   "lines": [
    "of"
   ]
  }, 
  {
   "begin": "20.440", 
   "end": "21.200", 
   "id": "f000049", 
   "language": "en", 
   "lines": [
    "relief."
   ]
  }
 ]
}