{
 "fragments": [
  {
   "begin": "0.000", 
   "end": "0.640", 
   "id": "f000001", 
   "language": "en", 
   "lines": [
    "\u201cWhat"
   ]
  }, 
  {
   "begin": "0.640", 
   "end": "0.640", 
   "id": "f000002", 
   "language": "en", 
   "lines": [
    "is"
   ]
  }, 
  {
   "begin": "0.640", 
   "end": "0.880", 
   "id": "f000003", 
   "language": "en", 
   "lines": [
    "this"
   ]
  }, 
  {
   "begin": "0.880", 
   "end": "2.440", 
   "id": "f000004", 
   "language": "en", 
   "lines": [
    "commotion?\u201d"
   ]
  }, 
  {
   "begin": "2.440", 
   "end": "2.560", 
   "id": "f000005", 
   "language": "en", 
   "lines": [
    "the"
   ]
  }, 
  {
   "begin": "2.560", 
   "end": "2.880", 
   "id": "f000006", 
   "language": "en", 
   "lines": [
    "king"
   ]
  }, 
  {
   "begin": "2.880", 
   "end": "3.200", 
   "id": "f000007", 
   "language": "en", 
   "lines": [
    "asked"
   ]
  }, 
  {
   "begin": "3.200", 
   "end": "3.440", 
   "id": "f000008", 
   "language": "en", 
   "lines": [
    "his"
   ]
  }, 
  {
   "begin": "3.440", 
   "end": "4.240", 
   "id": "f000009", 
   "language": "en", 
   "lines": [
    "bodyguards"
   ]
  }, 
  {
   "begin": "4.240", 
   "end": "4.600", 
   "id": "f000010", 
   "language": "en", 
   "lines": [
    "angrily."
   ]
  }, 
  {
   "begin": "4.600", 
   "end": "4.880", 
   "id": "f000011", 
   "language": "en", 
   "lines": [
    "\n\n"
   ]
  }, 
  {
   "begin": "4.880", 
   "end": "6.000", 
   "id": "f000012", 
   "language": "en", 
   "lines": [
    "\u201cNo"
   ]
  }, 
  {
   "begin": "6.000", 
   "end": "6.560", 
   "id": "f000013", 
   "language": "en", 
   "lines": [
    "idea,"
   ]
  }, 
  {
   "begin": "6.560", 
   "end": "7.800", 
   "id": "f000014", 
   "language": "en", 
   "lines": [
    "sire,\u201d"
   ]
  }, 
  {
   "begin": "7.800", 
   "end": "8.040", 
   "id": "f000015", 
   "language": "en", 
   "lines": [
    "said"
   ]
  }, 
  {
   "begin": "8.040", 
   "end": "8.200", 
   "id": "f000016", 
   "language": "en", 
   "lines": [
    "the"
   ]
  }, 
  {
   "begin": "8.200", 
   "end": "8.800", 
   "id": "f000017", 
   "language": "en", 
   "lines": [
    "guards,"
   ]
  }, 
  {
   "begin": "8.800", 
   "end": "9.400", 
   "id": "f000018", 
   "language": "en", 
   "lines": [
    "shaking"
   ]
  }, 
  {
   "begin": "9.400", 
   "end": "9.440", 
   "id": "f000019", 
   "language": "en", 
   "lines": [
    "a"
   ]
  }, 
  {
   "begin": "9.440", 
   "end": "9.640", 
   "id": "f000020", 
   "language": "en", 
   "lines": [
    "little"
   ]
  }, 
  {
   "begin": "9.640", 
   "end": "9.920", 
   "id": "f000021", 
   "language": "en", 
   "lines": [
    "bit."
   ]
  }, 
  {
   "begin": "9.920", 
   "end": "10.520", 
   "id": "f000022", 
   "language": "en", 
   "lines": [
    "\u201cWe\u2019ve"
   ]
  }, 
  {
   "begin": "10.520", 
   "end": "10.760", 
   "id": "f000023", 
   "language": "en", 
   "lines": [
    "been"
   ]
  }, 
  {
   "begin": "10.760", 
   "end": "11.240", 
   "id": "f000024", 
   "language": "en", 
   "lines": [
    "searching"
   ]
  }, 
  {
   "begin": "11.240", 
   "end": "11.640", 
   "id": "f000025", 
   "language": "en", 
   "lines": [
    "for"
   ]
  }, 
  {
   "begin": "11.640", 
   "end": "11.800", 
   "id": "f000026", 
   "language": "en", 
   "lines": [
    "the"
   ]
  }, 
  {
   "begin": "11.800", 
   "end": "12.160", 
   "id": "f000027", 
   "language": "en", 
   "lines": [
    "person"
   ]
  }, 
  {
   "begin": "12.160", 
   "end": "12.360", 
   "id": "f000028", 
   "language": "en", 
   "lines": [
    "making"
   ]
  }, 
  {
   "begin": "12.360", 
   "end": "12.600", 
   "id": "f000029", 
   "language": "en", 
   "lines": [
    "the"
   ]
  }, 
  {
   "begin": "12.600", 
   "end": "13.560", 
   "id": "f000030", 
   "language": "en", 
   "lines": [
    "noise."
   ]
  }, 
  {
   "begin": "13.560", 
   "end": "13.720", 
   "id": "f000031", 
   "language": "en", 
   "lines": [
    "But"
   ]
  }, 
  {
   "begin": "13.720", 
   "end": "13.920", 
   "id": "f000032", 
   "language": "en", 
   "lines": [
    "we"
   ]
  }, 
  {
   "begin": "13.920", 
   "end": "14.120", 
   "id": "f000033", 
   "language": "en", 
   "lines": [
    "have"
   ]
  }, 
  {
   "begin": "14.120", 
   "end": "14.360", 
   "id": "f000034", 
   "language": "en", 
   "lines": [
    "not"
   ]
  }, 
  {
   "begin": "14.360", 
   "end": "14.760", 
   "id": "f000035", 
   "language": "en", 
   "lines": [
    "found"
   ]
  }, 
  {
   "begin": "14.760", 
   "end": "15.120", 
   "id": "f000036", 
   "language": "en", 
   "lines": [
    "anything.\u201d"
   ]
  }, 
  {
   "begin": "15.120", 
   "end": "15.400", 
   "id": "f000037", 
   "language": "en", 
   "lines": [
    "\n\n"
   ]
  }, 
  {
   "begin": "15.400", 
   "end": "17.240", 
   "id": "f000038", 
   "language": "en", 
   "lines": [
    "\u201cIdiots,\u201d"
   ]
  }, 
  {
   "begin": "17.240", 
   "end": "17.400", 
   "id": "f000039", 
   "language": "en", 
   "lines": [
    "the"
   ]
  }, 
  {
   "begin": "17.400", 
   "end": "17.760", 
   "id": "f000040", 
   "language": "en", 
   "lines": [
    "king"
   ]
  }, 
  {
   "begin": "17.760", 
   "end": "18.360", 
   "id": "f000041", 
   "language": "en", 
   "lines": [
    "grumbled"
   ]
  }, 
  {
   "begin": "18.360", 
   "end": "18.600", 
   "id": "f000042", 
   "language": "en", 
   "lines": [
    "under"
   ]
  }, 
  {
   "begin": "18.600", 
   "end": "18.840", 
   "id": "f000043", 
   "language": "en", 
   "lines": [
    "his"
   ]
  }, 
  {
   "begin": "18.840", 
   "end": "19.040", 
   "id": "f000044", 
   "language": "en", 
   "lines": [
    "breath."
   ]
  }, 
  {
   "begin": "19.040", 
   "end": "19.800", 
   "id": "f000045", 
   "language": "en", 
   "lines": [
    "\u201cIf"
   ]
  }, 
  {
   "begin": "19.800", 
   "end": "20.000", 
   "id": "f000046", 
   "language": "en", 
   "lines": [
    "you"
   ]
  }, 
  {
   "begin": "20.000", 
   "end": "20.280", 
   "id": "f000047", 
   "language": "en", 
   "lines": [
    "don\u2019t"
   ]
  }, 
  {
   "begin": "20.280", 
   "end": "20.600", 
   "id": "f000048", 
   "language": "en", 
   "lines": [
    "find"
   ]
  }, 
  {
   "begin": "20.600", 
   "end": "20.920", 
   "id": "f000049", 
   "language": "en", 
   "lines": [
    "out"
   ]
  }, 
  {
   "begin": "20.920", 
   "end": "21.240", 
   "id": "f000050", 
   "language": "en", 
   "lines": [
    "what"
   ]
  }, 
  {
   "begin": "21.240", 
   "end": "21.320", 
   "id": "f000051", 
   "language": "en", 
   "lines": [
    "it"
   ]
  }, 
  {
   "begin": "21.320", 
   "end": "21.560", 
   "id": "f000052", 
   "language": "en", 
   "lines": [
    "is"
   ]
  }, 
  {
   "begin": "21.560", 
   "end": "21.560", 
   "id": "f000053", 
   "language": "en", 
   "lines": [
    "in"
   ]
  }, 
  {
   "begin": "21.560", 
   "end": "21.760", 
   "id": "f000054", 
   "language": "en", 
   "lines": [
    "the"
   ]
  }, 
  {
   "begin": "21.760", 
   "end": "22.240", 
   "id": "f000055", 
   "language": "en", 
   "lines": [
    "next"
   ]
  }, 
  {
   "begin": "22.240", 
   "end": "22.600", 
   "id": "f000056", 
   "language": "en", 
   "lines": [
    "five"
   ]
  }, 
  {
   "begin": "22.600", 
   "end": "23.360", 
   "id": "f000057", 
   "language": "en", 
   "lines": [
    "minutes,"
   ]
  }, 
  {
   "begin": "23.360", 
   "end": "23.680", 
   "id": "f000058", 
   "language": "en", 
   "lines": [
    "I\u2019m"
   ]
  }, 
  {
   "begin": "23.680", 
   "end": "24.280", 
   "id": "f000059", 
   "language": "en", 
   "lines": [
    "firing"
   ]
  }, 
  {
   "begin": "24.280", 
   "end": "24.800", 
   "id": "f000060", 
   "language": "en", 
   "lines": [
    "all"
   ]
  }, 
  {
   "begin": "24.800", 
   "end": "24.960", 
   "id": "f000061", 
   "language": "en", 
   "lines": [
    "of"
   ]
  }, 
  {
   "begin": "24.960", 
   "end": "25.720", 
   "id": "f000062", 
   "language": "en", 
   "lines": [
    "you,\u201d"
   ]
  }, 
  {
   "begin": "25.720", 
   "end": "25.800", 
   "id": "f000063", 
   "language": "en", 
   "lines": [
    "he"
   ]
  }, 
  {
   "begin": "25.800", 
   "end": "26.200", 
   "id": "f000064", 
   "language": "en", 
   "lines": [
    "shouted."
   ]
  }, 
  {
   "begin": "26.200", 
   "end": "26.480", 
   "id": "f000065", 
   "language": "en", 
   "lines": [
    "\n\n"
   ]
  }, 
  {
   "begin": "26.480", 
   "end": "27.880", 
   "id": "f000066", 
   "language": "en", 
   "lines": [
    "Tok-tok\u2026"
   ]
  }, 
  {
   "begin": "27.880", 
   "end": "29.400", 
   "id": "f000067", 
   "language": "en", 
   "lines": [
    "tok-tok!"
   ]
  }
 ]
}