{
 "fragments": [
  {
   "begin": "0.000", 
   "end": "0.000", 
   "id": "f000001", 
   "language": "en", 
   "lines": [
    "And"
   ]
  }, 
  {
   "begin": "0.000", 
   "end": "0.800", 
   "id": "f000002", 
   "language": "en", 
   "lines": [
    "that"
   ]
  }, 
  {
   "begin": "0.800", 
   "end": "1.000", 
   "id": "f000003", 
   "language": "en", 
   "lines": [
    "is"
   ]
  }, 
  {
   "begin": "1.000", 
   "end": "1.400", 
   "id": "f000004", 
   "language": "en", 
   "lines": [
    "how"
   ]
  }, 
  {
   "begin": "1.400", 
   "end": "1.600", 
   "id": "f000005", 
   "language": "en", 
   "lines": [
    "the"
   ]
  }, 
  {
   "begin": "1.600", 
   "end": "1.800", 
   "id": "f000006", 
   "language": "en", 
   "lines": [
    "tok-tok"
   ]
  }, 
  {
   "begin": "1.800", 
   "end": "2.200", 
   "id": "f000007", 
   "language": "en", 
   "lines": [
    "bird"
   ]
  }, 
  {
   "begin": "2.200", 
   "end": "2.520", 
   "id": "f000008", 
   "language": "en", 
   "lines": [
    "ended"
   ]
  }, 
  {
   "begin": "2.520", 
   "end": "2.960", 
   "id": "f000009", 
   "language": "en", 
   "lines": [
    "far"
   ]
  }, 
  {
   "begin": "2.960", 
   "end": "3.280", 
   "id": "f000010", 
   "language": "en", 
   "lines": [
    "away"
   ]
  }, 
  {
   "begin": "3.280", 
   "end": "3.440", 
   "id": "f000011", 
   "language": "en", 
   "lines": [
    "from"
   ]
  }, 
  {
   "begin": "3.440", 
   "end": "3.600", 
   "id": "f000012", 
   "language": "en", 
   "lines": [
    "the"
   ]
  }, 
  {
   "begin": "3.600", 
   "end": "4.080", 
   "id": "f000013", 
   "language": "en", 
   "lines": [
    "palace"
   ]
  }, 
  {
   "begin": "4.080", 
   "end": "4.200", 
   "id": "f000014", 
   "language": "en", 
   "lines": [
    "and"
   ]
  }, 
  {
   "begin": "4.200", 
   "end": "4.320", 
   "id": "f000015", 
   "language": "en", 
   "lines": [
    "the"
   ]
  }, 
  {
   "begin": "4.320", 
   "end": "4.720", 
   "id": "f000016", 
   "language": "en", 
   "lines": [
    "towns"
   ]
  }, 
  {
   "begin": "4.720", 
   "end": "4.760", 
   "id": "f000017", 
   "language": "en", 
   "lines": [
    "of"
   ]
  }, 
  {
   "begin": "4.760", 
   "end": "5.440", 
   "id": "f000018", 
   "language": "en", 
   "lines": [
    "Sonapur,"
   ]
  }, 
  {
   "begin": "5.440", 
   "end": "6.240", 
   "id": "f000019", 
   "language": "en", 
   "lines": [
    "giving"
   ]
  }, 
  {
   "begin": "6.240", 
   "end": "6.720", 
   "id": "f000020", 
   "language": "en", 
   "lines": [
    "company"
   ]
  }, 
  {
   "begin": "6.720", 
   "end": "6.840", 
   "id": "f000021", 
   "language": "en", 
   "lines": [
    "to"
   ]
  }, 
  {
   "begin": "6.840", 
   "end": "7.000", 
   "id": "f000022", 
   "language": "en", 
   "lines": [
    "the"
   ]
  }, 
  {
   "begin": "7.000", 
   "end": "7.360", 
   "id": "f000023", 
   "language": "en", 
   "lines": [
    "border"
   ]
  }, 
  {
   "begin": "7.360", 
   "end": "8.720", 
   "id": "f000024", 
   "language": "en", 
   "lines": [
    "patrol."
   ]
  }, 
  {
   "begin": "8.720", 
   "end": "8.720", 
   "id": "f000025", 
   "language": "en", 
   "lines": [
    ""
   ]
  }, 
  {
   "begin": "8.720", 
   "end": "8.880", 
   "id": "f000026", 
   "language": "en", 
   "lines": [
    "It"
   ]
  }, 
  {
   "begin": "8.880", 
   "end": "9.160", 
   "id": "f000027", 
   "language": "en", 
   "lines": [
    "kept"
   ]
  }, 
  {
   "begin": "9.160", 
   "end": "9.560", 
   "id": "f000028", 
   "language": "en", 
   "lines": [
    "the"
   ]
  }, 
  {
   "begin": "9.560", 
   "end": "9.880", 
   "id": "f000029", 
   "language": "en", 
   "lines": [
    "soldiers"
   ]
  }, 
  {
   "begin": "9.880", 
   "end": "10.240", 
   "id": "f000030", 
   "language": "en", 
   "lines": [
    "awake"
   ]
  }, 
  {
   "begin": "10.240", 
   "end": "10.560", 
   "id": "f000031", 
   "language": "en", 
   "lines": [
    "every"
   ]
  }, 
  {
   "begin": "10.560", 
   "end": "11.200", 
   "id": "f000032", 
   "language": "en", 
   "lines": [
    "night"
   ]
  }, 
  {
   "begin": "11.200", 
   "end": "11.360", 
   "id": "f000033", 
   "language": "en", 
   "lines": [
    "and"
   ]
  }, 
  {
   "begin": "11.360", 
   "end": "11.560", 
   "id": "f000034", 
   "language": "en", 
   "lines": [
    "did"
   ]
  }, 
  {
   "begin": "11.560", 
   "end": "11.840", 
   "id": "f000035", 
   "language": "en", 
   "lines": [
    "its"
   ]
  }, 
  {
   "begin": "11.840", 
   "end": "12.120", 
   "id": "f000036", 
   "language": "en", 
   "lines": [
    "job"
   ]
  }, 
  {
   "begin": "12.120", 
   "end": "12.520", 
   "id": "f000037", 
   "language": "en", 
   "lines": [
    "so"
   ]
  }, 
  {
   "begin": "12.520", 
   "end": "12.800", 
   "id": "f000038", 
   "language": "en", 
   "lines": [
    "well"
   ]
  }, 
  {
   "begin": "12.800", 
   "end": "13.440", 
   "id": "f000039", 
   "language": "en", 
   "lines": [
    "that"
   ]
  }, 
  {
   "begin": "13.440", 
   "end": "13.480", 
   "id": "f000040", 
   "language": "en", 
   "lines": [
    "it"
   ]
  }, 
  {
   "begin": "13.480", 
   "end": "13.560", 
   "id": "f000041", 
   "language": "en", 
   "lines": [
    "became"
   ]
  }, 
  {
   "begin": "13.560", 
   "end": "13.960", 
   "id": "f000042", 
   "language": "en", 
   "lines": [
    "the"
   ]
  }, 
  {
   "begin": "13.960", 
   "end": "14.520", 
   "id": "f000043", 
   "language": "en", 
   "lines": [
    "official"
   ]
  }, 
  {
   "begin": "14.520", 
   "end": "14.880", 
   "id": "f000044", 
   "language": "en", 
   "lines": [
    "bird"
   ]
  }, 
  {
   "begin": "14.880", 
   "end": "14.880", 
   "id": "f000045", 
   "language": "en", 
   "lines": [
    "of"
   ]
  }, 
  {
   "begin": "14.880", 
   "end": "15.000", 
   "id": "f000046", 
   "language": "en", 
   "lines": [
    "the"
   ]
  }, 
  {
   "begin": "15.000", 
   "end": "16.160", 
   "id": "f000047", 
   "language": "en", 
   "lines": [
    "country."
   ]
  }, 
  {
   "begin": "16.160", 
   "end": "16.320", 
   "id": "f000048", 
   "language": "en", 
   "lines": [
    "The"
   ]
  }, 
  {
   "begin": "16.320", 
   "end": "16.880", 
   "id": "f000049", 
   "language": "en", 
   "lines": [
    "kingdom\u2019s"
   ]
  }, 
  {
   "begin": "16.880", 
   "end": "17.400", 
   "id": "f000050", 
   "language": "en", 
   "lines": [
    "enemies"
   ]
  }, 
  {
   "begin": "17.400", 
   "end": "17.600", 
   "id": "f000051", 
   "language": "en", 
   "lines": [
    "could"
   ]
  }, 
  {
   "begin": "17.600", 
   "end": "17.920", 
   "id": "f000052", 
   "language": "en", 
   "lines": [
    "never"
   ]
  }, 
  {
   "begin": "17.920", 
   "end": "18.160", 
   "id": "f000053", 
   "language": "en", 
   "lines": [
    "get"
   ]
  }, 
  {
   "begin": "18.160", 
   "end": "18.400", 
   "id": "f000054", 
   "language": "en", 
   "lines": [
    "by"
   ]
  }, 
  {
   "begin": "18.400", 
   "end": "18.600", 
   "id": "f000055", 
   "language": "en", 
   "lines": [
    "the"
   ]
  }, 
  {
   "begin": "18.600", 
   "end": "18.960", 
   "id": "f000056", 
   "language": "en", 
   "lines": [
    "alert"
   ]
  }, 
  {
   "begin": "18.960", 
   "end": "19.600", 
   "id": "f000057", 
   "language": "en", 
   "lines": [
    "Sonapur"
   ]
  }, 
  {
   "begin": "19.600", 
   "end": "20.560", 
   "id": "f000058", 
   "language": "en", 
   "lines": [
    "soldiers"
   ]
  }, 
  {
   "begin": "20.560", 
   "end": "20.800", 
   "id": "f000059", 
   "language": "en", 
   "lines": [
    "and"
   ]
  }, 
  {
   "begin": "20.800", 
   "end": "21.280", 
   "id": "f000060", 
   "language": "en", 
   "lines": [
    "grumbled"
   ]
  }, 
  {
   "begin": "21.280", 
   "end": "21.560", 
   "id": "f000061", 
   "language": "en", 
   "lines": [
    "that"
   ]
  }, 
  {
   "begin": "21.560", 
   "end": "21.760", 
   "id": "f000062", 
   "language": "en", 
   "lines": [
    "the"
   ]
  }, 
  {
   "begin": "21.760", 
   "end": "22.120", 
   "id": "f000063", 
   "language": "en", 
   "lines": [
    "country"
   ]
  }, 
  {
   "begin": "22.120", 
   "end": "22.160", 
   "id": "f000064", 
   "language": "en", 
   "lines": [
    "should"
   ]
  }, 
  {
   "begin": "22.160", 
   "end": "22.560", 
   "id": "f000065", 
   "language": "en", 
   "lines": [
    "change"
   ]
  }, 
  {
   "begin": "22.560", 
   "end": "22.720", 
   "id": "f000066", 
   "language": "en", 
   "lines": [
    "its"
   ]
  }, 
  {
   "begin": "22.720", 
   "end": "23.000", 
   "id": "f000067", 
   "language": "en", 
   "lines": [
    "name"
   ]
  }, 
  {
   "begin": "23.000", 
   "end": "23.200", 
   "id": "f000068", 
   "language": "en", 
   "lines": [
    "to"
   ]
  }, 
  {
   "begin": "23.200", 
   "end": "23.800", 
   "id": "f000069", 
   "language": "en", 
   "lines": [
    "Jaagpur"
   ]
  }, 
  {
   "begin": "23.800", 
   "end": "24.800", 
   "id": "f000070", 
   "language": "en", 
   "lines": [
    "instead."
   ]
  }
 ]
}