{
 "fragments": [
  {
   "begin": "0.000", 
   "end": "0.400", 
   "id": "f000001", 
   "language": "en", 
   "lines": [
    "They"
   ]
  }, 
  {
   "begin": "0.400", 
   "end": "0.800", 
   "id": "f000002", 
   "language": "en", 
   "lines": [
    "looked"
   ]
  }, 
  {
   "begin": "0.800", 
   "end": "1.200", 
   "id": "f000003", 
   "language": "en", 
   "lines": [
    "into"
   ]
  }, 
  {
   "begin": "1.200", 
   "end": "1.440", 
   "id": "f000004", 
   "language": "en", 
   "lines": [
    "all"
   ]
  }, 
  {
   "begin": "1.440", 
   "end": "1.600", 
   "id": "f000005", 
   "language": "en", 
   "lines": [
    "the"
   ]
  }, 
  {
   "begin": "1.600", 
   "end": "2.440", 
   "id": "f000006", 
   "language": "en", 
   "lines": [
    "windows,"
   ]
  }, 
  {
   "begin": "2.440", 
   "end": "3.160", 
   "id": "f000007", 
   "language": "en", 
   "lines": [
    "scaring"
   ]
  }, 
  {
   "begin": "3.160", 
   "end": "3.360", 
   "id": "f000008", 
   "language": "en", 
   "lines": [
    "the"
   ]
  }, 
  {
   "begin": "3.360", 
   "end": "3.560", 
   "id": "f000009", 
   "language": "en", 
   "lines": [
    "sleeping"
   ]
  }, 
  {
   "begin": "3.560", 
   "end": "4.560", 
   "id": "f000010", 
   "language": "en", 
   "lines": [
    "children."
   ]
  }, 
  {
   "begin": "4.560", 
   "end": "5.000", 
   "id": "f000011", 
   "language": "en", 
   "lines": [
    "They"
   ]
  }, 
  {
   "begin": "5.000", 
   "end": "5.280", 
   "id": "f000012", 
   "language": "en", 
   "lines": [
    "opened"
   ]
  }, 
  {
   "begin": "5.280", 
   "end": "5.520", 
   "id": "f000013", 
   "language": "en", 
   "lines": [
    "all"
   ]
  }, 
  {
   "begin": "5.520", 
   "end": "5.640", 
   "id": "f000014", 
   "language": "en", 
   "lines": [
    "the"
   ]
  }, 
  {
   "begin": "5.640", 
   "end": "6.240", 
   "id": "f000015", 
   "language": "en", 
   "lines": [
    "boxes"
   ]
  }, 
  {
   "begin": "6.240", 
   "end": "6.440", 
   "id": "f000016", 
   "language": "en", 
   "lines": [
    "and"
   ]
  }, 
  {
   "begin": "6.440", 
   "end": "7.000", 
   "id": "f000017", 
   "language": "en", 
   "lines": [
    "tapped"
   ]
  }, 
  {
   "begin": "7.000", 
   "end": "7.160", 
   "id": "f000018", 
   "language": "en", 
   "lines": [
    "all"
   ]
  }, 
  {
   "begin": "7.160", 
   "end": "7.320", 
   "id": "f000019", 
   "language": "en", 
   "lines": [
    "the"
   ]
  }, 
  {
   "begin": "7.320", 
   "end": "7.760", 
   "id": "f000020", 
   "language": "en", 
   "lines": [
    "walls,"
   ]
  }, 
  {
   "begin": "7.760", 
   "end": "8.520", 
   "id": "f000021", 
   "language": "en", 
   "lines": [
    "creating"
   ]
  }, 
  {
   "begin": "8.520", 
   "end": "8.920", 
   "id": "f000022", 
   "language": "en", 
   "lines": [
    "so"
   ]
  }, 
  {
   "begin": "8.920", 
   "end": "9.200", 
   "id": "f000023", 
   "language": "en", 
   "lines": [
    "much"
   ]
  }, 
  {
   "begin": "9.200", 
   "end": "9.560", 
   "id": "f000024", 
   "language": "en", 
   "lines": [
    "noise"
   ]
  }, 
  {
   "begin": "9.560", 
   "end": "10.480", 
   "id": "f000025", 
   "language": "en", 
   "lines": [
    "themselves"
   ]
  }, 
  {
   "begin": "10.480", 
   "end": "10.760", 
   "id": "f000026", 
   "language": "en", 
   "lines": [
    "that"
   ]
  }, 
  {
   "begin": "10.760", 
   "end": "11.240", 
   "id": "f000027", 
   "language": "en", 
   "lines": [
    "nobody"
   ]
  }, 
  {
   "begin": "11.240", 
   "end": "11.560", 
   "id": "f000028", 
   "language": "en", 
   "lines": [
    "in"
   ]
  }, 
  {
   "begin": "11.560", 
   "end": "11.560", 
   "id": "f000029", 
   "language": "en", 
   "lines": [
    "the"
   ]
  }, 
  {
   "begin": "11.560", 
   "end": "12.000", 
   "id": "f000030", 
   "language": "en", 
   "lines": [
    "palace"
   ]
  }, 
  {
   "begin": "12.000", 
   "end": "12.320", 
   "id": "f000031", 
   "language": "en", 
   "lines": [
    "got"
   ]
  }, 
  {
   "begin": "12.320", 
   "end": "12.560", 
   "id": "f000032", 
   "language": "en", 
   "lines": [
    "any"
   ]
  }, 
  {
   "begin": "12.560", 
   "end": "12.840", 
   "id": "f000033", 
   "language": "en", 
   "lines": [
    "sleep"
   ]
  }, 
  {
   "begin": "12.840", 
   "end": "13.160", 
   "id": "f000034", 
   "language": "en", 
   "lines": [
    "that"
   ]
  }, 
  {
   "begin": "13.160", 
   "end": "13.560", 
   "id": "f000035", 
   "language": "en", 
   "lines": [
    "night."
   ]
  }, 
  {
   "begin": "13.560", 
   "end": "15.160", 
   "id": "f000036", 
   "language": "en", 
   "lines": [
    "Tok-tok"
   ]
  }, 
  {
   "begin": "15.160", 
   "end": "16.600", 
   "id": "f000037", 
   "language": "en", 
   "lines": [
    "tok-tok!"
   ]
  }
 ]
}