{
 "fragments": [
  {
   "begin": "0.000", 
   "end": "0.560", 
   "id": "f000001", 
   "language": "en", 
   "lines": [
    "\u201cWhat"
   ]
  }, 
  {
   "begin": "0.560", 
   "end": "1.840", 
   "id": "f000002", 
   "language": "en", 
   "lines": [
    "happened?\u201d"
   ]
  }, 
  {
   "begin": "1.840", 
   "end": "2.240", 
   "id": "f000003", 
   "language": "en", 
   "lines": [
    "asked"
   ]
  }, 
  {
   "begin": "2.240", 
   "end": "2.360", 
   "id": "f000004", 
   "language": "en", 
   "lines": [
    "the"
   ]
  }, 
  {
   "begin": "2.360", 
   "end": "2.760", 
   "id": "f000005", 
   "language": "en", 
   "lines": [
    "king."
   ]
  }, 
  {
   "begin": "2.760", 
   "end": "3.720", 
   "id": "f000006", 
   "language": "en", 
   "lines": [
    "\u201cThe"
   ]
  }, 
  {
   "begin": "3.720", 
   "end": "4.240", 
   "id": "f000007", 
   "language": "en", 
   "lines": [
    "tok-tok"
   ]
  }, 
  {
   "begin": "4.240", 
   "end": "4.640", 
   "id": "f000008", 
   "language": "en", 
   "lines": [
    "noise"
   ]
  }, 
  {
   "begin": "4.640", 
   "end": "5.080", 
   "id": "f000009", 
   "language": "en", 
   "lines": [
    "kept"
   ]
  }, 
  {
   "begin": "5.080", 
   "end": "5.440", 
   "id": "f000010", 
   "language": "en", 
   "lines": [
    "all"
   ]
  }, 
  {
   "begin": "5.440", 
   "end": "5.840", 
   "id": "f000011", 
   "language": "en", 
   "lines": [
    "the"
   ]
  }, 
  {
   "begin": "5.840", 
   "end": "5.960", 
   "id": "f000012", 
   "language": "en", 
   "lines": [
    "animals"
   ]
  }, 
  {
   "begin": "5.960", 
   "end": "6.000", 
   "id": "f000013", 
   "language": "en", 
   "lines": [
    "in"
   ]
  }, 
  {
   "begin": "6.000", 
   "end": "6.360", 
   "id": "f000014", 
   "language": "en", 
   "lines": [
    "the"
   ]
  }, 
  {
   "begin": "6.360", 
   "end": "6.680", 
   "id": "f000015", 
   "language": "en", 
   "lines": [
    "zoo"
   ]
  }, 
  {
   "begin": "6.680", 
   "end": "7.360", 
   "id": "f000016", 
   "language": "en", 
   "lines": [
    "awake."
   ]
  }, 
  {
   "begin": "7.360", 
   "end": "7.680", 
   "id": "f000017", 
   "language": "en", 
   "lines": [
    "They"
   ]
  }, 
  {
   "begin": "7.680", 
   "end": "7.680", 
   "id": "f000018", 
   "language": "en", 
   "lines": [
    "are"
   ]
  }, 
  {
   "begin": "7.680", 
   "end": "8.000", 
   "id": "f000019", 
   "language": "en", 
   "lines": [
    "all"
   ]
  }, 
  {
   "begin": "8.000", 
   "end": "8.440", 
   "id": "f000020", 
   "language": "en", 
   "lines": [
    "sleeping"
   ]
  }, 
  {
   "begin": "8.440", 
   "end": "9.040", 
   "id": "f000021", 
   "language": "en", 
   "lines": [
    "now"
   ]
  }, 
  {
   "begin": "9.040", 
   "end": "9.320", 
   "id": "f000022", 
   "language": "en", 
   "lines": [
    "and"
   ]
  }, 
  {
   "begin": "9.320", 
   "end": "9.320", 
   "id": "f000023", 
   "language": "en", 
   "lines": [
    "the"
   ]
  }, 
  {
   "begin": "9.320", 
   "end": "9.800", 
   "id": "f000024", 
   "language": "en", 
   "lines": [
    "children"
   ]
  }, 
  {
   "begin": "9.800", 
   "end": "10.200", 
   "id": "f000025", 
   "language": "en", 
   "lines": [
    "visiting"
   ]
  }, 
  {
   "begin": "10.200", 
   "end": "10.200", 
   "id": "f000026", 
   "language": "en", 
   "lines": [
    "the"
   ]
  }, 
  {
   "begin": "10.200", 
   "end": "10.440", 
   "id": "f000027", 
   "language": "en", 
   "lines": [
    "zoo"
   ]
  }, 
  {
   "begin": "10.440", 
   "end": "10.680", 
   "id": "f000028", 
   "language": "en", 
   "lines": [
    "are"
   ]
  }, 
  {
   "begin": "10.680", 
   "end": "11.080", 
   "id": "f000029", 
   "language": "en", 
   "lines": [
    "very"
   ]
  }, 
  {
   "begin": "11.080", 
   "end": "11.440", 
   "id": "f000030", 
   "language": "en", 
   "lines": [
    "disappointed.\u201d"
   ]
  }, 
  {
   "begin": "11.440", 
   "end": "11.920", 
   "id": "f000031", 
   "language": "en", 
   "lines": [
    "\n\n"
   ]
  }, 
  {
   "begin": "11.920", 
   "end": "14.680", 
   "id": "f000032", 
   "language": "en", 
   "lines": [
    "\u201cHmmm,\u201d"
   ]
  }, 
  {
   "begin": "14.680", 
   "end": "14.960", 
   "id": "f000033", 
   "language": "en", 
   "lines": [
    "said"
   ]
  }, 
  {
   "begin": "14.960", 
   "end": "15.080", 
   "id": "f000034", 
   "language": "en", 
   "lines": [
    "the"
   ]
  }, 
  {
   "begin": "15.080", 
   "end": "15.520", 
   "id": "f000035", 
   "language": "en", 
   "lines": [
    "king."
   ]
  }, 
  {
   "begin": "15.520", 
   "end": "16.360", 
   "id": "f000036", 
   "language": "en", 
   "lines": [
    "He"
   ]
  }, 
  {
   "begin": "16.360", 
   "end": "16.840", 
   "id": "f000037", 
   "language": "en", 
   "lines": [
    "wondered"
   ]
  }, 
  {
   "begin": "16.840", 
   "end": "16.880", 
   "id": "f000038", 
   "language": "en", 
   "lines": [
    "if"
   ]
  }, 
  {
   "begin": "16.880", 
   "end": "17.080", 
   "id": "f000039", 
   "language": "en", 
   "lines": [
    "the"
   ]
  }, 
  {
   "begin": "17.080", 
   "end": "17.200", 
   "id": "f000040", 
   "language": "en", 
   "lines": [
    "bird"
   ]
  }, 
  {
   "begin": "17.200", 
   "end": "17.480", 
   "id": "f000041", 
   "language": "en", 
   "lines": [
    "would"
   ]
  }, 
  {
   "begin": "17.480", 
   "end": "17.680", 
   "id": "f000042", 
   "language": "en", 
   "lines": [
    "make"
   ]
  }, 
  {
   "begin": "17.680", 
   "end": "17.840", 
   "id": "f000043", 
   "language": "en", 
   "lines": [
    "a"
   ]
  }, 
  {
   "begin": "17.840", 
   "end": "17.840", 
   "id": "f000044", 
   "language": "en", 
   "lines": [
    "good"
   ]
  }, 
  {
   "begin": "17.840", 
   "end": "18.280", 
   "id": "f000045", 
   "language": "en", 
   "lines": [
    "cutlet."
   ]
  }, 
  {
   "begin": "18.280", 
   "end": "18.880", 
   "id": "f000046", 
   "language": "en", 
   "lines": [
    "\n\n"
   ]
  }, 
  {
   "begin": "18.880", 
   "end": "19.680", 
   "id": "f000047", 
   "language": "en", 
   "lines": [
    "\u201cNo"
   ]
  }, 
  {
   "begin": "19.680", 
   "end": "20.520", 
   "id": "f000048", 
   "language": "en", 
   "lines": [
    "sir,"
   ]
  }, 
  {
   "begin": "20.520", 
   "end": "20.680", 
   "id": "f000049", 
   "language": "en", 
   "lines": [
    "we"
   ]
  }, 
  {
   "begin": "20.680", 
   "end": "21.040", 
   "id": "f000050", 
   "language": "en", 
   "lines": [
    "cannot"
   ]
  }, 
  {
   "begin": "21.040", 
   "end": "21.280", 
   "id": "f000051", 
   "language": "en", 
   "lines": [
    "kill"
   ]
  }, 
  {
   "begin": "21.280", 
   "end": "21.440", 
   "id": "f000052", 
   "language": "en", 
   "lines": [
    "the"
   ]
  }, 
  {
   "begin": "21.440", 
   "end": "21.960", 
   "id": "f000053", 
   "language": "en", 
   "lines": [
    "bird,\u201d"
   ]
  }, 
  {
   "begin": "21.960", 
   "end": "22.200", 
   "id": "f000054", 
   "language": "en", 
   "lines": [
    "said"
   ]
  }, 
  {
   "begin": "22.200", 
   "end": "22.880", 
   "id": "f000055", 
   "language": "en", 
   "lines": [
    "Chintamani"
   ]
  }, 
  {
   "begin": "22.880", 
   "end": "24.280", 
   "id": "f000056", 
   "language": "en", 
   "lines": [
    "firmly."
   ]
  }, 
  {
   "begin": "24.280", 
   "end": "24.280", 
   "id": "f000057", 
   "language": "en", 
   "lines": [
    "He"
   ]
  }, 
  {
   "begin": "24.280", 
   "end": "24.680", 
   "id": "f000058", 
   "language": "en", 
   "lines": [
    "was"
   ]
  }, 
  {
   "begin": "24.680", 
   "end": "24.840", 
   "id": "f000059", 
   "language": "en", 
   "lines": [
    "good"
   ]
  }, 
  {
   "begin": "24.840", 
   "end": "25.040", 
   "id": "f000060", 
   "language": "en", 
   "lines": [
    "at"
   ]
  }, 
  {
   "begin": "25.040", 
   "end": "25.360", 
   "id": "f000061", 
   "language": "en", 
   "lines": [
    "guessing"
   ]
  }, 
  {
   "begin": "25.360", 
   "end": "25.480", 
   "id": "f000062", 
   "language": "en", 
   "lines": [
    "the"
   ]
  }, 
  {
   "begin": "25.480", 
   "end": "25.880", 
   "id": "f000063", 
   "language": "en", 
   "lines": [
    "king\u2019s"
   ]
  }, 
  {
   "begin": "25.880", 
   "end": "27.440", 
   "id": "f000064", 
   "language": "en", 
   "lines": [
    "thoughts."
   ]
  }, 
  {
   "begin": "27.440", 
   "end": "27.560", 
   "id": "f000065", 
   "language": "en", 
   "lines": [
    "\n\n"
   ]
  }, 
  {
   "begin": "27.560", 
   "end": "27.600", 
   "id": "f000066", 
   "language": "en", 
   "lines": [
    "\u201cIt"
   ]
  }, 
  {
   "begin": "27.600", 
   "end": "27.840", 
   "id": "f000067", 
   "language": "en", 
   "lines": [
    "is"
   ]
  }, 
  {
   "begin": "27.840", 
   "end": "28.240", 
   "id": "f000068", 
   "language": "en", 
   "lines": [
    "very"
   ]
  }, 
  {
   "begin": "28.240", 
   "end": "28.640", 
   "id": "f000069", 
   "language": "en", 
   "lines": [
    "rare"
   ]
  }, 
  {
   "begin": "28.640", 
   "end": "28.840", 
   "id": "f000070", 
   "language": "en", 
   "lines": [
    "and"
   ]
  }, 
  {
   "begin": "28.840", 
   "end": "29.080", 
   "id": "f000071", 
   "language": "en", 
   "lines": [
    "must"
   ]
  }, 
  {
   "begin": "29.080", 
   "end": "29.240", 
   "id": "f000072", 
   "language": "en", 
   "lines": [
    "be"
   ]
  }, 
  {
   "begin": "29.240", 
   "end": "29.920", 
   "id": "f000073", 
   "language": "en", 
   "lines": [
    "considered"
   ]
  }, 
  {
   "begin": "29.920", 
   "end": "30.200", 
   "id": "f000074", 
   "language": "en", 
   "lines": [
    "a"
   ]
  }, 
  {
   "begin": "30.200", 
   "end": "30.360", 
   "id": "f000075", 
   "language": "en", 
   "lines": [
    "lucky"
   ]
  }, 
  {
   "begin": "30.360", 
   "end": "31.120", 
   "id": "f000076", 
   "language": "en", 
   "lines": [
    "bird.\u201d"
   ]
  }
 ]
}