{
 "fragments": [
  {
   "begin": "0.000", 
   "end": "0.800", 
   "id": "f000001", 
   "language": "en", 
   "lines": [
    "Tok-tok"
   ]
  }, 
  {
   "begin": "0.800", 
   "end": "2.400", 
   "id": "f000002", 
   "language": "en", 
   "lines": [
    "tok-tok!"
   ]
  }, 
  {
   "begin": "2.400", 
   "end": "2.840", 
   "id": "f000003", 
   "language": "en", 
   "lines": [
    "Raja"
   ]
  }, 
  {
   "begin": "2.840", 
   "end": "3.560", 
   "id": "f000004", 
   "language": "en", 
   "lines": [
    "Petuchand"
   ]
  }, 
  {
   "begin": "3.560", 
   "end": "3.640", 
   "id": "f000005", 
   "language": "en", 
   "lines": [
    "of"
   ]
  }, 
  {
   "begin": "3.640", 
   "end": "4.400", 
   "id": "f000006", 
   "language": "en", 
   "lines": [
    "Sonapur"
   ]
  }, 
  {
   "begin": "4.400", 
   "end": "4.800", 
   "id": "f000007", 
   "language": "en", 
   "lines": [
    "buried"
   ]
  }, 
  {
   "begin": "4.800", 
   "end": "5.080", 
   "id": "f000008", 
   "language": "en", 
   "lines": [
    "his"
   ]
  }, 
  {
   "begin": "5.080", 
   "end": "5.360", 
   "id": "f000009", 
   "language": "en", 
   "lines": [
    "head"
   ]
  }, 
  {
   "begin": "5.360", 
   "end": "5.600", 
   "id": "f000010", 
   "language": "en", 
   "lines": [
    "under"
   ]
  }, 
  {
   "begin": "5.600", 
   "end": "5.720", 
   "id": "f000011", 
   "language": "en", 
   "lines": [
    "the"
   ]
  }, 
  {
   "begin": "5.720", 
   "end": "6.760", 
   "id": "f000012", 
   "language": "en", 
   "lines": [
    "pillow."
   ]
  }, 
  {
   "begin": "6.760", 
   "end": "6.920", 
   "id": "f000013", 
   "language": "en", 
   "lines": [
    "The"
   ]
  }, 
  {
   "begin": "6.920", 
   "end": "7.040", 
   "id": "f000014", 
   "language": "en", 
   "lines": [
    "butter"
   ]
  }, 
  {
   "begin": "7.040", 
   "end": "7.360", 
   "id": "f000015", 
   "language": "en", 
   "lines": [
    "chicken"
   ]
  }, 
  {
   "begin": "7.360", 
   "end": "7.520", 
   "id": "f000016", 
   "language": "en", 
   "lines": [
    "he"
   ]
  }, 
  {
   "begin": "7.520", 
   "end": "7.840", 
   "id": "f000017", 
   "language": "en", 
   "lines": [
    "had"
   ]
  }, 
  {
   "begin": "7.840", 
   "end": "8.320", 
   "id": "f000018", 
   "language": "en", 
   "lines": [
    "enjoyed"
   ]
  }, 
  {
   "begin": "8.320", 
   "end": "8.600", 
   "id": "f000019", 
   "language": "en", 
   "lines": [
    "a"
   ]
  }, 
  {
   "begin": "8.600", 
   "end": "8.720", 
   "id": "f000020", 
   "language": "en", 
   "lines": [
    "little"
   ]
  }, 
  {
   "begin": "8.720", 
   "end": "9.200", 
   "id": "f000021", 
   "language": "en", 
   "lines": [
    "too"
   ]
  }, 
  {
   "begin": "9.200", 
   "end": "9.560", 
   "id": "f000022", 
   "language": "en", 
   "lines": [
    "much"
   ]
  }, 
  {
   "begin": "9.560", 
   "end": "9.960", 
   "id": "f000023", 
   "language": "en", 
   "lines": [
    "last"
   ]
  }, 
  {
   "begin": "9.960", 
   "end": "10.520", 
   "id": "f000024", 
   "language": "en", 
   "lines": [
    "night"
   ]
  }, 
  {
   "begin": "10.520", 
   "end": "10.920", 
   "id": "f000025", 
   "language": "en", 
   "lines": [
    "was"
   ]
  }, 
  {
   "begin": "10.920", 
   "end": "11.360", 
   "id": "f000026", 
   "language": "en", 
   "lines": [
    "already"
   ]
  }, 
  {
   "begin": "11.360", 
   "end": "11.600", 
   "id": "f000027", 
   "language": "en", 
   "lines": [
    "giving"
   ]
  }, 
  {
   "begin": "11.600", 
   "end": "11.800", 
   "id": "f000028", 
   "language": "en", 
   "lines": [
    "him"
   ]
  }, 
  {
   "begin": "11.800", 
   "end": "12.560", 
   "id": "f000029", 
   "language": "en", 
   "lines": [
    "trouble."
   ]
  }, 
  {
   "begin": "12.560", 
   "end": "12.840", 
   "id": "f000030", 
   "language": "en", 
   "lines": [
    "Now"
   ]
  }, 
  {
   "begin": "12.840", 
   "end": "13.200", 
   "id": "f000031", 
   "language": "en", 
   "lines": [
    "this"
   ]
  }, 
  {
   "begin": "13.200", 
   "end": "13.680", 
   "id": "f000032", 
   "language": "en", 
   "lines": [
    "awful"
   ]
  }, 
  {
   "begin": "13.680", 
   "end": "14.440", 
   "id": "f000033", 
   "language": "en", 
   "lines": [
    "noise!"
   ]
  }
 ]
}