{
 "fragments": [
  {
   "begin": "0.000", 
   "end": "0.000", 
   "id": "f000001", 
   "language": "en", 
   "lines": [
    "A"
   ]
  }, 
  {
   "begin": "0.000", 
   "end": "0.840", 
   "id": "f000002", 
   "language": "en", 
   "lines": [
    "small"
   ]
  }, 
  {
   "begin": "0.840", 
   "end": "1.040", 
   "id": "f000003", 
   "language": "en", 
   "lines": [
    "red"
   ]
  }, 
  {
   "begin": "1.040", 
   "end": "1.200", 
   "id": "f000004", 
   "language": "en", 
   "lines": [
    "and"
   ]
  }, 
  {
   "begin": "1.200", 
   "end": "1.520", 
   "id": "f000005", 
   "language": "en", 
   "lines": [
    "brown"
   ]
  }, 
  {
   "begin": "1.520", 
   "end": "1.840", 
   "id": "f000006", 
   "language": "en", 
   "lines": [
    "bird"
   ]
  }, 
  {
   "begin": "1.840", 
   "end": "2.040", 
   "id": "f000007", 
   "language": "en", 
   "lines": [
    "with"
   ]
  }, 
  {
   "begin": "2.040", 
   "end": "2.240", 
   "id": "f000008", 
   "language": "en", 
   "lines": [
    "a"
   ]
  }, 
  {
   "begin": "2.240", 
   "end": "2.680", 
   "id": "f000009", 
   "language": "en", 
   "lines": [
    "long"
   ]
  }, 
  {
   "begin": "2.680", 
   "end": "3.040", 
   "id": "f000010", 
   "language": "en", 
   "lines": [
    "yellow"
   ]
  }, 
  {
   "begin": "3.040", 
   "end": "3.280", 
   "id": "f000011", 
   "language": "en", 
   "lines": [
    "beak"
   ]
  }, 
  {
   "begin": "3.280", 
   "end": "3.680", 
   "id": "f000012", 
   "language": "en", 
   "lines": [
    "stepped"
   ]
  }, 
  {
   "begin": "3.680", 
   "end": "4.040", 
   "id": "f000013", 
   "language": "en", 
   "lines": [
    "out"
   ]
  }, 
  {
   "begin": "4.040", 
   "end": "4.040", 
   "id": "f000014", 
   "language": "en", 
   "lines": [
    "of"
   ]
  }, 
  {
   "begin": "4.040", 
   "end": "4.160", 
   "id": "f000015", 
   "language": "en", 
   "lines": [
    "the"
   ]
  }, 
  {
   "begin": "4.160", 
   "end": "4.960", 
   "id": "f000016", 
   "language": "en", 
   "lines": [
    "hole"
   ]
  }, 
  {
   "begin": "4.960", 
   "end": "5.160", 
   "id": "f000017", 
   "language": "en", 
   "lines": [
    "and"
   ]
  }, 
  {
   "begin": "5.160", 
   "end": "5.600", 
   "id": "f000018", 
   "language": "en", 
   "lines": [
    "jumped"
   ]
  }, 
  {
   "begin": "5.600", 
   "end": "5.800", 
   "id": "f000019", 
   "language": "en", 
   "lines": [
    "into"
   ]
  }, 
  {
   "begin": "5.800", 
   "end": "6.000", 
   "id": "f000020", 
   "language": "en", 
   "lines": [
    "the"
   ]
  }, 
  {
   "begin": "6.000", 
   "end": "6.960", 
   "id": "f000021", 
   "language": "en", 
   "lines": [
    "bowl.\n"
   ]
  }, 
  {
   "begin": "6.960", 
   "end": "8.000", 
   "id": "f000022", 
   "language": "en", 
   "lines": [
    "Swoosh!"
   ]
  }, 
  {
   "begin": "8.000", 
   "end": "8.160", 
   "id": "f000023", 
   "language": "en", 
   "lines": [
    "The"
   ]
  }, 
  {
   "begin": "8.160", 
   "end": "8.440", 
   "id": "f000024", 
   "language": "en", 
   "lines": [
    "bird"
   ]
  }, 
  {
   "begin": "8.440", 
   "end": "8.800", 
   "id": "f000025", 
   "language": "en", 
   "lines": [
    "was"
   ]
  }, 
  {
   "begin": "8.800", 
   "end": "8.840", 
   "id": "f000026", 
   "language": "en", 
   "lines": [
    "in"
   ]
  }, 
  {
   "begin": "8.840", 
   "end": "8.880", 
   "id": "f000027", 
   "language": "en", 
   "lines": [
    "the"
   ]
  }, 
  {
   "begin": "8.880", 
   "end": "9.840", 
   "id": "f000028", 
   "language": "en", 
   "lines": [
    "cage."
   ]
  }, 
  {
   "begin": "9.840", 
   "end": "9.960", 
   "id": "f000029", 
   "language": "en", 
   "lines": [
    "The"
   ]
  }, 
  {
   "begin": "9.960", 
   "end": "10.280", 
   "id": "f000030", 
   "language": "en", 
   "lines": [
    "king"
   ]
  }, 
  {
   "begin": "10.280", 
   "end": "10.520", 
   "id": "f000031", 
   "language": "en", 
   "lines": [
    "was"
   ]
  }, 
  {
   "begin": "10.520", 
   "end": "10.600", 
   "id": "f000032", 
   "language": "en", 
   "lines": [
    "amazed."
   ]
  }, 
  {
   "begin": "10.600", 
   "end": "11.200", 
   "id": "f000033", 
   "language": "en", 
   "lines": [
    "\n\n"
   ]
  }, 
  {
   "begin": "11.200", 
   "end": "12.480", 
   "id": "f000034", 
   "language": "en", 
   "lines": [
    "\u201cSuch"
   ]
  }, 
  {
   "begin": "12.480", 
   "end": "12.480", 
   "id": "f000035", 
   "language": "en", 
   "lines": [
    "a"
   ]
  }, 
  {
   "begin": "12.480", 
   "end": "13.080", 
   "id": "f000036", 
   "language": "en", 
   "lines": [
    "tiny"
   ]
  }, 
  {
   "begin": "13.080", 
   "end": "13.200", 
   "id": "f000037", 
   "language": "en", 
   "lines": [
    "bird"
   ]
  }, 
  {
   "begin": "13.200", 
   "end": "13.600", 
   "id": "f000038", 
   "language": "en", 
   "lines": [
    "and"
   ]
  }, 
  {
   "begin": "13.600", 
   "end": "14.160", 
   "id": "f000039", 
   "language": "en", 
   "lines": [
    "such"
   ]
  }, 
  {
   "begin": "14.160", 
   "end": "14.440", 
   "id": "f000040", 
   "language": "en", 
   "lines": [
    "a"
   ]
  }, 
  {
   "begin": "14.440", 
   "end": "14.880", 
   "id": "f000041", 
   "language": "en", 
   "lines": [
    "loud"
   ]
  }, 
  {
   "begin": "14.880", 
   "end": "15.400", 
   "id": "f000042", 
   "language": "en", 
   "lines": [
    "noise!"
   ]
  }, 
  {
   "begin": "15.400", 
   "end": "15.800", 
   "id": "f000043", 
   "language": "en", 
   "lines": [
    "Thank"
   ]
  }, 
  {
   "begin": "15.800", 
   "end": "15.840", 
   "id": "f000044", 
   "language": "en", 
   "lines": [
    "you"
   ]
  }, 
  {
   "begin": "15.840", 
   "end": "16.520", 
   "id": "f000045", 
   "language": "en", 
   "lines": [
    "everyone."
   ]
  }, 
  {
   "begin": "16.520", 
   "end": "16.680", 
   "id": "f000046", 
   "language": "en", 
   "lines": [
    "You"
   ]
  }, 
  {
   "begin": "16.680", 
   "end": "17.480", 
   "id": "f000047", 
   "language": "en", 
   "lines": [
    "have"
   ]
  }, 
  {
   "begin": "17.480", 
   "end": "17.840", 
   "id": "f000048", 
   "language": "en", 
   "lines": [
    "done"
   ]
  }, 
  {
   "begin": "17.840", 
   "end": "18.200", 
   "id": "f000049", 
   "language": "en", 
   "lines": [
    "a"
   ]
  }, 
  {
   "begin": "18.200", 
   "end": "18.480", 
   "id": "f000050", 
   "language": "en", 
   "lines": [
    "great"
   ]
  }, 
  {
   "begin": "18.480", 
   "end": "18.960", 
   "id": "f000051", 
   "language": "en", 
   "lines": [
    "service"
   ]
  }, 
  {
   "begin": "18.960", 
   "end": "19.240", 
   "id": "f000052", 
   "language": "en", 
   "lines": [
    "to"
   ]
  }, 
  {
   "begin": "19.240", 
   "end": "19.480", 
   "id": "f000053", 
   "language": "en", 
   "lines": [
    "the"
   ]
  }, 
  {
   "begin": "19.480", 
   "end": "20.320", 
   "id": "f000054", 
   "language": "en", 
   "lines": [
    "country.\u201d"
   ]
  }, 
  {
   "begin": "20.320", 
   "end": "20.600", 
   "id": "f000055", 
   "language": "en", 
   "lines": [
    "\n\n"
   ]
  }, 
  {
   "begin": "20.600", 
   "end": "20.600", 
   "id": "f000056", 
   "language": "en", 
   "lines": [
    "The"
   ]
  }, 
  {
   "begin": "20.600", 
   "end": "20.840", 
   "id": "f000057", 
   "language": "en", 
   "lines": [
    "next"
   ]
  }, 
  {
   "begin": "20.840", 
   "end": "21.280", 
   "id": "f000058", 
   "language": "en", 
   "lines": [
    "morning"
   ]
  }, 
  {
   "begin": "21.280", 
   "end": "21.400", 
   "id": "f000059", 
   "language": "en", 
   "lines": [
    "the"
   ]
  }, 
  {
   "begin": "21.400", 
   "end": "21.680", 
   "id": "f000060", 
   "language": "en", 
   "lines": [
    "king"
   ]
  }, 
  {
   "begin": "21.680", 
   "end": "22.040", 
   "id": "f000061", 
   "language": "en", 
   "lines": [
    "reached"
   ]
  }, 
  {
   "begin": "22.040", 
   "end": "22.160", 
   "id": "f000062", 
   "language": "en", 
   "lines": [
    "the"
   ]
  }, 
  {
   "begin": "22.160", 
   "end": "22.720", 
   "id": "f000063", 
   "language": "en", 
   "lines": [
    "durbar"
   ]
  }, 
  {
   "begin": "22.720", 
   "end": "23.120", 
   "id": "f000064", 
   "language": "en", 
   "lines": [
    "bright"
   ]
  }, 
  {
   "begin": "23.120", 
   "end": "23.480", 
   "id": "f000065", 
   "language": "en", 
   "lines": [
    "and"
   ]
  }, 
  {
   "begin": "23.480", 
   "end": "23.880", 
   "id": "f000066", 
   "language": "en", 
   "lines": [
    "early."
   ]
  }, 
  {
   "begin": "23.880", 
   "end": "25.520", 
   "id": "f000067", 
   "language": "en", 
   "lines": [
    "Pasupati"
   ]
  }, 
  {
   "begin": "25.520", 
   "end": "25.800", 
   "id": "f000068", 
   "language": "en", 
   "lines": [
    "the"
   ]
  }, 
  {
   "begin": "25.800", 
   "end": "26.040", 
   "id": "f000069", 
   "language": "en", 
   "lines": [
    "zoo-keeper"
   ]
  }, 
  {
   "begin": "26.040", 
   "end": "26.400", 
   "id": "f000070", 
   "language": "en", 
   "lines": [
    "was"
   ]
  }, 
  {
   "begin": "26.400", 
   "end": "26.760", 
   "id": "f000071", 
   "language": "en", 
   "lines": [
    "standing"
   ]
  }, 
  {
   "begin": "26.760", 
   "end": "26.880", 
   "id": "f000072", 
   "language": "en", 
   "lines": [
    "in"
   ]
  }, 
  {
   "begin": "26.880", 
   "end": "27.120", 
   "id": "f000073", 
   "language": "en", 
   "lines": [
    "front"
   ]
  }, 
  {
   "begin": "27.120", 
   "end": "27.120", 
   "id": "f000074", 
   "language": "en", 
   "lines": [
    "of"
   ]
  }, 
  {
   "begin": "27.120", 
   "end": "27.120", 
   "id": "f000075", 
   "language": "en", 
   "lines": [
    "him."
   ]
  }, 
  {
   "begin": "27.120", 
   "end": "27.560", 
   "id": "f000076", 
   "language": "en", 
   "lines": [
    "\n\n"
   ]
  }, 
  {
   "begin": "27.560", 
   "end": "29.160", 
   "id": "f000077", 
   "language": "en", 
   "lines": [
    "\u201cSire,"
   ]
  }, 
  {
   "begin": "29.160", 
   "end": "29.360", 
   "id": "f000078", 
   "language": "en", 
   "lines": [
    "I"
   ]
  }, 
  {
   "begin": "29.360", 
   "end": "29.760", 
   "id": "f000079", 
   "language": "en", 
   "lines": [
    "cannot"
   ]
  }, 
  {
   "begin": "29.760", 
   "end": "30.000", 
   "id": "f000080", 
   "language": "en", 
   "lines": [
    "keep"
   ]
  }, 
  {
   "begin": "30.000", 
   "end": "30.200", 
   "id": "f000081", 
   "language": "en", 
   "lines": [
    "the"
   ]
  }, 
  {
   "begin": "30.200", 
   "end": "30.920", 
   "id": "f000082", 
   "language": "en", 
   "lines": [
    "bird.\u201d"
   ]
  }
 ]
}