{
 "fragments": [
  {
   "begin": "0.000", 
   "end": "0.840", 
   "id": "f000001", 
   "language": "en", 
   "lines": [
    "\u201cWhat"
   ]
  }, 
  {
   "begin": "0.840", 
   "end": "2.720", 
   "id": "f000002", 
   "language": "en", 
   "lines": [
    "nonsense!\u201d"
   ]
  }, 
  {
   "begin": "2.720", 
   "end": "2.960", 
   "id": "f000003", 
   "language": "en", 
   "lines": [
    "said"
   ]
  }, 
  {
   "begin": "2.960", 
   "end": "3.760", 
   "id": "f000004", 
   "language": "en", 
   "lines": [
    "Petuchand."
   ]
  }, 
  {
   "begin": "3.760", 
   "end": "4.680", 
   "id": "f000005", 
   "language": "en", 
   "lines": [
    "\u201cI"
   ]
  }, 
  {
   "begin": "4.680", 
   "end": "4.680", 
   "id": "f000006", 
   "language": "en", 
   "lines": [
    "am"
   ]
  }, 
  {
   "begin": "4.680", 
   "end": "4.800", 
   "id": "f000007", 
   "language": "en", 
   "lines": [
    "the"
   ]
  }, 
  {
   "begin": "4.800", 
   "end": "5.320", 
   "id": "f000008", 
   "language": "en", 
   "lines": [
    "king"
   ]
  }, 
  {
   "begin": "5.320", 
   "end": "6.000", 
   "id": "f000009", 
   "language": "en", 
   "lines": [
    "and"
   ]
  }, 
  {
   "begin": "6.000", 
   "end": "6.200", 
   "id": "f000010", 
   "language": "en", 
   "lines": [
    "I"
   ]
  }, 
  {
   "begin": "6.200", 
   "end": "6.200", 
   "id": "f000011", 
   "language": "en", 
   "lines": [
    "forbid"
   ]
  }, 
  {
   "begin": "6.200", 
   "end": "6.440", 
   "id": "f000012", 
   "language": "en", 
   "lines": [
    "this"
   ]
  }, 
  {
   "begin": "6.440", 
   "end": "6.680", 
   "id": "f000013", 
   "language": "en", 
   "lines": [
    "tok,"
   ]
  }, 
  {
   "begin": "6.680", 
   "end": "6.920", 
   "id": "f000014", 
   "language": "en", 
   "lines": [
    "tok"
   ]
  }, 
  {
   "begin": "6.920", 
   "end": "7.440", 
   "id": "f000015", 
   "language": "en", 
   "lines": [
    "sound!\u201d\n"
   ]
  }, 
  {
   "begin": "7.440", 
   "end": "7.440", 
   "id": "f000016", 
   "language": "en", 
   "lines": [
    ""
   ]
  }, 
  {
   "begin": "7.440", 
   "end": "7.440", 
   "id": "f000017", 
   "language": "en", 
   "lines": [
    ""
   ]
  }, 
  {
   "begin": "7.440", 
   "end": "8.240", 
   "id": "f000018", 
   "language": "en", 
   "lines": [
    "He"
   ]
  }, 
  {
   "begin": "8.240", 
   "end": "8.600", 
   "id": "f000019", 
   "language": "en", 
   "lines": [
    "got"
   ]
  }, 
  {
   "begin": "8.600", 
   "end": "8.680", 
   "id": "f000020", 
   "language": "en", 
   "lines": [
    "up"
   ]
  }, 
  {
   "begin": "8.680", 
   "end": "8.920", 
   "id": "f000021", 
   "language": "en", 
   "lines": [
    "and"
   ]
  }, 
  {
   "begin": "8.920", 
   "end": "9.280", 
   "id": "f000022", 
   "language": "en", 
   "lines": [
    "opened"
   ]
  }, 
  {
   "begin": "9.280", 
   "end": "9.400", 
   "id": "f000023", 
   "language": "en", 
   "lines": [
    "the"
   ]
  }, 
  {
   "begin": "9.400", 
   "end": "10.240", 
   "id": "f000024", 
   "language": "en", 
   "lines": [
    "door,"
   ]
  }, 
  {
   "begin": "10.240", 
   "end": "10.800", 
   "id": "f000025", 
   "language": "en", 
   "lines": [
    "adjusting"
   ]
  }, 
  {
   "begin": "10.800", 
   "end": "10.960", 
   "id": "f000026", 
   "language": "en", 
   "lines": [
    "the"
   ]
  }, 
  {
   "begin": "10.960", 
   "end": "11.360", 
   "id": "f000027", 
   "language": "en", 
   "lines": [
    "royal"
   ]
  }, 
  {
   "begin": "11.360", 
   "end": "11.680", 
   "id": "f000028", 
   "language": "en", 
   "lines": [
    "robes"
   ]
  }, 
  {
   "begin": "11.680", 
   "end": "12.040", 
   "id": "f000029", 
   "language": "en", 
   "lines": [
    "around"
   ]
  }, 
  {
   "begin": "12.040", 
   "end": "12.360", 
   "id": "f000030", 
   "language": "en", 
   "lines": [
    "his"
   ]
  }, 
  {
   "begin": "12.360", 
   "end": "12.560", 
   "id": "f000031", 
   "language": "en", 
   "lines": [
    "ample"
   ]
  }, 
  {
   "begin": "12.560", 
   "end": "12.920", 
   "id": "f000032", 
   "language": "en", 
   "lines": [
    "stomach."
   ]
  }, 
  {
   "begin": "12.920", 
   "end": "13.920", 
   "id": "f000033", 
   "language": "en", 
   "lines": [
    "The"
   ]
  }, 
  {
   "begin": "13.920", 
   "end": "14.520", 
   "id": "f000034", 
   "language": "en", 
   "lines": [
    "sentries"
   ]
  }, 
  {
   "begin": "14.520", 
   "end": "14.840", 
   "id": "f000035", 
   "language": "en", 
   "lines": [
    "were"
   ]
  }, 
  {
   "begin": "14.840", 
   "end": "15.120", 
   "id": "f000036", 
   "language": "en", 
   "lines": [
    "looking"
   ]
  }, 
  {
   "begin": "15.120", 
   "end": "15.680", 
   "id": "f000037", 
   "language": "en", 
   "lines": [
    "around"
   ]
  }, 
  {
   "begin": "15.680", 
   "end": "16.560", 
   "id": "f000038", 
   "language": "en", 
   "lines": [
    "nervously."
   ]
  }
 ]
}