{
 "fragments": [
  {
   "begin": "0.000", 
   "end": "0.560", 
   "id": "f000001", 
   "language": "en", 
   "lines": [
    "\u201cAnd"
   ]
  }, 
  {
   "begin": "0.560", 
   "end": "0.960", 
   "id": "f000002", 
   "language": "en", 
   "lines": [
    "last"
   ]
  }, 
  {
   "begin": "0.960", 
   "end": "1.400", 
   "id": "f000003", 
   "language": "en", 
   "lines": [
    "night\u2019s"
   ]
  }, 
  {
   "begin": "1.400", 
   "end": "1.680", 
   "id": "f000004", 
   "language": "en", 
   "lines": [
    "butter"
   ]
  }, 
  {
   "begin": "1.680", 
   "end": "1.920", 
   "id": "f000005", 
   "language": "en", 
   "lines": [
    "chicken"
   ]
  }, 
  {
   "begin": "1.920", 
   "end": "2.440", 
   "id": "f000006", 
   "language": "en", 
   "lines": [
    "is"
   ]
  }, 
  {
   "begin": "2.440", 
   "end": "2.720", 
   "id": "f000007", 
   "language": "en", 
   "lines": [
    "still"
   ]
  }, 
  {
   "begin": "2.720", 
   "end": "3.400", 
   "id": "f000008", 
   "language": "en", 
   "lines": [
    "squawking"
   ]
  }, 
  {
   "begin": "3.400", 
   "end": "3.520", 
   "id": "f000009", 
   "language": "en", 
   "lines": [
    "in"
   ]
  }, 
  {
   "begin": "3.520", 
   "end": "3.760", 
   "id": "f000010", 
   "language": "en", 
   "lines": [
    "my"
   ]
  }, 
  {
   "begin": "3.760", 
   "end": "5.200", 
   "id": "f000011", 
   "language": "en", 
   "lines": [
    "stomach."
   ]
  }, 
  {
   "begin": "5.200", 
   "end": "5.520", 
   "id": "f000012", 
   "language": "en", 
   "lines": [
    "Just"
   ]
  }, 
  {
   "begin": "5.520", 
   "end": "5.800", 
   "id": "f000013", 
   "language": "en", 
   "lines": [
    "cut"
   ]
  }, 
  {
   "begin": "5.800", 
   "end": "5.920", 
   "id": "f000014", 
   "language": "en", 
   "lines": [
    "the"
   ]
  }, 
  {
   "begin": "5.920", 
   "end": "6.320", 
   "id": "f000015", 
   "language": "en", 
   "lines": [
    "cow"
   ]
  }, 
  {
   "begin": "6.320", 
   "end": "6.360", 
   "id": "f000016", 
   "language": "en", 
   "lines": [
    "in"
   ]
  }, 
  {
   "begin": "6.360", 
   "end": "6.520", 
   "id": "f000017", 
   "language": "en", 
   "lines": [
    "two"
   ]
  }, 
  {
   "begin": "6.520", 
   "end": "6.760", 
   "id": "f000018", 
   "language": "en", 
   "lines": [
    "and"
   ]
  }, 
  {
   "begin": "6.760", 
   "end": "6.920", 
   "id": "f000019", 
   "language": "en", 
   "lines": [
    "give"
   ]
  }, 
  {
   "begin": "6.920", 
   "end": "7.280", 
   "id": "f000020", 
   "language": "en", 
   "lines": [
    "half"
   ]
  }, 
  {
   "begin": "7.280", 
   "end": "7.680", 
   "id": "f000021", 
   "language": "en", 
   "lines": [
    "to"
   ]
  }, 
  {
   "begin": "7.680", 
   "end": "8.400", 
   "id": "f000022", 
   "language": "en", 
   "lines": [
    "each."
   ]
  }, 
  {
   "begin": "8.400", 
   "end": "8.560", 
   "id": "f000023", 
   "language": "en", 
   "lines": [
    "I"
   ]
  }, 
  {
   "begin": "8.560", 
   "end": "8.800", 
   "id": "f000024", 
   "language": "en", 
   "lines": [
    "want"
   ]
  }, 
  {
   "begin": "8.800", 
   "end": "8.960", 
   "id": "f000025", 
   "language": "en", 
   "lines": [
    "them"
   ]
  }, 
  {
   "begin": "8.960", 
   "end": "9.240", 
   "id": "f000026", 
   "language": "en", 
   "lines": [
    "to"
   ]
  }, 
  {
   "begin": "9.240", 
   "end": "9.520", 
   "id": "f000027", 
   "language": "en", 
   "lines": [
    "stop"
   ]
  }, 
  {
   "begin": "9.520", 
   "end": "9.920", 
   "id": "f000028", 
   "language": "en", 
   "lines": [
    "complaining.\u201d"
   ]
  }, 
  {
   "begin": "9.920", 
   "end": "10.200", 
   "id": "f000029", 
   "language": "en", 
   "lines": [
    "\n\n"
   ]
  }, 
  {
   "begin": "10.200", 
   "end": "11.520", 
   "id": "f000030", 
   "language": "en", 
   "lines": [
    "\u201cUh"
   ]
  }, 
  {
   "begin": "11.520", 
   "end": "12.080", 
   "id": "f000031", 
   "language": "en", 
   "lines": [
    "sire,"
   ]
  }, 
  {
   "begin": "12.080", 
   "end": "12.600", 
   "id": "f000032", 
   "language": "en", 
   "lines": [
    "it"
   ]
  }, 
  {
   "begin": "12.600", 
   "end": "12.920", 
   "id": "f000033", 
   "language": "en", 
   "lines": [
    "is"
   ]
  }, 
  {
   "begin": "12.920", 
   "end": "12.920", 
   "id": "f000034", 
   "language": "en", 
   "lines": [
    "a"
   ]
  }, 
  {
   "begin": "12.920", 
   "end": "14.440", 
   "id": "f000035", 
   "language": "en", 
   "lines": [
    "cow,\u201d"
   ]
  }, 
  {
   "begin": "14.440", 
   "end": "15.040", 
   "id": "f000036", 
   "language": "en", 
   "lines": [
    "whispered"
   ]
  }, 
  {
   "begin": "15.040", 
   "end": "15.680", 
   "id": "f000037", 
   "language": "en", 
   "lines": [
    "Chintamani."
   ]
  }, 
  {
   "begin": "15.680", 
   "end": "16.880", 
   "id": "f000038", 
   "language": "en", 
   "lines": [
    "\u201cCutting"
   ]
  }, 
  {
   "begin": "16.880", 
   "end": "16.960", 
   "id": "f000039", 
   "language": "en", 
   "lines": [
    "it"
   ]
  }, 
  {
   "begin": "16.960", 
   "end": "17.120", 
   "id": "f000040", 
   "language": "en", 
   "lines": [
    "in"
   ]
  }, 
  {
   "begin": "17.120", 
   "end": "17.400", 
   "id": "f000041", 
   "language": "en", 
   "lines": [
    "two"
   ]
  }, 
  {
   "begin": "17.400", 
   "end": "17.720", 
   "id": "f000042", 
   "language": "en", 
   "lines": [
    "might"
   ]
  }, 
  {
   "begin": "17.720", 
   "end": "17.920", 
   "id": "f000043", 
   "language": "en", 
   "lines": [
    "not"
   ]
  }, 
  {
   "begin": "17.920", 
   "end": "17.920", 
   "id": "f000044", 
   "language": "en", 
   "lines": [
    "be"
   ]
  }, 
  {
   "begin": "17.920", 
   "end": "17.920", 
   "id": "f000045", 
   "language": "en", 
   "lines": [
    "a"
   ]
  }, 
  {
   "begin": "17.920", 
   "end": "17.960", 
   "id": "f000046", 
   "language": "en", 
   "lines": [
    "good"
   ]
  }, 
  {
   "begin": "17.960", 
   "end": "18.200", 
   "id": "f000047", 
   "language": "en", 
   "lines": [
    "idea.\u201d"
   ]
  }, 
  {
   "begin": "18.200", 
   "end": "18.680", 
   "id": "f000048", 
   "language": "en", 
   "lines": [
    "\n\n"
   ]
  }, 
  {
   "begin": "18.680", 
   "end": "19.800", 
   "id": "f000049", 
   "language": "en", 
   "lines": [
    "One"
   ]
  }, 
  {
   "begin": "19.800", 
   "end": "20.120", 
   "id": "f000050", 
   "language": "en", 
   "lines": [
    "of"
   ]
  }, 
  {
   "begin": "20.120", 
   "end": "20.400", 
   "id": "f000051", 
   "language": "en", 
   "lines": [
    "his"
   ]
  }, 
  {
   "begin": "20.400", 
   "end": "20.840", 
   "id": "f000052", 
   "language": "en", 
   "lines": [
    "jobs"
   ]
  }, 
  {
   "begin": "20.840", 
   "end": "21.080", 
   "id": "f000053", 
   "language": "en", 
   "lines": [
    "was"
   ]
  }, 
  {
   "begin": "21.080", 
   "end": "21.200", 
   "id": "f000054", 
   "language": "en", 
   "lines": [
    "to"
   ]
  }, 
  {
   "begin": "21.200", 
   "end": "21.440", 
   "id": "f000055", 
   "language": "en", 
   "lines": [
    "make"
   ]
  }, 
  {
   "begin": "21.440", 
   "end": "21.840", 
   "id": "f000056", 
   "language": "en", 
   "lines": [
    "sure"
   ]
  }, 
  {
   "begin": "21.840", 
   "end": "21.960", 
   "id": "f000057", 
   "language": "en", 
   "lines": [
    "the"
   ]
  }, 
  {
   "begin": "21.960", 
   "end": "22.280", 
   "id": "f000058", 
   "language": "en", 
   "lines": [
    "king"
   ]
  }, 
  {
   "begin": "22.280", 
   "end": "22.440", 
   "id": "f000059", 
   "language": "en", 
   "lines": [
    "did"
   ]
  }, 
  {
   "begin": "22.440", 
   "end": "22.800", 
   "id": "f000060", 
   "language": "en", 
   "lines": [
    "not"
   ]
  }, 
  {
   "begin": "22.800", 
   "end": "23.080", 
   "id": "f000061", 
   "language": "en", 
   "lines": [
    "issue"
   ]
  }, 
  {
   "begin": "23.080", 
   "end": "23.320", 
   "id": "f000062", 
   "language": "en", 
   "lines": [
    "any"
   ]
  }, 
  {
   "begin": "23.320", 
   "end": "24.000", 
   "id": "f000063", 
   "language": "en", 
   "lines": [
    "crazy"
   ]
  }, 
  {
   "begin": "24.000", 
   "end": "24.960", 
   "id": "f000064", 
   "language": "en", 
   "lines": [
    "orders,"
   ]
  }, 
  {
   "begin": "24.960", 
   "end": "25.200", 
   "id": "f000065", 
   "language": "en", 
   "lines": [
    "which"
   ]
  }, 
  {
   "begin": "25.200", 
   "end": "25.840", 
   "id": "f000066", 
   "language": "en", 
   "lines": [
    "Petuchand"
   ]
  }, 
  {
   "begin": "25.840", 
   "end": "26.040", 
   "id": "f000067", 
   "language": "en", 
   "lines": [
    "was"
   ]
  }, 
  {
   "begin": "26.040", 
   "end": "26.440", 
   "id": "f000068", 
   "language": "en", 
   "lines": [
    "quite"
   ]
  }, 
  {
   "begin": "26.440", 
   "end": "26.840", 
   "id": "f000069", 
   "language": "en", 
   "lines": [
    "capable"
   ]
  }, 
  {
   "begin": "26.840", 
   "end": "27.080", 
   "id": "f000070", 
   "language": "en", 
   "lines": [
    "of"
   ]
  }, 
  {
   "begin": "27.080", 
   "end": "27.760", 
   "id": "f000071", 
   "language": "en", 
   "lines": [
    "doing"
   ]
  }, 
  {
   "begin": "27.760", 
   "end": "27.960", 
   "id": "f000072", 
   "language": "en", 
   "lines": [
    "when"
   ]
  }, 
  {
   "begin": "27.960", 
   "end": "28.000", 
   "id": "f000073", 
   "language": "en", 
   "lines": [
    "he"
   ]
  }, 
  {
   "begin": "28.000", 
   "end": "28.360", 
   "id": "f000074", 
   "language": "en", 
   "lines": [
    "was"
   ]
  }, 
  {
   "begin": "28.360", 
   "end": "28.840", 
   "id": "f000075", 
   "language": "en", 
   "lines": [
    "hungry"
   ]
  }, 
  {
   "begin": "28.840", 
   "end": "29.000", 
   "id": "f000076", 
   "language": "en", 
   "lines": [
    "or"
   ]
  }, 
  {
   "begin": "29.000", 
   "end": "29.600", 
   "id": "f000077", 
   "language": "en", 
   "lines": [
    "tired."
   ]
  }, 
  {
   "begin": "29.600", 
   "end": "30.280", 
   "id": "f000078", 
   "language": "en", 
   "lines": [
    "The"
   ]
  }, 
  {
   "begin": "30.280", 
   "end": "30.800", 
   "id": "f000079", 
   "language": "en", 
   "lines": [
    "worry"
   ]
  }, 
  {
   "begin": "30.800", 
   "end": "30.960", 
   "id": "f000080", 
   "language": "en", 
   "lines": [
    "had"
   ]
  }, 
  {
   "begin": "30.960", 
   "end": "31.200", 
   "id": "f000081", 
   "language": "en", 
   "lines": [
    "made"
   ]
  }, 
  {
   "begin": "31.200", 
   "end": "31.960", 
   "id": "f000082", 
   "language": "en", 
   "lines": [
    "Chintamani"
   ]
  }, 
  {
   "begin": "31.960", 
   "end": "32.360", 
   "id": "f000083", 
   "language": "en", 
   "lines": [
    "bald"
   ]
  }, 
  {
   "begin": "32.360", 
   "end": "32.680", 
   "id": "f000084", 
   "language": "en", 
   "lines": [
    "before"
   ]
  }, 
  {
   "begin": "32.680", 
   "end": "32.920", 
   "id": "f000085", 
   "language": "en", 
   "lines": [
    "his"
   ]
  }, 
  {
   "begin": "32.920", 
   "end": "33.840", 
   "id": "f000086", 
   "language": "en", 
   "lines": [
    "time."
   ]
  }
 ]
}