{
 "fragments": [
  {
   "begin": "0.000", 
   "end": "0.720", 
   "id": "f000001", 
   "language": "en", 
   "lines": [
    "\u201cDo"
   ]
  }, 
  {
   "begin": "0.720", 
   "end": "1.080", 
   "id": "f000002", 
   "language": "en", 
   "lines": [
    "you"
   ]
  }, 
  {
   "begin": "1.080", 
   "end": "1.440", 
   "id": "f000003", 
   "language": "en", 
   "lines": [
    "have"
   ]
  }, 
  {
   "begin": "1.440", 
   "end": "1.480", 
   "id": "f000004", 
   "language": "en", 
   "lines": [
    "to"
   ]
  }, 
  {
   "begin": "1.480", 
   "end": "1.840", 
   "id": "f000005", 
   "language": "en", 
   "lines": [
    "get"
   ]
  }, 
  {
   "begin": "1.840", 
   "end": "1.960", 
   "id": "f000006", 
   "language": "en", 
   "lines": [
    "the"
   ]
  }, 
  {
   "begin": "1.960", 
   "end": "2.720", 
   "id": "f000007", 
   "language": "en", 
   "lines": [
    "palace"
   ]
  }, 
  {
   "begin": "2.720", 
   "end": "2.800", 
   "id": "f000008", 
   "language": "en", 
   "lines": [
    "work"
   ]
  }, 
  {
   "begin": "2.800", 
   "end": "3.000", 
   "id": "f000009", 
   "language": "en", 
   "lines": [
    "done"
   ]
  }, 
  {
   "begin": "3.000", 
   "end": "3.280", 
   "id": "f000010", 
   "language": "en", 
   "lines": [
    "at"
   ]
  }, 
  {
   "begin": "3.280", 
   "end": "3.600", 
   "id": "f000011", 
   "language": "en", 
   "lines": [
    "this"
   ]
  }, 
  {
   "begin": "3.600", 
   "end": "4.880", 
   "id": "f000012", 
   "language": "en", 
   "lines": [
    "hour?\u201d"
   ]
  }, 
  {
   "begin": "4.880", 
   "end": "5.120", 
   "id": "f000013", 
   "language": "en", 
   "lines": [
    "he"
   ]
  }, 
  {
   "begin": "5.120", 
   "end": "5.600", 
   "id": "f000014", 
   "language": "en", 
   "lines": [
    "grumbled"
   ]
  }, 
  {
   "begin": "5.600", 
   "end": "5.760", 
   "id": "f000015", 
   "language": "en", 
   "lines": [
    "to"
   ]
  }, 
  {
   "begin": "5.760", 
   "end": "6.080", 
   "id": "f000016", 
   "language": "en", 
   "lines": [
    "queen"
   ]
  }, 
  {
   "begin": "6.080", 
   "end": "7.280", 
   "id": "f000017", 
   "language": "en", 
   "lines": [
    "Suruchi."
   ]
  }, 
  {
   "begin": "7.280", 
   "end": "7.400", 
   "id": "f000018", 
   "language": "en", 
   "lines": [
    "But"
   ]
  }, 
  {
   "begin": "7.400", 
   "end": "7.560", 
   "id": "f000019", 
   "language": "en", 
   "lines": [
    "she"
   ]
  }, 
  {
   "begin": "7.560", 
   "end": "7.920", 
   "id": "f000020", 
   "language": "en", 
   "lines": [
    "was"
   ]
  }, 
  {
   "begin": "7.920", 
   "end": "8.360", 
   "id": "f000021", 
   "language": "en", 
   "lines": [
    "snoring"
   ]
  }, 
  {
   "begin": "8.360", 
   "end": "9.040", 
   "id": "f000022", 
   "language": "en", 
   "lines": [
    "peacefully"
   ]
  }, 
  {
   "begin": "9.040", 
   "end": "9.200", 
   "id": "f000023", 
   "language": "en", 
   "lines": [
    "next"
   ]
  }, 
  {
   "begin": "9.200", 
   "end": "9.480", 
   "id": "f000024", 
   "language": "en", 
   "lines": [
    "to"
   ]
  }, 
  {
   "begin": "9.480", 
   "end": "9.840", 
   "id": "f000025", 
   "language": "en", 
   "lines": [
    "him"
   ]
  }, 
  {
   "begin": "9.840", 
   "end": "10.040", 
   "id": "f000026", 
   "language": "en", 
   "lines": [
    "in"
   ]
  }, 
  {
   "begin": "10.040", 
   "end": "10.040", 
   "id": "f000027", 
   "language": "en", 
   "lines": [
    "the"
   ]
  }, 
  {
   "begin": "10.040", 
   "end": "10.840", 
   "id": "f000028", 
   "language": "en", 
   "lines": [
    "king-sized"
   ]
  }, 
  {
   "begin": "10.840", 
   "end": "11.400", 
   "id": "f000029", 
   "language": "en", 
   "lines": [
    "bed,"
   ]
  }, 
  {
   "begin": "11.400", 
   "end": "11.880", 
   "id": "f000030", 
   "language": "en", 
   "lines": [
    "dreaming"
   ]
  }, 
  {
   "begin": "11.880", 
   "end": "11.880", 
   "id": "f000031", 
   "language": "en", 
   "lines": [
    "of"
   ]
  }, 
  {
   "begin": "11.880", 
   "end": "12.040", 
   "id": "f000032", 
   "language": "en", 
   "lines": [
    "the"
   ]
  }, 
  {
   "begin": "12.040", 
   "end": "12.360", 
   "id": "f000033", 
   "language": "en", 
   "lines": [
    "next"
   ]
  }, 
  {
   "begin": "12.360", 
   "end": "12.840", 
   "id": "f000034", 
   "language": "en", 
   "lines": [
    "palace"
   ]
  }, 
  {
   "begin": "12.840", 
   "end": "13.400", 
   "id": "f000035", 
   "language": "en", 
   "lines": [
    "festival.\n"
   ]
  }, 
  {
   "begin": "13.400", 
   "end": "14.560", 
   "id": "f000036", 
   "language": "en", 
   "lines": [
    "Tok-tok\u2026"
   ]
  }, 
  {
   "begin": "14.560", 
   "end": "16.160", 
   "id": "f000037", 
   "language": "en", 
   "lines": [
    "tok-tok!"
   ]
  }
 ]
}