{
 "fragments": [
  {
   "begin": "0.000", 
   "end": "1.040", 
   "id": "f000001", 
   "language": "en", 
   "lines": [
    "\u201cOh,"
   ]
  }, 
  {
   "begin": "1.040", 
   "end": "2.200", 
   "id": "f000002", 
   "language": "en", 
   "lines": [
    "really?"
   ]
  }, 
  {
   "begin": "2.200", 
   "end": "2.520", 
   "id": "f000003", 
   "language": "en", 
   "lines": [
    "I\u2019ve"
   ]
  }, 
  {
   "begin": "2.520", 
   "end": "2.680", 
   "id": "f000004", 
   "language": "en", 
   "lines": [
    "been"
   ]
  }, 
  {
   "begin": "2.680", 
   "end": "3.280", 
   "id": "f000005", 
   "language": "en", 
   "lines": [
    "offering"
   ]
  }, 
  {
   "begin": "3.280", 
   "end": "3.600", 
   "id": "f000006", 
   "language": "en", 
   "lines": [
    "sweets"
   ]
  }, 
  {
   "begin": "3.600", 
   "end": "3.600", 
   "id": "f000007", 
   "language": "en", 
   "lines": [
    "made"
   ]
  }, 
  {
   "begin": "3.600", 
   "end": "3.920", 
   "id": "f000008", 
   "language": "en", 
   "lines": [
    "from"
   ]
  }, 
  {
   "begin": "3.920", 
   "end": "4.360", 
   "id": "f000009", 
   "language": "en", 
   "lines": [
    "her"
   ]
  }, 
  {
   "begin": "4.360", 
   "end": "4.360", 
   "id": "f000010", 
   "language": "en", 
   "lines": [
    "milk"
   ]
  }, 
  {
   "begin": "4.360", 
   "end": "4.560", 
   "id": "f000011", 
   "language": "en", 
   "lines": [
    "to"
   ]
  }, 
  {
   "begin": "4.560", 
   "end": "4.680", 
   "id": "f000012", 
   "language": "en", 
   "lines": [
    "the"
   ]
  }, 
  {
   "begin": "4.680", 
   "end": "5.080", 
   "id": "f000013", 
   "language": "en", 
   "lines": [
    "goddess"
   ]
  }, 
  {
   "begin": "5.080", 
   "end": "5.200", 
   "id": "f000014", 
   "language": "en", 
   "lines": [
    "for"
   ]
  }, 
  {
   "begin": "5.200", 
   "end": "5.320", 
   "id": "f000015", 
   "language": "en", 
   "lines": [
    "the"
   ]
  }, 
  {
   "begin": "5.320", 
   "end": "5.760", 
   "id": "f000016", 
   "language": "en", 
   "lines": [
    "last"
   ]
  }, 
  {
   "begin": "5.760", 
   "end": "6.040", 
   "id": "f000017", 
   "language": "en", 
   "lines": [
    "three"
   ]
  }, 
  {
   "begin": "6.040", 
   "end": "7.200", 
   "id": "f000018", 
   "language": "en", 
   "lines": [
    "years,\u201d"
   ]
  }, 
  {
   "begin": "7.200", 
   "end": "7.400", 
   "id": "f000019", 
   "language": "en", 
   "lines": [
    "said"
   ]
  }, 
  {
   "begin": "7.400", 
   "end": "7.400", 
   "id": "f000020", 
   "language": "en", 
   "lines": [
    "the"
   ]
  }, 
  {
   "begin": "7.400", 
   "end": "8.040", 
   "id": "f000021", 
   "language": "en", 
   "lines": [
    "first.\n"
   ]
  }, 
  {
   "begin": "8.040", 
   "end": "9.320", 
   "id": "f000022", 
   "language": "en", 
   "lines": [
    "\u201cMy"
   ]
  }, 
  {
   "begin": "9.320", 
   "end": "9.720", 
   "id": "f000023", 
   "language": "en", 
   "lines": [
    "head"
   ]
  }, 
  {
   "begin": "9.720", 
   "end": "10.760", 
   "id": "f000024", 
   "language": "en", 
   "lines": [
    "hurts,\u201d"
   ]
  }, 
  {
   "begin": "10.760", 
   "end": "11.880", 
   "id": "f000025", 
   "language": "en", 
   "lines": [
    "said"
   ]
  }, 
  {
   "begin": "11.880", 
   "end": "12.040", 
   "id": "f000026", 
   "language": "en", 
   "lines": [
    "the"
   ]
  }, 
  {
   "begin": "12.040", 
   "end": "12.280", 
   "id": "f000027", 
   "language": "en", 
   "lines": [
    "king"
   ]
  }, 
  {
   "begin": "12.280", 
   "end": "12.400", 
   "id": "f000028", 
   "language": "en", 
   "lines": [
    "to"
   ]
  }, 
  {
   "begin": "12.400", 
   "end": "12.600", 
   "id": "f000029", 
   "language": "en", 
   "lines": [
    "his"
   ]
  }, 
  {
   "begin": "12.600", 
   "end": "13.000", 
   "id": "f000030", 
   "language": "en", 
   "lines": [
    "prime"
   ]
  }, 
  {
   "begin": "13.000", 
   "end": "13.400", 
   "id": "f000031", 
   "language": "en", 
   "lines": [
    "minister,"
   ]
  }, 
  {
   "begin": "13.400", 
   "end": "14.560", 
   "id": "f000032", 
   "language": "en", 
   "lines": [
    "Chintamani."
   ]
  }
 ]
}