{"id":129,"name":"The Missing Bat","writtenby":"Vaishali Shroff","illustrationsby":"Tapas Guha","translationby":"","source":"Pratham Books","status":"active","level":3,"pages":[{"id":1478,"content":"The state of Jammu and Kashmir is one of the largest manufacturers of cricket bats in India. Sangam, where this story is set, is a town about 35 kilometres from the state capital Srinagar.\n\nThe abundance of willow trees in the region makes it home to nearly two hundred cricket bat workshops.","pageno":1,"image":"d5f657c3f89461e4d5f947b4e59f0d58.jpg","audio":"698aa492edac8e5cd59253888c25449b.mp3","audio_map":"69de388892014ef6e1ac0ea9176d1f9b.json","language":[]},{"id":1479,"content":"Rehman Chacha had a cricket bat factory in Sangam. One could see cricket bats neatly stacked in rows all around his factory.\n \nThe bats were made from willow trees that make the best quality bats in the world. The trees grew neatly in rows on both sides of the road that ran through Sangam. In fact, you can see them all over Kashmir.","pageno":2,"image":"5ce74bd3cffc6b4ff2d873d604013fe8.jpg","audio":"2cb5158a00e3c6ffa04f39de1c64278d.mp3","audio_map":"43269c0df46dcac80eea1c0bb03c0487.json","language":[]},{"id":1480,"content":"Rehman Chacha was an old man with a hunchback who would always be on his feet to get his work done.\n\nHe often frowned and used a walking stick wherever he went.","pageno":3,"image":"5b07d3c19e823850a7bc443e9c64e426.jpg","audio":"517d898c3f4fed6dd8002f72c90a09b4.mp3","audio_map":"54931b41a98fbdac4729a888de475256.json","language":[]},{"id":1481,"content":"Aamir worked at Rehman Chacha's factory. His son, Ahmed, stayed with him at the factory every day after school. He would stare at the tall stacks of cricket bats in awe.\n\nOn several evenings, after the sun had set, he would see the moon partly hidden behind the stack of bats and wonder if he could touch the moon if he ever climbed up to the top of a stack.","pageno":4,"image":"eee061733bf06daf726076e230fb48c8.jpg","audio":"9542e818edec5934ada259b2404da255.mp3","audio_map":"311c9b5ab5e03f0f8ec960676b19f268.json","language":[]},{"id":1482,"content":"He would hold the bat after Aamir had chiseled it with his lathe machine and run his fingers across the length of the bat. Gripping it by its handle, he would swing it in the air with a flick of his wrist. He was only seven, but he dreamt of being Sachin Tendulkar someday.","pageno":5,"image":"f76799635dfde4641f08462ea099627c.jpg","audio":"094e0c995e6b295b338af15546e89ed5.mp3","audio_map":"3d6b2173fd8ef91b1e2cbe09514f5802.json","language":[]},{"id":1483,"content":"Before the workers left for home each evening, Rehman Chacha would count the number of bats in his warehouse. He was very particular about his stock. If he found a bat missing, he would start playing detective.\n\nAnd it happened! One morning when Rehman Chacha opened his warehouse to take the stock out and load it onto his truck, he found that there was one bat less. That too, the one that was the biggest and the lightest!","pageno":6,"image":"2814324a4716a39db0e2f42bf6fe01b4.jpg","audio":"9f8ff5c9fdc9284e0ab9a0b4f56402c9.mp3","audio_map":"6ab4ecb7025dfbbd93fc4061ace70879.json","language":[]},{"id":1484,"content":"He was furious and ordered all his men to stand in a row. \u201cOne bat is missing. Where do you think it could have gone?\u201d\n\nEveryone looked down and shook their heads. They found it difficult to look at Chacha when he was angry.\n\n\u201cHow can a bat disappear overnight? No one else enters the warehouse other than you all and me,\u201d screamed Rehman Chacha as everyone continued looking down.","pageno":7,"image":"602f336ff43a9b3f2e0103b7ddb20cbe.jpg","audio":"7c44aa221f77d18c3182e362ad071f62.mp3","audio_map":"3f6095bef70f62977322dbb47b7c103f.json","language":[]},{"id":1485,"content":"Just then Rehman Chacha laid his eyes on Aamir. \u201cAha! Where is Ahmed, Aamir? He is not to be seen today.\u201d\n\n\u201cAhmed is not keeping too well, Rehman Chacha. He is down with a cold and cough,\u201d Aamir answered, still looking down.\n\nSuddenly, one by one everyone started giggling and then laughing, including Aamir.","pageno":8,"image":"039a65ecd7645d0e814f00c15c223728.jpg","audio":"129146899b796f696149c48cc394f8f6.mp3","audio_map":"e570232ed1359ec522e0fb89fd8c409a.json","language":[]},{"id":1486,"content":"\u201cWhy are all you shameless people laughing?\u201d Rehman Chacha could not get any angrier now.\n\n\u201cWe found the missing cricket bat, Chacha!\u201d exclaimed a delighted Aamir.\n\nRehman Chacha was astonished. \u201cBut\u2026but...but you have all been standing in front of me. How did you find it? Where is it?\u201d asked Rehman Chacha.\n\nEveryone looked down at Rehman Chacha\u2019s \u2018walking stick\u2019. So did Rehman Chacha.","pageno":9,"image":"ef2d086fac077781cb25e248b4eee9a4.jpg","audio":"269b21572079e105d2aa07e14f78cce8.mp3","audio_map":"b5671915e05774d6ab1cf0300dab85f9.json","language":[]},{"id":1487,"content":"No one knew Rehman Chacha could laugh so loudly. And no one knew till then that he wore dentures!","pageno":10,"image":"445b2962db746211fb069a3b51ce507f.jpg","audio":"9afd06484321680bfe2a1cab3edd756e.mp3","audio_map":"be662ed6de104e047f6619053afc1bf2.json","language":[]}],"language":[],"questions":[{"id":6234,"type":"pre","storypage_id":0,"order_number":1,"title":"Vocabulary","question":{"question_type":"vocabulary","question":{"text":"","image":"","type":""},"words":[{"word":"walking stick","image":"7544fe8df8f767324d1c419a705a195e.png"},{"word":"lathe machine","image":"276f024f317ed7368f64f995c84f7c17.png"},{"word":"giggling","image":"310857c2be1344e188d8ab64863a19cc.png"},{"word":"dentures","image":"c156c3fe82f149bca675c908f8871c09.png"}]},"score":1,"question_template_id":21,"question_template":"Vocab"},{"id":6226,"type":"during","storypage_id":1478,"order_number":1,"title":"Choose the correct answer.","question":{"question_type":"mcq_single_answer","question":{"text":"What town is this story set in?","image":"","type":"text"},"options":[{"text":"Sangam","type":"text","image":"","ans":1},{"text":"Prayag","type":"text","image":"","ans":0},{"text":"Kashi","type":"text","image":"","ans":0},{"text":"Badrinath","type":"text","image":"","ans":0}],"answers":["Sangam"]},"score":1,"question_template_id":2,"question_template":"Text MCQ"},{"id":6227,"type":"during","storypage_id":1479,"order_number":2,"title":"Choose the correct answer.","question":{"question_type":"mcq_single_answer","question":{"text":"What did Rehman Chacha's factory make?","image":"","type":"text"},"options":[{"text":"Cricket bats","type":"both","image":"f8c132553880ce0b5eaca283125eb20d.png","ans":1},{"text":"Tennis racquets","type":"both","image":"0acf7aca0d9501daa0783f92e5195d54.png","ans":0},{"text":"Table tennis paddle","type":"both","image":"47109a990080dd2f0c7d29d6b44fda95.png","ans":0},{"text":"Footballs","type":"both","image":"043e38dbf079fdcb283ec1dff0f24a98.png","ans":0}],"answers":["Cricket bats"]},"score":1,"question_template_id":2,"question_template":"Text MCQ"},{"id":6228,"type":"during","storypage_id":1480,"order_number":3,"title":"Choose as many answers as are correct.","question":{"question_type":"mcq_multiple_answer","question":{"text":"What signs prove to us that Rehman Chacha was very old?","image":"","type":"text"},"options":[{"text":"He used a walking stick.","type":"both","image":"95f778a185d9b3881f0b70d7d6d8d88e.png","ans":1},{"text":"He had a hunchback.","type":"both","image":"73a379a1b1ac0020aad7eb6d246c1daa.png","ans":1},{"text":"He couldn't speak.","type":"both","image":"86b81f8f5f8b6bc3caa58d55d3d4e472.png","ans":0},{"text":"He was blind.","type":"both","image":"5d46e533e962e5a5871d7b5c7fe660c8.png","ans":0}],"answers":["He used a walking stick.","He had a hunchback."]},"score":1,"question_template_id":12,"question_template":"MCQ Multiple Answer with images"},{"id":6229,"type":"during","storypage_id":1481,"order_number":4,"title":"Choose the correct answer.","question":{"question_type":"mcq_single_answer","question":{"text":"What does the writer mean when she says Ahmed used to \"stare at the cricket bats in awe\"?","image":"","type":"text"},"options":[{"text":"It means he was very impressed by them.","type":"both","image":"df6aaeddb6747aebae4e79b65cad91ef.png","ans":1},{"text":"It means he was scared of them.","type":"both","image":"d3c587ca8e45acdcea2e66ac712d8002.png","ans":0},{"text":"It means he was bored of them.","type":"both","image":"e96348cf929ebfbb5c617dd63094445f.png","ans":0},{"text":"It means he hated them.","type":"both","image":"9cefb460b2e39248dc78d94ee9044d8f.png","ans":0}],"answers":["It means he was very impressed by them."]},"score":1,"question_template_id":2,"question_template":"Text MCQ"},{"id":6230,"type":"during","storypage_id":1482,"order_number":5,"title":"Choose the correct answer.","question":{"question_type":"mcq_single_answer","question":{"text":"What does Ahmed \"dreaming about being Sachin Tendulkar one day\" tell us about him?","image":"","type":"text"},"options":[{"text":"He was very interested in cricket.","type":"both","image":"704ea001c7b321dc998ae5a939cea688.png","ans":1},{"text":"He was very interested in celebrities.","type":"both","image":"8230c61be4d38184962bf05a240dc65e.png","ans":0},{"text":"He was very interested in being on TV.","type":"both","image":"ecf27d307a0891539758a0b3508f3fa8.png","ans":0},{"text":"He liked to dream a lot.","type":"both","image":"4ca8730b9d3b0aea9ac651021ca9e34e.png","ans":0}],"answers":["He was very interested in cricket."]},"score":1,"question_template_id":2,"question_template":"Text MCQ"},{"id":6231,"type":"during","storypage_id":1483,"order_number":6,"title":"Choose the correct answer.","question":{"question_type":"mcq_single_answer","question":{"text":"What did Rehman Chacha find out one day?","image":"","type":"text"},"options":[{"text":"That a bat was missing.","type":"both","image":"4e37d944391a92800b9272b9695027c0.png","ans":1},{"text":"That he could walk properly again.","type":"both","image":"a39506222bf4b9bf6671685486e7be67.png","ans":0},{"text":"That the weather was very nice.","type":"both","image":"98f290aafe9ddeca8d60a60b525dd77d.png","ans":0},{"text":"That he had run out of water.","type":"both","image":"2e9379531d6de6772f87240aa2d65d5a.png","ans":0}],"answers":["That a bat was missing."]},"score":1,"question_template_id":2,"question_template":"Text MCQ"},{"id":6232,"type":"during","storypage_id":1485,"order_number":7,"title":"Choose the correct answer.","question":{"question_type":"mcq_single_answer","question":{"text":"What was Rehman Chacha implying when he mentioned Aamir's name to Ahmed?","image":"","type":"text"},"options":[{"text":"That Aamir had stolen the bat.","type":"both","image":"99f370798afe9c76b627fce9e31371ac.png","ans":1},{"text":"That he missed Aamir.","type":"both","image":"047898053edd6a2d6f0953028f917ed5.png","ans":0},{"text":"That he wanted to play with Aamir.","type":"both","image":"bf6217a312a29315c5a64f4722308c14.png","ans":0},{"text":"That he was angry with Aamir.","type":"both","image":"009576b3c3079a956265ff811e4b111c.png","ans":0}],"answers":["That Aamir had stolen the bat."]},"score":1,"question_template_id":2,"question_template":"Text MCQ"},{"id":6233,"type":"during","storypage_id":1487,"order_number":8,"title":"Choose the correct answer.","question":{"question_type":"mcq_single_answer","question":{"text":"Where did the bat turn out to be after all?","image":"","type":"text"},"options":[{"text":"Rehman Chacha used it as his walking stick.","type":"both","image":"1a4e8cdfd90de15c8638491e26ee26ad.png","ans":1},{"text":"In Aamir's house.","type":"both","image":"817cd8fc732c200e0c88f1a998149f1b.png","ans":0},{"text":"In Ahmed's bag.","type":"both","image":"a84b06f1879b8fd3e1bd20980c1269ef.png","ans":0},{"text":"It was on tree.","type":"both","image":"0c2ecb24379cdbd92be487341408dc79.png","ans":0}],"answers":["Rehman Chacha used it as his walking stick."]},"score":1,"question_template_id":2,"question_template":"Text MCQ"}]}