{
	"fragments": [{
			"begin": "0.840",
			"end": "0.880",
			"id": "f000007",
			"language": "en",
			"lines": [
				"He"
			]
		},
		{
			"begin": "0.880",
			"end": "1.000",
			"id": "f000008",
			"language": "en",
			"lines": [
				"would"
			]
		},
		{
			"begin": "1.000",
			"end": "1.320",
			"id": "f000009",
			"language": "en",
			"lines": [
				"hold"
			]
		},
		{
			"begin": "1.320",
			"end": "1.360",
			"id": "f000010",
			"language": "en",
			"lines": [
				"the"
			]
		},
		{
			"begin": "1.360",
			"end": "1.600",
			"id": "f000011",
			"language": "en",
			"lines": [
				"bat"
			]
		},
		{
			"begin": "1.600",
			"end": "1.840",
			"id": "f000012",
			"language": "en",
			"lines": [
				"after"
			]
		},
		{
			"begin": "1.840",
			"end": "2.160",
			"id": "f000013",
			"language": "en",
			"lines": [
				"Aamir"
			]
		},
		{
			"begin": "2.160",
			"end": "2.280",
			"id": "f000014",
			"language": "en",
			"lines": [
				"had"
			]
		},
		{
			"begin": "2.280",
			"end": "2.840",
			"id": "f000015",
			"language": "en",
			"lines": [
				"chiseled"
			]
		},
		{
			"begin": "2.840",
			"end": "3.000",
			"id": "f000016",
			"language": "en",
			"lines": [
				"it"
			]
		},
		{
			"begin": "3.000",
			"end": "3.160",
			"id": "f000017",
			"language": "en",
			"lines": [
				"with"
			]
		},
		{
			"begin": "3.160",
			"end": "3.320",
			"id": "f000018",
			"language": "en",
			"lines": [
				"his"
			]
		},
		{
			"begin": "3.320",
			"end": "3.680",
			"id": "f000019",
			"language": "en",
			"lines": [
				"lathe"
			]
		},
		{
			"begin": "3.680",
			"end": "4.600",
			"id": "f000020",
			"language": "en",
			"lines": [
				"machine"
			]
		},
		{
			"begin": "4.600",
			"end": "4.800",
			"id": "f000021",
			"language": "en",
			"lines": [
				"and"
			]
		},
		{
			"begin": "4.800",
			"end": "4.960",
			"id": "f000022",
			"language": "en",
			"lines": [
				"run"
			]
		},
		{
			"begin": "4.960",
			"end": "5.200",
			"id": "f000023",
			"language": "en",
			"lines": [
				"his"
			]
		},
		{
			"begin": "5.200",
			"end": "5.680",
			"id": "f000024",
			"language": "en",
			"lines": [
				"fingers"
			]
		},
		{
			"begin": "5.680",
			"end": "6.080",
			"id": "f000025",
			"language": "en",
			"lines": [
				"across"
			]
		},
		{
			"begin": "6.080",
			"end": "6.160",
			"id": "f000026",
			"language": "en",
			"lines": [
				"the"
			]
		},
		{
			"begin": "6.160",
			"end": "6.520",
			"id": "f000027",
			"language": "en",
			"lines": [
				"length"
			]
		},
		{
			"begin": "6.520",
			"end": "6.600",
			"id": "f000028",
			"language": "en",
			"lines": [
				"of"
			]
		},
		{
			"begin": "6.600",
			"end": "6.760",
			"id": "f000029",
			"language": "en",
			"lines": [
				"the"
			]
		},
		{
			"begin": "6.760",
			"end": "7.920",
			"id": "f000030",
			"language": "en",
			"lines": [
				"bat."
			]
		},
		{
			"begin": "7.920",
			"end": "8.120",
			"id": "f000031",
			"language": "en",
			"lines": [
				"Gripping"
			]
		},
		{
			"begin": "8.120",
			"end": "8.480",
			"id": "f000032",
			"language": "en",
			"lines": [
				"it"
			]
		},
		{
			"begin": "8.480",
			"end": "8.760",
			"id": "f000033",
			"language": "en",
			"lines": [
				"by"
			]
		},
		{
			"begin": "8.760",
			"end": "8.920",
			"id": "f000034",
			"language": "en",
			"lines": [
				"its"
			]
		},
		{
			"begin": "8.920",
			"end": "9.960",
			"id": "f000035",
			"language": "en",
			"lines": [
				"handle,"
			]
		},
		{
			"begin": "9.960",
			"end": "10.040",
			"id": "f000036",
			"language": "en",
			"lines": [
				"he"
			]
		},
		{
			"begin": "10.040",
			"end": "10.200",
			"id": "f000037",
			"language": "en",
			"lines": [
				"would"
			]
		},
		{
			"begin": "10.200",
			"end": "10.600",
			"id": "f000038",
			"language": "en",
			"lines": [
				"swing"
			]
		},
		{
			"begin": "10.600",
			"end": "10.640",
			"id": "f000039",
			"language": "en",
			"lines": [
				"it"
			]
		},
		{
			"begin": "10.640",
			"end": "10.920",
			"id": "f000040",
			"language": "en",
			"lines": [
				"in"
			]
		},
		{
			"begin": "10.920",
			"end": "10.960",
			"id": "f000041",
			"language": "en",
			"lines": [
				"the"
			]
		},
		{
			"begin": "10.960",
			"end": "11.200",
			"id": "f000042",
			"language": "en",
			"lines": [
				"air"
			]
		},
		{
			"begin": "11.200",
			"end": "11.360",
			"id": "f000043",
			"language": "en",
			"lines": [
				"with"
			]
		},
		{
			"begin": "11.360",
			"end": "11.520",
			"id": "f000044",
			"language": "en",
			"lines": [
				"a"
			]
		},
		{
			"begin": "11.520",
			"end": "11.760",
			"id": "f000045",
			"language": "en",
			"lines": [
				"flick"
			]
		},
		{
			"begin": "11.760",
			"end": "12.040",
			"id": "f000046",
			"language": "en",
			"lines": [
				"of"
			]
		},
		{
			"begin": "12.040",
			"end": "12.440",
			"id": "f000047",
			"language": "en",
			"lines": [
				"his"
			]
		},
		{
			"begin": "12.440",
			"end": "13.120",
			"id": "f000048",
			"language": "en",
			"lines": [
				"wrist."
			]
		},
		{
			"begin": "13.120",
			"end": "13.280",
			"id": "f000049",
			"language": "en",
			"lines": [
				"He"
			]
		},
		{
			"begin": "13.280",
			"end": "13.440",
			"id": "f000050",
			"language": "en",
			"lines": [
				"was"
			]
		},
		{
			"begin": "13.440",
			"end": "13.800",
			"id": "f000051",
			"language": "en",
			"lines": [
				"only"
			]
		},
		{
			"begin": "13.800",
			"end": "14.200",
			"id": "f000052",
			"language": "en",
			"lines": [
				"seven,"
			]
		},
		{
			"begin": "14.200",
			"end": "14.800",
			"id": "f000053",
			"language": "en",
			"lines": [
				"but"
			]
		},
		{
			"begin": "14.800",
			"end": "14.960",
			"id": "f000054",
			"language": "en",
			"lines": [
				"he"
			]
		},
		{
			"begin": "14.960",
			"end": "15.400",
			"id": "f000055",
			"language": "en",
			"lines": [
				"dreamt"
			]
		},
		{
			"begin": "15.400",
			"end": "15.400",
			"id": "f000056",
			"language": "en",
			"lines": [
				"of"
			]
		},
		{
			"begin": "15.400",
			"end": "15.640",
			"id": "f000057",
			"language": "en",
			"lines": [
				"being"
			]
		},
		{
			"begin": "15.640",
			"end": "16.040",
			"id": "f000058",
			"language": "en",
			"lines": [
				"Sachin"
			]
		},
		{
			"begin": "16.040",
			"end": "16.600",
			"id": "f000059",
			"language": "en",
			"lines": [
				"Tendulkar"
			]
		},
		{
			"begin": "16.600",
			"end": "17.640",
			"id": "f000060",
			"language": "en",
			"lines": [
				"someday."
			]
		}
	]
}