{
	"fragments": [{
			"begin": "0.720",
			"end": "1.000",
			"id": "f000009",
			"language": "en",
			"lines": [
				"Rehman"
			]
		},
		{
			"begin": "1.000",
			"end": "1.400",
			"id": "f000010",
			"language": "en",
			"lines": [
				"Chacha"
			]
		},
		{
			"begin": "1.400",
			"end": "1.600",
			"id": "f000011",
			"language": "en",
			"lines": [
				"had"
			]
		},
		{
			"begin": "1.600",
			"end": "1.680",
			"id": "f000012",
			"language": "en",
			"lines": [
				"a"
			]
		},
		{
			"begin": "1.680",
			"end": "2.040",
			"id": "f000013",
			"language": "en",
			"lines": [
				"cricket"
			]
		},
		{
			"begin": "2.040",
			"end": "2.240",
			"id": "f000014",
			"language": "en",
			"lines": [
				"bat"
			]
		},
		{
			"begin": "2.240",
			"end": "2.920",
			"id": "f000015",
			"language": "en",
			"lines": [
				"factory"
			]
		},
		{
			"begin": "2.920",
			"end": "2.960",
			"id": "f000016",
			"language": "en",
			"lines": [
				"in"
			]
		},
		{
			"begin": "2.960",
			"end": "4.240",
			"id": "f000017",
			"language": "en",
			"lines": [
				"Sangam."
			]
		},
		{
			"begin": "4.240",
			"end": "4.400",
			"id": "f000018",
			"language": "en",
			"lines": [
				"One"
			]
		},
		{
			"begin": "4.400",
			"end": "4.600",
			"id": "f000019",
			"language": "en",
			"lines": [
				"could"
			]
		},
		{
			"begin": "4.600",
			"end": "4.840",
			"id": "f000020",
			"language": "en",
			"lines": [
				"see"
			]
		},
		{
			"begin": "4.840",
			"end": "5.240",
			"id": "f000021",
			"language": "en",
			"lines": [
				"cricket"
			]
		},
		{
			"begin": "5.240",
			"end": "5.640",
			"id": "f000022",
			"language": "en",
			"lines": [
				"bats"
			]
		},
		{
			"begin": "5.640",
			"end": "6.160",
			"id": "f000023",
			"language": "en",
			"lines": [
				"neatly"
			]
		},
		{
			"begin": "6.160",
			"end": "6.560",
			"id": "f000024",
			"language": "en",
			"lines": [
				"stacked"
			]
		},
		{
			"begin": "6.560",
			"end": "6.760",
			"id": "f000025",
			"language": "en",
			"lines": [
				"in"
			]
		},
		{
			"begin": "6.760",
			"end": "7.160",
			"id": "f000026",
			"language": "en",
			"lines": [
				"rows"
			]
		},
		{
			"begin": "7.160",
			"end": "7.440",
			"id": "f000027",
			"language": "en",
			"lines": [
				"all"
			]
		},
		{
			"begin": "7.440",
			"end": "7.760",
			"id": "f000028",
			"language": "en",
			"lines": [
				"around"
			]
		},
		{
			"begin": "7.760",
			"end": "7.960",
			"id": "f000029",
			"language": "en",
			"lines": [
				"his"
			]
		},
		{
			"begin": "7.960",
			"end": "9.200",
			"id": "f000030",
			"language": "en",
			"lines": [
				"factory.\n\n"
			]
		},
		{
			"begin": "9.200",
			"end": "9.200",
			"id": "f000031",
			"language": "en",
			"lines": [
				""
			]
		},
		{
			"begin": "9.200",
			"end": "9.280",
			"id": "f000032",
			"language": "en",
			"lines": [
				"The"
			]
		},
		{
			"begin": "9.280",
			"end": "9.640",
			"id": "f000033",
			"language": "en",
			"lines": [
				"bats"
			]
		},
		{
			"begin": "9.640",
			"end": "9.760",
			"id": "f000034",
			"language": "en",
			"lines": [
				"were"
			]
		},
		{
			"begin": "9.760",
			"end": "10.000",
			"id": "f000035",
			"language": "en",
			"lines": [
				"made"
			]
		},
		{
			"begin": "10.000",
			"end": "10.320",
			"id": "f000036",
			"language": "en",
			"lines": [
				"from"
			]
		},
		{
			"begin": "10.320",
			"end": "10.560",
			"id": "f000037",
			"language": "en",
			"lines": [
				"willow"
			]
		},
		{
			"begin": "10.560",
			"end": "10.960",
			"id": "f000038",
			"language": "en",
			"lines": [
				"trees"
			]
		},
		{
			"begin": "10.960",
			"end": "11.440",
			"id": "f000039",
			"language": "en",
			"lines": [
				"that"
			]
		},
		{
			"begin": "11.440",
			"end": "11.640",
			"id": "f000040",
			"language": "en",
			"lines": [
				"make"
			]
		},
		{
			"begin": "11.640",
			"end": "11.880",
			"id": "f000041",
			"language": "en",
			"lines": [
				"the"
			]
		},
		{
			"begin": "11.880",
			"end": "12.120",
			"id": "f000042",
			"language": "en",
			"lines": [
				"best"
			]
		},
		{
			"begin": "12.120",
			"end": "12.680",
			"id": "f000043",
			"language": "en",
			"lines": [
				"quality"
			]
		},
		{
			"begin": "12.680",
			"end": "13.080",
			"id": "f000044",
			"language": "en",
			"lines": [
				"bats"
			]
		},
		{
			"begin": "13.080",
			"end": "13.120",
			"id": "f000045",
			"language": "en",
			"lines": [
				"in"
			]
		},
		{
			"begin": "13.120",
			"end": "13.360",
			"id": "f000046",
			"language": "en",
			"lines": [
				"the"
			]
		},
		{
			"begin": "13.360",
			"end": "13.680",
			"id": "f000047",
			"language": "en",
			"lines": [
				"world."
			]
		},
		{
			"begin": "13.680",
			"end": "14.880",
			"id": "f000048",
			"language": "en",
			"lines": [
				"The"
			]
		},
		{
			"begin": "14.880",
			"end": "15.240",
			"id": "f000049",
			"language": "en",
			"lines": [
				"trees"
			]
		},
		{
			"begin": "15.240",
			"end": "15.560",
			"id": "f000050",
			"language": "en",
			"lines": [
				"grew"
			]
		},
		{
			"begin": "15.560",
			"end": "15.920",
			"id": "f000051",
			"language": "en",
			"lines": [
				"neatly"
			]
		},
		{
			"begin": "15.920",
			"end": "16.160",
			"id": "f000052",
			"language": "en",
			"lines": [
				"in"
			]
		},
		{
			"begin": "16.160",
			"end": "16.640",
			"id": "f000053",
			"language": "en",
			"lines": [
				"rows"
			]
		},
		{
			"begin": "16.640",
			"end": "16.800",
			"id": "f000054",
			"language": "en",
			"lines": [
				"on"
			]
		},
		{
			"begin": "16.800",
			"end": "17.080",
			"id": "f000055",
			"language": "en",
			"lines": [
				"both"
			]
		},
		{
			"begin": "17.080",
			"end": "17.360",
			"id": "f000056",
			"language": "en",
			"lines": [
				"sides"
			]
		},
		{
			"begin": "17.360",
			"end": "17.360",
			"id": "f000057",
			"language": "en",
			"lines": [
				"of"
			]
		},
		{
			"begin": "17.360",
			"end": "17.600",
			"id": "f000058",
			"language": "en",
			"lines": [
				"the"
			]
		},
		{
			"begin": "17.600",
			"end": "18.000",
			"id": "f000059",
			"language": "en",
			"lines": [
				"road"
			]
		},
		{
			"begin": "18.000",
			"end": "18.480",
			"id": "f000060",
			"language": "en",
			"lines": [
				"that"
			]
		},
		{
			"begin": "18.480",
			"end": "18.760",
			"id": "f000061",
			"language": "en",
			"lines": [
				"ran"
			]
		},
		{
			"begin": "18.760",
			"end": "19.000",
			"id": "f000062",
			"language": "en",
			"lines": [
				"through"
			]
		},
		{
			"begin": "19.000",
			"end": "19.920",
			"id": "f000063",
			"language": "en",
			"lines": [
				"Sangam."
			]
		},
		{
			"begin": "19.920",
			"end": "20.080",
			"id": "f000064",
			"language": "en",
			"lines": [
				"In"
			]
		},
		{
			"begin": "20.080",
			"end": "20.800",
			"id": "f000065",
			"language": "en",
			"lines": [
				"fact,"
			]
		},
		{
			"begin": "20.800",
			"end": "20.920",
			"id": "f000066",
			"language": "en",
			"lines": [
				"you"
			]
		},
		{
			"begin": "20.920",
			"end": "21.120",
			"id": "f000067",
			"language": "en",
			"lines": [
				"can"
			]
		},
		{
			"begin": "21.120",
			"end": "21.320",
			"id": "f000068",
			"language": "en",
			"lines": [
				"see"
			]
		},
		{
			"begin": "21.320",
			"end": "21.600",
			"id": "f000069",
			"language": "en",
			"lines": [
				"them"
			]
		},
		{
			"begin": "21.600",
			"end": "21.840",
			"id": "f000070",
			"language": "en",
			"lines": [
				"all"
			]
		},
		{
			"begin": "21.840",
			"end": "22.080",
			"id": "f000071",
			"language": "en",
			"lines": [
				"over"
			]
		},
		{
			"begin": "22.080",
			"end": "22.960",
			"id": "f000072",
			"language": "en",
			"lines": [
				"Kashmir."
			]
		}
	]
}