{
	"fragments": [

		{
			"begin": "1.760",
			"end": "2.520",
			"id": "f000010",
			"language": "en",
			"lines": [
				"Rehman"
			]
		},
		{
			"begin": "2.520",
			"end": "2.760",
			"id": "f000011",
			"language": "en",
			"lines": [
				"Chacha"
			]
		},
		{
			"begin": "2.760",
			"end": "2.960",
			"id": "f000012",
			"language": "en",
			"lines": [
				"was"
			]
		},
		{
			"begin": "2.960",
			"end": "3.600",
			"id": "f000013",
			"language": "en",
			"lines": [
				"an"
			]
		},
		{
			"begin": "3.600",
			"end": "3.840",
			"id": "f000014",
			"language": "en",
			"lines": [
				"old"
			]
		},
		{
			"begin": "3.840",
			"end": "4.040",
			"id": "f000015",
			"language": "en",
			"lines": [
				"man"
			]
		},
		{
			"begin": "4.040",
			"end": "4.080",
			"id": "f000016",
			"language": "en",
			"lines": [
				"with"
			]
		},
		{
			"begin": "4.080",
			"end": "4.360",
			"id": "f000017",
			"language": "en",
			"lines": [
				"a"
			]
		},
		{
			"begin": "4.360",
			"end": "4.600",
			"id": "f000018",
			"language": "en",
			"lines": [
				"hunchback"
			]
		},
		{
			"begin": "4.600",
			"end": "4.600",
			"id": "f000019",
			"language": "en",
			"lines": [
				"who"
			]
		},
		{
			"begin": "4.600",
			"end": "4.680",
			"id": "f000020",
			"language": "en",
			"lines": [
				"would"
			]
		},
		{
			"begin": "4.680",
			"end": "4.880",
			"id": "f000021",
			"language": "en",
			"lines": [
				"always"
			]
		},
		{
			"begin": "4.880",
			"end": "4.880",
			"id": "f000022",
			"language": "en",
			"lines": [
				"be"
			]
		},
		{
			"begin": "4.880",
			"end": "4.920",
			"id": "f000023",
			"language": "en",
			"lines": [
				"on"
			]
		},
		{
			"begin": "4.920",
			"end": "5.080",
			"id": "f000024",
			"language": "en",
			"lines": [
				"his"
			]
		},
		{
			"begin": "5.080",
			"end": "5.080",
			"id": "f000025",
			"language": "en",
			"lines": [
				"feet"
			]
		},
		{
			"begin": "5.080",
			"end": "5.320",
			"id": "f000026",
			"language": "en",
			"lines": [
				"to"
			]
		},
		{
			"begin": "5.320",
			"end": "5.480",
			"id": "f000027",
			"language": "en",
			"lines": [
				"get"
			]
		},
		{
			"begin": "5.480",
			"end": "5.680",
			"id": "f000028",
			"language": "en",
			"lines": [
				"his"
			]
		},
		{
			"begin": "5.680",
			"end": "6.040",
			"id": "f000029",
			"language": "en",
			"lines": [
				"work"
			]
		},
		{
			"begin": "6.040",
			"end": "6.320",
			"id": "f000030",
			"language": "en",
			"lines": [
				"done.\n\n"
			]
		},
		{
			"begin": "6.320",
			"end": "6.320",
			"id": "f000031",
			"language": "en",
			"lines": [
				""
			]
		},
		{
			"begin": "6.320",
			"end": "6.320",
			"id": "f000032",
			"language": "en",
			"lines": [
				""
			]
		},
		{
			"begin": "6.320",
			"end": "7.120",
			"id": "f000033",
			"language": "en",
			"lines": [
				""
			]
		},
		{
			"begin": "7.120",
			"end": "7.120",
			"id": "f000034",
			"language": "en",
			"lines": [
				""
			]
		},
		{
			"begin": "7.120",
			"end": "7.280",
			"id": "f000035",
			"language": "en",
			"lines": [
				"He"
			]
		},
		{
			"begin": "7.280",
			"end": "7.600",
			"id": "f000036",
			"language": "en",
			"lines": [
				"often"
			]
		},
		{
			"begin": "7.600",
			"end": "8.440",
			"id": "f000037",
			"language": "en",
			"lines": [
				"frowned"
			]
		},
		{
			"begin": "8.440",
			"end": "8.680",
			"id": "f000038",
			"language": "en",
			"lines": [
				"and"
			]
		},
		{
			"begin": "8.680",
			"end": "8.920",
			"id": "f000039",
			"language": "en",
			"lines": [
				"used"
			]
		},
		{
			"begin": "8.920",
			"end": "9.040",
			"id": "f000040",
			"language": "en",
			"lines": [
				"a"
			]
		},
		{
			"begin": "9.040",
			"end": "9.560",
			"id": "f000041",
			"language": "en",
			"lines": [
				"walking"
			]
		},
		{
			"begin": "9.560",
			"end": "9.920",
			"id": "f000042",
			"language": "en",
			"lines": [
				"stick"
			]
		},
		{
			"begin": "9.920",
			"end": "10.400",
			"id": "f000043",
			"language": "en",
			"lines": [
				"wherever"
			]
		},
		{
			"begin": "10.400",
			"end": "10.480",
			"id": "f000044",
			"language": "en",
			"lines": [
				"he"
			]
		},
		{
			"begin": "10.480",
			"end": "11.520",
			"id": "f000045",
			"language": "en",
			"lines": [
				"went."
			]
		}
	]
}