{
 "fragments": [ 
  {
   "begin": "1.840", 
   "end": "1.840", 
   "id": "f000007", 
   "language": "en", 
   "lines": [
    "The"
   ]
  }, 
  {
   "begin": "1.840", 
   "end": "2.040", 
   "id": "f000008", 
   "language": "en", 
   "lines": [
    "state"
   ]
  }, 
  {
   "begin": "2.040", 
   "end": "2.040", 
   "id": "f000009", 
   "language": "en", 
   "lines": [
    "of"
   ]
  }, 
  {
   "begin": "2.040", 
   "end": "2.200", 
   "id": "f000010", 
   "language": "en", 
   "lines": [
    "Jammu"
   ]
  }, 
  {
   "begin": "2.200", 
   "end": "2.320", 
   "id": "f000011", 
   "language": "en", 
   "lines": [
    "and"
   ]
  }, 
  {
   "begin": "2.320", 
   "end": "2.320", 
   "id": "f000012", 
   "language": "en", 
   "lines": [
    "Kashmir"
   ]
  }, 
  {
   "begin": "2.320", 
   "end": "2.320", 
   "id": "f000013", 
   "language": "en", 
   "lines": [
    "is"
   ]
  }, 
  {
   "begin": "2.320", 
   "end": "2.320", 
   "id": "f000014", 
   "language": "en", 
   "lines": [
    "one"
   ]
  }, 
  {
   "begin": "2.320", 
   "end": "2.320", 
   "id": "f000015", 
   "language": "en", 
   "lines": [
    "of"
   ]
  }, 
  {
   "begin": "2.320", 
   "end": "2.440", 
   "id": "f000016", 
   "language": "en", 
   "lines": [
    "the"
   ]
  }, 
  {
   "begin": "2.440", 
   "end": "2.960", 
   "id": "f000017", 
   "language": "en", 
   "lines": [
    "largest"
   ]
  }, 
  {
   "begin": "2.960", 
   "end": "3.920", 
   "id": "f000018", 
   "language": "en", 
   "lines": [
    "manufacturers"
   ]
  }, 
  {
   "begin": "3.920", 
   "end": "3.920", 
   "id": "f000019", 
   "language": "en", 
   "lines": [
    "of"
   ]
  }, 
  {
   "begin": "3.920", 
   "end": "4.320", 
   "id": "f000020", 
   "language": "en", 
   "lines": [
    "cricket"
   ]
  }, 
  {
   "begin": "4.320", 
   "end": "4.680", 
   "id": "f000021", 
   "language": "en", 
   "lines": [
    "bats"
   ]
  }, 
  {
   "begin": "4.680", 
   "end": "4.920", 
   "id": "f000022", 
   "language": "en", 
   "lines": [
    "in"
   ]
  }, 
  {
   "begin": "4.920", 
   "end": "5.960", 
   "id": "f000023", 
   "language": "en", 
   "lines": [
    "India."
   ]
  }, 
  {
   "begin": "5.960", 
   "end": "6.880", 
   "id": "f000024", 
   "language": "en", 
   "lines": [
    "Sangam,"
   ]
  }, 
  {
   "begin": "6.880", 
   "end": "7.120", 
   "id": "f000025", 
   "language": "en", 
   "lines": [
    "where"
   ]
  }, 
  {
   "begin": "7.120", 
   "end": "7.480", 
   "id": "f000026", 
   "language": "en", 
   "lines": [
    "this"
   ]
  }, 
  {
   "begin": "7.480", 
   "end": "7.880", 
   "id": "f000027", 
   "language": "en", 
   "lines": [
    "story"
   ]
  }, 
  {
   "begin": "7.880", 
   "end": "8.080", 
   "id": "f000028", 
   "language": "en", 
   "lines": [
    "is"
   ]
  }, 
  {
   "begin": "8.080", 
   "end": "8.920", 
   "id": "f000029", 
   "language": "en", 
   "lines": [
    "set,"
   ]
  }, 
  {
   "begin": "8.920", 
   "end": "9.080", 
   "id": "f000030", 
   "language": "en", 
   "lines": [
    "is"
   ]
  }, 
  {
   "begin": "9.080", 
   "end": "9.120", 
   "id": "f000031", 
   "language": "en", 
   "lines": [
    "a"
   ]
  }, 
  {
   "begin": "9.120", 
   "end": "9.560", 
   "id": "f000032", 
   "language": "en", 
   "lines": [
    "town"
   ]
  }, 
  {
   "begin": "9.560", 
   "end": "9.880", 
   "id": "f000033", 
   "language": "en", 
   "lines": [
    "about"
   ]
  }, 
  {
   "begin": "9.880", 
   "end": "10.440", 
   "id": "f000034", 
   "language": "en", 
   "lines": [
    "35"
   ]
  }, 
  {
   "begin": "10.440", 
   "end": "11.320", 
   "id": "f000035", 
   "language": "en", 
   "lines": [
    "kilometres"
   ]
  }, 
  {
   "begin": "11.320", 
   "end": "11.720", 
   "id": "f000036", 
   "language": "en", 
   "lines": [
    "from"
   ]
  }, 
  {
   "begin": "11.720", 
   "end": "11.720", 
   "id": "f000037", 
   "language": "en", 
   "lines": [
    "the"
   ]
  }, 
  {
   "begin": "11.720", 
   "end": "12.000", 
   "id": "f000038", 
   "language": "en", 
   "lines": [
    "state"
   ]
  }, 
  {
   "begin": "12.000", 
   "end": "12.520", 
   "id": "f000039", 
   "language": "en", 
   "lines": [
    "capital"
   ]
  }, 
  {
   "begin": "12.520", 
   "end": "13.200", 
   "id": "f000040", 
   "language": "en", 
   "lines": [
    "Srinagar.\n\n"
   ]
  }, 
  {
   "begin": "13.200", 
   "end": "13.920", 
   "id": "f000041", 
   "language": "en", 
   "lines": [
    ""
   ]
  }, 
  {
   "begin": "13.920", 
   "end": "13.920", 
   "id": "f000042", 
   "language": "en", 
   "lines": [
    ""
   ]
  }, 
  {
   "begin": "13.920", 
   "end": "13.920", 
   "id": "f000043", 
   "language": "en", 
   "lines": [
    ""
   ]
  }, 
  {
   "begin": "13.920", 
   "end": "13.920", 
   "id": "f000044", 
   "language": "en", 
   "lines": [
    ""
   ]
  }, 
  {
   "begin": "13.920", 
   "end": "14.200", 
   "id": "f000045", 
   "language": "en", 
   "lines": [
    "The"
   ]
  }, 
  {
   "begin": "14.200", 
   "end": "14.760", 
   "id": "f000046", 
   "language": "en", 
   "lines": [
    "abundance"
   ]
  }, 
  {
   "begin": "14.760", 
   "end": "14.800", 
   "id": "f000047", 
   "language": "en", 
   "lines": [
    "of"
   ]
  }, 
  {
   "begin": "14.800", 
   "end": "15.160", 
   "id": "f000048", 
   "language": "en", 
   "lines": [
    "willow"
   ]
  }, 
  {
   "begin": "15.160", 
   "end": "15.520", 
   "id": "f000049", 
   "language": "en", 
   "lines": [
    "trees"
   ]
  }, 
  {
   "begin": "15.520", 
   "end": "15.600", 
   "id": "f000050", 
   "language": "en", 
   "lines": [
    "in"
   ]
  }, 
  {
   "begin": "15.600", 
   "end": "15.640", 
   "id": "f000051", 
   "language": "en", 
   "lines": [
    "the"
   ]
  }, 
  {
   "begin": "15.640", 
   "end": "16.480", 
   "id": "f000052", 
   "language": "en", 
   "lines": [
    "region"
   ]
  }, 
  {
   "begin": "16.480", 
   "end": "16.840", 
   "id": "f000053", 
   "language": "en", 
   "lines": [
    "makes"
   ]
  }, 
  {
   "begin": "16.840", 
   "end": "16.920", 
   "id": "f000054", 
   "language": "en", 
   "lines": [
    "it"
   ]
  }, 
  {
   "begin": "16.920", 
   "end": "17.160", 
   "id": "f000055", 
   "language": "en", 
   "lines": [
    "home"
   ]
  }, 
  {
   "begin": "17.160", 
   "end": "17.400", 
   "id": "f000056", 
   "language": "en", 
   "lines": [
    "to"
   ]
  }, 
  {
   "begin": "17.400", 
   "end": "17.720", 
   "id": "f000057", 
   "language": "en", 
   "lines": [
    "nearly"
   ]
  }, 
  {
   "begin": "17.720", 
   "end": "18.000", 
   "id": "f000058", 
   "language": "en", 
   "lines": [
    "two"
   ]
  }, 
  {
   "begin": "18.000", 
   "end": "18.400", 
   "id": "f000059", 
   "language": "en", 
   "lines": [
    "hundred"
   ]
  }, 
  {
   "begin": "18.400", 
   "end": "18.800", 
   "id": "f000060", 
   "language": "en", 
   "lines": [
    "cricket"
   ]
  }, 
  {
   "begin": "18.800", 
   "end": "19.120", 
   "id": "f000061", 
   "language": "en", 
   "lines": [
    "bat"
   ]
  }, 
  {
   "begin": "19.120", 
   "end": "20.320", 
   "id": "f000062", 
   "language": "en", 
   "lines": [
    "workshops."
   ]
  }
 ]
}