{
 "fragments": [ 
  {
   "begin": "1.800", 
   "end": "2.080", 
   "id": "f000005", 
   "language": "en", 
   "lines": [
    "\u201cWhy"
   ]
  }, 
  {
   "begin": "2.080", 
   "end": "2.480", 
   "id": "f000006", 
   "language": "en", 
   "lines": [
    "are"
   ]
  }, 
  {
   "begin": "2.480", 
   "end": "3.120", 
   "id": "f000007", 
   "language": "en", 
   "lines": [
    "all"
   ]
  }, 
  {
   "begin": "3.120", 
   "end": "3.520", 
   "id": "f000008", 
   "language": "en", 
   "lines": [
    "you"
   ]
  }, 
  {
   "begin": "3.520", 
   "end": "3.840", 
   "id": "f000009", 
   "language": "en", 
   "lines": [
    "shameless"
   ]
  }, 
  {
   "begin": "3.840", 
   "end": "3.840", 
   "id": "f000010", 
   "language": "en", 
   "lines": [
    "people"
   ]
  }, 
  {
   "begin": "3.840", 
   "end": "3.880", 
   "id": "f000011", 
   "language": "en", 
   "lines": [
    "laughing?\u201d"
   ]
  }, 
  {
   "begin": "3.880", 
   "end": "4.000", 
   "id": "f000012", 
   "language": "en", 
   "lines": [
    "Rehman"
   ]
  }, 
  {
   "begin": "4.000", 
   "end": "4.400", 
   "id": "f000013", 
   "language": "en", 
   "lines": [
    "Chacha"
   ]
  }, 
  {
   "begin": "4.400", 
   "end": "4.440", 
   "id": "f000014", 
   "language": "en", 
   "lines": [
    "could"
   ]
  }, 
  {
   "begin": "4.440", 
   "end": "4.720", 
   "id": "f000015", 
   "language": "en", 
   "lines": [
    "not"
   ]
  }, 
  {
   "begin": "4.720", 
   "end": "4.800", 
   "id": "f000016", 
   "language": "en", 
   "lines": [
    "get"
   ]
  }, 
  {
   "begin": "4.800", 
   "end": "5.120", 
   "id": "f000017", 
   "language": "en", 
   "lines": [
    "any"
   ]
  }, 
  {
   "begin": "5.120", 
   "end": "5.600", 
   "id": "f000018", 
   "language": "en", 
   "lines": [
    "angrier"
   ]
  }, 
  {
   "begin": "5.600", 
   "end": "5.880", 
   "id": "f000019", 
   "language": "en", 
   "lines": [
    "now.\n\n"
   ]
  }, 
  {
   "begin": "5.880", 
   "end": "5.880", 
   "id": "f000020", 
   "language": "en", 
   "lines": [
    ""
   ]
  }, 
  {
   "begin": "5.880", 
   "end": "5.880", 
   "id": "f000021", 
   "language": "en", 
   "lines": [
    ""
   ]
  }, 
  {
   "begin": "5.880", 
   "end": "5.880", 
   "id": "f000022", 
   "language": "en", 
   "lines": [
    ""
   ]
  }, 
  {
   "begin": "5.880", 
   "end": "5.880", 
   "id": "f000023", 
   "language": "en", 
   "lines": [
    ""
   ]
  }, 
  {
   "begin": "5.880", 
   "end": "6.880", 
   "id": "f000024", 
   "language": "en", 
   "lines": [
    "\u201cWe"
   ]
  }, 
  {
   "begin": "6.880", 
   "end": "7.520", 
   "id": "f000025", 
   "language": "en", 
   "lines": [
    "found"
   ]
  }, 
  {
   "begin": "7.520", 
   "end": "7.760", 
   "id": "f000026", 
   "language": "en", 
   "lines": [
    "the"
   ]
  }, 
  {
   "begin": "7.760", 
   "end": "7.920", 
   "id": "f000027", 
   "language": "en", 
   "lines": [
    "missing"
   ]
  }, 
  {
   "begin": "7.920", 
   "end": "8.200", 
   "id": "f000028", 
   "language": "en", 
   "lines": [
    "cricket"
   ]
  }, 
  {
   "begin": "8.200", 
   "end": "8.400", 
   "id": "f000029", 
   "language": "en", 
   "lines": [
    "bat,"
   ]
  }, 
  {
   "begin": "8.400", 
   "end": "9.440", 
   "id": "f000030", 
   "language": "en", 
   "lines": [
    "Chacha!\u201d"
   ]
  }, 
  {
   "begin": "9.440", 
   "end": "10.080", 
   "id": "f000031", 
   "language": "en", 
   "lines": [
    "exclaimed"
   ]
  }, 
  {
   "begin": "10.080", 
   "end": "10.240", 
   "id": "f000032", 
   "language": "en", 
   "lines": [
    "a"
   ]
  }, 
  {
   "begin": "10.240", 
   "end": "10.800", 
   "id": "f000033", 
   "language": "en", 
   "lines": [
    "delighted"
   ]
  }, 
  {
   "begin": "10.800", 
   "end": "11.600", 
   "id": "f000034", 
   "language": "en", 
   "lines": [
    "Aamir."
   ]
  }, 
  {
   "begin": "11.600", 
   "end": "11.800", 
   "id": "f000035", 
   "language": "en", 
   "lines": [
    "\n\n"
   ]
  }, 
  {
   "begin": "11.800", 
   "end": "12.280", 
   "id": "f000036", 
   "language": "en", 
   "lines": [
    "Rehman"
   ]
  }, 
  {
   "begin": "12.280", 
   "end": "12.720", 
   "id": "f000037", 
   "language": "en", 
   "lines": [
    "Chacha"
   ]
  }, 
  {
   "begin": "12.720", 
   "end": "12.960", 
   "id": "f000038", 
   "language": "en", 
   "lines": [
    "was"
   ]
  }, 
  {
   "begin": "12.960", 
   "end": "13.480", 
   "id": "f000039", 
   "language": "en", 
   "lines": [
    "astonished."
   ]
  }, 
  {
   "begin": "13.480", 
   "end": "16.240", 
   "id": "f000040", 
   "language": "en", 
   "lines": [
    "\u201cBut\u2026but...but"
   ]
  }, 
  {
   "begin": "16.240", 
   "end": "16.240", 
   "id": "f000041", 
   "language": "en", 
   "lines": [
    "you"
   ]
  }, 
  {
   "begin": "16.240", 
   "end": "16.640", 
   "id": "f000042", 
   "language": "en", 
   "lines": [
    "have"
   ]
  }, 
  {
   "begin": "16.640", 
   "end": "17.000", 
   "id": "f000043", 
   "language": "en", 
   "lines": [
    "all"
   ]
  }, 
  {
   "begin": "17.000", 
   "end": "17.400", 
   "id": "f000044", 
   "language": "en", 
   "lines": [
    "been"
   ]
  }, 
  {
   "begin": "17.400", 
   "end": "17.640", 
   "id": "f000045", 
   "language": "en", 
   "lines": [
    "standing"
   ]
  }, 
  {
   "begin": "17.640", 
   "end": "17.920", 
   "id": "f000046", 
   "language": "en", 
   "lines": [
    "in"
   ]
  }, 
  {
   "begin": "17.920", 
   "end": "18.160", 
   "id": "f000047", 
   "language": "en", 
   "lines": [
    "front"
   ]
  }, 
  {
   "begin": "18.160", 
   "end": "18.400", 
   "id": "f000048", 
   "language": "en", 
   "lines": [
    "of"
   ]
  }, 
  {
   "begin": "18.400", 
   "end": "18.600", 
   "id": "f000049", 
   "language": "en", 
   "lines": [
    "me."
   ]
  }, 
  {
   "begin": "18.600", 
   "end": "19.600", 
   "id": "f000050", 
   "language": "en", 
   "lines": [
    "How"
   ]
  }, 
  {
   "begin": "19.600", 
   "end": "19.640", 
   "id": "f000051", 
   "language": "en", 
   "lines": [
    "did"
   ]
  }, 
  {
   "begin": "19.640", 
   "end": "19.760", 
   "id": "f000052", 
   "language": "en", 
   "lines": [
    "you"
   ]
  }, 
  {
   "begin": "19.760", 
   "end": "20.120", 
   "id": "f000053", 
   "language": "en", 
   "lines": [
    "find"
   ]
  }, 
  {
   "begin": "20.120", 
   "end": "21.000", 
   "id": "f000054", 
   "language": "en", 
   "lines": [
    "it?"
   ]
  }, 
  {
   "begin": "21.000", 
   "end": "21.480", 
   "id": "f000055", 
   "language": "en", 
   "lines": [
    "Where"
   ]
  }, 
  {
   "begin": "21.480", 
   "end": "21.640", 
   "id": "f000056", 
   "language": "en", 
   "lines": [
    "is"
   ]
  }, 
  {
   "begin": "21.640", 
   "end": "22.320", 
   "id": "f000057", 
   "language": "en", 
   "lines": [
    "it?\u201d"
   ]
  }, 
  {
   "begin": "22.320", 
   "end": "22.840", 
   "id": "f000058", 
   "language": "en", 
   "lines": [
    "asked"
   ]
  }, 
  {
   "begin": "22.840", 
   "end": "23.280", 
   "id": "f000059", 
   "language": "en", 
   "lines": [
    "Rehman"
   ]
  }, 
  {
   "begin": "23.280", 
   "end": "24.440", 
   "id": "f000060", 
   "language": "en", 
   "lines": [
    "Chacha."
   ]
  }, 
  {
   "begin": "24.440", 
   "end": "24.840", 
   "id": "f000061", 
   "language": "en", 
   "lines": [
    "\n\n"
   ]
  }, 
  {
   "begin": "24.840", 
   "end": "25.240", 
   "id": "f000062", 
   "language": "en", 
   "lines": [
    "Everyone"
   ]
  }, 
  {
   "begin": "25.240", 
   "end": "25.280", 
   "id": "f000063", 
   "language": "en", 
   "lines": [
    "looked"
   ]
  }, 
  {
   "begin": "25.280", 
   "end": "25.640", 
   "id": "f000064", 
   "language": "en", 
   "lines": [
    "down"
   ]
  }, 
  {
   "begin": "25.640", 
   "end": "25.720", 
   "id": "f000065", 
   "language": "en", 
   "lines": [
    "at"
   ]
  }, 
  {
   "begin": "25.720", 
   "end": "26.120", 
   "id": "f000066", 
   "language": "en", 
   "lines": [
    "Rehman"
   ]
  }, 
  {
   "begin": "26.120", 
   "end": "26.680", 
   "id": "f000067", 
   "language": "en", 
   "lines": [
    "Chacha\u2019s"
   ]
  }, 
  {
   "begin": "26.680", 
   "end": "27.320", 
   "id": "f000068", 
   "language": "en", 
   "lines": [
    "\u2018walking"
   ]
  }, 
  {
   "begin": "27.320", 
   "end": "27.600", 
   "id": "f000069", 
   "language": "en", 
   "lines": [
    "stick\u2019."
   ]
  }, 
  {
   "begin": "27.600", 
   "end": "28.800", 
   "id": "f000070", 
   "language": "en", 
   "lines": [
    "So"
   ]
  }, 
  {
   "begin": "28.800", 
   "end": "29.120", 
   "id": "f000071", 
   "language": "en", 
   "lines": [
    "did"
   ]
  }, 
  {
   "begin": "29.120", 
   "end": "29.440", 
   "id": "f000072", 
   "language": "en", 
   "lines": [
    "Rehman"
   ]
  }, 
  {
   "begin": "29.440", 
   "end": "30.320", 
   "id": "f000073", 
   "language": "en", 
   "lines": [
    "Chacha."
   ]
  }
 ]
}