{
	"fragments": [{
			"begin": "1.240",
			"end": "1.480",
			"id": "f000009",
			"language": "en",
			"lines": [
				"No"
			]
		},
		{
			"begin": "1.480",
			"end": "1.480",
			"id": "f000010",
			"language": "en",
			"lines": [
				"one"
			]
		},
		{
			"begin": "1.480",
			"end": "1.480",
			"id": "f000011",
			"language": "en",
			"lines": [
				"knew"
			]
		},
		{
			"begin": "1.480",
			"end": "1.680",
			"id": "f000012",
			"language": "en",
			"lines": [
				"Rehman"
			]
		},
		{
			"begin": "1.680",
			"end": "1.840",
			"id": "f000013",
			"language": "en",
			"lines": [
				"Chacha"
			]
		},
		{
			"begin": "1.840",
			"end": "2.040",
			"id": "f000014",
			"language": "en",
			"lines": [
				"could"
			]
		},
		{
			"begin": "2.040",
			"end": "2.360",
			"id": "f000015",
			"language": "en",
			"lines": [
				"laugh"
			]
		},
		{
			"begin": "2.360",
			"end": "2.720",
			"id": "f000016",
			"language": "en",
			"lines": [
				"so"
			]
		},
		{
			"begin": "2.720",
			"end": "3.800",
			"id": "f000017",
			"language": "en",
			"lines": [
				"loudly."
			]
		},
		{
			"begin": "3.800",
			"end": "4.120",
			"id": "f000018",
			"language": "en",
			"lines": [
				"And"
			]
		},
		{
			"begin": "4.120",
			"end": "4.360",
			"id": "f000019",
			"language": "en",
			"lines": [
				"no"
			]
		},
		{
			"begin": "4.360",
			"end": "4.560",
			"id": "f000020",
			"language": "en",
			"lines": [
				"one"
			]
		},
		{
			"begin": "4.560",
			"end": "4.720",
			"id": "f000021",
			"language": "en",
			"lines": [
				"knew"
			]
		},
		{
			"begin": "4.720",
			"end": "4.760",
			"id": "f000022",
			"language": "en",
			"lines": [
				"till"
			]
		},
		{
			"begin": "4.760",
			"end": "4.960",
			"id": "f000023",
			"language": "en",
			"lines": [
				"then"
			]
		},
		{
			"begin": "4.960",
			"end": "5.400",
			"id": "f000024",
			"language": "en",
			"lines": [
				"that"
			]
		},
		{
			"begin": "5.400",
			"end": "5.640",
			"id": "f000025",
			"language": "en",
			"lines": [
				"he"
			]
		},
		{
			"begin": "5.640",
			"end": "5.920",
			"id": "f000026",
			"language": "en",
			"lines": [
				"wore"
			]
		},
		{
			"begin": "5.920",
			"end": "7.200",
			"id": "f000027",
			"language": "en",
			"lines": [
				"dentures!"
			]
		}
	]
}