{
 "fragments": [
  {
   "begin": "0.000", 
   "end": "0.320", 
   "id": "f000001", 
   "language": "en", 
   "lines": [
    "\u201cOh!"
   ]
  }, 
  {
   "begin": "0.320", 
   "end": "1.080", 
   "id": "f000002", 
   "language": "en", 
   "lines": [
    "There"
   ]
  }, 
  {
   "begin": "1.080", 
   "end": "1.200", 
   "id": "f000003", 
   "language": "en", 
   "lines": [
    "is"
   ]
  }, 
  {
   "begin": "1.200", 
   "end": "1.720", 
   "id": "f000004", 
   "language": "en", 
   "lines": [
    "a"
   ]
  }, 
  {
   "begin": "1.720", 
   "end": "2.200", 
   "id": "f000005", 
   "language": "en", 
   "lines": [
    "lot"
   ]
  }, 
  {
   "begin": "2.200", 
   "end": "2.280", 
   "id": "f000006", 
   "language": "en", 
   "lines": [
    "of"
   ]
  }, 
  {
   "begin": "2.280", 
   "end": "2.600", 
   "id": "f000007", 
   "language": "en", 
   "lines": [
    "dirt"
   ]
  }, 
  {
   "begin": "2.600", 
   "end": "3.120", 
   "id": "f000008", 
   "language": "en", 
   "lines": [
    "trapped"
   ]
  }, 
  {
   "begin": "3.120", 
   "end": "3.480", 
   "id": "f000009", 
   "language": "en", 
   "lines": [
    "between"
   ]
  }, 
  {
   "begin": "3.480", 
   "end": "3.720", 
   "id": "f000010", 
   "language": "en", 
   "lines": [
    "your"
   ]
  }, 
  {
   "begin": "3.720", 
   "end": "4.400", 
   "id": "f000011", 
   "language": "en", 
   "lines": [
    "teeth!\u201d"
   ]
  }, 
  {
   "begin": "4.400", 
   "end": "5.400", 
   "id": "f000012", 
   "language": "en", 
   "lines": [
    "said"
   ]
  }, 
  {
   "begin": "5.400", 
   "end": "5.560", 
   "id": "f000013", 
   "language": "en", 
   "lines": [
    "the"
   ]
  }, 
  {
   "begin": "5.560", 
   "end": "6.160", 
   "id": "f000014", 
   "language": "en", 
   "lines": [
    "mouse"
   ]
  }, 
  {
   "begin": "6.160", 
   "end": "6.880", 
   "id": "f000015", 
   "language": "en", 
   "lines": [
    "taking"
   ]
  }, 
  {
   "begin": "6.880", 
   "end": "7.120", 
   "id": "f000016", 
   "language": "en", 
   "lines": [
    "a"
   ]
  }, 
  {
   "begin": "7.120", 
   "end": "7.240", 
   "id": "f000017", 
   "language": "en", 
   "lines": [
    "peek"
   ]
  }, 
  {
   "begin": "7.240", 
   "end": "7.880", 
   "id": "f000018", 
   "language": "en", 
   "lines": [
    "inside."
   ]
  }, 
  {
   "begin": "7.880", 
   "end": "8.000", 
   "id": "f000019", 
   "language": "en", 
   "lines": [
    "Using"
   ]
  }, 
  {
   "begin": "8.000", 
   "end": "9.280", 
   "id": "f000020", 
   "language": "en", 
   "lines": [
    "his"
   ]
  }, 
  {
   "begin": "9.280", 
   "end": "9.840", 
   "id": "f000021", 
   "language": "en", 
   "lines": [
    "sharp"
   ]
  }, 
  {
   "begin": "9.840", 
   "end": "10.520", 
   "id": "f000022", 
   "language": "en", 
   "lines": [
    "teeth,"
   ]
  }, 
  {
   "begin": "10.520", 
   "end": "10.760", 
   "id": "f000023", 
   "language": "en", 
   "lines": [
    "he"
   ]
  }, 
  {
   "begin": "10.760", 
   "end": "11.160", 
   "id": "f000024", 
   "language": "en", 
   "lines": [
    "cleaned"
   ]
  }, 
  {
   "begin": "11.160", 
   "end": "11.440", 
   "id": "f000025", 
   "language": "en", 
   "lines": [
    "out"
   ]
  }, 
  {
   "begin": "11.440", 
   "end": "11.560", 
   "id": "f000026", 
   "language": "en", 
   "lines": [
    "the"
   ]
  }, 
  {
   "begin": "11.560", 
   "end": "12.120", 
   "id": "f000027", 
   "language": "en", 
   "lines": [
    "lion\u2019s"
   ]
  }, 
  {
   "begin": "12.120", 
   "end": "12.480", 
   "id": "f000028", 
   "language": "en", 
   "lines": [
    "teeth."
   ]
  }, 
  {
   "begin": "12.480", 
   "end": "13.040", 
   "id": "f000029", 
   "language": "en", 
   "lines": [
    "The"
   ]
  }, 
  {
   "begin": "13.040", 
   "end": "13.880", 
   "id": "f000030", 
   "language": "en", 
   "lines": [
    "lion"
   ]
  }, 
  {
   "begin": "13.880", 
   "end": "14.400", 
   "id": "f000031", 
   "language": "en", 
   "lines": [
    "felt"
   ]
  }, 
  {
   "begin": "14.400", 
   "end": "14.880", 
   "id": "f000032", 
   "language": "en", 
   "lines": [
    "much"
   ]
  }, 
  {
   "begin": "14.880", 
   "end": "15.840", 
   "id": "f000033", 
   "language": "en", 
   "lines": [
    "better."
   ]
  }
 ]
}