{
 "fragments": [
  {
   "begin": "0.000", 
   "end": "0.840", 
   "id": "f000001", 
   "language": "en", 
   "lines": [
    "\u201cYou"
   ]
  }, 
  {
   "begin": "0.840", 
   "end": "1.200", 
   "id": "f000002", 
   "language": "en", 
   "lines": [
    "will"
   ]
  }, 
  {
   "begin": "1.200", 
   "end": "1.520", 
   "id": "f000003", 
   "language": "en", 
   "lines": [
    "dare"
   ]
  }, 
  {
   "begin": "1.520", 
   "end": "1.720", 
   "id": "f000004", 
   "language": "en", 
   "lines": [
    "to"
   ]
  }, 
  {
   "begin": "1.720", 
   "end": "2.000", 
   "id": "f000005", 
   "language": "en", 
   "lines": [
    "kick"
   ]
  }, 
  {
   "begin": "2.000", 
   "end": "2.200", 
   "id": "f000006", 
   "language": "en", 
   "lines": [
    "the"
   ]
  }, 
  {
   "begin": "2.200", 
   "end": "3.440", 
   "id": "f000007", 
   "language": "en", 
   "lines": [
    "king?\u201d"
   ]
  }, 
  {
   "begin": "3.440", 
   "end": "3.880", 
   "id": "f000008", 
   "language": "en", 
   "lines": [
    "roared"
   ]
  }, 
  {
   "begin": "3.880", 
   "end": "4.000", 
   "id": "f000009", 
   "language": "en", 
   "lines": [
    "the"
   ]
  }, 
  {
   "begin": "4.000", 
   "end": "4.480", 
   "id": "f000010", 
   "language": "en", 
   "lines": [
    "lion"
   ]
  }, 
  {
   "begin": "4.480", 
   "end": "5.280", 
   "id": "f000011", 
   "language": "en", 
   "lines": [
    "peevishly.\n"
   ]
  }, 
  {
   "begin": "5.280", 
   "end": "5.840", 
   "id": "f000012", 
   "language": "en", 
   "lines": [
    "The"
   ]
  }, 
  {
   "begin": "5.840", 
   "end": "6.280", 
   "id": "f000013", 
   "language": "en", 
   "lines": [
    "donkey"
   ]
  }, 
  {
   "begin": "6.280", 
   "end": "6.560", 
   "id": "f000014", 
   "language": "en", 
   "lines": [
    "tucked"
   ]
  }, 
  {
   "begin": "6.560", 
   "end": "6.840", 
   "id": "f000015", 
   "language": "en", 
   "lines": [
    "his"
   ]
  }, 
  {
   "begin": "6.840", 
   "end": "7.200", 
   "id": "f000016", 
   "language": "en", 
   "lines": [
    "tail"
   ]
  }, 
  {
   "begin": "7.200", 
   "end": "7.320", 
   "id": "f000017", 
   "language": "en", 
   "lines": [
    "between"
   ]
  }, 
  {
   "begin": "7.320", 
   "end": "7.800", 
   "id": "f000018", 
   "language": "en", 
   "lines": [
    "his"
   ]
  }, 
  {
   "begin": "7.800", 
   "end": "8.480", 
   "id": "f000019", 
   "language": "en", 
   "lines": [
    "legs"
   ]
  }, 
  {
   "begin": "8.480", 
   "end": "8.760", 
   "id": "f000020", 
   "language": "en", 
   "lines": [
    "and"
   ]
  }, 
  {
   "begin": "8.760", 
   "end": "9.120", 
   "id": "f000021", 
   "language": "en", 
   "lines": [
    "ran"
   ]
  }, 
  {
   "begin": "9.120", 
   "end": "9.600", 
   "id": "f000022", 
   "language": "en", 
   "lines": [
    "off."
   ]
  }
 ]
}