{
 "fragments": [
  {
   "begin": "0.000", 
   "end": "0.440", 
   "id": "f000001", 
   "language": "en", 
   "lines": [
    "Two"
   ]
  }, 
  {
   "begin": "0.440", 
   "end": "0.920", 
   "id": "f000002", 
   "language": "en", 
   "lines": [
    "days"
   ]
  }, 
  {
   "begin": "0.920", 
   "end": "1.560", 
   "id": "f000003", 
   "language": "en", 
   "lines": [
    "passed."
   ]
  }, 
  {
   "begin": "1.560", 
   "end": "2.360", 
   "id": "f000004", 
   "language": "en", 
   "lines": [
    "The"
   ]
  }, 
  {
   "begin": "2.360", 
   "end": "3.120", 
   "id": "f000005", 
   "language": "en", 
   "lines": [
    "toothache"
   ]
  }, 
  {
   "begin": "3.120", 
   "end": "3.320", 
   "id": "f000006", 
   "language": "en", 
   "lines": [
    "was"
   ]
  }, 
  {
   "begin": "3.320", 
   "end": "3.800", 
   "id": "f000007", 
   "language": "en", 
   "lines": [
    "getting"
   ]
  }, 
  {
   "begin": "3.800", 
   "end": "4.400", 
   "id": "f000008", 
   "language": "en", 
   "lines": [
    "unbearable."
   ]
  }, 
  {
   "begin": "4.400", 
   "end": "4.480", 
   "id": "f000009", 
   "language": "en", 
   "lines": [
    "\u201cShould"
   ]
  }, 
  {
   "begin": "4.480", 
   "end": "4.760", 
   "id": "f000010", 
   "language": "en", 
   "lines": [
    "I"
   ]
  }, 
  {
   "begin": "4.760", 
   "end": "6.040", 
   "id": "f000011", 
   "language": "en", 
   "lines": [
    "take"
   ]
  }, 
  {
   "begin": "6.040", 
   "end": "6.640", 
   "id": "f000012", 
   "language": "en", 
   "lines": [
    "a"
   ]
  }, 
  {
   "begin": "6.640", 
   "end": "7.360", 
   "id": "f000013", 
   "language": "en", 
   "lines": [
    "look?\u201d"
   ]
  }, 
  {
   "begin": "7.360", 
   "end": "7.720", 
   "id": "f000014", 
   "language": "en", 
   "lines": [
    "asked"
   ]
  }, 
  {
   "begin": "7.720", 
   "end": "7.960", 
   "id": "f000015", 
   "language": "en", 
   "lines": [
    "the"
   ]
  }, 
  {
   "begin": "7.960", 
   "end": "8.480", 
   "id": "f000016", 
   "language": "en", 
   "lines": [
    "mouse"
   ]
  }, 
  {
   "begin": "8.480", 
   "end": "8.800", 
   "id": "f000017", 
   "language": "en", 
   "lines": [
    "one"
   ]
  }, 
  {
   "begin": "8.800", 
   "end": "9.440", 
   "id": "f000018", 
   "language": "en", 
   "lines": [
    "night"
   ]
  }, 
  {
   "begin": "9.440", 
   "end": "9.440", 
   "id": "f000019", 
   "language": "en", 
   "lines": [
    "when"
   ]
  }, 
  {
   "begin": "9.440", 
   "end": "9.720", 
   "id": "f000020", 
   "language": "en", 
   "lines": [
    "the"
   ]
  }, 
  {
   "begin": "9.720", 
   "end": "10.240", 
   "id": "f000021", 
   "language": "en", 
   "lines": [
    "lion"
   ]
  }, 
  {
   "begin": "10.240", 
   "end": "10.480", 
   "id": "f000022", 
   "language": "en", 
   "lines": [
    "and"
   ]
  }, 
  {
   "begin": "10.480", 
   "end": "10.680", 
   "id": "f000023", 
   "language": "en", 
   "lines": [
    "he"
   ]
  }, 
  {
   "begin": "10.680", 
   "end": "10.960", 
   "id": "f000024", 
   "language": "en", 
   "lines": [
    "were"
   ]
  }, 
  {
   "begin": "10.960", 
   "end": "11.640", 
   "id": "f000025", 
   "language": "en", 
   "lines": [
    "alone."
   ]
  }, 
  {
   "begin": "11.640", 
   "end": "14.560", 
   "id": "f000026", 
   "language": "en", 
   "lines": [
    "\u201cAlright,\u201d"
   ]
  }, 
  {
   "begin": "14.560", 
   "end": "14.840", 
   "id": "f000027", 
   "language": "en", 
   "lines": [
    "said"
   ]
  }, 
  {
   "begin": "14.840", 
   "end": "14.960", 
   "id": "f000028", 
   "language": "en", 
   "lines": [
    "the"
   ]
  }, 
  {
   "begin": "14.960", 
   "end": "15.960", 
   "id": "f000029", 
   "language": "en", 
   "lines": [
    "lion"
   ]
  }, 
  {
   "begin": "15.960", 
   "end": "16.280", 
   "id": "f000030", 
   "language": "en", 
   "lines": [
    "and"
   ]
  }, 
  {
   "begin": "16.280", 
   "end": "16.640", 
   "id": "f000031", 
   "language": "en", 
   "lines": [
    "opened"
   ]
  }, 
  {
   "begin": "16.640", 
   "end": "16.880", 
   "id": "f000032", 
   "language": "en", 
   "lines": [
    "his"
   ]
  }, 
  {
   "begin": "16.880", 
   "end": "17.440", 
   "id": "f000033", 
   "language": "en", 
   "lines": [
    "mouth"
   ]
  }, 
  {
   "begin": "17.440", 
   "end": "18.440", 
   "id": "f000034", 
   "language": "en", 
   "lines": [
    "wide."
   ]
  }
 ]
}