{
 "fragments": [
  {
   "begin": "0.000", 
   "end": "1.120", 
   "id": "f000001", 
   "language": "en", 
   "lines": [
    "\u201cMaharaj,"
   ]
  }, 
  {
   "begin": "1.120", 
   "end": "1.560", 
   "id": "f000002", 
   "language": "en", 
   "lines": [
    "please"
   ]
  }, 
  {
   "begin": "1.560", 
   "end": "1.760", 
   "id": "f000003", 
   "language": "en", 
   "lines": [
    "clean"
   ]
  }, 
  {
   "begin": "1.760", 
   "end": "2.000", 
   "id": "f000004", 
   "language": "en", 
   "lines": [
    "your"
   ]
  }, 
  {
   "begin": "2.000", 
   "end": "2.440", 
   "id": "f000005", 
   "language": "en", 
   "lines": [
    "teeth"
   ]
  }, 
  {
   "begin": "2.440", 
   "end": "3.440", 
   "id": "f000006", 
   "language": "en", 
   "lines": [
    "everyday,"
   ]
  }, 
  {
   "begin": "3.440", 
   "end": "3.840", 
   "id": "f000007", 
   "language": "en", 
   "lines": [
    "or"
   ]
  }, 
  {
   "begin": "3.840", 
   "end": "4.160", 
   "id": "f000008", 
   "language": "en", 
   "lines": [
    "else"
   ]
  }, 
  {
   "begin": "4.160", 
   "end": "4.320", 
   "id": "f000009", 
   "language": "en", 
   "lines": [
    "your"
   ]
  }, 
  {
   "begin": "4.320", 
   "end": "4.640", 
   "id": "f000010", 
   "language": "en", 
   "lines": [
    "teeth"
   ]
  }, 
  {
   "begin": "4.640", 
   "end": "4.920", 
   "id": "f000011", 
   "language": "en", 
   "lines": [
    "will"
   ]
  }, 
  {
   "begin": "4.920", 
   "end": "6.160", 
   "id": "f000012", 
   "language": "en", 
   "lines": [
    "rot,\u201d"
   ]
  }, 
  {
   "begin": "6.160", 
   "end": "6.480", 
   "id": "f000013", 
   "language": "en", 
   "lines": [
    "said"
   ]
  }, 
  {
   "begin": "6.480", 
   "end": "6.680", 
   "id": "f000014", 
   "language": "en", 
   "lines": [
    "the"
   ]
  }, 
  {
   "begin": "6.680", 
   "end": "7.160", 
   "id": "f000015", 
   "language": "en", 
   "lines": [
    "wise"
   ]
  }, 
  {
   "begin": "7.160", 
   "end": "7.440", 
   "id": "f000016", 
   "language": "en", 
   "lines": [
    "little"
   ]
  }, 
  {
   "begin": "7.440", 
   "end": "8.480", 
   "id": "f000017", 
   "language": "en", 
   "lines": [
    "mouse."
   ]
  }
 ]
}