{
 "fragments": [
  {
   "begin": "0.000", 
   "end": "0.680", 
   "id": "f000001", 
   "language": "en", 
   "lines": [
    "The"
   ]
  }, 
  {
   "begin": "0.680", 
   "end": "1.520", 
   "id": "f000002", 
   "language": "en", 
   "lines": [
    "lion"
   ]
  }, 
  {
   "begin": "1.520", 
   "end": "1.760", 
   "id": "f000003", 
   "language": "en", 
   "lines": [
    "was"
   ]
  }, 
  {
   "begin": "1.760", 
   "end": "2.000", 
   "id": "f000004", 
   "language": "en", 
   "lines": [
    "the"
   ]
  }, 
  {
   "begin": "2.000", 
   "end": "2.520", 
   "id": "f000005", 
   "language": "en", 
   "lines": [
    "king"
   ]
  }, 
  {
   "begin": "2.520", 
   "end": "2.680", 
   "id": "f000006", 
   "language": "en", 
   "lines": [
    "of"
   ]
  }, 
  {
   "begin": "2.680", 
   "end": "2.840", 
   "id": "f000007", 
   "language": "en", 
   "lines": [
    "the"
   ]
  }, 
  {
   "begin": "2.840", 
   "end": "3.840", 
   "id": "f000008", 
   "language": "en", 
   "lines": [
    "jungle.\n"
   ]
  }, 
  {
   "begin": "3.840", 
   "end": "4.520", 
   "id": "f000009", 
   "language": "en", 
   "lines": [
    "Everyone"
   ]
  }, 
  {
   "begin": "4.520", 
   "end": "4.880", 
   "id": "f000010", 
   "language": "en", 
   "lines": [
    "shivered"
   ]
  }, 
  {
   "begin": "4.880", 
   "end": "5.280", 
   "id": "f000011", 
   "language": "en", 
   "lines": [
    "and"
   ]
  }, 
  {
   "begin": "5.280", 
   "end": "6.280", 
   "id": "f000012", 
   "language": "en", 
   "lines": [
    "shook"
   ]
  }, 
  {
   "begin": "6.280", 
   "end": "6.560", 
   "id": "f000013", 
   "language": "en", 
   "lines": [
    "when"
   ]
  }, 
  {
   "begin": "6.560", 
   "end": "6.920", 
   "id": "f000014", 
   "language": "en", 
   "lines": [
    "he"
   ]
  }, 
  {
   "begin": "6.920", 
   "end": "8.000", 
   "id": "f000015", 
   "language": "en", 
   "lines": [
    "roared."
   ]
  }
 ]
}