{
 "fragments": [
  {
   "begin": "0.000", 
   "end": "0.560", 
   "id": "f000001", 
   "language": "en", 
   "lines": [
    "He"
   ]
  }, 
  {
   "begin": "0.560", 
   "end": "1.080", 
   "id": "f000002", 
   "language": "en", 
   "lines": [
    "was"
   ]
  }, 
  {
   "begin": "1.080", 
   "end": "1.480", 
   "id": "f000003", 
   "language": "en", 
   "lines": [
    "ahead"
   ]
  }, 
  {
   "begin": "1.480", 
   "end": "1.560", 
   "id": "f000004", 
   "language": "en", 
   "lines": [
    "of"
   ]
  }, 
  {
   "begin": "1.560", 
   "end": "1.680", 
   "id": "f000005", 
   "language": "en", 
   "lines": [
    "the"
   ]
  }, 
  {
   "begin": "1.680", 
   "end": "2.920", 
   "id": "f000006", 
   "language": "en", 
   "lines": [
    "rabbit."
   ]
  }
 ]
}