{
 "fragments": [
  {
   "begin": "0.000", 
   "end": "0.480", 
   "id": "f000001", 
   "language": "en", 
   "lines": [
    "The"
   ]
  }, 
  {
   "begin": "0.480", 
   "end": "1.400", 
   "id": "f000002", 
   "language": "en", 
   "lines": [
    "monkey"
   ]
  }, 
  {
   "begin": "1.400", 
   "end": "1.960", 
   "id": "f000003", 
   "language": "en", 
   "lines": [
    "massaged"
   ]
  }, 
  {
   "begin": "1.960", 
   "end": "2.320", 
   "id": "f000004", 
   "language": "en", 
   "lines": [
    "his"
   ]
  }, 
  {
   "begin": "2.320", 
   "end": "2.720", 
   "id": "f000005", 
   "language": "en", 
   "lines": [
    "leg."
   ]
  }, 
  {
   "begin": "2.720", 
   "end": "4.040", 
   "id": "f000006", 
   "language": "en", 
   "lines": [
    "Tears"
   ]
  }, 
  {
   "begin": "4.040", 
   "end": "4.400", 
   "id": "f000007", 
   "language": "en", 
   "lines": [
    "flowed"
   ]
  }, 
  {
   "begin": "4.400", 
   "end": "4.680", 
   "id": "f000008", 
   "language": "en", 
   "lines": [
    "from"
   ]
  }, 
  {
   "begin": "4.680", 
   "end": "4.840", 
   "id": "f000009", 
   "language": "en", 
   "lines": [
    "the"
   ]
  }, 
  {
   "begin": "4.840", 
   "end": "5.400", 
   "id": "f000010", 
   "language": "en", 
   "lines": [
    "fawn's"
   ]
  }, 
  {
   "begin": "5.400", 
   "end": "6.440", 
   "id": "f000011", 
   "language": "en", 
   "lines": [
    "eyes."
   ]
  }
 ]
}