{
 "fragments": [
  {
   "begin": "0.000", 
   "end": "0.000", 
   "id": "f000001", 
   "language": "en", 
   "lines": [
    "He"
   ]
  }, 
  {
   "begin": "0.000", 
   "end": "1.160", 
   "id": "f000002", 
   "language": "en", 
   "lines": [
    "burst"
   ]
  }, 
  {
   "begin": "1.160", 
   "end": "1.520", 
   "id": "f000003", 
   "language": "en", 
   "lines": [
    "into"
   ]
  }, 
  {
   "begin": "1.520", 
   "end": "2.760", 
   "id": "f000004", 
   "language": "en", 
   "lines": [
    "tears."
   ]
  }
 ]
}