{
 "fragments": [
  {
   "begin": "0.000", 
   "end": "0.480", 
   "id": "f000001", 
   "language": "en", 
   "lines": [
    "He"
   ]
  }, 
  {
   "begin": "0.480", 
   "end": "0.880", 
   "id": "f000002", 
   "language": "en", 
   "lines": [
    "ran"
   ]
  }, 
  {
   "begin": "0.880", 
   "end": "1.440", 
   "id": "f000003", 
   "language": "en", 
   "lines": [
    "past"
   ]
  }, 
  {
   "begin": "1.440", 
   "end": "1.680", 
   "id": "f000004", 
   "language": "en", 
   "lines": [
    "the"
   ]
  }, 
  {
   "begin": "1.680", 
   "end": "2.280", 
   "id": "f000005", 
   "language": "en", 
   "lines": [
    "crumbling"
   ]
  }, 
  {
   "begin": "2.280", 
   "end": "3.520", 
   "id": "f000006", 
   "language": "en", 
   "lines": [
    "wall."
   ]
  }
 ]
}