{
 "fragments": [
  {
   "begin": "0.000", 
   "end": "0.520", 
   "id": "f000001", 
   "language": "en", 
   "lines": [
    "There"
   ]
  }, 
  {
   "begin": "0.520", 
   "end": "1.040", 
   "id": "f000002", 
   "language": "en", 
   "lines": [
    "was"
   ]
  }, 
  {
   "begin": "1.040", 
   "end": "1.200", 
   "id": "f000003", 
   "language": "en", 
   "lines": [
    "a"
   ]
  }, 
  {
   "begin": "1.200", 
   "end": "1.680", 
   "id": "f000004", 
   "language": "en", 
   "lines": [
    "large"
   ]
  }, 
  {
   "begin": "1.680", 
   "end": "1.960", 
   "id": "f000005", 
   "language": "en", 
   "lines": [
    "boulder"
   ]
  }, 
  {
   "begin": "1.960", 
   "end": "2.280", 
   "id": "f000006", 
   "language": "en", 
   "lines": [
    "on"
   ]
  }, 
  {
   "begin": "2.280", 
   "end": "2.920", 
   "id": "f000007", 
   "language": "en", 
   "lines": [
    "the"
   ]
  }, 
  {
   "begin": "2.920", 
   "end": "3.400", 
   "id": "f000008", 
   "language": "en", 
   "lines": [
    "grassy"
   ]
  }, 
  {
   "begin": "3.400", 
   "end": "4.560", 
   "id": "f000009", 
   "language": "en", 
   "lines": [
    "plain."
   ]
  }, 
  {
   "begin": "4.560", 
   "end": "4.960", 
   "id": "f000010", 
   "language": "en", 
   "lines": [
    "He"
   ]
  }, 
  {
   "begin": "4.960", 
   "end": "5.280", 
   "id": "f000011", 
   "language": "en", 
   "lines": [
    "stumbled"
   ]
  }, 
  {
   "begin": "5.280", 
   "end": "5.600", 
   "id": "f000012", 
   "language": "en", 
   "lines": [
    "and"
   ]
  }, 
  {
   "begin": "5.600", 
   "end": "6.520", 
   "id": "f000013", 
   "language": "en", 
   "lines": [
    "fell"
   ]
  }, 
  {
   "begin": "6.520", 
   "end": "7.680", 
   "id": "f000014", 
   "language": "en", 
   "lines": [
    "down."
   ]
  }
 ]
}