{
 "fragments": [
  {
   "begin": "0.000", 
   "end": "0.760", 
   "id": "f000001", 
   "language": "en", 
   "lines": [
    "Anaya\u2019s"
   ]
  }, 
  {
   "begin": "0.760", 
   "end": "1.280", 
   "id": "f000002", 
   "language": "en", 
   "lines": [
    "most"
   ]
  }, 
  {
   "begin": "1.280", 
   "end": "1.680", 
   "id": "f000003", 
   "language": "en", 
   "lines": [
    "favorite"
   ]
  }, 
  {
   "begin": "1.680", 
   "end": "1.840", 
   "id": "f000004", 
   "language": "en", 
   "lines": [
    "thing"
   ]
  }, 
  {
   "begin": "1.840", 
   "end": "1.960", 
   "id": "f000005", 
   "language": "en", 
   "lines": [
    "in"
   ]
  }, 
  {
   "begin": "1.960", 
   "end": "2.120", 
   "id": "f000006", 
   "language": "en", 
   "lines": [
    "the"
   ]
  }, 
  {
   "begin": "2.120", 
   "end": "3.000", 
   "id": "f000007", 
   "language": "en", 
   "lines": [
    "world"
   ]
  }, 
  {
   "begin": "3.000", 
   "end": "3.240", 
   "id": "f000008", 
   "language": "en", 
   "lines": [
    "is"
   ]
  }, 
  {
   "begin": "3.240", 
   "end": "3.600", 
   "id": "f000009", 
   "language": "en", 
   "lines": [
    "her"
   ]
  }, 
  {
   "begin": "3.600", 
   "end": "5.080", 
   "id": "f000010", 
   "language": "en", 
   "lines": [
    "thumb."
   ]
  }, 
  {
   "begin": "5.080", 
   "end": "5.360", 
   "id": "f000011", 
   "language": "en", 
   "lines": [
    "She"
   ]
  }, 
  {
   "begin": "5.360", 
   "end": "5.640", 
   "id": "f000012", 
   "language": "en", 
   "lines": [
    "loves"
   ]
  }, 
  {
   "begin": "5.640", 
   "end": "5.960", 
   "id": "f000013", 
   "language": "en", 
   "lines": [
    "her"
   ]
  }, 
  {
   "begin": "5.960", 
   "end": "6.800", 
   "id": "f000014", 
   "language": "en", 
   "lines": [
    "round,"
   ]
  }, 
  {
   "begin": "6.800", 
   "end": "7.320", 
   "id": "f000015", 
   "language": "en", 
   "lines": [
    "thick"
   ]
  }, 
  {
   "begin": "7.320", 
   "end": "7.600", 
   "id": "f000016", 
   "language": "en", 
   "lines": [
    "and"
   ]
  }, 
  {
   "begin": "7.600", 
   "end": "8.040", 
   "id": "f000017", 
   "language": "en", 
   "lines": [
    "blobby"
   ]
  }, 
  {
   "begin": "8.040", 
   "end": "9.040", 
   "id": "f000018", 
   "language": "en", 
   "lines": [
    "thumb"
   ]
  }, 
  {
   "begin": "9.040", 
   "end": "9.160", 
   "id": "f000019", 
   "language": "en", 
   "lines": [
    "as"
   ]
  }, 
  {
   "begin": "9.160", 
   "end": "9.320", 
   "id": "f000020", 
   "language": "en", 
   "lines": [
    "it"
   ]
  }, 
  {
   "begin": "9.320", 
   "end": "9.760", 
   "id": "f000021", 
   "language": "en", 
   "lines": [
    "sits"
   ]
  }, 
  {
   "begin": "9.760", 
   "end": "9.760", 
   "id": "f000022", 
   "language": "en", 
   "lines": [
    "in"
   ]
  }, 
  {
   "begin": "9.760", 
   "end": "10.000", 
   "id": "f000023", 
   "language": "en", 
   "lines": [
    "her"
   ]
  }, 
  {
   "begin": "10.000", 
   "end": "10.240", 
   "id": "f000024", 
   "language": "en", 
   "lines": [
    "mouth."
   ]
  }, 
  {
   "begin": "10.240", 
   "end": "11.600", 
   "id": "f000025", 
   "language": "en", 
   "lines": [
    "She"
   ]
  }, 
  {
   "begin": "11.600", 
   "end": "12.120", 
   "id": "f000026", 
   "language": "en", 
   "lines": [
    "sucks"
   ]
  }, 
  {
   "begin": "12.120", 
   "end": "12.200", 
   "id": "f000027", 
   "language": "en", 
   "lines": [
    "it"
   ]
  }, 
  {
   "begin": "12.200", 
   "end": "12.400", 
   "id": "f000028", 
   "language": "en", 
   "lines": [
    "in"
   ]
  }, 
  {
   "begin": "12.400", 
   "end": "13.320", 
   "id": "f000029", 
   "language": "en", 
   "lines": [
    "bed,"
   ]
  }, 
  {
   "begin": "13.320", 
   "end": "13.440", 
   "id": "f000030", 
   "language": "en", 
   "lines": [
    "she"
   ]
  }, 
  {
   "begin": "13.440", 
   "end": "13.960", 
   "id": "f000031", 
   "language": "en", 
   "lines": [
    "sucks"
   ]
  }, 
  {
   "begin": "13.960", 
   "end": "14.000", 
   "id": "f000032", 
   "language": "en", 
   "lines": [
    "it"
   ]
  }, 
  {
   "begin": "14.000", 
   "end": "14.120", 
   "id": "f000033", 
   "language": "en", 
   "lines": [
    "in"
   ]
  }, 
  {
   "begin": "14.120", 
   "end": "15.280", 
   "id": "f000034", 
   "language": "en", 
   "lines": [
    "class"
   ]
  }, 
  {
   "begin": "15.280", 
   "end": "15.400", 
   "id": "f000035", 
   "language": "en", 
   "lines": [
    "and"
   ]
  }, 
  {
   "begin": "15.400", 
   "end": "15.520", 
   "id": "f000036", 
   "language": "en", 
   "lines": [
    "she"
   ]
  }, 
  {
   "begin": "15.520", 
   "end": "15.800", 
   "id": "f000037", 
   "language": "en", 
   "lines": [
    "sucks"
   ]
  }, 
  {
   "begin": "15.800", 
   "end": "15.800", 
   "id": "f000038", 
   "language": "en", 
   "lines": [
    "it"
   ]
  }, 
  {
   "begin": "15.800", 
   "end": "15.840", 
   "id": "f000039", 
   "language": "en", 
   "lines": [
    "on"
   ]
  }, 
  {
   "begin": "15.840", 
   "end": "16.240", 
   "id": "f000040", 
   "language": "en", 
   "lines": [
    "the"
   ]
  }, 
  {
   "begin": "16.240", 
   "end": "17.520", 
   "id": "f000041", 
   "language": "en", 
   "lines": [
    "swing."
   ]
  }, 
  {
   "begin": "17.520", 
   "end": "17.680", 
   "id": "f000042", 
   "language": "en", 
   "lines": [
    "She"
   ]
  }, 
  {
   "begin": "17.680", 
   "end": "18.520", 
   "id": "f000043", 
   "language": "en", 
   "lines": [
    "sucks"
   ]
  }, 
  {
   "begin": "18.520", 
   "end": "18.600", 
   "id": "f000044", 
   "language": "en", 
   "lines": [
    "it"
   ]
  }, 
  {
   "begin": "18.600", 
   "end": "18.920", 
   "id": "f000045", 
   "language": "en", 
   "lines": [
    "all"
   ]
  }, 
  {
   "begin": "18.920", 
   "end": "19.040", 
   "id": "f000046", 
   "language": "en", 
   "lines": [
    "the"
   ]
  }, 
  {
   "begin": "19.040", 
   "end": "19.360", 
   "id": "f000047", 
   "language": "en", 
   "lines": [
    "time!"
   ]
  }, 
  {
   "begin": "19.360", 
   "end": "20.800", 
   "id": "f000048", 
   "language": "en", 
   "lines": [
    "Her"
   ]
  }, 
  {
   "begin": "20.800", 
   "end": "21.440", 
   "id": "f000049", 
   "language": "en", 
   "lines": [
    "parents"
   ]
  }, 
  {
   "begin": "21.440", 
   "end": "21.680", 
   "id": "f000050", 
   "language": "en", 
   "lines": [
    "don\u2019t"
   ]
  }, 
  {
   "begin": "21.680", 
   "end": "21.960", 
   "id": "f000051", 
   "language": "en", 
   "lines": [
    "like"
   ]
  }, 
  {
   "begin": "21.960", 
   "end": "22.080", 
   "id": "f000052", 
   "language": "en", 
   "lines": [
    "it"
   ]
  }, 
  {
   "begin": "22.080", 
   "end": "23.120", 
   "id": "f000053", 
   "language": "en", 
   "lines": [
    "much"
   ]
  }, 
  {
   "begin": "23.120", 
   "end": "23.280", 
   "id": "f000054", 
   "language": "en", 
   "lines": [
    "and"
   ]
  }, 
  {
   "begin": "23.280", 
   "end": "23.520", 
   "id": "f000055", 
   "language": "en", 
   "lines": [
    "are"
   ]
  }, 
  {
   "begin": "23.520", 
   "end": "23.680", 
   "id": "f000056", 
   "language": "en", 
   "lines": [
    "always"
   ]
  }, 
  {
   "begin": "23.680", 
   "end": "23.680", 
   "id": "f000057", 
   "language": "en", 
   "lines": [
    "saying,"
   ]
  }, 
  {
   "begin": "23.680", 
   "end": "25.400", 
   "id": "f000058", 
   "language": "en", 
   "lines": [
    "\u2018Your&nbsp;"
   ]
  }, 
  {
   "begin": "25.400", 
   "end": "25.680", 
   "id": "f000059", 
   "language": "en", 
   "lines": [
    "thumb&nbsp;"
   ]
  }, 
  {
   "begin": "25.680", 
   "end": "26.400", 
   "id": "f000060", 
   "language": "en", 
   "lines": [
    "smells\u2019,"
   ]
  }, 
  {
   "begin": "26.400", 
   "end": "27.840", 
   "id": "f000061", 
   "language": "en", 
   "lines": [
    "\u2018Anaya&nbsp;"
   ]
  }, 
  {
   "begin": "27.840", 
   "end": "28.200", 
   "id": "f000062", 
   "language": "en", 
   "lines": [
    "stop!\u2019,"
   ]
  }, 
  {
   "begin": "28.200", 
   "end": "30.040", 
   "id": "f000063", 
   "language": "en", 
   "lines": [
    "\u2018Anaya&nbsp;"
   ]
  }, 
  {
   "begin": "30.040", 
   "end": "31.120", 
   "id": "f000064", 
   "language": "en", 
   "lines": [
    "don\u2019t!\u2019"
   ]
  }
 ]
}