{
 "fragments": [
  {
   "begin": "0.000", 
   "end": "0.000", 
   "id": "f000001", 
   "language": "en", 
   "lines": [
    "Anaya"
   ]
  }, 
  {
   "begin": "0.000", 
   "end": "1.920", 
   "id": "f000002", 
   "language": "en", 
   "lines": [
    "spots"
   ]
  }, 
  {
   "begin": "1.920", 
   "end": "2.280", 
   "id": "f000003", 
   "language": "en", 
   "lines": [
    "hippos"
   ]
  }, 
  {
   "begin": "2.280", 
   "end": "2.440", 
   "id": "f000004", 
   "language": "en", 
   "lines": [
    "in"
   ]
  }, 
  {
   "begin": "2.440", 
   "end": "2.840", 
   "id": "f000005", 
   "language": "en", 
   "lines": [
    "the"
   ]
  }, 
  {
   "begin": "2.840", 
   "end": "4.920", 
   "id": "f000006", 
   "language": "en", 
   "lines": [
    "water."
   ]
  }, 
  {
   "begin": "4.920", 
   "end": "5.120", 
   "id": "f000007", 
   "language": "en", 
   "lines": [
    "She"
   ]
  }, 
  {
   "begin": "5.120", 
   "end": "5.560", 
   "id": "f000008", 
   "language": "en", 
   "lines": [
    "sees"
   ]
  }, 
  {
   "begin": "5.560", 
   "end": "5.640", 
   "id": "f000009", 
   "language": "en", 
   "lines": [
    "a"
   ]
  }, 
  {
   "begin": "5.640", 
   "end": "6.280", 
   "id": "f000010", 
   "language": "en", 
   "lines": [
    "hippopotamus"
   ]
  }, 
  {
   "begin": "6.280", 
   "end": "6.560", 
   "id": "f000011", 
   "language": "en", 
   "lines": [
    "calf"
   ]
  }, 
  {
   "begin": "6.560", 
   "end": "7.080", 
   "id": "f000012", 
   "language": "en", 
   "lines": [
    "that"
   ]
  }, 
  {
   "begin": "7.080", 
   "end": "7.360", 
   "id": "f000013", 
   "language": "en", 
   "lines": [
    "is"
   ]
  }, 
  {
   "begin": "7.360", 
   "end": "7.720", 
   "id": "f000014", 
   "language": "en", 
   "lines": [
    "not"
   ]
  }, 
  {
   "begin": "7.720", 
   "end": "8.280", 
   "id": "f000015", 
   "language": "en", 
   "lines": [
    "yawning"
   ]
  }, 
  {
   "begin": "8.280", 
   "end": "8.600", 
   "id": "f000016", 
   "language": "en", 
   "lines": [
    "wide"
   ]
  }, 
  {
   "begin": "8.600", 
   "end": "8.720", 
   "id": "f000017", 
   "language": "en", 
   "lines": [
    "with"
   ]
  }, 
  {
   "begin": "8.720", 
   "end": "8.920", 
   "id": "f000018", 
   "language": "en", 
   "lines": [
    "her"
   ]
  }, 
  {
   "begin": "8.920", 
   "end": "10.520", 
   "id": "f000019", 
   "language": "en", 
   "lines": [
    "mother."
   ]
  }, 
  {
   "begin": "10.520", 
   "end": "10.760", 
   "id": "f000020", 
   "language": "en", 
   "lines": [
    "She"
   ]
  }, 
  {
   "begin": "10.760", 
   "end": "10.880", 
   "id": "f000021", 
   "language": "en", 
   "lines": [
    "is"
   ]
  }, 
  {
   "begin": "10.880", 
   "end": "11.040", 
   "id": "f000022", 
   "language": "en", 
   "lines": [
    "not"
   ]
  }, 
  {
   "begin": "11.040", 
   "end": "11.920", 
   "id": "f000023", 
   "language": "en", 
   "lines": [
    "grunting"
   ]
  }, 
  {
   "begin": "11.920", 
   "end": "12.000", 
   "id": "f000024", 
   "language": "en", 
   "lines": [
    "with"
   ]
  }, 
  {
   "begin": "12.000", 
   "end": "12.240", 
   "id": "f000025", 
   "language": "en", 
   "lines": [
    "her"
   ]
  }, 
  {
   "begin": "12.240", 
   "end": "13.760", 
   "id": "f000026", 
   "language": "en", 
   "lines": [
    "father."
   ]
  }, 
  {
   "begin": "13.760", 
   "end": "14.000", 
   "id": "f000027", 
   "language": "en", 
   "lines": [
    "She"
   ]
  }, 
  {
   "begin": "14.000", 
   "end": "14.160", 
   "id": "f000028", 
   "language": "en", 
   "lines": [
    "is"
   ]
  }, 
  {
   "begin": "14.160", 
   "end": "14.280", 
   "id": "f000029", 
   "language": "en", 
   "lines": [
    "not"
   ]
  }, 
  {
   "begin": "14.280", 
   "end": "15.000", 
   "id": "f000030", 
   "language": "en", 
   "lines": [
    "swimming"
   ]
  }, 
  {
   "begin": "15.000", 
   "end": "15.080", 
   "id": "f000031", 
   "language": "en", 
   "lines": [
    "with"
   ]
  }, 
  {
   "begin": "15.080", 
   "end": "15.360", 
   "id": "f000032", 
   "language": "en", 
   "lines": [
    "her"
   ]
  }, 
  {
   "begin": "15.360", 
   "end": "16.920", 
   "id": "f000033", 
   "language": "en", 
   "lines": [
    "friends."
   ]
  }, 
  {
   "begin": "16.920", 
   "end": "17.200", 
   "id": "f000034", 
   "language": "en", 
   "lines": [
    "What"
   ]
  }, 
  {
   "begin": "17.200", 
   "end": "17.360", 
   "id": "f000035", 
   "language": "en", 
   "lines": [
    "is"
   ]
  }, 
  {
   "begin": "17.360", 
   "end": "17.480", 
   "id": "f000036", 
   "language": "en", 
   "lines": [
    "the"
   ]
  }, 
  {
   "begin": "17.480", 
   "end": "17.760", 
   "id": "f000037", 
   "language": "en", 
   "lines": [
    "baby"
   ]
  }, 
  {
   "begin": "17.760", 
   "end": "18.400", 
   "id": "f000038", 
   "language": "en", 
   "lines": [
    "hippo"
   ]
  }, 
  {
   "begin": "18.400", 
   "end": "19.640", 
   "id": "f000039", 
   "language": "en", 
   "lines": [
    "doing?"
   ]
  }, 
  {
   "begin": "19.640", 
   "end": "20.160", 
   "id": "f000040", 
   "language": "en", 
   "lines": [
    "Sucking"
   ]
  }, 
  {
   "begin": "20.160", 
   "end": "20.480", 
   "id": "f000041", 
   "language": "en", 
   "lines": [
    "her"
   ]
  }, 
  {
   "begin": "20.480", 
   "end": "20.640", 
   "id": "f000042", 
   "language": "en", 
   "lines": [
    "lip!"
   ]
  }, 
  {
   "begin": "20.640", 
   "end": "21.760", 
   "id": "f000043", 
   "language": "en", 
   "lines": [
    "CHUSK!"
   ]
  }, 
  {
   "begin": "21.760", 
   "end": "23.800", 
   "id": "f000044", 
   "language": "en", 
   "lines": [
    "CHUSK!"
   ]
  }
 ]
}