{
 "fragments": [
  {
   "begin": "0.000", 
   "end": "0.000", 
   "id": "f000001", 
   "language": "en", 
   "lines": [
    "Anaya"
   ]
  }, 
  {
   "begin": "0.000", 
   "end": "0.720", 
   "id": "f000002", 
   "language": "en", 
   "lines": [
    "is"
   ]
  }, 
  {
   "begin": "0.720", 
   "end": "1.320", 
   "id": "f000003", 
   "language": "en", 
   "lines": [
    "at"
   ]
  }, 
  {
   "begin": "1.320", 
   "end": "1.680", 
   "id": "f000004", 
   "language": "en", 
   "lines": [
    "the"
   ]
  }, 
  {
   "begin": "1.680", 
   "end": "2.280", 
   "id": "f000005", 
   "language": "en", 
   "lines": [
    "zoo"
   ]
  }, 
  {
   "begin": "2.280", 
   "end": "3.720", 
   "id": "f000006", 
   "language": "en", 
   "lines": [
    "today."
   ]
  }, 
  {
   "begin": "3.720", 
   "end": "3.840", 
   "id": "f000007", 
   "language": "en", 
   "lines": [
    "Her"
   ]
  }, 
  {
   "begin": "3.840", 
   "end": "4.840", 
   "id": "f000008", 
   "language": "en", 
   "lines": [
    "parents"
   ]
  }, 
  {
   "begin": "4.840", 
   "end": "4.920", 
   "id": "f000009", 
   "language": "en", 
   "lines": [
    "do"
   ]
  }, 
  {
   "begin": "4.920", 
   "end": "5.240", 
   "id": "f000010", 
   "language": "en", 
   "lines": [
    "not"
   ]
  }, 
  {
   "begin": "5.240", 
   "end": "5.400", 
   "id": "f000011", 
   "language": "en", 
   "lines": [
    "look"
   ]
  }, 
  {
   "begin": "5.400", 
   "end": "5.640", 
   "id": "f000012", 
   "language": "en", 
   "lines": [
    "at"
   ]
  }, 
  {
   "begin": "5.640", 
   "end": "5.920", 
   "id": "f000013", 
   "language": "en", 
   "lines": [
    "her"
   ]
  }, 
  {
   "begin": "5.920", 
   "end": "6.840", 
   "id": "f000014", 
   "language": "en", 
   "lines": [
    "thumb"
   ]
  }, 
  {
   "begin": "6.840", 
   "end": "7.160", 
   "id": "f000015", 
   "language": "en", 
   "lines": [
    "since"
   ]
  }, 
  {
   "begin": "7.160", 
   "end": "7.480", 
   "id": "f000016", 
   "language": "en", 
   "lines": [
    "they"
   ]
  }, 
  {
   "begin": "7.480", 
   "end": "7.600", 
   "id": "f000017", 
   "language": "en", 
   "lines": [
    "are"
   ]
  }, 
  {
   "begin": "7.600", 
   "end": "8.320", 
   "id": "f000018", 
   "language": "en", 
   "lines": [
    "busy"
   ]
  }, 
  {
   "begin": "8.320", 
   "end": "8.760", 
   "id": "f000019", 
   "language": "en", 
   "lines": [
    "looking"
   ]
  }, 
  {
   "begin": "8.760", 
   "end": "8.880", 
   "id": "f000020", 
   "language": "en", 
   "lines": [
    "at"
   ]
  }, 
  {
   "begin": "8.880", 
   "end": "9.120", 
   "id": "f000021", 
   "language": "en", 
   "lines": [
    "the"
   ]
  }, 
  {
   "begin": "9.120", 
   "end": "10.680", 
   "id": "f000022", 
   "language": "en", 
   "lines": [
    "animals."
   ]
  }, 
  {
   "begin": "10.680", 
   "end": "11.000", 
   "id": "f000023", 
   "language": "en", 
   "lines": [
    "Anaya"
   ]
  }, 
  {
   "begin": "11.000", 
   "end": "11.440", 
   "id": "f000024", 
   "language": "en", 
   "lines": [
    "sees"
   ]
  }, 
  {
   "begin": "11.440", 
   "end": "11.640", 
   "id": "f000025", 
   "language": "en", 
   "lines": [
    "an"
   ]
  }, 
  {
   "begin": "11.640", 
   "end": "13.200", 
   "id": "f000026", 
   "language": "en", 
   "lines": [
    "elephant."
   ]
  }, 
  {
   "begin": "13.200", 
   "end": "13.400", 
   "id": "f000027", 
   "language": "en", 
   "lines": [
    "She"
   ]
  }, 
  {
   "begin": "13.400", 
   "end": "13.920", 
   "id": "f000028", 
   "language": "en", 
   "lines": [
    "spots"
   ]
  }, 
  {
   "begin": "13.920", 
   "end": "13.920", 
   "id": "f000029", 
   "language": "en", 
   "lines": [
    "a"
   ]
  }, 
  {
   "begin": "13.920", 
   "end": "14.280", 
   "id": "f000030", 
   "language": "en", 
   "lines": [
    "calf"
   ]
  }, 
  {
   "begin": "14.280", 
   "end": "14.840", 
   "id": "f000031", 
   "language": "en", 
   "lines": [
    "that"
   ]
  }, 
  {
   "begin": "14.840", 
   "end": "15.120", 
   "id": "f000032", 
   "language": "en", 
   "lines": [
    "is"
   ]
  }, 
  {
   "begin": "15.120", 
   "end": "15.320", 
   "id": "f000033", 
   "language": "en", 
   "lines": [
    "not"
   ]
  }, 
  {
   "begin": "15.320", 
   "end": "16.120", 
   "id": "f000034", 
   "language": "en", 
   "lines": [
    "splashing"
   ]
  }, 
  {
   "begin": "16.120", 
   "end": "16.240", 
   "id": "f000035", 
   "language": "en", 
   "lines": [
    "with"
   ]
  }, 
  {
   "begin": "16.240", 
   "end": "16.520", 
   "id": "f000036", 
   "language": "en", 
   "lines": [
    "his"
   ]
  }, 
  {
   "begin": "16.520", 
   "end": "16.800", 
   "id": "f000037", 
   "language": "en", 
   "lines": [
    "mother."
   ]
  }, 
  {
   "begin": "16.800", 
   "end": "18.080", 
   "id": "f000038", 
   "language": "en", 
   "lines": [
    "He"
   ]
  }, 
  {
   "begin": "18.080", 
   "end": "18.360", 
   "id": "f000039", 
   "language": "en", 
   "lines": [
    "is"
   ]
  }, 
  {
   "begin": "18.360", 
   "end": "18.520", 
   "id": "f000040", 
   "language": "en", 
   "lines": [
    "not"
   ]
  }, 
  {
   "begin": "18.520", 
   "end": "19.000", 
   "id": "f000041", 
   "language": "en", 
   "lines": [
    "trumpeting"
   ]
  }, 
  {
   "begin": "19.000", 
   "end": "19.240", 
   "id": "f000042", 
   "language": "en", 
   "lines": [
    "with"
   ]
  }, 
  {
   "begin": "19.240", 
   "end": "19.480", 
   "id": "f000043", 
   "language": "en", 
   "lines": [
    "his"
   ]
  }, 
  {
   "begin": "19.480", 
   "end": "20.920", 
   "id": "f000044", 
   "language": "en", 
   "lines": [
    "father."
   ]
  }, 
  {
   "begin": "20.920", 
   "end": "21.000", 
   "id": "f000045", 
   "language": "en", 
   "lines": [
    "He"
   ]
  }, 
  {
   "begin": "21.000", 
   "end": "21.280", 
   "id": "f000046", 
   "language": "en", 
   "lines": [
    "is"
   ]
  }, 
  {
   "begin": "21.280", 
   "end": "21.880", 
   "id": "f000047", 
   "language": "en", 
   "lines": [
    "not"
   ]
  }, 
  {
   "begin": "21.880", 
   "end": "22.040", 
   "id": "f000048", 
   "language": "en", 
   "lines": [
    "eating"
   ]
  }, 
  {
   "begin": "22.040", 
   "end": "22.960", 
   "id": "f000049", 
   "language": "en", 
   "lines": [
    "bananas"
   ]
  }, 
  {
   "begin": "22.960", 
   "end": "23.040", 
   "id": "f000050", 
   "language": "en", 
   "lines": [
    "with"
   ]
  }, 
  {
   "begin": "23.040", 
   "end": "23.320", 
   "id": "f000051", 
   "language": "en", 
   "lines": [
    "his"
   ]
  }, 
  {
   "begin": "23.320", 
   "end": "24.960", 
   "id": "f000052", 
   "language": "en", 
   "lines": [
    "friends."
   ]
  }, 
  {
   "begin": "24.960", 
   "end": "25.280", 
   "id": "f000053", 
   "language": "en", 
   "lines": [
    "What"
   ]
  }, 
  {
   "begin": "25.280", 
   "end": "25.520", 
   "id": "f000054", 
   "language": "en", 
   "lines": [
    "is"
   ]
  }, 
  {
   "begin": "25.520", 
   "end": "25.640", 
   "id": "f000055", 
   "language": "en", 
   "lines": [
    "the"
   ]
  }, 
  {
   "begin": "25.640", 
   "end": "25.920", 
   "id": "f000056", 
   "language": "en", 
   "lines": [
    "baby"
   ]
  }, 
  {
   "begin": "25.920", 
   "end": "26.080", 
   "id": "f000057", 
   "language": "en", 
   "lines": [
    "elephant"
   ]
  }, 
  {
   "begin": "26.080", 
   "end": "27.960", 
   "id": "f000058", 
   "language": "en", 
   "lines": [
    "doing?"
   ]
  }, 
  {
   "begin": "27.960", 
   "end": "28.440", 
   "id": "f000059", 
   "language": "en", 
   "lines": [
    "Sucking"
   ]
  }, 
  {
   "begin": "28.440", 
   "end": "28.680", 
   "id": "f000060", 
   "language": "en", 
   "lines": [
    "his"
   ]
  }, 
  {
   "begin": "28.680", 
   "end": "30.120", 
   "id": "f000061", 
   "language": "en", 
   "lines": [
    "trunk!CHUSK!"
   ]
  }, 
  {
   "begin": "30.120", 
   "end": "33.920", 
   "id": "f000062", 
   "language": "en", 
   "lines": [
    "CHUSK!"
   ]
  }
 ]
}