{
 "fragments": [
  {
   "begin": "0.000", 
   "end": "0.520", 
   "id": "f000001", 
   "language": "en", 
   "lines": [
    "Anaya"
   ]
  }, 
  {
   "begin": "0.520", 
   "end": "0.520", 
   "id": "f000002", 
   "language": "en", 
   "lines": [
    "pulls"
   ]
  }, 
  {
   "begin": "0.520", 
   "end": "0.520", 
   "id": "f000003", 
   "language": "en", 
   "lines": [
    "her"
   ]
  }, 
  {
   "begin": "0.520", 
   "end": "0.600", 
   "id": "f000004", 
   "language": "en", 
   "lines": [
    "thumb"
   ]
  }, 
  {
   "begin": "0.600", 
   "end": "0.960", 
   "id": "f000005", 
   "language": "en", 
   "lines": [
    "out"
   ]
  }, 
  {
   "begin": "0.960", 
   "end": "1.360", 
   "id": "f000006", 
   "language": "en", 
   "lines": [
    "of"
   ]
  }, 
  {
   "begin": "1.360", 
   "end": "1.680", 
   "id": "f000007", 
   "language": "en", 
   "lines": [
    "her"
   ]
  }, 
  {
   "begin": "1.680", 
   "end": "2.040", 
   "id": "f000008", 
   "language": "en", 
   "lines": [
    "mouth,"
   ]
  }, 
  {
   "begin": "2.040", 
   "end": "2.440", 
   "id": "f000009", 
   "language": "en", 
   "lines": [
    "runs"
   ]
  }, 
  {
   "begin": "2.440", 
   "end": "2.560", 
   "id": "f000010", 
   "language": "en", 
   "lines": [
    "ahead"
   ]
  }, 
  {
   "begin": "2.560", 
   "end": "2.600", 
   "id": "f000011", 
   "language": "en", 
   "lines": [
    "and"
   ]
  }, 
  {
   "begin": "2.600", 
   "end": "3.640", 
   "id": "f000012", 
   "language": "en", 
   "lines": [
    "stops"
   ]
  }, 
  {
   "begin": "3.640", 
   "end": "4.120", 
   "id": "f000013", 
   "language": "en", 
   "lines": [
    "between"
   ]
  }, 
  {
   "begin": "4.120", 
   "end": "5.120", 
   "id": "f000014", 
   "language": "en", 
   "lines": [
    "her"
   ]
  }, 
  {
   "begin": "5.120", 
   "end": "5.200", 
   "id": "f000015", 
   "language": "en", 
   "lines": [
    "parents."
   ]
  }, 
  {
   "begin": "5.200", 
   "end": "5.840", 
   "id": "f000016", 
   "language": "en", 
   "lines": [
    "She"
   ]
  }, 
  {
   "begin": "5.840", 
   "end": "6.200", 
   "id": "f000017", 
   "language": "en", 
   "lines": [
    "holds"
   ]
  }, 
  {
   "begin": "6.200", 
   "end": "6.360", 
   "id": "f000018", 
   "language": "en", 
   "lines": [
    "onto"
   ]
  }, 
  {
   "begin": "6.360", 
   "end": "8.000", 
   "id": "f000019", 
   "language": "en", 
   "lines": [
    "their"
   ]
  }, 
  {
   "begin": "8.000", 
   "end": "8.200", 
   "id": "f000020", 
   "language": "en", 
   "lines": [
    "hands,"
   ]
  }, 
  {
   "begin": "8.200", 
   "end": "8.480", 
   "id": "f000021", 
   "language": "en", 
   "lines": [
    "counts"
   ]
  }, 
  {
   "begin": "8.480", 
   "end": "8.760", 
   "id": "f000022", 
   "language": "en", 
   "lines": [
    "1-2-3,"
   ]
  }, 
  {
   "begin": "8.760", 
   "end": "9.000", 
   "id": "f000023", 
   "language": "en", 
   "lines": [
    "jumps"
   ]
  }, 
  {
   "begin": "9.000", 
   "end": "9.520", 
   "id": "f000024", 
   "language": "en", 
   "lines": [
    "up"
   ]
  }, 
  {
   "begin": "9.520", 
   "end": "10.680", 
   "id": "f000025", 
   "language": "en", 
   "lines": [
    "and"
   ]
  }, 
  {
   "begin": "10.680", 
   "end": "11.760", 
   "id": "f000026", 
   "language": "en", 
   "lines": [
    "swings"
   ]
  }, 
  {
   "begin": "11.760", 
   "end": "12.760", 
   "id": "f000027", 
   "language": "en", 
   "lines": [
    "high"
   ]
  }, 
  {
   "begin": "12.760", 
   "end": "13.720", 
   "id": "f000028", 
   "language": "en", 
   "lines": [
    "in"
   ]
  }, 
  {
   "begin": "13.720", 
   "end": "13.840", 
   "id": "f000029", 
   "language": "en", 
   "lines": [
    "the"
   ]
  }, 
  {
   "begin": "13.840", 
   "end": "14.360", 
   "id": "f000030", 
   "language": "en", 
   "lines": [
    "air."
   ]
  }, 
  {
   "begin": "14.360", 
   "end": "14.760", 
   "id": "f000031", 
   "language": "en", 
   "lines": [
    "\u201cWHEEE!\u201d"
   ]
  }, 
  {
   "begin": "14.760", 
   "end": "14.840", 
   "id": "f000032", 
   "language": "en", 
   "lines": [
    ""
   ]
  }, 
  {
   "begin": "14.840", 
   "end": "15.160", 
   "id": "f000033", 
   "language": "en", 
   "lines": [
    "And"
   ]
  }, 
  {
   "begin": "15.160", 
   "end": "15.240", 
   "id": "f000034", 
   "language": "en", 
   "lines": [
    "the"
   ]
  }, 
  {
   "begin": "15.240", 
   "end": "16.120", 
   "id": "f000035", 
   "language": "en", 
   "lines": [
    "little"
   ]
  }, 
  {
   "begin": "16.120", 
   "end": "17.360", 
   "id": "f000036", 
   "language": "en", 
   "lines": [
    "baby"
   ]
  }, 
  {
   "begin": "17.360", 
   "end": "17.720", 
   "id": "f000037", 
   "language": "en", 
   "lines": [
    "monkey"
   ]
  }, 
  {
   "begin": "17.720", 
   "end": "18.880", 
   "id": "f000038", 
   "language": "en", 
   "lines": [
    "watching"
   ]
  }, 
  {
   "begin": "18.880", 
   "end": "19.400", 
   "id": "f000039", 
   "language": "en", 
   "lines": [
    "her"
   ]
  }, 
  {
   "begin": "19.400", 
   "end": "19.720", 
   "id": "f000040", 
   "language": "en", 
   "lines": [
    "from"
   ]
  }, 
  {
   "begin": "19.720", 
   "end": "20.680", 
   "id": "f000041", 
   "language": "en", 
   "lines": [
    "above"
   ]
  }, 
  {
   "begin": "20.680", 
   "end": "21.040", 
   "id": "f000042", 
   "language": "en", 
   "lines": [
    "does"
   ]
  }, 
  {
   "begin": "21.040", 
   "end": "21.360", 
   "id": "f000043", 
   "language": "en", 
   "lines": [
    "the"
   ]
  }, 
  {
   "begin": "21.360", 
   "end": "21.680", 
   "id": "f000044", 
   "language": "en", 
   "lines": [
    "same."
   ]
  }
 ]
}