{
 "fragments": [
  {
   "begin": "0.000", 
   "end": "1.840", 
   "id": "f000001", 
   "language": "en", 
   "lines": [
    "Next,"
   ]
  }, 
  {
   "begin": "1.840", 
   "end": "2.080", 
   "id": "f000002", 
   "language": "en", 
   "lines": [
    "the"
   ]
  }, 
  {
   "begin": "2.080", 
   "end": "2.680", 
   "id": "f000003", 
   "language": "en", 
   "lines": [
    "monkeys"
   ]
  }, 
  {
   "begin": "2.680", 
   "end": "3.080", 
   "id": "f000004", 
   "language": "en", 
   "lines": [
    "call"
   ]
  }, 
  {
   "begin": "3.080", 
   "end": "4.640", 
   "id": "f000005", 
   "language": "en", 
   "lines": [
    "out."
   ]
  }, 
  {
   "begin": "4.640", 
   "end": "4.960", 
   "id": "f000006", 
   "language": "en", 
   "lines": [
    "Anaya"
   ]
  }, 
  {
   "begin": "4.960", 
   "end": "5.480", 
   "id": "f000007", 
   "language": "en", 
   "lines": [
    "spots"
   ]
  }, 
  {
   "begin": "5.480", 
   "end": "5.720", 
   "id": "f000008", 
   "language": "en", 
   "lines": [
    "an"
   ]
  }, 
  {
   "begin": "5.720", 
   "end": "5.920", 
   "id": "f000009", 
   "language": "en", 
   "lines": [
    "infant"
   ]
  }, 
  {
   "begin": "5.920", 
   "end": "6.560", 
   "id": "f000010", 
   "language": "en", 
   "lines": [
    "who"
   ]
  }, 
  {
   "begin": "6.560", 
   "end": "6.840", 
   "id": "f000011", 
   "language": "en", 
   "lines": [
    "is"
   ]
  }, 
  {
   "begin": "6.840", 
   "end": "7.000", 
   "id": "f000012", 
   "language": "en", 
   "lines": [
    "not"
   ]
  }, 
  {
   "begin": "7.000", 
   "end": "7.520", 
   "id": "f000013", 
   "language": "en", 
   "lines": [
    "clinging"
   ]
  }, 
  {
   "begin": "7.520", 
   "end": "7.840", 
   "id": "f000014", 
   "language": "en", 
   "lines": [
    "to"
   ]
  }, 
  {
   "begin": "7.840", 
   "end": "7.960", 
   "id": "f000015", 
   "language": "en", 
   "lines": [
    "her"
   ]
  }, 
  {
   "begin": "7.960", 
   "end": "8.120", 
   "id": "f000016", 
   "language": "en", 
   "lines": [
    "mother."
   ]
  }, 
  {
   "begin": "8.120", 
   "end": "9.960", 
   "id": "f000017", 
   "language": "en", 
   "lines": [
    "She"
   ]
  }, 
  {
   "begin": "9.960", 
   "end": "10.240", 
   "id": "f000018", 
   "language": "en", 
   "lines": [
    "is"
   ]
  }, 
  {
   "begin": "10.240", 
   "end": "10.400", 
   "id": "f000019", 
   "language": "en", 
   "lines": [
    "not"
   ]
  }, 
  {
   "begin": "10.400", 
   "end": "10.800", 
   "id": "f000020", 
   "language": "en", 
   "lines": [
    "playing"
   ]
  }, 
  {
   "begin": "10.800", 
   "end": "10.880", 
   "id": "f000021", 
   "language": "en", 
   "lines": [
    "the"
   ]
  }, 
  {
   "begin": "10.880", 
   "end": "11.680", 
   "id": "f000022", 
   "language": "en", 
   "lines": [
    "clown"
   ]
  }, 
  {
   "begin": "11.680", 
   "end": "11.720", 
   "id": "f000023", 
   "language": "en", 
   "lines": [
    "with"
   ]
  }, 
  {
   "begin": "11.720", 
   "end": "12.000", 
   "id": "f000024", 
   "language": "en", 
   "lines": [
    "her"
   ]
  }, 
  {
   "begin": "12.000", 
   "end": "13.480", 
   "id": "f000025", 
   "language": "en", 
   "lines": [
    "father."
   ]
  }, 
  {
   "begin": "13.480", 
   "end": "13.600", 
   "id": "f000026", 
   "language": "en", 
   "lines": [
    "She"
   ]
  }, 
  {
   "begin": "13.600", 
   "end": "13.760", 
   "id": "f000027", 
   "language": "en", 
   "lines": [
    "is"
   ]
  }, 
  {
   "begin": "13.760", 
   "end": "13.920", 
   "id": "f000028", 
   "language": "en", 
   "lines": [
    "not"
   ]
  }, 
  {
   "begin": "13.920", 
   "end": "14.240", 
   "id": "f000029", 
   "language": "en", 
   "lines": [
    "playing"
   ]
  }, 
  {
   "begin": "14.240", 
   "end": "14.600", 
   "id": "f000030", 
   "language": "en", 
   "lines": [
    "hide"
   ]
  }, 
  {
   "begin": "14.600", 
   "end": "14.640", 
   "id": "f000031", 
   "language": "en", 
   "lines": [
    "and"
   ]
  }, 
  {
   "begin": "14.640", 
   "end": "15.000", 
   "id": "f000032", 
   "language": "en", 
   "lines": [
    "seek"
   ]
  }, 
  {
   "begin": "15.000", 
   "end": "15.400", 
   "id": "f000033", 
   "language": "en", 
   "lines": [
    "with"
   ]
  }, 
  {
   "begin": "15.400", 
   "end": "15.560", 
   "id": "f000034", 
   "language": "en", 
   "lines": [
    "her"
   ]
  }, 
  {
   "begin": "15.560", 
   "end": "17.120", 
   "id": "f000035", 
   "language": "en", 
   "lines": [
    "friends."
   ]
  }, 
  {
   "begin": "17.120", 
   "end": "17.480", 
   "id": "f000036", 
   "language": "en", 
   "lines": [
    "What"
   ]
  }, 
  {
   "begin": "17.480", 
   "end": "17.640", 
   "id": "f000037", 
   "language": "en", 
   "lines": [
    "is"
   ]
  }, 
  {
   "begin": "17.640", 
   "end": "17.760", 
   "id": "f000038", 
   "language": "en", 
   "lines": [
    "the"
   ]
  }, 
  {
   "begin": "17.760", 
   "end": "18.160", 
   "id": "f000039", 
   "language": "en", 
   "lines": [
    "baby"
   ]
  }, 
  {
   "begin": "18.160", 
   "end": "18.520", 
   "id": "f000040", 
   "language": "en", 
   "lines": [
    "monkey"
   ]
  }, 
  {
   "begin": "18.520", 
   "end": "20.000", 
   "id": "f000041", 
   "language": "en", 
   "lines": [
    "doing?"
   ]
  }, 
  {
   "begin": "20.000", 
   "end": "20.480", 
   "id": "f000042", 
   "language": "en", 
   "lines": [
    "Sucking"
   ]
  }, 
  {
   "begin": "20.480", 
   "end": "20.680", 
   "id": "f000043", 
   "language": "en", 
   "lines": [
    "her"
   ]
  }, 
  {
   "begin": "20.680", 
   "end": "20.960", 
   "id": "f000044", 
   "language": "en", 
   "lines": [
    "thumb!"
   ]
  }, 
  {
   "begin": "20.960", 
   "end": "22.200", 
   "id": "f000045", 
   "language": "en", 
   "lines": [
    "CHUSK!"
   ]
  }, 
  {
   "begin": "22.200", 
   "end": "23.920", 
   "id": "f000046", 
   "language": "en", 
   "lines": [
    "CHUSK!"
   ]
  }
 ]
}