{"id":84,"name":"Anaya&#39;s Thumb","writtenby":"Natasha Sharma","illustrationsby":"Ruchi Shah","translationby":"","source":"Pratham Books","status":"active","level":2,"pages":[{"id":875,"content":"Anaya\u2019s most favorite thing in the world is her thumb. She loves her round, thick and blobby thumb as it sits in her mouth. She sucks it in bed, she sucks it in class and she sucks it on the swing. She sucks it all the time! Her parents don\u2019t like it much and are always saying, \u2018Your  thumb  smells\u2019, \u2018Anaya  stop!\u2019, \u2018Anaya  don\u2019t!\u2019","pageno":1,"image":"bebd3ece0503be3fa085a2f71ea53cb0.jpg","audio":"f7ab89214dc0af6cdce29220baa0e1fd.mp3","audio_map":"08a50e929bc63a237bf79c871592a54c.json","language":[{"language_id":11,"content":"\u0b87\u0ba8\u0bcd\u0ba4 \u0b89\u0bb2\u0b95\u0ba4\u0bcd\u0ba4\u0bbf\u0bb2\u0bcd \u0b85\u0ba8\u0bbe\u0baf\u0bbe\u0bb5\u0bbf\u0bb1\u0bcd\u0b95\u0bc1 \u0bb0\u0bca\u0bae\u0bcd\u0baa \u0baa\u0bbf\u0b9f\u0bbf\u0ba4\u0bcd\u0ba4 \u0bb5\u0bbf\u0bb7\u0baf\u0bae\u0bcd \u0b85\u0bb5\u0bb3\u0bc1\u0b9f\u0bc8\u0baf \u0b95\u0b9f\u0bcd\u0b9f\u0bc8\u0bb5\u0bbf\u0bb0\u0bb2\u0bcd. \u0b89\u0bb0\u0bc1\u0bb3\u0bc8\u0baf\u0bbe\u0ba9, \u0b95\u0bc6\u0b9f\u0bcd\u0b9f\u0bbf\u0baf\u0bbe\u0ba9, \u0b8e\u0b9a\u0bcd\u0b9a\u0bbf\u0bb2\u0bbf\u0bb2\u0bcd \u0b8a\u0bb1\u0bbf\u0baf \u0b95\u0b9f\u0bcd\u0b9f\u0bc8\u0bb5\u0bbf\u0bb0\u0bb2\u0bc8 \u0bb5\u0bbe\u0baf\u0bbf\u0bb2\u0bcd \u0baa\u0bcb\u0b9f\u0bcd\u0b9f\u0bc1\u0b95\u0bcd\u0b95\u0bca\u0bb3\u0bcd\u0bb3\u0bc1\u0bae\u0bcd\u0baa\u0bcb\u0ba4\u0bc1 \u0b87\u0ba9\u0bcd\u0ba9\u0bc1\u0bae\u0bcd \u0b85\u0ba4\u0bbf\u0b95\u0bae\u0bbe\u0b95\u0baa\u0bcd \u0baa\u0bbf\u0b9f\u0bbf\u0b95\u0bcd\u0b95\u0bc1\u0bae\u0bcd. \u0b8e\u0baa\u0bcd\u0baa\u0bcb\u0ba4\u0bc1\u0bae\u0bc7 \u0b85\u0bb5\u0bb3\u0ba4\u0bc1  \u0b95\u0b9f\u0bcd\u0b9f\u0bc8\u0bb5\u0bbf\u0bb0\u0bb2\u0bcd \u0b85\u0bb5\u0bb3\u0bcd \u0bb5\u0bbe\u0baf\u0bbf\u0bb2\u0bcd \u0b87\u0bb0\u0bc1\u0b95\u0bcd\u0b95\u0bc1\u0bae\u0bcd -  \u0baa\u0b9f\u0bc1\u0b95\u0bcd\u0b95\u0bc1\u0bae\u0bcd\u0baa\u0bcb\u0ba4\u0bc1 \u0bb5\u0bbf\u0bb0\u0bb2\u0bc8 \u0b9a\u0bc2\u0baa\u0bcd\u0baa\u0bc1\u0bb5\u0bbe\u0bb3\u0bcd. \u0bb5\u0b95\u0bc1\u0baa\u0bcd\u0baa\u0bb1\u0bc8\u0baf\u0bbf\u0bb2\u0bcd \u0b9a\u0bc2\u0baa\u0bcd\u0baa\u0bc1\u0bb5\u0bbe\u0bb3\u0bcd. \u0b8a\u0b9e\u0bcd\u0b9a\u0bb2\u0bbf\u0bb2\u0bcd \u0b86\u0b9f\u0bc1\u0bae\u0bcd\u0baa\u0bcb\u0ba4\u0bc1 \u0b9a\u0bc2\u0baa\u0bcd\u0baa\u0bc1\u0bb5\u0bbe\u0bb3\u0bcd. \u0b8e\u0bb2\u0bcd\u0bb2\u0bbe \u0ba8\u0bc7\u0bb0\u0bae\u0bc1\u0bae\u0bcd  \u0b9a\u0bc2\u0baa\u0bcd\u0baa\u0bbf\u0b95\u0bcd\u0b95\u0bca\u0ba3\u0bcd\u0b9f\u0bc7 \u0b87\u0bb0\u0bc1\u0baa\u0bcd\u0baa\u0bbe\u0bb3\u0bcd. \u0b85\u0bb5\u0bb3\u0ba4\u0bc1 \u0baa\u0bc6\u0bb1\u0bcd\u0bb1\u0bcb\u0bb0\u0bcd\u0b95\u0bb3\u0bc1\u0b95\u0bcd\u0b95\u0bcb \u0b87\u0ba8\u0bcd\u0ba4\u0baa\u0bcd \u0baa\u0bb4\u0b95\u0bcd\u0b95\u0bae\u0bcd \u0baa\u0bbf\u0b9f\u0bbf\u0b95\u0bcd\u0b95\u0bb5\u0bc7 \u0baa\u0bbf\u0b9f\u0bbf\u0b95\u0bcd\u0b95\u0bbe\u0ba4\u0bc1. \u2018\u0b89\u0ba9\u0bcd \u0b95\u0b9f\u0bcd\u0b9f\u0bc8\u0bb5\u0bbf\u0bb0\u0bb2\u0bcd \u0ba8\u0bbe\u0bb1\u0bc1\u0b95\u0bbf\u0bb1\u0ba4\u0bc1; \u0b9a\u0bc2\u0baa\u0bcd\u0baa\u0bc1\u0bb5\u0ba4\u0bc8 \u0ba8\u0bbf\u0bb1\u0bc1\u0ba4\u0bcd\u0ba4\u0bc1; \u0bb5\u0bbf\u0bb0\u0bb2\u0bc8 \u0b9a\u0bc2\u0baa\u0bcd\u0baa\u0bbe\u0ba4\u0bc7!\u2019 \u0b8e\u0ba9\u0bcd\u0bb1\u0bc1 \u0b9a\u0bca\u0bb2\u0bcd\u0bb2\u0bbf\u0b95\u0bcd \u0b95\u0bca\u0ba3\u0bcd\u0b9f\u0bc7 \u0b87\u0bb0\u0bc1\u0baa\u0bcd\u0baa\u0bbe\u0bb0\u0bcd\u0b95\u0bb3\u0bcd. \r\n\r\n \r\n \r\n."},{"language_id":12,"content":"\u0c1a\u0c3f\u0c1f\u0c4d\u0c1f\u0c3f  \u0c1a\u0c3f\u0c1f\u0c4d\u0c1f\u0c3f  \u0c2a\u0c3f\u0c32\u0c4d\u0c32\u0c32\u0c3e\u0c30\u0c3e  \u0c08  \u0c30\u0c4b\u0c1c\u0c41  \u0c2e\u0c40\u0c15\u0c41  \u0c24\u0c2e\u0c3e\u0c37\u0c3e  \u0c15\u0c25  \u0c1a\u0c46\u0c2a\u0c4d\u0c24\u0c3e\u0c28\u0c41  \u0c35\u0c3f\u0c02\u0c1f\u0c3e\u0c30\u0c3e !\u0c2e\u0c3e\u0c07\u0c02\u0c1f\u0c3f  \u0c26\u0c17\u0c4d\u0c17\u0c30  \u0c05\u0c28\u0c4d\u0c2f  \u0c05\u0c28\u0c47  \u0c12\u0c15  \u0c1a\u0c3f\u0c1f\u0c4d\u0c1f\u0c3f\u0c2a\u0c3e\u0c2a  \u0c35\u0c41\u0c02\u0c21\u0c47\u0c26\u0c3f .\u0c06  \u0c2a\u0c3e\u0c2a\u0c15\u0c41  \u0c24\u0c28 \r\n\u0c1a\u0c47\u0c24\u0c3f  \u0c1a\u0c3f\u0c1f\u0c4d\u0c1f\u0c3f  \u0c2c\u0c4a\u0c1f\u0c28  \u0c35\u0c47\u0c32\u0c02\u0c1f\u0c47  \u0c1a\u0c3e\u0c32\u0c3e \u0c07\u0c37\u0c4d\u0c1f\u0c02 .\u0c28\u0c4b\u0c1f\u0c4d\u0c32\u0c4b  \u0c0e\u0c2a\u0c4d\u0c2a\u0c41\u0c21\u0c42 \u0c2c\u0c4a\u0c1f\u0c28 \u0c35\u0c47\u0c32\u0c41  \u0c2a\u0c46\u0c1f\u0c4d\u0c1f\u0c41\u0c15\u0c41\u0c28\u0c3f  \u0c1a\u0c2a\u0c4d\u0c2a\u0c30\u0c3f\u0c38\u0c4d\u0c24\u0c42  \u0c35\u0c41\u0c02\u0c21\u0c47\u0c26\u0c3f .\u0c2a\u0c4a\u0c26\u0c4d\u0c26\u0c41\u0c28\u0c4d\u0c28\u0c47  \u0c28\u0c3f\u0c26\u0c4d\u0c30  \u0c32\u0c47\u0c38\u0c4d\u0c24\u0c42\u0c28\u0c47  \u0c2c\u0c4a\u0c1f\u0c28 \u0c35\u0c47\u0c32\u0c41 \r\n\u0c28\u0c4b\u0c1f\u0c4d\u0c32\u0c4b  \u0c2a\u0c46\u0c1f\u0c4d\u0c1f\u0c41\u0c15\u0c41\u0c28\u0c47\u0c26\u0c3f .\u0c38\u0c4d\u0c28\u0c3e\u0c28\u0c02  \u0c1a\u0c47\u0c38\u0c47\u0c1f\u0c2a\u0c4d\u0c2a\u0c41\u0c21\u0c41 ,\u0c05\u0c28\u0c4d\u0c28\u0c02  \u0c24\u0c3f\u0c28\u0c47\u0c1f\u0c2a\u0c4d\u0c2a\u0c41\u0c21\u0c41 ,\u0c2c\u0c21\u0c3f\u0c15\u0c3f  \u0c35\u0c46\u0c33\u0c4d\u0c33\u0c47\u0c1f\u0c2a\u0c4d\u0c2a\u0c41\u0c21\u0c41 ,\u0c15\u0c4d\u0c32\u0c3e\u0c38\u0c41\u0c32\u0c4b  \u0c2a\u0c3e\u0c20\u0c3e\u0c32\u0c41 \u0c35\u0c3f\u0c28\u0c47\u0c1f\u0c2a\u0c4d\u0c2a\u0c41\u0c21\u0c41 ,\u0c06\u0c21\u0c41\u0c15\u0c41\u0c28\u0c47 \u0c1f\u0c2a\u0c4d\u0c2a\u0c41\u0c21\u0c41\r\n\u0c28\u0c3f\u0c26\u0c4d\u0c30\u0c32\u0c4b  \u0c15\u0c42\u0c21\u0c3e  \u0c28\u0c4b\u0c1f\u0c4d\u0c32\u0c4b  \u0c2c\u0c4a\u0c1f\u0c28 \u0c35\u0c47\u0c32\u0c41  \u0c35\u0c41\u0c02\u0c21\u0c3e\u0c32\u0c4d\u0c38\u0c3f\u0c02\u0c26\u0c47 ! \u0c05\u0c28\u0c4d\u0c2f  \u0c35\u0c3e\u0c33\u0c4d\u0c33  \u0c05\u0c2e\u0c4d\u0c2e ,\u0c28\u0c3e\u0c28\u0c4d\u0c28 \"\u0c05\u0c28\u0c4d\u0c2f\u0c3e \u0c2e\u0c02\u0c1a\u0c3f  \u0c05\u0c32\u0c35\u0c3e\u0c1f\u0c41  \u0c15\u0c3e\u0c26\u0c41 ,\u0c28\u0c4b\u0c1f\u0c4d\u0c32\u0c4b\u0c28\u0c3f\u0c02\u0c1a\u0c3f  \u0c2c\u0c4a\u0c1f\u0c28\u0c35\u0c47\u0c32\u0c41  \u0c24\u0c40 \u0c2f\u0c3f \r\n\u0c2c\u0c4a\u0c1f\u0c28\u0c35\u0c47\u0c32\u0c41  \u0c0f\u0c21\u0c41\u0c38\u0c4d\u0c24\u0c41\u0c02\u0c26\u0c3f \"\u0c05\u0c28\u0c3f \u0c1a\u0c46\u0c2a\u0c4d\u0c2a\u0c3f\u0c28\u0c3e \u0c35\u0c3f\u0c28\u0c47\u0c26\u0c3f  \u0c15\u0c3e\u0c26\u0c41 ."},{"language_id":8,"content":"\u0905\u0928\u092f\u093e\u091a\u0940 \u0938\u0917\u0933\u094d\u092f\u093e\u0924 \u0932\u093e\u0921\u0915\u0940 \u0917\u094b\u0937\u094d\u091f \u092e\u094d\u0939\u0923\u091c\u0947 \u0924\u093f\u091a\u093e \u0905\u0902\u0917\u0920\u093e! \u0924\u093f\u091a\u093e \u0905\u0902\u0917\u0920\u093e \u090f\u0915\u0926\u092e \u0917\u094b\u0932, \u0917\u0941\u092c\u0917\u0941\u092c\u0940\u0924 \u0906\u0923\u093f \u0932\u0941\u0938\u0932\u0941\u0936\u0940\u0924 \u0906\u0939\u0947 \u092e\u094d\u0939\u0923\u0942\u0928 \u0924\u093f\u0932\u093e \u0924\u094b \u0906\u0935\u0921\u0924\u094b. \u0924\u093f\u091a\u094d\u092f\u093e \u0924\u094b\u0902\u0921\u093e\u0924 \u0924\u094b \u090f\u0915\u0926\u092e \u092b\u093f\u091f\u094d\u091f \u092c\u0938\u0924\u094b! \u0905\u0928\u092f\u093e \u0905\u0902\u0925\u0930\u0941\u0923\u093e\u0924 \u0905\u0902\u0917\u0920\u093e \u091a\u094b\u0916\u0924\u0947, \u0935\u0930\u094d\u0917\u093e\u0924 \u091a\u094b\u0916\u0924\u0947, \u091d\u094b\u092a\u0932\u094d\u092f\u093e\u0935\u0930 \u091a\u094b\u0916\u0924\u0947. \u0915\u0941\u0920\u0947\u0939\u0940 \u0905\u0938\u0932\u0940 \u0924\u0930\u0940 \u0905\u0928\u092f\u093e \u0905\u0902\u0917\u0920\u093e \u091a\u094b\u0916\u0924\u0947. \u0930\u093e\u0924\u094d\u0930\u0940 \u0924\u0930 \u0924\u0940 \u0905\u0902\u0917\u0920\u093e \u091a\u094b\u0916\u0932\u094d\u092f\u093e\u0936\u093f\u0935\u093e\u092f \u0930\u093e\u0939\u0942\u091a \u0936\u0915\u0924 \u0928\u093e\u0939\u0940. \u0924\u093f\u091a\u094d\u092f\u093e \u0906\u0908-\u092c\u093e\u092c\u093e\u0902\u0928\u093e \u0924\u093f\u091a\u0902 \u0905\u0902\u0917\u0920\u093e \u091a\u094b\u0916\u0923\u0902 \u092b\u093e\u0930\u0938\u0902 \u0906\u0935\u0921\u0924 \u0928\u093e\u0939\u0940. \u2029 \u0924\u0947 \u0938\u093e\u0930\u0916\u0947 \u0924\u093f\u0932\u093e \u0930\u093e\u0917\u0935\u0924 \u0905\u0938\u0924\u093e\u0924. \u0905\u0928\u092f\u093e \u0924\u0941\u091d\u094d\u092f\u093e \u0905\u0902\u0917\u0920\u094d\u092f\u093e\u0932\u093e \u0935\u093e\u0938 \u092f\u0947\u0924\u094b\u092f\u201d, \u201c\u0905\u0928\u092f\u093e \u0905\u0902\u0917\u0920\u093e \u091a\u094b\u0916\u0942 \u0928\u0915\u094b\u0938!\u201d"},{"language_id":7,"content":"\u0c85\u0ca8\u0caf\u0cb3\u0cbf\u0c97\u0cc6 \u0c88 \u0c9c\u0c97\u0ca4\u0ccd\u0ca4\u0cbf\u0ca8\u0cb2\u0ccd\u0cb2\u0cc7 \u0c85\u0ca4\u0ccd\u0caf\u0c82\u0ca4 \u0cae\u0cc6\u0c9a\u0ccd\u0c9a\u0cbf\u0ca8 \u0cb5\u0cb8\u0ccd\u0ca4\u0cc1\u0cb5\u0cc6\u0c82\u0ca6\u0cb0\u0cc6 \u0c85\u0cb5\u0cb3 \u0cb9\u0cc6\u0cac\u0ccd\u0cac\u0cc6\u0cb0\u0cb3\u0cc1. \u0c85\u0cb5\u0cb3\u0cc1 \u0ca4\u0ca8\u0ccd\u0ca8 \u0ca6\u0cc1\u0c82\u0ca1\u0cbe\u0ca6, \u0ca6\u0caa\u0ccd\u0caa\u0ca8\u0cc6\u0caf \u0cb9\u0cbe\u0c97\u0cc2 \u0cae\u0cc3\u0ca6\u0cc1\u0cb5\u0cbe\u0ca6 \u0cb9\u0cc6\u0cac\u0ccd\u0cac\u0cc6\u0cb0\u0cb3\u0cc1 \u0cac\u0cbe\u0caf\u0cbf\u0caf\u0cb2\u0ccd\u0cb2\u0cbf \u0c87\u0cb0\u0cc1\u0cb5\u0cc1\u0ca6\u0ca8\u0ccd\u0ca8\u0cc1 \u0ca4\u0cc1\u0c82\u0cac\u0cbe \u0c87\u0cb7\u0ccd\u0c9f\u0caa\u0ca1\u0cc1\u0ca4\u0ccd\u0ca4\u0cbe\u0cb3\u0cc6. \u0c85\u0ca6\u0ca8\u0ccd\u0ca8\u0cc1 \u0cb9\u0cbe\u0cb8\u0cbf\u0c97\u0cc6\u0caf \u0cae\u0cc7\u0cb2\u0cc6 \u0cae\u0cb2\u0c97\u0cbf\u0cb0\u0cc1\u0cb5\u0cbe\u0c97, \u0ca4\u0cb0\u0c97\u0ca4\u0cbf\u0caf\u0cb2\u0ccd\u0cb2\u0cbf \u0c87\u0cb0\u0cc1\u0cb5\u0cbe\u0c97, \u0c9c\u0ccb\u0c95\u0cbe\u0cb2\u0cbf\u0caf\u0cbe\u0ca1\u0cc1\u0cb5\u0cbe\u0c97 \u0c9a\u0cc0\u0caa\u0cc1\u0ca4\u0ccd\u0ca4\u0cbe\u0cb3\u0cc6. \u0c85\u0cb5\u0cb3\u0cc1 \u0cb9\u0cc6\u0cac\u0ccd\u0cac\u0cc6\u0cb0\u0cb3\u0ca8\u0ccd\u0ca8\u0cc1 \u0caf\u0cbe\u0cb5\u0cbe\u0c97\u0cb2\u0cc2 \u0c9a\u0cc0\u0caa\u0cc1\u0ca4\u0ccd\u0ca4\u0cb2\u0cc7 \u0c87\u0cb0\u0cc1\u0ca4\u0ccd\u0ca4\u0cbe\u0cb3\u0cc6.   \u0c85\u0ca8\u0caf\u0cb3 \u0ca4\u0c82\u0ca6\u0cc6 \u0ca4\u0cbe\u0caf\u0cbf\u0caf\u0cb0\u0cbf\u0c97\u0cc6 \u0c87\u0ca6\u0cc1 \u0cb8\u0ccd\u0cb5\u0cb2\u0ccd\u0caa\u0cb5\u0cc2 \u0c87\u0cb7\u0ccd\u0c9f\u0cb5\u0cbf\u0cb2\u0ccd\u0cb2.  \u2018\u0ca8\u0cbf\u0ca8\u0ccd\u0ca8 \u0cb9\u0cc6\u0cac\u0ccd\u0cac\u0cb0\u0cb3\u0cc1 \u0cb5\u0cbe\u0cb8\u0ca8\u0cc6 \u0cac\u0cc0\u0cb0\u0cc1\u0ca4\u0ccd\u0ca4\u0ca6\u0cc6\u2019, \u201c\u0c85\u0ca8\u0caf \u0ca8\u0cbf\u0cb2\u0ccd\u0cb2\u0cbf\u0cb8\u0cc1!\u201d,   \u201c\u0c85\u0ca8\u0caf, \u0cac\u0cc7\u0ca1!\u201d  \u0c8e\u0c82\u0ca6\u0cc1 \u0caf\u0cbe\u0cb5\u0cbe\u0c97\u0cb2\u0cc2 \u0cb9\u0cc7\u0cb3\u0cc1\u0ca4\u0ccd\u0ca4\u0cbf\u0cb0\u0cc1\u0ca4\u0ccd\u0ca4\u0cbe\u0cb0\u0cc6."}]},{"id":876,"content":"Anaya is at the zoo today. Her parents do not look at her thumb since they are busy looking at the animals. Anaya sees an elephant. She spots a calf that is not splashing with his mother. He is not trumpeting with his father. He is not eating bananas with his friends. What is the baby elephant doing? Sucking his trunk!CHUSK! CHUSK!","pageno":2,"image":"dd44e7dca8a285497682d0686fb48d0a.jpg","audio":"b6e9341fac981d85a052001864d6bd6b.mp3","audio_map":"6ccfa4ef2e114bddbb472627671d258a.json","language":[{"language_id":11,"content":"\u0b87\u0ba9\u0bcd\u0bb1\u0bc8\u0b95\u0bcd\u0b95\u0bc1 \u0b85\u0ba8\u0bbe\u0baf\u0bbe \u0bae\u0bbf\u0bb0\u0bc1\u0b95\u0b95\u0bcd\u0b95\u0bbe\u0b9f\u0bcd\u0b9a\u0bbf \u0b9a\u0bbe\u0bb2\u0bc8\u0baf\u0bbf\u0bb2\u0bcd \u0b87\u0bb0\u0bc1\u0b95\u0bcd\u0b95\u0bbf\u0bb1\u0bbe\u0bb3\u0bcd. \u0b85\u0bb5\u0bb3\u0bcd \u0b85\u0bae\u0bcd\u0bae\u0bbe\u0bb5\u0bc1\u0bae\u0bcd \u0b85\u0baa\u0bcd\u0baa\u0bbe\u0bb5\u0bc1\u0bae\u0bcd \u0b85\u0bb5\u0bb3\u0ba4\u0bc1 \u0b95\u0b9f\u0bcd\u0b9f\u0bc8\u0bb5\u0bbf\u0bb0\u0bb2\u0bc8\u0baa\u0bcd \u0baa\u0bbe\u0bb0\u0bcd\u0b95\u0bcd\u0b95\u0bb5\u0bbf\u0bb2\u0bcd\u0bb2\u0bc8. \u0bae\u0bbf\u0bb0\u0bc1\u0b95\u0b95\u0bcd\u0b95\u0bbe\u0b9f\u0bcd\u0b9a\u0bbf \u0b9a\u0bbe\u0bb2\u0bc8\u0baf\u0bbf\u0bb2\u0bcd \u0b87\u0bb0\u0bc1\u0b95\u0bcd\u0b95\u0bc1\u0bae\u0bcd \u0baa\u0bb2\u0bcd\u0bb5\u0bc7\u0bb1\u0bc1 \u0bb5\u0bbf\u0bb2\u0b99\u0bcd\u0b95\u0bc1\u0b95\u0bb3\u0bc8\u0baa\u0bcd \u0baa\u0bbe\u0bb0\u0bcd\u0ba4\u0bcd\u0ba4\u0bc1\u0b95\u0bcd \u0b95\u0bca\u0ba3\u0bcd\u0b9f\u0bbf\u0bb0\u0bc1\u0b95\u0bcd\u0b95\u0bbf\u0bb1\u0bbe\u0bb0\u0bcd\u0b95\u0bb3\u0bcd. \u0b85\u0ba8\u0bbe\u0baf\u0bbe \u0b92\u0bb0\u0bc1 \u0baf\u0bbe\u0ba9\u0bc8\u0baf\u0bc8\u0baa\u0bcd \u0baa\u0bbe\u0bb0\u0bcd\u0ba4\u0bcd\u0ba4\u0bbe\u0bb3\u0bcd. \u0b85\u0ba4\u0bcb \u0b92\u0bb0\u0bc1 \u0baf\u0bbe\u0ba9\u0bc8\u0b95\u0bcd\u0b95\u0bc1\u0b9f\u0bcd\u0b9f\u0bbf! \u0b85\u0ba4\u0bc1 \u0ba4\u0ba9\u0bcd \u0b85\u0bae\u0bcd\u0bae\u0bbe\u0bb5\u0bc1\u0b9f\u0ba9\u0bcd \u0ba4\u0ba3\u0bcd\u0ba3\u0bc0\u0bb0\u0bc8 \u0bb5\u0bbe\u0bb0\u0bbf \u0b87\u0bb1\u0bc8\u0ba4\u0bcd\u0ba4\u0bc1\u0b95\u0bcd \u0b95\u0bca\u0ba3\u0bcd\u0b9f\u0bbf\u0bb0\u0bc1\u0b95\u0bcd\u0b95\u0bb5\u0bbf\u0bb2\u0bcd\u0bb2\u0bc8; \u0b85\u0baa\u0bcd\u0baa\u0bbe\u0bb5\u0bc1\u0b9f\u0ba9\u0bcd \u0b9a\u0bc7\u0bb0\u0bcd\u0ba8\u0bcd\u0ba4\u0bc1 \u0baa\u0bbf\u0bb3\u0bbf\u0bb1\u0bb5\u0bbf\u0bb2\u0bcd\u0bb2\u0bc8. \u0ba4\u0ba9\u0bcd \u0ba8\u0ba3\u0bcd\u0baa\u0bb0\u0bcd\u0b95\u0bb3\u0bc1\u0b9f\u0ba9\u0bcd \u0b9a\u0bc7\u0bb0\u0bcd\u0ba8\u0bcd\u0ba4\u0bc1 \u0bb5\u0bbe\u0bb4\u0bc8\u0baa\u0bcd\u0baa\u0bb4\u0b99\u0bcd\u0b95\u0bb3\u0bc8\u0ba4\u0bcd \u0ba4\u0bbf\u0ba9\u0bcd\u0bb1\u0bc1 \u0b95\u0bca\u0ba3\u0bcd\u0b9f\u0bbf\u0bb0\u0bc1\u0b95\u0bcd\u0b95\u0bb5\u0bbf\u0bb2\u0bcd\u0bb2\u0bc8. \u0baa\u0bbf\u0ba9\u0bcd\u0ba9\u0bc7 \u0b8e\u0ba9\u0bcd\u0ba9 \u0b9a\u0bc6\u0baf\u0bcd\u0ba4\u0bc1 \u0b95\u0bca\u0ba3\u0bcd\u0b9f\u0bbf\u0bb0\u0bc1\u0b95\u0bcd\u0b95\u0bbf\u0bb1\u0ba4\u0bc1? \u0ba4\u0ba9\u0bcd \u0ba4\u0bc1\u0ba4\u0bbf\u0b95\u0bcd\u0b95\u0bc8\u0baf\u0bc8 \u0b9a\u0bc2\u0baa\u0bcd\u0baa\u0bbf\u0b95\u0bcd\u0b95\u0bca\u0ba3\u0bcd\u0b9f\u0bbf\u0bb0\u0bc1\u0b95\u0bcd\u0b95\u0bbf\u0bb1\u0ba4\u0bc1! \u2018\u0b9a\u0b95\u0bcd, \u0b9a\u0b95\u0bcd!\u2019"},{"language_id":12,"content":"\u0c12\u0c15  \u0c30\u0c4b\u0c1c\u0c41  \u0c05\u0c28\u0c4d\u0c2f \u0c05\u0c2e\u0c4d\u0c2e ,\u0c28\u0c3e\u0c28\u0c4d\u0c28  \u0c24\u0c4b  \u0c15\u0c32\u0c3f\u0c38\u0c3f  \u0c1c\u0c42  \u0c15\u0c3f  \u0c35\u0c46\u0c33\u0c4d\u0c33\u0c3f\u0c02\u0c26\u0c3f . \u0c05\u0c15\u0c4d\u0c15\u0c21  \u0c05\u0c28\u0c4d\u0c28\u0c3f  \u0c1c\u0c02\u0c24\u0c41\u0c35\u0c41\u0c32\u0c28\u0c41  \u0c35\u0c3f\u0c02\u0c24\u0c17\u0c3e  \u0c1a\u0c42\u0c38\u0c4d\u0c24\u0c42  \u0c28\u0c21\u0c41\u0c38\u0c4d\u0c24\u0c41\u0c28\u0c4d\u0c28\u0c26\u0c3f .\u0c15\u0c3e\u0c28\u0c40  \u0c2c\u0c4a\u0c1f\u0c28\u0c35\u0c47\u0c32\u0c41 \r\n\u0c2e\u0c3e\u0c24\u0c4d\u0c30\u0c02  \u0c28\u0c4b\u0c1f\u0c4d\u0c32\u0c4b\u0c28\u0c47  \u0c35\u0c41\u0c28\u0c4d\u0c28\u0c26\u0c3f .\u0c05\u0c2e\u0c4d\u0c2e ,\u0c28\u0c3e\u0c28\u0c4d\u0c28  \u0c15\u0c42\u0c21\u0c3e  \u0c06 \u0c35\u0c3f\u0c37\u0c2f\u0c02  \u0c2e\u0c30\u0c4d\u0c1a\u0c3f\u0c2a\u0c4b\u0c2f\u0c3e\u0c30\u0c41 .\u0c12\u0c15 \u0c1a\u0c4b\u0c1f \u0c2a\u0c3f\u0c32\u0c4d\u0c32 \u0c0f\u0c28\u0c41\u0c17\u0c41  \u0c24\u0c28  \u0c24\u0c4a\u0c02\u0c21\u0c02  \u0c28\u0c4b\u0c1f\u0c4d\u0c32\u0c4b  \u0c2a\u0c46\u0c1f\u0c4d\u0c1f\u0c41\u0c15\u0c41\u0c28\u0c3f  \u0c06\u0c21\u0c41\u0c15\u0c41\u0c02\u0c1f\u0c41\u0c28\u0c4d\u0c28\u0c26\u0c3f .\u0c05\u0c28\u0c4d\u0c2f  \u0c05\u0c32\u0c3e\u0c17\u0c47  \u0c28\u0c3f\u0c02\u0c1a\u0c41\u0c28\u0c3f  \u0c26\u0c3e\u0c28\u0c4d\u0c28\u0c3f  \u0c1a\u0c42\u0c38\u0c4d\u0c24\u0c42  \u0c35\u0c41\u0c02\u0c26\u0c3f ."},{"language_id":8,"content":"\u0906\u091c \u0905\u0928\u092f\u093e \u091d\u0942\u092e\u0927\u094d\u092f\u0947 \u0917\u0947\u0932\u0940 \u0939\u094b\u0924\u0940. \u092a\u094d\u0930\u093e\u0923\u0940 \u092c\u0918\u0923\u094d\u092f\u093e\u091a\u094d\u092f\u093e \u0928\u093e\u0926\u093e\u0924 \u0906\u0908-\u092c\u093e\u092c\u093e\u0902\u091a\u0902 \u0924\u093f\u091a\u094d\u092f\u093e \u0905\u0902\u0917\u0920\u093e \u091a\u094b\u0916\u0923\u094d\u092f\u093e\u0915\u0921\u0947 \u0932\u0915\u094d\u0937 \u0917\u0947\u0932\u0902 \u0928\u093e\u0939\u0940. \u0905\u0928\u092f\u093e\u0932\u093e \u0939\u0924\u094d\u0924\u0940 \u0926\u093f\u0938\u0932\u093e. \u0924\u093f\u0925\u0947 \u090f\u0915 \u0939\u0924\u094d\u0924\u0940\u091a \u092a\u093f\u0932\u094d\u0932\u0942 \u0939\u094b\u0924\u0902. \u0924\u0947 \u0906\u0908\u092c\u0930\u094b\u092c\u0930 \u092a\u093e\u0923\u094d\u092f\u093e\u091a\u0947 \u092b\u0935\u093e\u0930\u0947 \u0909\u0921\u0935\u0924 \u0928\u0935\u094d\u0939\u0924\u0902 \u0915\u0940 \u092c\u093e\u092c\u093e\u092c\u0930\u094b\u092c\u0930 \u0906\u0930\u094b\u0933\u0940 \u0920\u094b\u0915\u0924 \u0928\u0935\u094d\u0939\u0924\u0902. \u092e\u093f\u0924\u094d\u0930\u093e\u0902\u092c\u0930\u094b\u092c\u0930 \u0915\u0947\u0933\u0940\u0938\u0941\u0926\u094d\u0927\u093e \u092b\u0938\u094d\u0924 \u0915\u0930\u0924 \u0928\u0935\u094d\u0939\u0924\u0902. \u0939\u0924\u094d\u0924\u0940\u091a\u0902 \u092a\u093f\u0932\u094d\u0932\u0942 \u0915\u093e\u092f \u0915\u0930\u0924 \u0939\u094b\u0924\u0902? \u0924\u0947 \u0924\u0930 \u0906\u092a\u0932\u0940 \u0938\u094b\u0902\u0921 \u091a\u094b\u0916\u0924 \u0939\u094b\u0924\u0902!\u2029 \u091a\u0941\u092a\u0941\u0915! \u091a\u0941\u092a\u0941\u0915!\u2029"},{"language_id":7,"content":"\u0c87\u0c82\u0ca6\u0cc1 \u0c85\u0ca8\u0caf \u0cae\u0cc3\u0c97\u0cbe\u0cb2\u0caf\u0c95\u0ccd\u0c95\u0cc6 \u0cb9\u0ccb\u0c97\u0cbf\u0ca6\u0ccd\u0ca6\u0cbe\u0cb3\u0cc6. \u0c85\u0cb5\u0cb3 \u0ca4\u0c82\u0ca6\u0cc6\u0ca4\u0cbe\u0caf\u0cbf\u0caf\u0cb0\u0cc1 \u0caa\u0ccd\u0cb0\u0cbe\u0ca3\u0cbf\u0c97\u0cb3\u0ca8\u0ccd\u0ca8\u0cc1 \u0ca8\u0ccb\u0ca1\u0cc1\u0cb5\u0cc1\u0ca6\u0cb0\u0cb2\u0ccd\u0cb2\u0cbf \u0ca8\u0cbf\u0cb0\u0ca4\u0cb0\u0cbe\u0c97\u0cbf, \u0c85\u0cb5\u0cb3 \u0cb9\u0cc6\u0cac\u0ccd\u0cac\u0cc6\u0cb0\u0cb3\u0ca8\u0ccd\u0ca8\u0cc1 \u0c97\u0cae\u0ca8\u0cbf\u0cb8\u0cc1\u0cb5\u0cc1\u0ca6\u0cbf\u0cb2\u0ccd\u0cb2. \u0c85\u0ca8\u0caf \u0c92\u0c82\u0ca6\u0cc1 \u0c86\u0ca8\u0cc6\u0caf\u0ca8\u0ccd\u0ca8\u0cc1 \u0ca8\u0ccb\u0ca1\u0cc1\u0ca4\u0ccd\u0ca4\u0cbe\u0cb3\u0cc6. \u0cb9\u0cbe\u0c97\u0cc6\u0caf\u0cc7 \u0c92\u0c82\u0ca6\u0cc1 \u0c86\u0ca8\u0cc6\u0cae\u0cb0\u0cbf\u0caf\u0ca8\u0ccd\u0ca8\u0cc1 \u0c97\u0cae\u0ca8\u0cbf\u0cb8\u0cc1\u0ca4\u0ccd\u0ca4\u0cbe\u0cb3\u0cc6. \u0c85\u0ca6\u0cc1 \u0ca4\u0ca8\u0ccd\u0ca8 \u0ca4\u0cbe\u0caf\u0cbf\u0caf \u0c9c\u0cca\u0ca4\u0cc6 \u0ca8\u0cc0\u0cb0\u0ca8\u0ccd\u0ca8\u0cc1 \u0cae\u0cc8\u0cae\u0cc7\u0cb2\u0cc6 \u0c8e\u0cb0\u0c9a\u0cbf\u0c95\u0cca\u0cb3\u0ccd\u0cb3\u0cc1\u0ca4\u0ccd\u0ca4\u0cbf\u0cb2\u0ccd\u0cb2. \u0c85\u0ca6\u0cc1 \u0ca4\u0ca8\u0ccd\u0ca8 \u0ca4\u0c82\u0ca6\u0cc6\u0caf \u0c9c\u0cca\u0ca4\u0cc6 \u0c98\u0cc0\u0cb3\u0cbf\u0ca1\u0cc1\u0ca4\u0ccd\u0ca4\u0cbf\u0cb2\u0ccd\u0cb2. \u0c85\u0ca6\u0cc1 \u0ca4\u0ca8\u0ccd\u0ca8 \u0c97\u0cc6\u0cb3\u0cc6\u0caf\u0cb0\u0cca\u0c82\u0ca6\u0cbf\u0c97\u0cc6 \u0cac\u0cbe\u0cb3\u0cc6\u0cb9\u0ca3\u0ccd\u0ca3\u0cc1\u0c97\u0cb3\u0ca8\u0ccd\u0ca8\u0cc1 \u0ca4\u0cbf\u0ca8\u0ccd\u0ca8\u0cc1\u0ca4\u0ccd\u0ca4\u0cbf\u0cb2\u0ccd\u0cb2. \u0cb9\u0cbe\u0c97\u0cbe\u0ca6\u0cb0\u0cc6 \u0c86\u0ca8\u0cc6\u0cae\u0cb0\u0cbf \u0cae\u0ca4\u0ccd\u0ca4\u0cc7\u0ca8\u0cc1 \u0cae\u0cbe\u0ca1\u0cc1\u0ca4\u0ccd\u0ca4\u0cbf\u0ca6\u0cc6? \u0c85\u0ca6\u0cc1 \u0ca4\u0ca8\u0ccd\u0ca8 \u0cb8\u0cca\u0c82\u0ca1\u0cbf\u0cb2\u0ca8\u0ccd\u0ca8\u0cc1 \u0c9a\u0cc0\u0caa\u0cc1\u0ca4\u0ccd\u0ca4\u0cbf\u0ca6\u0cc6!  \u0c9a\u0cb8\u0ccd\u0c95\u0ccd!\u0c9a\u0cb8\u0ccd\u0c95\u0ccd!"}]},{"id":877,"content":"Just ahead are some deer. Anaya sees a fawn that is not munching with her mother. She is not looking at other animals like her father. She is not prancing with her friends. What is the baby deer doing? Sucking her hoof! CHUSK!  CHUSK!","pageno":3,"image":"6fdb02a8feb9a22442983dee35b894b4.jpg","audio":"db221c0c18effbcb31c9650477bad83e.mp3","audio_map":"dfcc132b2d88a3466660f3660cae99a3.json","language":[{"language_id":11,"content":"\u0b95\u0bca\u0b9e\u0bcd\u0b9a \u0ba4\u0bc2\u0bb0\u0ba4\u0bcd\u0ba4\u0bbf\u0bb2\u0bcd \u0b9a\u0bbf\u0bb2 \u0bae\u0bbe\u0ba9\u0bcd\u0b95\u0bb3\u0bcd \u0b87\u0bb0\u0bc1\u0ba8\u0bcd\u0ba4\u0ba9. \u0b85\u0ba4\u0bbf\u0bb2\u0bcd \u0b92\u0bb0\u0bc1 \u0b95\u0bc1\u0b9f\u0bcd\u0b9f\u0bbf \u0bae\u0bbe\u0ba9\u0bc8\u0baa\u0bcd \u0baa\u0bbe\u0bb0\u0bcd\u0ba4\u0bcd\u0ba4\u0bbe\u0bb3\u0bcd \u0b85\u0ba8\u0bbe\u0baf\u0bbe. \u0b85\u0ba4\u0bc1 \u0ba4\u0ba9\u0bcd \u0b85\u0bae\u0bcd\u0bae\u0bbe\u0bb5\u0bc1\u0b9f\u0ba9\u0bcd \u0baa\u0bc1\u0bb2\u0bcd\u0bb2\u0bc8 \u0bae\u0bc7\u0baf\u0bcd\u0ba8\u0bcd\u0ba4\u0bc1 \u0b95\u0bca\u0ba3\u0bcd\u0b9f\u0bbf\u0bb0\u0bc1\u0b95\u0bcd\u0b95\u0bb5\u0bbf\u0bb2\u0bcd\u0bb2\u0bc8; \u0ba4\u0ba9\u0bcd \u0b85\u0baa\u0bcd\u0baa\u0bbe\u0bb5\u0bc8\u0baa\u0bcd \u0baa\u0bcb\u0bb2 \u0bae\u0bb1\u0bcd\u0bb1 \u0bb5\u0bbf\u0bb2\u0b99\u0bcd\u0b95\u0bc1\u0b95\u0bb3\u0bc8\u0baa\u0bcd \u0baa\u0bbe\u0bb0\u0bcd\u0ba4\u0bcd\u0ba4\u0bc1\u0b95\u0bcd \u0b95\u0bca\u0ba3\u0bcd\u0b9f\u0bbf\u0bb0\u0bc1\u0b95\u0bcd\u0b95\u0bb5\u0bbf\u0bb2\u0bcd\u0bb2\u0bc8; \u0ba4\u0ba9\u0bcd \u0b9a\u0bbf\u0ba8\u0bc7\u0b95\u0bbf\u0ba4\u0bb0\u0bcd\u0b95\u0bb3\u0bc1\u0b9f\u0ba9\u0bcd \u0ba4\u0bc1\u0bb3\u0bcd\u0bb3\u0bbf\u0b95\u0bcd \u0b95\u0bc1\u0ba4\u0bbf\u0ba4\u0bcd\u0ba4\u0bc1\u0b95\u0bcd \u0b95\u0bca\u0ba3\u0bcd\u0b9f\u0bbf\u0bb0\u0bc1\u0b95\u0bcd\u0b95\u0bb5\u0bbf\u0bb2\u0bcd\u0bb2\u0bc8. \u0baa\u0bbf\u0ba9\u0bcd\u0ba9\u0bc7 \u0b85\u0ba4\u0bc1 \u0b8e\u0ba9\u0bcd\u0ba9 \u0b9a\u0bc6\u0baf\u0bcd\u0ba4\u0bc1 \u0b95\u0bca\u0ba3\u0bcd\u0b9f\u0bbf\u0bb0\u0bc1\u0b95\u0bcd\u0b95\u0bbf\u0bb1\u0ba4\u0bc1? \u0b85\u0ba4\u0ba9\u0bc1\u0b9f\u0bc8\u0baf \u0b95\u0bbe\u0bb2\u0bcd \u0b95\u0bc1\u0bb3\u0bae\u0bcd\u0baa\u0bc8 \u0b9a\u0bc2\u0baa\u0bcd\u0baa\u0bbf\u0b95\u0bcd \u0b95\u0bca\u0ba3\u0bcd\u0b9f\u0bbf\u0bb0\u0bc1\u0ba8\u0bcd\u0ba4\u0ba4\u0bc1! \u2018\u0b9a\u0b95\u0bcd,\u0b9a\u0b95\u0bcd!\u2019"},{"language_id":12,"content":"\u0c05\u0c28\u0c4d\u0c2f  \u0c12\u0c15  \u0c1a\u0c4b\u0c1f  \u0c1c\u0c3f\u0c02\u0c15\u0c2a\u0c3f\u0c32\u0c4d\u0c32\u0c28\u0c41  \u0c1a\u0c42\u0c38\u0c3f\u0c02\u0c26\u0c3f .\u0c05\u0c26\u0c3f  \u0c35\u0c3e\u0c33\u0c4d\u0c33  \u0c05\u0c2e\u0c4d\u0c2e  \u0c26\u0c17\u0c4d\u0c17\u0c30  \u0c35\u0c41\u0c02\u0c26\u0c3f .\u0c06\u0c21\u0c41\u0c15\u0c4b\u0c35\u0c21\u0c02  \u0c32\u0c47\u0c26\u0c41 .\u0c39\u0c2f\u0c3f\u0c17\u0c3e \u0c26\u0c3e\u0c28\u0c3f  \u0c15\u0c3e\u0c32\u0c3f \u0c17\u0c3f\u0c1f\u0c4d\u0c1f\u0c28\u0c41 \u0c28\u0c4b\u0c1f\u0c4d\u0c32\u0c4b  \u0c2a\u0c46\u0c1f\u0c4d\u0c1f\u0c41\u0c15\u0c41\u0c28\u0c3f \r\n\u0c1a\u0c2a\u0c4d\u0c2a\u0c30\u0c3f\u0c38\u0c4d\u0c24\u0c42  \u0c35\u0c41\u0c02\u0c26\u0c3f ."},{"language_id":8,"content":"\u0925\u094b\u0921\u0902\u0938\u0902 \u092a\u0941\u0922\u0947 \u0917\u0947\u0932\u094d\u092f\u093e\u0935\u0930 \u0939\u0930\u0923\u0902 \u0926\u093f\u0938\u0932\u0940. \u0905\u0928\u092f\u093e\u0932\u093e \u0939\u0930\u0923\u093e\u091a\u0940 \u090f\u0915 \u092c\u091b\u0921\u0940 \u0926\u093f\u0938\u0932\u0940. \u092c\u091b\u0921\u0940 \u0906\u0908\u092c\u0930\u094b\u092c\u0930 \u091a\u0930\u0924 \u0928\u0935\u094d\u0939\u0924\u0940 \u0915\u0940 \u092c\u093e\u092c\u093e\u092c\u0930\u094b\u092c\u0930 \u091f\u0915\u092e\u0915 \u092c\u0918\u0924 \u0928\u0935\u094d\u0939\u0924\u0940. \u092e\u093f\u0924\u094d\u0930\u093e\u0902\u092c\u0930\u094b\u092c\u0930 \u092c\u093e\u0917\u0921\u0924\u0939\u0940 \u0928\u0935\u094d\u0939\u0924\u0940. \u0939\u0930\u0923\u093e\u091a\u0940 \u092c\u091b\u0921\u0940 \u0915\u093e\u092f \u0915\u0930\u0924 \u0939\u094b\u0924\u0940? \u0924\u0940 \u0906\u092a\u0932\u0940 \u0924\u093f\u091a\u0902 \u0916\u0942\u0930 \u091a\u094b\u0916\u0924 \u0939\u094b\u0924\u0940.\u2029 \u091a\u0941\u092a\u0941\u0915! \u091a\u0941\u092a\u0941\u0915!\u2029"},{"language_id":7,"content":"\u0c87\u0ca8\u0ccd\u0ca8\u0cc2 \u0cb8\u0ccd\u0cb5\u0cb2\u0ccd\u0caa \u0cae\u0cc1\u0c82\u0ca6\u0cc6 \u0c95\u0cc6\u0cb2\u0cb5\u0cc1 \u0c9c\u0cbf\u0c82\u0c95\u0cc6\u0c97\u0cb3\u0cbf\u0cb5\u0cc6. \u0c85\u0ca8\u0caf \u0c92\u0c82\u0ca6\u0cc1 \u0c9c\u0cbf\u0c82\u0c95\u0cc6\u0cae\u0cb0\u0cbf\u0caf\u0ca8\u0ccd\u0ca8\u0cc1 \r\n \u0ca8\u0ccb\u0ca1\u0cc1\u0ca4\u0ccd\u0ca4\u0cbe\u0cb3\u0cc6. \u0c85\u0ca6\u0cc1 \u0ca4\u0ca8\u0ccd\u0ca8 \u0ca4\u0cbe\u0caf\u0cbf\u0caf\u0cca\u0c82\u0ca6\u0cbf\u0c97\u0cc6 \u0cb9\u0cc1\u0cb2\u0ccd\u0cb2\u0cc1 \u0ca4\u0cbf\u0ca8\u0ccd\u0ca8\u0cc1\u0ca4\u0ccd\u0ca4\u0cbf\u0cb2\u0ccd\u0cb2. \u0c85\u0ca6\u0cc1 \u0ca4\u0ca8\u0ccd\u0ca8 \r\n \u0ca4\u0c82\u0ca6\u0cc6\u0caf\u0c82\u0ca4\u0cc6 \u0c87\u0ca4\u0cb0 \u0caa\u0ccd\u0cb0\u0cbe\u0ca3\u0cbf\u0c97\u0cb3\u0ca8\u0ccd\u0ca8\u0cc1 \u0ca8\u0ccb\u0ca1\u0cc1\u0ca4\u0ccd\u0ca4\u0cbf\u0cb2\u0ccd\u0cb2. \u0c85\u0ca6\u0cc1 \u0ca4\u0ca8\u0ccd\u0ca8 \u0c97\u0cc6\u0cb3\u0cc6\u0caf\u0cb0\u0cca\u0c82\u0ca6\u0cbf\u0c97\u0cc6 \r\n \u0c95\u0cc1\u0ca3\u0cbf\u0ca6\u0cc1 \u0c95\u0cc1\u0caa\u0ccd\u0caa\u0cb3\u0cbf\u0cb8\u0cc1\u0ca4\u0ccd\u0ca4\u0cbf\u0cb2\u0ccd\u0cb2. \u0cb9\u0cbe\u0c97\u0cbe\u0ca6\u0cb0\u0cc6, \u0c9c\u0cbf\u0c82\u0c95\u0cc6\u0cae\u0cb0\u0cbf \u0cae\u0ca4\u0ccd\u0ca4\u0cc7\u0ca8\u0cc1 \u0cae\u0cbe\u0ca1\u0cc1\u0ca4\u0ccd\u0ca4\u0cbf\u0ca6\u0cc6? \u0c85\u0ca6\u0cc1 \u0ca4\u0ca8\u0ccd\u0ca8 \r\n \u0c97\u0cca\u0cb0\u0cb8\u0ca8\u0ccd\u0ca8\u0cc1 \u0c9a\u0cc0\u0caa\u0cc1\u0ca4\u0ccd\u0ca4\u0cbf\u0ca6\u0cc6!\u0c9a\u0cb8\u0ccd\u0c95\u0ccd !  \u0c9a\u0cb8\u0ccd\u0c95\u0ccd !"}]},{"id":878,"content":"Next, the monkeys call out. Anaya spots an infant who is not clinging to her mother. She is not playing the clown with her father. She is not playing hide and seek with her friends. What is the baby monkey doing? Sucking her thumb! CHUSK! CHUSK!","pageno":4,"image":"3c2f16f23f68370602a4d5bb37f743c6.jpg","audio":"bb21a74b36eb7a18ac3e7fc9c6cc3cb1.mp3","audio_map":"81516e5c8cf3f5af31e5d2cd123018b1.json","language":[{"language_id":11,"content":"\u0b85\u0b9f\u0bc1\u0ba4\u0bcd\u0ba4\u0bc1 \u0b95\u0bc1\u0bb0\u0b99\u0bcd\u0b95\u0bc1\u0b95\u0bb3\u0bcd \u0b95\u0bc2\u0baa\u0bcd\u0baa\u0bbf\u0b9f\u0bcd\u0b9f\u0ba9. \u0b85\u0b99\u0bcd\u0b95\u0bc1 \u0b92\u0bb0\u0bc1 \u0b95\u0bc1\u0b9f\u0bcd\u0b9f\u0bbf\u0b95\u0bcd \u0b95\u0bc1\u0bb0\u0b99\u0bcd\u0b95\u0bc1 \u0b87\u0bb0\u0bc1\u0ba8\u0bcd\u0ba4\u0ba4\u0bc1. \u0b85\u0ba8\u0bbe\u0baf\u0bbe \u0baa\u0bbe\u0bb0\u0bcd\u0ba4\u0bcd\u0ba4\u0baa\u0bcb\u0ba4\u0bc1 \u0b85\u0ba4\u0bc1 \u0ba4\u0ba9\u0bcd \u0b85\u0bae\u0bcd\u0bae\u0bbe\u0bb5\u0bc1\u0b9f\u0ba9\u0bcd \u0b92\u0b9f\u0bcd\u0b9f\u0bbf\u0b95\u0bcd \u0b95\u0bca\u0ba3\u0bcd\u0b9f\u0bc1 \u0b87\u0bb2\u0bcd\u0bb2\u0bc8. \u0ba4\u0ba9\u0bcd\u0b85\u0baa\u0bcd\u0baa\u0bbe\u0bb5\u0bc1\u0b9f\u0ba9\u0bcd \u0b95\u0bcb\u0bae\u0bbe\u0bb3\u0bbf \u0bb5\u0bbf\u0bb3\u0bc8\u0baf\u0bbe\u0b9f\u0bcd\u0b9f\u0bc1 \u0bb5\u0bbf\u0bb3\u0bc8\u0baf\u0bbe\u0b9f\u0bbf\u0b95\u0bcd\u0b95\u0bca\u0ba3\u0bcd\u0b9f\u0bc1 \u0b87\u0bb2\u0bcd\u0bb2\u0bc8. \u0b9a\u0bbf\u0ba8\u0bc7\u0b95\u0bbf\u0ba4\u0bb0\u0bcd\u0b95\u0bb3\u0bc1\u0b9f\u0ba9\u0bcd \u0b95\u0ba3\u0bcd\u0ba3\u0bbe\u0bae\u0bc2\u0b9a\u0bcd\u0b9a\u0bbf \u0bb5\u0bbf\u0bb3\u0bc8\u0baf\u0bbe\u0b9f\u0bcd\u0b9f\u0bc1 \u0bb5\u0bbf\u0bb3\u0bc8\u0baf\u0bbe\u0b9f\u0bbf\u0b95\u0bcd\u0b95\u0bca\u0ba3\u0bcd\u0b9f\u0bc1 \u0b87\u0bb2\u0bcd\u0bb2\u0bc8. \u0baa\u0bbf\u0ba9\u0bcd\u0ba9\u0bc7 \u0b8e\u0ba9\u0bcd\u0ba9 \u0b9a\u0bc6\u0baf\u0bcd\u0ba4\u0bc1 \u0b95\u0bca\u0ba3\u0bcd\u0b9f\u0bbf\u0bb0\u0bc1\u0ba8\u0bcd\u0ba4\u0ba4\u0bc1? \u0b85\u0ba4\u0bc1 \u0ba4\u0ba9\u0bcd \u0b95\u0b9f\u0bcd\u0b9f\u0bc8\u0bb5\u0bbf\u0bb0\u0bb2\u0bc8 \u0b9a\u0bc2\u0baa\u0bcd\u0baa\u0bbf\u0b95\u0bcd \u0b95\u0bca\u0ba3\u0bcd\u0b9f\u0bbf\u0bb0\u0bc1\u0ba8\u0bcd\u0ba4\u0ba4\u0bc1! \u2018\u0b9a\u0b95\u0bcd, \u0b9a\u0b95\u0bcd!\u2019"},{"language_id":12,"content":"\u0c05\u0c28\u0c4d\u0c2f  \u0c1a\u0c46\u0c1f\u0c4d\u0c1f\u0c41  \u0c2e\u0c40\u0c26 \u0c15\u0c4b\u0c24\u0c41\u0c32\u0c28\u0c41  \u0c1a\u0c42\u0c38\u0c3f\u0c02\u0c26\u0c3f .\u0c2a\u0c3f\u0c32\u0c4d\u0c32  \u0c15\u0c4b\u0c24\u0c41\u0c32\u0c41  \u0c15\u0c28\u0c2a\u0c21\u0c4d\u0c21\u0c3e\u0c2f\u0c3f .\u0c15\u0c3e\u0c28\u0c40  \u0c06  \u0c2a\u0c3f\u0c32\u0c4d\u0c32  \u0c15\u0c4b\u0c24\u0c41\u0c32\u0c41  \u0c06\u0c21\u0c41\u0c15\u0c4b\u0c35\u0c21\u0c02  \u0c32\u0c47\u0c26\u0c41 .\u0c39\u0c3e\u0c2f\u0c3f\u0c17\u0c3e  \u0c2c\u0c4a\u0c1f\u0c28\u0c35\u0c47\u0c32\u0c41  \u0c28\u0c4b\u0c1f\u0c4d\u0c32\u0c4b \r\n\u0c2a\u0c46\u0c1f\u0c4d\u0c1f\u0c41\u0c15\u0c41\u0c28\u0c3f  \u0c1a\u0c2a\u0c4d\u0c2a\u0c30\u0c3f\u0c38\u0c4d\u0c24\u0c42  \u0c35\u0c41\u0c28\u0c4d\u0c28\u0c3e\u0c2f\u0c3f .\u0c05\u0c28\u0c4d\u0c2f  \u0c05\u0c32\u0c3e\u0c17\u0c47  \u0c28\u0c3f\u0c32\u0c2c\u0c21\u0c3f  \u0c35\u0c3f\u0c02\u0c24\u0c17\u0c3e  \u0c1a\u0c42\u0c38\u0c3f\u0c02\u0c26\u0c3f ."},{"language_id":8,"content":"\u092e\u093e\u0915\u0921\u093e\u0902\u0928\u0940 \u0905\u0928\u092f\u093e\u0932\u093e \u0935\u0947\u0921\u093e\u0935\u0942\u0928 \u0926\u093e\u0916\u0935\u0932\u0902. \u0924\u094d\u092f\u093e\u0924\u0938\u0941\u0926\u094d\u0927\u093e \u0905\u0928\u092f\u093e\u0932\u093e \u090f\u0915 \u092e\u093e\u0915\u0921\u093e\u091a\u0902 \u092a\u093f\u0932\u094d\u0932\u0942 \u0926\u093f\u0938\u0932\u0902. \u0924\u0947 \u0906\u0908\u091a\u094d\u092f\u093e \u092e\u093f\u0920\u0940\u0924 \u0928\u0935\u094d\u0939\u0924\u0902 \u0915\u0940 \u092c\u093e\u092c\u093e\u092c\u0930\u094b\u092c\u0930 \u0938\u094d\u0935\u091a\u094d\u091b \u0939\u094b\u0924 \u0928\u0935\u094d\u0939\u0924\u0902. \u092e\u093f\u0924\u094d\u0930\u093e\u0902\u092c\u0930\u094b\u092c\u0930 \u0932\u092a\u0902\u0921\u093e\u0935\u0938\u0941\u0926\u094d\u0927\u093e \u0916\u0947\u0933\u0924 \u0928\u0935\u094d\u0939\u0924\u0902. \u092e\u093e\u0915\u0921\u093e\u091a\u0902 \u092a\u093f\u0932\u094d\u0932\u0942 \u0915\u093e\u092f \u0915\u0930\u0924 \u0939\u094b\u0924\u0902? \u0924\u0947 \u0924\u0930 \u0906\u092a\u0932\u093e \u0905\u0902\u0917\u0920\u093e \u091a\u094b\u0916\u0924 \u0939\u094b\u0924\u0902! \u091a\u0941\u092a\u0941\u0915! \u091a\u0941\u092a\u0941\u0915!\u2029"},{"language_id":7,"content":"\u0ca8\u0c82\u0ca4\u0cb0, \u0c95\u0ccb\u0ca4\u0cbf\u0c97\u0cb3\u0cc1 \u0c95\u0cc2\u0c97\u0cc1\u0ca4\u0ccd\u0ca4\u0cb5\u0cc6. \u0c92\u0c82\u0ca6\u0cc1 \u0cae\u0cb0\u0cbf\u0caf\u0cc1 \u0ca4\u0ca8\u0ccd\u0ca8 \u0ca4\u0cbe\u0caf\u0cbf\u0c97\u0cc6 \u0c9c\u0ccb\u0ca4\u0cc1 \u0cac\u0cc0\u0cb3\u0ca6\u0cc6 \r\n \u0c87\u0cb0\u0cc1\u0cb5\u0cc1\u0ca6\u0ca8\u0ccd\u0ca8\u0cc1 \u0c85\u0ca8\u0caf \u0c97\u0cae\u0ca8\u0cbf\u0cb8\u0cc1\u0ca4\u0ccd\u0ca4\u0cbe\u0cb3\u0cc6. \u0c85\u0ca6\u0cc1 \u0ca4\u0ca8\u0ccd\u0ca8 \u0ca4\u0c82\u0ca6\u0cc6\u0caf\u0cca\u0c82\u0ca6\u0cbf\u0c97\u0cc6 \u0c9a\u0cc7\u0cb7\u0ccd\u0c9f\u0cc6 \u0cae\u0cbe\u0ca1\u0cc1\u0ca4\u0ccd\u0ca4\u0cbf\u0cb2\u0ccd\u0cb2. \r\n \u0c85\u0ca6\u0cc1 \u0ca4\u0ca8\u0ccd\u0ca8 \u0c97\u0cc6\u0cb3\u0cc6\u0caf\u0cb0\u0cca\u0c82\u0ca6\u0cbf\u0c97\u0cc6 \u0c95\u0ca3\u0ccd\u0ca3\u0cbe\u0cae\u0cc1\u0c9a\u0ccd\u0c9a\u0cbe\u0cb2\u0cc6 \u0c86\u0ca1\u0cc1\u0ca4\u0ccd\u0ca4\u0cbf\u0cb2\u0ccd\u0cb2. \u0cb9\u0cbe\u0c97\u0cbe\u0ca6\u0cb0\u0cc6, \u0c95\u0ccb\u0ca4\u0cbf\u0cae\u0cb0\u0cbf \r\n \u0cae\u0ca4\u0ccd\u0ca4\u0cc7\u0ca8\u0cc1 \u0cae\u0cbe\u0ca1\u0cc1\u0ca4\u0ccd\u0ca4\u0cbf\u0ca6\u0cc6? \u0c85\u0ca6\u0cc1 \u0ca4\u0ca8\u0ccd\u0ca8 \u0cb9\u0cc6\u0cac\u0ccd\u0cac\u0cc6\u0cb0\u0cb3\u0ca8\u0ccd\u0ca8\u0cc1 \u0c9a\u0cc0\u0caa\u0cc1\u0ca4\u0ccd\u0ca4\u0cbf\u0ca6\u0cc6!\u0c9a\u0cb8\u0ccd\u0c95\u0ccd !  \u0c9a\u0cb8\u0ccd\u0c95\u0ccd !"}]},{"id":879,"content":"Anaya spots hippos in the water. She sees a hippopotamus calf that is not yawning wide with her mother. She is not grunting with her father. She is not swimming with her friends. What is the baby hippo doing? Sucking her lip! CHUSK! CHUSK!","pageno":5,"image":"9905a67c88e643bbb966a77794d2a4e6.jpg","audio":"7a4b74f70d6e40329358a5146d84bb34.mp3","audio_map":"4c33c70204d21c00568d6399cdd1a530.json","language":[{"language_id":11,"content":"\u0b85\u0ba8\u0bbe\u0baf\u0bbe \u0b92\u0bb0\u0bc1 \u0ba8\u0bc0\u0bb0\u0bcd\u0baf\u0bbe\u0ba9\u0bc8\u0baf\u0bc8\u0baa\u0bcd \u0baa\u0bbe\u0bb0\u0bcd\u0ba4\u0bcd\u0ba4\u0bbe\u0bb3\u0bcd. \u0b85\u0ba4\u0ba9\u0bcd \u0b95\u0bc1\u0b9f\u0bcd\u0b9f\u0bbf \u0ba4\u0ba9\u0bcd \u0b85\u0bae\u0bcd\u0bae\u0bbe\u0bb5\u0bc8\u0baa\u0bcd \u0baa\u0bcb\u0bb2 \u0bb5\u0bbe\u0baf\u0bc8\u0ba4\u0bcd \u0ba4\u0bbf\u0bb1\u0ba8\u0bcd\u0ba4\u0bc1 \u0b95\u0bca\u0b9f\u0bcd\u0b9f\u0bbe\u0bb5\u0bbf \u0bb5\u0bbf\u0b9f\u0bcd\u0b9f\u0bc1\u0b95\u0bcd \u0b95\u0bca\u0ba3\u0bcd\u0b9f\u0bbf\u0bb0\u0bc1\u0b95\u0bcd\u0b95\u0bb5\u0bbf\u0bb2\u0bcd\u0bb2\u0bc8. \u0ba4\u0ba9\u0bcd \u0b85\u0baa\u0bcd\u0baa\u0bbe\u0bb5\u0bc8\u0baa\u0bcd\u0baa\u0bcb\u0bb2 \u2018\u0b95\u0bc1\u0bb0\u0bcd,\u0b95\u0bc1\u0bb0\u0bcd\u2019 \u0b8e\u0ba9\u0bcd\u0bb1\u0bc1 \u0b89\u0bb1\u0bc1\u0bae\u0bbf\u0b95\u0bcd \u0b95\u0bca\u0ba3\u0bcd\u0b9f\u0bbf\u0bb0\u0bc1\u0b95\u0bcd\u0b95\u0bb5\u0bbf\u0bb2\u0bcd\u0bb2\u0bc8. \u0ba4\u0ba9\u0bcd \u0ba8\u0ba3\u0bcd\u0baa\u0bb0\u0bcd\u0b95\u0bb3\u0bc1\u0b9f\u0ba9\u0bcd \u0ba8\u0bc0\u0ba8\u0bcd\u0ba4\u0bbf\u0b95\u0bcd \u0b95\u0bca\u0ba3\u0bcd\u0b9f\u0bbf\u0bb0\u0bc1\u0b95\u0bcd\u0b95 \u0bb5\u0bbf\u0bb2\u0bcd\u0bb2\u0bc8. \u0baa\u0bbf\u0ba9\u0bcd\u0ba9\u0bc7 \u0b8e\u0ba9\u0bcd\u0ba9 \u0b9a\u0bc6\u0baf\u0bcd\u0ba4\u0bc1 \u0b95\u0bca\u0ba3\u0bcd\u0b9f\u0bbf\u0bb0\u0bc1\u0ba8\u0bcd\u0ba4\u0ba4\u0bc1? \u0ba4\u0ba9\u0bcd \u0b89\u0ba4\u0b9f\u0bc1\u0b95\u0bb3\u0bc8 \u0b9a\u0bc2\u0baa\u0bcd\u0baa\u0bbf\u0b95\u0bcd \u0b95\u0bca\u0ba3\u0bcd\u0b9f\u0bbf\u0bb0\u0bc1\u0ba8\u0bcd\u0ba4\u0ba4\u0bc1! \u2018\u0b9a\u0b95\u0bcd, \u0b9a\u0b95\u0bcd!\u2019"},{"language_id":12,"content":"\u0c1c\u0c42\u0c32\u0c4a  \u0c05\u0c28\u0c4d\u0c2f  \u0c15\u0c41  \u0c05\u0c28\u0c4d\u0c28\u0c3f  \u0c24\u0c2e\u0c3e\u0c37\u0c3e\u0c17\u0c3e  \u0c15\u0c28\u0c3f\u0c2a\u0c3f\u0c38\u0c4d\u0c24\u0c41\u0c28\u0c4d\u0c28\u0c3e\u0c2f\u0c3f.\u0c28\u0c40\u0c33\u0c4d\u0c33\u0c32\u0c4d\u0c32\u0c4b  \u0c05\u0c21\u0c41\u0c15\u0c41\u0c15\u0c41\u0c02\u0c1f\u0c41\u0c28\u0c4d\u0c28  \u0c2a\u0c46\u0c26\u0c4d\u0c26  \u0c39\u0c3f\u0c2a\u0c4b  \u0c15\u0c28\u0c3f\u0c2a\u0c3f\u0c02\u0c1a\u0c3f\u0c02\u0c26\u0c3f .\u0c2a\u0c15\u0c4d\u0c15\u0c28\u0c47  \u0c2a\u0c3f\u0c32\u0c4d\u0c32  \u0c39\u0c3f\u0c2a\u0c4b  \u0c35\u0c41\u0c02\u0c26\u0c3f .\u0c05\u0c26\u0c3f \r\n\u0c35\u0c3e\u0c33\u0c4d\u0c33  \u0c28\u0c3e\u0c28\u0c4d\u0c28\u0c24\u0c4b  \u0c15\u0c3e\u0c28\u0c40  \u0c05\u0c2e\u0c4d\u0c2e\u0c24\u0c4b  \u0c15\u0c3e\u0c28\u0c40  \u0c06\u0c21\u0c41\u0c15\u0c4b\u0c35\u0c21\u0c02  \u0c32\u0c47\u0c26\u0c41 .\u0c24\u0c28  \u0c2a\u0c46\u0c26\u0c35\u0c3f\u0c28\u0c3f  \u0c1a\u0c2a\u0c4d\u0c2a\u0c30\u0c3f\u0c38\u0c4d\u0c24\u0c42  \u0c15\u0c42\u0c1a\u0c41\u0c02\u0c26\u0c3f ."},{"language_id":8,"content":"\u0924\u094d\u092f\u093e\u0928\u0902\u0924\u0930 \u0905\u0928\u092f\u093e\u0932\u093e \u092a\u093e\u0923\u0918\u094b\u0921\u0947 \u0926\u093f\u0938\u0932\u0947. \u092a\u093e\u0923\u0918\u094b\u0921\u094d\u092f\u093e\u091a\u0940 \u092c\u091b\u0921\u0940 \u0906\u0908\u092c\u0930\u094b\u092c\u0930 \u092e\u094b\u0920\u094d\u0920\u094d\u092f\u093e \u091c\u093e\u0902\u092d\u092f\u093e \u0926\u0947\u0924 \u0928\u0935\u094d\u0939\u0924\u0940 \u0915\u0940 \u092c\u093e\u092c\u093e\u092c\u0930\u094b\u092c\u0930 \u0917\u0941\u0930\u0917\u0941\u0930 \u0915\u0930\u0924 \u0928\u0935\u094d\u0939\u0924\u0940. \u092e\u093f\u0924\u094d\u0930\u093e\u0902\u092c\u0930\u094b\u092c\u0930 \u0921\u0941\u092c\u0915\u094d\u092f\u093e\u0939\u0940 \u092e\u093e\u0930\u0924 \u0928\u0935\u094d\u0939\u0924\u0940. \u092a\u093e\u0923\u0918\u094b\u0921\u094d\u092f\u093e\u091a\u0940 \u092c\u091b\u0921\u0940 \u0915\u093e\u092f \u0915\u0930\u0924 \u0939\u094b\u0924\u0940? \u0924\u0940 \u0924\u0930 \u0906\u092a\u0932\u093e \u0913\u0920 \u091a\u094b\u0916\u0924 \u0939\u094b\u0924\u0940! \u091a\u0941\u092a\u0941\u0915! \u091a\u0941\u092a\u0941\u0915!\u2029"},{"language_id":7,"content":"\u0c85\u0ca8\u0caf \u0ca8\u0cc0\u0cb0\u0cbf\u0ca8\u0cb2\u0ccd\u0cb2\u0cbf \u0ca8\u0cc0\u0cb0\u0cbe\u0ca8\u0cc6\u0c97\u0cb3\u0ca8\u0ccd\u0ca8\u0cc1 \u0c97\u0cae\u0ca8\u0cbf\u0cb8\u0cc1\u0ca4\u0ccd\u0ca4\u0cbe\u0cb3\u0cc6. \u0c92\u0c82\u0ca6\u0cc1 \u0ca8\u0cc0\u0cb0\u0cbe\u0ca8\u0cc6 \u0cae\u0cb0\u0cbf\u0caf\u0ca8\u0ccd\u0ca8\u0cc1 \r\n \u0ca8\u0ccb\u0ca1\u0cc1\u0ca4\u0ccd\u0ca4\u0cbe\u0cb3\u0cc6. \u0c85\u0ca6\u0cc1 \u0ca4\u0ca8\u0ccd\u0ca8 \u0ca4\u0cbe\u0caf\u0cbf\u0caf\u0cca\u0c82\u0ca6\u0cbf\u0c97\u0cc6 \u0c85\u0c97\u0cb2\u0cb5\u0cbe\u0c97\u0cbf \u0cac\u0cbe\u0caf\u0cbf \u0ca4\u0cc6\u0cb0\u0cc6\u0ca6\u0cc1 \r\n \u0c86\u0c95\u0cb3\u0cbf\u0cb8\u0cc1\u0ca4\u0ccd\u0ca4\u0cbf\u0cb2\u0ccd\u0cb2. \u0ca4\u0ca8\u0ccd\u0ca8 \u0ca4\u0c82\u0ca6\u0cc6\u0caf\u0cca\u0c82\u0ca6\u0cbf\u0c97\u0cc6 \u0c97\u0cc1\u0cb0\u0cc1\u0c97\u0cc1\u0c9f\u0ccd\u0c9f\u0cc1\u0ca4\u0ccd\u0ca4\u0cbf\u0cb2\u0ccd\u0cb2. \u0ca4\u0ca8\u0ccd\u0ca8 \u0c97\u0cc6\u0cb3\u0cc6\u0caf\u0cb0\u0cca\u0c82\u0ca6\u0cbf\u0c97\u0cc6  \u0c88\u0c9c\u0cbe\u0ca1\u0cc1\u0ca4\u0ccd\u0ca4\u0cbf\u0cb2\u0ccd\u0cb2. \u0cb9\u0cbe\u0c97\u0cbe\u0ca6\u0cb0\u0cc6, \u0ca8\u0cc0\u0cb0\u0cbe\u0ca8\u0cc6 \u0cae\u0cb0\u0cbf \u0c8f\u0cb2\u0cc1 \u0cae\u0cbe\u0ca1\u0cc1\u0ca4\u0ccd\u0ca4\u0cbf\u0ca6\u0cc6? \u0ca4\u0ca8\u0ccd\u0ca8 \u0ca4\u0cc1\u0c9f\u0cbf\u0caf\u0ca8\u0ccd\u0ca8\u0cc1 \r\n \u0c9a\u0cc0\u0caa\u0cc1\u0ca4\u0ccd\u0ca4\u0cbf\u0ca6\u0cc6! \u0c9a\u0cb8\u0ccd\u0c95\u0ccd ! \u0c9a\u0cb8\u0ccd\u0c95\u0ccd !"}]},{"id":880,"content":"The tigers welcome her with a growl. And look at that tiger cub! He is not snoozing with his mother. He is not swatting flies with his father. He is not sneaking up on his friends. What is the baby tiger doing? Sucking his tail!  CHUSK! CHUSK!","pageno":6,"image":"9ad652ee75108e5ce158ff87128c537e.jpg","audio":"c18ea29b6e11bde50bb2fc13978cc7c3.mp3","audio_map":"584728d212b4c54e915e5e16d4bed3c4.json","language":[{"language_id":11,"content":"\u0baa\u0bc1\u0bb2\u0bbf\u0b95\u0bb3\u0bcd \u0b89\u0bb1\u0bc1\u0bae\u0bbf\u0baf\u0baa\u0b9f\u0bbf\u0baf\u0bc7 \u0b85\u0ba8\u0bbe\u0baf\u0bbe\u0bb5\u0bc8 \u0bb5\u0bb0\u0bb5\u0bc7\u0bb1\u0bcd\u0bb1\u0ba9. \u0b85\u0ba4\u0bcb \u0b92\u0bb0\u0bc1 \u0b95\u0bc1\u0b9f\u0bcd\u0b9f\u0bbf\u0baa\u0bcd \u0baa\u0bc1\u0bb2\u0bbf! \u0b85\u0ba4\u0bc1 \u0ba4\u0ba9\u0bcd \u0b85\u0bae\u0bcd\u0bae\u0bbe\u0bb5\u0bc1\u0b9f\u0ba9\u0bcd \u0b9a\u0bc7\u0bb0\u0bcd\u0ba8\u0bcd\u0ba4\u0bc1 \u0b95\u0bc1\u0b9f\u0bcd\u0b9f\u0bbf\u0ba4\u0bcd \u0ba4\u0bc2\u0b95\u0bcd\u0b95\u0bae\u0bcd \u0baa\u0bcb\u0b9f\u0bb5\u0bbf\u0bb2\u0bcd\u0bb2\u0bc8. \u0b85\u0baa\u0bcd\u0baa\u0bbe\u0bb5\u0bc1\u0b9f\u0ba9\u0bcd \u0b9a\u0bc7\u0bb0\u0bcd\u0ba8\u0bcd\u0ba4\u0bc1 \u0b88\u0b95\u0bcd\u0b95\u0bb3\u0bc8 \u0ba4\u0ba9\u0bcd \u0bb5\u0bbe\u0bb2\u0bbe\u0bb2\u0bcd \u0bb5\u0bbf\u0bb0\u0b9f\u0bcd\u0b9f\u0bbf\u0b95\u0bcd \u0b95\u0bca\u0ba3\u0bcd\u0b9f\u0bbf\u0bb0\u0bc1\u0b95\u0bcd\u0b95\u0bb5\u0bbf\u0bb2\u0bcd\u0bb2\u0bc8. \u0ba4\u0ba9\u0bcd \u0ba8\u0ba3\u0bcd\u0baa\u0bb0\u0bcd\u0b95\u0bb3\u0bc1\u0b9f\u0ba9\u0bcd \u0b9a\u0bc7\u0bb0\u0bcd\u0ba8\u0bcd\u0ba4\u0bc1 \u0baa\u0ba4\u0bc1\u0b99\u0bcd\u0b95\u0bbf\u0b95\u0bcd \u0b95\u0bca\u0ba3\u0bcd\u0b9f\u0bbf\u0bb0\u0bc1\u0b95\u0bcd\u0b95\u0bb5\u0bbf\u0bb2\u0bcd\u0bb2\u0bc8. \u0baa\u0bbf\u0ba9\u0bcd\u0ba9\u0bc7 \u0baa\u0bc1\u0bb2\u0bbf\u0b95\u0bcd\u0b95\u0bc1\u0b9f\u0bcd\u0b9f\u0bbf \u0b8e\u0ba9\u0bcd\u0ba9 \u0b9a\u0bc6\u0baf\u0bcd\u0ba4\u0bc1 \u0b95\u0bca\u0ba3\u0bcd\u0b9f\u0bbf\u0bb0\u0bc1\u0ba8\u0bcd\u0ba4\u0ba4\u0bc1? \u0ba4\u0ba9\u0bcd \u0bb5\u0bbe\u0bb2\u0bc8 \u0bb5\u0bbe\u0baf\u0bbf\u0bb2\u0bcd \u0baa\u0bcb\u0b9f\u0bcd\u0b9f\u0bc1 \u0b9a\u0bc2\u0baa\u0bcd\u0baa\u0bbf\u0b95\u0bcd \u0b95\u0bca\u0ba3\u0bcd\u0b9f\u0bbf\u0bb0\u0bc1\u0ba8\u0bcd\u0ba4\u0ba4\u0bc1."},{"language_id":12,"content":"\u0c2a\u0c41\u0c32\u0c3f\u0c28\u0c3f \u0c1a\u0c42\u0c38\u0c3f\u0c02\u0c26\u0c3f .  \u0c2a\u0c41\u0c32\u0c3f\u0c2a\u0c3f\u0c32\u0c4d\u0c32\u0c15\u0c41\u0c21\u0c3e  \u0c0e\u0c35\u0c4d\u0c35\u0c30\u0c3f\u0c24\u0c4b  \u0c06\u0c21\u0c41\u0c15\u0c4b\u0c15\u0c41\u0c02\u0c21\u0c3e  \u0c24\u0c28  \u0c24\u0c4b\u0c15  \u0c28\u0c3e\u0c15\u0c41\u0c24\u0c42  \u0c15\u0c42\u0c30\u0c4d\u0c1a\u0c41\u0c02\u0c26\u0c3f ."},{"language_id":8,"content":"\u0935\u093e\u0918\u094b\u092c\u093e\u0902\u0928\u0940 \u0905\u0928\u092f\u093e\u0932\u093e \u092c\u0918\u0942\u0928 \u0921\u0930\u0915\u093e\u0933\u0940 \u092b\u094b\u0921\u0932\u0940. \u0935\u093e\u0918\u093e\u091a\u093e \u092c\u091b\u0921\u093e \u0906\u0908\u092c\u0930\u094b\u092c\u0930 \u0921\u0941\u0932\u0915\u0940 \u0918\u0947\u0924 \u0928\u0935\u094d\u0939\u0924\u093e, \u0915\u0940 \u092c\u093e\u092c\u093e\u092c\u0930\u094b\u092c\u0930 \u092e\u093e\u0936\u094d\u092f\u093e \u092e\u093e\u0930\u0924 \u0928\u0935\u094d\u0939\u0924\u093e. \u092e\u093f\u0924\u094d\u0930\u093e\u0902\u0935\u0930 \u0926\u092c\u093e \u0927\u0930\u0942\u0928 \u0909\u0921\u0940\u092a\u0923 \u092e\u093e\u0930\u0924 \u0928\u0935\u094d\u0939\u0924\u093e. \u0935\u093e\u0918\u093e\u091a\u093e \u092c\u091b\u0921\u093e \u0915\u093e\u092f \u0915\u0930\u0924 \u0939\u094b\u0924\u093e? \u0924\u094b \u0924\u0930 \u0906\u092a\u0932\u0940 \u0936\u0947\u092a\u0942\u091f \u091a\u094b\u0916\u0924 \u0939\u094b\u0924\u093e! \u091a\u0941\u092a\u0941\u0915! \u091a\u0941\u092a\u0941\u0915!\u2029"},{"language_id":7,"content":"\u0cb9\u0cc1\u0cb2\u0cbf\u0c97\u0cb3\u0cc1 \u0c97\u0cc1\u0cb0\u0ccd\u0cb0\u0cc6\u0ca8\u0ccd\u0ca8\u0cc1\u0ca4\u0ccd\u0ca4 \u0c85\u0cb5\u0cb3\u0ca8\u0ccd\u0ca8\u0cc1 \u0cb8\u0ccd\u0cb5\u0cbe\u0c97\u0ca4\u0cbf\u0cb8\u0cc1\u0ca4\u0ccd\u0ca4\u0cb5\u0cc6! \u0c86 \u0cb9\u0cc1\u0cb2\u0cbf\u0cae\u0cb0\u0cbf\u0caf\u0ca8\u0ccd\u0ca8\u0cc1 \u0ca8\u0ccb\u0ca1\u0cc1! \r\n \u0c85\u0ca6\u0cc1 \u0ca4\u0ca8\u0ccd\u0ca8 \u0ca4\u0cbe\u0caf\u0cbf\u0caf\u0cca\u0c82\u0ca6\u0cbf\u0c97\u0cc6 \u0ca4\u0cc2\u0c95\u0ca1\u0cbf\u0cb8\u0cc1\u0ca4\u0ccd\u0ca4\u0cbf\u0cb2\u0ccd\u0cb2. \u0ca4\u0ca8\u0ccd\u0ca8 \u0ca4\u0c82\u0ca6\u0cc6\u0caf\u0cca\u0c82\u0ca6\u0cbf\u0c97\u0cc6 \u0ca8\u0cca\u0ca3\u0c97\u0cb3\u0ca8\u0ccd\u0ca8\u0cc1 \r\n \u0c93\u0ca1\u0cbf\u0cb8\u0cc1\u0ca4\u0ccd\u0ca4\u0cbf\u0cb2\u0ccd\u0cb2. \u0ca4\u0ca8\u0ccd\u0ca8 \u0c97\u0cc6\u0cb3\u0cc6\u0caf\u0cb0\u0cca\u0c82\u0ca6\u0cbf\u0c97\u0cc6 \u0c95\u0ca3\u0ccd\u0ca3\u0cc1 \u0cae\u0cc1\u0c9a\u0ccd\u0c9a\u0cbe\u0cb2\u0cc6 \u0c86\u0c9f \u0c86\u0ca1\u0cc1\u0ca4\u0ccd\u0ca4\u0cbf\u0cb2\u0ccd\u0cb2. \u0cb9\u0cbe\u0c97\u0cbe\u0ca6\u0cb0\u0cc6, \r\n \u0cb9\u0cc1\u0cb2\u0cbf\u0cae\u0cb0\u0cbf \u0cae\u0ca4\u0ccd\u0ca4\u0cc7\u0ca8\u0cc1 \u0cae\u0cbe\u0ca1\u0cc1\u0ca4\u0ccd\u0ca4\u0cbf\u0ca6\u0cc6? \u0ca4\u0ca8\u0ccd\u0ca8 \u0cac\u0cbe\u0cb2\u0cb5\u0ca8\u0ccd\u0ca8\u0cc1 \u0c9a\u0cc0\u0caa\u0cc1\u0ca4\u0ccd\u0ca4\u0cbf\u0ca6\u0cc6! \u0c9a\u0cb8\u0ccd\u0c95\u0ccd!  \u0c9a\u0cb8\u0ccd\u0c95\u0ccd !"}]},{"id":881,"content":"Anaya sits down and thinks of the baby animals that are missing all the fun. Anaya looks at the people around her. She sees a boy on his father's shoulders waving his arms. She sees a boy carrying cotton candy and a juice can.","pageno":7,"image":"5aa986e610e33cce71b7461c9e236818.jpg","audio":"894c705d42b20ea5eb3099d26f3a5900.mp3","audio_map":"a4cdd15875574172c0866179ed5ebc63.json","language":[{"language_id":11,"content":"\u0b85\u0ba8\u0bbe\u0baf\u0bbe \u0b93\u0bb0\u0bbf\u0b9f\u0ba4\u0bcd\u0ba4\u0bbf\u0bb2\u0bcd \u0b89\u0b9f\u0bcd\u0b95\u0bbe\u0bb0\u0bcd\u0ba8\u0bcd\u0ba4\u0bc1 \u0b95\u0bca\u0ba3\u0bcd\u0b9f\u0bc1 \u0b87\u0ba8\u0bcd\u0ba4 \u0b95\u0bc1\u0b9f\u0bcd\u0b9f\u0bbf \u0bb5\u0bbf\u0bb2\u0b99\u0bcd\u0b95\u0bc1\u0b95\u0bb3\u0bcd \u0b8f\u0ba9\u0bcd \u0bb5\u0bc7\u0b9f\u0bbf\u0b95\u0bcd\u0b95\u0bc8, \u0bb5\u0bbf\u0bb3\u0bc8\u0baf\u0bbe\u0b9f\u0bcd\u0b9f\u0bc1\u0b95\u0bcd\u0b95\u0bb3\u0bc8 \u0bae\u0bb1\u0ba8\u0bcd\u0ba4\u0bc1\u0bb5\u0bbf\u0b9f\u0bcd\u0b9f\u0ba9 \u0b8e\u0ba9\u0bcd\u0bb1\u0bc1 \u0baf\u0bcb\u0b9a\u0bbf\u0ba4\u0bcd\u0ba4\u0bbe\u0bb3\u0bcd. \u0ba4\u0ba9\u0bcd\u0ba9\u0bc8\u0b9a\u0bcd \u0b9a\u0bc1\u0bb1\u0bcd\u0bb1\u0bbf\u0baf\u0bbf\u0bb0\u0bc1\u0ba8\u0bcd\u0ba4\u0bb5\u0bb0\u0bcd\u0b95\u0bb3\u0bc8\u0baa\u0bcd \u0baa\u0bbe\u0bb0\u0bcd\u0ba4\u0bcd\u0ba4\u0bbe\u0bb3\u0bcd. \u0b92\u0bb0\u0bc1 \u0b9a\u0bbf\u0ba9\u0bcd\u0ba9\u0baa\u0bcd\u0baa\u0bc8\u0baf\u0ba9\u0bcd \u0ba4\u0ba9\u0bcd \u0b85\u0baa\u0bcd\u0baa\u0bbe\u0bb5\u0bbf\u0ba9\u0bcd \u0ba4\u0bcb\u0bb3\u0bcd\u0bae\u0bc7\u0bb2\u0bcd \u0b8f\u0bb1\u0bbf\u0b95\u0bcd\u0b95\u0bca\u0ba3\u0bcd\u0b9f\u0bc1 \u0b95\u0bc8\u0baf\u0bc8 \u0b85\u0b9a\u0bc8\u0ba4\u0bcd\u0ba4\u0bc1\u0b95\u0bcd \u0b95\u0bca\u0ba3\u0bcd\u0b9f\u0bbf\u0bb0\u0bc1\u0ba8\u0bcd\u0ba4\u0bbe\u0ba9\u0bcd. \u0b87\u0ba9\u0bcd\u0ba9\u0bca\u0bb0\u0bc1 \u0baa\u0bc8\u0baf\u0ba9\u0bcd \u0baa\u0b9e\u0bcd\u0b9a\u0bc1 \u0bae\u0bbf\u0b9f\u0bcd\u0b9f\u0bbe\u0baf\u0bc8\u0baf\u0bc1\u0bae\u0bcd, \u0b9c\u0bc2\u0bb8\u0bcd \u0b95\u0bc7\u0ba9\u0bc8\u0baf\u0bc1\u0bae\u0bcd \u0b8e\u0b9f\u0bc1\u0ba4\u0bcd\u0ba4\u0bc1\u0b95\u0bcd \u0b95\u0bca\u0ba3\u0bcd\u0b9f\u0bc1 \u0baa\u0bcb\u0baf\u0bcd\u0b95\u0bcd\u0b95\u0bca\u0ba3\u0bcd\u0b9f\u0bbf\u0bb0\u0bc1\u0ba8\u0bcd\u0ba4\u0bbe\u0ba9\u0bcd."},{"language_id":12,"content":"\u0c05\u0c28\u0c4d\u0c2f \u0c15\u0c41  \u0c15\u0c3e\u0c33\u0c4d\u0c33\u0c41 \u0c28\u0c4a\u0c2a\u0c4d\u0c2a\u0c3f  \u0c2a\u0c41\u0c1f\u0c4d\u0c1f\u0c3f  \u0c12\u0c15  \u0c1a\u0c4b\u0c1f  \u0c15\u0c42\u0c30\u0c4d\u0c1a\u0c41\u0c02\u0c26\u0c3f .\u0c26\u0c42\u0c30\u0c02\u0c17\u0c3e  \u0c15\u0c4a\u0c02\u0c24\u0c2e\u0c02\u0c26\u0c3f  \u0c2a\u0c3f\u0c32\u0c4d\u0c32\u0c32\u0c41  \u0c06\u0c21\u0c41\u0c15\u0c41\u0c02\u0c1f\u0c41\u0c28\u0c4d\u0c28\u0c3e\u0c30\u0c41 .\u0c15\u0c4a\u0c02\u0c24\u0c2e\u0c02\u0c26\u0c3f  \u0c2a\u0c3f\u0c32\u0c4d\u0c32\u0c32\u0c41  \u0c10\u0c38\u0c41\u0c15\u0c4d\u0c30\u0c40\u0c2e\u0c4d  \u0c24\u0c3f\u0c02\u0c1f\u0c41\u0c28\u0c4d\u0c28\u0c3e\u0c30\u0c41 . \u0c05\u0c28\u0c4d\u0c2f  \u0c35\u0c3e\u0c33\u0c4d\u0c33\u0c28\u0c41  \u0c1a\u0c42\u0c38\u0c3f\u0c02\u0c26\u0c3f .\u0c0f\u0c28\u0c41\u0c17\u0c41  \u0c06\u0c21\u0c41\u0c15\u0c4b\u0c15\u0c41\u0c02\u0c21\u0c3e  \u0c24\u0c4a\u0c02\u0c21\u0c02  \u0c28\u0c3e\u0c15\u0c3f\u0c02\u0c26\u0c3f ,\u0c1c\u0c3f\u0c02\u0c15\u0c2a\u0c3f\u0c32\u0c4d\u0c32  \u0c15\u0c3e\u0c32\u0c3f \u0c17\u0c3f\u0c1f\u0c4d\u0c1f\u0c28\u0c41  \u0c28\u0c3e\u0c15\u0c3f\u0c02\u0c26\u0c3f ,\u0c15\u0c4b\u0c24\u0c3f\u0c2a\u0c3f\u0c32\u0c4d\u0c32  \u0c2c\u0c4a\u0c1f\u0c28 \u0c35\u0c47\u0c32\u0c41 \r\n\u0c28\u0c3e\u0c15\u0c3f\u0c02\u0c26\u0c3f,\u0c2a\u0c3f\u0c32\u0c4d\u0c32\u0c39\u0c3f\u0c2a\u0c4b  \u0c26\u0c3e\u0c28\u0c3f  \u0c2a\u0c46\u0c26\u0c35\u0c3f  \u0c28\u0c3e\u0c15\u0c3f\u0c02\u0c26\u0c3f ,\u0c2a\u0c41\u0c32\u0c3f\u0c2a\u0c3f\u0c32\u0c4d\u0c32  \u0c24\u0c4b\u0c15\u0c28\u0c41  \u0c28\u0c3e\u0c15\u0c3f\u0c02\u0c26\u0c3f ,\u0c39\u0c3e\u0c2f\u0c3f\u0c17\u0c3e  \u0c38\u0c4d\u0c28\u0c47\u0c39\u0c3f\u0c24\u0c41\u0c32\u0c24\u0c4b  \u0c06\u0c21\u0c41\u0c15\u0c4b\u0c15\u0c41\u0c02\u0c21\u0c3e  \u0c05\u0c32\u0c3e \u0c28\u0c3e\u0c15\u0c21\u0c02  \u0c05\u0c28\u0c4d\u0c2f\u0c15\u0c41  \u0c28\u0c1a\u0c4d\u0c1a\u0c32\u0c47\u0c26\u0c41 \u0c2a\u0c3f\u0c32\u0c4d\u0c32\u0c32\u0c41  \u0c06\u0c21\u0c41\u0c15\u0c4b\u0c35\u0c3e\u0c32\u0c3f \u0c05\u0c02\u0c24\u0c47 \u0c17\u0c3e\u0c28\u0c40 \u0c2f\u0c3f\u0c32\u0c3e \u0c15\u0c42\u0c30\u0c4d\u0c1a\u0c4b\u0c15\u0c42\u0c21\u0c26\u0c41  \u0c05\u0c28\u0c3f  \u0c05\u0c28\u0c4d\u0c2f\u0c15\u0c41  \u0c05\u0c28\u0c3f\u0c2a\u0c3f\u0c02\u0c1a\u0c3f\u0c02\u0c26\u0c3f ..."},{"language_id":8,"content":"\u092e\u0917 \u0905\u0928\u092f\u093e\u0928\u0947 \u092c\u0938\u0942\u0928 \u0938\u0917\u0933\u094d\u092f\u093e \u092a\u094d\u0930\u093e\u0923\u094d\u092f\u093e\u0902\u091a\u094d\u092f\u093e \u092c\u093e\u0933\u093e\u0902\u091a\u093e \u0935\u093f\u091a\u093e\u0930 \u0915\u0947\u0932\u093e. \u0924\u094d\u092f\u093e\u0902\u091a\u0902 \u0939\u0947 \u091a\u094b\u0916\u093e\u092f\u091a\u0902 \u0935\u0947\u0921 \u0917\u0947\u0932\u0902 \u0924\u0930 \u0924\u0947 \u0905\u091c\u0942\u0928 \u092e\u091c\u093e \u0915\u0930\u0942 \u0936\u0915\u0924\u0940\u0932! \u0905\u0928\u092f\u093e\u0928\u0902 \u092e\u0917 \u0906\u091c\u0942\u092c\u093e\u091c\u0942\u091a\u094d\u092f\u093e \u0932\u094b\u0915\u093e\u0902\u0915\u0921\u0947 \u092c\u0918\u093f\u0924\u0932\u0902. \u090f\u0915 \u091b\u094b\u091f\u093e \u092e\u0941\u0932\u0917\u093e \u092c\u093e\u092c\u093e\u091a\u094d\u092f\u093e \u0916\u093e\u0902\u0926\u094d\u092f\u093e\u0935\u0930 \u092c\u0938\u0942\u0928 \u0906\u092a\u0932\u0947 \u0939\u093e\u0924 \u0939\u0932\u0935\u0924 \u0939\u094b\u0924\u093e. \u090f\u0915 \u092e\u0941\u0932\u0917\u093e \u090f\u0915\u093e \u0939\u093e\u0924\u093e\u0924 \u092c\u0941\u0921\u094d\u0922\u0940 \u0915\u0947 \u092c\u093e\u0932 \u0906\u0923\u093f \u090f\u0915\u093e \u0939\u093e\u0924\u093e\u0924 \u0915\u094b\u0932\u094d\u0921\u094d\u0930\u093f\u0902\u0915 \u0938\u093e\u0902\u092d\u093e\u0933\u0924 \u091a\u093e\u0932\u0932\u0947\u0932\u093e \u0939\u094b\u0924\u093e.\u2029"},{"language_id":7,"content":"\u0c85\u0ca8\u0caf \u0c95\u0cc1\u0cb3\u0cbf\u0ca4\u0cc1\u0c95\u0cca\u0c82\u0ca1\u0cc1, \u0caa\u0ccd\u0cb0\u0cbe\u0ca3\u0cbf \u0cae\u0cb0\u0cbf\u0c97\u0cb3\u0cc1 \u0c8e\u0cb7\u0ccd\u0c9f\u0cca\u0c82\u0ca6\u0cc1 \u0cae\u0ccb\u0c9c\u0ca8\u0ccd\u0ca8\u0cc1 \u0c95\u0cb3\u0cc6\u0ca6\u0cc1\u0c95\u0cca\u0cb3\u0ccd\u0cb3\u0cc1\u0ca4\u0ccd\u0ca4\u0cbf\u0cb5\u0cc6 \r\n \u0c8e\u0c82\u0ca6\u0cc1 \u0caf\u0ccb\u0c9a\u0cbf\u0cb8\u0cc1\u0ca4\u0ccd\u0ca4\u0cbe\u0cb3\u0cc6. \u0c85\u0cb5\u0cb3\u0cc1 \u0ca4\u0ca8\u0ccd\u0ca8 \u0cb8\u0cc1\u0ca4\u0ccd\u0ca4\u0cb2\u0cbf\u0cb0\u0cc1\u0cb5 \u0c9c\u0ca8\u0cb0\u0ca8\u0ccd\u0ca8\u0cc1 \u0ca8\u0ccb\u0ca1\u0cc1\u0ca4\u0ccd\u0ca4\u0cbe\u0cb3\u0cc6. \u0c92\u0cac\u0ccd\u0cac \r\n \u0cb9\u0cc1\u0ca1\u0cc1\u0c97 \u0ca4\u0ca8\u0ccd\u0ca8 \u0ca4\u0c82\u0ca6\u0cc6\u0caf \u0cb9\u0cc6\u0c97\u0cb2\u0cbf\u0ca8 \u0cae\u0cc7\u0cb2\u0cc6 \u0c95\u0cc1\u0cb3\u0cbf\u0ca4\u0cc1\u0c95\u0cca\u0c82\u0ca1\u0cc1 \u0ca4\u0ca8\u0ccd\u0ca8 \u0ca4\u0ccb\u0cb3\u0cc1\u0c97\u0cb3\u0ca8\u0ccd\u0ca8\u0cc1 \r\n \u0cac\u0cc0\u0cb8\u0cc1\u0cb5\u0cc1\u0ca6\u0ca8\u0ccd\u0ca8\u0cc1 \u0ca8\u0ccb\u0ca1\u0cc1\u0ca4\u0ccd\u0ca4\u0cbe\u0cb3\u0cc6. \u0c92\u0cac\u0ccd\u0cac \u0cb9\u0cc1\u0ca1\u0cc1\u0c97 \u0cac\u0cca\u0c82\u0cac\u0cbe\u0caf\u0cbf \u0cae\u0cbf\u0ca0\u0cbe\u0caf\u0cbf \u0cae\u0ca4\u0ccd\u0ca4\u0cc1 \u0cb9\u0ca3\u0ccd\u0ca3\u0cbf\u0ca8 \r\n \u0cb0\u0cb8 \u0cb9\u0cbf\u0ca1\u0cbf\u0ca6\u0cc1\u0c95\u0cca\u0c82\u0ca1\u0cc1 \u0cb9\u0ccb\u0c97\u0cc1\u0cb5\u0cc1\u0ca6\u0ca8\u0ccd\u0ca8\u0cc1 \u0ca8\u0ccb\u0ca1\u0cc1\u0ca4\u0ccd\u0ca4\u0cbe\u0cb3\u0cc6."}]},{"id":882,"content":"She sees a girl clicking pictures with a camera. She sees a baby shaking her rattle. All the children are having fun! Anaya looks down her nose and sees her own hand curled up, with the thumb in her mouth. Could she put her thumb to better use?","pageno":8,"image":"ffbca2fee8cd5537a586d5272f4210c6.jpg","audio":"aaf50382d94ea60daca675c8c3c9b59d.mp3","audio_map":"976ceeb158db1df7572ea1f88bbd6e86.json","language":[{"language_id":11,"content":"\u0b92\u0bb0\u0bc1 \u0baa\u0bc6\u0ba3\u0bcd \u0b95\u0bbe\u0bae\u0bbf\u0bb0\u0bbe\u0bb5\u0bc8 \u0bb5\u0bc8\u0ba4\u0bcd\u0ba4\u0bc1\u0b95\u0bcd \u0b95\u0bca\u0ba3\u0bcd\u0b9f\u0bc1 '\u0b95\u0bcd\u0bb3\u0bbf\u0b95\u0bcd, \u0b95\u0bcd\u0bb3\u0bbf\u0b95\u0bcd' \u0b8e\u0ba9\u0bcd\u0bb1\u0bc1 \u0baa\u0bcb\u0b9f\u0bcd\u0b9f\u0bcb\u0b95\u0bcd\u0b95\u0bb3\u0bcd \u0b8e\u0b9f\u0bc1\u0ba4\u0bcd\u0ba4\u0bc1\u0b95\u0bcd \u0b95\u0bca\u0ba3\u0bcd\u0b9f\u0bbf\u0bb0\u0bc1\u0ba8\u0bcd\u0ba4\u0bbe\u0bb3\u0bcd. \u0b92\u0bb0\u0bc1 \u0b95\u0bc1\u0bb4\u0ba8\u0bcd\u0ba4\u0bc8 \u0b95\u0bc8\u0baf\u0bbf\u0bb2\u0bcd \u0b95\u0bbf\u0bb2\u0bc1\u0b95\u0bbf\u0bb2\u0bc1\u0baa\u0bcd\u0baa\u0bc8\u0baf\u0bc8 \u0bb5\u0bc8\u0ba4\u0bcd\u0ba4\u0bc1\u0b95\u0bcd \u0b95\u0bca\u0ba3\u0bcd\u0b9f\u0bc1 \u0b86\u0b9f\u0bcd\u0b9f\u0bbf\u0b95\u0bcd \u0b95\u0bca\u0ba3\u0bcd\u0b9f\u0bbf\u0bb0\u0bc1\u0ba8\u0bcd\u0ba4\u0ba4\u0bc1. \u0b8e\u0bb2\u0bcd\u0bb2\u0bbe\u0b95\u0bcd \u0b95\u0bc1\u0bb4\u0ba8\u0bcd\u0ba4\u0bc8\u0b95\u0bb3\u0bc1\u0bae\u0bcd \u0b95\u0bc1\u0ba4\u0bbf\u0baa\u0bcd\u0baa\u0bc1\u0bae\u0bcd, \u0b95\u0bc1\u0bae\u0bcd\u0bae\u0bbe\u0bb3\u0bae\u0bc1\u0bae\u0bbe\u0b95 \u0b87\u0bb0\u0bc1\u0ba8\u0bcd\u0ba4\u0ba9\u0bb0\u0bcd. \u0b85\u0ba8\u0bbe\u0baf\u0bbe \u0ba4\u0ba9\u0bcd\u0ba9\u0bc8\u0b95\u0bcd \u0b95\u0bc1\u0ba9\u0bbf\u0ba8\u0bcd\u0ba4\u0bc1\u0baa\u0bcd \u0baa\u0bbe\u0bb0\u0bcd\u0ba4\u0bcd\u0ba4\u0bbe\u0bb3\u0bcd. \u0b85\u0bb5\u0bb3\u0bc1\u0b9f\u0bc8\u0baf \u0b95\u0bc8 \u0bae\u0b9f\u0b99\u0bcd\u0b95\u0bbf \u0b87\u0bb0\u0bc1\u0ba8\u0bcd\u0ba4\u0ba4\u0bc1. \u0b85\u0bb5\u0bb3\u0bc1\u0b9f\u0bc8\u0baf \u0b95\u0b9f\u0bcd\u0b9f\u0bc8\u0bb5\u0bbf\u0bb0\u0bb2\u0bcd \u0bb5\u0bbe\u0baf\u0bcd\u0b95\u0bcd\u0b95\u0bc1\u0bb3\u0bcd \u0b87\u0bb0\u0bc1\u0ba8\u0bcd\u0ba4\u0ba4\u0bc1. \u0b87\u0ba8\u0bcd\u0ba4\u0b95\u0bcd \u0b95\u0b9f\u0bcd\u0b9f\u0bc8\u0bb5\u0bbf\u0bb0\u0bb2\u0bc8 \u0bb5\u0bc7\u0bb1\u0bc1 \u0b8e\u0ba4\u0bb1\u0bcd\u0b95\u0bbe\u0bb5\u0ba4\u0bc1 \u0b9a\u0bbf\u0bb1\u0baa\u0bcd\u0baa\u0bbe\u0b95\u0baa\u0bcd \u0baa\u0baf\u0ba9\u0bcd\u0baa\u0b9f\u0bc1\u0ba4\u0bcd\u0ba4 \u0bae\u0bc1\u0b9f\u0bbf\u0baf\u0bc1\u0bae\u0bbe?"},{"language_id":12,"content":"\u0c26\u0c42\u0c30\u0c02\u0c17\u0c3e  \u0c15\u0c4a\u0c02\u0c24  \u0c2e\u0c02\u0c26\u0c3f  \u0c05\u0c2e\u0c4d\u0c2e\u0c3e\u0c2f\u0c3f\u0c32\u0c41  \u0c06\u0c21\u0c41\u0c15\u0c41\u0c02\u0c1f\u0c41\u0c28\u0c4d\u0c28\u0c3e\u0c30\u0c41 .\u0c35\u0c3e\u0c33\u0c4d\u0c33\u0c41  \u0c2a\u0c30\u0c41\u0c17\u0c46\u0c24\u0c4d\u0c24\u0c41\u0c24\u0c41\u0c28\u0c4d\u0c28\u0c3e\u0c30\u0c41,\u0c17\u0c46\u0c02\u0c24\u0c41\u0c24\u0c41\u0c28\u0c4d\u0c28\u0c3e\u0c30\u0c41 ,\u0c28\u0c35\u0c4d\u0c35\u0c41\u0c24\u0c41\u0c28\u0c4d\u0c28\u0c3e\u0c30\u0c41 .\u0c05\u0c28\u0c4d\u0c2f  \u0c05\u0c2a\u0c4d\u0c2a\u0c41\u0c21\u0c41 \r\n\u0c28\u0c4b\u0c1f\u0c4d\u0c32\u0c4b \u0c28\u0c3f\u0c02\u0c1a\u0c3f  \u0c24\u0c28  \u0c2c\u0c4a\u0c1f\u0c28\u0c35\u0c47\u0c32\u0c41  \u0c24\u0c40\u0c38\u0c3f  \u0c1a\u0c42\u0c38\u0c41\u0c15\u0c41\u0c28\u0c4d\u0c28\u0c26\u0c3f .\u0c2a\u0c3e\u0c2a\u0c02  \u0c08 \u0c2c\u0c4a\u0c1f\u0c28 \u0c35\u0c47\u0c32\u0c41  \u0c0e\u0c2a\u0c4d\u0c2a\u0c41\u0c21\u0c42  \u0c28\u0c4b\u0c1f\u0c4d\u0c32\u0c4b\u0c28\u0c47  \u0c35\u0c41\u0c02\u0c1f\u0c41\u0c02\u0c26\u0c3f ,\u0c26\u0c40\u0c28\u0c3f\u0c15\u0c3f  \u0c06\u0c1f\u0c32\u0c47  \u0c32\u0c47\u0c35\u0c41  \u0c05\u0c28\u0c3f  \u0c05\u0c28\u0c4d\u0c2f \r\n\u0c05\u0c28\u0c41\u0c15\u0c41\u0c28\u0c4d\u0c28\u0c26\u0c3f ."},{"language_id":8,"content":"\u090f\u0915 \u092e\u0941\u0932\u0917\u0940 \u092b\u094b\u091f\u094b \u0915\u093e\u0922\u0924 \u0939\u094b\u0924\u0940. \u090f\u0915 \u092c\u093e\u0933 \u092c\u093e\u092c\u093e\u0917\u093e\u0921\u0940\u0924 \u092c\u0938\u0942\u0928 \u0916\u0941\u0933\u0916\u0941\u0933\u093e \u0935\u093e\u091c\u0935\u0924 \u0939\u094b\u0924\u0902. \u0938\u0917\u0933\u0940 \u092e\u0941\u0932\u0902 \u092e\u091c\u093e \u0915\u0930\u0924 \u0939\u094b\u0924\u0940. \u092e\u0917 \u0905\u0928\u092f\u093e\u0928\u0902 \u0939\u0933\u0942\u091a \u0906\u092a\u0932\u094d\u092f\u093e \u0928\u093e\u0915\u093e\u0916\u093e\u0932\u0940 \u092c\u0918\u093f\u0924\u0932\u0902. \u0924\u093f\u091a\u093e \u0939\u093e\u0924 \u092e\u0941\u0921\u092a\u0932\u0947\u0932\u093e \u0939\u094b\u0924\u093e \u0906\u0923\u093f \u0905\u0902\u0917\u0920\u093e \u0924\u094b\u0902\u0921\u093e\u0924. \u0924\u0940 \u0924\u093f\u091a\u094d\u092f\u093e \u0905\u0902\u0917\u0920\u094d\u092f\u093e\u091a\u093e \u0905\u091c\u0942\u0928 \u091a\u093e\u0902\u0917\u0932\u093e \u0909\u092a\u092f\u094b\u0917 \u0915\u0930\u0942 \u0936\u0915\u0947\u0932 \u0915\u093e\u092f?\u2029"},{"language_id":7,"content":"\u0c92\u0c82\u0ca6\u0cc1 \u0cb9\u0cc1\u0ca1\u0cc1\u0c97\u0cbf \u0c95\u0ccd\u0caf\u0cbe\u0cae\u0cc6\u0cb0\u0cbe\u0ca6\u0cbf\u0c82\u0ca6 \u0c9a\u0cbf\u0ca4\u0ccd\u0cb0\u0c97\u0cb3\u0ca8\u0ccd\u0ca8\u0cc1 \u0cb8\u0cc6\u0cb0\u0cc6\u0cb9\u0cbf\u0ca1\u0cbf\u0caf\u0cc1\u0cb5\u0cc1\u0ca6\u0ca8\u0ccd\u0ca8\u0cc1 \u0c85\u0ca8\u0caf \r\n \u0ca8\u0ccb\u0ca1\u0cc1\u0ca4\u0ccd\u0ca4\u0cbe\u0cb3\u0cc6. \u0c92\u0c82\u0ca6\u0cc1 \u0cae\u0c97\u0cc1 \u0c97\u0cbf\u0cb2\u0c95\u0cbf\u0caf \u0cb8\u0ca6\u0ccd\u0ca6\u0cc1 \u0cae\u0cbe\u0ca1\u0cc1\u0cb5\u0cc1\u0ca6\u0ca8\u0ccd\u0ca8\u0cc1 \u0c85\u0cb5\u0cb3\u0cc1 \u0ca8\u0ccb\u0ca1\u0cc1\u0ca4\u0ccd\u0ca4\u0cbe\u0cb3\u0cc6. \r\n \u0c8e\u0cb2\u0ccd\u0cb2 \u0cae\u0c95\u0ccd\u0c95\u0cb3\u0cc1 \u0cae\u0ccb\u0c9c\u0cc1 \u0cae\u0cbe\u0ca1\u0cc1\u0ca4\u0ccd\u0ca4\u0cbf\u0ca6\u0ccd\u0ca6\u0cbe\u0cb0\u0cc6. \u0c85\u0ca8\u0caf \u0ca4\u0ca8\u0ccd\u0ca8 \u0cae\u0cc2\u0c97\u0cbf\u0ca8\u0cbf\u0c82\u0ca6 \u0c95\u0cc6\u0cb3\u0c97\u0cc6 \r\n \u0ca8\u0ccb\u0ca1\u0cbf\u0ca6\u0cbe\u0c97, \u0cae\u0ca1\u0c9a\u0cbf\u0ca6 \u0c95\u0cc8 \u0cae\u0ca4\u0ccd\u0ca4\u0cc1 \u0cac\u0cbe\u0caf\u0cb2\u0ccd\u0cb2\u0cbf\u0cb0\u0cc1\u0cb5 \u0cb9\u0cc6\u0cac\u0ccd\u0cac\u0cc6\u0cb0\u0cb3\u0ca8\u0ccd\u0ca8\u0cc1 \u0c97\u0cae\u0ca8\u0cbf\u0cb8\u0cc1\u0ca4\u0ccd\u0ca4\u0cbe\u0cb3\u0cc6. \r\n \u0c85\u0cb5\u0cb3\u0cc1 \u0ca4\u0ca8\u0ccd\u0ca8 \u0cb9\u0cc6\u0cac\u0ccd\u0cac\u0cc6\u0cb0\u0cb3\u0ca8\u0ccd\u0ca8\u0cc1 \u0cac\u0cc7\u0cb0\u0cc6 \u0c89\u0ca4\u0ccd\u0ca4\u0cae\u0cb5\u0cbe\u0ca6 \u0c95\u0cc6\u0cb2\u0cb8\u0c95\u0ccd\u0c95\u0cc6 \u0c89\u0caa\u0caf\u0ccb\u0c97\u0cbf\u0cb8\u0cac\u0cb9\u0cc1\u0ca6\u0cc7?"}]},{"id":883,"content":"Anaya pulls her thumb out of her mouth, runs ahead and stops between her parents. She holds onto their hands, counts 1-2-3, jumps up and swings high in the air. \u201cWHEEE!\u201d And the little baby monkey watching her from above does the same.","pageno":9,"image":"f78dded6738db3ec190fd0dada154371.jpg","audio":"97e5852890ed78b006571aa2263288a9.mp3","audio_map":"7ea68ca71dd477c4e3de8b2936e7b9ca.json","language":[{"language_id":11,"content":"\u0b85\u0ba8\u0bbe\u0baf\u0bbe \u0ba4\u0ba9\u0bcd   \u0b95\u0b9f\u0bcd\u0b9f\u0bc8\u0bb5\u0bbf\u0bb0\u0bb2\u0bc8  \u0bb5\u0bbe\u0baf\u0bbf\u0bb2\u0bbf\u0bb0\u0bc1\u0ba8\u0bcd\u0ba4\u0bc1 \u0b8e\u0b9f\u0bc1\u0ba4\u0bcd\u0ba4\u0bbe\u0bb3\u0bcd. \u0b93\u0b9f\u0bbf\u0baa\u0bcd \u0baa\u0bcb\u0baf\u0bcd \u0ba4\u0ba9\u0bcd \u0b85\u0bae\u0bcd\u0bae\u0bbe \u0b85\u0baa\u0bcd\u0baa\u0bbe\u0bb5\u0bbf\u0ba9\u0bcd \u0ba8\u0b9f\u0bc1\u0bb5\u0bbf\u0bb2\u0bcd \u0baa\u0bcb\u0baf\u0bcd \u0ba8\u0bbf\u0ba9\u0bcd\u0bb1\u0bbe\u0bb3\u0bcd. \u0b85\u0bb5\u0bb0\u0bcd\u0b95\u0bb3\u0bcd \u0b87\u0bb0\u0bc1\u0bb5\u0bb0\u0bc1\u0b9f\u0bc8\u0baf \u0b95\u0bc8\u0b95\u0bb3\u0bc8\u0baf\u0bc1\u0bae\u0bcd \u0baa\u0bbf\u0b9f\u0bbf\u0ba4\u0bcd\u0ba4\u0bc1\u0b95\u0bcd \u0b95\u0bca\u0ba3\u0bcd\u0b9f\u0bbe\u0bb3\u0bcd. \u2018\u0b92\u0ba3\u0bcd\u0ba3\u0bc1 \u2013 \u0bb0\u0bc6\u0ba3\u0bcd\u0b9f\u0bc1 \u2013\u0bae\u0bc2\u0ba3\u0bc1!\u2019 \u0b8e\u0ba9\u0bcd\u0bb1\u0bc1 \u0b8e\u0ba3\u0bcd\u0ba3\u0bbf\u0baf\u0baa\u0b9f\u0bbf\u0baf\u0bc7 \u0bae\u0bc7\u0bb2\u0bc7 \u0b8e\u0bb4\u0bc1\u0bae\u0bcd\u0baa\u0bbf\u0ba9\u0bbe\u0bb3\u0bcd. \u0b95\u0bbe\u0bb1\u0bcd\u0bb1\u0bbf\u0bb2\u0bcd \u0b8a\u0b9e\u0bcd\u0b9a\u0bb2\u0bbe\u0b9f \u0b86\u0bb0\u0bae\u0bcd\u0baa\u0bbf\u0ba4\u0bcd\u0ba4\u0bbe\u0bb3\u0bcd. '\u0b89\u0baf\u0bcd\u0baf\u0bcd\u0baf\u0bcd!'\r\n  \u0b85\u0bb5\u0bb3\u0bcd \u0b9a\u0bc6\u0baf\u0bcd\u0bb5\u0ba4\u0bc8 \u0bae\u0bc7\u0bb2\u0bbf\u0bb0\u0bc1\u0ba8\u0bcd\u0ba4\u0bc1 \u0baa\u0bbe\u0bb0\u0bcd\u0ba4\u0bcd\u0ba4\u0b95\u0bcd \u0b95\u0bca\u0ba3\u0bcd\u0b9f\u0bbf\u0bb0\u0bc1\u0ba8\u0bcd\u0ba4 \u0b95\u0bc1\u0bb0\u0b99\u0bcd\u0b95\u0bc1\u0b95\u0bcd \u0b95\u0bc1\u0b9f\u0bcd\u0b9f\u0bbf\u0baf\u0bc1\u0bae\u0bcd \u0b85\u0bb5\u0bb3\u0bc8\u0baa\u0bcd \u0baa\u0bcb\u0bb2\u0bb5\u0bc7 \u0b9a\u0bc6\u0baf\u0bcd\u0ba4\u0ba4\u0bc1!"},{"language_id":12,"content":"\u0c35\u0c46\u0c02\u0c1f\u0c28\u0c47  \u0c05\u0c28\u0c4d\u0c2f  \u0c28\u0c4b\u0c1f\u0c4d\u0c32\u0c4b\u0c28\u0c3f\u0c02\u0c1a\u0c3f  \u0c2c\u0c4a\u0c1f\u0c28\u0c35\u0c47\u0c32\u0c41  \u0c24\u0c40\u0c38\u0c3f\u0c02\u0c26\u0c3f . \u0c05\u0c2e\u0c4d\u0c2e ,\u0c28\u0c3e\u0c28\u0c4d\u0c28  \u0c26\u0c17\u0c4d\u0c17\u0c30\u0c15\u0c41  \u0c35\u0c46\u0c33\u0c4d\u0c32\u0c3f  \u0c28\u0c35\u0c4d\u0c35\u0c41\u0c24\u0c42 \u0c39\u0c3e\u0c2f\u0c3f\u0c17\u0c3e  \u0c35\u0c3e\u0c33\u0c4d\u0c33  \u0c1a\u0c47\u0c24\u0c41\u0c32\u0c41  \u0c2a\u0c1f\u0c4d\u0c1f\u0c41\u0c15\u0c41\u0c28\u0c3f  \u0c17\u0c3f\u0c30\u0c17\u0c3f\u0c30\u0c3e\r\n\u0c24\u0c3f\u0c30\u0c3f\u0c17\u0c3f\u0c02\u0c26\u0c3f .\u0c26\u0c42\u0c30\u0c02  \u0c28\u0c3f\u0c02\u0c1a\u0c3f  \u0c1a\u0c42\u0c38\u0c4d\u0c24\u0c41\u0c28\u0c4d\u0c28  \u0c15\u0c4b\u0c24\u0c3f\u0c2a\u0c3f\u0c32\u0c4d\u0c32  \u0c15\u0c42\u0c21\u0c3e \u0c2c\u0c4a\u0c1f\u0c28\u0c35\u0c47\u0c32\u0c41  \u0c24\u0c40\u0c38\u0c3f  \u0c0e\u0c17\u0c3f\u0c30\u0c3f\u0c02\u0c26\u0c3f .\u0c06  \u0c30\u0c4b\u0c1c\u0c41  \u0c28\u0c3f\u0c02\u0c1a\u0c3f  \u0c05\u0c28\u0c4d\u0c2f  \u0c0e\u0c2a\u0c4d\u0c2a\u0c41\u0c21\u0c42  \u0c2c\u0c4a\u0c1f\u0c28\u0c35\u0c47\u0c32\u0c41  \u0c28\u0c4b\u0c1f\u0c4d\u0c32\u0c4b  \u0c2a\u0c46\u0c1f\u0c4d\u0c1f\u0c41\u0c15\u0c4b\u0c32\u0c47\u0c26\u0c41 .\u0c05\u0c02\u0c26\u0c30\u0c42 \u0c05\u0c28\u0c4d\u0c2f\u0c28\u0c3f \u0c2e\u0c46\u0c1a\u0c4d\u0c1a\u0c41\u0c15\u0c41\u0c28\u0c4d\u0c28\u0c3e\u0c30\u0c41 .\r\n\u0c1a\u0c3f\u0c28\u0c4d\u0c28\u0c3e\u0c30\u0c41\u0c32\u0c42 \u0c15\u0c25  \u0c2c\u0c3e\u0c17\u0c41\u0c02\u0c26\u0c3f  \u0c15\u0c26\u0c42!\u0c2e\u0c30\u0c3f  \u0c2e\u0c40  \u0c38\u0c4d\u0c28\u0c47\u0c39\u0c3f\u0c24\u0c41\u0c32\u0c15\u0c41  \u0c1a\u0c46\u0c2a\u0c4d\u0c24\u0c3e\u0c30\u0c41\u0c17\u0c3e !"},{"language_id":8,"content":"\u0905\u0928\u092f\u093e\u0928\u0902 \u0932\u0917\u094d\u0917\u0947\u091a \u0905\u0902\u0917\u0920\u093e \u0924\u094b\u0902\u0921\u093e\u0924\u0942\u0928 \u0915\u093e\u0922\u0932\u093e. \u091c\u094b\u0930\u093e\u0924 \u0927\u093e\u0935\u0924 \u091c\u093e\u090a\u0928 \u0906\u0908 \u092c\u093e\u092c\u093e\u0902\u091a\u094d\u092f\u093e \u092e\u0927\u094d\u092f\u0947 \u0918\u0941\u0938\u0932\u0940. \u0924\u094d\u092f\u093e\u0902\u091a\u0947 \u0939\u093e\u0924 \u0918\u091f\u094d\u091f \u092a\u0915\u0921\u0942\u0928 \u090f\u0915-\u0926\u094b\u0928-\u0924\u0940\u0928 \u0915\u0930\u0942\u0928 \u0909\u0902\u091a \u091d\u094b\u0915\u093e \u0918\u0947\u0924\u0932\u093e.\u2029  \u0935\u094d\u0939\u0942...! \u0905\u0928\u092f\u093e\u0915\u0921\u0947 \u0935\u0930\u0942\u0928 \u092c\u0918\u0923\u093e\u0930\u094d\u200d\u092f\u093e \u092e\u093e\u0915\u0921\u093e\u091a\u094d\u092f\u093e \u092a\u093f\u0932\u094d\u0932\u093e\u0928\u0902\u0939\u0940 \u092e\u0917 \u0905\u0917\u0926\u0940 \u0924\u0938\u094d\u0938\u093e\u091a \u091d\u094b\u0915\u093e \u0918\u0947\u0924\u0932\u093e!\u2029"},{"language_id":7,"content":"\u0c85\u0ca8\u0caf \u0cac\u0cbe\u0caf\u0cbf\u0caf\u0cbf\u0c82\u0ca6 \u0ca4\u0ca8\u0ccd\u0ca8 \u0cb9\u0cc6\u0cac\u0ccd\u0cac\u0cc6\u0cb0\u0cb3\u0ca8\u0ccd\u0ca8\u0cc1 \u0cb9\u0cca\u0cb0\u0ca4\u0cc6\u0c97\u0cc6\u0ca6\u0cc1, \u0c93\u0ca1\u0cbf \u0cb9\u0ccb\u0c97\u0cbf \u0ca4\u0ca8\u0ccd\u0ca8 \u0ca4\u0c82\u0ca6\u0cc6\u0ca4\u0cbe\u0caf\u0cbf\u0caf\u0cb0 \u0cae\u0ca7\u0ccd\u0caf\u0cc6 \u0ca8\u0cbf\u0cb2\u0ccd\u0cb2\u0cc1\u0ca4\u0ccd\u0ca4\u0cbe\u0cb3\u0cc6. \u0c85\u0cb5\u0cb3\u0cc1 \u0c85\u0cb5\u0cb0 \u0c95\u0cc8\u0c97\u0cb3\u0ca8\u0ccd\u0ca8\u0cc1 \u0cb9\u0cbf\u0ca1\u0cbf\u0ca6\u0cc1, \u0c92\u0c82\u0ca6\u0cc1-\u0c8e\u0cb0\u0ca1\u0cc1-\u0cae\u0cc2\u0cb0\u0cc1 \u0c8e\u0c82\u0ca6\u0cc1 \u0c8e\u0ca3\u0cbf\u0cb8\u0cbf, \u0c95\u0cc1\u0ca3\u0cbf\u0caf\u0cc1\u0ca4\u0ccd\u0ca4 \u0c97\u0cbe\u0cb3\u0cbf\u0caf\u0cb2\u0ccd\u0cb2\u0cbf \u0c9c\u0ccb\u0c95\u0cbe\u0cb2\u0cbf\u0caf\u0cbe\u0ca1\u0cc1\u0ca4\u0ccd\u0ca4\u0cbe\u0cb3\u0cc6. \u201c\u0cb5\u0ccd\u0cb9\u0cc0!\u201d   \r\n   \u0c92\u0c82\u0ca6\u0cc1 \u0c9a\u0cbf\u0c95\u0ccd\u0c95 \u0c95\u0ccb\u0ca4\u0cbf\u0cae\u0cb0\u0cbf \u0cae\u0cc7\u0cb2\u0cbf\u0ca8\u0cbf\u0c82\u0ca6 \u0c85\u0cb5\u0cb3\u0ca8\u0ccd\u0ca8\u0cc1 \u0c97\u0cae\u0ca8\u0cbf\u0cb8\u0cc1\u0ca4\u0ccd\u0ca4\u0cbe, \u0c85\u0cb5\u0cb3\u0c82\u0ca4\u0cc6\u0caf\u0cc7 \u0cae\u0cbe\u0ca1\u0cc1\u0ca4\u0ccd\u0ca4\u0ca6\u0cc6."}]}],"language":[{"id":11,"name":"Tamil"},{"id":12,"name":"Telugu"},{"id":8,"name":"Marathi"},{"id":7,"name":"Kannada"}],"questions":[{"id":218,"type":"pre","storypage_id":0,"order_number":1,"title":"Vocabulary","question":{"question_type":"vocabulary","question":{"text":"Vocabulary","image":"","type":"text"},"words":[{"word":"Thumb","image":"2fde2e9cc2c9837433b7e55f96811868.jpg"},{"word":"Fawn","image":"9f613982a3e9f0eb20a83524eec9a875.jpg"},{"word":"Hippopotamus calf","image":"09a357fced7ffc0a2e7547ba9295a5f3.jpg"},{"word":"Tiger Cub","image":"247e2a6fc81444c62aef1819e90481cb.jpg"}]},"score":1,"question_template_id":21,"question_template":"Vocab"},{"id":229,"type":"post","storypage_id":0,"order_number":1,"title":"Let's try speaking!","question":{"question_type":"conversation","question":{"text":"Anaya's parents are not happy with Anaya sucking her thumb every time. So they try trying to make Anaya understand that it is a bad habit. But Anaya just loves to suck her thumb.\nSo this is how the conversation goes.","image":"","type":"text"},"conversation":[{"sentence":"Anaya\u2019s Mom : Beti, why do you keep on sucking your thumb?","image":"","question":0},{"sentence":"What does Anaya say?","image":"","question":1},{"sentence":"Anaya\u2019s Mom : It is a very bad habit. You should not suck your thumb. Do any of your friends\u2019 also suck their thumb?","image":"","question":0},{"sentence":"Anaya : No","image":"","question":0},{"sentence":"Anaya\u2019s Mom  : See, you are the only one. So stop it.","image":"","question":0},{"sentence":"Anaya\u2019s Dad : Your mother is right; you should stop sucking your thumb.","image":"","question":0},{"sentence":"What does Anaya say?","image":"","question":1},{"sentence":"Anaya\u2019s Dad : Your thumb will begin to smell if you don\u2019t stop sucking it.","image":"","question":0},{"sentence":"Anaya\u2019s Mom : And all your friends will not play with you.","image":"","question":0}]},"score":1,"question_template_id":6,"question_template":"Conversation"},{"id":231,"type":"post","storypage_id":0,"order_number":2,"title":"What is happening in this picture?","question":{"question_type":"story_read_aloud","question":{"text":"Tell us about this picture?  What is happening here?","image":"f78ff8e905789b7f25f0589be651605f.JPG","type":"both"}},"score":1,"question_template_id":7,"question_template":"Describe an Image"},{"id":220,"type":"during","storypage_id":877,"order_number":1,"title":"Read this question and choose the correct answer.","question":{"question_type":"mcq_single_answer","question":{"text":"Which animal was sucking her hoof?","image":"","type":"text"},"options":[{"text":"Elephant calf","type":"both","image":"908f80aa8968197b9ee9a07a72693a88.JPG","ans":0},{"text":"Fawn","type":"both","image":"9a6871b55ee090b4162781fe3d24b5b1.jpg","ans":1},{"text":"Hippopotamus calf","type":"both","image":"5cccab23320df99d7c7cb99ca6296e53.jpg","ans":0},{"text":"Tiger cub","type":"both","image":"8260e0378fc8d0913f5d50532f930efb.jpg","ans":0}],"answers":["Fawn"]},"score":1,"question_template_id":8,"question_template":"MCQ with images"},{"id":222,"type":"during","storypage_id":875,"order_number":2,"title":"Read this question and choose the correct answer.","question":{"question_type":"mcq_single_answer","question":{"text":"What was Anaya\u2019s most favourite thing in the world?","image":"","type":"text"},"options":[{"text":"to suck her thumb","type":"text","image":"","ans":1},{"text":"to eat cotton candy","type":"text","image":"","ans":0},{"text":"to visit the zoo","type":"text","image":"","ans":0},{"text":"to suck her little finger","type":"text","image":"","ans":0}],"answers":["to suck her thumb"]},"score":1,"question_template_id":2,"question_template":"Text MCQ"},{"id":223,"type":"during","storypage_id":877,"order_number":3,"title":"Read this question and choose the correct answer.","question":{"question_type":"mcq_single_answer","question":{"text":"What is the fawn, not doing with her  friends?","image":"","type":"text"},"options":[{"text":"Snoozing","type":"text","image":"","ans":0},{"text":"Splashing","type":"text","image":"","ans":0},{"text":"Prancing","type":"text","image":"","ans":1},{"text":"Munching","type":"text","image":"","ans":0}],"answers":["Prancing"]},"score":1,"question_template_id":2,"question_template":"Text MCQ"},{"id":224,"type":"during","storypage_id":876,"order_number":4,"title":"Read this question and choose the correct answer.","question":{"question_type":"mcq_single_answer","question":{"text":"Why didn\u2019t Anaya\u2019s parents look at her at the zoo?","image":"","type":"text"},"options":[{"text":"because they didn\u2019t love her anymore.","type":"text","image":"","ans":0},{"text":"because they were not there.","type":"text","image":"","ans":0},{"text":"because they were not near Anaya.","type":"text","image":"","ans":0},{"text":"because they were busy watching the animals.","type":"text","image":"","ans":1}],"answers":["because they were busy watching the animals."]},"score":1,"question_template_id":2,"question_template":"Text MCQ"},{"id":225,"type":"during","storypage_id":876,"order_number":5,"title":"Read this question and choose the correct answer.","question":{"question_type":"mcq_single_answer","question":{"text":"Where did Anaya visit with her parents in the story?","image":"","type":"text"},"options":[{"text":"Park","type":"text","image":"","ans":0},{"text":"Zoo","type":"text","image":"","ans":1},{"text":"Mall","type":"text","image":"","ans":0},{"text":"Anaya's School ","type":"text","image":"","ans":0}],"answers":["Zoo"]},"score":1,"question_template_id":2,"question_template":"Text MCQ"},{"id":226,"type":"during","storypage_id":876,"order_number":6,"title":"Read this question and choose the correct answer.","question":{"question_type":"mcq_single_answer","question":{"text":"Which sound is made while sucking the thumb?","image":"","type":"text"},"options":[{"text":"Slurp! Slurp!","type":"text","image":"","ans":0},{"text":"Crunch! Crunch!","type":"text","image":"","ans":0},{"text":"Sip! Sip!","type":"text","image":"","ans":0},{"text":"Chusk ! Chusk !","type":"text","image":"","ans":1}],"answers":["Chusk ! Chusk !"]},"score":1,"question_template_id":2,"question_template":"Text MCQ"},{"id":227,"type":"during","storypage_id":879,"order_number":7,"title":"Read this question and choose the correct answer.","question":{"question_type":"mcq_single_answer","question":{"text":"What is the baby hippo doing?","image":"","type":"text"},"options":[{"text":"Swimming with her friends","type":"text","image":"","ans":0},{"text":"Sucking her thumb","type":"text","image":"","ans":0},{"text":"Sucking her lip","type":"text","image":"","ans":1},{"text":"Sucking her hoof","type":"text","image":"","ans":0}],"answers":["Sucking her lip"]},"score":1,"question_template_id":2,"question_template":"Text MCQ"},{"id":228,"type":"during","storypage_id":875,"order_number":8,"title":"Match the following","question":{"question_type":"match_column","question":{"text":"Match the following actions with the correct images.","image":"","type":"text"},"column1":[{"text":"Sucking her hoof","type":"text","image":"","match":1},{"text":"Sucking her thumb","type":"text","image":"","match":2},{"text":"Sucking her lips","type":"text","image":"","match":3},{"text":"Sucking his tail","type":"text","image":"","match":4}],"column2":[{"text":"","type":"image","image":"ead7adf0e32b9766938ed016db6c451d.jpg","match":1},{"text":"","type":"image","image":"533cd44fb5ab88d337bc1efecf2bfefd.JPG","match":2},{"text":"","type":"image","image":"54c0e1fa27700d3c244f4b5be7aad152.jpg","match":3},{"text":"","type":"image","image":"08b9d58c86018bcf00f6572f7c05ea38.jpg","match":4}]},"score":1,"question_template_id":20,"question_template":"Matching"},{"id":338,"type":"own_story","storypage_id":0,"order_number":1,"title":"Make Your Own Story !","question":{"question_type":"mcq_single_answer","question":{"text":"Montu\u2019s hobby was to _________. ","image":"","type":"text"},"options":[{"text":"play with toys","type":"text","image":"","ans":1},{"text":"read books","type":"text","image":"","ans":1},{"text":"play with balls ","type":"text","image":"","ans":1},{"text":"draw beautiful pictures","type":"text","image":"","ans":1}],"answers":["play with toys","read books","play with balls ","draw beautiful pictures"]},"score":1,"question_template_id":2,"question_template":"Text MCQ"},{"id":339,"type":"own_story","storypage_id":0,"order_number":2,"title":"Make Your Own Story !","question":{"question_type":"mcq_single_answer","question":{"text":"He had _________.","image":"","type":"text"},"options":[{"text":"huge collection of books ","type":"text","image":"","ans":1},{"text":"huge collection of balls","type":"text","image":"","ans":1},{"text":"huge collection of toys","type":"text","image":"","ans":1},{"text":"huge collection of crayons","type":"text","image":"","ans":1}],"answers":["huge collection of books ","huge collection of balls","huge collection of toys","huge collection of crayons"]},"score":1,"question_template_id":2,"question_template":"Text MCQ"},{"id":340,"type":"own_story","storypage_id":0,"order_number":3,"title":"Make Your Own Story !","question":{"question_type":"mcq_single_answer","question":{"text":"This made him _________.","image":"","type":"text"},"options":[{"text":"famous among his friends","type":"text","image":"","ans":1},{"text":"hated among his friends ","type":"text","image":"","ans":1},{"text":"everyone\u2019s best friend ","type":"text","image":"","ans":1},{"text":"a very special person","type":"text","image":"","ans":1}],"answers":["famous among his friends","hated among his friends ","everyone\u2019s best friend ","a very special person"]},"score":1,"question_template_id":2,"question_template":"Text MCQ"},{"id":341,"type":"own_story","storypage_id":0,"order_number":4,"title":"Make Your Own Story !","question":{"question_type":"mcq_single_answer","question":{"text":"Everyone wanted _________.\nMontu was very kind.","image":"","type":"text"},"options":[{"text":"be friends with him","type":"text","image":"","ans":1},{"text":"make fun of him","type":"text","image":"","ans":1},{"text":"to learn from him","type":"text","image":"","ans":1},{"text":"to play with him","type":"text","image":"","ans":1}],"answers":["be friends with him","make fun of him","to learn from him","to play with him"]},"score":1,"question_template_id":2,"question_template":"Text MCQ"},{"id":342,"type":"own_story","storypage_id":0,"order_number":5,"title":"Make Your Own Story !","question":{"question_type":"mcq_single_answer","question":{"text":"He also shared _________.","image":"","type":"text"},"options":[{"text":"his balls with everyone","type":"text","image":"","ans":1},{"text":"his toys with everyone","type":"text","image":"","ans":1},{"text":"his books with everyone ","type":"text","image":"","ans":1},{"text":"his crayons with everyone","type":"text","image":"","ans":1}],"answers":["his balls with everyone","his toys with everyone","his books with everyone ","his crayons with everyone"]},"score":1,"question_template_id":2,"question_template":"Text MCQ"},{"id":343,"type":"own_story","storypage_id":0,"order_number":6,"title":"Make Your Own Story !","question":{"question_type":"mcq_single_answer","question":{"text":"Even at school, Montu shares his _________. ","image":"","type":"text"},"options":[{"text":"lunch box with everyone ","type":"text","image":"","ans":1},{"text":"pencils with everyone","type":"text","image":"","ans":1},{"text":"story books with everyone ","type":"text","image":"","ans":1},{"text":"pocket money with everyone ","type":"text","image":"","ans":1}],"answers":["lunch box with everyone ","pencils with everyone","story books with everyone ","pocket money with everyone "]},"score":1,"question_template_id":2,"question_template":"Text MCQ"},{"id":344,"type":"own_story","storypage_id":0,"order_number":7,"title":"Make Your Own Story !","question":{"question_type":"mcq_single_answer","question":{"text":"And that is why the teacher made him the _________.","image":"","type":"text"},"options":[{"text":"student of the month","type":"text","image":"","ans":1},{"text":"head boy ","type":"text","image":"","ans":1},{"text":"class monitor ","type":"text","image":"","ans":1},{"text":"student of the year ","type":"text","image":"","ans":1}],"answers":["student of the month","head boy ","class monitor ","student of the year "]},"score":1,"question_template_id":2,"question_template":"Text MCQ"}]}