{
 "fragments": [
  {
   "begin": "0.000", 
   "end": "0.000", 
   "id": "f000001", 
   "language": "en", 
   "lines": [
    "Anaya"
   ]
  }, 
  {
   "begin": "0.000", 
   "end": "1.360", 
   "id": "f000002", 
   "language": "en", 
   "lines": [
    "sits"
   ]
  }, 
  {
   "begin": "1.360", 
   "end": "2.040", 
   "id": "f000003", 
   "language": "en", 
   "lines": [
    "down"
   ]
  }, 
  {
   "begin": "2.040", 
   "end": "2.200", 
   "id": "f000004", 
   "language": "en", 
   "lines": [
    "and"
   ]
  }, 
  {
   "begin": "2.200", 
   "end": "2.640", 
   "id": "f000005", 
   "language": "en", 
   "lines": [
    "thinks"
   ]
  }, 
  {
   "begin": "2.640", 
   "end": "2.720", 
   "id": "f000006", 
   "language": "en", 
   "lines": [
    "of"
   ]
  }, 
  {
   "begin": "2.720", 
   "end": "2.920", 
   "id": "f000007", 
   "language": "en", 
   "lines": [
    "the"
   ]
  }, 
  {
   "begin": "2.920", 
   "end": "3.280", 
   "id": "f000008", 
   "language": "en", 
   "lines": [
    "baby"
   ]
  }, 
  {
   "begin": "3.280", 
   "end": "3.640", 
   "id": "f000009", 
   "language": "en", 
   "lines": [
    "animals"
   ]
  }, 
  {
   "begin": "3.640", 
   "end": "4.280", 
   "id": "f000010", 
   "language": "en", 
   "lines": [
    "that"
   ]
  }, 
  {
   "begin": "4.280", 
   "end": "4.480", 
   "id": "f000011", 
   "language": "en", 
   "lines": [
    "are"
   ]
  }, 
  {
   "begin": "4.480", 
   "end": "4.880", 
   "id": "f000012", 
   "language": "en", 
   "lines": [
    "missing"
   ]
  }, 
  {
   "begin": "4.880", 
   "end": "5.200", 
   "id": "f000013", 
   "language": "en", 
   "lines": [
    "all"
   ]
  }, 
  {
   "begin": "5.200", 
   "end": "6.600", 
   "id": "f000014", 
   "language": "en", 
   "lines": [
    "the"
   ]
  }, 
  {
   "begin": "6.600", 
   "end": "6.760", 
   "id": "f000015", 
   "language": "en", 
   "lines": [
    "fun."
   ]
  }, 
  {
   "begin": "6.760", 
   "end": "7.120", 
   "id": "f000016", 
   "language": "en", 
   "lines": [
    "Anaya"
   ]
  }, 
  {
   "begin": "7.120", 
   "end": "7.440", 
   "id": "f000017", 
   "language": "en", 
   "lines": [
    "looks"
   ]
  }, 
  {
   "begin": "7.440", 
   "end": "7.480", 
   "id": "f000018", 
   "language": "en", 
   "lines": [
    "at"
   ]
  }, 
  {
   "begin": "7.480", 
   "end": "7.560", 
   "id": "f000019", 
   "language": "en", 
   "lines": [
    "the"
   ]
  }, 
  {
   "begin": "7.560", 
   "end": "8.200", 
   "id": "f000020", 
   "language": "en", 
   "lines": [
    "people"
   ]
  }, 
  {
   "begin": "8.200", 
   "end": "8.640", 
   "id": "f000021", 
   "language": "en", 
   "lines": [
    "around"
   ]
  }, 
  {
   "begin": "8.640", 
   "end": "9.840", 
   "id": "f000022", 
   "language": "en", 
   "lines": [
    "her."
   ]
  }, 
  {
   "begin": "9.840", 
   "end": "10.040", 
   "id": "f000023", 
   "language": "en", 
   "lines": [
    "She"
   ]
  }, 
  {
   "begin": "10.040", 
   "end": "10.520", 
   "id": "f000024", 
   "language": "en", 
   "lines": [
    "sees"
   ]
  }, 
  {
   "begin": "10.520", 
   "end": "10.600", 
   "id": "f000025", 
   "language": "en", 
   "lines": [
    "a"
   ]
  }, 
  {
   "begin": "10.600", 
   "end": "11.320", 
   "id": "f000026", 
   "language": "en", 
   "lines": [
    "boy"
   ]
  }, 
  {
   "begin": "11.320", 
   "end": "11.520", 
   "id": "f000027", 
   "language": "en", 
   "lines": [
    "on"
   ]
  }, 
  {
   "begin": "11.520", 
   "end": "11.680", 
   "id": "f000028", 
   "language": "en", 
   "lines": [
    "his"
   ]
  }, 
  {
   "begin": "11.680", 
   "end": "12.080", 
   "id": "f000029", 
   "language": "en", 
   "lines": [
    "father's"
   ]
  }, 
  {
   "begin": "12.080", 
   "end": "13.400", 
   "id": "f000030", 
   "language": "en", 
   "lines": [
    "shoulders"
   ]
  }, 
  {
   "begin": "13.400", 
   "end": "13.600", 
   "id": "f000031", 
   "language": "en", 
   "lines": [
    "waving"
   ]
  }, 
  {
   "begin": "13.600", 
   "end": "13.960", 
   "id": "f000032", 
   "language": "en", 
   "lines": [
    "his"
   ]
  }, 
  {
   "begin": "13.960", 
   "end": "15.440", 
   "id": "f000033", 
   "language": "en", 
   "lines": [
    "arms."
   ]
  }, 
  {
   "begin": "15.440", 
   "end": "15.600", 
   "id": "f000034", 
   "language": "en", 
   "lines": [
    "She"
   ]
  }, 
  {
   "begin": "15.600", 
   "end": "16.080", 
   "id": "f000035", 
   "language": "en", 
   "lines": [
    "sees"
   ]
  }, 
  {
   "begin": "16.080", 
   "end": "16.080", 
   "id": "f000036", 
   "language": "en", 
   "lines": [
    "a"
   ]
  }, 
  {
   "begin": "16.080", 
   "end": "16.440", 
   "id": "f000037", 
   "language": "en", 
   "lines": [
    "boy"
   ]
  }, 
  {
   "begin": "16.440", 
   "end": "17.200", 
   "id": "f000038", 
   "language": "en", 
   "lines": [
    "carrying"
   ]
  }, 
  {
   "begin": "17.200", 
   "end": "17.680", 
   "id": "f000039", 
   "language": "en", 
   "lines": [
    "cotton"
   ]
  }, 
  {
   "begin": "17.680", 
   "end": "18.600", 
   "id": "f000040", 
   "language": "en", 
   "lines": [
    "candy"
   ]
  }, 
  {
   "begin": "18.600", 
   "end": "18.720", 
   "id": "f000041", 
   "language": "en", 
   "lines": [
    "and"
   ]
  }, 
  {
   "begin": "18.720", 
   "end": "18.880", 
   "id": "f000042", 
   "language": "en", 
   "lines": [
    "a"
   ]
  }, 
  {
   "begin": "18.880", 
   "end": "19.200", 
   "id": "f000043", 
   "language": "en", 
   "lines": [
    "juice"
   ]
  }, 
  {
   "begin": "19.200", 
   "end": "20.480", 
   "id": "f000044", 
   "language": "en", 
   "lines": [
    "can."
   ]
  }
 ]
}