{"id":136,"name":"Wailers Three - A Folktale From China","writtenby":"Greystroke","illustrationsby":"Greystroke","translationby":"","source":"Pratham Books","status":"active","level":3,"pages":[{"id":1606,"content":"One day old Mrs. Chang in the village got a letter. It was from her son Chen, who lived far away in Beijing. She could not read, so she waited in front of her house for someone to come by who could read out the letter to her.\nAfter some time, Warrior Wen came by, swinging his exquisitely carved staff. Old Mrs. Chang stopped him and said, \u201cO brave warrior, could you do me a favour and read out this letter from my son to me?\u201d Warrior Wen immediately agreed.","pageno":1,"image":"9746e550c8cf234ac64673a7c998a9a0.jpg","audio":"fc6db954e1a9a5bc95c506dacd9cf912.mp3","audio_map":"b7996a132eeec59d5569a7521cd0602e.json","language":[]},{"id":1607,"content":"He took the letter from the old lady and opened it. Mrs. Chang sat down in eager anticipation of news from her dear son. But one look at the letter and Warrior Wen began to wail loudly.\n\u201cWhat is it, Warrior Wen? What is it? Tell me, is something wrong with my son?\u201d asked old Mrs. Chang anxiously. But Warrior Wen didn\u2019t say a word \u2013 he only looked up at her and began to wail even louder than before.","pageno":2,"image":"717b21b48de82fd21fd5374f23ca6a9c.jpg","audio":"abc127a77d3449cba694a084ff96fd3c.mp3","audio_map":"203435c002857eda971275bb4beedbd3.json","language":[]},{"id":1608,"content":"Poor Mrs. Chang was sure that something dreadful had happened to her son. Tears welled up in her eyes and she began wailing loudly too. Plish\u2026 plosh\u2026 plish\u2026 plosh... the tears rolled down the cheeks of the brave warrior and the old lady.\n\nPlish\u2026 plosh\u2026plish\u2026plosh...the tears rolled down the cheeks of the brave warrior and the old lady.","pageno":3,"image":"7458d43ad454b106b36bcd01b5c72de2.jpg","audio":"7db99d3c28d42719374913ee98f7e1d2.mp3","audio_map":"7ba16e13fc970b51154c3a2e49876d4a.json","language":[]},{"id":1609,"content":"A little later, Peddler Peng came by. And what do you think he did when he saw the old lady and the warrior wailing in unison? Well, he sat down with them and began crying too! What a racket they created!\n\nThe three wailers sobbing their hearts out\u2026\nWaaaaaaaa\u2026 baaaaaaaawwww\u2026\u2026\nboooooooo\u2026\u2026. Hoooooooo\u2026\u2026.","pageno":4,"image":"08c02eca37a112c0486af064ecc0fbd2.jpg","audio":"749794d7576f9a70da212ddf6fe28e39.mp3","audio_map":"86be94e499ca25c10808868c8e10f07a.json","language":[]},{"id":1610,"content":"Hearing the cacophonic cries, Master Ming, whose school was just around the corner from Mrs. Chang\u2019s house, came rushing out. Several curious kids followed suit \u2013 some giggling, some chattering, some whispering, but all delighted that their class had been interrupted!\n\nWhen Master Ming saw the weeping chorus, he ran up to them worriedly. What could have gone so terribly wrong, he wondered, as he sprinted down the road. \u201cBooooooooo\u2026\u2026 hoooooooooooo\u2026. Waaaaaaaaaaaa\u2026..\u201d came the response.\n\nMaster Ming was beginning to lose his patience. \u201cOut with it you howling hyenas!\u201d he thundered. Taken aback by his roar that was even louder than their waaaaaa...ils, Peddler Peng was the first to answer.","pageno":5,"image":"dc0165c430d6eecf4fc010683ab3ba6e.jpg","audio":"68e204a51d23faceff03858ae4dd5c76.mp3","audio_map":"16c391bc11dbca7b8585c03dac627c88.json","language":[]},{"id":1612,"content":"\u201cSniff\u2026 sob\u2026 Just a year ago,\u201d he said, and wiped his running nose, \u201cI had made a hundred earthen pots to be sold in the market. But as I was on my way, the donkey that was carrying them got frightened by his own shadow and started to bray loudly!\n\nAnd my pots, they all came tumbling down one by one and broke into a million pieces. Not even one beautiful pot was left unbroken. I was so upset. I wanted to cry and cry and cry then, but I couldn\u2019t do it because I had to immediately think up ways to make up for my losses. So I postponed it.\n\nToday, when I saw the two of them crying, I was reminded of that heartbreaking episode and decided to cry for my precious, pretty pots. Waaaaaa\u2026.\u201d","pageno":6,"image":"fe805e2f59675d53d344a277f82e773d.jpg","audio":"f38278853545b6bbcc235cf338170524.mp3","audio_map":"68f4c58b6de8438164d436af865c0579.json","language":[]},{"id":1614,"content":"Before Master Ming could react, Mrs. Chang spoke. \u201cI got a letter from my son in Beijing this morning. I don\u2019t know how to read, so I asked Warrior Wen to read it out for me. But he began crying as soon as he opened the letter.\nSomething terrible must have happened to my son! Something awful, horrible, unimaginable\u2026 O my poor Chen, poor, poor Chen\u2026. Booo\u2026. Hoooo\u2026..\u201d\n\nEven as an exasperated Master Ming consoled old Mrs. Chang, Warrior Wen bravely fought back his tears and opened his mouth. \u201cTo tell you the truth, Master, I didn\u2019t read my books very well when I was in school. I never paid any attention to my teachers and to my lessons, so I still don\u2019t know how to read. I am so ashamed of myself! Bawwwwww\u2026\u2026\u2026.\u201d he wailed.\n\nMaster Ming was dumbstruck!","pageno":7,"image":"46dae62a63f4d6071610574c359943c1.jpg","audio":"f7bdf1b5bf2e520ffd0a449657d00bfe.mp3","audio_map":"9e17dfefd126fdf80d9e3cc16829f0c7.json","language":[]},{"id":1616,"content":"LANTERN IN\u00a0A\u00a0JIFFY!\nDo you know that paper was invented in china, where this story comes from? The Chinese are famous for their paper crafts, which they use as decorations at home. Want to your hand at a paper craft too? Well, here's a simple, colourful lantern that you can make with just paper, scissors and glue. Make as many of them as you wish and brighten up your home!\nYOU\u00a0NEED:  \nA. 2 sheets of coloured paper (21 cm x 29 cm each)  \nB. Scissors\u00a0C. Glue","pageno":8,"image":"01a61b77741cd835f2dc82a794090590.jpg","audio":"","audio_map":"","audio_map_obj":"","language":[]},{"id":1617,"content":"HOW TO MAKE THE PAPER LANTERN:\n1. Fold the paper in half lengthwise.\n\n2. With the scissors, make slits along the folded edge as shown.\n\n3. Unfold the paper.\n\n4. Place the paper lengthwise. Lift the right edge and place it over the left.","pageno":9,"image":"b71f04238d3f646396e28554668d3f07.jpg","audio":"","audio_map":"","audio_map_obj":"","language":[]},{"id":1618,"content":"5. Stick the edges together to form a circle.\n\n6. Now cut a strip of paper and stick it on the top as shown. Your paper lantern is almost ready.\n\n7. Cut a few more strips and stick them along the lower edge of the lantern as shown.\nYour paper lantern\u00a0is ready to be hung in your home!","pageno":10,"image":"2e4639662b01185a9c28fd463f613083.jpg","audio":"","audio_map":"","audio_map_obj":"","language":[]}],"language":[],"questions":[{"id":6282,"type":"pre","storypage_id":0,"order_number":1,"title":"Vocabulary","question":{"question_type":"vocabulary","question":{"text":"","image":"","type":""},"words":[{"word":"wailing","image":"a63fafbc383fce0c841d0c5b63252a0f.png"},{"word":"weeping","image":"2f2e4c674dabfd0459329c5620b44b20.png"},{"word":"racket","image":"247c39e1cda9f324c52e3a345bf86756.png"},{"word":"chorus","image":"b4e0c27ffc91b62a6bd7fb1003a4f46d.png"}]},"score":1,"question_template_id":21,"question_template":"Vocab"},{"id":6276,"type":"during","storypage_id":1606,"order_number":1,"title":"Choose the correct answer.","question":{"question_type":"mcq_single_answer","question":{"text":"Why did Mrs Chang need Warrior Wen to read a letter to her?","image":"","type":"text"},"options":[{"text":"She didn't know how to read.","type":"both","image":"f4dab62d9bde3833603126291e9330b3.png","ans":1},{"text":"She lost her glasses.","type":"both","image":"91892394885b9fd5e9d064a6ed9c7d24.png","ans":0},{"text":"She was too old to see properly.","type":"both","image":"7c7113f98b6c6373a4fb4008a3539b4d.png","ans":0},{"text":"She was lazy.","type":"both","image":"b2da67f21755baf403d9bb7fb7712005.png","ans":0}],"answers":["She didn't know how to read."]},"score":1,"question_template_id":2,"question_template":"Text MCQ"},{"id":6277,"type":"during","storypage_id":1607,"order_number":2,"title":"Choose the correct answer.","question":{"question_type":"mcq_single_answer","question":{"text":"What was Wen's reaction to reading the letter?","image":"","type":"text"},"options":[{"text":"He cried.","type":"both","image":"926820923fe1ab7b0afc61b74225eed4.png","ans":1},{"text":"He laughed.","type":"both","image":"e18c0e9a8febdc07eb68443cade5be36.png","ans":0},{"text":"He got hungry.","type":"both","image":"8b05a2bbd272c7187dc78724f9bae052.png","ans":0},{"text":"He started feeling sleepy.","type":"both","image":"39808b135f80469fa44b228e6963e015.png","ans":0}],"answers":["He cried."]},"score":1,"question_template_id":2,"question_template":"Text MCQ"},{"id":6278,"type":"during","storypage_id":1608,"order_number":3,"title":"Choose the correct answer.","question":{"question_type":"mcq_single_answer","question":{"text":"What did Mrs Chang feel that made her cry?","image":"","type":"text"},"options":[{"text":"Fear","type":"both","image":"e5dc85f5f464d438c74a2ea8286e4479.png","ans":1},{"text":"Happiness","type":"both","image":"ddf534c205f0995be8e100347e278a70.png","ans":0},{"text":"Boredom","type":"both","image":"042ec6a99138f3061276153044971bd5.png","ans":0},{"text":"Angry","type":"both","image":"a9bb5ec4f3ec281a9e32736b6cfb3c2a.png","ans":0}],"answers":["Fear"]},"score":1,"question_template_id":2,"question_template":"Text MCQ"},{"id":6279,"type":"during","storypage_id":1609,"order_number":4,"title":"Choose the correct answer.","question":{"question_type":"mcq_single_answer","question":{"text":"Who else began to join in the crying?","image":"","type":"text"},"options":[{"text":"Peddler Peng","type":"both","image":"f6c203b9d573121ba119d24a6c41792b.png","ans":1},{"text":"Tailor Chen","type":"both","image":"87465eb1e349996dd20e0a3ee1b4bb22.png","ans":0},{"text":"Spy Wang-li","type":"both","image":"1b68d037577cdd36e0044eea4f10fedd.png","ans":0},{"text":"Student Bing-Jie","type":"both","image":"b530d23dccbfea5279b13c6b5251b183.png","ans":0}],"answers":["Peddler Peng"]},"score":1,"question_template_id":2,"question_template":"Text MCQ"},{"id":6280,"type":"during","storypage_id":1610,"order_number":5,"title":"Choose the correct answer.","question":{"question_type":"mcq_single_answer","question":{"text":"What was Master Ming fed up of?","image":"","type":"text"},"options":[{"text":"All the crying.","type":"both","image":"2352c721c5deaeca23c8186f4f3571ee.png","ans":1},{"text":"All the laughing.","type":"both","image":"1d3b093ae85641d92a160c87207a5d54.png","ans":0},{"text":"All the laziness.","type":"both","image":"6424806fa740e7aab2bbf17c26f8507d.png","ans":0},{"text":"Teaching.","type":"both","image":"280bee32b938f851cb2215c8f76e243c.png","ans":0}],"answers":["All the crying."]},"score":1,"question_template_id":2,"question_template":"Text MCQ"},{"id":6281,"type":"during","storypage_id":1616,"order_number":6,"title":"Choose as many answers as are correct.","question":{"question_type":"mcq_multiple_answer","question":{"text":"What were the people actually crying about?","image":"","type":"text"},"options":[{"text":"Broken pots.","type":"both","image":"1a4788633536069c8b6f05fe82dbcc82.png","ans":1},{"text":"Shame for not being able to read.","type":"both","image":"aa5d524be9e183b0bbbcccf6ac74c16c.png","ans":1},{"text":"Imagining something bad had happened.","type":"both","image":"67de91d167d3fa6b5ef62899754f3320.png","ans":1},{"text":"Someone dying.","type":"both","image":"7d16272f729560e1af2ec8bd63730278.png","ans":0}],"answers":["Broken pots.","Shame for not being able to read.","Imagining something bad had happened."]},"score":1,"question_template_id":12,"question_template":"MCQ Multiple Answer with images"}]}