{
 "fragments": [
  {
   "begin": "0.000", 
   "end": "0.800", 
   "id": "f000001", 
   "language": "en", 
   "lines": [
    "Hearing"
   ]
  }, 
  {
   "begin": "0.800", 
   "end": "1.040", 
   "id": "f000002", 
   "language": "en", 
   "lines": [
    "the"
   ]
  }, 
  {
   "begin": "1.040", 
   "end": "1.560", 
   "id": "f000003", 
   "language": "en", 
   "lines": [
    "cacophonic"
   ]
  }, 
  {
   "begin": "1.560", 
   "end": "2.400", 
   "id": "f000004", 
   "language": "en", 
   "lines": [
    "cries,"
   ]
  }, 
  {
   "begin": "2.400", 
   "end": "2.880", 
   "id": "f000005", 
   "language": "en", 
   "lines": [
    "Master"
   ]
  }, 
  {
   "begin": "2.880", 
   "end": "3.240", 
   "id": "f000006", 
   "language": "en", 
   "lines": [
    "Ming,"
   ]
  }, 
  {
   "begin": "3.240", 
   "end": "3.880", 
   "id": "f000007", 
   "language": "en", 
   "lines": [
    "whose"
   ]
  }, 
  {
   "begin": "3.880", 
   "end": "4.240", 
   "id": "f000008", 
   "language": "en", 
   "lines": [
    "school"
   ]
  }, 
  {
   "begin": "4.240", 
   "end": "4.600", 
   "id": "f000009", 
   "language": "en", 
   "lines": [
    "was"
   ]
  }, 
  {
   "begin": "4.600", 
   "end": "4.920", 
   "id": "f000010", 
   "language": "en", 
   "lines": [
    "just"
   ]
  }, 
  {
   "begin": "4.920", 
   "end": "5.240", 
   "id": "f000011", 
   "language": "en", 
   "lines": [
    "around"
   ]
  }, 
  {
   "begin": "5.240", 
   "end": "5.320", 
   "id": "f000012", 
   "language": "en", 
   "lines": [
    "the"
   ]
  }, 
  {
   "begin": "5.320", 
   "end": "5.760", 
   "id": "f000013", 
   "language": "en", 
   "lines": [
    "corner"
   ]
  }, 
  {
   "begin": "5.760", 
   "end": "5.960", 
   "id": "f000014", 
   "language": "en", 
   "lines": [
    "from"
   ]
  }, 
  {
   "begin": "5.960", 
   "end": "6.320", 
   "id": "f000015", 
   "language": "en", 
   "lines": [
    "Mrs."
   ]
  }, 
  {
   "begin": "6.320", 
   "end": "6.720", 
   "id": "f000016", 
   "language": "en", 
   "lines": [
    "Chang\u2019s"
   ]
  }, 
  {
   "begin": "6.720", 
   "end": "7.160", 
   "id": "f000017", 
   "language": "en", 
   "lines": [
    "house,"
   ]
  }, 
  {
   "begin": "7.160", 
   "end": "7.760", 
   "id": "f000018", 
   "language": "en", 
   "lines": [
    "came"
   ]
  }, 
  {
   "begin": "7.760", 
   "end": "8.200", 
   "id": "f000019", 
   "language": "en", 
   "lines": [
    "rushing"
   ]
  }, 
  {
   "begin": "8.200", 
   "end": "8.560", 
   "id": "f000020", 
   "language": "en", 
   "lines": [
    "out."
   ]
  }, 
  {
   "begin": "8.560", 
   "end": "9.760", 
   "id": "f000021", 
   "language": "en", 
   "lines": [
    "Several"
   ]
  }, 
  {
   "begin": "9.760", 
   "end": "10.360", 
   "id": "f000022", 
   "language": "en", 
   "lines": [
    "curious"
   ]
  }, 
  {
   "begin": "10.360", 
   "end": "10.760", 
   "id": "f000023", 
   "language": "en", 
   "lines": [
    "kids"
   ]
  }, 
  {
   "begin": "10.760", 
   "end": "11.240", 
   "id": "f000024", 
   "language": "en", 
   "lines": [
    "followed"
   ]
  }, 
  {
   "begin": "11.240", 
   "end": "11.640", 
   "id": "f000025", 
   "language": "en", 
   "lines": [
    "suit"
   ]
  }, 
  {
   "begin": "11.640", 
   "end": "12.200", 
   "id": "f000026", 
   "language": "en", 
   "lines": [
    "\u2013"
   ]
  }, 
  {
   "begin": "12.200", 
   "end": "12.560", 
   "id": "f000027", 
   "language": "en", 
   "lines": [
    "some"
   ]
  }, 
  {
   "begin": "12.560", 
   "end": "13.360", 
   "id": "f000028", 
   "language": "en", 
   "lines": [
    "giggling,"
   ]
  }, 
  {
   "begin": "13.360", 
   "end": "13.640", 
   "id": "f000029", 
   "language": "en", 
   "lines": [
    "some"
   ]
  }, 
  {
   "begin": "13.640", 
   "end": "14.560", 
   "id": "f000030", 
   "language": "en", 
   "lines": [
    "chattering,"
   ]
  }, 
  {
   "begin": "14.560", 
   "end": "14.920", 
   "id": "f000031", 
   "language": "en", 
   "lines": [
    "some"
   ]
  }, 
  {
   "begin": "14.920", 
   "end": "16.040", 
   "id": "f000032", 
   "language": "en", 
   "lines": [
    "whispering,"
   ]
  }, 
  {
   "begin": "16.040", 
   "end": "16.240", 
   "id": "f000033", 
   "language": "en", 
   "lines": [
    "but"
   ]
  }, 
  {
   "begin": "16.240", 
   "end": "16.520", 
   "id": "f000034", 
   "language": "en", 
   "lines": [
    "all"
   ]
  }, 
  {
   "begin": "16.520", 
   "end": "17.120", 
   "id": "f000035", 
   "language": "en", 
   "lines": [
    "delighted"
   ]
  }, 
  {
   "begin": "17.120", 
   "end": "17.360", 
   "id": "f000036", 
   "language": "en", 
   "lines": [
    "that"
   ]
  }, 
  {
   "begin": "17.360", 
   "end": "17.600", 
   "id": "f000037", 
   "language": "en", 
   "lines": [
    "their"
   ]
  }, 
  {
   "begin": "17.600", 
   "end": "17.920", 
   "id": "f000038", 
   "language": "en", 
   "lines": [
    "class"
   ]
  }, 
  {
   "begin": "17.920", 
   "end": "18.120", 
   "id": "f000039", 
   "language": "en", 
   "lines": [
    "had"
   ]
  }, 
  {
   "begin": "18.120", 
   "end": "18.440", 
   "id": "f000040", 
   "language": "en", 
   "lines": [
    "been"
   ]
  }, 
  {
   "begin": "18.440", 
   "end": "19.200", 
   "id": "f000041", 
   "language": "en", 
   "lines": [
    "interrupted!"
   ]
  }, 
  {
   "begin": "19.200", 
   "end": "20.600", 
   "id": "f000042", 
   "language": "en", 
   "lines": [
    "\n\n"
   ]
  }, 
  {
   "begin": "20.600", 
   "end": "20.600", 
   "id": "f000043", 
   "language": "en", 
   "lines": [
    "When"
   ]
  }, 
  {
   "begin": "20.600", 
   "end": "20.720", 
   "id": "f000044", 
   "language": "en", 
   "lines": [
    "Master"
   ]
  }, 
  {
   "begin": "20.720", 
   "end": "21.000", 
   "id": "f000045", 
   "language": "en", 
   "lines": [
    "Ming"
   ]
  }, 
  {
   "begin": "21.000", 
   "end": "21.280", 
   "id": "f000046", 
   "language": "en", 
   "lines": [
    "saw"
   ]
  }, 
  {
   "begin": "21.280", 
   "end": "21.440", 
   "id": "f000047", 
   "language": "en", 
   "lines": [
    "the"
   ]
  }, 
  {
   "begin": "21.440", 
   "end": "21.840", 
   "id": "f000048", 
   "language": "en", 
   "lines": [
    "weeping"
   ]
  }, 
  {
   "begin": "21.840", 
   "end": "22.480", 
   "id": "f000049", 
   "language": "en", 
   "lines": [
    "chorus,"
   ]
  }, 
  {
   "begin": "22.480", 
   "end": "23.160", 
   "id": "f000050", 
   "language": "en", 
   "lines": [
    "he"
   ]
  }, 
  {
   "begin": "23.160", 
   "end": "23.520", 
   "id": "f000051", 
   "language": "en", 
   "lines": [
    "ran"
   ]
  }, 
  {
   "begin": "23.520", 
   "end": "23.520", 
   "id": "f000052", 
   "language": "en", 
   "lines": [
    "up"
   ]
  }, 
  {
   "begin": "23.520", 
   "end": "23.680", 
   "id": "f000053", 
   "language": "en", 
   "lines": [
    "to"
   ]
  }, 
  {
   "begin": "23.680", 
   "end": "24.040", 
   "id": "f000054", 
   "language": "en", 
   "lines": [
    "them"
   ]
  }, 
  {
   "begin": "24.040", 
   "end": "24.480", 
   "id": "f000055", 
   "language": "en", 
   "lines": [
    "worriedly."
   ]
  }, 
  {
   "begin": "24.480", 
   "end": "24.680", 
   "id": "f000056", 
   "language": "en", 
   "lines": [
    "What"
   ]
  }, 
  {
   "begin": "24.680", 
   "end": "25.720", 
   "id": "f000057", 
   "language": "en", 
   "lines": [
    "could"
   ]
  }, 
  {
   "begin": "25.720", 
   "end": "25.920", 
   "id": "f000058", 
   "language": "en", 
   "lines": [
    "have"
   ]
  }, 
  {
   "begin": "25.920", 
   "end": "26.280", 
   "id": "f000059", 
   "language": "en", 
   "lines": [
    "gone"
   ]
  }, 
  {
   "begin": "26.280", 
   "end": "26.640", 
   "id": "f000060", 
   "language": "en", 
   "lines": [
    "so"
   ]
  }, 
  {
   "begin": "26.640", 
   "end": "27.360", 
   "id": "f000061", 
   "language": "en", 
   "lines": [
    "terribly"
   ]
  }, 
  {
   "begin": "27.360", 
   "end": "28.000", 
   "id": "f000062", 
   "language": "en", 
   "lines": [
    "wrong,"
   ]
  }, 
  {
   "begin": "28.000", 
   "end": "28.120", 
   "id": "f000063", 
   "language": "en", 
   "lines": [
    "he"
   ]
  }, 
  {
   "begin": "28.120", 
   "end": "29.080", 
   "id": "f000064", 
   "language": "en", 
   "lines": [
    "wondered,"
   ]
  }, 
  {
   "begin": "29.080", 
   "end": "29.600", 
   "id": "f000065", 
   "language": "en", 
   "lines": [
    "as"
   ]
  }, 
  {
   "begin": "29.600", 
   "end": "29.800", 
   "id": "f000066", 
   "language": "en", 
   "lines": [
    "he"
   ]
  }, 
  {
   "begin": "29.800", 
   "end": "29.920", 
   "id": "f000067", 
   "language": "en", 
   "lines": [
    "sprinted"
   ]
  }, 
  {
   "begin": "29.920", 
   "end": "30.320", 
   "id": "f000068", 
   "language": "en", 
   "lines": [
    "down"
   ]
  }, 
  {
   "begin": "30.320", 
   "end": "32.440", 
   "id": "f000069", 
   "language": "en", 
   "lines": [
    "the"
   ]
  }, 
  {
   "begin": "32.440", 
   "end": "33.960", 
   "id": "f000070", 
   "language": "en", 
   "lines": [
    "road."
   ]
  }, 
  {
   "begin": "33.960", 
   "end": "36.040", 
   "id": "f000071", 
   "language": "en", 
   "lines": [
    "\u201cBooooooooo\u2026\u2026"
   ]
  }, 
  {
   "begin": "36.040", 
   "end": "36.200", 
   "id": "f000072", 
   "language": "en", 
   "lines": [
    "hoooooooooooo\u2026."
   ]
  }, 
  {
   "begin": "36.200", 
   "end": "37.600", 
   "id": "f000073", 
   "language": "en", 
   "lines": [
    "Waaaaaaaaaaaa\u2026..\u201d"
   ]
  }, 
  {
   "begin": "37.600", 
   "end": "38.520", 
   "id": "f000074", 
   "language": "en", 
   "lines": [
    "came"
   ]
  }, 
  {
   "begin": "38.520", 
   "end": "38.680", 
   "id": "f000075", 
   "language": "en", 
   "lines": [
    "the"
   ]
  }, 
  {
   "begin": "38.680", 
   "end": "38.960", 
   "id": "f000076", 
   "language": "en", 
   "lines": [
    "response."
   ]
  }, 
  {
   "begin": "38.960", 
   "end": "40.480", 
   "id": "f000077", 
   "language": "en", 
   "lines": [
    "\n\n"
   ]
  }, 
  {
   "begin": "40.480", 
   "end": "40.800", 
   "id": "f000078", 
   "language": "en", 
   "lines": [
    "Master"
   ]
  }, 
  {
   "begin": "40.800", 
   "end": "41.080", 
   "id": "f000079", 
   "language": "en", 
   "lines": [
    "Ming"
   ]
  }, 
  {
   "begin": "41.080", 
   "end": "41.400", 
   "id": "f000080", 
   "language": "en", 
   "lines": [
    "was"
   ]
  }, 
  {
   "begin": "41.400", 
   "end": "41.480", 
   "id": "f000081", 
   "language": "en", 
   "lines": [
    "beginning"
   ]
  }, 
  {
   "begin": "41.480", 
   "end": "41.880", 
   "id": "f000082", 
   "language": "en", 
   "lines": [
    "to"
   ]
  }, 
  {
   "begin": "41.880", 
   "end": "42.320", 
   "id": "f000083", 
   "language": "en", 
   "lines": [
    "lose"
   ]
  }, 
  {
   "begin": "42.320", 
   "end": "42.560", 
   "id": "f000084", 
   "language": "en", 
   "lines": [
    "his"
   ]
  }, 
  {
   "begin": "42.560", 
   "end": "43.240", 
   "id": "f000085", 
   "language": "en", 
   "lines": [
    "patience."
   ]
  }, 
  {
   "begin": "43.240", 
   "end": "44.440", 
   "id": "f000086", 
   "language": "en", 
   "lines": [
    "\u201cOut"
   ]
  }, 
  {
   "begin": "44.440", 
   "end": "44.600", 
   "id": "f000087", 
   "language": "en", 
   "lines": [
    "with"
   ]
  }, 
  {
   "begin": "44.600", 
   "end": "44.640", 
   "id": "f000088", 
   "language": "en", 
   "lines": [
    "it"
   ]
  }, 
  {
   "begin": "44.640", 
   "end": "44.760", 
   "id": "f000089", 
   "language": "en", 
   "lines": [
    "you"
   ]
  }, 
  {
   "begin": "44.760", 
   "end": "45.280", 
   "id": "f000090", 
   "language": "en", 
   "lines": [
    "howling"
   ]
  }, 
  {
   "begin": "45.280", 
   "end": "46.760", 
   "id": "f000091", 
   "language": "en", 
   "lines": [
    "hyenas!\u201d"
   ]
  }, 
  {
   "begin": "46.760", 
   "end": "46.920", 
   "id": "f000092", 
   "language": "en", 
   "lines": [
    "he"
   ]
  }, 
  {
   "begin": "46.920", 
   "end": "47.600", 
   "id": "f000093", 
   "language": "en", 
   "lines": [
    "thundered."
   ]
  }, 
  {
   "begin": "47.600", 
   "end": "48.920", 
   "id": "f000094", 
   "language": "en", 
   "lines": [
    "Taken"
   ]
  }, 
  {
   "begin": "48.920", 
   "end": "49.320", 
   "id": "f000095", 
   "language": "en", 
   "lines": [
    "aback"
   ]
  }, 
  {
   "begin": "49.320", 
   "end": "49.480", 
   "id": "f000096", 
   "language": "en", 
   "lines": [
    "by"
   ]
  }, 
  {
   "begin": "49.480", 
   "end": "49.800", 
   "id": "f000097", 
   "language": "en", 
   "lines": [
    "his"
   ]
  }, 
  {
   "begin": "49.800", 
   "end": "50.080", 
   "id": "f000098", 
   "language": "en", 
   "lines": [
    "roar"
   ]
  }, 
  {
   "begin": "50.080", 
   "end": "50.280", 
   "id": "f000099", 
   "language": "en", 
   "lines": [
    "that"
   ]
  }, 
  {
   "begin": "50.280", 
   "end": "50.560", 
   "id": "f000100", 
   "language": "en", 
   "lines": [
    "was"
   ]
  }, 
  {
   "begin": "50.560", 
   "end": "51.040", 
   "id": "f000101", 
   "language": "en", 
   "lines": [
    "even"
   ]
  }, 
  {
   "begin": "51.040", 
   "end": "51.240", 
   "id": "f000102", 
   "language": "en", 
   "lines": [
    "louder"
   ]
  }, 
  {
   "begin": "51.240", 
   "end": "51.400", 
   "id": "f000103", 
   "language": "en", 
   "lines": [
    "than"
   ]
  }, 
  {
   "begin": "51.400", 
   "end": "51.640", 
   "id": "f000104", 
   "language": "en", 
   "lines": [
    "their"
   ]
  }, 
  {
   "begin": "51.640", 
   "end": "53.000", 
   "id": "f000105", 
   "language": "en", 
   "lines": [
    "waaaaaa...ils,"
   ]
  }, 
  {
   "begin": "53.000", 
   "end": "54.040", 
   "id": "f000106", 
   "language": "en", 
   "lines": [
    "Peddler"
   ]
  }, 
  {
   "begin": "54.040", 
   "end": "54.320", 
   "id": "f000107", 
   "language": "en", 
   "lines": [
    "Peng"
   ]
  }, 
  {
   "begin": "54.320", 
   "end": "54.600", 
   "id": "f000108", 
   "language": "en", 
   "lines": [
    "was"
   ]
  }, 
  {
   "begin": "54.600", 
   "end": "54.760", 
   "id": "f000109", 
   "language": "en", 
   "lines": [
    "the"
   ]
  }, 
  {
   "begin": "54.760", 
   "end": "55.080", 
   "id": "f000110", 
   "language": "en", 
   "lines": [
    "first"
   ]
  }, 
  {
   "begin": "55.080", 
   "end": "55.200", 
   "id": "f000111", 
   "language": "en", 
   "lines": [
    "to"
   ]
  }, 
  {
   "begin": "55.200", 
   "end": "56.280", 
   "id": "f000112", 
   "language": "en", 
   "lines": [
    "answer."
   ]
  }
 ]
}