{
 "fragments": [
  {
   "begin": "0.000", 
   "end": "1.040", 
   "id": "f000001", 
   "language": "en", 
   "lines": [
    "\u201cSniff\u2026"
   ]
  }, 
  {
   "begin": "1.040", 
   "end": "1.440", 
   "id": "f000002", 
   "language": "en", 
   "lines": [
    "sob\u2026"
   ]
  }, 
  {
   "begin": "1.440", 
   "end": "2.280", 
   "id": "f000003", 
   "language": "en", 
   "lines": [
    "Just"
   ]
  }, 
  {
   "begin": "2.280", 
   "end": "2.360", 
   "id": "f000004", 
   "language": "en", 
   "lines": [
    "a"
   ]
  }, 
  {
   "begin": "2.360", 
   "end": "2.840", 
   "id": "f000005", 
   "language": "en", 
   "lines": [
    "year"
   ]
  }, 
  {
   "begin": "2.840", 
   "end": "3.160", 
   "id": "f000006", 
   "language": "en", 
   "lines": [
    "ago,\u201d"
   ]
  }, 
  {
   "begin": "3.160", 
   "end": "3.840", 
   "id": "f000007", 
   "language": "en", 
   "lines": [
    "he"
   ]
  }, 
  {
   "begin": "3.840", 
   "end": "4.760", 
   "id": "f000008", 
   "language": "en", 
   "lines": [
    "said,"
   ]
  }, 
  {
   "begin": "4.760", 
   "end": "4.960", 
   "id": "f000009", 
   "language": "en", 
   "lines": [
    "and"
   ]
  }, 
  {
   "begin": "4.960", 
   "end": "5.280", 
   "id": "f000010", 
   "language": "en", 
   "lines": [
    "wiped"
   ]
  }, 
  {
   "begin": "5.280", 
   "end": "5.600", 
   "id": "f000011", 
   "language": "en", 
   "lines": [
    "his"
   ]
  }, 
  {
   "begin": "5.600", 
   "end": "5.880", 
   "id": "f000012", 
   "language": "en", 
   "lines": [
    "running"
   ]
  }, 
  {
   "begin": "5.880", 
   "end": "6.360", 
   "id": "f000013", 
   "language": "en", 
   "lines": [
    "nose,"
   ]
  }, 
  {
   "begin": "6.360", 
   "end": "7.800", 
   "id": "f000014", 
   "language": "en", 
   "lines": [
    "\u201cI"
   ]
  }, 
  {
   "begin": "7.800", 
   "end": "8.400", 
   "id": "f000015", 
   "language": "en", 
   "lines": [
    "had"
   ]
  }, 
  {
   "begin": "8.400", 
   "end": "8.680", 
   "id": "f000016", 
   "language": "en", 
   "lines": [
    "made"
   ]
  }, 
  {
   "begin": "8.680", 
   "end": "8.920", 
   "id": "f000017", 
   "language": "en", 
   "lines": [
    "a"
   ]
  }, 
  {
   "begin": "8.920", 
   "end": "9.120", 
   "id": "f000018", 
   "language": "en", 
   "lines": [
    "hundred"
   ]
  }, 
  {
   "begin": "9.120", 
   "end": "9.120", 
   "id": "f000019", 
   "language": "en", 
   "lines": [
    "earthen"
   ]
  }, 
  {
   "begin": "9.120", 
   "end": "9.120", 
   "id": "f000020", 
   "language": "en", 
   "lines": [
    "pots"
   ]
  }, 
  {
   "begin": "9.120", 
   "end": "9.440", 
   "id": "f000021", 
   "language": "en", 
   "lines": [
    "to"
   ]
  }, 
  {
   "begin": "9.440", 
   "end": "9.600", 
   "id": "f000022", 
   "language": "en", 
   "lines": [
    "be"
   ]
  }, 
  {
   "begin": "9.600", 
   "end": "9.960", 
   "id": "f000023", 
   "language": "en", 
   "lines": [
    "sold"
   ]
  }, 
  {
   "begin": "9.960", 
   "end": "10.080", 
   "id": "f000024", 
   "language": "en", 
   "lines": [
    "in"
   ]
  }, 
  {
   "begin": "10.080", 
   "end": "10.240", 
   "id": "f000025", 
   "language": "en", 
   "lines": [
    "the"
   ]
  }, 
  {
   "begin": "10.240", 
   "end": "10.520", 
   "id": "f000026", 
   "language": "en", 
   "lines": [
    "market."
   ]
  }, 
  {
   "begin": "10.520", 
   "end": "11.360", 
   "id": "f000027", 
   "language": "en", 
   "lines": [
    "But"
   ]
  }, 
  {
   "begin": "11.360", 
   "end": "11.800", 
   "id": "f000028", 
   "language": "en", 
   "lines": [
    "as"
   ]
  }, 
  {
   "begin": "11.800", 
   "end": "11.960", 
   "id": "f000029", 
   "language": "en", 
   "lines": [
    "I"
   ]
  }, 
  {
   "begin": "11.960", 
   "end": "12.200", 
   "id": "f000030", 
   "language": "en", 
   "lines": [
    "was"
   ]
  }, 
  {
   "begin": "12.200", 
   "end": "12.360", 
   "id": "f000031", 
   "language": "en", 
   "lines": [
    "on"
   ]
  }, 
  {
   "begin": "12.360", 
   "end": "12.600", 
   "id": "f000032", 
   "language": "en", 
   "lines": [
    "my"
   ]
  }, 
  {
   "begin": "12.600", 
   "end": "12.920", 
   "id": "f000033", 
   "language": "en", 
   "lines": [
    "way,"
   ]
  }, 
  {
   "begin": "12.920", 
   "end": "13.520", 
   "id": "f000034", 
   "language": "en", 
   "lines": [
    "the"
   ]
  }, 
  {
   "begin": "13.520", 
   "end": "14.080", 
   "id": "f000035", 
   "language": "en", 
   "lines": [
    "donkey"
   ]
  }, 
  {
   "begin": "14.080", 
   "end": "14.280", 
   "id": "f000036", 
   "language": "en", 
   "lines": [
    "that"
   ]
  }, 
  {
   "begin": "14.280", 
   "end": "14.520", 
   "id": "f000037", 
   "language": "en", 
   "lines": [
    "was"
   ]
  }, 
  {
   "begin": "14.520", 
   "end": "15.120", 
   "id": "f000038", 
   "language": "en", 
   "lines": [
    "carrying"
   ]
  }, 
  {
   "begin": "15.120", 
   "end": "15.400", 
   "id": "f000039", 
   "language": "en", 
   "lines": [
    "them"
   ]
  }, 
  {
   "begin": "15.400", 
   "end": "15.680", 
   "id": "f000040", 
   "language": "en", 
   "lines": [
    "got"
   ]
  }, 
  {
   "begin": "15.680", 
   "end": "16.160", 
   "id": "f000041", 
   "language": "en", 
   "lines": [
    "frightened"
   ]
  }, 
  {
   "begin": "16.160", 
   "end": "17.000", 
   "id": "f000042", 
   "language": "en", 
   "lines": [
    "by"
   ]
  }, 
  {
   "begin": "17.000", 
   "end": "17.400", 
   "id": "f000043", 
   "language": "en", 
   "lines": [
    "his"
   ]
  }, 
  {
   "begin": "17.400", 
   "end": "17.840", 
   "id": "f000044", 
   "language": "en", 
   "lines": [
    "own"
   ]
  }, 
  {
   "begin": "17.840", 
   "end": "18.080", 
   "id": "f000045", 
   "language": "en", 
   "lines": [
    "shadow"
   ]
  }, 
  {
   "begin": "18.080", 
   "end": "18.520", 
   "id": "f000046", 
   "language": "en", 
   "lines": [
    "and"
   ]
  }, 
  {
   "begin": "18.520", 
   "end": "18.920", 
   "id": "f000047", 
   "language": "en", 
   "lines": [
    "started"
   ]
  }, 
  {
   "begin": "18.920", 
   "end": "19.160", 
   "id": "f000048", 
   "language": "en", 
   "lines": [
    "to"
   ]
  }, 
  {
   "begin": "19.160", 
   "end": "19.640", 
   "id": "f000049", 
   "language": "en", 
   "lines": [
    "bray"
   ]
  }, 
  {
   "begin": "19.640", 
   "end": "20.000", 
   "id": "f000050", 
   "language": "en", 
   "lines": [
    "loudly!"
   ]
  }, 
  {
   "begin": "20.000", 
   "end": "21.120", 
   "id": "f000051", 
   "language": "en", 
   "lines": [
    "\n\n"
   ]
  }, 
  {
   "begin": "21.120", 
   "end": "21.400", 
   "id": "f000052", 
   "language": "en", 
   "lines": [
    "And"
   ]
  }, 
  {
   "begin": "21.400", 
   "end": "21.600", 
   "id": "f000053", 
   "language": "en", 
   "lines": [
    "my"
   ]
  }, 
  {
   "begin": "21.600", 
   "end": "22.320", 
   "id": "f000054", 
   "language": "en", 
   "lines": [
    "pots,"
   ]
  }, 
  {
   "begin": "22.320", 
   "end": "22.720", 
   "id": "f000055", 
   "language": "en", 
   "lines": [
    "they"
   ]
  }, 
  {
   "begin": "22.720", 
   "end": "23.160", 
   "id": "f000056", 
   "language": "en", 
   "lines": [
    "all"
   ]
  }, 
  {
   "begin": "23.160", 
   "end": "23.560", 
   "id": "f000057", 
   "language": "en", 
   "lines": [
    "came"
   ]
  }, 
  {
   "begin": "23.560", 
   "end": "24.400", 
   "id": "f000058", 
   "language": "en", 
   "lines": [
    "tumbling"
   ]
  }, 
  {
   "begin": "24.400", 
   "end": "24.920", 
   "id": "f000059", 
   "language": "en", 
   "lines": [
    "down"
   ]
  }, 
  {
   "begin": "24.920", 
   "end": "25.240", 
   "id": "f000060", 
   "language": "en", 
   "lines": [
    "one"
   ]
  }, 
  {
   "begin": "25.240", 
   "end": "25.800", 
   "id": "f000061", 
   "language": "en", 
   "lines": [
    "by"
   ]
  }, 
  {
   "begin": "25.800", 
   "end": "26.120", 
   "id": "f000062", 
   "language": "en", 
   "lines": [
    "one"
   ]
  }, 
  {
   "begin": "26.120", 
   "end": "26.480", 
   "id": "f000063", 
   "language": "en", 
   "lines": [
    "and"
   ]
  }, 
  {
   "begin": "26.480", 
   "end": "26.840", 
   "id": "f000064", 
   "language": "en", 
   "lines": [
    "broke"
   ]
  }, 
  {
   "begin": "26.840", 
   "end": "27.520", 
   "id": "f000065", 
   "language": "en", 
   "lines": [
    "into"
   ]
  }, 
  {
   "begin": "27.520", 
   "end": "28.080", 
   "id": "f000066", 
   "language": "en", 
   "lines": [
    "a"
   ]
  }, 
  {
   "begin": "28.080", 
   "end": "28.640", 
   "id": "f000067", 
   "language": "en", 
   "lines": [
    "million"
   ]
  }, 
  {
   "begin": "28.640", 
   "end": "29.400", 
   "id": "f000068", 
   "language": "en", 
   "lines": [
    "pieces."
   ]
  }, 
  {
   "begin": "29.400", 
   "end": "29.840", 
   "id": "f000069", 
   "language": "en", 
   "lines": [
    "Not"
   ]
  }, 
  {
   "begin": "29.840", 
   "end": "30.240", 
   "id": "f000070", 
   "language": "en", 
   "lines": [
    "even"
   ]
  }, 
  {
   "begin": "30.240", 
   "end": "30.720", 
   "id": "f000071", 
   "language": "en", 
   "lines": [
    "one"
   ]
  }, 
  {
   "begin": "30.720", 
   "end": "31.360", 
   "id": "f000072", 
   "language": "en", 
   "lines": [
    "beautiful"
   ]
  }, 
  {
   "begin": "31.360", 
   "end": "31.760", 
   "id": "f000073", 
   "language": "en", 
   "lines": [
    "pot"
   ]
  }, 
  {
   "begin": "31.760", 
   "end": "32.080", 
   "id": "f000074", 
   "language": "en", 
   "lines": [
    "was"
   ]
  }, 
  {
   "begin": "32.080", 
   "end": "32.560", 
   "id": "f000075", 
   "language": "en", 
   "lines": [
    "left"
   ]
  }, 
  {
   "begin": "32.560", 
   "end": "33.880", 
   "id": "f000076", 
   "language": "en", 
   "lines": [
    "unbroken."
   ]
  }, 
  {
   "begin": "33.880", 
   "end": "34.120", 
   "id": "f000077", 
   "language": "en", 
   "lines": [
    "I"
   ]
  }, 
  {
   "begin": "34.120", 
   "end": "34.400", 
   "id": "f000078", 
   "language": "en", 
   "lines": [
    "was"
   ]
  }, 
  {
   "begin": "34.400", 
   "end": "34.760", 
   "id": "f000079", 
   "language": "en", 
   "lines": [
    "so"
   ]
  }, 
  {
   "begin": "34.760", 
   "end": "35.880", 
   "id": "f000080", 
   "language": "en", 
   "lines": [
    "upset."
   ]
  }, 
  {
   "begin": "35.880", 
   "end": "36.120", 
   "id": "f000081", 
   "language": "en", 
   "lines": [
    "I"
   ]
  }, 
  {
   "begin": "36.120", 
   "end": "36.480", 
   "id": "f000082", 
   "language": "en", 
   "lines": [
    "wanted"
   ]
  }, 
  {
   "begin": "36.480", 
   "end": "36.640", 
   "id": "f000083", 
   "language": "en", 
   "lines": [
    "to"
   ]
  }, 
  {
   "begin": "36.640", 
   "end": "37.680", 
   "id": "f000084", 
   "language": "en", 
   "lines": [
    "cry"
   ]
  }, 
  {
   "begin": "37.680", 
   "end": "37.720", 
   "id": "f000085", 
   "language": "en", 
   "lines": [
    "and"
   ]
  }, 
  {
   "begin": "37.720", 
   "end": "38.560", 
   "id": "f000086", 
   "language": "en", 
   "lines": [
    "cry"
   ]
  }, 
  {
   "begin": "38.560", 
   "end": "38.640", 
   "id": "f000087", 
   "language": "en", 
   "lines": [
    "and"
   ]
  }, 
  {
   "begin": "38.640", 
   "end": "39.280", 
   "id": "f000088", 
   "language": "en", 
   "lines": [
    "cry"
   ]
  }, 
  {
   "begin": "39.280", 
   "end": "40.000", 
   "id": "f000089", 
   "language": "en", 
   "lines": [
    "then,"
   ]
  }, 
  {
   "begin": "40.000", 
   "end": "40.400", 
   "id": "f000090", 
   "language": "en", 
   "lines": [
    "but"
   ]
  }, 
  {
   "begin": "40.400", 
   "end": "40.800", 
   "id": "f000091", 
   "language": "en", 
   "lines": [
    "I"
   ]
  }, 
  {
   "begin": "40.800", 
   "end": "41.280", 
   "id": "f000092", 
   "language": "en", 
   "lines": [
    "couldn\u2019t"
   ]
  }, 
  {
   "begin": "41.280", 
   "end": "41.520", 
   "id": "f000093", 
   "language": "en", 
   "lines": [
    "do"
   ]
  }, 
  {
   "begin": "41.520", 
   "end": "41.600", 
   "id": "f000094", 
   "language": "en", 
   "lines": [
    "it"
   ]
  }, 
  {
   "begin": "41.600", 
   "end": "42.040", 
   "id": "f000095", 
   "language": "en", 
   "lines": [
    "because"
   ]
  }, 
  {
   "begin": "42.040", 
   "end": "42.480", 
   "id": "f000096", 
   "language": "en", 
   "lines": [
    "I"
   ]
  }, 
  {
   "begin": "42.480", 
   "end": "42.640", 
   "id": "f000097", 
   "language": "en", 
   "lines": [
    "had"
   ]
  }, 
  {
   "begin": "42.640", 
   "end": "42.920", 
   "id": "f000098", 
   "language": "en", 
   "lines": [
    "to"
   ]
  }, 
  {
   "begin": "42.920", 
   "end": "43.600", 
   "id": "f000099", 
   "language": "en", 
   "lines": [
    "immediately"
   ]
  }, 
  {
   "begin": "43.600", 
   "end": "43.840", 
   "id": "f000100", 
   "language": "en", 
   "lines": [
    "think"
   ]
  }, 
  {
   "begin": "43.840", 
   "end": "44.280", 
   "id": "f000101", 
   "language": "en", 
   "lines": [
    "up"
   ]
  }, 
  {
   "begin": "44.280", 
   "end": "44.600", 
   "id": "f000102", 
   "language": "en", 
   "lines": [
    "ways"
   ]
  }, 
  {
   "begin": "44.600", 
   "end": "44.840", 
   "id": "f000103", 
   "language": "en", 
   "lines": [
    "to"
   ]
  }, 
  {
   "begin": "44.840", 
   "end": "45.160", 
   "id": "f000104", 
   "language": "en", 
   "lines": [
    "make"
   ]
  }, 
  {
   "begin": "45.160", 
   "end": "45.280", 
   "id": "f000105", 
   "language": "en", 
   "lines": [
    "up"
   ]
  }, 
  {
   "begin": "45.280", 
   "end": "45.520", 
   "id": "f000106", 
   "language": "en", 
   "lines": [
    "for"
   ]
  }, 
  {
   "begin": "45.520", 
   "end": "45.840", 
   "id": "f000107", 
   "language": "en", 
   "lines": [
    "my"
   ]
  }, 
  {
   "begin": "45.840", 
   "end": "47.080", 
   "id": "f000108", 
   "language": "en", 
   "lines": [
    "losses."
   ]
  }, 
  {
   "begin": "47.080", 
   "end": "47.560", 
   "id": "f000109", 
   "language": "en", 
   "lines": [
    "So"
   ]
  }, 
  {
   "begin": "47.560", 
   "end": "47.640", 
   "id": "f000110", 
   "language": "en", 
   "lines": [
    "I"
   ]
  }, 
  {
   "begin": "47.640", 
   "end": "48.400", 
   "id": "f000111", 
   "language": "en", 
   "lines": [
    "postponed"
   ]
  }, 
  {
   "begin": "48.400", 
   "end": "49.360", 
   "id": "f000112", 
   "language": "en", 
   "lines": [
    "it."
   ]
  }, 
  {
   "begin": "49.360", 
   "end": "49.520", 
   "id": "f000113", 
   "language": "en", 
   "lines": [
    "\n\n"
   ]
  }, 
  {
   "begin": "49.520", 
   "end": "50.200", 
   "id": "f000114", 
   "language": "en", 
   "lines": [
    "Today,"
   ]
  }, 
  {
   "begin": "50.200", 
   "end": "50.760", 
   "id": "f000115", 
   "language": "en", 
   "lines": [
    "when"
   ]
  }, 
  {
   "begin": "50.760", 
   "end": "51.200", 
   "id": "f000116", 
   "language": "en", 
   "lines": [
    "I"
   ]
  }, 
  {
   "begin": "51.200", 
   "end": "51.520", 
   "id": "f000117", 
   "language": "en", 
   "lines": [
    "saw"
   ]
  }, 
  {
   "begin": "51.520", 
   "end": "51.560", 
   "id": "f000118", 
   "language": "en", 
   "lines": [
    "the"
   ]
  }, 
  {
   "begin": "51.560", 
   "end": "51.560", 
   "id": "f000119", 
   "language": "en", 
   "lines": [
    "two"
   ]
  }, 
  {
   "begin": "51.560", 
   "end": "51.560", 
   "id": "f000120", 
   "language": "en", 
   "lines": [
    "of"
   ]
  }, 
  {
   "begin": "51.560", 
   "end": "51.840", 
   "id": "f000121", 
   "language": "en", 
   "lines": [
    "them"
   ]
  }, 
  {
   "begin": "51.840", 
   "end": "52.800", 
   "id": "f000122", 
   "language": "en", 
   "lines": [
    "crying,"
   ]
  }, 
  {
   "begin": "52.800", 
   "end": "53.080", 
   "id": "f000123", 
   "language": "en", 
   "lines": [
    "I"
   ]
  }, 
  {
   "begin": "53.080", 
   "end": "53.480", 
   "id": "f000124", 
   "language": "en", 
   "lines": [
    "was"
   ]
  }, 
  {
   "begin": "53.480", 
   "end": "54.000", 
   "id": "f000125", 
   "language": "en", 
   "lines": [
    "reminded"
   ]
  }, 
  {
   "begin": "54.000", 
   "end": "54.160", 
   "id": "f000126", 
   "language": "en", 
   "lines": [
    "of"
   ]
  }, 
  {
   "begin": "54.160", 
   "end": "54.680", 
   "id": "f000127", 
   "language": "en", 
   "lines": [
    "that"
   ]
  }, 
  {
   "begin": "54.680", 
   "end": "55.600", 
   "id": "f000128", 
   "language": "en", 
   "lines": [
    "heartbreaking"
   ]
  }, 
  {
   "begin": "55.600", 
   "end": "56.560", 
   "id": "f000129", 
   "language": "en", 
   "lines": [
    "episode"
   ]
  }, 
  {
   "begin": "56.560", 
   "end": "56.760", 
   "id": "f000130", 
   "language": "en", 
   "lines": [
    "and"
   ]
  }, 
  {
   "begin": "56.760", 
   "end": "57.320", 
   "id": "f000131", 
   "language": "en", 
   "lines": [
    "decided"
   ]
  }, 
  {
   "begin": "57.320", 
   "end": "57.440", 
   "id": "f000132", 
   "language": "en", 
   "lines": [
    "to"
   ]
  }, 
  {
   "begin": "57.440", 
   "end": "57.880", 
   "id": "f000133", 
   "language": "en", 
   "lines": [
    "cry"
   ]
  }, 
  {
   "begin": "57.880", 
   "end": "58.040", 
   "id": "f000134", 
   "language": "en", 
   "lines": [
    "for"
   ]
  }, 
  {
   "begin": "58.040", 
   "end": "58.280", 
   "id": "f000135", 
   "language": "en", 
   "lines": [
    "my"
   ]
  }, 
  {
   "begin": "58.280", 
   "end": "59.040", 
   "id": "f000136", 
   "language": "en", 
   "lines": [
    "precious,"
   ]
  }, 
  {
   "begin": "59.040", 
   "end": "59.760", 
   "id": "f000137", 
   "language": "en", 
   "lines": [
    "pretty"
   ]
  }, 
  {
   "begin": "59.760", 
   "end": "61.160", 
   "id": "f000138", 
   "language": "en", 
   "lines": [
    "pots."
   ]
  }, 
  {
   "begin": "61.160", 
   "end": "64.960", 
   "id": "f000139", 
   "language": "en", 
   "lines": [
    "Waaaaaa\u2026.\u201d"
   ]
  }
 ]
}