{
 "fragments": [
  {
   "begin": "0.000", 
   "end": "0.560", 
   "id": "f000001", 
   "language": "en", 
   "lines": [
    "Poor"
   ]
  }, 
  {
   "begin": "0.560", 
   "end": "0.800", 
   "id": "f000002", 
   "language": "en", 
   "lines": [
    "Mrs."
   ]
  }, 
  {
   "begin": "0.800", 
   "end": "1.200", 
   "id": "f000003", 
   "language": "en", 
   "lines": [
    "Chang"
   ]
  }, 
  {
   "begin": "1.200", 
   "end": "1.360", 
   "id": "f000004", 
   "language": "en", 
   "lines": [
    "was"
   ]
  }, 
  {
   "begin": "1.360", 
   "end": "1.840", 
   "id": "f000005", 
   "language": "en", 
   "lines": [
    "sure"
   ]
  }, 
  {
   "begin": "1.840", 
   "end": "2.120", 
   "id": "f000006", 
   "language": "en", 
   "lines": [
    "that"
   ]
  }, 
  {
   "begin": "2.120", 
   "end": "2.680", 
   "id": "f000007", 
   "language": "en", 
   "lines": [
    "something"
   ]
  }, 
  {
   "begin": "2.680", 
   "end": "3.120", 
   "id": "f000008", 
   "language": "en", 
   "lines": [
    "dreadful"
   ]
  }, 
  {
   "begin": "3.120", 
   "end": "3.400", 
   "id": "f000009", 
   "language": "en", 
   "lines": [
    "had"
   ]
  }, 
  {
   "begin": "3.400", 
   "end": "3.520", 
   "id": "f000010", 
   "language": "en", 
   "lines": [
    "happened"
   ]
  }, 
  {
   "begin": "3.520", 
   "end": "3.760", 
   "id": "f000011", 
   "language": "en", 
   "lines": [
    "to"
   ]
  }, 
  {
   "begin": "3.760", 
   "end": "4.040", 
   "id": "f000012", 
   "language": "en", 
   "lines": [
    "her"
   ]
  }, 
  {
   "begin": "4.040", 
   "end": "4.400", 
   "id": "f000013", 
   "language": "en", 
   "lines": [
    "son."
   ]
  }, 
  {
   "begin": "4.400", 
   "end": "5.320", 
   "id": "f000014", 
   "language": "en", 
   "lines": [
    "Tears"
   ]
  }, 
  {
   "begin": "5.320", 
   "end": "5.640", 
   "id": "f000015", 
   "language": "en", 
   "lines": [
    "welled"
   ]
  }, 
  {
   "begin": "5.640", 
   "end": "5.760", 
   "id": "f000016", 
   "language": "en", 
   "lines": [
    "up"
   ]
  }, 
  {
   "begin": "5.760", 
   "end": "5.840", 
   "id": "f000017", 
   "language": "en", 
   "lines": [
    "in"
   ]
  }, 
  {
   "begin": "5.840", 
   "end": "6.120", 
   "id": "f000018", 
   "language": "en", 
   "lines": [
    "her"
   ]
  }, 
  {
   "begin": "6.120", 
   "end": "6.800", 
   "id": "f000019", 
   "language": "en", 
   "lines": [
    "eyes"
   ]
  }, 
  {
   "begin": "6.800", 
   "end": "6.960", 
   "id": "f000020", 
   "language": "en", 
   "lines": [
    "and"
   ]
  }, 
  {
   "begin": "6.960", 
   "end": "7.360", 
   "id": "f000021", 
   "language": "en", 
   "lines": [
    "she"
   ]
  }, 
  {
   "begin": "7.360", 
   "end": "7.680", 
   "id": "f000022", 
   "language": "en", 
   "lines": [
    "began"
   ]
  }, 
  {
   "begin": "7.680", 
   "end": "8.160", 
   "id": "f000023", 
   "language": "en", 
   "lines": [
    "wailing"
   ]
  }, 
  {
   "begin": "8.160", 
   "end": "8.600", 
   "id": "f000024", 
   "language": "en", 
   "lines": [
    "loudly"
   ]
  }, 
  {
   "begin": "8.600", 
   "end": "8.920", 
   "id": "f000025", 
   "language": "en", 
   "lines": [
    "too."
   ]
  }, 
  {
   "begin": "8.920", 
   "end": "10.400", 
   "id": "f000026", 
   "language": "en", 
   "lines": [
    "Plish\u2026"
   ]
  }, 
  {
   "begin": "10.400", 
   "end": "11.200", 
   "id": "f000027", 
   "language": "en", 
   "lines": [
    "plosh\u2026"
   ]
  }, 
  {
   "begin": "11.200", 
   "end": "11.920", 
   "id": "f000028", 
   "language": "en", 
   "lines": [
    "plish\u2026"
   ]
  }, 
  {
   "begin": "11.920", 
   "end": "13.120", 
   "id": "f000029", 
   "language": "en", 
   "lines": [
    "plosh..."
   ]
  }, 
  {
   "begin": "13.120", 
   "end": "13.200", 
   "id": "f000030", 
   "language": "en", 
   "lines": [
    "the"
   ]
  }, 
  {
   "begin": "13.200", 
   "end": "13.680", 
   "id": "f000031", 
   "language": "en", 
   "lines": [
    "tears"
   ]
  }, 
  {
   "begin": "13.680", 
   "end": "13.880", 
   "id": "f000032", 
   "language": "en", 
   "lines": [
    "rolled"
   ]
  }, 
  {
   "begin": "13.880", 
   "end": "14.240", 
   "id": "f000033", 
   "language": "en", 
   "lines": [
    "down"
   ]
  }, 
  {
   "begin": "14.240", 
   "end": "14.240", 
   "id": "f000034", 
   "language": "en", 
   "lines": [
    "the"
   ]
  }, 
  {
   "begin": "14.240", 
   "end": "14.720", 
   "id": "f000035", 
   "language": "en", 
   "lines": [
    "cheeks"
   ]
  }, 
  {
   "begin": "14.720", 
   "end": "14.840", 
   "id": "f000036", 
   "language": "en", 
   "lines": [
    "of"
   ]
  }, 
  {
   "begin": "14.840", 
   "end": "15.000", 
   "id": "f000037", 
   "language": "en", 
   "lines": [
    "the"
   ]
  }, 
  {
   "begin": "15.000", 
   "end": "15.320", 
   "id": "f000038", 
   "language": "en", 
   "lines": [
    "brave"
   ]
  }, 
  {
   "begin": "15.320", 
   "end": "15.880", 
   "id": "f000039", 
   "language": "en", 
   "lines": [
    "warrior"
   ]
  }, 
  {
   "begin": "15.880", 
   "end": "16.000", 
   "id": "f000040", 
   "language": "en", 
   "lines": [
    "and"
   ]
  }, 
  {
   "begin": "16.000", 
   "end": "16.160", 
   "id": "f000041", 
   "language": "en", 
   "lines": [
    "the"
   ]
  }, 
  {
   "begin": "16.160", 
   "end": "16.560", 
   "id": "f000042", 
   "language": "en", 
   "lines": [
    "old"
   ]
  }, 
  {
   "begin": "16.560", 
   "end": "16.760", 
   "id": "f000043", 
   "language": "en", 
   "lines": [
    "lady."
   ]
  }, 
  {
   "begin": "16.760", 
   "end": "17.040", 
   "id": "f000044", 
   "language": "en", 
   "lines": [
    "\n\n"
   ]
  }, 
  {
   "begin": "17.040", 
   "end": "18.440", 
   "id": "f000045", 
   "language": "en", 
   "lines": [
    "Plish\u2026"
   ]
  }, 
  {
   "begin": "18.440", 
   "end": "21.240", 
   "id": "f000046", 
   "language": "en", 
   "lines": [
    "plosh\u2026plish\u2026plosh...the"
   ]
  }, 
  {
   "begin": "21.240", 
   "end": "21.800", 
   "id": "f000047", 
   "language": "en", 
   "lines": [
    "tears"
   ]
  }, 
  {
   "begin": "21.800", 
   "end": "22.000", 
   "id": "f000048", 
   "language": "en", 
   "lines": [
    "rolled"
   ]
  }, 
  {
   "begin": "22.000", 
   "end": "22.240", 
   "id": "f000049", 
   "language": "en", 
   "lines": [
    "down"
   ]
  }, 
  {
   "begin": "22.240", 
   "end": "22.360", 
   "id": "f000050", 
   "language": "en", 
   "lines": [
    "the"
   ]
  }, 
  {
   "begin": "22.360", 
   "end": "22.880", 
   "id": "f000051", 
   "language": "en", 
   "lines": [
    "cheeks"
   ]
  }, 
  {
   "begin": "22.880", 
   "end": "22.880", 
   "id": "f000052", 
   "language": "en", 
   "lines": [
    "of"
   ]
  }, 
  {
   "begin": "22.880", 
   "end": "23.080", 
   "id": "f000053", 
   "language": "en", 
   "lines": [
    "the"
   ]
  }, 
  {
   "begin": "23.080", 
   "end": "23.360", 
   "id": "f000054", 
   "language": "en", 
   "lines": [
    "brave"
   ]
  }, 
  {
   "begin": "23.360", 
   "end": "23.840", 
   "id": "f000055", 
   "language": "en", 
   "lines": [
    "warrior"
   ]
  }, 
  {
   "begin": "23.840", 
   "end": "24.120", 
   "id": "f000056", 
   "language": "en", 
   "lines": [
    "and"
   ]
  }, 
  {
   "begin": "24.120", 
   "end": "24.160", 
   "id": "f000057", 
   "language": "en", 
   "lines": [
    "the"
   ]
  }, 
  {
   "begin": "24.160", 
   "end": "24.520", 
   "id": "f000058", 
   "language": "en", 
   "lines": [
    "old"
   ]
  }, 
  {
   "begin": "24.520", 
   "end": "25.800", 
   "id": "f000059", 
   "language": "en", 
   "lines": [
    "lady."
   ]
  }
 ]
}