{
 "fragments": [
  {
   "begin": "0.000", 
   "end": "0.120", 
   "id": "f000001", 
   "language": "en", 
   "lines": [
    "A"
   ]
  }, 
  {
   "begin": "0.120", 
   "end": "0.480", 
   "id": "f000002", 
   "language": "en", 
   "lines": [
    "little"
   ]
  }, 
  {
   "begin": "0.480", 
   "end": "1.160", 
   "id": "f000003", 
   "language": "en", 
   "lines": [
    "later,"
   ]
  }, 
  {
   "begin": "1.160", 
   "end": "1.880", 
   "id": "f000004", 
   "language": "en", 
   "lines": [
    "Peddler"
   ]
  }, 
  {
   "begin": "1.880", 
   "end": "2.240", 
   "id": "f000005", 
   "language": "en", 
   "lines": [
    "Peng"
   ]
  }, 
  {
   "begin": "2.240", 
   "end": "2.560", 
   "id": "f000006", 
   "language": "en", 
   "lines": [
    "came"
   ]
  }, 
  {
   "begin": "2.560", 
   "end": "3.720", 
   "id": "f000007", 
   "language": "en", 
   "lines": [
    "by."
   ]
  }, 
  {
   "begin": "3.720", 
   "end": "3.960", 
   "id": "f000008", 
   "language": "en", 
   "lines": [
    "And"
   ]
  }, 
  {
   "begin": "3.960", 
   "end": "4.160", 
   "id": "f000009", 
   "language": "en", 
   "lines": [
    "what"
   ]
  }, 
  {
   "begin": "4.160", 
   "end": "4.480", 
   "id": "f000010", 
   "language": "en", 
   "lines": [
    "do"
   ]
  }, 
  {
   "begin": "4.480", 
   "end": "4.760", 
   "id": "f000011", 
   "language": "en", 
   "lines": [
    "you"
   ]
  }, 
  {
   "begin": "4.760", 
   "end": "5.000", 
   "id": "f000012", 
   "language": "en", 
   "lines": [
    "think"
   ]
  }, 
  {
   "begin": "5.000", 
   "end": "5.160", 
   "id": "f000013", 
   "language": "en", 
   "lines": [
    "he"
   ]
  }, 
  {
   "begin": "5.160", 
   "end": "5.560", 
   "id": "f000014", 
   "language": "en", 
   "lines": [
    "did"
   ]
  }, 
  {
   "begin": "5.560", 
   "end": "6.160", 
   "id": "f000015", 
   "language": "en", 
   "lines": [
    "when"
   ]
  }, 
  {
   "begin": "6.160", 
   "end": "6.280", 
   "id": "f000016", 
   "language": "en", 
   "lines": [
    "he"
   ]
  }, 
  {
   "begin": "6.280", 
   "end": "6.640", 
   "id": "f000017", 
   "language": "en", 
   "lines": [
    "saw"
   ]
  }, 
  {
   "begin": "6.640", 
   "end": "6.880", 
   "id": "f000018", 
   "language": "en", 
   "lines": [
    "the"
   ]
  }, 
  {
   "begin": "6.880", 
   "end": "6.920", 
   "id": "f000019", 
   "language": "en", 
   "lines": [
    "old"
   ]
  }, 
  {
   "begin": "6.920", 
   "end": "7.160", 
   "id": "f000020", 
   "language": "en", 
   "lines": [
    "lady"
   ]
  }, 
  {
   "begin": "7.160", 
   "end": "7.320", 
   "id": "f000021", 
   "language": "en", 
   "lines": [
    "and"
   ]
  }, 
  {
   "begin": "7.320", 
   "end": "7.480", 
   "id": "f000022", 
   "language": "en", 
   "lines": [
    "the"
   ]
  }, 
  {
   "begin": "7.480", 
   "end": "7.960", 
   "id": "f000023", 
   "language": "en", 
   "lines": [
    "warrior"
   ]
  }, 
  {
   "begin": "7.960", 
   "end": "8.440", 
   "id": "f000024", 
   "language": "en", 
   "lines": [
    "wailing"
   ]
  }, 
  {
   "begin": "8.440", 
   "end": "8.600", 
   "id": "f000025", 
   "language": "en", 
   "lines": [
    "in"
   ]
  }, 
  {
   "begin": "8.600", 
   "end": "9.840", 
   "id": "f000026", 
   "language": "en", 
   "lines": [
    "unison?"
   ]
  }, 
  {
   "begin": "9.840", 
   "end": "10.680", 
   "id": "f000027", 
   "language": "en", 
   "lines": [
    "Well,"
   ]
  }, 
  {
   "begin": "10.680", 
   "end": "10.800", 
   "id": "f000028", 
   "language": "en", 
   "lines": [
    "he"
   ]
  }, 
  {
   "begin": "10.800", 
   "end": "11.200", 
   "id": "f000029", 
   "language": "en", 
   "lines": [
    "sat"
   ]
  }, 
  {
   "begin": "11.200", 
   "end": "11.440", 
   "id": "f000030", 
   "language": "en", 
   "lines": [
    "down"
   ]
  }, 
  {
   "begin": "11.440", 
   "end": "11.640", 
   "id": "f000031", 
   "language": "en", 
   "lines": [
    "with"
   ]
  }, 
  {
   "begin": "11.640", 
   "end": "12.040", 
   "id": "f000032", 
   "language": "en", 
   "lines": [
    "them"
   ]
  }, 
  {
   "begin": "12.040", 
   "end": "12.240", 
   "id": "f000033", 
   "language": "en", 
   "lines": [
    "and"
   ]
  }, 
  {
   "begin": "12.240", 
   "end": "12.640", 
   "id": "f000034", 
   "language": "en", 
   "lines": [
    "began"
   ]
  }, 
  {
   "begin": "12.640", 
   "end": "13.040", 
   "id": "f000035", 
   "language": "en", 
   "lines": [
    "crying"
   ]
  }, 
  {
   "begin": "13.040", 
   "end": "14.240", 
   "id": "f000036", 
   "language": "en", 
   "lines": [
    "too!"
   ]
  }, 
  {
   "begin": "14.240", 
   "end": "14.680", 
   "id": "f000037", 
   "language": "en", 
   "lines": [
    "What"
   ]
  }, 
  {
   "begin": "14.680", 
   "end": "14.880", 
   "id": "f000038", 
   "language": "en", 
   "lines": [
    "a"
   ]
  }, 
  {
   "begin": "14.880", 
   "end": "15.080", 
   "id": "f000039", 
   "language": "en", 
   "lines": [
    "racket"
   ]
  }, 
  {
   "begin": "15.080", 
   "end": "15.240", 
   "id": "f000040", 
   "language": "en", 
   "lines": [
    "they"
   ]
  }, 
  {
   "begin": "15.240", 
   "end": "15.640", 
   "id": "f000041", 
   "language": "en", 
   "lines": [
    "created!"
   ]
  }, 
  {
   "begin": "15.640", 
   "end": "16.360", 
   "id": "f000042", 
   "language": "en", 
   "lines": [
    "\n\n"
   ]
  }, 
  {
   "begin": "16.360", 
   "end": "16.520", 
   "id": "f000043", 
   "language": "en", 
   "lines": [
    "The"
   ]
  }, 
  {
   "begin": "16.520", 
   "end": "16.800", 
   "id": "f000044", 
   "language": "en", 
   "lines": [
    "three"
   ]
  }, 
  {
   "begin": "16.800", 
   "end": "17.400", 
   "id": "f000045", 
   "language": "en", 
   "lines": [
    "wailers"
   ]
  }, 
  {
   "begin": "17.400", 
   "end": "18.080", 
   "id": "f000046", 
   "language": "en", 
   "lines": [
    "sobbing"
   ]
  }, 
  {
   "begin": "18.080", 
   "end": "18.600", 
   "id": "f000047", 
   "language": "en", 
   "lines": [
    "their"
   ]
  }, 
  {
   "begin": "18.600", 
   "end": "20.520", 
   "id": "f000048", 
   "language": "en", 
   "lines": [
    "hearts"
   ]
  }, 
  {
   "begin": "20.520", 
   "end": "22.360", 
   "id": "f000049", 
   "language": "en", 
   "lines": [
    "out\u2026\n"
   ]
  }, 
  {
   "begin": "22.360", 
   "end": "23.800", 
   "id": "f000050", 
   "language": "en", 
   "lines": [
    "Waaaaaaaa\u2026"
   ]
  }, 
  {
   "begin": "23.800", 
   "end": "26.040", 
   "id": "f000051", 
   "language": "en", 
   "lines": [
    "baaaaaaaawwww\u2026\u2026\n"
   ]
  }, 
  {
   "begin": "26.040", 
   "end": "27.080", 
   "id": "f000052", 
   "language": "en", 
   "lines": [
    "boooooooo\u2026\u2026."
   ]
  }, 
  {
   "begin": "27.080", 
   "end": "28.360", 
   "id": "f000053", 
   "language": "en", 
   "lines": [
    "Hoooooooo\u2026\u2026."
   ]
  }
 ]
}