{
 "fragments": [
  {
   "begin": "0.000", 
   "end": "0.280", 
   "id": "f000001", 
   "language": "en", 
   "lines": [
    "One"
   ]
  }, 
  {
   "begin": "0.280", 
   "end": "0.680", 
   "id": "f000002", 
   "language": "en", 
   "lines": [
    "day"
   ]
  }, 
  {
   "begin": "0.680", 
   "end": "0.960", 
   "id": "f000003", 
   "language": "en", 
   "lines": [
    "old"
   ]
  }, 
  {
   "begin": "0.960", 
   "end": "1.360", 
   "id": "f000004", 
   "language": "en", 
   "lines": [
    "Mrs."
   ]
  }, 
  {
   "begin": "1.360", 
   "end": "1.680", 
   "id": "f000005", 
   "language": "en", 
   "lines": [
    "Chang"
   ]
  }, 
  {
   "begin": "1.680", 
   "end": "1.760", 
   "id": "f000006", 
   "language": "en", 
   "lines": [
    "in"
   ]
  }, 
  {
   "begin": "1.760", 
   "end": "1.920", 
   "id": "f000007", 
   "language": "en", 
   "lines": [
    "the"
   ]
  }, 
  {
   "begin": "1.920", 
   "end": "2.320", 
   "id": "f000008", 
   "language": "en", 
   "lines": [
    "village"
   ]
  }, 
  {
   "begin": "2.320", 
   "end": "2.560", 
   "id": "f000009", 
   "language": "en", 
   "lines": [
    "got"
   ]
  }, 
  {
   "begin": "2.560", 
   "end": "2.840", 
   "id": "f000010", 
   "language": "en", 
   "lines": [
    "a"
   ]
  }, 
  {
   "begin": "2.840", 
   "end": "3.480", 
   "id": "f000011", 
   "language": "en", 
   "lines": [
    "letter."
   ]
  }, 
  {
   "begin": "3.480", 
   "end": "3.600", 
   "id": "f000012", 
   "language": "en", 
   "lines": [
    "It"
   ]
  }, 
  {
   "begin": "3.600", 
   "end": "3.840", 
   "id": "f000013", 
   "language": "en", 
   "lines": [
    "was"
   ]
  }, 
  {
   "begin": "3.840", 
   "end": "4.040", 
   "id": "f000014", 
   "language": "en", 
   "lines": [
    "from"
   ]
  }, 
  {
   "begin": "4.040", 
   "end": "4.200", 
   "id": "f000015", 
   "language": "en", 
   "lines": [
    "her"
   ]
  }, 
  {
   "begin": "4.200", 
   "end": "4.520", 
   "id": "f000016", 
   "language": "en", 
   "lines": [
    "son"
   ]
  }, 
  {
   "begin": "4.520", 
   "end": "4.920", 
   "id": "f000017", 
   "language": "en", 
   "lines": [
    "Chen,"
   ]
  }, 
  {
   "begin": "4.920", 
   "end": "5.400", 
   "id": "f000018", 
   "language": "en", 
   "lines": [
    "who"
   ]
  }, 
  {
   "begin": "5.400", 
   "end": "5.880", 
   "id": "f000019", 
   "language": "en", 
   "lines": [
    "lived"
   ]
  }, 
  {
   "begin": "5.880", 
   "end": "6.240", 
   "id": "f000020", 
   "language": "en", 
   "lines": [
    "far"
   ]
  }, 
  {
   "begin": "6.240", 
   "end": "6.640", 
   "id": "f000021", 
   "language": "en", 
   "lines": [
    "away"
   ]
  }, 
  {
   "begin": "6.640", 
   "end": "6.840", 
   "id": "f000022", 
   "language": "en", 
   "lines": [
    "in"
   ]
  }, 
  {
   "begin": "6.840", 
   "end": "7.720", 
   "id": "f000023", 
   "language": "en", 
   "lines": [
    "Beijing."
   ]
  }, 
  {
   "begin": "7.720", 
   "end": "7.920", 
   "id": "f000024", 
   "language": "en", 
   "lines": [
    "She"
   ]
  }, 
  {
   "begin": "7.920", 
   "end": "8.120", 
   "id": "f000025", 
   "language": "en", 
   "lines": [
    "could"
   ]
  }, 
  {
   "begin": "8.120", 
   "end": "8.280", 
   "id": "f000026", 
   "language": "en", 
   "lines": [
    "not"
   ]
  }, 
  {
   "begin": "8.280", 
   "end": "8.360", 
   "id": "f000027", 
   "language": "en", 
   "lines": [
    "read,"
   ]
  }, 
  {
   "begin": "8.360", 
   "end": "9.200", 
   "id": "f000028", 
   "language": "en", 
   "lines": [
    "so"
   ]
  }, 
  {
   "begin": "9.200", 
   "end": "9.440", 
   "id": "f000029", 
   "language": "en", 
   "lines": [
    "she"
   ]
  }, 
  {
   "begin": "9.440", 
   "end": "9.720", 
   "id": "f000030", 
   "language": "en", 
   "lines": [
    "waited"
   ]
  }, 
  {
   "begin": "9.720", 
   "end": "10.000", 
   "id": "f000031", 
   "language": "en", 
   "lines": [
    "in"
   ]
  }, 
  {
   "begin": "10.000", 
   "end": "10.240", 
   "id": "f000032", 
   "language": "en", 
   "lines": [
    "front"
   ]
  }, 
  {
   "begin": "10.240", 
   "end": "10.240", 
   "id": "f000033", 
   "language": "en", 
   "lines": [
    "of"
   ]
  }, 
  {
   "begin": "10.240", 
   "end": "10.520", 
   "id": "f000034", 
   "language": "en", 
   "lines": [
    "her"
   ]
  }, 
  {
   "begin": "10.520", 
   "end": "11.000", 
   "id": "f000035", 
   "language": "en", 
   "lines": [
    "house"
   ]
  }, 
  {
   "begin": "11.000", 
   "end": "11.400", 
   "id": "f000036", 
   "language": "en", 
   "lines": [
    "for"
   ]
  }, 
  {
   "begin": "11.400", 
   "end": "11.800", 
   "id": "f000037", 
   "language": "en", 
   "lines": [
    "someone"
   ]
  }, 
  {
   "begin": "11.800", 
   "end": "11.920", 
   "id": "f000038", 
   "language": "en", 
   "lines": [
    "to"
   ]
  }, 
  {
   "begin": "11.920", 
   "end": "12.160", 
   "id": "f000039", 
   "language": "en", 
   "lines": [
    "come"
   ]
  }, 
  {
   "begin": "12.160", 
   "end": "12.480", 
   "id": "f000040", 
   "language": "en", 
   "lines": [
    "by"
   ]
  }, 
  {
   "begin": "12.480", 
   "end": "12.480", 
   "id": "f000041", 
   "language": "en", 
   "lines": [
    "who"
   ]
  }, 
  {
   "begin": "12.480", 
   "end": "12.720", 
   "id": "f000042", 
   "language": "en", 
   "lines": [
    "could"
   ]
  }, 
  {
   "begin": "12.720", 
   "end": "13.120", 
   "id": "f000043", 
   "language": "en", 
   "lines": [
    "read"
   ]
  }, 
  {
   "begin": "13.120", 
   "end": "13.320", 
   "id": "f000044", 
   "language": "en", 
   "lines": [
    "out"
   ]
  }, 
  {
   "begin": "13.320", 
   "end": "13.480", 
   "id": "f000045", 
   "language": "en", 
   "lines": [
    "the"
   ]
  }, 
  {
   "begin": "13.480", 
   "end": "13.760", 
   "id": "f000046", 
   "language": "en", 
   "lines": [
    "letter"
   ]
  }, 
  {
   "begin": "13.760", 
   "end": "13.760", 
   "id": "f000047", 
   "language": "en", 
   "lines": [
    "to&nbsp;her.\n"
   ]
  }, 
  {
   "begin": "13.760", 
   "end": "14.680", 
   "id": "f000048", 
   "language": "en", 
   "lines": [
    ""
   ]
  }, 
  {
   "begin": "14.680", 
   "end": "14.920", 
   "id": "f000049", 
   "language": "en", 
   "lines": [
    "After"
   ]
  }, 
  {
   "begin": "14.920", 
   "end": "15.280", 
   "id": "f000050", 
   "language": "en", 
   "lines": [
    "some"
   ]
  }, 
  {
   "begin": "15.280", 
   "end": "16.040", 
   "id": "f000051", 
   "language": "en", 
   "lines": [
    "time,"
   ]
  }, 
  {
   "begin": "16.040", 
   "end": "16.560", 
   "id": "f000052", 
   "language": "en", 
   "lines": [
    "Warrior"
   ]
  }, 
  {
   "begin": "16.560", 
   "end": "16.840", 
   "id": "f000053", 
   "language": "en", 
   "lines": [
    "Wen"
   ]
  }, 
  {
   "begin": "16.840", 
   "end": "17.200", 
   "id": "f000054", 
   "language": "en", 
   "lines": [
    "came"
   ]
  }, 
  {
   "begin": "17.200", 
   "end": "17.840", 
   "id": "f000055", 
   "language": "en", 
   "lines": [
    "by,"
   ]
  }, 
  {
   "begin": "17.840", 
   "end": "18.320", 
   "id": "f000056", 
   "language": "en", 
   "lines": [
    "swinging"
   ]
  }, 
  {
   "begin": "18.320", 
   "end": "18.600", 
   "id": "f000057", 
   "language": "en", 
   "lines": [
    "his"
   ]
  }, 
  {
   "begin": "18.600", 
   "end": "19.400", 
   "id": "f000058", 
   "language": "en", 
   "lines": [
    "exquisitely"
   ]
  }, 
  {
   "begin": "19.400", 
   "end": "19.880", 
   "id": "f000059", 
   "language": "en", 
   "lines": [
    "carved"
   ]
  }, 
  {
   "begin": "19.880", 
   "end": "20.840", 
   "id": "f000060", 
   "language": "en", 
   "lines": [
    "staff."
   ]
  }, 
  {
   "begin": "20.840", 
   "end": "21.160", 
   "id": "f000061", 
   "language": "en", 
   "lines": [
    "Old"
   ]
  }, 
  {
   "begin": "21.160", 
   "end": "21.520", 
   "id": "f000062", 
   "language": "en", 
   "lines": [
    "Mrs."
   ]
  }, 
  {
   "begin": "21.520", 
   "end": "21.880", 
   "id": "f000063", 
   "language": "en", 
   "lines": [
    "Chang"
   ]
  }, 
  {
   "begin": "21.880", 
   "end": "22.320", 
   "id": "f000064", 
   "language": "en", 
   "lines": [
    "stopped"
   ]
  }, 
  {
   "begin": "22.320", 
   "end": "22.720", 
   "id": "f000065", 
   "language": "en", 
   "lines": [
    "him"
   ]
  }, 
  {
   "begin": "22.720", 
   "end": "22.920", 
   "id": "f000066", 
   "language": "en", 
   "lines": [
    "and"
   ]
  }, 
  {
   "begin": "22.920", 
   "end": "23.320", 
   "id": "f000067", 
   "language": "en", 
   "lines": [
    "said,"
   ]
  }, 
  {
   "begin": "23.320", 
   "end": "24.200", 
   "id": "f000068", 
   "language": "en", 
   "lines": [
    "\u201cO"
   ]
  }, 
  {
   "begin": "24.200", 
   "end": "24.800", 
   "id": "f000069", 
   "language": "en", 
   "lines": [
    "brave"
   ]
  }, 
  {
   "begin": "24.800", 
   "end": "25.360", 
   "id": "f000070", 
   "language": "en", 
   "lines": [
    "warrior,"
   ]
  }, 
  {
   "begin": "25.360", 
   "end": "26.080", 
   "id": "f000071", 
   "language": "en", 
   "lines": [
    "could"
   ]
  }, 
  {
   "begin": "26.080", 
   "end": "26.240", 
   "id": "f000072", 
   "language": "en", 
   "lines": [
    "you"
   ]
  }, 
  {
   "begin": "26.240", 
   "end": "26.240", 
   "id": "f000073", 
   "language": "en", 
   "lines": [
    "do"
   ]
  }, 
  {
   "begin": "26.240", 
   "end": "26.600", 
   "id": "f000074", 
   "language": "en", 
   "lines": [
    "me"
   ]
  }, 
  {
   "begin": "26.600", 
   "end": "26.760", 
   "id": "f000075", 
   "language": "en", 
   "lines": [
    "a"
   ]
  }, 
  {
   "begin": "26.760", 
   "end": "27.080", 
   "id": "f000076", 
   "language": "en", 
   "lines": [
    "favour"
   ]
  }, 
  {
   "begin": "27.080", 
   "end": "27.680", 
   "id": "f000077", 
   "language": "en", 
   "lines": [
    "and"
   ]
  }, 
  {
   "begin": "27.680", 
   "end": "28.200", 
   "id": "f000078", 
   "language": "en", 
   "lines": [
    "read"
   ]
  }, 
  {
   "begin": "28.200", 
   "end": "28.440", 
   "id": "f000079", 
   "language": "en", 
   "lines": [
    "out"
   ]
  }, 
  {
   "begin": "28.440", 
   "end": "28.720", 
   "id": "f000080", 
   "language": "en", 
   "lines": [
    "this"
   ]
  }, 
  {
   "begin": "28.720", 
   "end": "29.160", 
   "id": "f000081", 
   "language": "en", 
   "lines": [
    "letter"
   ]
  }, 
  {
   "begin": "29.160", 
   "end": "29.360", 
   "id": "f000082", 
   "language": "en", 
   "lines": [
    "from"
   ]
  }, 
  {
   "begin": "29.360", 
   "end": "29.600", 
   "id": "f000083", 
   "language": "en", 
   "lines": [
    "my"
   ]
  }, 
  {
   "begin": "29.600", 
   "end": "30.000", 
   "id": "f000084", 
   "language": "en", 
   "lines": [
    "son"
   ]
  }, 
  {
   "begin": "30.000", 
   "end": "30.200", 
   "id": "f000085", 
   "language": "en", 
   "lines": [
    "to"
   ]
  }, 
  {
   "begin": "30.200", 
   "end": "31.320", 
   "id": "f000086", 
   "language": "en", 
   "lines": [
    "me?\u201d"
   ]
  }, 
  {
   "begin": "31.320", 
   "end": "31.800", 
   "id": "f000087", 
   "language": "en", 
   "lines": [
    "Warrior"
   ]
  }, 
  {
   "begin": "31.800", 
   "end": "32.120", 
   "id": "f000088", 
   "language": "en", 
   "lines": [
    "Wen"
   ]
  }, 
  {
   "begin": "32.120", 
   "end": "33.040", 
   "id": "f000089", 
   "language": "en", 
   "lines": [
    "immediately"
   ]
  }, 
  {
   "begin": "33.040", 
   "end": "33.720", 
   "id": "f000090", 
   "language": "en", 
   "lines": [
    "agreed."
   ]
  }
 ]
}