{
 "fragments": [
  {
   "begin": "0.000", 
   "end": "0.360", 
   "id": "f000001", 
   "language": "en", 
   "lines": [
    "That"
   ]
  }, 
  {
   "begin": "0.360", 
   "end": "0.560", 
   "id": "f000002", 
   "language": "en", 
   "lines": [
    "is"
   ]
  }, 
  {
   "begin": "0.560", 
   "end": "1.120", 
   "id": "f000003", 
   "language": "en", 
   "lines": [
    "Devi's"
   ]
  }, 
  {
   "begin": "1.120", 
   "end": "1.760", 
   "id": "f000004", 
   "language": "en", 
   "lines": [
    "father"
   ]
  }, 
  {
   "begin": "1.760", 
   "end": "1.920", 
   "id": "f000005", 
   "language": "en", 
   "lines": [
    "at"
   ]
  }, 
  {
   "begin": "1.920", 
   "end": "2.080", 
   "id": "f000006", 
   "language": "en", 
   "lines": [
    "the"
   ]
  }, 
  {
   "begin": "2.080", 
   "end": "2.320", 
   "id": "f000007", 
   "language": "en", 
   "lines": [
    "top"
   ]
  }, 
  {
   "begin": "2.320", 
   "end": "2.480", 
   "id": "f000008", 
   "language": "en", 
   "lines": [
    "of"
   ]
  }, 
  {
   "begin": "2.480", 
   "end": "2.720", 
   "id": "f000009", 
   "language": "en", 
   "lines": [
    "the"
   ]
  }, 
  {
   "begin": "2.720", 
   "end": "3.080", 
   "id": "f000010", 
   "language": "en", 
   "lines": [
    "road!"
   ]
  }, 
  {
   "begin": "3.080", 
   "end": "4.840", 
   "id": "f000011", 
   "language": "en", 
   "lines": [
    "Quick!"
   ]
  }, 
  {
   "begin": "4.840", 
   "end": "5.200", 
   "id": "f000012", 
   "language": "en", 
   "lines": [
    "Think"
   ]
  }, 
  {
   "begin": "5.200", 
   "end": "5.320", 
   "id": "f000013", 
   "language": "en", 
   "lines": [
    "of"
   ]
  }, 
  {
   "begin": "5.320", 
   "end": "5.920", 
   "id": "f000014", 
   "language": "en", 
   "lines": [
    "something!\n"
   ]
  }, 
  {
   "begin": "5.920", 
   "end": "5.920", 
   "id": "f000015", 
   "language": "en", 
   "lines": [
    ""
   ]
  }, 
  {
   "begin": "5.920", 
   "end": "6.600", 
   "id": "f000016", 
   "language": "en", 
   "lines": [
    ""
   ]
  }, 
  {
   "begin": "6.600", 
   "end": "7.080", 
   "id": "f000017", 
   "language": "en", 
   "lines": [
    "Leela"
   ]
  }, 
  {
   "begin": "7.080", 
   "end": "7.280", 
   "id": "f000018", 
   "language": "en", 
   "lines": [
    "is"
   ]
  }, 
  {
   "begin": "7.280", 
   "end": "7.920", 
   "id": "f000019", 
   "language": "en", 
   "lines": [
    "tottering"
   ]
  }, 
  {
   "begin": "7.920", 
   "end": "8.160", 
   "id": "f000020", 
   "language": "en", 
   "lines": [
    "under"
   ]
  }, 
  {
   "begin": "8.160", 
   "end": "8.400", 
   "id": "f000021", 
   "language": "en", 
   "lines": [
    "the"
   ]
  }, 
  {
   "begin": "8.400", 
   "end": "8.840", 
   "id": "f000022", 
   "language": "en", 
   "lines": [
    "long"
   ]
  }, 
  {
   "begin": "8.840", 
   "end": "9.160", 
   "id": "f000023", 
   "language": "en", 
   "lines": [
    "pole"
   ]
  }, 
  {
   "begin": "9.160", 
   "end": "9.640", 
   "id": "f000024", 
   "language": "en", 
   "lines": [
    "she"
   ]
  }, 
  {
   "begin": "9.640", 
   "end": "10.080", 
   "id": "f000025", 
   "language": "en", 
   "lines": [
    "has"
   ]
  }, 
  {
   "begin": "10.080", 
   "end": "10.760", 
   "id": "f000026", 
   "language": "en", 
   "lines": [
    "found."
   ]
  }, 
  {
   "begin": "10.760", 
   "end": "11.080", 
   "id": "f000027", 
   "language": "en", 
   "lines": [
    "It's"
   ]
  }, 
  {
   "begin": "11.080", 
   "end": "11.320", 
   "id": "f000028", 
   "language": "en", 
   "lines": [
    "about"
   ]
  }, 
  {
   "begin": "11.320", 
   "end": "11.440", 
   "id": "f000029", 
   "language": "en", 
   "lines": [
    "to"
   ]
  }, 
  {
   "begin": "11.440", 
   "end": "12.240", 
   "id": "f000030", 
   "language": "en", 
   "lines": [
    "fall!"
   ]
  }
 ]
}