{
 "fragments": [
  {
   "begin": "0.000", 
   "end": "0.600", 
   "id": "f000001", 
   "language": "en", 
   "lines": [
    "She"
   ]
  }, 
  {
   "begin": "0.600", 
   "end": "1.080", 
   "id": "f000002", 
   "language": "en", 
   "lines": [
    "wants"
   ]
  }, 
  {
   "begin": "1.080", 
   "end": "1.360", 
   "id": "f000003", 
   "language": "en", 
   "lines": [
    "Devi"
   ]
  }, 
  {
   "begin": "1.360", 
   "end": "1.800", 
   "id": "f000004", 
   "language": "en", 
   "lines": [
    "to"
   ]
  }, 
  {
   "begin": "1.800", 
   "end": "2.320", 
   "id": "f000005", 
   "language": "en", 
   "lines": [
    "use"
   ]
  }, 
  {
   "begin": "2.320", 
   "end": "2.600", 
   "id": "f000006", 
   "language": "en", 
   "lines": [
    "a"
   ]
  }, 
  {
   "begin": "2.600", 
   "end": "3.040", 
   "id": "f000007", 
   "language": "en", 
   "lines": [
    "long"
   ]
  }, 
  {
   "begin": "3.040", 
   "end": "3.560", 
   "id": "f000008", 
   "language": "en", 
   "lines": [
    "stick"
   ]
  }, 
  {
   "begin": "3.560", 
   "end": "4.160", 
   "id": "f000009", 
   "language": "en", 
   "lines": [
    "to"
   ]
  }, 
  {
   "begin": "4.160", 
   "end": "4.840", 
   "id": "f000010", 
   "language": "en", 
   "lines": [
    "untangle"
   ]
  }, 
  {
   "begin": "4.840", 
   "end": "4.920", 
   "id": "f000011", 
   "language": "en", 
   "lines": [
    "the"
   ]
  }, 
  {
   "begin": "4.920", 
   "end": "6.600", 
   "id": "f000012", 
   "language": "en", 
   "lines": [
    "sari."
   ]
  }, 
  {
   "begin": "6.600", 
   "end": "6.880", 
   "id": "f000013", 
   "language": "en", 
   "lines": [
    "All"
   ]
  }, 
  {
   "begin": "6.880", 
   "end": "7.040", 
   "id": "f000014", 
   "language": "en", 
   "lines": [
    "the"
   ]
  }, 
  {
   "begin": "7.040", 
   "end": "7.440", 
   "id": "f000015", 
   "language": "en", 
   "lines": [
    "kids"
   ]
  }, 
  {
   "begin": "7.440", 
   "end": "7.480", 
   "id": "f000016", 
   "language": "en", 
   "lines": [
    "are"
   ]
  }, 
  {
   "begin": "7.480", 
   "end": "8.440", 
   "id": "f000017", 
   "language": "en", 
   "lines": [
    "laughing"
   ]
  }, 
  {
   "begin": "8.440", 
   "end": "9.440", 
   "id": "f000018", 
   "language": "en", 
   "lines": [
    "at"
   ]
  }, 
  {
   "begin": "9.440", 
   "end": "9.760", 
   "id": "f000019", 
   "language": "en", 
   "lines": [
    "her.\n"
   ]
  }, 
  {
   "begin": "9.760", 
   "end": "9.760", 
   "id": "f000020", 
   "language": "en", 
   "lines": [
    ""
   ]
  }, 
  {
   "begin": "9.760", 
   "end": "9.760", 
   "id": "f000021", 
   "language": "en", 
   "lines": [
    ""
   ]
  }, 
  {
   "begin": "9.760", 
   "end": "9.760", 
   "id": "f000022", 
   "language": "en", 
   "lines": [
    "\u201cIf"
   ]
  }, 
  {
   "begin": "9.760", 
   "end": "9.760", 
   "id": "f000023", 
   "language": "en", 
   "lines": [
    "it"
   ]
  }, 
  {
   "begin": "9.760", 
   "end": "10.080", 
   "id": "f000024", 
   "language": "en", 
   "lines": [
    "was"
   ]
  }, 
  {
   "begin": "10.080", 
   "end": "10.440", 
   "id": "f000025", 
   "language": "en", 
   "lines": [
    "that"
   ]
  }, 
  {
   "begin": "10.440", 
   "end": "10.880", 
   "id": "f000026", 
   "language": "en", 
   "lines": [
    "easy,"
   ]
  }, 
  {
   "begin": "10.880", 
   "end": "10.880", 
   "id": "f000027", 
   "language": "en", 
   "lines": [
    "do"
   ]
  }, 
  {
   "begin": "10.880", 
   "end": "11.320", 
   "id": "f000028", 
   "language": "en", 
   "lines": [
    "you"
   ]
  }, 
  {
   "begin": "11.320", 
   "end": "12.120", 
   "id": "f000029", 
   "language": "en", 
   "lines": [
    "think"
   ]
  }, 
  {
   "begin": "12.120", 
   "end": "12.360", 
   "id": "f000030", 
   "language": "en", 
   "lines": [
    "WE"
   ]
  }, 
  {
   "begin": "12.360", 
   "end": "12.960", 
   "id": "f000031", 
   "language": "en", 
   "lines": [
    "wouldn\u2019t"
   ]
  }, 
  {
   "begin": "12.960", 
   "end": "13.560", 
   "id": "f000032", 
   "language": "en", 
   "lines": [
    "have"
   ]
  }, 
  {
   "begin": "13.560", 
   "end": "13.680", 
   "id": "f000033", 
   "language": "en", 
   "lines": [
    "thought"
   ]
  }, 
  {
   "begin": "13.680", 
   "end": "13.680", 
   "id": "f000034", 
   "language": "en", 
   "lines": [
    "of"
   ]
  }, 
  {
   "begin": "13.680", 
   "end": "13.680", 
   "id": "f000035", 
   "language": "en", 
   "lines": [
    "it?\u201d"
   ]
  }, 
  {
   "begin": "13.680", 
   "end": "14.680", 
   "id": "f000036", 
   "language": "en", 
   "lines": [
    "they"
   ]
  }, 
  {
   "begin": "14.680", 
   "end": "15.360", 
   "id": "f000037", 
   "language": "en", 
   "lines": [
    "ask."
   ]
  }
 ]
}