{
 "fragments": [
  {
   "begin": "0.000", 
   "end": "0.840", 
   "id": "f000001", 
   "language": "en", 
   "lines": [
    "Salia"
   ]
  }, 
  {
   "begin": "0.840", 
   "end": "1.200", 
   "id": "f000002", 
   "language": "en", 
   "lines": [
    "is"
   ]
  }, 
  {
   "begin": "1.200", 
   "end": "1.520", 
   "id": "f000003", 
   "language": "en", 
   "lines": [
    "taking"
   ]
  }, 
  {
   "begin": "1.520", 
   "end": "1.880", 
   "id": "f000004", 
   "language": "en", 
   "lines": [
    "running"
   ]
  }, 
  {
   "begin": "1.880", 
   "end": "2.240", 
   "id": "f000005", 
   "language": "en", 
   "lines": [
    "jumps"
   ]
  }, 
  {
   "begin": "2.240", 
   "end": "2.280", 
   "id": "f000006", 
   "language": "en", 
   "lines": [
    "at"
   ]
  }, 
  {
   "begin": "2.280", 
   "end": "2.600", 
   "id": "f000007", 
   "language": "en", 
   "lines": [
    "the"
   ]
  }, 
  {
   "begin": "2.600", 
   "end": "3.960", 
   "id": "f000008", 
   "language": "en", 
   "lines": [
    "sari."
   ]
  }, 
  {
   "begin": "3.960", 
   "end": "4.200", 
   "id": "f000009", 
   "language": "en", 
   "lines": [
    "She"
   ]
  }, 
  {
   "begin": "4.200", 
   "end": "4.400", 
   "id": "f000010", 
   "language": "en", 
   "lines": [
    "is"
   ]
  }, 
  {
   "begin": "4.400", 
   "end": "4.960", 
   "id": "f000011", 
   "language": "en", 
   "lines": [
    "quite"
   ]
  }, 
  {
   "begin": "4.960", 
   "end": "5.280", 
   "id": "f000012", 
   "language": "en", 
   "lines": [
    "tall,"
   ]
  }, 
  {
   "begin": "5.280", 
   "end": "5.400", 
   "id": "f000013", 
   "language": "en", 
   "lines": [
    "and"
   ]
  }, 
  {
   "begin": "5.400", 
   "end": "5.840", 
   "id": "f000014", 
   "language": "en", 
   "lines": [
    "her"
   ]
  }, 
  {
   "begin": "5.840", 
   "end": "7.040", 
   "id": "f000015", 
   "language": "en", 
   "lines": [
    "fingers"
   ]
  }, 
  {
   "begin": "7.040", 
   "end": "7.360", 
   "id": "f000016", 
   "language": "en", 
   "lines": [
    "just"
   ]
  }, 
  {
   "begin": "7.360", 
   "end": "7.880", 
   "id": "f000017", 
   "language": "en", 
   "lines": [
    "touch"
   ]
  }, 
  {
   "begin": "7.880", 
   "end": "8.000", 
   "id": "f000018", 
   "language": "en", 
   "lines": [
    "the"
   ]
  }, 
  {
   "begin": "8.000", 
   "end": "9.360", 
   "id": "f000019", 
   "language": "en", 
   "lines": [
    "cloth."
   ]
  }, 
  {
   "begin": "9.360", 
   "end": "9.760", 
   "id": "f000020", 
   "language": "en", 
   "lines": [
    "Now"
   ]
  }, 
  {
   "begin": "9.760", 
   "end": "10.240", 
   "id": "f000021", 
   "language": "en", 
   "lines": [
    "ALL"
   ]
  }, 
  {
   "begin": "10.240", 
   "end": "10.240", 
   "id": "f000022", 
   "language": "en", 
   "lines": [
    "the"
   ]
  }, 
  {
   "begin": "10.240", 
   "end": "10.680", 
   "id": "f000023", 
   "language": "en", 
   "lines": [
    "children"
   ]
  }, 
  {
   "begin": "10.680", 
   "end": "10.760", 
   "id": "f000024", 
   "language": "en", 
   "lines": [
    "are"
   ]
  }, 
  {
   "begin": "10.760", 
   "end": "11.320", 
   "id": "f000025", 
   "language": "en", 
   "lines": [
    "lining"
   ]
  }, 
  {
   "begin": "11.320", 
   "end": "11.480", 
   "id": "f000026", 
   "language": "en", 
   "lines": [
    "up"
   ]
  }, 
  {
   "begin": "11.480", 
   "end": "11.720", 
   "id": "f000027", 
   "language": "en", 
   "lines": [
    "for"
   ]
  }, 
  {
   "begin": "11.720", 
   "end": "12.920", 
   "id": "f000028", 
   "language": "en", 
   "lines": [
    "jumps!"
   ]
  }
 ]
}