{"id":55,"name":"The Flyaway Cradle","writtenby":"Sridala Swami","illustrationsby":"Sanjay Sarkar","translationby":"","source":"Pratham Books","status":"active","level":2,"pages":[{"id":549,"content":"That is a cradle hanging from the Neem tree. You know what is in there? Devi\u2019s little sister!","pageno":1,"image":"800f98b0dde309226ac982f275474811.jpg","audio":"93f355090ff84da6baf3cddcc1e5f2d5.mp3","audio_map":"e7f689bf435ccd98cd40166ff28e5a1f.json","language":[]},{"id":550,"content":"Yes, she is crying. You mean you can hear it as well? Devi certainly can. And she is sick of it!","pageno":2,"image":"84f8bd86edddb7b3c6d7cbc2bd1b1088.jpg","audio":"44c06cd136d302043ad1e4e56e4c2f36.mp3","audio_map":"95b03e32ca580f81f1a1b17111c10f0e.json","language":[]},{"id":551,"content":"Devi has finally stopped playing hopscotch, and she has taken her sister out. Oops! The cradle is flying! Right over the tree! It\u2019s only an old sari, what do you expect?","pageno":3,"image":"877dad3027931794b6209ce532fc26b1.jpg","audio":"ebdb991e1fcd329c02e62e61c410a5f1.mp3","audio_map":"9a368ff954433f8fea9635831b3c2ce3.json","language":[]},{"id":552,"content":"That is Krishna, Devi\u2019s friend. He thinks throwing small rocks at the sari will bring it down. The little girl in the orange skirt is Leela.","pageno":4,"image":"4795f8e8136ba36229b84c4e5bb35ae6.jpg","audio":"65adc5bb17f4463a629b3be29ea1cec2.mp3","audio_map":"9a7e18e1e63cfbfdf2fc3e3020726970.json","language":[]},{"id":553,"content":"She wants Devi to use a long stick to untangle the sari. All the kids are laughing at her. \n\u201cIf it was that easy, do you think WE wouldn\u2019t have thought of it?\u201d they ask.","pageno":5,"image":"c65d9368f992a1321169d90072943176.jpg","audio":"b8700f7cd83b778a261ac9e87097e3cd.mp3","audio_map":"0859ff7bffd54ca281614b1c72a83581.json","language":[]},{"id":554,"content":"Salia is taking running jumps at the sari. She is quite tall, and her fingers just touch the cloth. Now ALL the children are lining up for jumps!","pageno":6,"image":"a6d8922a08279cd52340c3eb7354c69f.jpg","audio":"793ba2ec3146d2c1bc28c60177c46371.mp3","audio_map":"13272e6574cfbe83265ba06f6bb697ca.json","language":[]},{"id":555,"content":"Devi\u2019s sister is quite happy. She is smiling and chewing on some grass she has found. Oh, no, she isn\u2019t. Devi has taken it from her.","pageno":7,"image":"50ffdce291431ec834de28f357996b46.jpg","audio":"0b421dbb5f520e9f9d5cf6b3216251ad.mp3","audio_map":"5d0ada4ddc692324213dad4ee019ddc2.json","language":[]},{"id":556,"content":"Raju has organised all the children, big ones first, small ones later. Oh,gosh! \nDo you think he's going to make them climb on top of each other? Yes! and they are going to manage it!","pageno":8,"image":"4160b1a899e7074c10a6c98d3a2d0a0a.jpg","audio":"014420d60a855fdf51ab8d6f81385ea3.mp3","audio_map":"6d922a3d1e16d36ca50b52d1b898dc3f.json","language":[]},{"id":557,"content":"No, they are not! What now?","pageno":9,"image":"c7d8f757c49782a05616ab2607d64ebf.jpg","audio":"258f80bc3dac0074f9bec825f1cacef8.mp3","audio_map":"68d3555ab9f9fd0ea5dcb5b1c3e71c33.json","language":[]},{"id":558,"content":"That is Devi's father at the top of the road! Quick! Think of something! \nLeela is tottering under the long pole she has found. It's about to fall!","pageno":10,"image":"1770a8eefa3ed7907055ed0df8705fbb.jpg","audio":"f41e4e497fd19a65290c2ada3d35f3b7.mp3","audio_map":"071601503e9a971e80f120d1cb830a0c.json","language":[]},{"id":559,"content":"No, it isn't. Krishna has taken it from her. Raju is helping too. This time they just might get it down!","pageno":11,"image":"82691fc5f5a438354a37467f2587b137.jpg","audio":"91186eb87aabbf2e258701d2ebd7606d.mp3","audio_map":"35ca2ec3f10f95d257c9eef0a19e2212.json","language":[]},{"id":561,"content":"Quick! Put the baby in the cradle before Devi's father sees!\u00a0 In any case, it is nice to have friends to play hopscotch with.","pageno":12,"image":"eca6294ed62e46caa93ea9a6d5eea547.jpg","audio":"eea8f3d612bc56cec5dce8b90f0ad8a9.mp3","audio_map":"8ecb6fd8abdb34b223fe33b3d4fb467b.json","language":[]}],"language":[],"questions":[{"id":5709,"type":"pre","storypage_id":0,"order_number":1,"title":"Learning new words","question":{"question_type":"vocabulary","question":{"text":"Learning new words","image":"","type":"text"},"words":[{"word":"cradle","image":"cc10c9f512ad7f0707767ead7505dda9.png"},{"word":"hopscotch","image":"3649ea82a8a9d6deb109c779703527b8.png"},{"word":"stick","image":"55ca690ac8d29e97faf60594caad4e65.png"},{"word":"lining up","image":"a614f8f26d07b4913571a0809cd9c00c.png"}]},"score":1,"question_template_id":21,"question_template":"Vocab"},{"id":5947,"type":"pre","storypage_id":0,"order_number":2,"title":"Choose the correct answer.","question":{"question_type":"mcq_single_answer","question":{"text":"What do you think this story is about?","image":"","type":"text"},"options":[{"text":"A cradle","type":"text","image":"","ans":1},{"text":"A tree","type":"text","image":"","ans":1},{"text":"Imagination","type":"text","image":"","ans":1},{"text":"Children","type":"text","image":"","ans":1}],"answers":["A cradle","A tree","Imagination","Children"]},"score":1,"question_template_id":2,"question_template":"Text MCQ"},{"id":5954,"type":"post","storypage_id":0,"order_number":1,"title":"What is happening in this picture?","question":{"question_type":"story_read_aloud","question":{"text":"","image":"372e681a3ed602a2e99f60371a909239.jpg","type":"image"}},"score":1,"question_template_id":7,"question_template":"Describe an Image"},{"id":5948,"type":"during","storypage_id":549,"order_number":1,"title":"Choose the correct answer.","question":{"question_type":"mcq_single_answer","question":{"text":"Who is in the cradle?","image":"","type":"text"},"options":[{"text":"Devi's little sister","type":"both","image":"cb7456557e6d0f64865c5e38972cc4d5.png","ans":1},{"text":"Devi's little brother","type":"both","image":"1a86d653ffb5ee75036a5a08880487c3.png","ans":0},{"text":"Devi's cousin","type":"both","image":"d5c2be88f3854cb80592006feff06178.png","ans":0},{"text":"Devi","type":"both","image":"483b5cc282ce55d7ecfa35291af3718b.png","ans":0}],"answers":["Devi's little sister"]},"score":1,"question_template_id":2,"question_template":"Text MCQ"},{"id":5949,"type":"during","storypage_id":550,"order_number":2,"title":"Choose the correct answer.","question":{"question_type":"mcq_single_answer","question":{"text":"What is the baby in the cradle doing?","image":"","type":"text"},"options":[{"text":"Crying","type":"both","image":"05e58dea6de5472435620629dbdd9284.png","ans":1},{"text":"Playing","type":"both","image":"52450bda3f2c0ce19cff5393e40ea942.png","ans":0},{"text":"Sleeping","type":"both","image":"29975220f83b48cc5671290767b09547.png","ans":0},{"text":"Eating","type":"both","image":"9a14bc89e3fb74368d61eaba56d960db.png","ans":0}],"answers":["Crying"]},"score":1,"question_template_id":2,"question_template":"Text MCQ"},{"id":5950,"type":"during","storypage_id":551,"order_number":3,"title":"Choose the correct answer.","question":{"question_type":"mcq_single_answer","question":{"text":"What is the cradle made of?","image":"","type":"text"},"options":[{"text":"An old sari","type":"both","image":"89d0703b90f5ff6108bbcef81c57ea41.png","ans":1},{"text":"An old dress","type":"both","image":"1eeddf9cca1b99e3a5aea5a9e69af058.png","ans":0},{"text":"An old shirt","type":"both","image":"aa0abc9b2791b7627d8884f0589a35de.png","ans":0},{"text":"An old skirt","type":"both","image":"b617e929c75309e106eb23f819bf9461.png","ans":0}],"answers":["An old sari"]},"score":1,"question_template_id":2,"question_template":"Text MCQ"},{"id":5951,"type":"during","storypage_id":552,"order_number":4,"title":"Choose the correct answer.","question":{"question_type":"mcq_single_answer","question":{"text":"What does Krishna use to get the cradle down?","image":"","type":"text"},"options":[{"text":"Small rocks","type":"both","image":"40c18a54ba9e907b34f0c4403d457336.png","ans":1},{"text":"Big rocks","type":"both","image":"4c9fc9bb2fe059c1fbffa0d07fdfaf37.png","ans":0},{"text":"Twigs","type":"both","image":"8504bb3eabdd95b7cfde75fe89d2a686.png","ans":0},{"text":"Grass","type":"both","image":"38040dd4eff263ea6cfcc2d5b0301ca5.png","ans":0}],"answers":["Small rocks"]},"score":1,"question_template_id":2,"question_template":"Text MCQ"},{"id":5952,"type":"during","storypage_id":553,"order_number":5,"title":"Choose the correct answer.","question":{"question_type":"mcq_single_answer","question":{"text":"What does Leela's idea involve?","image":"","type":"text"},"options":[{"text":"A long stick","type":"both","image":"eb41f8e8fc69708ae9b32799fd6651b8.png","ans":1},{"text":"A stone","type":"both","image":"87f08f161610e6de9a44c609fc1ac48c.png","ans":0},{"text":"A laddoo","type":"both","image":"ee87361922f3aad20dd2cf88d5d1c50e.png","ans":0},{"text":"A cat","type":"both","image":"4d4c085e119955bb81ecdadd6bebaf79.png","ans":0}],"answers":["A long stick"]},"score":1,"question_template_id":2,"question_template":"Text MCQ"},{"id":5953,"type":"during","storypage_id":559,"order_number":6,"title":"Choose the correct answer.","question":{"question_type":"mcq_single_answer","question":{"text":"In the end, whose idea worked?","image":"","type":"text"},"options":[{"text":"Leela","type":"both","image":"b4120458975ae4fc0c1c73a98666ebdc.png","ans":1},{"text":"Devi","type":"both","image":"0d83186014acee978e978bd3ac42563f.png","ans":0},{"text":"Devi's cousin","type":"both","image":"3c2da990474e3c3dc5f68b61274540c6.png","ans":0},{"text":"The baby","type":"both","image":"cade319ffc47cf8fde2f45cf1dbd7e61.png","ans":0}],"answers":["Leela"]},"score":1,"question_template_id":2,"question_template":"Text MCQ"}]}