{
 "fragments": [
  {
   "begin": "0.000", 
   "end": "1.440", 
   "id": "f000001", 
   "language": "en", 
   "lines": [
    "No,"
   ]
  }, 
  {
   "begin": "1.440", 
   "end": "2.080", 
   "id": "f000002", 
   "language": "en", 
   "lines": [
    "they"
   ]
  }, 
  {
   "begin": "2.080", 
   "end": "2.320", 
   "id": "f000003", 
   "language": "en", 
   "lines": [
    "are"
   ]
  }, 
  {
   "begin": "2.320", 
   "end": "2.920", 
   "id": "f000004", 
   "language": "en", 
   "lines": [
    "not!"
   ]
  }, 
  {
   "begin": "2.920", 
   "end": "3.360", 
   "id": "f000005", 
   "language": "en", 
   "lines": [
    "What"
   ]
  }, 
  {
   "begin": "3.360", 
   "end": "4.240", 
   "id": "f000006", 
   "language": "en", 
   "lines": [
    "now?"
   ]
  }
 ]
}