{
 "fragments": [
  {
   "begin": "0.000", 
   "end": "0.280", 
   "id": "f000001", 
   "language": "en", 
   "lines": [
    "Raju"
   ]
  }, 
  {
   "begin": "0.280", 
   "end": "1.120", 
   "id": "f000002", 
   "language": "en", 
   "lines": [
    "has"
   ]
  }, 
  {
   "begin": "1.120", 
   "end": "1.960", 
   "id": "f000003", 
   "language": "en", 
   "lines": [
    "organised"
   ]
  }, 
  {
   "begin": "1.960", 
   "end": "2.440", 
   "id": "f000004", 
   "language": "en", 
   "lines": [
    "all"
   ]
  }, 
  {
   "begin": "2.440", 
   "end": "2.440", 
   "id": "f000005", 
   "language": "en", 
   "lines": [
    "the"
   ]
  }, 
  {
   "begin": "2.440", 
   "end": "2.760", 
   "id": "f000006", 
   "language": "en", 
   "lines": [
    "children,"
   ]
  }, 
  {
   "begin": "2.760", 
   "end": "3.400", 
   "id": "f000007", 
   "language": "en", 
   "lines": [
    "big"
   ]
  }, 
  {
   "begin": "3.400", 
   "end": "4.000", 
   "id": "f000008", 
   "language": "en", 
   "lines": [
    "ones"
   ]
  }, 
  {
   "begin": "4.000", 
   "end": "4.760", 
   "id": "f000009", 
   "language": "en", 
   "lines": [
    "first,"
   ]
  }, 
  {
   "begin": "4.760", 
   "end": "5.920", 
   "id": "f000010", 
   "language": "en", 
   "lines": [
    "small"
   ]
  }, 
  {
   "begin": "5.920", 
   "end": "6.160", 
   "id": "f000011", 
   "language": "en", 
   "lines": [
    "ones"
   ]
  }, 
  {
   "begin": "6.160", 
   "end": "8.160", 
   "id": "f000012", 
   "language": "en", 
   "lines": [
    "later."
   ]
  }, 
  {
   "begin": "8.160", 
   "end": "9.240", 
   "id": "f000013", 
   "language": "en", 
   "lines": [
    "Oh,gosh!\n"
   ]
  }, 
  {
   "begin": "9.240", 
   "end": "9.240", 
   "id": "f000014", 
   "language": "en", 
   "lines": [
    ""
   ]
  }, 
  {
   "begin": "9.240", 
   "end": "9.240", 
   "id": "f000015", 
   "language": "en", 
   "lines": [
    ""
   ]
  }, 
  {
   "begin": "9.240", 
   "end": "9.320", 
   "id": "f000016", 
   "language": "en", 
   "lines": [
    "Do"
   ]
  }, 
  {
   "begin": "9.320", 
   "end": "9.360", 
   "id": "f000017", 
   "language": "en", 
   "lines": [
    "you"
   ]
  }, 
  {
   "begin": "9.360", 
   "end": "9.880", 
   "id": "f000018", 
   "language": "en", 
   "lines": [
    "think"
   ]
  }, 
  {
   "begin": "9.880", 
   "end": "10.240", 
   "id": "f000019", 
   "language": "en", 
   "lines": [
    "he's"
   ]
  }, 
  {
   "begin": "10.240", 
   "end": "10.560", 
   "id": "f000020", 
   "language": "en", 
   "lines": [
    "going"
   ]
  }, 
  {
   "begin": "10.560", 
   "end": "10.600", 
   "id": "f000021", 
   "language": "en", 
   "lines": [
    "to"
   ]
  }, 
  {
   "begin": "10.600", 
   "end": "10.920", 
   "id": "f000022", 
   "language": "en", 
   "lines": [
    "make"
   ]
  }, 
  {
   "begin": "10.920", 
   "end": "11.240", 
   "id": "f000023", 
   "language": "en", 
   "lines": [
    "them"
   ]
  }, 
  {
   "begin": "11.240", 
   "end": "11.640", 
   "id": "f000024", 
   "language": "en", 
   "lines": [
    "climb"
   ]
  }, 
  {
   "begin": "11.640", 
   "end": "11.840", 
   "id": "f000025", 
   "language": "en", 
   "lines": [
    "on"
   ]
  }, 
  {
   "begin": "11.840", 
   "end": "11.880", 
   "id": "f000026", 
   "language": "en", 
   "lines": [
    "top"
   ]
  }, 
  {
   "begin": "11.880", 
   "end": "12.200", 
   "id": "f000027", 
   "language": "en", 
   "lines": [
    "of"
   ]
  }, 
  {
   "begin": "12.200", 
   "end": "12.480", 
   "id": "f000028", 
   "language": "en", 
   "lines": [
    "each"
   ]
  }, 
  {
   "begin": "12.480", 
   "end": "13.440", 
   "id": "f000029", 
   "language": "en", 
   "lines": [
    "other?"
   ]
  }, 
  {
   "begin": "13.440", 
   "end": "14.240", 
   "id": "f000030", 
   "language": "en", 
   "lines": [
    "Yes!"
   ]
  }, 
  {
   "begin": "14.240", 
   "end": "14.720", 
   "id": "f000031", 
   "language": "en", 
   "lines": [
    "and"
   ]
  }, 
  {
   "begin": "14.720", 
   "end": "15.000", 
   "id": "f000032", 
   "language": "en", 
   "lines": [
    "they"
   ]
  }, 
  {
   "begin": "15.000", 
   "end": "15.240", 
   "id": "f000033", 
   "language": "en", 
   "lines": [
    "are"
   ]
  }, 
  {
   "begin": "15.240", 
   "end": "15.760", 
   "id": "f000034", 
   "language": "en", 
   "lines": [
    "going"
   ]
  }, 
  {
   "begin": "15.760", 
   "end": "16.000", 
   "id": "f000035", 
   "language": "en", 
   "lines": [
    "to"
   ]
  }, 
  {
   "begin": "16.000", 
   "end": "16.160", 
   "id": "f000036", 
   "language": "en", 
   "lines": [
    "manage"
   ]
  }, 
  {
   "begin": "16.160", 
   "end": "16.640", 
   "id": "f000037", 
   "language": "en", 
   "lines": [
    "it!"
   ]
  }
 ]
}