{
 "fragments": [
  {
   "begin": "0.000", 
   "end": "0.520", 
   "id": "f000001", 
   "language": "en", 
   "lines": [
    "Quick!"
   ]
  }, 
  {
   "begin": "0.520", 
   "end": "0.520", 
   "id": "f000002", 
   "language": "en", 
   "lines": [
    "Put"
   ]
  }, 
  {
   "begin": "0.520", 
   "end": "0.520", 
   "id": "f000003", 
   "language": "en", 
   "lines": [
    "the"
   ]
  }, 
  {
   "begin": "0.520", 
   "end": "1.560", 
   "id": "f000004", 
   "language": "en", 
   "lines": [
    "baby"
   ]
  }, 
  {
   "begin": "1.560", 
   "end": "1.840", 
   "id": "f000005", 
   "language": "en", 
   "lines": [
    "in"
   ]
  }, 
  {
   "begin": "1.840", 
   "end": "1.960", 
   "id": "f000006", 
   "language": "en", 
   "lines": [
    "the"
   ]
  }, 
  {
   "begin": "1.960", 
   "end": "2.560", 
   "id": "f000007", 
   "language": "en", 
   "lines": [
    "cradle"
   ]
  }, 
  {
   "begin": "2.560", 
   "end": "3.280", 
   "id": "f000008", 
   "language": "en", 
   "lines": [
    "before"
   ]
  }, 
  {
   "begin": "3.280", 
   "end": "3.560", 
   "id": "f000009", 
   "language": "en", 
   "lines": [
    "Devi's"
   ]
  }, 
  {
   "begin": "3.560", 
   "end": "3.920", 
   "id": "f000010", 
   "language": "en", 
   "lines": [
    "father"
   ]
  }, 
  {
   "begin": "3.920", 
   "end": "5.600", 
   "id": "f000011", 
   "language": "en", 
   "lines": [
    "sees!&nbsp;"
   ]
  }, 
  {
   "begin": "5.600", 
   "end": "5.640", 
   "id": "f000012", 
   "language": "en", 
   "lines": [
    "In"
   ]
  }, 
  {
   "begin": "5.640", 
   "end": "5.640", 
   "id": "f000013", 
   "language": "en", 
   "lines": [
    "any"
   ]
  }, 
  {
   "begin": "5.640", 
   "end": "6.320", 
   "id": "f000014", 
   "language": "en", 
   "lines": [
    "case,"
   ]
  }, 
  {
   "begin": "6.320", 
   "end": "6.480", 
   "id": "f000015", 
   "language": "en", 
   "lines": [
    "it"
   ]
  }, 
  {
   "begin": "6.480", 
   "end": "6.680", 
   "id": "f000016", 
   "language": "en", 
   "lines": [
    "is"
   ]
  }, 
  {
   "begin": "6.680", 
   "end": "7.160", 
   "id": "f000017", 
   "language": "en", 
   "lines": [
    "nice"
   ]
  }, 
  {
   "begin": "7.160", 
   "end": "7.200", 
   "id": "f000018", 
   "language": "en", 
   "lines": [
    "to"
   ]
  }, 
  {
   "begin": "7.200", 
   "end": "7.360", 
   "id": "f000019", 
   "language": "en", 
   "lines": [
    "have"
   ]
  }, 
  {
   "begin": "7.360", 
   "end": "7.840", 
   "id": "f000020", 
   "language": "en", 
   "lines": [
    "friends"
   ]
  }, 
  {
   "begin": "7.840", 
   "end": "8.040", 
   "id": "f000021", 
   "language": "en", 
   "lines": [
    "to"
   ]
  }, 
  {
   "begin": "8.040", 
   "end": "8.480", 
   "id": "f000022", 
   "language": "en", 
   "lines": [
    "play"
   ]
  }, 
  {
   "begin": "8.480", 
   "end": "8.960", 
   "id": "f000023", 
   "language": "en", 
   "lines": [
    "hopscotch"
   ]
  }, 
  {
   "begin": "8.960", 
   "end": "9.280", 
   "id": "f000024", 
   "language": "en", 
   "lines": [
    "with."
   ]
  }
 ]
}