{
 "fragments": [
  {
   "begin": "0.000", 
   "end": "1.200", 
   "id": "f000001", 
   "language": "en", 
   "lines": [
    "Yes,"
   ]
  }, 
  {
   "begin": "1.200", 
   "end": "1.600", 
   "id": "f000002", 
   "language": "en", 
   "lines": [
    "she"
   ]
  }, 
  {
   "begin": "1.600", 
   "end": "1.640", 
   "id": "f000003", 
   "language": "en", 
   "lines": [
    "is"
   ]
  }, 
  {
   "begin": "1.640", 
   "end": "2.840", 
   "id": "f000004", 
   "language": "en", 
   "lines": [
    "crying."
   ]
  }, 
  {
   "begin": "2.840", 
   "end": "3.440", 
   "id": "f000005", 
   "language": "en", 
   "lines": [
    "You"
   ]
  }, 
  {
   "begin": "3.440", 
   "end": "3.520", 
   "id": "f000006", 
   "language": "en", 
   "lines": [
    "mean"
   ]
  }, 
  {
   "begin": "3.520", 
   "end": "3.680", 
   "id": "f000007", 
   "language": "en", 
   "lines": [
    "you"
   ]
  }, 
  {
   "begin": "3.680", 
   "end": "3.680", 
   "id": "f000008", 
   "language": "en", 
   "lines": [
    "can"
   ]
  }, 
  {
   "begin": "3.680", 
   "end": "4.000", 
   "id": "f000009", 
   "language": "en", 
   "lines": [
    "hear"
   ]
  }, 
  {
   "begin": "4.000", 
   "end": "4.240", 
   "id": "f000010", 
   "language": "en", 
   "lines": [
    "it"
   ]
  }, 
  {
   "begin": "4.240", 
   "end": "4.480", 
   "id": "f000011", 
   "language": "en", 
   "lines": [
    "as"
   ]
  }, 
  {
   "begin": "4.480", 
   "end": "4.760", 
   "id": "f000012", 
   "language": "en", 
   "lines": [
    "well?"
   ]
  }, 
  {
   "begin": "4.760", 
   "end": "6.000", 
   "id": "f000013", 
   "language": "en", 
   "lines": [
    "Devi"
   ]
  }, 
  {
   "begin": "6.000", 
   "end": "6.760", 
   "id": "f000014", 
   "language": "en", 
   "lines": [
    "certainly"
   ]
  }, 
  {
   "begin": "6.760", 
   "end": "7.160", 
   "id": "f000015", 
   "language": "en", 
   "lines": [
    "can."
   ]
  }, 
  {
   "begin": "7.160", 
   "end": "7.760", 
   "id": "f000016", 
   "language": "en", 
   "lines": [
    "And"
   ]
  }, 
  {
   "begin": "7.760", 
   "end": "8.560", 
   "id": "f000017", 
   "language": "en", 
   "lines": [
    "she"
   ]
  }, 
  {
   "begin": "8.560", 
   "end": "8.840", 
   "id": "f000018", 
   "language": "en", 
   "lines": [
    "is"
   ]
  }, 
  {
   "begin": "8.840", 
   "end": "9.040", 
   "id": "f000019", 
   "language": "en", 
   "lines": [
    "sick"
   ]
  }, 
  {
   "begin": "9.040", 
   "end": "9.040", 
   "id": "f000020", 
   "language": "en", 
   "lines": [
    "of"
   ]
  }, 
  {
   "begin": "9.040", 
   "end": "9.320", 
   "id": "f000021", 
   "language": "en", 
   "lines": [
    "it!"
   ]
  }
 ]
}