{
 "fragments": [
  {
   "begin": "0.000", 
   "end": "0.160", 
   "id": "f000001", 
   "language": "en", 
   "lines": [
    "Devi"
   ]
  }, 
  {
   "begin": "0.160", 
   "end": "0.840", 
   "id": "f000002", 
   "language": "en", 
   "lines": [
    "has"
   ]
  }, 
  {
   "begin": "0.840", 
   "end": "1.680", 
   "id": "f000003", 
   "language": "en", 
   "lines": [
    "finally"
   ]
  }, 
  {
   "begin": "1.680", 
   "end": "2.280", 
   "id": "f000004", 
   "language": "en", 
   "lines": [
    "stopped"
   ]
  }, 
  {
   "begin": "2.280", 
   "end": "2.760", 
   "id": "f000005", 
   "language": "en", 
   "lines": [
    "playing"
   ]
  }, 
  {
   "begin": "2.760", 
   "end": "3.280", 
   "id": "f000006", 
   "language": "en", 
   "lines": [
    "hopscotch,"
   ]
  }, 
  {
   "begin": "3.280", 
   "end": "3.480", 
   "id": "f000007", 
   "language": "en", 
   "lines": [
    "and"
   ]
  }, 
  {
   "begin": "3.480", 
   "end": "4.600", 
   "id": "f000008", 
   "language": "en", 
   "lines": [
    "she"
   ]
  }, 
  {
   "begin": "4.600", 
   "end": "5.080", 
   "id": "f000009", 
   "language": "en", 
   "lines": [
    "has"
   ]
  }, 
  {
   "begin": "5.080", 
   "end": "5.280", 
   "id": "f000010", 
   "language": "en", 
   "lines": [
    "taken"
   ]
  }, 
  {
   "begin": "5.280", 
   "end": "5.600", 
   "id": "f000011", 
   "language": "en", 
   "lines": [
    "her"
   ]
  }, 
  {
   "begin": "5.600", 
   "end": "6.160", 
   "id": "f000012", 
   "language": "en", 
   "lines": [
    "sister"
   ]
  }, 
  {
   "begin": "6.160", 
   "end": "7.680", 
   "id": "f000013", 
   "language": "en", 
   "lines": [
    "out."
   ]
  }, 
  {
   "begin": "7.680", 
   "end": "9.040", 
   "id": "f000014", 
   "language": "en", 
   "lines": [
    "Oops!"
   ]
  }, 
  {
   "begin": "9.040", 
   "end": "9.200", 
   "id": "f000015", 
   "language": "en", 
   "lines": [
    "The"
   ]
  }, 
  {
   "begin": "9.200", 
   "end": "9.480", 
   "id": "f000016", 
   "language": "en", 
   "lines": [
    "cradle"
   ]
  }, 
  {
   "begin": "9.480", 
   "end": "9.720", 
   "id": "f000017", 
   "language": "en", 
   "lines": [
    "is"
   ]
  }, 
  {
   "begin": "9.720", 
   "end": "11.240", 
   "id": "f000018", 
   "language": "en", 
   "lines": [
    "flying!"
   ]
  }, 
  {
   "begin": "11.240", 
   "end": "11.760", 
   "id": "f000019", 
   "language": "en", 
   "lines": [
    "Right"
   ]
  }, 
  {
   "begin": "11.760", 
   "end": "11.920", 
   "id": "f000020", 
   "language": "en", 
   "lines": [
    "over"
   ]
  }, 
  {
   "begin": "11.920", 
   "end": "12.080", 
   "id": "f000021", 
   "language": "en", 
   "lines": [
    "the"
   ]
  }, 
  {
   "begin": "12.080", 
   "end": "13.480", 
   "id": "f000022", 
   "language": "en", 
   "lines": [
    "tree!"
   ]
  }, 
  {
   "begin": "13.480", 
   "end": "13.760", 
   "id": "f000023", 
   "language": "en", 
   "lines": [
    "It\u2019s"
   ]
  }, 
  {
   "begin": "13.760", 
   "end": "14.160", 
   "id": "f000024", 
   "language": "en", 
   "lines": [
    "only"
   ]
  }, 
  {
   "begin": "14.160", 
   "end": "14.400", 
   "id": "f000025", 
   "language": "en", 
   "lines": [
    "an"
   ]
  }, 
  {
   "begin": "14.400", 
   "end": "14.680", 
   "id": "f000026", 
   "language": "en", 
   "lines": [
    "old"
   ]
  }, 
  {
   "begin": "14.680", 
   "end": "15.800", 
   "id": "f000027", 
   "language": "en", 
   "lines": [
    "sari,"
   ]
  }, 
  {
   "begin": "15.800", 
   "end": "16.640", 
   "id": "f000028", 
   "language": "en", 
   "lines": [
    "what"
   ]
  }, 
  {
   "begin": "16.640", 
   "end": "16.720", 
   "id": "f000029", 
   "language": "en", 
   "lines": [
    "do"
   ]
  }, 
  {
   "begin": "16.720", 
   "end": "16.960", 
   "id": "f000030", 
   "language": "en", 
   "lines": [
    "you"
   ]
  }, 
  {
   "begin": "16.960", 
   "end": "17.360", 
   "id": "f000031", 
   "language": "en", 
   "lines": [
    "expect?"
   ]
  }
 ]
}