{
 "fragments": [
  {
   "begin": "0.000", 
   "end": "0.360", 
   "id": "f000001", 
   "language": "en", 
   "lines": [
    "That"
   ]
  }, 
  {
   "begin": "0.360", 
   "end": "0.840", 
   "id": "f000002", 
   "language": "en", 
   "lines": [
    "is"
   ]
  }, 
  {
   "begin": "0.840", 
   "end": "2.080", 
   "id": "f000003", 
   "language": "en", 
   "lines": [
    "Krishna,"
   ]
  }, 
  {
   "begin": "2.080", 
   "end": "2.560", 
   "id": "f000004", 
   "language": "en", 
   "lines": [
    "Devi\u2019s"
   ]
  }, 
  {
   "begin": "2.560", 
   "end": "3.120", 
   "id": "f000005", 
   "language": "en", 
   "lines": [
    "friend."
   ]
  }, 
  {
   "begin": "3.120", 
   "end": "3.760", 
   "id": "f000006", 
   "language": "en", 
   "lines": [
    "He"
   ]
  }, 
  {
   "begin": "3.760", 
   "end": "4.840", 
   "id": "f000007", 
   "language": "en", 
   "lines": [
    "thinks"
   ]
  }, 
  {
   "begin": "4.840", 
   "end": "5.360", 
   "id": "f000008", 
   "language": "en", 
   "lines": [
    "throwing"
   ]
  }, 
  {
   "begin": "5.360", 
   "end": "5.880", 
   "id": "f000009", 
   "language": "en", 
   "lines": [
    "small"
   ]
  }, 
  {
   "begin": "5.880", 
   "end": "6.320", 
   "id": "f000010", 
   "language": "en", 
   "lines": [
    "rocks"
   ]
  }, 
  {
   "begin": "6.320", 
   "end": "6.320", 
   "id": "f000011", 
   "language": "en", 
   "lines": [
    "at"
   ]
  }, 
  {
   "begin": "6.320", 
   "end": "6.680", 
   "id": "f000012", 
   "language": "en", 
   "lines": [
    "the"
   ]
  }, 
  {
   "begin": "6.680", 
   "end": "7.280", 
   "id": "f000013", 
   "language": "en", 
   "lines": [
    "sari"
   ]
  }, 
  {
   "begin": "7.280", 
   "end": "7.440", 
   "id": "f000014", 
   "language": "en", 
   "lines": [
    "will"
   ]
  }, 
  {
   "begin": "7.440", 
   "end": "8.040", 
   "id": "f000015", 
   "language": "en", 
   "lines": [
    "bring"
   ]
  }, 
  {
   "begin": "8.040", 
   "end": "8.280", 
   "id": "f000016", 
   "language": "en", 
   "lines": [
    "it"
   ]
  }, 
  {
   "begin": "8.280", 
   "end": "8.760", 
   "id": "f000017", 
   "language": "en", 
   "lines": [
    "down."
   ]
  }, 
  {
   "begin": "8.760", 
   "end": "9.960", 
   "id": "f000018", 
   "language": "en", 
   "lines": [
    "The"
   ]
  }, 
  {
   "begin": "9.960", 
   "end": "10.440", 
   "id": "f000019", 
   "language": "en", 
   "lines": [
    "little"
   ]
  }, 
  {
   "begin": "10.440", 
   "end": "11.040", 
   "id": "f000020", 
   "language": "en", 
   "lines": [
    "girl"
   ]
  }, 
  {
   "begin": "11.040", 
   "end": "11.200", 
   "id": "f000021", 
   "language": "en", 
   "lines": [
    "in"
   ]
  }, 
  {
   "begin": "11.200", 
   "end": "11.240", 
   "id": "f000022", 
   "language": "en", 
   "lines": [
    "the"
   ]
  }, 
  {
   "begin": "11.240", 
   "end": "11.840", 
   "id": "f000023", 
   "language": "en", 
   "lines": [
    "orange"
   ]
  }, 
  {
   "begin": "11.840", 
   "end": "12.520", 
   "id": "f000024", 
   "language": "en", 
   "lines": [
    "skirt"
   ]
  }, 
  {
   "begin": "12.520", 
   "end": "12.880", 
   "id": "f000025", 
   "language": "en", 
   "lines": [
    "is"
   ]
  }, 
  {
   "begin": "12.880", 
   "end": "13.600", 
   "id": "f000026", 
   "language": "en", 
   "lines": [
    "Leela."
   ]
  }
 ]
}