{
 "fragments": [
  {
   "begin": "0.000", 
   "end": "0.400", 
   "id": "f000001", 
   "language": "en", 
   "lines": [
    "That"
   ]
  }, 
  {
   "begin": "0.400", 
   "end": "0.760", 
   "id": "f000002", 
   "language": "en", 
   "lines": [
    "is"
   ]
  }, 
  {
   "begin": "0.760", 
   "end": "1.080", 
   "id": "f000003", 
   "language": "en", 
   "lines": [
    "a"
   ]
  }, 
  {
   "begin": "1.080", 
   "end": "1.760", 
   "id": "f000004", 
   "language": "en", 
   "lines": [
    "cradle"
   ]
  }, 
  {
   "begin": "1.760", 
   "end": "2.040", 
   "id": "f000005", 
   "language": "en", 
   "lines": [
    "hanging"
   ]
  }, 
  {
   "begin": "2.040", 
   "end": "2.320", 
   "id": "f000006", 
   "language": "en", 
   "lines": [
    "from"
   ]
  }, 
  {
   "begin": "2.320", 
   "end": "2.520", 
   "id": "f000007", 
   "language": "en", 
   "lines": [
    "the"
   ]
  }, 
  {
   "begin": "2.520", 
   "end": "2.720", 
   "id": "f000008", 
   "language": "en", 
   "lines": [
    "Neem"
   ]
  }, 
  {
   "begin": "2.720", 
   "end": "3.840", 
   "id": "f000009", 
   "language": "en", 
   "lines": [
    "tree."
   ]
  }, 
  {
   "begin": "3.840", 
   "end": "4.040", 
   "id": "f000010", 
   "language": "en", 
   "lines": [
    "You"
   ]
  }, 
  {
   "begin": "4.040", 
   "end": "4.360", 
   "id": "f000011", 
   "language": "en", 
   "lines": [
    "know"
   ]
  }, 
  {
   "begin": "4.360", 
   "end": "4.600", 
   "id": "f000012", 
   "language": "en", 
   "lines": [
    "what"
   ]
  }, 
  {
   "begin": "4.600", 
   "end": "4.880", 
   "id": "f000013", 
   "language": "en", 
   "lines": [
    "is"
   ]
  }, 
  {
   "begin": "4.880", 
   "end": "5.120", 
   "id": "f000014", 
   "language": "en", 
   "lines": [
    "in"
   ]
  }, 
  {
   "begin": "5.120", 
   "end": "5.880", 
   "id": "f000015", 
   "language": "en", 
   "lines": [
    "there?"
   ]
  }, 
  {
   "begin": "5.880", 
   "end": "6.720", 
   "id": "f000016", 
   "language": "en", 
   "lines": [
    "Devi\u2019s"
   ]
  }, 
  {
   "begin": "6.720", 
   "end": "6.880", 
   "id": "f000017", 
   "language": "en", 
   "lines": [
    "little"
   ]
  }, 
  {
   "begin": "6.880", 
   "end": "8.120", 
   "id": "f000018", 
   "language": "en", 
   "lines": [
    "sister!"
   ]
  }
 ]
}