{
 "fragments": [
  {
   "begin": "0.000", 
   "end": "0.000", 
   "id": "f000001", 
   "language": "en", 
   "lines": [
    "I"
   ]
  }, 
  {
   "begin": "0.000", 
   "end": "0.880", 
   "id": "f000002", 
   "language": "en", 
   "lines": [
    "cried"
   ]
  }, 
  {
   "begin": "0.880", 
   "end": "1.760", 
   "id": "f000003", 
   "language": "en", 
   "lines": [
    "a"
   ]
  }, 
  {
   "begin": "1.760", 
   "end": "3.000", 
   "id": "f000004", 
   "language": "en", 
   "lines": [
    "lot."
   ]
  }, 
  {
   "begin": "3.000", 
   "end": "3.800", 
   "id": "f000005", 
   "language": "en", 
   "lines": [
    "And"
   ]
  }, 
  {
   "begin": "3.800", 
   "end": "4.120", 
   "id": "f000006", 
   "language": "en", 
   "lines": [
    "I"
   ]
  }, 
  {
   "begin": "4.120", 
   "end": "4.400", 
   "id": "f000007", 
   "language": "en", 
   "lines": [
    "did"
   ]
  }, 
  {
   "begin": "4.400", 
   "end": "4.920", 
   "id": "f000008", 
   "language": "en", 
   "lines": [
    "not"
   ]
  }, 
  {
   "begin": "4.920", 
   "end": "5.160", 
   "id": "f000009", 
   "language": "en", 
   "lines": [
    "eat"
   ]
  }, 
  {
   "begin": "5.160", 
   "end": "5.600", 
   "id": "f000010", 
   "language": "en", 
   "lines": [
    "my"
   ]
  }, 
  {
   "begin": "5.600", 
   "end": "7.000", 
   "id": "f000011", 
   "language": "en", 
   "lines": [
    "dinner."
   ]
  }
 ]
}