{
 "fragments": [
  {
   "begin": "0.000", 
   "end": "0.480", 
   "id": "f000001", 
   "language": "en", 
   "lines": [
    "On"
   ]
  }, 
  {
   "begin": "0.480", 
   "end": "0.880", 
   "id": "f000002", 
   "language": "en", 
   "lines": [
    "the"
   ]
  }, 
  {
   "begin": "0.880", 
   "end": "1.600", 
   "id": "f000003", 
   "language": "en", 
   "lines": [
    "way"
   ]
  }, 
  {
   "begin": "1.600", 
   "end": "2.320", 
   "id": "f000004", 
   "language": "en", 
   "lines": [
    "home,"
   ]
  }, 
  {
   "begin": "2.320", 
   "end": "2.680", 
   "id": "f000005", 
   "language": "en", 
   "lines": [
    "a"
   ]
  }, 
  {
   "begin": "2.680", 
   "end": "3.640", 
   "id": "f000006", 
   "language": "en", 
   "lines": [
    "very"
   ]
  }, 
  {
   "begin": "3.640", 
   "end": "4.200", 
   "id": "f000007", 
   "language": "en", 
   "lines": [
    "strong"
   ]
  }, 
  {
   "begin": "4.200", 
   "end": "4.640", 
   "id": "f000008", 
   "language": "en", 
   "lines": [
    "wind"
   ]
  }, 
  {
   "begin": "4.640", 
   "end": "5.360", 
   "id": "f000009", 
   "language": "en", 
   "lines": [
    "came."
   ]
  }, 
  {
   "begin": "5.360", 
   "end": "5.960", 
   "id": "f000010", 
   "language": "en", 
   "lines": [
    "It"
   ]
  }, 
  {
   "begin": "5.960", 
   "end": "6.400", 
   "id": "f000011", 
   "language": "en", 
   "lines": [
    "blew"
   ]
  }, 
  {
   "begin": "6.400", 
   "end": "6.960", 
   "id": "f000012", 
   "language": "en", 
   "lines": [
    "my"
   ]
  }, 
  {
   "begin": "6.960", 
   "end": "7.320", 
   "id": "f000013", 
   "language": "en", 
   "lines": [
    "cap"
   ]
  }, 
  {
   "begin": "7.320", 
   "end": "8.520", 
   "id": "f000014", 
   "language": "en", 
   "lines": [
    "away."
   ]
  }
 ]
}