{
 "fragments": [
  {
   "begin": "0.000", 
   "end": "0.600", 
   "id": "f000001", 
   "language": "en", 
   "lines": [
    "Papa"
   ]
  }, 
  {
   "begin": "0.600", 
   "end": "1.120", 
   "id": "f000002", 
   "language": "en", 
   "lines": [
    "bought"
   ]
  }, 
  {
   "begin": "1.120", 
   "end": "2.040", 
   "id": "f000003", 
   "language": "en", 
   "lines": [
    "Chintu"
   ]
  }, 
  {
   "begin": "2.040", 
   "end": "3.000", 
   "id": "f000004", 
   "language": "en", 
   "lines": [
    "fancy"
   ]
  }, 
  {
   "begin": "3.000", 
   "end": "4.920", 
   "id": "f000005", 
   "language": "en", 
   "lines": [
    "glasses."
   ]
  }, 
  {
   "begin": "4.920", 
   "end": "5.640", 
   "id": "f000006", 
   "language": "en", 
   "lines": [
    "Mother"
   ]
  }, 
  {
   "begin": "5.640", 
   "end": "5.920", 
   "id": "f000007", 
   "language": "en", 
   "lines": [
    "bought"
   ]
  }, 
  {
   "begin": "5.920", 
   "end": "6.320", 
   "id": "f000008", 
   "language": "en", 
   "lines": [
    "me"
   ]
  }, 
  {
   "begin": "6.320", 
   "end": "6.560", 
   "id": "f000009", 
   "language": "en", 
   "lines": [
    "a"
   ]
  }, 
  {
   "begin": "6.560", 
   "end": "7.200", 
   "id": "f000010", 
   "language": "en", 
   "lines": [
    "bright"
   ]
  }, 
  {
   "begin": "7.200", 
   "end": "7.640", 
   "id": "f000011", 
   "language": "en", 
   "lines": [
    "blue"
   ]
  }, 
  {
   "begin": "7.640", 
   "end": "9.320", 
   "id": "f000012", 
   "language": "en", 
   "lines": [
    "cap."
   ]
  }, 
  {
   "begin": "9.320", 
   "end": "9.560", 
   "id": "f000013", 
   "language": "en", 
   "lines": [
    "The"
   ]
  }, 
  {
   "begin": "9.560", 
   "end": "10.160", 
   "id": "f000014", 
   "language": "en", 
   "lines": [
    "baby"
   ]
  }, 
  {
   "begin": "10.160", 
   "end": "10.400", 
   "id": "f000015", 
   "language": "en", 
   "lines": [
    "got"
   ]
  }, 
  {
   "begin": "10.400", 
   "end": "10.920", 
   "id": "f000016", 
   "language": "en", 
   "lines": [
    "sugar"
   ]
  }, 
  {
   "begin": "10.920", 
   "end": "12.160", 
   "id": "f000017", 
   "language": "en", 
   "lines": [
    "candy."
   ]
  }
 ]
}