{
 "fragments": [
  {
   "begin": "0.000", 
   "end": "1.000", 
   "id": "f000001", 
   "language": "en", 
   "lines": [
    "Later"
   ]
  }, 
  {
   "begin": "1.000", 
   "end": "1.400", 
   "id": "f000002", 
   "language": "en", 
   "lines": [
    "that"
   ]
  }, 
  {
   "begin": "1.400", 
   "end": "2.240", 
   "id": "f000003", 
   "language": "en", 
   "lines": [
    "night,"
   ]
  }, 
  {
   "begin": "2.240", 
   "end": "2.720", 
   "id": "f000004", 
   "language": "en", 
   "lines": [
    "the"
   ]
  }, 
  {
   "begin": "2.720", 
   "end": "3.040", 
   "id": "f000005", 
   "language": "en", 
   "lines": [
    "moon"
   ]
  }, 
  {
   "begin": "3.040", 
   "end": "3.640", 
   "id": "f000006", 
   "language": "en", 
   "lines": [
    "came"
   ]
  }, 
  {
   "begin": "3.640", 
   "end": "4.480", 
   "id": "f000007", 
   "language": "en", 
   "lines": [
    "up."
   ]
  }, 
  {
   "begin": "4.480", 
   "end": "4.720", 
   "id": "f000008", 
   "language": "en", 
   "lines": [
    "It"
   ]
  }, 
  {
   "begin": "4.720", 
   "end": "5.080", 
   "id": "f000009", 
   "language": "en", 
   "lines": [
    "looked"
   ]
  }, 
  {
   "begin": "5.080", 
   "end": "5.320", 
   "id": "f000010", 
   "language": "en", 
   "lines": [
    "at"
   ]
  }, 
  {
   "begin": "5.320", 
   "end": "5.600", 
   "id": "f000011", 
   "language": "en", 
   "lines": [
    "my"
   ]
  }, 
  {
   "begin": "5.600", 
   "end": "6.160", 
   "id": "f000012", 
   "language": "en", 
   "lines": [
    "cap"
   ]
  }, 
  {
   "begin": "6.160", 
   "end": "6.720", 
   "id": "f000013", 
   "language": "en", 
   "lines": [
    "on"
   ]
  }, 
  {
   "begin": "6.720", 
   "end": "7.160", 
   "id": "f000014", 
   "language": "en", 
   "lines": [
    "the"
   ]
  }, 
  {
   "begin": "7.160", 
   "end": "7.320", 
   "id": "f000015", 
   "language": "en", 
   "lines": [
    "old"
   ]
  }, 
  {
   "begin": "7.320", 
   "end": "7.600", 
   "id": "f000016", 
   "language": "en", 
   "lines": [
    "Pipal"
   ]
  }, 
  {
   "begin": "7.600", 
   "end": "8.440", 
   "id": "f000017", 
   "language": "en", 
   "lines": [
    "tree."
   ]
  }
 ]
}