{
 "fragments": [
  {
   "begin": "0.000", 
   "end": "0.760", 
   "id": "f000001", 
   "language": "en", 
   "lines": [
    "My"
   ]
  }, 
  {
   "begin": "0.760", 
   "end": "1.240", 
   "id": "f000002", 
   "language": "en", 
   "lines": [
    "cap"
   ]
  }, 
  {
   "begin": "1.240", 
   "end": "1.720", 
   "id": "f000003", 
   "language": "en", 
   "lines": [
    "got"
   ]
  }, 
  {
   "begin": "1.720", 
   "end": "2.040", 
   "id": "f000004", 
   "language": "en", 
   "lines": [
    "stuck"
   ]
  }, 
  {
   "begin": "2.040", 
   "end": "2.240", 
   "id": "f000005", 
   "language": "en", 
   "lines": [
    "on"
   ]
  }, 
  {
   "begin": "2.240", 
   "end": "2.600", 
   "id": "f000006", 
   "language": "en", 
   "lines": [
    "a"
   ]
  }, 
  {
   "begin": "2.600", 
   "end": "3.160", 
   "id": "f000007", 
   "language": "en", 
   "lines": [
    "branch"
   ]
  }, 
  {
   "begin": "3.160", 
   "end": "3.320", 
   "id": "f000008", 
   "language": "en", 
   "lines": [
    "of"
   ]
  }, 
  {
   "begin": "3.320", 
   "end": "3.640", 
   "id": "f000009", 
   "language": "en", 
   "lines": [
    "the"
   ]
  }, 
  {
   "begin": "3.640", 
   "end": "4.280", 
   "id": "f000010", 
   "language": "en", 
   "lines": [
    "old"
   ]
  }, 
  {
   "begin": "4.280", 
   "end": "4.760", 
   "id": "f000011", 
   "language": "en", 
   "lines": [
    "Pipal"
   ]
  }, 
  {
   "begin": "4.760", 
   "end": "5.640", 
   "id": "f000012", 
   "language": "en", 
   "lines": [
    "tree."
   ]
  }
 ]
}