{
 "fragments": [
  {
   "begin": "0.000", 
   "end": "0.000", 
   "id": "f000001", 
   "language": "en", 
   "lines": [
    "All"
   ]
  }, 
  {
   "begin": "0.000", 
   "end": "0.520", 
   "id": "f000002", 
   "language": "en", 
   "lines": [
    "of"
   ]
  }, 
  {
   "begin": "0.520", 
   "end": "1.040", 
   "id": "f000003", 
   "language": "en", 
   "lines": [
    "us"
   ]
  }, 
  {
   "begin": "1.040", 
   "end": "1.520", 
   "id": "f000004", 
   "language": "en", 
   "lines": [
    "went"
   ]
  }, 
  {
   "begin": "1.520", 
   "end": "1.960", 
   "id": "f000005", 
   "language": "en", 
   "lines": [
    "to"
   ]
  }, 
  {
   "begin": "1.960", 
   "end": "2.320", 
   "id": "f000006", 
   "language": "en", 
   "lines": [
    "the"
   ]
  }, 
  {
   "begin": "2.320", 
   "end": "2.880", 
   "id": "f000007", 
   "language": "en", 
   "lines": [
    "Dasara"
   ]
  }, 
  {
   "begin": "2.880", 
   "end": "4.120", 
   "id": "f000008", 
   "language": "en", 
   "lines": [
    "fair."
   ]
  }
 ]
}