{
 "fragments": [
  {
   "begin": "0.000", 
   "end": "0.600", 
   "id": "f000001", 
   "language": "en", 
   "lines": [
    "So"
   ]
  }, 
  {
   "begin": "0.600", 
   "end": "1.080", 
   "id": "f000002", 
   "language": "en", 
   "lines": [
    "BooBoo"
   ]
  }, 
  {
   "begin": "1.080", 
   "end": "1.560", 
   "id": "f000003", 
   "language": "en", 
   "lines": [
    "started"
   ]
  }, 
  {
   "begin": "1.560", 
   "end": "2.080", 
   "id": "f000004", 
   "language": "en", 
   "lines": [
    "singing"
   ]
  }, 
  {
   "begin": "2.080", 
   "end": "2.280", 
   "id": "f000005", 
   "language": "en", 
   "lines": [
    "this"
   ]
  }, 
  {
   "begin": "2.280", 
   "end": "4.080", 
   "id": "f000006", 
   "language": "en", 
   "lines": [
    "song:Gooshy"
   ]
  }, 
  {
   "begin": "4.080", 
   "end": "4.440", 
   "id": "f000007", 
   "language": "en", 
   "lines": [
    "Booshy"
   ]
  }, 
  {
   "begin": "4.440", 
   "end": "5.360", 
   "id": "f000008", 
   "language": "en", 
   "lines": [
    "Looooty"
   ]
  }, 
  {
   "begin": "5.360", 
   "end": "5.880", 
   "id": "f000009", 
   "language": "en", 
   "lines": [
    "hoi"
   ]
  }, 
  {
   "begin": "5.880", 
   "end": "6.360", 
   "id": "f000010", 
   "language": "en", 
   "lines": [
    "ik"
   ]
  }, 
  {
   "begin": "6.360", 
   "end": "7.640", 
   "id": "f000011", 
   "language": "en", 
   "lines": [
    "laaaaaanchThen"
   ]
  }, 
  {
   "begin": "7.640", 
   "end": "8.000", 
   "id": "f000012", 
   "language": "en", 
   "lines": [
    "the"
   ]
  }, 
  {
   "begin": "8.000", 
   "end": "8.360", 
   "id": "f000013", 
   "language": "en", 
   "lines": [
    "Booboo"
   ]
  }, 
  {
   "begin": "8.360", 
   "end": "8.480", 
   "id": "f000014", 
   "language": "en", 
   "lines": [
    "bear"
   ]
  }, 
  {
   "begin": "8.480", 
   "end": "10.200", 
   "id": "f000015", 
   "language": "en", 
   "lines": [
    "said&nbsp;No"
   ]
  }, 
  {
   "begin": "10.200", 
   "end": "11.080", 
   "id": "f000016", 
   "language": "en", 
   "lines": [
    "No"
   ]
  }, 
  {
   "begin": "11.080", 
   "end": "12.880", 
   "id": "f000017", 
   "language": "en", 
   "lines": [
    "No!Then"
   ]
  }, 
  {
   "begin": "12.880", 
   "end": "13.040", 
   "id": "f000018", 
   "language": "en", 
   "lines": [
    "the"
   ]
  }, 
  {
   "begin": "13.040", 
   "end": "13.640", 
   "id": "f000019", 
   "language": "en", 
   "lines": [
    "Booboo"
   ]
  }, 
  {
   "begin": "13.640", 
   "end": "14.600", 
   "id": "f000020", 
   "language": "en", 
   "lines": [
    "bear"
   ]
  }, 
  {
   "begin": "14.600", 
   "end": "15.480", 
   "id": "f000021", 
   "language": "en", 
   "lines": [
    "said&nbsp;Dont"
   ]
  }, 
  {
   "begin": "15.480", 
   "end": "16.200", 
   "id": "f000022", 
   "language": "en", 
   "lines": [
    "cry"
   ]
  }, 
  {
   "begin": "16.200", 
   "end": "17.160", 
   "id": "f000023", 
   "language": "en", 
   "lines": [
    "cryGooshy"
   ]
  }, 
  {
   "begin": "17.160", 
   "end": "17.800", 
   "id": "f000024", 
   "language": "en", 
   "lines": [
    "booshy"
   ]
  }, 
  {
   "begin": "17.800", 
   "end": "18.480", 
   "id": "f000025", 
   "language": "en", 
   "lines": [
    "looty"
   ]
  }, 
  {
   "begin": "18.480", 
   "end": "18.960", 
   "id": "f000026", 
   "language": "en", 
   "lines": [
    "hoi"
   ]
  }, 
  {
   "begin": "18.960", 
   "end": "19.280", 
   "id": "f000027", 
   "language": "en", 
   "lines": [
    "ik"
   ]
  }, 
  {
   "begin": "19.280", 
   "end": "20.320", 
   "id": "f000028", 
   "language": "en", 
   "lines": [
    "laaanch!"
   ]
  }
 ]
}