{"id":109,"name":"BooBoo sings for Vihaan","writtenby":"Surekha Pillai","illustrationsby":"Jithin Jacob","translationby":"","source":"Pratham Books","status":"active","level":2,"pages":[{"id":1177,"content":"One day Vihaan wanted to play. Vihaan is a small baby and cannot talk. So he started crying. His Mamma heard him cry and thought of something to make Vihaan laugh. So she called the BooBoo Bear!","pageno":1,"image":"4c7e23545b61bae9e991f0004d4a9360.jpg","audio":"22fe6be49f69193b1da218252fe73f92.mp3","audio_map":"c2f954204f34c9f69f1718b40051af0e.json","language":[]},{"id":1178,"content":"The BooBoo bear was a jolly golly lolly-loving bear! So Vihaan's Mamma gave him a lolly and asked him to meet Vihaan. BooBoo laughed and went to meet little Vihaan! He carried MushyMushy, his pet mushroom with him.","pageno":2,"image":"c0405b63b3775d04927b36a71a25a6e6.jpg","audio":"8950720b1978805a43b4256682c6e03c.mp3","audio_map":"b5be6fbcb3c3c18f44e51f1164ae5401.json","language":[]},{"id":1179,"content":"\"VIHAAN, look!,\" said BooBoo. \"Meet my lushy wushy MushyMushy!\" BooBoo threw MushyMushy in the air as Vihaan looked.","pageno":3,"image":"6ec667013298aa2782434fec63db9e04.jpg","audio":"1d077aa5c7f5e05992aea6dedfcc99ef.mp3","audio_map":"aab5c650631d12fc916191b783e17951.json","language":[]},{"id":1180,"content":"Boinggggg! Zoinnggggg! Toingggg! fell Mushy-Mushy on Vihaan's round head and on the ground. Vihaan looked at it and THEN....","pageno":4,"image":"f06697ec16a8ba06749c48690b7992b0.jpg","audio":"2c70671f4ffca45b94708d25aabdf187.mp3","audio_map":"c698875775141922f90b76bdb4f23459.json","language":[]},{"id":1181,"content":"WAAAAAAAAAAA! BAAAAAAAAAA! GAAAAAAAAA! he cried. Vihaan's Papa came running and kissed Vihaan's doly roly poly head.\u00a0","pageno":5,"image":"e0d395356a6d422f49ad45ba6a578559.jpg","audio":"b3e1fc6f21832b6f75365af8af1b4b05.mp3","audio_map":"b57021c4ebe1f523156b46da9f159c48.json","language":[]},{"id":1182,"content":"WAAAAAAAAAAA! BAAAAAAAAAA! GAAAAAAAAA! he cried. Vihaan's Mamma came running and kissed Vihaan's doly roly poly head.","pageno":6,"image":"9e0b8d30c0cf2cd719cf12d33b22eefc.jpg","audio":"434535bf184bd81d6d967f09bed002a5.mp3","audio_map":"35a7ec7cb24201764bd534d2bff7d2b4.json","language":[]},{"id":1183,"content":"WAAAAAAAAAAA! BAAAAAAAAAA! GAAAAAAAAA! he cried. Vihaan's Aachi came running and kissed Vihaan's doly roly poly head. Aachi then whispered something in BooBoo bear's ritty-mitty-gritty ears.","pageno":7,"image":"8585767eac9133fd005b9ed01a702769.jpg","audio":"949027ebde5d6182f38f19a0110b3fbf.mp3","audio_map":"125eb2a672e994f518b56fb73a00f5ad.json","language":[]},{"id":1184,"content":"\"Don't cry Vihaan!,\" said BooBoo. \"Why don't we sing a rappy-jappy-happy SONG!,\" he said. Vihaan stopped crying and looked at BooBoo with his big beautiful eyes.\u00a0","pageno":8,"image":"b1ecfd67b1582f97e5b256557fcc45f7.jpg","audio":"a4f7d2c8f9d29302a93c608eca95e744.mp3","audio_map":"7e524c3162b1783e95fe583620b01e7d.json","language":[]},{"id":1185,"content":"So BooBoo started singing this song:Gooshy Booshy Looooty hoi ik laaaaaanchThen the Booboo bear said\u00a0No No No!Then the Booboo bear said\u00a0Dont cry cryGooshy booshy looty hoi ik laaanch!","pageno":9,"image":"0ff06d7d7aaf7c2978748bc6684c7e0e.jpg","audio":"1a91f5f71bfefdea7d9ba3c1619657a8.mp3","audio_map":"07ba9c2c204255bf0da371e225e90126.json","language":[]},{"id":1186,"content":"'HOHOHO HIHIHI!,' laughed Vihaan! 'HIRHIRHIR! HARHARHAR!' laughed BooBoo!'Heeheehee Teeheeeheee!' laughed Mushy-Mushy'HAHAHA HAHAHA' laughed Mamma, Papa and Aachi!\u00a0","pageno":10,"image":"48df570d851aa790afe6950d74cefd10.jpg","audio":"f9a7f295b44e7cd43295b1a2ee058b33.mp3","audio_map":"4446a213c7a69fe8cd1baffcc9482ff3.json","language":[]}],"language":[],"questions":[{"id":2056,"type":"pre","storypage_id":0,"order_number":1,"title":"Vocabulary","question":{"question_type":"vocabulary","question":{"text":"","image":"","type":""},"words":[{"word":"baby","image":"7136231f86cb654bf06c1f47bbb4fe73.JPG"},{"word":"bear","image":"d97e8db746c5a2ce736e1b18cb0194a6.JPG"},{"word":"mushroom","image":"2fa3ce50072e44205060a476521964c2.JPG"},{"word":"song","image":"266e079e747d4b48b599f5c47f17c20e.JPG"}]},"score":1,"question_template_id":21,"question_template":"Vocab"},{"id":2057,"type":"pre","storypage_id":0,"order_number":2,"title":"What do you think this story is about?","question":{"question_type":"mcq_single_answer","question":{"text":"What do you think this story is about?","image":"","type":"text"},"options":[{"text":"a baby","type":"both","image":"60fd4b81edc7431304ff69bc54268c5f.JPG","ans":1},{"text":"a bear","type":"both","image":"9d7b270f33df5bf4266882d5281fef8f.JPG","ans":1},{"text":"a mushroom","type":"both","image":"0d843fdf45b909781a5cd4eb556c0a2e.JPG","ans":1},{"text":"a burp","type":"both","image":"bc96cb535cb65387eb656da89724ed7c.JPG","ans":1}],"answers":["a baby","a bear","a mushroom","a burp"]},"score":1,"question_template_id":2,"question_template":"Text MCQ"},{"id":2063,"type":"post","storypage_id":0,"order_number":1,"title":"What is happening in this picture?","question":{"question_type":"story_read_aloud","question":{"text":"What is happening in this picture?","image":"7dab0a19128f70bac2e638a904fa849b.JPG","type":"both"}},"score":1,"question_template_id":7,"question_template":"Describe an Image"},{"id":2058,"type":"during","storypage_id":1177,"order_number":1,"title":"Choose the correct answer.","question":{"question_type":"mcq_single_answer","question":{"text":"Why could Vihaan not talk? ","image":"","type":"text"},"options":[{"text":"He was a baby","type":"both","image":"0918f54c8ad28135da4afea9eb74984b.JPG","ans":1},{"text":"He was too busy crying","type":"both","image":"0918f54c8ad28135da4afea9eb74984b.JPG","ans":0},{"text":"His bear was scary","type":"both","image":"06c64e8d15319b0863703554e7299987.JPG","ans":0},{"text":"Something fell on his head","type":"both","image":"a9b4bd51666e26391cfb9c7cd0941ccc.JPG","ans":0}],"answers":["He was a baby"]},"score":1,"question_template_id":2,"question_template":"Text MCQ"},{"id":2059,"type":"during","storypage_id":1178,"order_number":2,"title":"Choose the correct answer.","question":{"question_type":"mcq_single_answer","question":{"text":"Who was Booboo\u2019s pet?","image":"","type":"text"},"options":[{"text":"MushyMushy","type":"both","image":"e638908aa94c75e70dd41033f90717c7.JPG","ans":1},{"text":"Vihaan","type":"both","image":"4a4d3029a4286881b37f6bfaddf3b2e3.JPG","ans":0},{"text":"A monkey","type":"both","image":"b7a39e5368da06cbb28003461271c76c.JPG","ans":0},{"text":"A dog","type":"both","image":"96857546fb7764828b8eed757b8581f4.JPG","ans":0}],"answers":["MushyMushy"]},"score":1,"question_template_id":2,"question_template":"Text MCQ"},{"id":2060,"type":"during","storypage_id":1180,"order_number":3,"title":"Choose the correct answer.","question":{"question_type":"mcq_single_answer","question":{"text":"Why did Vihaan start crying after BooBoo threw MushyMushy in the air?","image":"","type":"text"},"options":[{"text":"MushyMushy fell on Vihaan\u2019s head","type":"both","image":"3210c976a4800d2ed7d128668e6596f6.JPG","ans":1},{"text":"BooBoo made a scary face","type":"both","image":"bf20447374f59a1e1edd2c023d68b7ef.JPG","ans":0},{"text":"BooBoo burped  something green","type":"both","image":"960cddad8dcf4dde11a25a66981694f5.JPG","ans":0},{"text":"BooBoo started crying","type":"both","image":"6929f3ab1b5acfe6926d1d2acdad52c6.JPG","ans":0}],"answers":["MushyMushy fell on Vihaan\u2019s head"]},"score":1,"question_template_id":2,"question_template":"Text MCQ"},{"id":2061,"type":"during","storypage_id":1183,"order_number":4,"title":"Choose as many answers as are correct.","question":{"question_type":"mcq_multiple_answer","question":{"text":"Who all came and kissed Vihaan\u2019s doly roly poly head?","image":"","type":"text"},"options":[{"text":"Vihaan\u2019s Papa","type":"text","image":"","ans":1},{"text":"Vihaan\u2019s Mamma","type":"text","image":"","ans":1},{"text":"Vihaan\u2019s Aachi","type":"text","image":"","ans":1},{"text":"BooBoo","type":"text","image":"","ans":0}],"answers":["Vihaan\u2019s Papa","Vihaan\u2019s Mamma","Vihaan\u2019s Aachi"]},"score":1,"question_template_id":12,"question_template":"MCQ Multiple Answer with images"},{"id":2062,"type":"during","storypage_id":1185,"order_number":5,"title":"Choose the correct answer.","question":{"question_type":"mcq_single_answer","question":{"text":"What did BooBoo do to make Vihaan laugh in the end? ","image":"","type":"text"},"options":[{"text":"He sang Vihaan a song","type":"both","image":"c05f7abdc474845fa5f6bb7df353ab60.JPG","ans":1},{"text":"He kissed Vihaan\u2019s head","type":"text","image":"","ans":0},{"text":"He threw MushyMushy in the air","type":"both","image":"8bd5f23c0451328e2129923f0d7ed588.JPG","ans":0},{"text":"He threw MushyMushy on Vihaan\u2019s head","type":"both","image":"3dae384d0acc7cdbdce28b3dbcdfddcc.JPG","ans":0}],"answers":["He sang Vihaan a song"]},"score":1,"question_template_id":2,"question_template":"Text MCQ"},{"id":2065,"type":"own_story","storypage_id":0,"order_number":1,"title":"Make your own story!","question":{"question_type":"mcq_single_answer","question":{"text":"When my _________ was a baby, my grandfather had a lot of trouble making her stop crying one day.","image":"","type":"text"},"options":[{"text":"mother","type":"text","image":"","ans":1},{"text":"sister","type":"text","image":"","ans":1},{"text":"cousin","type":"text","image":"","ans":1},{"text":"aunt","type":"text","image":"","ans":1}],"answers":["mother","sister","cousin","aunt"]},"score":1,"question_template_id":2,"question_template":"Text MCQ"},{"id":2066,"type":"own_story","storypage_id":0,"order_number":2,"title":"Make your own story!","question":{"question_type":"mcq_single_answer","question":{"text":"He tried giving her _________ to calm her down, but she still cried!","image":"","type":"text"},"options":[{"text":"a sweet","type":"text","image":"","ans":1},{"text":"a lollipop","type":"text","image":"","ans":1},{"text":"an ice candy","type":"text","image":"","ans":1},{"text":"some honey","type":"text","image":"","ans":1}],"answers":["a sweet","a lollipop","an ice candy","some honey"]},"score":1,"question_template_id":2,"question_template":"Text MCQ"},{"id":2067,"type":"own_story","storypage_id":0,"order_number":3,"title":"Make your own story!","question":{"question_type":"mcq_single_answer","question":{"text":"He gave her a _________ but that didn\u2019t work either.","image":"","type":"text"},"options":[{"text":"teddy bear","type":"text","image":"","ans":1},{"text":"toy soldier","type":"text","image":"","ans":1},{"text":"toy car","type":"text","image":"","ans":1},{"text":"doll","type":"text","image":"","ans":1}],"answers":["teddy bear","toy soldier","toy car","doll"]},"score":1,"question_template_id":2,"question_template":"Text MCQ"},{"id":2068,"type":"own_story","storypage_id":0,"order_number":4,"title":"Make your own story!","question":{"question_type":"mcq_single_answer","question":{"text":"Fed up, he gave her to _________, who started to laugh really loudly.","image":"","type":"text"},"options":[{"text":"her uncle","type":"text","image":"","ans":1},{"text":"his doctor","type":"text","image":"","ans":1},{"text":"his brother","type":"text","image":"","ans":1},{"text":"his neighbour","type":"text","image":"","ans":1}],"answers":["her uncle","his doctor","his brother","his neighbour"]},"score":1,"question_template_id":2,"question_template":"Text MCQ"},{"id":2069,"type":"own_story","storypage_id":0,"order_number":5,"title":"Make your own story!","question":{"question_type":"mcq_single_answer","question":{"text":"She got so _________ that she burst out laughing too!","image":"","type":"text"},"options":[{"text":"surprised","type":"text","image":"","ans":1},{"text":"taken aback","type":"text","image":"","ans":1},{"text":"stunned","type":"text","image":"","ans":1},{"text":"shocked","type":"text","image":"","ans":1}],"answers":["surprised","taken aback","stunned","shocked"]},"score":1,"question_template_id":2,"question_template":"Text MCQ"},{"id":2070,"type":"own_story","storypage_id":0,"order_number":6,"title":"Make your own story!","question":{"question_type":"mcq_single_answer","question":{"text":"He _________, and as he did, she did too! My grandfather was a very happy man after that.","image":"","type":"text"},"options":[{"text":"kept laughing","type":"text","image":"","ans":1},{"text":"continued to laugh","type":"text","image":"","ans":1},{"text":"laughed and snorted\/","type":"text","image":"","ans":1},{"text":"laughed and laughed","type":"text","image":"","ans":1}],"answers":["kept laughing","continued to laugh","laughed and snorted\/","laughed and laughed"]},"score":1,"question_template_id":2,"question_template":"Text MCQ"}]}