{
 "fragments": [
  {
   "begin": "0.000", 
   "end": "2.000", 
   "id": "f000001", 
   "language": "en", 
   "lines": [
    "WAAAAAAAAAAA!"
   ]
  }, 
  {
   "begin": "2.000", 
   "end": "3.520", 
   "id": "f000002", 
   "language": "en", 
   "lines": [
    "BAAAAAAAAAA!"
   ]
  }, 
  {
   "begin": "3.520", 
   "end": "5.520", 
   "id": "f000003", 
   "language": "en", 
   "lines": [
    "GAAAAAAAAA!"
   ]
  }, 
  {
   "begin": "5.520", 
   "end": "5.760", 
   "id": "f000004", 
   "language": "en", 
   "lines": [
    "he"
   ]
  }, 
  {
   "begin": "5.760", 
   "end": "6.920", 
   "id": "f000005", 
   "language": "en", 
   "lines": [
    "cried."
   ]
  }, 
  {
   "begin": "6.920", 
   "end": "7.560", 
   "id": "f000006", 
   "language": "en", 
   "lines": [
    "Vihaan's"
   ]
  }, 
  {
   "begin": "7.560", 
   "end": "7.960", 
   "id": "f000007", 
   "language": "en", 
   "lines": [
    "Aachi"
   ]
  }, 
  {
   "begin": "7.960", 
   "end": "8.320", 
   "id": "f000008", 
   "language": "en", 
   "lines": [
    "came"
   ]
  }, 
  {
   "begin": "8.320", 
   "end": "9.120", 
   "id": "f000009", 
   "language": "en", 
   "lines": [
    "running"
   ]
  }, 
  {
   "begin": "9.120", 
   "end": "9.320", 
   "id": "f000010", 
   "language": "en", 
   "lines": [
    "and"
   ]
  }, 
  {
   "begin": "9.320", 
   "end": "9.680", 
   "id": "f000011", 
   "language": "en", 
   "lines": [
    "kissed"
   ]
  }, 
  {
   "begin": "9.680", 
   "end": "10.760", 
   "id": "f000012", 
   "language": "en", 
   "lines": [
    "Vihaan's"
   ]
  }, 
  {
   "begin": "10.760", 
   "end": "11.480", 
   "id": "f000013", 
   "language": "en", 
   "lines": [
    "doly"
   ]
  }, 
  {
   "begin": "11.480", 
   "end": "12.080", 
   "id": "f000014", 
   "language": "en", 
   "lines": [
    "roly"
   ]
  }, 
  {
   "begin": "12.080", 
   "end": "12.520", 
   "id": "f000015", 
   "language": "en", 
   "lines": [
    "poly"
   ]
  }, 
  {
   "begin": "12.520", 
   "end": "13.320", 
   "id": "f000016", 
   "language": "en", 
   "lines": [
    "head."
   ]
  }, 
  {
   "begin": "13.320", 
   "end": "13.760", 
   "id": "f000017", 
   "language": "en", 
   "lines": [
    "Aachi"
   ]
  }, 
  {
   "begin": "13.760", 
   "end": "14.000", 
   "id": "f000018", 
   "language": "en", 
   "lines": [
    "then"
   ]
  }, 
  {
   "begin": "14.000", 
   "end": "14.520", 
   "id": "f000019", 
   "language": "en", 
   "lines": [
    "whispered"
   ]
  }, 
  {
   "begin": "14.520", 
   "end": "15.600", 
   "id": "f000020", 
   "language": "en", 
   "lines": [
    "something"
   ]
  }, 
  {
   "begin": "15.600", 
   "end": "15.800", 
   "id": "f000021", 
   "language": "en", 
   "lines": [
    "in"
   ]
  }, 
  {
   "begin": "15.800", 
   "end": "16.200", 
   "id": "f000022", 
   "language": "en", 
   "lines": [
    "BooBoo"
   ]
  }, 
  {
   "begin": "16.200", 
   "end": "16.960", 
   "id": "f000023", 
   "language": "en", 
   "lines": [
    "bear's"
   ]
  }, 
  {
   "begin": "16.960", 
   "end": "18.040", 
   "id": "f000024", 
   "language": "en", 
   "lines": [
    "ritty-mitty-gritty"
   ]
  }, 
  {
   "begin": "18.040", 
   "end": "19.040", 
   "id": "f000025", 
   "language": "en", 
   "lines": [
    "ears."
   ]
  }
 ]
}