{
 "fragments": [
  {
   "begin": "0.000", 
   "end": "1.680", 
   "id": "f000001", 
   "language": "en", 
   "lines": [
    "WAAAAAAAAAAA!"
   ]
  }, 
  {
   "begin": "1.680", 
   "end": "3.160", 
   "id": "f000002", 
   "language": "en", 
   "lines": [
    "BAAAAAAAAAA!"
   ]
  }, 
  {
   "begin": "3.160", 
   "end": "4.680", 
   "id": "f000003", 
   "language": "en", 
   "lines": [
    "GAAAAAAAAA!"
   ]
  }, 
  {
   "begin": "4.680", 
   "end": "4.920", 
   "id": "f000004", 
   "language": "en", 
   "lines": [
    "he"
   ]
  }, 
  {
   "begin": "4.920", 
   "end": "6.280", 
   "id": "f000005", 
   "language": "en", 
   "lines": [
    "cried."
   ]
  }, 
  {
   "begin": "6.280", 
   "end": "6.880", 
   "id": "f000006", 
   "language": "en", 
   "lines": [
    "Vihaan's"
   ]
  }, 
  {
   "begin": "6.880", 
   "end": "7.360", 
   "id": "f000007", 
   "language": "en", 
   "lines": [
    "Mamma"
   ]
  }, 
  {
   "begin": "7.360", 
   "end": "7.760", 
   "id": "f000008", 
   "language": "en", 
   "lines": [
    "came"
   ]
  }, 
  {
   "begin": "7.760", 
   "end": "8.600", 
   "id": "f000009", 
   "language": "en", 
   "lines": [
    "running"
   ]
  }, 
  {
   "begin": "8.600", 
   "end": "8.800", 
   "id": "f000010", 
   "language": "en", 
   "lines": [
    "and"
   ]
  }, 
  {
   "begin": "8.800", 
   "end": "9.200", 
   "id": "f000011", 
   "language": "en", 
   "lines": [
    "kissed"
   ]
  }, 
  {
   "begin": "9.200", 
   "end": "10.160", 
   "id": "f000012", 
   "language": "en", 
   "lines": [
    "Vihaan's"
   ]
  }, 
  {
   "begin": "10.160", 
   "end": "10.800", 
   "id": "f000013", 
   "language": "en", 
   "lines": [
    "doly"
   ]
  }, 
  {
   "begin": "10.800", 
   "end": "11.280", 
   "id": "f000014", 
   "language": "en", 
   "lines": [
    "roly"
   ]
  }, 
  {
   "begin": "11.280", 
   "end": "11.640", 
   "id": "f000015", 
   "language": "en", 
   "lines": [
    "poly"
   ]
  }, 
  {
   "begin": "11.640", 
   "end": "12.080", 
   "id": "f000016", 
   "language": "en", 
   "lines": [
    "head."
   ]
  }
 ]
}