{
 "fragments": [
  {
   "begin": "0.000", 
   "end": "1.360", 
   "id": "f000001", 
   "language": "en", 
   "lines": [
    "'HOHOHO"
   ]
  }, 
  {
   "begin": "1.360", 
   "end": "2.840", 
   "id": "f000002", 
   "language": "en", 
   "lines": [
    "HIHIHI!,'"
   ]
  }, 
  {
   "begin": "2.840", 
   "end": "3.320", 
   "id": "f000003", 
   "language": "en", 
   "lines": [
    "laughed"
   ]
  }, 
  {
   "begin": "3.320", 
   "end": "4.680", 
   "id": "f000004", 
   "language": "en", 
   "lines": [
    "Vihaan!"
   ]
  }, 
  {
   "begin": "4.680", 
   "end": "5.720", 
   "id": "f000005", 
   "language": "en", 
   "lines": [
    "'HIRHIRHIR!"
   ]
  }, 
  {
   "begin": "5.720", 
   "end": "7.080", 
   "id": "f000006", 
   "language": "en", 
   "lines": [
    "HARHARHAR!'"
   ]
  }, 
  {
   "begin": "7.080", 
   "end": "7.480", 
   "id": "f000007", 
   "language": "en", 
   "lines": [
    "laughed"
   ]
  }, 
  {
   "begin": "7.480", 
   "end": "10.400", 
   "id": "f000008", 
   "language": "en", 
   "lines": [
    "BooBoo!'Heeheehee"
   ]
  }, 
  {
   "begin": "10.400", 
   "end": "12.320", 
   "id": "f000009", 
   "language": "en", 
   "lines": [
    "Teeheeeheee!'"
   ]
  }, 
  {
   "begin": "12.320", 
   "end": "12.800", 
   "id": "f000010", 
   "language": "en", 
   "lines": [
    "laughed"
   ]
  }, 
  {
   "begin": "12.800", 
   "end": "14.640", 
   "id": "f000011", 
   "language": "en", 
   "lines": [
    "Mushy-Mushy'HAHAHA"
   ]
  }, 
  {
   "begin": "14.640", 
   "end": "17.000", 
   "id": "f000012", 
   "language": "en", 
   "lines": [
    "HAHAHA'"
   ]
  }, 
  {
   "begin": "17.000", 
   "end": "17.560", 
   "id": "f000013", 
   "language": "en", 
   "lines": [
    "laughed"
   ]
  }, 
  {
   "begin": "17.560", 
   "end": "18.200", 
   "id": "f000014", 
   "language": "en", 
   "lines": [
    "Mamma,"
   ]
  }, 
  {
   "begin": "18.200", 
   "end": "19.280", 
   "id": "f000015", 
   "language": "en", 
   "lines": [
    "Papa"
   ]
  }, 
  {
   "begin": "19.280", 
   "end": "19.600", 
   "id": "f000016", 
   "language": "en", 
   "lines": [
    "and"
   ]
  }, 
  {
   "begin": "19.600", 
   "end": "20.400", 
   "id": "f000017", 
   "language": "en", 
   "lines": [
    "Aachi!&nbsp;"
   ]
  }
 ]
}