{
 "fragments": [
  {
   "begin": "0.000", 
   "end": "0.200", 
   "id": "f000001", 
   "language": "en", 
   "lines": [
    "\"Don't"
   ]
  }, 
  {
   "begin": "0.200", 
   "end": "0.760", 
   "id": "f000002", 
   "language": "en", 
   "lines": [
    "cry"
   ]
  }, 
  {
   "begin": "0.760", 
   "end": "1.920", 
   "id": "f000003", 
   "language": "en", 
   "lines": [
    "Vihaan!,\""
   ]
  }, 
  {
   "begin": "1.920", 
   "end": "2.960", 
   "id": "f000004", 
   "language": "en", 
   "lines": [
    "said"
   ]
  }, 
  {
   "begin": "2.960", 
   "end": "3.520", 
   "id": "f000005", 
   "language": "en", 
   "lines": [
    "BooBoo."
   ]
  }, 
  {
   "begin": "3.520", 
   "end": "4.640", 
   "id": "f000006", 
   "language": "en", 
   "lines": [
    "\"Why"
   ]
  }, 
  {
   "begin": "4.640", 
   "end": "4.680", 
   "id": "f000007", 
   "language": "en", 
   "lines": [
    "don't"
   ]
  }, 
  {
   "begin": "4.680", 
   "end": "4.880", 
   "id": "f000008", 
   "language": "en", 
   "lines": [
    "we"
   ]
  }, 
  {
   "begin": "4.880", 
   "end": "5.280", 
   "id": "f000009", 
   "language": "en", 
   "lines": [
    "sing"
   ]
  }, 
  {
   "begin": "5.280", 
   "end": "5.360", 
   "id": "f000010", 
   "language": "en", 
   "lines": [
    "a"
   ]
  }, 
  {
   "begin": "5.360", 
   "end": "6.200", 
   "id": "f000011", 
   "language": "en", 
   "lines": [
    "rappy-jappy-happy"
   ]
  }, 
  {
   "begin": "6.200", 
   "end": "8.480", 
   "id": "f000012", 
   "language": "en", 
   "lines": [
    "SONG!,\""
   ]
  }, 
  {
   "begin": "8.480", 
   "end": "8.640", 
   "id": "f000013", 
   "language": "en", 
   "lines": [
    "he"
   ]
  }, 
  {
   "begin": "8.640", 
   "end": "9.840", 
   "id": "f000014", 
   "language": "en", 
   "lines": [
    "said."
   ]
  }, 
  {
   "begin": "9.840", 
   "end": "10.400", 
   "id": "f000015", 
   "language": "en", 
   "lines": [
    "Vihaan"
   ]
  }, 
  {
   "begin": "10.400", 
   "end": "10.800", 
   "id": "f000016", 
   "language": "en", 
   "lines": [
    "stopped"
   ]
  }, 
  {
   "begin": "10.800", 
   "end": "11.640", 
   "id": "f000017", 
   "language": "en", 
   "lines": [
    "crying"
   ]
  }, 
  {
   "begin": "11.640", 
   "end": "11.880", 
   "id": "f000018", 
   "language": "en", 
   "lines": [
    "and"
   ]
  }, 
  {
   "begin": "11.880", 
   "end": "12.240", 
   "id": "f000019", 
   "language": "en", 
   "lines": [
    "looked"
   ]
  }, 
  {
   "begin": "12.240", 
   "end": "12.480", 
   "id": "f000020", 
   "language": "en", 
   "lines": [
    "at"
   ]
  }, 
  {
   "begin": "12.480", 
   "end": "12.680", 
   "id": "f000021", 
   "language": "en", 
   "lines": [
    "BooBoo"
   ]
  }, 
  {
   "begin": "12.680", 
   "end": "13.360", 
   "id": "f000022", 
   "language": "en", 
   "lines": [
    "with"
   ]
  }, 
  {
   "begin": "13.360", 
   "end": "13.800", 
   "id": "f000023", 
   "language": "en", 
   "lines": [
    "his"
   ]
  }, 
  {
   "begin": "13.800", 
   "end": "14.280", 
   "id": "f000024", 
   "language": "en", 
   "lines": [
    "big"
   ]
  }, 
  {
   "begin": "14.280", 
   "end": "14.680", 
   "id": "f000025", 
   "language": "en", 
   "lines": [
    "beautiful"
   ]
  }, 
  {
   "begin": "14.680", 
   "end": "15.560", 
   "id": "f000026", 
   "language": "en", 
   "lines": [
    "eyes.&nbsp;"
   ]
  }
 ]
}