{
 "fragments": [
  {
   "begin": "0.000", 
   "end": "1.560", 
   "id": "f000001", 
   "language": "en", 
   "lines": [
    "\"VIHAAN,"
   ]
  }, 
  {
   "begin": "1.560", 
   "end": "2.800", 
   "id": "f000002", 
   "language": "en", 
   "lines": [
    "look!,\""
   ]
  }, 
  {
   "begin": "2.800", 
   "end": "3.200", 
   "id": "f000003", 
   "language": "en", 
   "lines": [
    "said"
   ]
  }, 
  {
   "begin": "3.200", 
   "end": "3.720", 
   "id": "f000004", 
   "language": "en", 
   "lines": [
    "BooBoo."
   ]
  }, 
  {
   "begin": "3.720", 
   "end": "4.920", 
   "id": "f000005", 
   "language": "en", 
   "lines": [
    "\"Meet"
   ]
  }, 
  {
   "begin": "4.920", 
   "end": "5.400", 
   "id": "f000006", 
   "language": "en", 
   "lines": [
    "my"
   ]
  }, 
  {
   "begin": "5.400", 
   "end": "5.880", 
   "id": "f000007", 
   "language": "en", 
   "lines": [
    "lushy"
   ]
  }, 
  {
   "begin": "5.880", 
   "end": "6.480", 
   "id": "f000008", 
   "language": "en", 
   "lines": [
    "wushy"
   ]
  }, 
  {
   "begin": "6.480", 
   "end": "8.320", 
   "id": "f000009", 
   "language": "en", 
   "lines": [
    "MushyMushy!\""
   ]
  }, 
  {
   "begin": "8.320", 
   "end": "9.160", 
   "id": "f000010", 
   "language": "en", 
   "lines": [
    "BooBoo"
   ]
  }, 
  {
   "begin": "9.160", 
   "end": "9.480", 
   "id": "f000011", 
   "language": "en", 
   "lines": [
    "threw"
   ]
  }, 
  {
   "begin": "9.480", 
   "end": "10.280", 
   "id": "f000012", 
   "language": "en", 
   "lines": [
    "MushyMushy"
   ]
  }, 
  {
   "begin": "10.280", 
   "end": "10.560", 
   "id": "f000013", 
   "language": "en", 
   "lines": [
    "in"
   ]
  }, 
  {
   "begin": "10.560", 
   "end": "10.640", 
   "id": "f000014", 
   "language": "en", 
   "lines": [
    "the"
   ]
  }, 
  {
   "begin": "10.640", 
   "end": "11.280", 
   "id": "f000015", 
   "language": "en", 
   "lines": [
    "air"
   ]
  }, 
  {
   "begin": "11.280", 
   "end": "11.520", 
   "id": "f000016", 
   "language": "en", 
   "lines": [
    "as"
   ]
  }, 
  {
   "begin": "11.520", 
   "end": "12.040", 
   "id": "f000017", 
   "language": "en", 
   "lines": [
    "Vihaan"
   ]
  }, 
  {
   "begin": "12.040", 
   "end": "12.840", 
   "id": "f000018", 
   "language": "en", 
   "lines": [
    "looked."
   ]
  }
 ]
}