{
 "fragments": [
  {
   "begin": "0.000", 
   "end": "2.120", 
   "id": "f000001", 
   "language": "en", 
   "lines": [
    "WAAAAAAAAAAA!"
   ]
  }, 
  {
   "begin": "2.120", 
   "end": "3.800", 
   "id": "f000002", 
   "language": "en", 
   "lines": [
    "BAAAAAAAAAA!"
   ]
  }, 
  {
   "begin": "3.800", 
   "end": "5.640", 
   "id": "f000003", 
   "language": "en", 
   "lines": [
    "GAAAAAAAAA!"
   ]
  }, 
  {
   "begin": "5.640", 
   "end": "5.840", 
   "id": "f000004", 
   "language": "en", 
   "lines": [
    "he"
   ]
  }, 
  {
   "begin": "5.840", 
   "end": "7.120", 
   "id": "f000005", 
   "language": "en", 
   "lines": [
    "cried."
   ]
  }, 
  {
   "begin": "7.120", 
   "end": "7.720", 
   "id": "f000006", 
   "language": "en", 
   "lines": [
    "Vihaan's"
   ]
  }, 
  {
   "begin": "7.720", 
   "end": "8.160", 
   "id": "f000007", 
   "language": "en", 
   "lines": [
    "Papa"
   ]
  }, 
  {
   "begin": "8.160", 
   "end": "8.600", 
   "id": "f000008", 
   "language": "en", 
   "lines": [
    "came"
   ]
  }, 
  {
   "begin": "8.600", 
   "end": "9.480", 
   "id": "f000009", 
   "language": "en", 
   "lines": [
    "running"
   ]
  }, 
  {
   "begin": "9.480", 
   "end": "9.720", 
   "id": "f000010", 
   "language": "en", 
   "lines": [
    "and"
   ]
  }, 
  {
   "begin": "9.720", 
   "end": "10.120", 
   "id": "f000011", 
   "language": "en", 
   "lines": [
    "kissed"
   ]
  }, 
  {
   "begin": "10.120", 
   "end": "11.000", 
   "id": "f000012", 
   "language": "en", 
   "lines": [
    "Vihaan's"
   ]
  }, 
  {
   "begin": "11.000", 
   "end": "11.560", 
   "id": "f000013", 
   "language": "en", 
   "lines": [
    "doly"
   ]
  }, 
  {
   "begin": "11.560", 
   "end": "12.040", 
   "id": "f000014", 
   "language": "en", 
   "lines": [
    "roly"
   ]
  }, 
  {
   "begin": "12.040", 
   "end": "12.440", 
   "id": "f000015", 
   "language": "en", 
   "lines": [
    "poly"
   ]
  }, 
  {
   "begin": "12.440", 
   "end": "13.480", 
   "id": "f000016", 
   "language": "en", 
   "lines": [
    "head.&nbsp;"
   ]
  }
 ]
}