{
 "fragments": [
  {
   "begin": "0.000", 
   "end": "0.240", 
   "id": "f000001", 
   "language": "en", 
   "lines": [
    "The"
   ]
  }, 
  {
   "begin": "0.240", 
   "end": "0.960", 
   "id": "f000002", 
   "language": "en", 
   "lines": [
    "BooBoo"
   ]
  }, 
  {
   "begin": "0.960", 
   "end": "1.680", 
   "id": "f000003", 
   "language": "en", 
   "lines": [
    "bear"
   ]
  }, 
  {
   "begin": "1.680", 
   "end": "1.920", 
   "id": "f000004", 
   "language": "en", 
   "lines": [
    "was"
   ]
  }, 
  {
   "begin": "1.920", 
   "end": "2.040", 
   "id": "f000005", 
   "language": "en", 
   "lines": [
    "a"
   ]
  }, 
  {
   "begin": "2.040", 
   "end": "2.760", 
   "id": "f000006", 
   "language": "en", 
   "lines": [
    "jolly"
   ]
  }, 
  {
   "begin": "2.760", 
   "end": "3.480", 
   "id": "f000007", 
   "language": "en", 
   "lines": [
    "golly"
   ]
  }, 
  {
   "begin": "3.480", 
   "end": "4.360", 
   "id": "f000008", 
   "language": "en", 
   "lines": [
    "lolly-loving"
   ]
  }, 
  {
   "begin": "4.360", 
   "end": "5.320", 
   "id": "f000009", 
   "language": "en", 
   "lines": [
    "bear!"
   ]
  }, 
  {
   "begin": "5.320", 
   "end": "5.520", 
   "id": "f000010", 
   "language": "en", 
   "lines": [
    "So"
   ]
  }, 
  {
   "begin": "5.520", 
   "end": "6.120", 
   "id": "f000011", 
   "language": "en", 
   "lines": [
    "Vihaan's"
   ]
  }, 
  {
   "begin": "6.120", 
   "end": "6.680", 
   "id": "f000012", 
   "language": "en", 
   "lines": [
    "Mamma"
   ]
  }, 
  {
   "begin": "6.680", 
   "end": "6.920", 
   "id": "f000013", 
   "language": "en", 
   "lines": [
    "gave"
   ]
  }, 
  {
   "begin": "6.920", 
   "end": "7.440", 
   "id": "f000014", 
   "language": "en", 
   "lines": [
    "him"
   ]
  }, 
  {
   "begin": "7.440", 
   "end": "7.600", 
   "id": "f000015", 
   "language": "en", 
   "lines": [
    "a"
   ]
  }, 
  {
   "begin": "7.600", 
   "end": "8.480", 
   "id": "f000016", 
   "language": "en", 
   "lines": [
    "lolly"
   ]
  }, 
  {
   "begin": "8.480", 
   "end": "8.720", 
   "id": "f000017", 
   "language": "en", 
   "lines": [
    "and"
   ]
  }, 
  {
   "begin": "8.720", 
   "end": "9.120", 
   "id": "f000018", 
   "language": "en", 
   "lines": [
    "asked"
   ]
  }, 
  {
   "begin": "9.120", 
   "end": "9.520", 
   "id": "f000019", 
   "language": "en", 
   "lines": [
    "him"
   ]
  }, 
  {
   "begin": "9.520", 
   "end": "9.840", 
   "id": "f000020", 
   "language": "en", 
   "lines": [
    "to"
   ]
  }, 
  {
   "begin": "9.840", 
   "end": "10.160", 
   "id": "f000021", 
   "language": "en", 
   "lines": [
    "meet"
   ]
  }, 
  {
   "begin": "10.160", 
   "end": "10.800", 
   "id": "f000022", 
   "language": "en", 
   "lines": [
    "Vihaan."
   ]
  }, 
  {
   "begin": "10.800", 
   "end": "11.760", 
   "id": "f000023", 
   "language": "en", 
   "lines": [
    "BooBoo"
   ]
  }, 
  {
   "begin": "11.760", 
   "end": "12.720", 
   "id": "f000024", 
   "language": "en", 
   "lines": [
    "laughed"
   ]
  }, 
  {
   "begin": "12.720", 
   "end": "13.160", 
   "id": "f000025", 
   "language": "en", 
   "lines": [
    "and"
   ]
  }, 
  {
   "begin": "13.160", 
   "end": "13.520", 
   "id": "f000026", 
   "language": "en", 
   "lines": [
    "went"
   ]
  }, 
  {
   "begin": "13.520", 
   "end": "13.720", 
   "id": "f000027", 
   "language": "en", 
   "lines": [
    "to"
   ]
  }, 
  {
   "begin": "13.720", 
   "end": "13.720", 
   "id": "f000028", 
   "language": "en", 
   "lines": [
    "meet"
   ]
  }, 
  {
   "begin": "13.720", 
   "end": "13.960", 
   "id": "f000029", 
   "language": "en", 
   "lines": [
    "little"
   ]
  }, 
  {
   "begin": "13.960", 
   "end": "15.400", 
   "id": "f000030", 
   "language": "en", 
   "lines": [
    "Vihaan!"
   ]
  }, 
  {
   "begin": "15.400", 
   "end": "15.600", 
   "id": "f000031", 
   "language": "en", 
   "lines": [
    "He"
   ]
  }, 
  {
   "begin": "15.600", 
   "end": "16.320", 
   "id": "f000032", 
   "language": "en", 
   "lines": [
    "carried"
   ]
  }, 
  {
   "begin": "16.320", 
   "end": "17.200", 
   "id": "f000033", 
   "language": "en", 
   "lines": [
    "MushyMushy,"
   ]
  }, 
  {
   "begin": "17.200", 
   "end": "17.760", 
   "id": "f000034", 
   "language": "en", 
   "lines": [
    "his"
   ]
  }, 
  {
   "begin": "17.760", 
   "end": "18.000", 
   "id": "f000035", 
   "language": "en", 
   "lines": [
    "pet"
   ]
  }, 
  {
   "begin": "18.000", 
   "end": "18.720", 
   "id": "f000036", 
   "language": "en", 
   "lines": [
    "mushroom"
   ]
  }, 
  {
   "begin": "18.720", 
   "end": "18.920", 
   "id": "f000037", 
   "language": "en", 
   "lines": [
    "with"
   ]
  }, 
  {
   "begin": "18.920", 
   "end": "19.640", 
   "id": "f000038", 
   "language": "en", 
   "lines": [
    "him."
   ]
  }
 ]
}