{
 "fragments": [
  {
   "begin": "0.000", 
   "end": "0.680", 
   "id": "f000001", 
   "language": "en", 
   "lines": [
    "One"
   ]
  }, 
  {
   "begin": "0.680", 
   "end": "1.000", 
   "id": "f000002", 
   "language": "en", 
   "lines": [
    "day"
   ]
  }, 
  {
   "begin": "1.000", 
   "end": "2.080", 
   "id": "f000003", 
   "language": "en", 
   "lines": [
    "Vihaan"
   ]
  }, 
  {
   "begin": "2.080", 
   "end": "2.480", 
   "id": "f000004", 
   "language": "en", 
   "lines": [
    "wanted"
   ]
  }, 
  {
   "begin": "2.480", 
   "end": "2.640", 
   "id": "f000005", 
   "language": "en", 
   "lines": [
    "to"
   ]
  }, 
  {
   "begin": "2.640", 
   "end": "3.120", 
   "id": "f000006", 
   "language": "en", 
   "lines": [
    "play."
   ]
  }, 
  {
   "begin": "3.120", 
   "end": "4.160", 
   "id": "f000007", 
   "language": "en", 
   "lines": [
    "Vihaan"
   ]
  }, 
  {
   "begin": "4.160", 
   "end": "4.200", 
   "id": "f000008", 
   "language": "en", 
   "lines": [
    "is"
   ]
  }, 
  {
   "begin": "4.200", 
   "end": "4.440", 
   "id": "f000009", 
   "language": "en", 
   "lines": [
    "a"
   ]
  }, 
  {
   "begin": "4.440", 
   "end": "5.040", 
   "id": "f000010", 
   "language": "en", 
   "lines": [
    "small"
   ]
  }, 
  {
   "begin": "5.040", 
   "end": "5.880", 
   "id": "f000011", 
   "language": "en", 
   "lines": [
    "baby"
   ]
  }, 
  {
   "begin": "5.880", 
   "end": "6.160", 
   "id": "f000012", 
   "language": "en", 
   "lines": [
    "and"
   ]
  }, 
  {
   "begin": "6.160", 
   "end": "6.680", 
   "id": "f000013", 
   "language": "en", 
   "lines": [
    "cannot"
   ]
  }, 
  {
   "begin": "6.680", 
   "end": "7.040", 
   "id": "f000014", 
   "language": "en", 
   "lines": [
    "talk."
   ]
  }, 
  {
   "begin": "7.040", 
   "end": "7.160", 
   "id": "f000015", 
   "language": "en", 
   "lines": [
    "So"
   ]
  }, 
  {
   "begin": "7.160", 
   "end": "8.400", 
   "id": "f000016", 
   "language": "en", 
   "lines": [
    "he"
   ]
  }, 
  {
   "begin": "8.400", 
   "end": "8.840", 
   "id": "f000017", 
   "language": "en", 
   "lines": [
    "started"
   ]
  }, 
  {
   "begin": "8.840", 
   "end": "10.360", 
   "id": "f000018", 
   "language": "en", 
   "lines": [
    "crying."
   ]
  }, 
  {
   "begin": "10.360", 
   "end": "10.640", 
   "id": "f000019", 
   "language": "en", 
   "lines": [
    "His"
   ]
  }, 
  {
   "begin": "10.640", 
   "end": "11.040", 
   "id": "f000020", 
   "language": "en", 
   "lines": [
    "Mamma"
   ]
  }, 
  {
   "begin": "11.040", 
   "end": "11.400", 
   "id": "f000021", 
   "language": "en", 
   "lines": [
    "heard"
   ]
  }, 
  {
   "begin": "11.400", 
   "end": "11.560", 
   "id": "f000022", 
   "language": "en", 
   "lines": [
    "him"
   ]
  }, 
  {
   "begin": "11.560", 
   "end": "12.600", 
   "id": "f000023", 
   "language": "en", 
   "lines": [
    "cry"
   ]
  }, 
  {
   "begin": "12.600", 
   "end": "12.800", 
   "id": "f000024", 
   "language": "en", 
   "lines": [
    "and"
   ]
  }, 
  {
   "begin": "12.800", 
   "end": "13.120", 
   "id": "f000025", 
   "language": "en", 
   "lines": [
    "thought"
   ]
  }, 
  {
   "begin": "13.120", 
   "end": "13.160", 
   "id": "f000026", 
   "language": "en", 
   "lines": [
    "of"
   ]
  }, 
  {
   "begin": "13.160", 
   "end": "13.520", 
   "id": "f000027", 
   "language": "en", 
   "lines": [
    "something"
   ]
  }, 
  {
   "begin": "13.520", 
   "end": "14.160", 
   "id": "f000028", 
   "language": "en", 
   "lines": [
    "to"
   ]
  }, 
  {
   "begin": "14.160", 
   "end": "14.560", 
   "id": "f000029", 
   "language": "en", 
   "lines": [
    "make"
   ]
  }, 
  {
   "begin": "14.560", 
   "end": "15.080", 
   "id": "f000030", 
   "language": "en", 
   "lines": [
    "Vihaan"
   ]
  }, 
  {
   "begin": "15.080", 
   "end": "16.560", 
   "id": "f000031", 
   "language": "en", 
   "lines": [
    "laugh."
   ]
  }, 
  {
   "begin": "16.560", 
   "end": "16.760", 
   "id": "f000032", 
   "language": "en", 
   "lines": [
    "So"
   ]
  }, 
  {
   "begin": "16.760", 
   "end": "17.120", 
   "id": "f000033", 
   "language": "en", 
   "lines": [
    "she"
   ]
  }, 
  {
   "begin": "17.120", 
   "end": "17.600", 
   "id": "f000034", 
   "language": "en", 
   "lines": [
    "called"
   ]
  }, 
  {
   "begin": "17.600", 
   "end": "17.840", 
   "id": "f000035", 
   "language": "en", 
   "lines": [
    "the"
   ]
  }, 
  {
   "begin": "17.840", 
   "end": "18.520", 
   "id": "f000036", 
   "language": "en", 
   "lines": [
    "BooBoo"
   ]
  }, 
  {
   "begin": "18.520", 
   "end": "19.400", 
   "id": "f000037", 
   "language": "en", 
   "lines": [
    "Bear!"
   ]
  }
 ]
}