{
 "fragments": [
  {
   "begin": "0.000", 
   "end": "1.520", 
   "id": "f000001", 
   "language": "en", 
   "lines": [
    "Boinggggg!"
   ]
  }, 
  {
   "begin": "1.520", 
   "end": "2.520", 
   "id": "f000002", 
   "language": "en", 
   "lines": [
    "Zoinnggggg!"
   ]
  }, 
  {
   "begin": "2.520", 
   "end": "3.840", 
   "id": "f000003", 
   "language": "en", 
   "lines": [
    "Toingggg!"
   ]
  }, 
  {
   "begin": "3.840", 
   "end": "4.200", 
   "id": "f000004", 
   "language": "en", 
   "lines": [
    "fell"
   ]
  }, 
  {
   "begin": "4.200", 
   "end": "5.040", 
   "id": "f000005", 
   "language": "en", 
   "lines": [
    "Mushy-Mushy"
   ]
  }, 
  {
   "begin": "5.040", 
   "end": "5.240", 
   "id": "f000006", 
   "language": "en", 
   "lines": [
    "on"
   ]
  }, 
  {
   "begin": "5.240", 
   "end": "5.920", 
   "id": "f000007", 
   "language": "en", 
   "lines": [
    "Vihaan's"
   ]
  }, 
  {
   "begin": "5.920", 
   "end": "6.360", 
   "id": "f000008", 
   "language": "en", 
   "lines": [
    "round"
   ]
  }, 
  {
   "begin": "6.360", 
   "end": "6.920", 
   "id": "f000009", 
   "language": "en", 
   "lines": [
    "head"
   ]
  }, 
  {
   "begin": "6.920", 
   "end": "7.080", 
   "id": "f000010", 
   "language": "en", 
   "lines": [
    "and"
   ]
  }, 
  {
   "begin": "7.080", 
   "end": "7.120", 
   "id": "f000011", 
   "language": "en", 
   "lines": [
    "on"
   ]
  }, 
  {
   "begin": "7.120", 
   "end": "7.520", 
   "id": "f000012", 
   "language": "en", 
   "lines": [
    "the"
   ]
  }, 
  {
   "begin": "7.520", 
   "end": "8.080", 
   "id": "f000013", 
   "language": "en", 
   "lines": [
    "ground."
   ]
  }, 
  {
   "begin": "8.080", 
   "end": "9.360", 
   "id": "f000014", 
   "language": "en", 
   "lines": [
    "Vihaan"
   ]
  }, 
  {
   "begin": "9.360", 
   "end": "9.640", 
   "id": "f000015", 
   "language": "en", 
   "lines": [
    "looked"
   ]
  }, 
  {
   "begin": "9.640", 
   "end": "9.840", 
   "id": "f000016", 
   "language": "en", 
   "lines": [
    "at"
   ]
  }, 
  {
   "begin": "9.840", 
   "end": "10.440", 
   "id": "f000017", 
   "language": "en", 
   "lines": [
    "it"
   ]
  }, 
  {
   "begin": "10.440", 
   "end": "10.840", 
   "id": "f000018", 
   "language": "en", 
   "lines": [
    "and"
   ]
  }, 
  {
   "begin": "10.840", 
   "end": "12.240", 
   "id": "f000019", 
   "language": "en", 
   "lines": [
    "THEN...."
   ]
  }
 ]
}