{
 "fragments": [
  {
   "begin": "0.000", 
   "end": "0.680", 
   "id": "f000001", 
   "language": "en", 
   "lines": [
    "Wasim"
   ]
  }, 
  {
   "begin": "0.680", 
   "end": "1.040", 
   "id": "f000002", 
   "language": "en", 
   "lines": [
    "threw"
   ]
  }, 
  {
   "begin": "1.040", 
   "end": "1.080", 
   "id": "f000003", 
   "language": "en", 
   "lines": [
    "the"
   ]
  }, 
  {
   "begin": "1.080", 
   "end": "1.680", 
   "id": "f000004", 
   "language": "en", 
   "lines": [
    "crumpled"
   ]
  }, 
  {
   "begin": "1.680", 
   "end": "2.040", 
   "id": "f000005", 
   "language": "en", 
   "lines": [
    "paper"
   ]
  }, 
  {
   "begin": "2.040", 
   "end": "2.440", 
   "id": "f000006", 
   "language": "en", 
   "lines": [
    "ball"
   ]
  }, 
  {
   "begin": "2.440", 
   "end": "2.840", 
   "id": "f000007", 
   "language": "en", 
   "lines": [
    "up"
   ]
  }, 
  {
   "begin": "2.840", 
   "end": "3.160", 
   "id": "f000008", 
   "language": "en", 
   "lines": [
    "into"
   ]
  }, 
  {
   "begin": "3.160", 
   "end": "3.360", 
   "id": "f000009", 
   "language": "en", 
   "lines": [
    "the"
   ]
  }, 
  {
   "begin": "3.360", 
   "end": "4.160", 
   "id": "f000010", 
   "language": "en", 
   "lines": [
    "air"
   ]
  }, 
  {
   "begin": "4.160", 
   "end": "4.360", 
   "id": "f000011", 
   "language": "en", 
   "lines": [
    "and"
   ]
  }, 
  {
   "begin": "4.360", 
   "end": "4.720", 
   "id": "f000012", 
   "language": "en", 
   "lines": [
    "watched"
   ]
  }, 
  {
   "begin": "4.720", 
   "end": "4.920", 
   "id": "f000013", 
   "language": "en", 
   "lines": [
    "it"
   ]
  }, 
  {
   "begin": "4.920", 
   "end": "5.200", 
   "id": "f000014", 
   "language": "en", 
   "lines": [
    "come"
   ]
  }, 
  {
   "begin": "5.200", 
   "end": "6.360", 
   "id": "f000015", 
   "language": "en", 
   "lines": [
    "down."
   ]
  }, 
  {
   "begin": "6.360", 
   "end": "6.560", 
   "id": "f000016", 
   "language": "en", 
   "lines": [
    "He"
   ]
  }, 
  {
   "begin": "6.560", 
   "end": "6.880", 
   "id": "f000017", 
   "language": "en", 
   "lines": [
    "threw"
   ]
  }, 
  {
   "begin": "6.880", 
   "end": "6.920", 
   "id": "f000018", 
   "language": "en", 
   "lines": [
    "it"
   ]
  }, 
  {
   "begin": "6.920", 
   "end": "7.440", 
   "id": "f000019", 
   "language": "en", 
   "lines": [
    "higher,"
   ]
  }, 
  {
   "begin": "7.440", 
   "end": "7.960", 
   "id": "f000020", 
   "language": "en", 
   "lines": [
    "and"
   ]
  }, 
  {
   "begin": "7.960", 
   "end": "8.320", 
   "id": "f000021", 
   "language": "en", 
   "lines": [
    "it"
   ]
  }, 
  {
   "begin": "8.320", 
   "end": "8.560", 
   "id": "f000022", 
   "language": "en", 
   "lines": [
    "came"
   ]
  }, 
  {
   "begin": "8.560", 
   "end": "8.800", 
   "id": "f000023", 
   "language": "en", 
   "lines": [
    "down"
   ]
  }, 
  {
   "begin": "8.800", 
   "end": "10.120", 
   "id": "f000024", 
   "language": "en", 
   "lines": [
    "faster."
   ]
  }, 
  {
   "begin": "10.120", 
   "end": "10.680", 
   "id": "f000025", 
   "language": "en", 
   "lines": [
    "Wasim"
   ]
  }, 
  {
   "begin": "10.680", 
   "end": "10.920", 
   "id": "f000026", 
   "language": "en", 
   "lines": [
    "aimed"
   ]
  }, 
  {
   "begin": "10.920", 
   "end": "11.080", 
   "id": "f000027", 
   "language": "en", 
   "lines": [
    "the"
   ]
  }, 
  {
   "begin": "11.080", 
   "end": "11.400", 
   "id": "f000028", 
   "language": "en", 
   "lines": [
    "paper"
   ]
  }, 
  {
   "begin": "11.400", 
   "end": "11.760", 
   "id": "f000029", 
   "language": "en", 
   "lines": [
    "ball"
   ]
  }, 
  {
   "begin": "11.760", 
   "end": "11.920", 
   "id": "f000030", 
   "language": "en", 
   "lines": [
    "at"
   ]
  }, 
  {
   "begin": "11.920", 
   "end": "12.960", 
   "id": "f000031", 
   "language": "en", 
   "lines": [
    "Syeda,"
   ]
  }, 
  {
   "begin": "12.960", 
   "end": "13.480", 
   "id": "f000032", 
   "language": "en", 
   "lines": [
    "his"
   ]
  }, 
  {
   "begin": "13.480", 
   "end": "13.760", 
   "id": "f000033", 
   "language": "en", 
   "lines": [
    "sister."
   ]
  }, 
  {
   "begin": "13.760", 
   "end": "14.680", 
   "id": "f000034", 
   "language": "en", 
   "lines": [
    "\u201cGot"
   ]
  }, 
  {
   "begin": "14.680", 
   "end": "16.320", 
   "id": "f000035", 
   "language": "en", 
   "lines": [
    "you!\u201d"
   ]
  }, 
  {
   "begin": "16.320", 
   "end": "16.360", 
   "id": "f000036", 
   "language": "en", 
   "lines": [
    "he"
   ]
  }, 
  {
   "begin": "16.360", 
   "end": "17.000", 
   "id": "f000037", 
   "language": "en", 
   "lines": [
    "shouted"
   ]
  }, 
  {
   "begin": "17.000", 
   "end": "17.280", 
   "id": "f000038", 
   "language": "en", 
   "lines": [
    "with"
   ]
  }, 
  {
   "begin": "17.280", 
   "end": "18.720", 
   "id": "f000039", 
   "language": "en", 
   "lines": [
    "glee."
   ]
  }
 ]
}