{
 "fragments": [
  {
   "begin": "0.000", 
   "end": "0.560", 
   "id": "f000001", 
   "language": "en", 
   "lines": [
    "\u201cBittu,"
   ]
  }, 
  {
   "begin": "0.560", 
   "end": "1.000", 
   "id": "f000002", 
   "language": "en", 
   "lines": [
    "the"
   ]
  }, 
  {
   "begin": "1.000", 
   "end": "1.640", 
   "id": "f000003", 
   "language": "en", 
   "lines": [
    "famous"
   ]
  }, 
  {
   "begin": "1.640", 
   "end": "2.400", 
   "id": "f000004", 
   "language": "en", 
   "lines": [
    "singer"
   ]
  }, 
  {
   "begin": "2.400", 
   "end": "2.680", 
   "id": "f000005", 
   "language": "en", 
   "lines": [
    "will"
   ]
  }, 
  {
   "begin": "2.680", 
   "end": "3.280", 
   "id": "f000006", 
   "language": "en", 
   "lines": [
    "sail"
   ]
  }, 
  {
   "begin": "3.280", 
   "end": "4.000", 
   "id": "f000007", 
   "language": "en", 
   "lines": [
    "all"
   ]
  }, 
  {
   "begin": "4.000", 
   "end": "4.800", 
   "id": "f000008", 
   "language": "en", 
   "lines": [
    "around"
   ]
  }, 
  {
   "begin": "4.800", 
   "end": "4.800", 
   "id": "f000009", 
   "language": "en", 
   "lines": [
    "the"
   ]
  }, 
  {
   "begin": "4.800", 
   "end": "4.800", 
   "id": "f000010", 
   "language": "en", 
   "lines": [
    "world"
   ]
  }, 
  {
   "begin": "4.800", 
   "end": "5.040", 
   "id": "f000011", 
   "language": "en", 
   "lines": [
    "in"
   ]
  }, 
  {
   "begin": "5.040", 
   "end": "5.640", 
   "id": "f000012", 
   "language": "en", 
   "lines": [
    "this"
   ]
  }, 
  {
   "begin": "5.640", 
   "end": "6.160", 
   "id": "f000013", 
   "language": "en", 
   "lines": [
    "big"
   ]
  }, 
  {
   "begin": "6.160", 
   "end": "6.680", 
   "id": "f000014", 
   "language": "en", 
   "lines": [
    "ship!\u201d\n"
   ]
  }, 
  {
   "begin": "6.680", 
   "end": "6.680", 
   "id": "f000015", 
   "language": "en", 
   "lines": [
    ""
   ]
  }, 
  {
   "begin": "6.680", 
   "end": "6.680", 
   "id": "f000016", 
   "language": "en", 
   "lines": [
    ""
   ]
  }, 
  {
   "begin": "6.680", 
   "end": "7.840", 
   "id": "f000017", 
   "language": "en", 
   "lines": [
    "\u201cMay"
   ]
  }, 
  {
   "begin": "7.840", 
   "end": "7.960", 
   "id": "f000018", 
   "language": "en", 
   "lines": [
    "I"
   ]
  }, 
  {
   "begin": "7.960", 
   "end": "8.000", 
   "id": "f000019", 
   "language": "en", 
   "lines": [
    "come"
   ]
  }, 
  {
   "begin": "8.000", 
   "end": "8.440", 
   "id": "f000020", 
   "language": "en", 
   "lines": [
    "with"
   ]
  }, 
  {
   "begin": "8.440", 
   "end": "8.680", 
   "id": "f000021", 
   "language": "en", 
   "lines": [
    "you"
   ]
  }, 
  {
   "begin": "8.680", 
   "end": "10.200", 
   "id": "f000022", 
   "language": "en", 
   "lines": [
    "too?\u201d"
   ]
  }, 
  {
   "begin": "10.200", 
   "end": "10.800", 
   "id": "f000023", 
   "language": "en", 
   "lines": [
    "asked"
   ]
  }, 
  {
   "begin": "10.800", 
   "end": "11.800", 
   "id": "f000024", 
   "language": "en", 
   "lines": [
    "Wasim."
   ]
  }
 ]
}