{
 "fragments": [
  {
   "begin": "0.000", 
   "end": "0.920", 
   "id": "f000001", 
   "language": "en", 
   "lines": [
    "Wasim"
   ]
  }, 
  {
   "begin": "0.920", 
   "end": "1.360", 
   "id": "f000002", 
   "language": "en", 
   "lines": [
    "picked"
   ]
  }, 
  {
   "begin": "1.360", 
   "end": "1.520", 
   "id": "f000003", 
   "language": "en", 
   "lines": [
    "up"
   ]
  }, 
  {
   "begin": "1.520", 
   "end": "1.640", 
   "id": "f000004", 
   "language": "en", 
   "lines": [
    "the"
   ]
  }, 
  {
   "begin": "1.640", 
   "end": "2.040", 
   "id": "f000005", 
   "language": "en", 
   "lines": [
    "boat."
   ]
  }, 
  {
   "begin": "2.040", 
   "end": "3.440", 
   "id": "f000006", 
   "language": "en", 
   "lines": [
    "Very"
   ]
  }, 
  {
   "begin": "3.440", 
   "end": "3.960", 
   "id": "f000007", 
   "language": "en", 
   "lines": [
    "carefully,"
   ]
  }, 
  {
   "begin": "3.960", 
   "end": "4.800", 
   "id": "f000008", 
   "language": "en", 
   "lines": [
    "he"
   ]
  }, 
  {
   "begin": "4.800", 
   "end": "5.600", 
   "id": "f000009", 
   "language": "en", 
   "lines": [
    "smoothened"
   ]
  }, 
  {
   "begin": "5.600", 
   "end": "5.760", 
   "id": "f000010", 
   "language": "en", 
   "lines": [
    "the"
   ]
  }, 
  {
   "begin": "5.760", 
   "end": "5.960", 
   "id": "f000011", 
   "language": "en", 
   "lines": [
    "paper.\n"
   ]
  }, 
  {
   "begin": "5.960", 
   "end": "5.960", 
   "id": "f000012", 
   "language": "en", 
   "lines": [
    ""
   ]
  }, 
  {
   "begin": "5.960", 
   "end": "5.960", 
   "id": "f000013", 
   "language": "en", 
   "lines": [
    ""
   ]
  }, 
  {
   "begin": "5.960", 
   "end": "7.200", 
   "id": "f000014", 
   "language": "en", 
   "lines": [
    "Then"
   ]
  }, 
  {
   "begin": "7.200", 
   "end": "7.640", 
   "id": "f000015", 
   "language": "en", 
   "lines": [
    "he"
   ]
  }, 
  {
   "begin": "7.640", 
   "end": "8.080", 
   "id": "f000016", 
   "language": "en", 
   "lines": [
    "folded"
   ]
  }, 
  {
   "begin": "8.080", 
   "end": "8.240", 
   "id": "f000017", 
   "language": "en", 
   "lines": [
    "it"
   ]
  }, 
  {
   "begin": "8.240", 
   "end": "8.520", 
   "id": "f000018", 
   "language": "en", 
   "lines": [
    "like"
   ]
  }, 
  {
   "begin": "8.520", 
   "end": "8.960", 
   "id": "f000019", 
   "language": "en", 
   "lines": [
    "a"
   ]
  }, 
  {
   "begin": "8.960", 
   "end": "9.600", 
   "id": "f000020", 
   "language": "en", 
   "lines": [
    "handkerchief."
   ]
  }, 
  {
   "begin": "9.600", 
   "end": "10.600", 
   "id": "f000021", 
   "language": "en", 
   "lines": [
    "He"
   ]
  }, 
  {
   "begin": "10.600", 
   "end": "10.840", 
   "id": "f000022", 
   "language": "en", 
   "lines": [
    "cut"
   ]
  }, 
  {
   "begin": "10.840", 
   "end": "11.200", 
   "id": "f000023", 
   "language": "en", 
   "lines": [
    "out"
   ]
  }, 
  {
   "begin": "11.200", 
   "end": "11.200", 
   "id": "f000024", 
   "language": "en", 
   "lines": [
    "a"
   ]
  }, 
  {
   "begin": "11.200", 
   "end": "11.720", 
   "id": "f000025", 
   "language": "en", 
   "lines": [
    "corner."
   ]
  }, 
  {
   "begin": "11.720", 
   "end": "13.080", 
   "id": "f000026", 
   "language": "en", 
   "lines": [
    "Then"
   ]
  }, 
  {
   "begin": "13.080", 
   "end": "13.920", 
   "id": "f000027", 
   "language": "en", 
   "lines": [
    "Wasim"
   ]
  }, 
  {
   "begin": "13.920", 
   "end": "14.520", 
   "id": "f000028", 
   "language": "en", 
   "lines": [
    "opened"
   ]
  }, 
  {
   "begin": "14.520", 
   "end": "14.760", 
   "id": "f000029", 
   "language": "en", 
   "lines": [
    "the"
   ]
  }, 
  {
   "begin": "14.760", 
   "end": "15.480", 
   "id": "f000030", 
   "language": "en", 
   "lines": [
    "paper."
   ]
  }
 ]
}