{
 "fragments": [
  {
   "begin": "0.000", 
   "end": "0.560", 
   "id": "f000001", 
   "language": "en", 
   "lines": [
    "Just"
   ]
  }, 
  {
   "begin": "0.560", 
   "end": "1.520", 
   "id": "f000002", 
   "language": "en", 
   "lines": [
    "then,"
   ]
  }, 
  {
   "begin": "1.520", 
   "end": "1.640", 
   "id": "f000003", 
   "language": "en", 
   "lines": [
    "Bittu"
   ]
  }, 
  {
   "begin": "1.640", 
   "end": "1.960", 
   "id": "f000004", 
   "language": "en", 
   "lines": [
    "came"
   ]
  }, 
  {
   "begin": "1.960", 
   "end": "2.440", 
   "id": "f000005", 
   "language": "en", 
   "lines": [
    "in."
   ]
  }, 
  {
   "begin": "2.440", 
   "end": "4.200", 
   "id": "f000006", 
   "language": "en", 
   "lines": [
    "\u201cMay"
   ]
  }, 
  {
   "begin": "4.200", 
   "end": "4.640", 
   "id": "f000007", 
   "language": "en", 
   "lines": [
    "I"
   ]
  }, 
  {
   "begin": "4.640", 
   "end": "4.840", 
   "id": "f000008", 
   "language": "en", 
   "lines": [
    "have"
   ]
  }, 
  {
   "begin": "4.840", 
   "end": "4.840", 
   "id": "f000009", 
   "language": "en", 
   "lines": [
    "the"
   ]
  }, 
  {
   "begin": "4.840", 
   "end": "4.880", 
   "id": "f000010", 
   "language": "en", 
   "lines": [
    "lollipop"
   ]
  }, 
  {
   "begin": "4.880", 
   "end": "6.280", 
   "id": "f000011", 
   "language": "en", 
   "lines": [
    "please?\u201d"
   ]
  }, 
  {
   "begin": "6.280", 
   "end": "6.560", 
   "id": "f000012", 
   "language": "en", 
   "lines": [
    "he"
   ]
  }, 
  {
   "begin": "6.560", 
   "end": "7.880", 
   "id": "f000013", 
   "language": "en", 
   "lines": [
    "asked.\n"
   ]
  }, 
  {
   "begin": "7.880", 
   "end": "7.880", 
   "id": "f000014", 
   "language": "en", 
   "lines": [
    ""
   ]
  }, 
  {
   "begin": "7.880", 
   "end": "7.880", 
   "id": "f000015", 
   "language": "en", 
   "lines": [
    ""
   ]
  }, 
  {
   "begin": "7.880", 
   "end": "8.120", 
   "id": "f000016", 
   "language": "en", 
   "lines": [
    "He"
   ]
  }, 
  {
   "begin": "8.120", 
   "end": "8.680", 
   "id": "f000017", 
   "language": "en", 
   "lines": [
    "pretended"
   ]
  }, 
  {
   "begin": "8.680", 
   "end": "9.000", 
   "id": "f000018", 
   "language": "en", 
   "lines": [
    "to"
   ]
  }, 
  {
   "begin": "9.000", 
   "end": "9.280", 
   "id": "f000019", 
   "language": "en", 
   "lines": [
    "eat"
   ]
  }, 
  {
   "begin": "9.280", 
   "end": "9.440", 
   "id": "f000020", 
   "language": "en", 
   "lines": [
    "the"
   ]
  }, 
  {
   "begin": "9.440", 
   "end": "10.560", 
   "id": "f000021", 
   "language": "en", 
   "lines": [
    "sweet"
   ]
  }, 
  {
   "begin": "10.560", 
   "end": "10.800", 
   "id": "f000022", 
   "language": "en", 
   "lines": [
    "and"
   ]
  }, 
  {
   "begin": "10.800", 
   "end": "11.520", 
   "id": "f000023", 
   "language": "en", 
   "lines": [
    "then"
   ]
  }, 
  {
   "begin": "11.520", 
   "end": "11.960", 
   "id": "f000024", 
   "language": "en", 
   "lines": [
    "rolled"
   ]
  }, 
  {
   "begin": "11.960", 
   "end": "11.960", 
   "id": "f000025", 
   "language": "en", 
   "lines": [
    "up"
   ]
  }, 
  {
   "begin": "11.960", 
   "end": "12.120", 
   "id": "f000026", 
   "language": "en", 
   "lines": [
    "the"
   ]
  }, 
  {
   "begin": "12.120", 
   "end": "12.640", 
   "id": "f000027", 
   "language": "en", 
   "lines": [
    "crumpled"
   ]
  }, 
  {
   "begin": "12.640", 
   "end": "13.120", 
   "id": "f000028", 
   "language": "en", 
   "lines": [
    "paper.\n"
   ]
  }, 
  {
   "begin": "13.120", 
   "end": "13.120", 
   "id": "f000029", 
   "language": "en", 
   "lines": [
    ""
   ]
  }, 
  {
   "begin": "13.120", 
   "end": "13.120", 
   "id": "f000030", 
   "language": "en", 
   "lines": [
    ""
   ]
  }, 
  {
   "begin": "13.120", 
   "end": "14.560", 
   "id": "f000031", 
   "language": "en", 
   "lines": [
    "\u201cTesting,"
   ]
  }, 
  {
   "begin": "14.560", 
   "end": "15.400", 
   "id": "f000032", 
   "language": "en", 
   "lines": [
    "testing,"
   ]
  }, 
  {
   "begin": "15.400", 
   "end": "15.800", 
   "id": "f000033", 
   "language": "en", 
   "lines": [
    "mike"
   ]
  }, 
  {
   "begin": "15.800", 
   "end": "16.840", 
   "id": "f000034", 
   "language": "en", 
   "lines": [
    "testing,"
   ]
  }, 
  {
   "begin": "16.840", 
   "end": "17.400", 
   "id": "f000035", 
   "language": "en", 
   "lines": [
    "one,"
   ]
  }, 
  {
   "begin": "17.400", 
   "end": "18.040", 
   "id": "f000036", 
   "language": "en", 
   "lines": [
    "two,"
   ]
  }, 
  {
   "begin": "18.040", 
   "end": "19.280", 
   "id": "f000037", 
   "language": "en", 
   "lines": [
    "three!\u201d"
   ]
  }, 
  {
   "begin": "19.280", 
   "end": "19.600", 
   "id": "f000038", 
   "language": "en", 
   "lines": [
    "he"
   ]
  }, 
  {
   "begin": "19.600", 
   "end": "20.000", 
   "id": "f000039", 
   "language": "en", 
   "lines": [
    "said."
   ]
  }, 
  {
   "begin": "20.000", 
   "end": "21.120", 
   "id": "f000040", 
   "language": "en", 
   "lines": [
    "\u201cNow"
   ]
  }, 
  {
   "begin": "21.120", 
   "end": "21.400", 
   "id": "f000041", 
   "language": "en", 
   "lines": [
    "I"
   ]
  }, 
  {
   "begin": "21.400", 
   "end": "21.480", 
   "id": "f000042", 
   "language": "en", 
   "lines": [
    "am"
   ]
  }, 
  {
   "begin": "21.480", 
   "end": "21.760", 
   "id": "f000043", 
   "language": "en", 
   "lines": [
    "going"
   ]
  }, 
  {
   "begin": "21.760", 
   "end": "21.800", 
   "id": "f000044", 
   "language": "en", 
   "lines": [
    "to"
   ]
  }, 
  {
   "begin": "21.800", 
   "end": "22.200", 
   "id": "f000045", 
   "language": "en", 
   "lines": [
    "sing"
   ]
  }, 
  {
   "begin": "22.200", 
   "end": "22.720", 
   "id": "f000046", 
   "language": "en", 
   "lines": [
    "you"
   ]
  }, 
  {
   "begin": "22.720", 
   "end": "22.840", 
   "id": "f000047", 
   "language": "en", 
   "lines": [
    "a"
   ]
  }, 
  {
   "begin": "22.840", 
   "end": "23.680", 
   "id": "f000048", 
   "language": "en", 
   "lines": [
    "song.\u201d"
   ]
  }
 ]
}