{
 "fragments": [
  {
   "begin": "0.000", 
   "end": "0.840", 
   "id": "f000001", 
   "language": "en", 
   "lines": [
    "Swoosh"
   ]
  }, 
  {
   "begin": "0.840", 
   "end": "1.160", 
   "id": "f000002", 
   "language": "en", 
   "lines": [
    "came"
   ]
  }, 
  {
   "begin": "1.160", 
   "end": "1.280", 
   "id": "f000003", 
   "language": "en", 
   "lines": [
    "the"
   ]
  }, 
  {
   "begin": "1.280", 
   "end": "1.680", 
   "id": "f000004", 
   "language": "en", 
   "lines": [
    "wind."
   ]
  }, 
  {
   "begin": "1.680", 
   "end": "2.600", 
   "id": "f000005", 
   "language": "en", 
   "lines": [
    "A"
   ]
  }, 
  {
   "begin": "2.600", 
   "end": "3.120", 
   "id": "f000006", 
   "language": "en", 
   "lines": [
    "sheet"
   ]
  }, 
  {
   "begin": "3.120", 
   "end": "3.120", 
   "id": "f000007", 
   "language": "en", 
   "lines": [
    "of"
   ]
  }, 
  {
   "begin": "3.120", 
   "end": "3.480", 
   "id": "f000008", 
   "language": "en", 
   "lines": [
    "paper"
   ]
  }, 
  {
   "begin": "3.480", 
   "end": "3.920", 
   "id": "f000009", 
   "language": "en", 
   "lines": [
    "floated"
   ]
  }, 
  {
   "begin": "3.920", 
   "end": "4.200", 
   "id": "f000010", 
   "language": "en", 
   "lines": [
    "in.\n"
   ]
  }, 
  {
   "begin": "4.200", 
   "end": "4.200", 
   "id": "f000011", 
   "language": "en", 
   "lines": [
    ""
   ]
  }, 
  {
   "begin": "4.200", 
   "end": "5.080", 
   "id": "f000012", 
   "language": "en", 
   "lines": [
    ""
   ]
  }, 
  {
   "begin": "5.080", 
   "end": "5.480", 
   "id": "f000013", 
   "language": "en", 
   "lines": [
    "Manju"
   ]
  }, 
  {
   "begin": "5.480", 
   "end": "5.760", 
   "id": "f000014", 
   "language": "en", 
   "lines": [
    "picked"
   ]
  }, 
  {
   "begin": "5.760", 
   "end": "5.840", 
   "id": "f000015", 
   "language": "en", 
   "lines": [
    "it"
   ]
  }, 
  {
   "begin": "5.840", 
   "end": "5.880", 
   "id": "f000016", 
   "language": "en", 
   "lines": [
    "up"
   ]
  }, 
  {
   "begin": "5.880", 
   "end": "6.720", 
   "id": "f000017", 
   "language": "en", 
   "lines": [
    "and"
   ]
  }, 
  {
   "begin": "6.720", 
   "end": "7.160", 
   "id": "f000018", 
   "language": "en", 
   "lines": [
    "sat"
   ]
  }, 
  {
   "begin": "7.160", 
   "end": "7.400", 
   "id": "f000019", 
   "language": "en", 
   "lines": [
    "down"
   ]
  }, 
  {
   "begin": "7.400", 
   "end": "7.600", 
   "id": "f000020", 
   "language": "en", 
   "lines": [
    "to"
   ]
  }, 
  {
   "begin": "7.600", 
   "end": "7.800", 
   "id": "f000021", 
   "language": "en", 
   "lines": [
    "draw"
   ]
  }, 
  {
   "begin": "7.800", 
   "end": "7.920", 
   "id": "f000022", 
   "language": "en", 
   "lines": [
    "the"
   ]
  }, 
  {
   "begin": "7.920", 
   "end": "8.280", 
   "id": "f000023", 
   "language": "en", 
   "lines": [
    "sun."
   ]
  }, 
  {
   "begin": "8.280", 
   "end": "10.440", 
   "id": "f000024", 
   "language": "en", 
   "lines": [
    "\"Oh,"
   ]
  }, 
  {
   "begin": "10.440", 
   "end": "10.960", 
   "id": "f000025", 
   "language": "en", 
   "lines": [
    "this"
   ]
  }, 
  {
   "begin": "10.960", 
   "end": "11.480", 
   "id": "f000026", 
   "language": "en", 
   "lines": [
    "looks"
   ]
  }, 
  {
   "begin": "11.480", 
   "end": "13.240", 
   "id": "f000027", 
   "language": "en", 
   "lines": [
    "horrible!"
   ]
  }, 
  {
   "begin": "13.240", 
   "end": "13.480", 
   "id": "f000028", 
   "language": "en", 
   "lines": [
    "she"
   ]
  }, 
  {
   "begin": "13.480", 
   "end": "14.840", 
   "id": "f000029", 
   "language": "en", 
   "lines": [
    "said."
   ]
  }, 
  {
   "begin": "14.840", 
   "end": "15.200", 
   "id": "f000030", 
   "language": "en", 
   "lines": [
    "Manju"
   ]
  }, 
  {
   "begin": "15.200", 
   "end": "15.560", 
   "id": "f000031", 
   "language": "en", 
   "lines": [
    "crumpled"
   ]
  }, 
  {
   "begin": "15.560", 
   "end": "15.800", 
   "id": "f000032", 
   "language": "en", 
   "lines": [
    "the"
   ]
  }, 
  {
   "begin": "15.800", 
   "end": "15.960", 
   "id": "f000033", 
   "language": "en", 
   "lines": [
    "paper"
   ]
  }, 
  {
   "begin": "15.960", 
   "end": "16.200", 
   "id": "f000034", 
   "language": "en", 
   "lines": [
    "and"
   ]
  }, 
  {
   "begin": "16.200", 
   "end": "16.920", 
   "id": "f000035", 
   "language": "en", 
   "lines": [
    "threw"
   ]
  }, 
  {
   "begin": "16.920", 
   "end": "17.240", 
   "id": "f000036", 
   "language": "en", 
   "lines": [
    "it"
   ]
  }, 
  {
   "begin": "17.240", 
   "end": "17.560", 
   "id": "f000037", 
   "language": "en", 
   "lines": [
    "out"
   ]
  }, 
  {
   "begin": "17.560", 
   "end": "17.640", 
   "id": "f000038", 
   "language": "en", 
   "lines": [
    "of"
   ]
  }, 
  {
   "begin": "17.640", 
   "end": "18.080", 
   "id": "f000039", 
   "language": "en", 
   "lines": [
    "the"
   ]
  }, 
  {
   "begin": "18.080", 
   "end": "18.640", 
   "id": "f000040", 
   "language": "en", 
   "lines": [
    "window."
   ]
  }, 
  {
   "begin": "18.640", 
   "end": "19.520", 
   "id": "f000041", 
   "language": "en", 
   "lines": [
    "The"
   ]
  }, 
  {
   "begin": "19.520", 
   "end": "20.440", 
   "id": "f000042", 
   "language": "en", 
   "lines": [
    "paper"
   ]
  }, 
  {
   "begin": "20.440", 
   "end": "21.000", 
   "id": "f000043", 
   "language": "en", 
   "lines": [
    "fell"
   ]
  }, 
  {
   "begin": "21.000", 
   "end": "21.960", 
   "id": "f000044", 
   "language": "en", 
   "lines": [
    "on"
   ]
  }, 
  {
   "begin": "21.960", 
   "end": "23.160", 
   "id": "f000045", 
   "language": "en", 
   "lines": [
    "Wasim\u2019s"
   ]
  }, 
  {
   "begin": "23.160", 
   "end": "23.360", 
   "id": "f000046", 
   "language": "en", 
   "lines": [
    "head."
   ]
  }, 
  {
   "begin": "23.360", 
   "end": "23.840", 
   "id": "f000047", 
   "language": "en", 
   "lines": [
    "\u201cAh,"
   ]
  }, 
  {
   "begin": "23.840", 
   "end": "24.080", 
   "id": "f000048", 
   "language": "en", 
   "lines": [
    "a"
   ]
  }, 
  {
   "begin": "24.080", 
   "end": "24.120", 
   "id": "f000049", 
   "language": "en", 
   "lines": [
    "ball!\u201d"
   ]
  }, 
  {
   "begin": "24.120", 
   "end": "24.160", 
   "id": "f000050", 
   "language": "en", 
   "lines": [
    "he"
   ]
  }, 
  {
   "begin": "24.160", 
   "end": "25.320", 
   "id": "f000051", 
   "language": "en", 
   "lines": [
    "said"
   ]
  }, 
  {
   "begin": "25.320", 
   "end": "26.880", 
   "id": "f000052", 
   "language": "en", 
   "lines": [
    "happily."
   ]
  }
 ]
}