{
 "fragments": [
  {
   "begin": "0.000", 
   "end": "0.760", 
   "id": "f000001", 
   "language": "en", 
   "lines": [
    "Anil's"
   ]
  }, 
  {
   "begin": "0.760", 
   "end": "1.360", 
   "id": "f000002", 
   "language": "en", 
   "lines": [
    "donkey"
   ]
  }, 
  {
   "begin": "1.360", 
   "end": "1.760", 
   "id": "f000003", 
   "language": "en", 
   "lines": [
    "grabbed"
   ]
  }, 
  {
   "begin": "1.760", 
   "end": "1.920", 
   "id": "f000004", 
   "language": "en", 
   "lines": [
    "the"
   ]
  }, 
  {
   "begin": "1.920", 
   "end": "2.280", 
   "id": "f000005", 
   "language": "en", 
   "lines": [
    "paper"
   ]
  }, 
  {
   "begin": "2.280", 
   "end": "2.600", 
   "id": "f000006", 
   "language": "en", 
   "lines": [
    "sun"
   ]
  }, 
  {
   "begin": "2.600", 
   "end": "2.920", 
   "id": "f000007", 
   "language": "en", 
   "lines": [
    "from"
   ]
  }, 
  {
   "begin": "2.920", 
   "end": "3.400", 
   "id": "f000008", 
   "language": "en", 
   "lines": [
    "Manju's"
   ]
  }, 
  {
   "begin": "3.400", 
   "end": "4.040", 
   "id": "f000009", 
   "language": "en", 
   "lines": [
    "hand"
   ]
  }, 
  {
   "begin": "4.040", 
   "end": "4.360", 
   "id": "f000010", 
   "language": "en", 
   "lines": [
    "and"
   ]
  }, 
  {
   "begin": "4.360", 
   "end": "4.760", 
   "id": "f000011", 
   "language": "en", 
   "lines": [
    "gobbled"
   ]
  }, 
  {
   "begin": "4.760", 
   "end": "4.920", 
   "id": "f000012", 
   "language": "en", 
   "lines": [
    "it"
   ]
  }, 
  {
   "begin": "4.920", 
   "end": "5.160", 
   "id": "f000013", 
   "language": "en", 
   "lines": [
    "up"
   ]
  }, 
  {
   "begin": "5.160", 
   "end": "6.680", 
   "id": "f000014", 
   "language": "en", 
   "lines": [
    "fast."
   ]
  }, 
  {
   "begin": "6.680", 
   "end": "7.000", 
   "id": "f000015", 
   "language": "en", 
   "lines": [
    "He"
   ]
  }, 
  {
   "begin": "7.000", 
   "end": "7.480", 
   "id": "f000016", 
   "language": "en", 
   "lines": [
    "burped"
   ]
  }, 
  {
   "begin": "7.480", 
   "end": "9.480", 
   "id": "f000017", 
   "language": "en", 
   "lines": [
    "loudly."
   ]
  }, 
  {
   "begin": "9.480", 
   "end": "9.920", 
   "id": "f000018", 
   "language": "en", 
   "lines": [
    "Then"
   ]
  }, 
  {
   "begin": "9.920", 
   "end": "10.280", 
   "id": "f000019", 
   "language": "en", 
   "lines": [
    "the"
   ]
  }, 
  {
   "begin": "10.280", 
   "end": "10.480", 
   "id": "f000020", 
   "language": "en", 
   "lines": [
    "donkey"
   ]
  }, 
  {
   "begin": "10.480", 
   "end": "10.880", 
   "id": "f000021", 
   "language": "en", 
   "lines": [
    "had"
   ]
  }, 
  {
   "begin": "10.880", 
   "end": "11.200", 
   "id": "f000022", 
   "language": "en", 
   "lines": [
    "a"
   ]
  }, 
  {
   "begin": "11.200", 
   "end": "12.000", 
   "id": "f000023", 
   "language": "en", 
   "lines": [
    "very"
   ]
  }, 
  {
   "begin": "12.000", 
   "end": "12.400", 
   "id": "f000024", 
   "language": "en", 
   "lines": [
    "strange"
   ]
  }, 
  {
   "begin": "12.400", 
   "end": "12.720", 
   "id": "f000025", 
   "language": "en", 
   "lines": [
    "look"
   ]
  }, 
  {
   "begin": "12.720", 
   "end": "12.840", 
   "id": "f000026", 
   "language": "en", 
   "lines": [
    "on"
   ]
  }, 
  {
   "begin": "12.840", 
   "end": "13.080", 
   "id": "f000027", 
   "language": "en", 
   "lines": [
    "his"
   ]
  }, 
  {
   "begin": "13.080", 
   "end": "13.560", 
   "id": "f000028", 
   "language": "en", 
   "lines": [
    "face.\n\n"
   ]
  }, 
  {
   "begin": "13.560", 
   "end": "13.560", 
   "id": "f000029", 
   "language": "en", 
   "lines": [
    ""
   ]
  }, 
  {
   "begin": "13.560", 
   "end": "13.560", 
   "id": "f000030", 
   "language": "en", 
   "lines": [
    ""
   ]
  }, 
  {
   "begin": "13.560", 
   "end": "13.560", 
   "id": "f000031", 
   "language": "en", 
   "lines": [
    ""
   ]
  }, 
  {
   "begin": "13.560", 
   "end": "14.920", 
   "id": "f000032", 
   "language": "en", 
   "lines": [
    ""
   ]
  }, 
  {
   "begin": "14.920", 
   "end": "15.560", 
   "id": "f000033", 
   "language": "en", 
   "lines": [
    "Now"
   ]
  }, 
  {
   "begin": "15.560", 
   "end": "15.760", 
   "id": "f000034", 
   "language": "en", 
   "lines": [
    "who"
   ]
  }, 
  {
   "begin": "15.760", 
   "end": "15.960", 
   "id": "f000035", 
   "language": "en", 
   "lines": [
    "can"
   ]
  }, 
  {
   "begin": "15.960", 
   "end": "16.600", 
   "id": "f000036", 
   "language": "en", 
   "lines": [
    "tell"
   ]
  }, 
  {
   "begin": "16.600", 
   "end": "16.880", 
   "id": "f000037", 
   "language": "en", 
   "lines": [
    "if"
   ]
  }, 
  {
   "begin": "16.880", 
   "end": "16.880", 
   "id": "f000038", 
   "language": "en", 
   "lines": [
    "it"
   ]
  }, 
  {
   "begin": "16.880", 
   "end": "17.200", 
   "id": "f000039", 
   "language": "en", 
   "lines": [
    "was"
   ]
  }, 
  {
   "begin": "17.200", 
   "end": "17.800", 
   "id": "f000040", 
   "language": "en", 
   "lines": [
    "because"
   ]
  }, 
  {
   "begin": "17.800", 
   "end": "17.920", 
   "id": "f000041", 
   "language": "en", 
   "lines": [
    "he"
   ]
  }, 
  {
   "begin": "17.920", 
   "end": "17.960", 
   "id": "f000042", 
   "language": "en", 
   "lines": [
    "had"
   ]
  }, 
  {
   "begin": "17.960", 
   "end": "18.240", 
   "id": "f000043", 
   "language": "en", 
   "lines": [
    "eaten"
   ]
  }, 
  {
   "begin": "18.240", 
   "end": "18.560", 
   "id": "f000044", 
   "language": "en", 
   "lines": [
    "very"
   ]
  }, 
  {
   "begin": "18.560", 
   "end": "19.240", 
   "id": "f000045", 
   "language": "en", 
   "lines": [
    "fast"
   ]
  }, 
  {
   "begin": "19.240", 
   "end": "19.720", 
   "id": "f000046", 
   "language": "en", 
   "lines": [
    "without"
   ]
  }, 
  {
   "begin": "19.720", 
   "end": "20.120", 
   "id": "f000047", 
   "language": "en", 
   "lines": [
    "chewing"
   ]
  }, 
  {
   "begin": "20.120", 
   "end": "20.960", 
   "id": "f000048", 
   "language": "en", 
   "lines": [
    "well,"
   ]
  }, 
  {
   "begin": "20.960", 
   "end": "21.240", 
   "id": "f000049", 
   "language": "en", 
   "lines": [
    "or"
   ]
  }, 
  {
   "begin": "21.240", 
   "end": "21.240", 
   "id": "f000050", 
   "language": "en", 
   "lines": [
    "if"
   ]
  }, 
  {
   "begin": "21.240", 
   "end": "21.240", 
   "id": "f000051", 
   "language": "en", 
   "lines": [
    "it"
   ]
  }, 
  {
   "begin": "21.240", 
   "end": "21.640", 
   "id": "f000052", 
   "language": "en", 
   "lines": [
    "was"
   ]
  }, 
  {
   "begin": "21.640", 
   "end": "22.240", 
   "id": "f000053", 
   "language": "en", 
   "lines": [
    "because"
   ]
  }, 
  {
   "begin": "22.240", 
   "end": "22.320", 
   "id": "f000054", 
   "language": "en", 
   "lines": [
    "he"
   ]
  }, 
  {
   "begin": "22.320", 
   "end": "22.720", 
   "id": "f000055", 
   "language": "en", 
   "lines": [
    "had"
   ]
  }, 
  {
   "begin": "22.720", 
   "end": "23.000", 
   "id": "f000056", 
   "language": "en", 
   "lines": [
    "eaten"
   ]
  }, 
  {
   "begin": "23.000", 
   "end": "23.120", 
   "id": "f000057", 
   "language": "en", 
   "lines": [
    "up"
   ]
  }, 
  {
   "begin": "23.120", 
   "end": "23.680", 
   "id": "f000058", 
   "language": "en", 
   "lines": [
    "the"
   ]
  }, 
  {
   "begin": "23.680", 
   "end": "24.760", 
   "id": "f000059", 
   "language": "en", 
   "lines": [
    "sun?"
   ]
  }
 ]
}