{
 "fragments": [
  {
   "begin": "0.000", 
   "end": "0.720", 
   "id": "f000001", 
   "language": "en", 
   "lines": [
    "Just"
   ]
  }, 
  {
   "begin": "0.720", 
   "end": "1.600", 
   "id": "f000002", 
   "language": "en", 
   "lines": [
    "then,"
   ]
  }, 
  {
   "begin": "1.600", 
   "end": "1.960", 
   "id": "f000003", 
   "language": "en", 
   "lines": [
    "Anil"
   ]
  }, 
  {
   "begin": "1.960", 
   "end": "2.200", 
   "id": "f000004", 
   "language": "en", 
   "lines": [
    "came"
   ]
  }, 
  {
   "begin": "2.200", 
   "end": "2.520", 
   "id": "f000005", 
   "language": "en", 
   "lines": [
    "along"
   ]
  }, 
  {
   "begin": "2.520", 
   "end": "3.320", 
   "id": "f000006", 
   "language": "en", 
   "lines": [
    "with"
   ]
  }, 
  {
   "begin": "3.320", 
   "end": "3.560", 
   "id": "f000007", 
   "language": "en", 
   "lines": [
    "his"
   ]
  }, 
  {
   "begin": "3.560", 
   "end": "5.000", 
   "id": "f000008", 
   "language": "en", 
   "lines": [
    "donkey.\n"
   ]
  }, 
  {
   "begin": "5.000", 
   "end": "5.000", 
   "id": "f000009", 
   "language": "en", 
   "lines": [
    ""
   ]
  }, 
  {
   "begin": "5.000", 
   "end": "5.000", 
   "id": "f000010", 
   "language": "en", 
   "lines": [
    ""
   ]
  }, 
  {
   "begin": "5.000", 
   "end": "5.000", 
   "id": "f000011", 
   "language": "en", 
   "lines": [
    ""
   ]
  }, 
  {
   "begin": "5.000", 
   "end": "5.240", 
   "id": "f000012", 
   "language": "en", 
   "lines": [
    "He"
   ]
  }, 
  {
   "begin": "5.240", 
   "end": "5.440", 
   "id": "f000013", 
   "language": "en", 
   "lines": [
    "picked"
   ]
  }, 
  {
   "begin": "5.440", 
   "end": "5.520", 
   "id": "f000014", 
   "language": "en", 
   "lines": [
    "up"
   ]
  }, 
  {
   "begin": "5.520", 
   "end": "6.080", 
   "id": "f000015", 
   "language": "en", 
   "lines": [
    "Manju\u2019s"
   ]
  }, 
  {
   "begin": "6.080", 
   "end": "7.040", 
   "id": "f000016", 
   "language": "en", 
   "lines": [
    "pencil"
   ]
  }, 
  {
   "begin": "7.040", 
   "end": "7.400", 
   "id": "f000017", 
   "language": "en", 
   "lines": [
    "and"
   ]
  }, 
  {
   "begin": "7.400", 
   "end": "7.560", 
   "id": "f000018", 
   "language": "en", 
   "lines": [
    "drew"
   ]
  }, 
  {
   "begin": "7.560", 
   "end": "8.280", 
   "id": "f000019", 
   "language": "en", 
   "lines": [
    "lines"
   ]
  }, 
  {
   "begin": "8.280", 
   "end": "8.720", 
   "id": "f000020", 
   "language": "en", 
   "lines": [
    "around"
   ]
  }, 
  {
   "begin": "8.720", 
   "end": "9.040", 
   "id": "f000021", 
   "language": "en", 
   "lines": [
    "the"
   ]
  }, 
  {
   "begin": "9.040", 
   "end": "9.400", 
   "id": "f000022", 
   "language": "en", 
   "lines": [
    "hole"
   ]
  }, 
  {
   "begin": "9.400", 
   "end": "9.560", 
   "id": "f000023", 
   "language": "en", 
   "lines": [
    "in"
   ]
  }, 
  {
   "begin": "9.560", 
   "end": "9.800", 
   "id": "f000024", 
   "language": "en", 
   "lines": [
    "the"
   ]
  }, 
  {
   "begin": "9.800", 
   "end": "10.760", 
   "id": "f000025", 
   "language": "en", 
   "lines": [
    "paper.\n"
   ]
  }, 
  {
   "begin": "10.760", 
   "end": "10.920", 
   "id": "f000026", 
   "language": "en", 
   "lines": [
    "\u201cThat\u2019s"
   ]
  }, 
  {
   "begin": "10.920", 
   "end": "11.280", 
   "id": "f000027", 
   "language": "en", 
   "lines": [
    "the"
   ]
  }, 
  {
   "begin": "11.280", 
   "end": "11.720", 
   "id": "f000028", 
   "language": "en", 
   "lines": [
    "best"
   ]
  }, 
  {
   "begin": "11.720", 
   "end": "12.160", 
   "id": "f000029", 
   "language": "en", 
   "lines": [
    "sun"
   ]
  }, 
  {
   "begin": "12.160", 
   "end": "12.280", 
   "id": "f000030", 
   "language": "en", 
   "lines": [
    "I"
   ]
  }, 
  {
   "begin": "12.280", 
   "end": "12.760", 
   "id": "f000031", 
   "language": "en", 
   "lines": [
    "have"
   ]
  }, 
  {
   "begin": "12.760", 
   "end": "13.160", 
   "id": "f000032", 
   "language": "en", 
   "lines": [
    "ever"
   ]
  }, 
  {
   "begin": "13.160", 
   "end": "14.800", 
   "id": "f000033", 
   "language": "en", 
   "lines": [
    "seen!\u201d"
   ]
  }, 
  {
   "begin": "14.800", 
   "end": "15.200", 
   "id": "f000034", 
   "language": "en", 
   "lines": [
    "said"
   ]
  }, 
  {
   "begin": "15.200", 
   "end": "15.960", 
   "id": "f000035", 
   "language": "en", 
   "lines": [
    "Manju."
   ]
  }
 ]
}