{
 "fragments": [
  {
   "begin": "0.000", 
   "end": "0.320", 
   "id": "f000001", 
   "language": "en", 
   "lines": [
    "Yet"
   ]
  }, 
  {
   "begin": "0.320", 
   "end": "1.120", 
   "id": "f000002", 
   "language": "en", 
   "lines": [
    "Sringeri"
   ]
  }, 
  {
   "begin": "1.120", 
   "end": "1.800", 
   "id": "f000003", 
   "language": "en", 
   "lines": [
    "Srinivas"
   ]
  }, 
  {
   "begin": "1.800", 
   "end": "2.120", 
   "id": "f000004", 
   "language": "en", 
   "lines": [
    "was"
   ]
  }, 
  {
   "begin": "2.120", 
   "end": "2.320", 
   "id": "f000005", 
   "language": "en", 
   "lines": [
    "not"
   ]
  }, 
  {
   "begin": "2.320", 
   "end": "2.600", 
   "id": "f000006", 
   "language": "en", 
   "lines": [
    "happy."
   ]
  }, 
  {
   "begin": "2.600", 
   "end": "2.840", 
   "id": "f000007", 
   "language": "en", 
   "lines": [
    "He"
   ]
  }, 
  {
   "begin": "2.840", 
   "end": "2.880", 
   "id": "f000008", 
   "language": "en", 
   "lines": [
    "could"
   ]
  }, 
  {
   "begin": "2.880", 
   "end": "4.400", 
   "id": "f000009", 
   "language": "en", 
   "lines": [
    "hear"
   ]
  }, 
  {
   "begin": "4.400", 
   "end": "4.840", 
   "id": "f000010", 
   "language": "en", 
   "lines": [
    "the"
   ]
  }, 
  {
   "begin": "4.840", 
   "end": "5.480", 
   "id": "f000011", 
   "language": "en", 
   "lines": [
    "noise"
   ]
  }, 
  {
   "begin": "5.480", 
   "end": "5.520", 
   "id": "f000012", 
   "language": "en", 
   "lines": [
    "of"
   ]
  }, 
  {
   "begin": "5.520", 
   "end": "6.200", 
   "id": "f000013", 
   "language": "en", 
   "lines": [
    "everyone"
   ]
  }, 
  {
   "begin": "6.200", 
   "end": "6.560", 
   "id": "f000014", 
   "language": "en", 
   "lines": [
    "trying"
   ]
  }, 
  {
   "begin": "6.560", 
   "end": "6.560", 
   "id": "f000015", 
   "language": "en", 
   "lines": [
    "to"
   ]
  }, 
  {
   "begin": "6.560", 
   "end": "6.800", 
   "id": "f000016", 
   "language": "en", 
   "lines": [
    "be"
   ]
  }, 
  {
   "begin": "6.800", 
   "end": "7.800", 
   "id": "f000017", 
   "language": "en", 
   "lines": [
    "silent!"
   ]
  }
 ]
}