{
 "fragments": [
  {
   "begin": "0.000", 
   "end": "0.680", 
   "id": "f000001", 
   "language": "en", 
   "lines": [
    "Now,"
   ]
  }, 
  {
   "begin": "0.680", 
   "end": "1.160", 
   "id": "f000002", 
   "language": "en", 
   "lines": [
    "when"
   ]
  }, 
  {
   "begin": "1.160", 
   "end": "1.920", 
   "id": "f000003", 
   "language": "en", 
   "lines": [
    "Sringeri"
   ]
  }, 
  {
   "begin": "1.920", 
   "end": "2.640", 
   "id": "f000004", 
   "language": "en", 
   "lines": [
    "Srinivas"
   ]
  }, 
  {
   "begin": "2.640", 
   "end": "3.000", 
   "id": "f000005", 
   "language": "en", 
   "lines": [
    "gets"
   ]
  }, 
  {
   "begin": "3.000", 
   "end": "3.480", 
   "id": "f000006", 
   "language": "en", 
   "lines": [
    "very"
   ]
  }, 
  {
   "begin": "3.480", 
   "end": "4.040", 
   "id": "f000007", 
   "language": "en", 
   "lines": [
    "angry"
   ]
  }, 
  {
   "begin": "4.040", 
   "end": "4.200", 
   "id": "f000008", 
   "language": "en", 
   "lines": [
    "at"
   ]
  }, 
  {
   "begin": "4.200", 
   "end": "4.360", 
   "id": "f000009", 
   "language": "en", 
   "lines": [
    "the"
   ]
  }, 
  {
   "begin": "4.360", 
   "end": "5.200", 
   "id": "f000010", 
   "language": "en", 
   "lines": [
    "cars"
   ]
  }, 
  {
   "begin": "5.200", 
   "end": "5.400", 
   "id": "f000011", 
   "language": "en", 
   "lines": [
    "or"
   ]
  }, 
  {
   "begin": "5.400", 
   "end": "5.760", 
   "id": "f000012", 
   "language": "en", 
   "lines": [
    "even"
   ]
  }, 
  {
   "begin": "5.760", 
   "end": "5.760", 
   "id": "f000013", 
   "language": "en", 
   "lines": [
    "at"
   ]
  }, 
  {
   "begin": "5.760", 
   "end": "6.080", 
   "id": "f000014", 
   "language": "en", 
   "lines": [
    "the"
   ]
  }, 
  {
   "begin": "6.080", 
   "end": "7.040", 
   "id": "f000015", 
   "language": "en", 
   "lines": [
    "frogs,"
   ]
  }, 
  {
   "begin": "7.040", 
   "end": "7.240", 
   "id": "f000016", 
   "language": "en", 
   "lines": [
    "he"
   ]
  }, 
  {
   "begin": "7.240", 
   "end": "7.800", 
   "id": "f000017", 
   "language": "en", 
   "lines": [
    "puts"
   ]
  }, 
  {
   "begin": "7.800", 
   "end": "7.800", 
   "id": "f000018", 
   "language": "en", 
   "lines": [
    "on"
   ]
  }, 
  {
   "begin": "7.800", 
   "end": "8.040", 
   "id": "f000019", 
   "language": "en", 
   "lines": [
    "his"
   ]
  }, 
  {
   "begin": "8.040", 
   "end": "8.680", 
   "id": "f000020", 
   "language": "en", 
   "lines": [
    "headphones"
   ]
  }, 
  {
   "begin": "8.680", 
   "end": "8.960", 
   "id": "f000021", 
   "language": "en", 
   "lines": [
    "and"
   ]
  }, 
  {
   "begin": "8.960", 
   "end": "9.680", 
   "id": "f000022", 
   "language": "en", 
   "lines": [
    "listens"
   ]
  }, 
  {
   "begin": "9.680", 
   "end": "9.840", 
   "id": "f000023", 
   "language": "en", 
   "lines": [
    "to"
   ]
  }, 
  {
   "begin": "9.840", 
   "end": "9.960", 
   "id": "f000024", 
   "language": "en", 
   "lines": [
    "the"
   ]
  }, 
  {
   "begin": "9.960", 
   "end": "11.760", 
   "id": "f000025", 
   "language": "en", 
   "lines": [
    "silence."
   ]
  }, 
  {
   "begin": "11.760", 
   "end": "12.440", 
   "id": "f000026", 
   "language": "en", 
   "lines": [
    "Or"
   ]
  }, 
  {
   "begin": "12.440", 
   "end": "12.680", 
   "id": "f000027", 
   "language": "en", 
   "lines": [
    "he"
   ]
  }, 
  {
   "begin": "12.680", 
   "end": "13.240", 
   "id": "f000028", 
   "language": "en", 
   "lines": [
    "listens"
   ]
  }, 
  {
   "begin": "13.240", 
   "end": "13.440", 
   "id": "f000029", 
   "language": "en", 
   "lines": [
    "to"
   ]
  }, 
  {
   "begin": "13.440", 
   "end": "13.800", 
   "id": "f000030", 
   "language": "en", 
   "lines": [
    "good"
   ]
  }, 
  {
   "begin": "13.800", 
   "end": "15.240", 
   "id": "f000031", 
   "language": "en", 
   "lines": [
    "music."
   ]
  }, 
  {
   "begin": "15.240", 
   "end": "15.360", 
   "id": "f000032", 
   "language": "en", 
   "lines": [
    "In"
   ]
  }, 
  {
   "begin": "15.360", 
   "end": "15.520", 
   "id": "f000033", 
   "language": "en", 
   "lines": [
    "the"
   ]
  }, 
  {
   "begin": "15.520", 
   "end": "16.000", 
   "id": "f000034", 
   "language": "en", 
   "lines": [
    "village,"
   ]
  }, 
  {
   "begin": "16.000", 
   "end": "16.400", 
   "id": "f000035", 
   "language": "en", 
   "lines": [
    "the"
   ]
  }, 
  {
   "begin": "16.400", 
   "end": "16.880", 
   "id": "f000036", 
   "language": "en", 
   "lines": [
    "cows"
   ]
  }, 
  {
   "begin": "16.880", 
   "end": "17.160", 
   "id": "f000037", 
   "language": "en", 
   "lines": [
    "are"
   ]
  }, 
  {
   "begin": "17.160", 
   "end": "17.480", 
   "id": "f000038", 
   "language": "en", 
   "lines": [
    "mooing"
   ]
  }, 
  {
   "begin": "17.480", 
   "end": "18.080", 
   "id": "f000039", 
   "language": "en", 
   "lines": [
    "again."
   ]
  }, 
  {
   "begin": "18.080", 
   "end": "19.080", 
   "id": "f000040", 
   "language": "en", 
   "lines": [
    "The"
   ]
  }, 
  {
   "begin": "19.080", 
   "end": "19.880", 
   "id": "f000041", 
   "language": "en", 
   "lines": [
    "koyals"
   ]
  }, 
  {
   "begin": "19.880", 
   "end": "20.120", 
   "id": "f000042", 
   "language": "en", 
   "lines": [
    "have"
   ]
  }, 
  {
   "begin": "20.120", 
   "end": "20.480", 
   "id": "f000043", 
   "language": "en", 
   "lines": [
    "come"
   ]
  }, 
  {
   "begin": "20.480", 
   "end": "21.520", 
   "id": "f000044", 
   "language": "en", 
   "lines": [
    "back."
   ]
  }, 
  {
   "begin": "21.520", 
   "end": "21.520", 
   "id": "f000045", 
   "language": "en", 
   "lines": [
    ""
   ]
  }, 
  {
   "begin": "21.520", 
   "end": "22.080", 
   "id": "f000046", 
   "language": "en", 
   "lines": [
    "Ribbit"
   ]
  }, 
  {
   "begin": "22.080", 
   "end": "22.400", 
   "id": "f000047", 
   "language": "en", 
   "lines": [
    "ribbit,"
   ]
  }, 
  {
   "begin": "22.400", 
   "end": "22.400", 
   "id": "f000048", 
   "language": "en", 
   "lines": [
    "go"
   ]
  }, 
  {
   "begin": "22.400", 
   "end": "22.960", 
   "id": "f000049", 
   "language": "en", 
   "lines": [
    "the"
   ]
  }, 
  {
   "begin": "22.960", 
   "end": "23.640", 
   "id": "f000050", 
   "language": "en", 
   "lines": [
    "frogs."
   ]
  }, 
  {
   "begin": "23.640", 
   "end": "24.720", 
   "id": "f000051", 
   "language": "en", 
   "lines": [
    "Kirkk"
   ]
  }, 
  {
   "begin": "24.720", 
   "end": "25.320", 
   "id": "f000052", 
   "language": "en", 
   "lines": [
    "kirkk,"
   ]
  }, 
  {
   "begin": "25.320", 
   "end": "25.960", 
   "id": "f000053", 
   "language": "en", 
   "lines": [
    "sing"
   ]
  }, 
  {
   "begin": "25.960", 
   "end": "26.080", 
   "id": "f000054", 
   "language": "en", 
   "lines": [
    "the"
   ]
  }, 
  {
   "begin": "26.080", 
   "end": "27.600", 
   "id": "f000055", 
   "language": "en", 
   "lines": [
    "cicadas."
   ]
  }
 ]
}