{
 "fragments": [ 
  {
   "begin": "0.800", 
   "end": "0.880", 
   "id": "f000004", 
   "language": "en", 
   "lines": [
    "\u201cWhat"
   ]
  }, 
  {
   "begin": "0.880", 
   "end": "1.040", 
   "id": "f000005", 
   "language": "en", 
   "lines": [
    "is"
   ]
  }, 
  {
   "begin": "1.040", 
   "end": "2.200", 
   "id": "f000006", 
   "language": "en", 
   "lines": [
    "this?\u201d"
   ]
  }, 
  {
   "begin": "2.200", 
   "end": "2.600", 
   "id": "f000007", 
   "language": "en", 
   "lines": [
    "he"
   ]
  }, 
  {
   "begin": "2.600", 
   "end": "2.840", 
   "id": "f000008", 
   "language": "en", 
   "lines": [
    "asked"
   ]
  }, 
  {
   "begin": "2.840", 
   "end": "3.080", 
   "id": "f000009", 
   "language": "en", 
   "lines": [
    "the"
   ]
  }, 
  {
   "begin": "3.080", 
   "end": "3.600", 
   "id": "f000010", 
   "language": "en", 
   "lines": [
    "man.\n"
   ]
  }, 
  {
   "begin": "3.600", 
   "end": "3.600", 
   "id": "f000011", 
   "language": "en", 
   "lines": [
    ""
   ]
  }, 
  {
   "begin": "3.600", 
   "end": "3.600", 
   "id": "f000012", 
   "language": "en", 
   "lines": [
    ""
   ]
  }, 
  {
   "begin": "3.600", 
   "end": "5.040", 
   "id": "f000013", 
   "language": "en", 
   "lines": [
    "\u201cThese"
   ]
  }, 
  {
   "begin": "5.040", 
   "end": "5.240", 
   "id": "f000014", 
   "language": "en", 
   "lines": [
    "are"
   ]
  }, 
  {
   "begin": "5.240", 
   "end": "5.400", 
   "id": "f000015", 
   "language": "en", 
   "lines": [
    "my"
   ]
  }, 
  {
   "begin": "5.400", 
   "end": "6.560", 
   "id": "f000016", 
   "language": "en", 
   "lines": [
    "headphones."
   ]
  }, 
  {
   "begin": "6.560", 
   "end": "6.840", 
   "id": "f000017", 
   "language": "en", 
   "lines": [
    "Here,"
   ]
  }, 
  {
   "begin": "6.840", 
   "end": "7.320", 
   "id": "f000018", 
   "language": "en", 
   "lines": [
    "try"
   ]
  }, 
  {
   "begin": "7.320", 
   "end": "7.520", 
   "id": "f000019", 
   "language": "en", 
   "lines": [
    "them"
   ]
  }, 
  {
   "begin": "7.520", 
   "end": "7.800", 
   "id": "f000020", 
   "language": "en", 
   "lines": [
    "on,\u201d"
   ]
  }, 
  {
   "begin": "7.800", 
   "end": "8.680", 
   "id": "f000021", 
   "language": "en", 
   "lines": [
    "the"
   ]
  }, 
  {
   "begin": "8.680", 
   "end": "9.080", 
   "id": "f000022", 
   "language": "en", 
   "lines": [
    "young"
   ]
  }, 
  {
   "begin": "9.080", 
   "end": "9.360", 
   "id": "f000023", 
   "language": "en", 
   "lines": [
    "man"
   ]
  }, 
  {
   "begin": "9.360", 
   "end": "9.680", 
   "id": "f000024", 
   "language": "en", 
   "lines": [
    "said."
   ]
  }, 
  {
   "begin": "9.680", 
   "end": "9.800", 
   "id": "f000025", 
   "language": "en", 
   "lines": [
    "He"
   ]
  }, 
  {
   "begin": "9.800", 
   "end": "10.360", 
   "id": "f000026", 
   "language": "en", 
   "lines": [
    "put"
   ]
  }, 
  {
   "begin": "10.360", 
   "end": "10.600", 
   "id": "f000027", 
   "language": "en", 
   "lines": [
    "them"
   ]
  }, 
  {
   "begin": "10.600", 
   "end": "10.760", 
   "id": "f000028", 
   "language": "en", 
   "lines": [
    "on"
   ]
  }, 
  {
   "begin": "10.760", 
   "end": "11.240", 
   "id": "f000029", 
   "language": "en", 
   "lines": [
    "for"
   ]
  }, 
  {
   "begin": "11.240", 
   "end": "12.000", 
   "id": "f000030", 
   "language": "en", 
   "lines": [
    "Sringeri"
   ]
  }, 
  {
   "begin": "12.000", 
   "end": "13.360", 
   "id": "f000031", 
   "language": "en", 
   "lines": [
    "Srinivas."
   ]
  }, 
  {
   "begin": "13.360", 
   "end": "14.000", 
   "id": "f000032", 
   "language": "en", 
   "lines": [
    "Music!"
   ]
  }, 
  {
   "begin": "14.000", 
   "end": "15.000", 
   "id": "f000033", 
   "language": "en", 
   "lines": [
    "Ting"
   ]
  }, 
  {
   "begin": "15.000", 
   "end": "15.320", 
   "id": "f000034", 
   "language": "en", 
   "lines": [
    "dang"
   ]
  }, 
  {
   "begin": "15.320", 
   "end": "15.600", 
   "id": "f000035", 
   "language": "en", 
   "lines": [
    "ting"
   ]
  }, 
  {
   "begin": "15.600", 
   "end": "16.640", 
   "id": "f000036", 
   "language": "en", 
   "lines": [
    "dang."
   ]
  }, 
  {
   "begin": "16.640", 
   "end": "17.080", 
   "id": "f000037", 
   "language": "en", 
   "lines": [
    "No"
   ]
  }, 
  {
   "begin": "17.080", 
   "end": "17.680", 
   "id": "f000038", 
   "language": "en", 
   "lines": [
    "horns."
   ]
  }, 
  {
   "begin": "17.680", 
   "end": "17.680", 
   "id": "f000039", 
   "language": "en", 
   "lines": [
    "&nbsp;"
   ]
  }, 
  {
   "begin": "17.680", 
   "end": "19.480", 
   "id": "f000040", 
   "language": "en", 
   "lines": [
    "\u201cAha!"
   ]
  }, 
  {
   "begin": "19.480", 
   "end": "19.920", 
   "id": "f000041", 
   "language": "en", 
   "lines": [
    "This"
   ]
  }, 
  {
   "begin": "19.920", 
   "end": "20.440", 
   "id": "f000042", 
   "language": "en", 
   "lines": [
    "is"
   ]
  }, 
  {
   "begin": "20.440", 
   "end": "20.960", 
   "id": "f000043", 
   "language": "en", 
   "lines": [
    "just"
   ]
  }, 
  {
   "begin": "20.960", 
   "end": "21.120", 
   "id": "f000044", 
   "language": "en", 
   "lines": [
    "what"
   ]
  }, 
  {
   "begin": "21.120", 
   "end": "21.320", 
   "id": "f000045", 
   "language": "en", 
   "lines": [
    "I"
   ]
  }, 
  {
   "begin": "21.320", 
   "end": "21.640", 
   "id": "f000046", 
   "language": "en", 
   "lines": [
    "need,\u201d"
   ]
  }, 
  {
   "begin": "21.640", 
   "end": "22.360", 
   "id": "f000047", 
   "language": "en", 
   "lines": [
    "he"
   ]
  }, 
  {
   "begin": "22.360", 
   "end": "23.360", 
   "id": "f000048", 
   "language": "en", 
   "lines": [
    "said."
   ]
  }
 ]
}