{
 "fragments": [ 
  {
   "begin": "1.800", 
   "end": "2.000", 
   "id": "f000004", 
   "language": "en", 
   "lines": [
    "But"
   ]
  }, 
  {
   "begin": "2.000", 
   "end": "2.520", 
   "id": "f000005", 
   "language": "en", 
   "lines": [
    "the"
   ]
  }, 
  {
   "begin": "2.520", 
   "end": "3.400", 
   "id": "f000006", 
   "language": "en", 
   "lines": [
    "noise"
   ]
  }, 
  {
   "begin": "3.400", 
   "end": "3.720", 
   "id": "f000007", 
   "language": "en", 
   "lines": [
    "simply"
   ]
  }, 
  {
   "begin": "3.720", 
   "end": "3.760", 
   "id": "f000008", 
   "language": "en", 
   "lines": [
    "would"
   ]
  }, 
  {
   "begin": "3.760", 
   "end": "3.840", 
   "id": "f000009", 
   "language": "en", 
   "lines": [
    "not"
   ]
  }, 
  {
   "begin": "3.840", 
   "end": "5.560", 
   "id": "f000010", 
   "language": "en", 
   "lines": [
    "go"
   ]
  }, 
  {
   "begin": "5.560", 
   "end": "5.960", 
   "id": "f000011", 
   "language": "en", 
   "lines": [
    "away"
   ]
  }, 
  {
   "begin": "5.960", 
   "end": "5.960", 
   "id": "f000012", 
   "language": "en", 
   "lines": [
    "from"
   ]
  }, 
  {
   "begin": "5.960", 
   "end": "6.000", 
   "id": "f000013", 
   "language": "en", 
   "lines": [
    "his"
   ]
  }, 
  {
   "begin": "6.000", 
   "end": "6.000", 
   "id": "f000014", 
   "language": "en", 
   "lines": [
    "head."
   ]
  }, 
  {
   "begin": "6.000", 
   "end": "7.240", 
   "id": "f000015", 
   "language": "en", 
   "lines": [
    "Paoon!"
   ]
  }, 
  {
   "begin": "7.240", 
   "end": "7.600", 
   "id": "f000016", 
   "language": "en", 
   "lines": [
    "Ponn!"
   ]
  }, 
  {
   "begin": "7.600", 
   "end": "9.520", 
   "id": "f000017", 
   "language": "en", 
   "lines": [
    "Paaa!\n"
   ]
  }, 
  {
   "begin": "9.520", 
   "end": "9.520", 
   "id": "f000018", 
   "language": "en", 
   "lines": [
    ""
   ]
  }, 
  {
   "begin": "9.520", 
   "end": "9.520", 
   "id": "f000019", 
   "language": "en", 
   "lines": [
    ""
   ]
  }, 
  {
   "begin": "9.520", 
   "end": "9.680", 
   "id": "f000020", 
   "language": "en", 
   "lines": [
    "It"
   ]
  }, 
  {
   "begin": "9.680", 
   "end": "10.040", 
   "id": "f000021", 
   "language": "en", 
   "lines": [
    "kept"
   ]
  }, 
  {
   "begin": "10.040", 
   "end": "10.320", 
   "id": "f000022", 
   "language": "en", 
   "lines": [
    "on"
   ]
  }, 
  {
   "begin": "10.320", 
   "end": "10.720", 
   "id": "f000023", 
   "language": "en", 
   "lines": [
    "playing"
   ]
  }, 
  {
   "begin": "10.720", 
   "end": "10.880", 
   "id": "f000024", 
   "language": "en", 
   "lines": [
    "like"
   ]
  }, 
  {
   "begin": "10.880", 
   "end": "10.880", 
   "id": "f000025", 
   "language": "en", 
   "lines": [
    "a"
   ]
  }, 
  {
   "begin": "10.880", 
   "end": "11.240", 
   "id": "f000026", 
   "language": "en", 
   "lines": [
    "band"
   ]
  }, 
  {
   "begin": "11.240", 
   "end": "11.640", 
   "id": "f000027", 
   "language": "en", 
   "lines": [
    "of"
   ]
  }, 
  {
   "begin": "11.640", 
   "end": "12.360", 
   "id": "f000028", 
   "language": "en", 
   "lines": [
    "untrained"
   ]
  }, 
  {
   "begin": "12.360", 
   "end": "13.160", 
   "id": "f000029", 
   "language": "en", 
   "lines": [
    "musicians.\n\n"
   ]
  }, 
  {
   "begin": "13.160", 
   "end": "13.160", 
   "id": "f000030", 
   "language": "en", 
   "lines": [
    ""
   ]
  }, 
  {
   "begin": "13.160", 
   "end": "13.160", 
   "id": "f000031", 
   "language": "en", 
   "lines": [
    ""
   ]
  }, 
  {
   "begin": "13.160", 
   "end": "14.240", 
   "id": "f000032", 
   "language": "en", 
   "lines": [
    ""
   ]
  }, 
  {
   "begin": "14.240", 
   "end": "14.240", 
   "id": "f000033", 
   "language": "en", 
   "lines": [
    ""
   ]
  }, 
  {
   "begin": "14.240", 
   "end": "14.400", 
   "id": "f000034", 
   "language": "en", 
   "lines": [
    "Other"
   ]
  }, 
  {
   "begin": "14.400", 
   "end": "15.080", 
   "id": "f000035", 
   "language": "en", 
   "lines": [
    "noises"
   ]
  }, 
  {
   "begin": "15.080", 
   "end": "15.480", 
   "id": "f000036", 
   "language": "en", 
   "lines": [
    "around"
   ]
  }, 
  {
   "begin": "15.480", 
   "end": "16.120", 
   "id": "f000037", 
   "language": "en", 
   "lines": [
    "him"
   ]
  }, 
  {
   "begin": "16.120", 
   "end": "16.520", 
   "id": "f000038", 
   "language": "en", 
   "lines": [
    "soon"
   ]
  }, 
  {
   "begin": "16.520", 
   "end": "17.000", 
   "id": "f000039", 
   "language": "en", 
   "lines": [
    "joined"
   ]
  }, 
  {
   "begin": "17.000", 
   "end": "17.200", 
   "id": "f000040", 
   "language": "en", 
   "lines": [
    "in"
   ]
  }, 
  {
   "begin": "17.200", 
   "end": "17.240", 
   "id": "f000041", 
   "language": "en", 
   "lines": [
    "the"
   ]
  }, 
  {
   "begin": "17.240", 
   "end": "17.840", 
   "id": "f000042", 
   "language": "en", 
   "lines": [
    "chorus."
   ]
  }, 
  {
   "begin": "17.840", 
   "end": "18.880", 
   "id": "f000043", 
   "language": "en", 
   "lines": [
    "Even"
   ]
  }, 
  {
   "begin": "18.880", 
   "end": "19.280", 
   "id": "f000044", 
   "language": "en", 
   "lines": [
    "the"
   ]
  }, 
  {
   "begin": "19.280", 
   "end": "19.800", 
   "id": "f000045", 
   "language": "en", 
   "lines": [
    "sounds"
   ]
  }, 
  {
   "begin": "19.800", 
   "end": "20.000", 
   "id": "f000046", 
   "language": "en", 
   "lines": [
    "that"
   ]
  }, 
  {
   "begin": "20.000", 
   "end": "20.240", 
   "id": "f000047", 
   "language": "en", 
   "lines": [
    "he"
   ]
  }, 
  {
   "begin": "20.240", 
   "end": "20.680", 
   "id": "f000048", 
   "language": "en", 
   "lines": [
    "heard"
   ]
  }, 
  {
   "begin": "20.680", 
   "end": "21.560", 
   "id": "f000049", 
   "language": "en", 
   "lines": [
    "daily"
   ]
  }, 
  {
   "begin": "21.560", 
   "end": "22.120", 
   "id": "f000050", 
   "language": "en", 
   "lines": [
    "suddenly"
   ]
  }, 
  {
   "begin": "22.120", 
   "end": "22.240", 
   "id": "f000051", 
   "language": "en", 
   "lines": [
    "became"
   ]
  }, 
  {
   "begin": "22.240", 
   "end": "22.720", 
   "id": "f000052", 
   "language": "en", 
   "lines": [
    "too"
   ]
  }, 
  {
   "begin": "22.720", 
   "end": "23.200", 
   "id": "f000053", 
   "language": "en", 
   "lines": [
    "loud"
   ]
  }, 
  {
   "begin": "23.200", 
   "end": "23.480", 
   "id": "f000054", 
   "language": "en", 
   "lines": [
    "for"
   ]
  }, 
  {
   "begin": "23.480", 
   "end": "24.040", 
   "id": "f000055", 
   "language": "en", 
   "lines": [
    "Sringeri"
   ]
  }, 
  {
   "begin": "24.040", 
   "end": "25.080", 
   "id": "f000056", 
   "language": "en", 
   "lines": [
    "Srinivas."
   ]
  }
 ]
}