{
 "fragments": [ 
  {
   "begin": "0.800", 
   "end": "0.840", 
   "id": "f000006", 
   "language": "en", 
   "lines": [
    "And"
   ]
  }, 
  {
   "begin": "0.840", 
   "end": "0.840", 
   "id": "f000007", 
   "language": "en", 
   "lines": [
    "at"
   ]
  }, 
  {
   "begin": "0.840", 
   "end": "0.840", 
   "id": "f000008", 
   "language": "en", 
   "lines": [
    "the"
   ]
  }, 
  {
   "begin": "0.840", 
   "end": "1.560", 
   "id": "f000009", 
   "language": "en", 
   "lines": [
    "cows"
   ]
  }, 
  {
   "begin": "1.560", 
   "end": "1.800", 
   "id": "f000010", 
   "language": "en", 
   "lines": [
    "that"
   ]
  }, 
  {
   "begin": "1.800", 
   "end": "2.160", 
   "id": "f000011", 
   "language": "en", 
   "lines": [
    "mooed"
   ]
  }, 
  {
   "begin": "2.160", 
   "end": "2.320", 
   "id": "f000012", 
   "language": "en", 
   "lines": [
    "at"
   ]
  }, 
  {
   "begin": "2.320", 
   "end": "2.800", 
   "id": "f000013", 
   "language": "en", 
   "lines": [
    "5"
   ]
  }, 
  {
   "begin": "2.800", 
   "end": "2.880", 
   "id": "f000014", 
   "language": "en", 
   "lines": [
    "am."
   ]
  }, 
  {
   "begin": "2.880", 
   "end": "4.280", 
   "id": "f000015", 
   "language": "en", 
   "lines": [
    "And"
   ]
  }, 
  {
   "begin": "4.280", 
   "end": "5.000", 
   "id": "f000016", 
   "language": "en", 
   "lines": [
    "whoever"
   ]
  }, 
  {
   "begin": "5.000", 
   "end": "5.400", 
   "id": "f000017", 
   "language": "en", 
   "lines": [
    "asked"
   ]
  }, 
  {
   "begin": "5.400", 
   "end": "5.640", 
   "id": "f000018", 
   "language": "en", 
   "lines": [
    "the"
   ]
  }, 
  {
   "begin": "5.640", 
   "end": "6.360", 
   "id": "f000019", 
   "language": "en", 
   "lines": [
    "roosters"
   ]
  }, 
  {
   "begin": "6.360", 
   "end": "6.600", 
   "id": "f000020", 
   "language": "en", 
   "lines": [
    "to"
   ]
  }, 
  {
   "begin": "6.600", 
   "end": "6.600", 
   "id": "f000021", 
   "language": "en", 
   "lines": [
    "act"
   ]
  }, 
  {
   "begin": "6.600", 
   "end": "6.840", 
   "id": "f000022", 
   "language": "en", 
   "lines": [
    "as"
   ]
  }, 
  {
   "begin": "6.840", 
   "end": "7.160", 
   "id": "f000023", 
   "language": "en", 
   "lines": [
    "alarm"
   ]
  }, 
  {
   "begin": "7.160", 
   "end": "8.440", 
   "id": "f000024", 
   "language": "en", 
   "lines": [
    "clocks?"
   ]
  }, 
  {
   "begin": "8.440", 
   "end": "9.080", 
   "id": "f000025", 
   "language": "en", 
   "lines": [
    "And"
   ]
  }, 
  {
   "begin": "9.080", 
   "end": "9.120", 
   "id": "f000026", 
   "language": "en", 
   "lines": [
    "that"
   ]
  }, 
  {
   "begin": "9.120", 
   "end": "9.520", 
   "id": "f000027", 
   "language": "en", 
   "lines": [
    "stupid"
   ]
  }, 
  {
   "begin": "9.520", 
   "end": "9.880", 
   "id": "f000028", 
   "language": "en", 
   "lines": [
    "tiger!"
   ]
  }, 
  {
   "begin": "9.880", 
   "end": "10.160", 
   "id": "f000029", 
   "language": "en", 
   "lines": [
    "Enough"
   ]
  }, 
  {
   "begin": "10.160", 
   "end": "10.160", 
   "id": "f000030", 
   "language": "en", 
   "lines": [
    "of"
   ]
  }, 
  {
   "begin": "10.160", 
   "end": "11.680", 
   "id": "f000031", 
   "language": "en", 
   "lines": [
    "his"
   ]
  }, 
  {
   "begin": "11.680", 
   "end": "12.280", 
   "id": "f000032", 
   "language": "en", 
   "lines": [
    "roaring!"
   ]
  }
 ]
}