{"id":58,"name":"Too Much Noise","writtenby":"Rohini Nilekani","illustrationsby":"Angie & Upesh","translationby":"","source":"Pratham Books","status":"active","level":2,"pages":[{"id":578,"content":"One day, Sringeri Srinivas, the farmer, set out with his best cows to the cattle fair. He had to walk along the new national highway that had come up near his village. \n \u00a0 \n \u00a0","pageno":1,"image":"154a44fa279e385392acdd95f6fa7627.jpg","audio":"b357ee82835176f1fe3c35f04c9316b5.mp3","audio_map":"817d3c5c64579e217a32cad2449708c2.json","language":[]},{"id":579,"content":"That big road had many cars and trucks. Every driver seemed to be honking loudly.\nPaoon! Ponn! Paaa!\u00a0The cows did not like the noise. They decided to go back home. \u00a0","pageno":2,"image":"f446d26340b468cedbfc14054bf36d45.jpg","audio":"d12d6e9f0dd3671eef4fb4593fcc4ca4.mp3","audio_map":"a1f7699f669af0be9ce24119989e4717.json","language":[]},{"id":580,"content":"He waved his hands at the drivers to stop the noise. This did not help. Seeing him, they just honked louder. The noise of the horns went straight into his head. And it stayed there. It was a bad day for him. He went back home with his cows. MOOO! The cows were happy to be in the cowshed again.","pageno":3,"image":"a3f23dc98b306b34531c82cf737a83db.jpg","audio":"040c25c923abf7de101f8c7e5572ddd6.mp3","audio_map":"0744e5b80dd3f41d16f9d481e16a4967.json","language":[]},{"id":581,"content":"But the noise simply would not go away from his head. Paoon! Ponn! Paaa!\nIt kept on playing like a band of untrained musicians. \n \nOther noises around him soon joined in the chorus. Even the sounds that he heard daily suddenly became too loud for Sringeri Srinivas.","pageno":4,"image":"bb56383f0dd6e89d9565fcc7dedd4df7.jpg","audio":"f02247bdded29c55c9677f92c51adb8b.mp3","audio_map":"1f21bfbcea83cb9e9d73ebdc4e7854d2.json","language":[]},{"id":582,"content":"The ribbit ribbit of the frogs was noisy.The cicadas and their kirkk kirkk were too loud.\nSringeri Srinivas wanted the hooting owls to be sent away. He was angry at the koyals for screeching loudly at 4 am.","pageno":5,"image":"8de39349b3c3cee16c1a83d0dff94a75.jpg","audio":"b845fad4db8f68442b858fb6eee8ed5c.mp3","audio_map":"a1681859996a14868951d8c6e1977cad.json","language":[]},{"id":583,"content":"And at the cows that mooed at 5 am. And whoever asked the roosters to act as alarm clocks? And that stupid tiger! Enough of his roaring!","pageno":6,"image":"3cd2a63f843e37f2e729490457051089.jpg","audio":"34d93c769b352650db6a625362d8ce71.mp3","audio_map":"204b25b9744789a6400dae8d39748ae1.json","language":[]},{"id":584,"content":"Poor Sringeri Srinivas. His ears had become raw, like a fresh wound. \nHe tried hard to keep things quiet.He shouted at the children if they talked loudly. He glared at his wife Parvatamma when the pressure cooker whistled and whistled.","pageno":7,"image":"e18480c29be499d4728d852662b1ca32.jpg","audio":"06e3a35a837d267bba7bd31d7df601c1.mp3","audio_map":"b3fd86a0189fc92b55a4c22b655374e7.json","language":[]},{"id":585,"content":"Sringeri Srinivas only wanted silence. Everyone tried to help. \nParvatamma stopped scolding the children. The children played cricket quietly with a very soft ball.","pageno":8,"image":"aa38d62158b2e4580f160c1b858b3331.jpg","audio":"785e65544ee80e32fc9724022557bbfe.mp3","audio_map":"bc92644c112fb2a161cb804c03ff815b.json","language":[]},{"id":586,"content":"The cows did not moo any more. The cicadas and owls moved to another village. \nEven the tiger stopped growling.","pageno":9,"image":"b4888e6949b27f5658fa24d304ba7fe2.jpg","audio":"80c0f2689ebc10bac968c56f0da7253a.mp3","audio_map":"9c66f794f8f8e12a262f663abb73873e.json","language":[]},{"id":587,"content":"Yet Sringeri Srinivas was not happy. He could hear the noise of everyone trying to be silent!","pageno":10,"image":"d096398c79d6db7b617fc48a9dc78619.jpg","audio":"e0e74bcd4469415ed5a8d06808e84295.mp3","audio_map":"18e1a9e1b3724b4e4f467cca0247e2cb.json","language":[]},{"id":588,"content":"\u201cI will go away from this place,\u201d he declared one morning. \u00a0 \u201cPlease don\u2019t,\u201d said Parvatamma. \u201cWhere will you find silence?\u201d \nSringeri Srinivas simply frowned at her and started to walk away from his village.","pageno":11,"image":"6baf1435250d6f494049ee2b781896da.jpg","audio":"a24664a7e191458d031cba4fb3617062.mp3","audio_map":"eaebf44156f4af4b5f3017551f0e1a1d.json","language":[]},{"id":589,"content":"Soon, he came close to a new town. He watched the noisy people in the noisy town. A young man passed by. He had some wires dangling from his ears.\nSringeri Srinivas could also hear a \u2018ting dang ting dang\u2019 sound. The man looked very happy. He did not even notice that trucks were blaring horns nearby.","pageno":12,"image":"f90a23e51399e04a41ead95d8c3fb030.jpg","audio":"1d6ca4d7619a152f218ad1f61f4f38b8.mp3","audio_map":"62805218e5c8de6e41de74400a88ee13.json","language":[]},{"id":590,"content":"\u201cWhat is this?\u201d he asked the man. \n\u201cThese are my headphones. Here, try them on,\u201d the young man said. He put them on for Sringeri Srinivas. Music! Ting dang ting dang. No horns. \u00a0 \u201cAha! This is just what I need,\u201d he said.","pageno":13,"image":"bf482a747661e7ac8b921431d618c049.jpg","audio":"2959b73dfcfa0b485e6289b2611fbc81.mp3","audio_map":"1dfdded566bcf2d3d38ca1a6d69e44bf.json","language":[]},{"id":591,"content":"Sringeri Srinivas went into the town. He bought a pair of the best headphones and put them on. At last... no more noise! He returned to his village, with his big new headphones.","pageno":14,"image":"d567f4577b53c72c5fbe7c79cca565ac.jpg","audio":"dd9ce1414c3695fa8dd67468562689cc.mp3","audio_map":"cc130a74091ed5f5f1e2a73b0de2d718.json","language":[]},{"id":592,"content":"His wife was happy to see him. Sringeri Srinivas gave her a big smile. His children helped him to connect the new headphones to some good, happy music.","pageno":15,"image":"6c2773aa8b9a5eb65c868f77721f58f5.jpg","audio":"461718b530edf280b4b6dedce49fe106.mp3","audio_map":"db8c1f8d93afbfcae897edb2b052ce10.json","language":[]},{"id":593,"content":"Now, when Sringeri Srinivas gets very angry at the cars or even at the frogs, he puts on his headphones and listens to the silence. Or he listens to good music. In the village, the cows are mooing again. The koyals have come back.   Ribbit ribbit, go the frogs. Kirkk kirkk, sing the cicadas.","pageno":16,"image":"cc0a932d691a59aa0b2b95262dac2be4.jpg","audio":"64d85fd1f7e882f848acf4f5c7df7c37.mp3","audio_map":"1d48e7381a40814dbb57f8e23f261600.json","language":[]},{"id":594,"content":"But the cars on the highway are still making too much noise. Paoon! Ponn! Paaa!\u00a0It is not a good sound. \n \nSringeri Srinivas has to take his cows to the fair soon. Will they want headphones too?","pageno":17,"image":"83d667e1ed0909a7b1c75d05774b85ad.jpg","audio":"75ff9a9faf0d9d6bb9bca88f0995c91b.mp3","audio_map":"c40a9386fee7929bc5e3d73818ad2460.json","language":[]}],"language":[],"questions":[{"id":5711,"type":"pre","storypage_id":0,"order_number":1,"title":"Learning new words","question":{"question_type":"vocabulary","question":{"text":"Learning new words","image":"","type":"text"},"words":[{"word":"horns","image":"76fc89841bea50204b5172ce8997de1b.png"},{"word":"cicada","image":"b775f7a0fcf1888c1f97e46e253a359b.png"},{"word":"rooster","image":"c026011c9abb361aebeb904d447b0665.png"},{"word":"headphones","image":"bff02dd9e6eb5a050094553673e60941.png"}]},"score":1,"question_template_id":21,"question_template":"Vocab"}]}