{
 "fragments": [
  {
   "begin": "0.000", 
   "end": "0.760", 
   "id": "f000001", 
   "language": "en", 
   "lines": [
    "One"
   ]
  }, 
  {
   "begin": "0.760", 
   "end": "1.520", 
   "id": "f000002", 
   "language": "en", 
   "lines": [
    "day,"
   ]
  }, 
  {
   "begin": "1.520", 
   "end": "2.200", 
   "id": "f000003", 
   "language": "en", 
   "lines": [
    "Sringeri"
   ]
  }, 
  {
   "begin": "2.200", 
   "end": "3.040", 
   "id": "f000004", 
   "language": "en", 
   "lines": [
    "Srinivas,"
   ]
  }, 
  {
   "begin": "3.040", 
   "end": "3.480", 
   "id": "f000005", 
   "language": "en", 
   "lines": [
    "the"
   ]
  }, 
  {
   "begin": "3.480", 
   "end": "4.440", 
   "id": "f000006", 
   "language": "en", 
   "lines": [
    "farmer,"
   ]
  }, 
  {
   "begin": "4.440", 
   "end": "4.720", 
   "id": "f000007", 
   "language": "en", 
   "lines": [
    "set"
   ]
  }, 
  {
   "begin": "4.720", 
   "end": "5.000", 
   "id": "f000008", 
   "language": "en", 
   "lines": [
    "out"
   ]
  }, 
  {
   "begin": "5.000", 
   "end": "5.160", 
   "id": "f000009", 
   "language": "en", 
   "lines": [
    "with"
   ]
  }, 
  {
   "begin": "5.160", 
   "end": "5.520", 
   "id": "f000010", 
   "language": "en", 
   "lines": [
    "his"
   ]
  }, 
  {
   "begin": "5.520", 
   "end": "5.880", 
   "id": "f000011", 
   "language": "en", 
   "lines": [
    "best"
   ]
  }, 
  {
   "begin": "5.880", 
   "end": "6.360", 
   "id": "f000012", 
   "language": "en", 
   "lines": [
    "cows"
   ]
  }, 
  {
   "begin": "6.360", 
   "end": "6.360", 
   "id": "f000013", 
   "language": "en", 
   "lines": [
    "to"
   ]
  }, 
  {
   "begin": "6.360", 
   "end": "6.920", 
   "id": "f000014", 
   "language": "en", 
   "lines": [
    "the"
   ]
  }, 
  {
   "begin": "6.920", 
   "end": "7.160", 
   "id": "f000015", 
   "language": "en", 
   "lines": [
    "cattle"
   ]
  }, 
  {
   "begin": "7.160", 
   "end": "8.800", 
   "id": "f000016", 
   "language": "en", 
   "lines": [
    "fair."
   ]
  }, 
  {
   "begin": "8.800", 
   "end": "9.240", 
   "id": "f000017", 
   "language": "en", 
   "lines": [
    "He"
   ]
  }, 
  {
   "begin": "9.240", 
   "end": "9.240", 
   "id": "f000018", 
   "language": "en", 
   "lines": [
    "had"
   ]
  }, 
  {
   "begin": "9.240", 
   "end": "9.400", 
   "id": "f000019", 
   "language": "en", 
   "lines": [
    "to"
   ]
  }, 
  {
   "begin": "9.400", 
   "end": "9.720", 
   "id": "f000020", 
   "language": "en", 
   "lines": [
    "walk"
   ]
  }, 
  {
   "begin": "9.720", 
   "end": "10.400", 
   "id": "f000021", 
   "language": "en", 
   "lines": [
    "along"
   ]
  }, 
  {
   "begin": "10.400", 
   "end": "10.440", 
   "id": "f000022", 
   "language": "en", 
   "lines": [
    "the"
   ]
  }, 
  {
   "begin": "10.440", 
   "end": "10.640", 
   "id": "f000023", 
   "language": "en", 
   "lines": [
    "new"
   ]
  }, 
  {
   "begin": "10.640", 
   "end": "11.440", 
   "id": "f000024", 
   "language": "en", 
   "lines": [
    "national"
   ]
  }, 
  {
   "begin": "11.440", 
   "end": "12.000", 
   "id": "f000025", 
   "language": "en", 
   "lines": [
    "highway"
   ]
  }, 
  {
   "begin": "12.000", 
   "end": "12.000", 
   "id": "f000026", 
   "language": "en", 
   "lines": [
    "that"
   ]
  }, 
  {
   "begin": "12.000", 
   "end": "12.760", 
   "id": "f000027", 
   "language": "en", 
   "lines": [
    "had"
   ]
  }, 
  {
   "begin": "12.760", 
   "end": "13.120", 
   "id": "f000028", 
   "language": "en", 
   "lines": [
    "come"
   ]
  }, 
  {
   "begin": "13.120", 
   "end": "13.200", 
   "id": "f000029", 
   "language": "en", 
   "lines": [
    "up"
   ]
  }, 
  {
   "begin": "13.200", 
   "end": "13.480", 
   "id": "f000030", 
   "language": "en", 
   "lines": [
    "near"
   ]
  }, 
  {
   "begin": "13.480", 
   "end": "13.760", 
   "id": "f000031", 
   "language": "en", 
   "lines": [
    "his"
   ]
  }, 
  {
   "begin": "13.760", 
   "end": "14.080", 
   "id": "f000032", 
   "language": "en", 
   "lines": [
    "village."
   ]
  }, 
  {
   "begin": "14.080", 
   "end": "14.080", 
   "id": "f000033", 
   "language": "en", 
   "lines": [
    ""
   ]
  }, 
  {
   "begin": "14.080", 
   "end": "14.120", 
   "id": "f000034", 
   "language": "en", 
   "lines": [
    ""
   ]
  }, 
  {
   "begin": "14.120", 
   "end": "14.120", 
   "id": "f000035", 
   "language": "en", 
   "lines": [
    "&nbsp;"
   ]
  }, 
  {
   "begin": "14.120", 
   "end": "14.120", 
   "id": "f000036", 
   "language": "en", 
   "lines": [
    ""
   ]
  }, 
  {
   "begin": "14.120", 
   "end": "14.120", 
   "id": "f000037", 
   "language": "en", 
   "lines": [
    ""
   ]
  }, 
  {
   "begin": "14.120", 
   "end": "14.720", 
   "id": "f000038", 
   "language": "en", 
   "lines": [
    "&nbsp;"
   ]
  }
 ]
}