{
 "fragments": [ 
  {
   "begin": "0.240", 
   "end": "0.240", 
   "id": "f000007", 
   "language": "en", 
   "lines": [
    "The"
   ]
  }, 
  {
   "begin": "0.240", 
   "end": "0.640", 
   "id": "f000008", 
   "language": "en", 
   "lines": [
    "cows"
   ]
  }, 
  {
   "begin": "0.640", 
   "end": "0.880", 
   "id": "f000009", 
   "language": "en", 
   "lines": [
    "did"
   ]
  }, 
  {
   "begin": "0.880", 
   "end": "1.200", 
   "id": "f000010", 
   "language": "en", 
   "lines": [
    "not"
   ]
  }, 
  {
   "begin": "1.200", 
   "end": "1.720", 
   "id": "f000011", 
   "language": "en", 
   "lines": [
    "moo"
   ]
  }, 
  {
   "begin": "1.720", 
   "end": "2.000", 
   "id": "f000012", 
   "language": "en", 
   "lines": [
    "any"
   ]
  }, 
  {
   "begin": "2.000", 
   "end": "2.280", 
   "id": "f000013", 
   "language": "en", 
   "lines": [
    "more."
   ]
  }, 
  {
   "begin": "2.280", 
   "end": "3.200", 
   "id": "f000014", 
   "language": "en", 
   "lines": [
    "The"
   ]
  }, 
  {
   "begin": "3.200", 
   "end": "4.120", 
   "id": "f000015", 
   "language": "en", 
   "lines": [
    "cicadas"
   ]
  }, 
  {
   "begin": "4.120", 
   "end": "4.400", 
   "id": "f000016", 
   "language": "en", 
   "lines": [
    "and"
   ]
  }, 
  {
   "begin": "4.400", 
   "end": "5.120", 
   "id": "f000017", 
   "language": "en", 
   "lines": [
    "owls"
   ]
  }, 
  {
   "begin": "5.120", 
   "end": "5.440", 
   "id": "f000018", 
   "language": "en", 
   "lines": [
    "moved"
   ]
  }, 
  {
   "begin": "5.440", 
   "end": "5.680", 
   "id": "f000019", 
   "language": "en", 
   "lines": [
    "to"
   ]
  }, 
  {
   "begin": "5.680", 
   "end": "6.240", 
   "id": "f000020", 
   "language": "en", 
   "lines": [
    "another"
   ]
  }, 
  {
   "begin": "6.240", 
   "end": "6.840", 
   "id": "f000021", 
   "language": "en", 
   "lines": [
    "village.\n"
   ]
  }, 
  {
   "begin": "6.840", 
   "end": "6.840", 
   "id": "f000022", 
   "language": "en", 
   "lines": [
    ""
   ]
  }, 
  {
   "begin": "6.840", 
   "end": "6.840", 
   "id": "f000023", 
   "language": "en", 
   "lines": [
    ""
   ]
  }, 
  {
   "begin": "6.840", 
   "end": "8.040", 
   "id": "f000024", 
   "language": "en", 
   "lines": [
    "Even"
   ]
  }, 
  {
   "begin": "8.040", 
   "end": "8.520", 
   "id": "f000025", 
   "language": "en", 
   "lines": [
    "the"
   ]
  }, 
  {
   "begin": "8.520", 
   "end": "9.000", 
   "id": "f000026", 
   "language": "en", 
   "lines": [
    "tiger"
   ]
  }, 
  {
   "begin": "9.000", 
   "end": "9.560", 
   "id": "f000027", 
   "language": "en", 
   "lines": [
    "stopped"
   ]
  }, 
  {
   "begin": "9.560", 
   "end": "10.440", 
   "id": "f000028", 
   "language": "en", 
   "lines": [
    "growling."
   ]
  }
 ]
}