{
 "fragments": [
  {
   "begin": "0.000", 
   "end": "0.360", 
   "id": "f000001", 
   "language": "en", 
   "lines": [
    "The"
   ]
  }, 
  {
   "begin": "0.360", 
   "end": "0.880", 
   "id": "f000002", 
   "language": "en", 
   "lines": [
    "ribbit"
   ]
  }, 
  {
   "begin": "0.880", 
   "end": "1.400", 
   "id": "f000003", 
   "language": "en", 
   "lines": [
    "ribbit"
   ]
  }, 
  {
   "begin": "1.400", 
   "end": "1.520", 
   "id": "f000004", 
   "language": "en", 
   "lines": [
    "of"
   ]
  }, 
  {
   "begin": "1.520", 
   "end": "1.640", 
   "id": "f000005", 
   "language": "en", 
   "lines": [
    "the"
   ]
  }, 
  {
   "begin": "1.640", 
   "end": "2.160", 
   "id": "f000006", 
   "language": "en", 
   "lines": [
    "frogs"
   ]
  }, 
  {
   "begin": "2.160", 
   "end": "2.440", 
   "id": "f000007", 
   "language": "en", 
   "lines": [
    "was"
   ]
  }, 
  {
   "begin": "2.440", 
   "end": "3.760", 
   "id": "f000008", 
   "language": "en", 
   "lines": [
    "noisy.The"
   ]
  }, 
  {
   "begin": "3.760", 
   "end": "4.720", 
   "id": "f000009", 
   "language": "en", 
   "lines": [
    "cicadas"
   ]
  }, 
  {
   "begin": "4.720", 
   "end": "5.080", 
   "id": "f000010", 
   "language": "en", 
   "lines": [
    "and"
   ]
  }, 
  {
   "begin": "5.080", 
   "end": "5.480", 
   "id": "f000011", 
   "language": "en", 
   "lines": [
    "their"
   ]
  }, 
  {
   "begin": "5.480", 
   "end": "5.560", 
   "id": "f000012", 
   "language": "en", 
   "lines": [
    "kirkk"
   ]
  }, 
  {
   "begin": "5.560", 
   "end": "6.480", 
   "id": "f000013", 
   "language": "en", 
   "lines": [
    "kirkk"
   ]
  }, 
  {
   "begin": "6.480", 
   "end": "6.680", 
   "id": "f000014", 
   "language": "en", 
   "lines": [
    "were"
   ]
  }, 
  {
   "begin": "6.680", 
   "end": "6.920", 
   "id": "f000015", 
   "language": "en", 
   "lines": [
    "too"
   ]
  }, 
  {
   "begin": "6.920", 
   "end": "8.120", 
   "id": "f000016", 
   "language": "en", 
   "lines": [
    "loud.\n"
   ]
  }, 
  {
   "begin": "8.120", 
   "end": "8.120", 
   "id": "f000017", 
   "language": "en", 
   "lines": [
    ""
   ]
  }, 
  {
   "begin": "8.120", 
   "end": "8.120", 
   "id": "f000018", 
   "language": "en", 
   "lines": [
    ""
   ]
  }, 
  {
   "begin": "8.120", 
   "end": "8.800", 
   "id": "f000019", 
   "language": "en", 
   "lines": [
    "Sringeri"
   ]
  }, 
  {
   "begin": "8.800", 
   "end": "9.720", 
   "id": "f000020", 
   "language": "en", 
   "lines": [
    "Srinivas"
   ]
  }, 
  {
   "begin": "9.720", 
   "end": "10.480", 
   "id": "f000021", 
   "language": "en", 
   "lines": [
    "wanted"
   ]
  }, 
  {
   "begin": "10.480", 
   "end": "10.800", 
   "id": "f000022", 
   "language": "en", 
   "lines": [
    "the"
   ]
  }, 
  {
   "begin": "10.800", 
   "end": "10.840", 
   "id": "f000023", 
   "language": "en", 
   "lines": [
    "hooting"
   ]
  }, 
  {
   "begin": "10.840", 
   "end": "11.280", 
   "id": "f000024", 
   "language": "en", 
   "lines": [
    "owls"
   ]
  }, 
  {
   "begin": "11.280", 
   "end": "11.440", 
   "id": "f000025", 
   "language": "en", 
   "lines": [
    "to"
   ]
  }, 
  {
   "begin": "11.440", 
   "end": "11.560", 
   "id": "f000026", 
   "language": "en", 
   "lines": [
    "be"
   ]
  }, 
  {
   "begin": "11.560", 
   "end": "11.960", 
   "id": "f000027", 
   "language": "en", 
   "lines": [
    "sent"
   ]
  }, 
  {
   "begin": "11.960", 
   "end": "12.280", 
   "id": "f000028", 
   "language": "en", 
   "lines": [
    "away."
   ]
  }, 
  {
   "begin": "12.280", 
   "end": "13.360", 
   "id": "f000029", 
   "language": "en", 
   "lines": [
    "He"
   ]
  }, 
  {
   "begin": "13.360", 
   "end": "13.800", 
   "id": "f000030", 
   "language": "en", 
   "lines": [
    "was"
   ]
  }, 
  {
   "begin": "13.800", 
   "end": "14.440", 
   "id": "f000031", 
   "language": "en", 
   "lines": [
    "angry"
   ]
  }, 
  {
   "begin": "14.440", 
   "end": "14.440", 
   "id": "f000032", 
   "language": "en", 
   "lines": [
    "at"
   ]
  }, 
  {
   "begin": "14.440", 
   "end": "14.600", 
   "id": "f000033", 
   "language": "en", 
   "lines": [
    "the"
   ]
  }, 
  {
   "begin": "14.600", 
   "end": "15.040", 
   "id": "f000034", 
   "language": "en", 
   "lines": [
    "koyals"
   ]
  }, 
  {
   "begin": "15.040", 
   "end": "15.360", 
   "id": "f000035", 
   "language": "en", 
   "lines": [
    "for"
   ]
  }, 
  {
   "begin": "15.360", 
   "end": "15.800", 
   "id": "f000036", 
   "language": "en", 
   "lines": [
    "screeching"
   ]
  }, 
  {
   "begin": "15.800", 
   "end": "16.400", 
   "id": "f000037", 
   "language": "en", 
   "lines": [
    "loudly"
   ]
  }, 
  {
   "begin": "16.400", 
   "end": "16.520", 
   "id": "f000038", 
   "language": "en", 
   "lines": [
    "at"
   ]
  }, 
  {
   "begin": "16.520", 
   "end": "17.080", 
   "id": "f000039", 
   "language": "en", 
   "lines": [
    "4"
   ]
  }, 
  {
   "begin": "17.080", 
   "end": "17.800", 
   "id": "f000040", 
   "language": "en", 
   "lines": [
    "am."
   ]
  }
 ]
}