{
 "fragments": [ 
  {
   "begin": "1.800", 
   "end": "1.800", 
   "id": "f000006", 
   "language": "en", 
   "lines": [
    "That"
   ]
  }, 
  {
   "begin": "1.800", 
   "end": "1.800", 
   "id": "f000007", 
   "language": "en", 
   "lines": [
    "big"
   ]
  }, 
  {
   "begin": "1.800", 
   "end": "2.120", 
   "id": "f000008", 
   "language": "en", 
   "lines": [
    "road"
   ]
  }, 
  {
   "begin": "2.120", 
   "end": "2.480", 
   "id": "f000009", 
   "language": "en", 
   "lines": [
    "had"
   ]
  }, 
  {
   "begin": "2.480", 
   "end": "2.880", 
   "id": "f000010", 
   "language": "en", 
   "lines": [
    "many"
   ]
  }, 
  {
   "begin": "2.880", 
   "end": "3.360", 
   "id": "f000011", 
   "language": "en", 
   "lines": [
    "cars"
   ]
  }, 
  {
   "begin": "3.360", 
   "end": "3.600", 
   "id": "f000012", 
   "language": "en", 
   "lines": [
    "and"
   ]
  }, 
  {
   "begin": "3.600", 
   "end": "5.120", 
   "id": "f000013", 
   "language": "en", 
   "lines": [
    "trucks."
   ]
  }, 
  {
   "begin": "5.120", 
   "end": "5.600", 
   "id": "f000014", 
   "language": "en", 
   "lines": [
    "Every"
   ]
  }, 
  {
   "begin": "5.600", 
   "end": "6.160", 
   "id": "f000015", 
   "language": "en", 
   "lines": [
    "driver"
   ]
  }, 
  {
   "begin": "6.160", 
   "end": "6.680", 
   "id": "f000016", 
   "language": "en", 
   "lines": [
    "seemed"
   ]
  }, 
  {
   "begin": "6.680", 
   "end": "6.880", 
   "id": "f000017", 
   "language": "en", 
   "lines": [
    "to"
   ]
  }, 
  {
   "begin": "6.880", 
   "end": "7.240", 
   "id": "f000018", 
   "language": "en", 
   "lines": [
    "be"
   ]
  }, 
  {
   "begin": "7.240", 
   "end": "7.560", 
   "id": "f000019", 
   "language": "en", 
   "lines": [
    "honking"
   ]
  }, 
  {
   "begin": "7.560", 
   "end": "7.840", 
   "id": "f000020", 
   "language": "en", 
   "lines": [
    "loudly."
   ]
  }, 
  {
   "begin": "7.840", 
   "end": "8.160", 
   "id": "f000021", 
   "language": "en", 
   "lines": [
    "\n"
   ]
  }, 
  {
   "begin": "8.160", 
   "end": "9.880", 
   "id": "f000022", 
   "language": "en", 
   "lines": [
    "Paoon!"
   ]
  }, 
  {
   "begin": "9.880", 
   "end": "9.920", 
   "id": "f000023", 
   "language": "en", 
   "lines": [
    "Ponn!"
   ]
  }, 
  {
   "begin": "9.920", 
   "end": "12.880", 
   "id": "f000024", 
   "language": "en", 
   "lines": [
    "Paaa!&nbsp;The"
   ]
  }, 
  {
   "begin": "12.880", 
   "end": "13.320", 
   "id": "f000025", 
   "language": "en", 
   "lines": [
    "cows"
   ]
  }, 
  {
   "begin": "13.320", 
   "end": "13.520", 
   "id": "f000026", 
   "language": "en", 
   "lines": [
    "did"
   ]
  }, 
  {
   "begin": "13.520", 
   "end": "13.800", 
   "id": "f000027", 
   "language": "en", 
   "lines": [
    "not"
   ]
  }, 
  {
   "begin": "13.800", 
   "end": "14.120", 
   "id": "f000028", 
   "language": "en", 
   "lines": [
    "like"
   ]
  }, 
  {
   "begin": "14.120", 
   "end": "14.160", 
   "id": "f000029", 
   "language": "en", 
   "lines": [
    "the"
   ]
  }, 
  {
   "begin": "14.160", 
   "end": "14.720", 
   "id": "f000030", 
   "language": "en", 
   "lines": [
    "noise."
   ]
  }, 
  {
   "begin": "14.720", 
   "end": "15.960", 
   "id": "f000031", 
   "language": "en", 
   "lines": [
    "They"
   ]
  }, 
  {
   "begin": "15.960", 
   "end": "16.520", 
   "id": "f000032", 
   "language": "en", 
   "lines": [
    "decided"
   ]
  }, 
  {
   "begin": "16.520", 
   "end": "16.680", 
   "id": "f000033", 
   "language": "en", 
   "lines": [
    "to"
   ]
  }, 
  {
   "begin": "16.680", 
   "end": "16.920", 
   "id": "f000034", 
   "language": "en", 
   "lines": [
    "go"
   ]
  }, 
  {
   "begin": "16.920", 
   "end": "17.200", 
   "id": "f000035", 
   "language": "en", 
   "lines": [
    "back"
   ]
  }, 
  {
   "begin": "17.200", 
   "end": "17.560", 
   "id": "f000036", 
   "language": "en", 
   "lines": [
    "home."
   ]
  }, 
  {
   "begin": "17.560", 
   "end": "17.880", 
   "id": "f000037", 
   "language": "en", 
   "lines": [
    "&nbsp;"
   ]
  }
 ]
}