{
 "fragments": [
  {
   "begin": "0.000", 
   "end": "0.760", 
   "id": "f000001", 
   "language": "en", 
   "lines": [
    "Poor"
   ]
  }, 
  {
   "begin": "0.760", 
   "end": "1.040", 
   "id": "f000002", 
   "language": "en", 
   "lines": [
    "Sringeri"
   ]
  }, 
  {
   "begin": "1.040", 
   "end": "1.840", 
   "id": "f000003", 
   "language": "en", 
   "lines": [
    "Srinivas."
   ]
  }, 
  {
   "begin": "1.840", 
   "end": "3.080", 
   "id": "f000004", 
   "language": "en", 
   "lines": [
    "His"
   ]
  }, 
  {
   "begin": "3.080", 
   "end": "3.800", 
   "id": "f000005", 
   "language": "en", 
   "lines": [
    "ears"
   ]
  }, 
  {
   "begin": "3.800", 
   "end": "4.040", 
   "id": "f000006", 
   "language": "en", 
   "lines": [
    "had"
   ]
  }, 
  {
   "begin": "4.040", 
   "end": "4.440", 
   "id": "f000007", 
   "language": "en", 
   "lines": [
    "become"
   ]
  }, 
  {
   "begin": "4.440", 
   "end": "4.440", 
   "id": "f000008", 
   "language": "en", 
   "lines": [
    "raw,"
   ]
  }, 
  {
   "begin": "4.440", 
   "end": "5.000", 
   "id": "f000009", 
   "language": "en", 
   "lines": [
    "like"
   ]
  }, 
  {
   "begin": "5.000", 
   "end": "5.360", 
   "id": "f000010", 
   "language": "en", 
   "lines": [
    "a"
   ]
  }, 
  {
   "begin": "5.360", 
   "end": "5.840", 
   "id": "f000011", 
   "language": "en", 
   "lines": [
    "fresh"
   ]
  }, 
  {
   "begin": "5.840", 
   "end": "6.920", 
   "id": "f000012", 
   "language": "en", 
   "lines": [
    "wound.\n"
   ]
  }, 
  {
   "begin": "6.920", 
   "end": "6.920", 
   "id": "f000013", 
   "language": "en", 
   "lines": [
    ""
   ]
  }, 
  {
   "begin": "6.920", 
   "end": "6.920", 
   "id": "f000014", 
   "language": "en", 
   "lines": [
    ""
   ]
  }, 
  {
   "begin": "6.920", 
   "end": "7.080", 
   "id": "f000015", 
   "language": "en", 
   "lines": [
    "He"
   ]
  }, 
  {
   "begin": "7.080", 
   "end": "7.400", 
   "id": "f000016", 
   "language": "en", 
   "lines": [
    "tried"
   ]
  }, 
  {
   "begin": "7.400", 
   "end": "7.760", 
   "id": "f000017", 
   "language": "en", 
   "lines": [
    "hard"
   ]
  }, 
  {
   "begin": "7.760", 
   "end": "7.920", 
   "id": "f000018", 
   "language": "en", 
   "lines": [
    "to"
   ]
  }, 
  {
   "begin": "7.920", 
   "end": "8.200", 
   "id": "f000019", 
   "language": "en", 
   "lines": [
    "keep"
   ]
  }, 
  {
   "begin": "8.200", 
   "end": "8.640", 
   "id": "f000020", 
   "language": "en", 
   "lines": [
    "things"
   ]
  }, 
  {
   "begin": "8.640", 
   "end": "9.720", 
   "id": "f000021", 
   "language": "en", 
   "lines": [
    "quiet.He"
   ]
  }, 
  {
   "begin": "9.720", 
   "end": "10.360", 
   "id": "f000022", 
   "language": "en", 
   "lines": [
    "shouted"
   ]
  }, 
  {
   "begin": "10.360", 
   "end": "10.560", 
   "id": "f000023", 
   "language": "en", 
   "lines": [
    "at"
   ]
  }, 
  {
   "begin": "10.560", 
   "end": "10.680", 
   "id": "f000024", 
   "language": "en", 
   "lines": [
    "the"
   ]
  }, 
  {
   "begin": "10.680", 
   "end": "11.320", 
   "id": "f000025", 
   "language": "en", 
   "lines": [
    "children"
   ]
  }, 
  {
   "begin": "11.320", 
   "end": "11.400", 
   "id": "f000026", 
   "language": "en", 
   "lines": [
    "if"
   ]
  }, 
  {
   "begin": "11.400", 
   "end": "11.600", 
   "id": "f000027", 
   "language": "en", 
   "lines": [
    "they"
   ]
  }, 
  {
   "begin": "11.600", 
   "end": "11.920", 
   "id": "f000028", 
   "language": "en", 
   "lines": [
    "talked"
   ]
  }, 
  {
   "begin": "11.920", 
   "end": "13.200", 
   "id": "f000029", 
   "language": "en", 
   "lines": [
    "loudly."
   ]
  }, 
  {
   "begin": "13.200", 
   "end": "13.400", 
   "id": "f000030", 
   "language": "en", 
   "lines": [
    "He"
   ]
  }, 
  {
   "begin": "13.400", 
   "end": "13.840", 
   "id": "f000031", 
   "language": "en", 
   "lines": [
    "glared"
   ]
  }, 
  {
   "begin": "13.840", 
   "end": "13.920", 
   "id": "f000032", 
   "language": "en", 
   "lines": [
    "at"
   ]
  }, 
  {
   "begin": "13.920", 
   "end": "14.160", 
   "id": "f000033", 
   "language": "en", 
   "lines": [
    "his"
   ]
  }, 
  {
   "begin": "14.160", 
   "end": "14.520", 
   "id": "f000034", 
   "language": "en", 
   "lines": [
    "wife"
   ]
  }, 
  {
   "begin": "14.520", 
   "end": "15.680", 
   "id": "f000035", 
   "language": "en", 
   "lines": [
    "Parvatamma"
   ]
  }, 
  {
   "begin": "15.680", 
   "end": "15.960", 
   "id": "f000036", 
   "language": "en", 
   "lines": [
    "when"
   ]
  }, 
  {
   "begin": "15.960", 
   "end": "15.960", 
   "id": "f000037", 
   "language": "en", 
   "lines": [
    "the"
   ]
  }, 
  {
   "begin": "15.960", 
   "end": "16.320", 
   "id": "f000038", 
   "language": "en", 
   "lines": [
    "pressure"
   ]
  }, 
  {
   "begin": "16.320", 
   "end": "16.680", 
   "id": "f000039", 
   "language": "en", 
   "lines": [
    "cooker"
   ]
  }, 
  {
   "begin": "16.680", 
   "end": "17.200", 
   "id": "f000040", 
   "language": "en", 
   "lines": [
    "whistled"
   ]
  }, 
  {
   "begin": "17.200", 
   "end": "17.440", 
   "id": "f000041", 
   "language": "en", 
   "lines": [
    "and"
   ]
  }, 
  {
   "begin": "17.440", 
   "end": "18.360", 
   "id": "f000042", 
   "language": "en", 
   "lines": [
    "whistled."
   ]
  }
 ]
}