{
 "fragments": [
  {
   "begin": "0.000", 
   "end": "0.000", 
   "id": "f000001", 
   "language": "en", 
   "lines": [
    "But"
   ]
  }, 
  {
   "begin": "0.000", 
   "end": "0.600", 
   "id": "f000002", 
   "language": "en", 
   "lines": [
    "the"
   ]
  }, 
  {
   "begin": "0.600", 
   "end": "1.040", 
   "id": "f000003", 
   "language": "en", 
   "lines": [
    "cars"
   ]
  }, 
  {
   "begin": "1.040", 
   "end": "1.040", 
   "id": "f000004", 
   "language": "en", 
   "lines": [
    "on"
   ]
  }, 
  {
   "begin": "1.040", 
   "end": "1.320", 
   "id": "f000005", 
   "language": "en", 
   "lines": [
    "the"
   ]
  }, 
  {
   "begin": "1.320", 
   "end": "2.000", 
   "id": "f000006", 
   "language": "en", 
   "lines": [
    "highway"
   ]
  }, 
  {
   "begin": "2.000", 
   "end": "2.000", 
   "id": "f000007", 
   "language": "en", 
   "lines": [
    "are"
   ]
  }, 
  {
   "begin": "2.000", 
   "end": "2.880", 
   "id": "f000008", 
   "language": "en", 
   "lines": [
    "still"
   ]
  }, 
  {
   "begin": "2.880", 
   "end": "3.400", 
   "id": "f000009", 
   "language": "en", 
   "lines": [
    "making"
   ]
  }, 
  {
   "begin": "3.400", 
   "end": "3.720", 
   "id": "f000010", 
   "language": "en", 
   "lines": [
    "too"
   ]
  }, 
  {
   "begin": "3.720", 
   "end": "4.040", 
   "id": "f000011", 
   "language": "en", 
   "lines": [
    "much"
   ]
  }, 
  {
   "begin": "4.040", 
   "end": "4.560", 
   "id": "f000012", 
   "language": "en", 
   "lines": [
    "noise."
   ]
  }, 
  {
   "begin": "4.560", 
   "end": "6.400", 
   "id": "f000013", 
   "language": "en", 
   "lines": [
    "Paoon!"
   ]
  }, 
  {
   "begin": "6.400", 
   "end": "7.520", 
   "id": "f000014", 
   "language": "en", 
   "lines": [
    "Ponn!"
   ]
  }, 
  {
   "begin": "7.520", 
   "end": "10.800", 
   "id": "f000015", 
   "language": "en", 
   "lines": [
    "Paaa!&nbsp;It"
   ]
  }, 
  {
   "begin": "10.800", 
   "end": "10.840", 
   "id": "f000016", 
   "language": "en", 
   "lines": [
    "is"
   ]
  }, 
  {
   "begin": "10.840", 
   "end": "10.840", 
   "id": "f000017", 
   "language": "en", 
   "lines": [
    "not"
   ]
  }, 
  {
   "begin": "10.840", 
   "end": "10.880", 
   "id": "f000018", 
   "language": "en", 
   "lines": [
    "a"
   ]
  }, 
  {
   "begin": "10.880", 
   "end": "10.880", 
   "id": "f000019", 
   "language": "en", 
   "lines": [
    "good"
   ]
  }, 
  {
   "begin": "10.880", 
   "end": "10.880", 
   "id": "f000020", 
   "language": "en", 
   "lines": [
    "sound.\n\n"
   ]
  }, 
  {
   "begin": "10.880", 
   "end": "10.880", 
   "id": "f000021", 
   "language": "en", 
   "lines": [
    ""
   ]
  }, 
  {
   "begin": "10.880", 
   "end": "10.880", 
   "id": "f000022", 
   "language": "en", 
   "lines": [
    ""
   ]
  }, 
  {
   "begin": "10.880", 
   "end": "10.880", 
   "id": "f000023", 
   "language": "en", 
   "lines": [
    ""
   ]
  }, 
  {
   "begin": "10.880", 
   "end": "12.000", 
   "id": "f000024", 
   "language": "en", 
   "lines": [
    ""
   ]
  }, 
  {
   "begin": "12.000", 
   "end": "12.680", 
   "id": "f000025", 
   "language": "en", 
   "lines": [
    "Sringeri"
   ]
  }, 
  {
   "begin": "12.680", 
   "end": "13.320", 
   "id": "f000026", 
   "language": "en", 
   "lines": [
    "Srinivas"
   ]
  }, 
  {
   "begin": "13.320", 
   "end": "13.600", 
   "id": "f000027", 
   "language": "en", 
   "lines": [
    "has"
   ]
  }, 
  {
   "begin": "13.600", 
   "end": "13.720", 
   "id": "f000028", 
   "language": "en", 
   "lines": [
    "to"
   ]
  }, 
  {
   "begin": "13.720", 
   "end": "13.960", 
   "id": "f000029", 
   "language": "en", 
   "lines": [
    "take"
   ]
  }, 
  {
   "begin": "13.960", 
   "end": "14.240", 
   "id": "f000030", 
   "language": "en", 
   "lines": [
    "his"
   ]
  }, 
  {
   "begin": "14.240", 
   "end": "14.640", 
   "id": "f000031", 
   "language": "en", 
   "lines": [
    "cows"
   ]
  }, 
  {
   "begin": "14.640", 
   "end": "14.760", 
   "id": "f000032", 
   "language": "en", 
   "lines": [
    "to"
   ]
  }, 
  {
   "begin": "14.760", 
   "end": "14.920", 
   "id": "f000033", 
   "language": "en", 
   "lines": [
    "the"
   ]
  }, 
  {
   "begin": "14.920", 
   "end": "15.280", 
   "id": "f000034", 
   "language": "en", 
   "lines": [
    "fair"
   ]
  }, 
  {
   "begin": "15.280", 
   "end": "15.760", 
   "id": "f000035", 
   "language": "en", 
   "lines": [
    "soon."
   ]
  }, 
  {
   "begin": "15.760", 
   "end": "16.640", 
   "id": "f000036", 
   "language": "en", 
   "lines": [
    "Will"
   ]
  }, 
  {
   "begin": "16.640", 
   "end": "16.920", 
   "id": "f000037", 
   "language": "en", 
   "lines": [
    "they"
   ]
  }, 
  {
   "begin": "16.920", 
   "end": "17.520", 
   "id": "f000038", 
   "language": "en", 
   "lines": [
    "want"
   ]
  }, 
  {
   "begin": "17.520", 
   "end": "18.160", 
   "id": "f000039", 
   "language": "en", 
   "lines": [
    "headphones"
   ]
  }, 
  {
   "begin": "18.160", 
   "end": "18.800", 
   "id": "f000040", 
   "language": "en", 
   "lines": [
    "too?"
   ]
  }
 ]
}