{
 "fragments": [
  {
   "begin": "0.000", 
   "end": "0.280", 
   "id": "f000001", 
   "language": "en", 
   "lines": [
    "Sringeri"
   ]
  }, 
  {
   "begin": "0.280", 
   "end": "1.760", 
   "id": "f000002", 
   "language": "en", 
   "lines": [
    "Srinivas"
   ]
  }, 
  {
   "begin": "1.760", 
   "end": "2.160", 
   "id": "f000003", 
   "language": "en", 
   "lines": [
    "went"
   ]
  }, 
  {
   "begin": "2.160", 
   "end": "2.280", 
   "id": "f000004", 
   "language": "en", 
   "lines": [
    "into"
   ]
  }, 
  {
   "begin": "2.280", 
   "end": "2.600", 
   "id": "f000005", 
   "language": "en", 
   "lines": [
    "the"
   ]
  }, 
  {
   "begin": "2.600", 
   "end": "4.080", 
   "id": "f000006", 
   "language": "en", 
   "lines": [
    "town."
   ]
  }, 
  {
   "begin": "4.080", 
   "end": "4.280", 
   "id": "f000007", 
   "language": "en", 
   "lines": [
    "He"
   ]
  }, 
  {
   "begin": "4.280", 
   "end": "4.640", 
   "id": "f000008", 
   "language": "en", 
   "lines": [
    "bought"
   ]
  }, 
  {
   "begin": "4.640", 
   "end": "4.760", 
   "id": "f000009", 
   "language": "en", 
   "lines": [
    "a"
   ]
  }, 
  {
   "begin": "4.760", 
   "end": "5.160", 
   "id": "f000010", 
   "language": "en", 
   "lines": [
    "pair"
   ]
  }, 
  {
   "begin": "5.160", 
   "end": "5.320", 
   "id": "f000011", 
   "language": "en", 
   "lines": [
    "of"
   ]
  }, 
  {
   "begin": "5.320", 
   "end": "5.520", 
   "id": "f000012", 
   "language": "en", 
   "lines": [
    "the"
   ]
  }, 
  {
   "begin": "5.520", 
   "end": "5.840", 
   "id": "f000013", 
   "language": "en", 
   "lines": [
    "best"
   ]
  }, 
  {
   "begin": "5.840", 
   "end": "6.880", 
   "id": "f000014", 
   "language": "en", 
   "lines": [
    "headphones"
   ]
  }, 
  {
   "begin": "6.880", 
   "end": "7.200", 
   "id": "f000015", 
   "language": "en", 
   "lines": [
    "and"
   ]
  }, 
  {
   "begin": "7.200", 
   "end": "7.520", 
   "id": "f000016", 
   "language": "en", 
   "lines": [
    "put"
   ]
  }, 
  {
   "begin": "7.520", 
   "end": "7.800", 
   "id": "f000017", 
   "language": "en", 
   "lines": [
    "them"
   ]
  }, 
  {
   "begin": "7.800", 
   "end": "8.960", 
   "id": "f000018", 
   "language": "en", 
   "lines": [
    "on."
   ]
  }, 
  {
   "begin": "8.960", 
   "end": "9.320", 
   "id": "f000019", 
   "language": "en", 
   "lines": [
    "At"
   ]
  }, 
  {
   "begin": "9.320", 
   "end": "10.320", 
   "id": "f000020", 
   "language": "en", 
   "lines": [
    "last..."
   ]
  }, 
  {
   "begin": "10.320", 
   "end": "10.880", 
   "id": "f000021", 
   "language": "en", 
   "lines": [
    "no"
   ]
  }, 
  {
   "begin": "10.880", 
   "end": "10.880", 
   "id": "f000022", 
   "language": "en", 
   "lines": [
    "more"
   ]
  }, 
  {
   "begin": "10.880", 
   "end": "12.480", 
   "id": "f000023", 
   "language": "en", 
   "lines": [
    "noise!"
   ]
  }, 
  {
   "begin": "12.480", 
   "end": "12.840", 
   "id": "f000024", 
   "language": "en", 
   "lines": [
    "He"
   ]
  }, 
  {
   "begin": "12.840", 
   "end": "13.280", 
   "id": "f000025", 
   "language": "en", 
   "lines": [
    "returned"
   ]
  }, 
  {
   "begin": "13.280", 
   "end": "13.320", 
   "id": "f000026", 
   "language": "en", 
   "lines": [
    "to"
   ]
  }, 
  {
   "begin": "13.320", 
   "end": "13.680", 
   "id": "f000027", 
   "language": "en", 
   "lines": [
    "his"
   ]
  }, 
  {
   "begin": "13.680", 
   "end": "14.160", 
   "id": "f000028", 
   "language": "en", 
   "lines": [
    "village,"
   ]
  }, 
  {
   "begin": "14.160", 
   "end": "14.160", 
   "id": "f000029", 
   "language": "en", 
   "lines": [
    "with"
   ]
  }, 
  {
   "begin": "14.160", 
   "end": "15.160", 
   "id": "f000030", 
   "language": "en", 
   "lines": [
    "his"
   ]
  }, 
  {
   "begin": "15.160", 
   "end": "15.600", 
   "id": "f000031", 
   "language": "en", 
   "lines": [
    "big"
   ]
  }, 
  {
   "begin": "15.600", 
   "end": "15.920", 
   "id": "f000032", 
   "language": "en", 
   "lines": [
    "new"
   ]
  }, 
  {
   "begin": "15.920", 
   "end": "17.440", 
   "id": "f000033", 
   "language": "en", 
   "lines": [
    "headphones."
   ]
  }
 ]
}