{
 "fragments": [ 
  {
   "begin": "1.840", 
   "end": "2.040", 
   "id": "f000006", 
   "language": "en", 
   "lines": [
    "His"
   ]
  }, 
  {
   "begin": "2.040", 
   "end": "2.040", 
   "id": "f000007", 
   "language": "en", 
   "lines": [
    "wife"
   ]
  }, 
  {
   "begin": "2.040", 
   "end": "2.040", 
   "id": "f000008", 
   "language": "en", 
   "lines": [
    "was"
   ]
  }, 
  {
   "begin": "2.040", 
   "end": "2.040", 
   "id": "f000009", 
   "language": "en", 
   "lines": [
    "happy"
   ]
  }, 
  {
   "begin": "2.040", 
   "end": "2.080", 
   "id": "f000010", 
   "language": "en", 
   "lines": [
    "to"
   ]
  }, 
  {
   "begin": "2.080", 
   "end": "2.080", 
   "id": "f000011", 
   "language": "en", 
   "lines": [
    "see"
   ]
  }, 
  {
   "begin": "2.080", 
   "end": "2.120", 
   "id": "f000012", 
   "language": "en", 
   "lines": [
    "him."
   ]
  }, 
  {
   "begin": "2.120", 
   "end": "3.680", 
   "id": "f000013", 
   "language": "en", 
   "lines": [
    "Sringeri"
   ]
  }, 
  {
   "begin": "3.680", 
   "end": "4.400", 
   "id": "f000014", 
   "language": "en", 
   "lines": [
    "Srinivas"
   ]
  }, 
  {
   "begin": "4.400", 
   "end": "5.080", 
   "id": "f000015", 
   "language": "en", 
   "lines": [
    "gave"
   ]
  }, 
  {
   "begin": "5.080", 
   "end": "5.360", 
   "id": "f000016", 
   "language": "en", 
   "lines": [
    "her"
   ]
  }, 
  {
   "begin": "5.360", 
   "end": "5.760", 
   "id": "f000017", 
   "language": "en", 
   "lines": [
    "a"
   ]
  }, 
  {
   "begin": "5.760", 
   "end": "5.760", 
   "id": "f000018", 
   "language": "en", 
   "lines": [
    "big"
   ]
  }, 
  {
   "begin": "5.760", 
   "end": "6.440", 
   "id": "f000019", 
   "language": "en", 
   "lines": [
    "smile."
   ]
  }, 
  {
   "begin": "6.440", 
   "end": "8.000", 
   "id": "f000020", 
   "language": "en", 
   "lines": [
    "His"
   ]
  }, 
  {
   "begin": "8.000", 
   "end": "8.480", 
   "id": "f000021", 
   "language": "en", 
   "lines": [
    "children"
   ]
  }, 
  {
   "begin": "8.480", 
   "end": "8.800", 
   "id": "f000022", 
   "language": "en", 
   "lines": [
    "helped"
   ]
  }, 
  {
   "begin": "8.800", 
   "end": "9.160", 
   "id": "f000023", 
   "language": "en", 
   "lines": [
    "him"
   ]
  }, 
  {
   "begin": "9.160", 
   "end": "9.320", 
   "id": "f000024", 
   "language": "en", 
   "lines": [
    "to"
   ]
  }, 
  {
   "begin": "9.320", 
   "end": "9.680", 
   "id": "f000025", 
   "language": "en", 
   "lines": [
    "connect"
   ]
  }, 
  {
   "begin": "9.680", 
   "end": "9.720", 
   "id": "f000026", 
   "language": "en", 
   "lines": [
    "the"
   ]
  }, 
  {
   "begin": "9.720", 
   "end": "10.240", 
   "id": "f000027", 
   "language": "en", 
   "lines": [
    "new"
   ]
  }, 
  {
   "begin": "10.240", 
   "end": "10.960", 
   "id": "f000028", 
   "language": "en", 
   "lines": [
    "headphones"
   ]
  }, 
  {
   "begin": "10.960", 
   "end": "11.360", 
   "id": "f000029", 
   "language": "en", 
   "lines": [
    "to"
   ]
  }, 
  {
   "begin": "11.360", 
   "end": "11.800", 
   "id": "f000030", 
   "language": "en", 
   "lines": [
    "some"
   ]
  }, 
  {
   "begin": "11.800", 
   "end": "12.520", 
   "id": "f000031", 
   "language": "en", 
   "lines": [
    "good,"
   ]
  }, 
  {
   "begin": "12.520", 
   "end": "12.920", 
   "id": "f000032", 
   "language": "en", 
   "lines": [
    "happy"
   ]
  }, 
  {
   "begin": "12.920", 
   "end": "13.800", 
   "id": "f000033", 
   "language": "en", 
   "lines": [
    "music."
   ]
  }
 ]
}