{
 "fragments": [
  {
   "begin": "0.000", 
   "end": "0.760", 
   "id": "f000001", 
   "language": "en", 
   "lines": [
    "Suddenly,"
   ]
  }, 
  {
   "begin": "0.760", 
   "end": "1.760", 
   "id": "f000002", 
   "language": "en", 
   "lines": [
    "a"
   ]
  }, 
  {
   "begin": "1.760", 
   "end": "2.520", 
   "id": "f000003", 
   "language": "en", 
   "lines": [
    "very"
   ]
  }, 
  {
   "begin": "2.520", 
   "end": "2.800", 
   "id": "f000004", 
   "language": "en", 
   "lines": [
    "big"
   ]
  }, 
  {
   "begin": "2.800", 
   "end": "3.760", 
   "id": "f000005", 
   "language": "en", 
   "lines": [
    "shadow"
   ]
  }, 
  {
   "begin": "3.760", 
   "end": "4.160", 
   "id": "f000006", 
   "language": "en", 
   "lines": [
    "fell"
   ]
  }, 
  {
   "begin": "4.160", 
   "end": "4.480", 
   "id": "f000007", 
   "language": "en", 
   "lines": [
    "upon"
   ]
  }, 
  {
   "begin": "4.480", 
   "end": "4.760", 
   "id": "f000008", 
   "language": "en", 
   "lines": [
    "them"
   ]
  }, 
  {
   "begin": "4.760", 
   "end": "5.520", 
   "id": "f000009", 
   "language": "en", 
   "lines": [
    "all."
   ]
  }
 ]
}