{
 "fragments": [
  {
   "begin": "0.000", 
   "end": "0.000", 
   "id": "f000001", 
   "language": "en", 
   "lines": [
    "A"
   ]
  }, 
  {
   "begin": "0.000", 
   "end": "1.360", 
   "id": "f000002", 
   "language": "en", 
   "lines": [
    "very"
   ]
  }, 
  {
   "begin": "1.360", 
   "end": "1.880", 
   "id": "f000003", 
   "language": "en", 
   "lines": [
    "big"
   ]
  }, 
  {
   "begin": "1.880", 
   "end": "2.680", 
   "id": "f000004", 
   "language": "en", 
   "lines": [
    "eagle"
   ]
  }, 
  {
   "begin": "2.680", 
   "end": "3.160", 
   "id": "f000005", 
   "language": "en", 
   "lines": [
    "came"
   ]
  }, 
  {
   "begin": "3.160", 
   "end": "3.520", 
   "id": "f000006", 
   "language": "en", 
   "lines": [
    "down"
   ]
  }, 
  {
   "begin": "3.520", 
   "end": "3.520", 
   "id": "f000007", 
   "language": "en", 
   "lines": [
    ""
   ]
  }, 
  {
   "begin": "3.520", 
   "end": "3.680", 
   "id": "f000008", 
   "language": "en", 
   "lines": [
    "to"
   ]
  }, 
  {
   "begin": "3.680", 
   "end": "3.720", 
   "id": "f000009", 
   "language": "en", 
   "lines": [
    "the"
   ]
  }, 
  {
   "begin": "3.720", 
   "end": "4.320", 
   "id": "f000010", 
   "language": "en", 
   "lines": [
    "wall."
   ]
  }, 
  {
   "begin": "4.320", 
   "end": "5.160", 
   "id": "f000011", 
   "language": "en", 
   "lines": [
    "\n"
   ]
  }, 
  {
   "begin": "5.160", 
   "end": "5.280", 
   "id": "f000012", 
   "language": "en", 
   "lines": [
    "A"
   ]
  }, 
  {
   "begin": "5.280", 
   "end": "5.920", 
   "id": "f000013", 
   "language": "en", 
   "lines": [
    "tiny"
   ]
  }, 
  {
   "begin": "5.920", 
   "end": "6.360", 
   "id": "f000014", 
   "language": "en", 
   "lines": [
    "ant,"
   ]
  }, 
  {
   "begin": "6.360", 
   "end": "6.360", 
   "id": "f000015", 
   "language": "en", 
   "lines": [
    "a"
   ]
  }, 
  {
   "begin": "6.360", 
   "end": "7.640", 
   "id": "f000016", 
   "language": "en", 
   "lines": [
    "small"
   ]
  }, 
  {
   "begin": "7.640", 
   "end": "8.880", 
   "id": "f000017", 
   "language": "en", 
   "lines": [
    "kitten,"
   ]
  }, 
  {
   "begin": "8.880", 
   "end": "8.880", 
   "id": "f000018", 
   "language": "en", 
   "lines": [
    "\n"
   ]
  }, 
  {
   "begin": "8.880", 
   "end": "9.240", 
   "id": "f000019", 
   "language": "en", 
   "lines": [
    "a"
   ]
  }, 
  {
   "begin": "9.240", 
   "end": "9.840", 
   "id": "f000020", 
   "language": "en", 
   "lines": [
    "big"
   ]
  }, 
  {
   "begin": "9.840", 
   "end": "10.840", 
   "id": "f000021", 
   "language": "en", 
   "lines": [
    "rat"
   ]
  }, 
  {
   "begin": "10.840", 
   "end": "11.520", 
   "id": "f000022", 
   "language": "en", 
   "lines": [
    "and"
   ]
  }, 
  {
   "begin": "11.520", 
   "end": "12.040", 
   "id": "f000023", 
   "language": "en", 
   "lines": [
    "a"
   ]
  }, 
  {
   "begin": "12.040", 
   "end": "12.120", 
   "id": "f000024", 
   "language": "en", 
   "lines": [
    "very"
   ]
  }, 
  {
   "begin": "12.120", 
   "end": "12.640", 
   "id": "f000025", 
   "language": "en", 
   "lines": [
    "big"
   ]
  }, 
  {
   "begin": "12.640", 
   "end": "12.960", 
   "id": "f000026", 
   "language": "en", 
   "lines": [
    "eagle"
   ]
  }, 
  {
   "begin": "12.960", 
   "end": "13.000", 
   "id": "f000027", 
   "language": "en", 
   "lines": [
    "\n"
   ]
  }, 
  {
   "begin": "13.000", 
   "end": "13.360", 
   "id": "f000028", 
   "language": "en", 
   "lines": [
    "in"
   ]
  }, 
  {
   "begin": "13.360", 
   "end": "14.200", 
   "id": "f000029", 
   "language": "en", 
   "lines": [
    "the"
   ]
  }, 
  {
   "begin": "14.200", 
   "end": "14.960", 
   "id": "f000030", 
   "language": "en", 
   "lines": [
    "same"
   ]
  }, 
  {
   "begin": "14.960", 
   "end": "15.600", 
   "id": "f000031", 
   "language": "en", 
   "lines": [
    "long"
   ]
  }, 
  {
   "begin": "15.600", 
   "end": "16.640", 
   "id": "f000032", 
   "language": "en", 
   "lines": [
    "street!"
   ]
  }
 ]
}