{
 "fragments": [
  {
   "begin": "0.000", 
   "end": "0.520", 
   "id": "f000001", 
   "language": "en", 
   "lines": [
    "Rina"
   ]
  }, 
  {
   "begin": "0.520", 
   "end": "1.240", 
   "id": "f000002", 
   "language": "en", 
   "lines": [
    "made"
   ]
  }, 
  {
   "begin": "1.240", 
   "end": "1.440", 
   "id": "f000003", 
   "language": "en", 
   "lines": [
    "the"
   ]
  }, 
  {
   "begin": "1.440", 
   "end": "1.960", 
   "id": "f000004", 
   "language": "en", 
   "lines": [
    "ant"
   ]
  }, 
  {
   "begin": "1.960", 
   "end": "2.800", 
   "id": "f000005", 
   "language": "en", 
   "lines": [
    "climb"
   ]
  }, 
  {
   "begin": "2.800", 
   "end": "3.200", 
   "id": "f000006", 
   "language": "en", 
   "lines": [
    "onto"
   ]
  }, 
  {
   "begin": "3.200", 
   "end": "3.600", 
   "id": "f000007", 
   "language": "en", 
   "lines": [
    "a"
   ]
  }, 
  {
   "begin": "3.600", 
   "end": "4.760", 
   "id": "f000008", 
   "language": "en", 
   "lines": [
    "leaf."
   ]
  }, 
  {
   "begin": "4.760", 
   "end": "5.120", 
   "id": "f000009", 
   "language": "en", 
   "lines": [
    "She"
   ]
  }, 
  {
   "begin": "5.120", 
   "end": "5.400", 
   "id": "f000010", 
   "language": "en", 
   "lines": [
    "left"
   ]
  }, 
  {
   "begin": "5.400", 
   "end": "5.600", 
   "id": "f000011", 
   "language": "en", 
   "lines": [
    "the"
   ]
  }, 
  {
   "begin": "5.600", 
   "end": "6.120", 
   "id": "f000012", 
   "language": "en", 
   "lines": [
    "leaf"
   ]
  }, 
  {
   "begin": "6.120", 
   "end": "6.160", 
   "id": "f000013", 
   "language": "en", 
   "lines": [
    "on"
   ]
  }, 
  {
   "begin": "6.160", 
   "end": "6.480", 
   "id": "f000014", 
   "language": "en", 
   "lines": [
    "the"
   ]
  }, 
  {
   "begin": "6.480", 
   "end": "7.800", 
   "id": "f000015", 
   "language": "en", 
   "lines": [
    "wall."
   ]
  }, 
  {
   "begin": "7.800", 
   "end": "7.800", 
   "id": "f000016", 
   "language": "en", 
   "lines": [
    "\n"
   ]
  }, 
  {
   "begin": "7.800", 
   "end": "8.080", 
   "id": "f000017", 
   "language": "en", 
   "lines": [
    "The"
   ]
  }, 
  {
   "begin": "8.080", 
   "end": "8.840", 
   "id": "f000018", 
   "language": "en", 
   "lines": [
    "ant"
   ]
  }, 
  {
   "begin": "8.840", 
   "end": "9.200", 
   "id": "f000019", 
   "language": "en", 
   "lines": [
    "saw"
   ]
  }, 
  {
   "begin": "9.200", 
   "end": "9.200", 
   "id": "f000020", 
   "language": "en", 
   "lines": [
    "a"
   ]
  }, 
  {
   "begin": "9.200", 
   "end": "9.240", 
   "id": "f000021", 
   "language": "en", 
   "lines": [
    "grain"
   ]
  }, 
  {
   "begin": "9.240", 
   "end": "9.840", 
   "id": "f000022", 
   "language": "en", 
   "lines": [
    "of"
   ]
  }, 
  {
   "begin": "9.840", 
   "end": "11.080", 
   "id": "f000023", 
   "language": "en", 
   "lines": [
    "sugar."
   ]
  }, 
  {
   "begin": "11.080", 
   "end": "11.360", 
   "id": "f000024", 
   "language": "en", 
   "lines": [
    "She"
   ]
  }, 
  {
   "begin": "11.360", 
   "end": "11.680", 
   "id": "f000025", 
   "language": "en", 
   "lines": [
    "picked"
   ]
  }, 
  {
   "begin": "11.680", 
   "end": "11.880", 
   "id": "f000026", 
   "language": "en", 
   "lines": [
    "it"
   ]
  }, 
  {
   "begin": "11.880", 
   "end": "12.480", 
   "id": "f000027", 
   "language": "en", 
   "lines": [
    "up"
   ]
  }, 
  {
   "begin": "12.480", 
   "end": "13.040", 
   "id": "f000028", 
   "language": "en", 
   "lines": [
    "and"
   ]
  }, 
  {
   "begin": "13.040", 
   "end": "13.440", 
   "id": "f000029", 
   "language": "en", 
   "lines": [
    "ran"
   ]
  }, 
  {
   "begin": "13.440", 
   "end": "14.200", 
   "id": "f000030", 
   "language": "en", 
   "lines": [
    "home."
   ]
  }
 ]
}