{
 "fragments": [
  {
   "begin": "0.000", 
   "end": "0.800", 
   "id": "f000001", 
   "language": "en", 
   "lines": [
    "She"
   ]
  }, 
  {
   "begin": "0.800", 
   "end": "1.440", 
   "id": "f000002", 
   "language": "en", 
   "lines": [
    "was"
   ]
  }, 
  {
   "begin": "1.440", 
   "end": "1.760", 
   "id": "f000003", 
   "language": "en", 
   "lines": [
    "looking"
   ]
  }, 
  {
   "begin": "1.760", 
   "end": "1.840", 
   "id": "f000004", 
   "language": "en", 
   "lines": [
    "at"
   ]
  }, 
  {
   "begin": "1.840", 
   "end": "2.320", 
   "id": "f000005", 
   "language": "en", 
   "lines": [
    "a"
   ]
  }, 
  {
   "begin": "2.320", 
   "end": "2.800", 
   "id": "f000006", 
   "language": "en", 
   "lines": [
    "big"
   ]
  }, 
  {
   "begin": "2.800", 
   "end": "3.360", 
   "id": "f000007", 
   "language": "en", 
   "lines": [
    "rat."
   ]
  }, 
  {
   "begin": "3.360", 
   "end": "3.360", 
   "id": "f000008", 
   "language": "en", 
   "lines": [
    "\n"
   ]
  }, 
  {
   "begin": "3.360", 
   "end": "4.960", 
   "id": "f000009", 
   "language": "en", 
   "lines": [
    "\"Oh"
   ]
  }, 
  {
   "begin": "4.960", 
   "end": "6.000", 
   "id": "f000010", 
   "language": "en", 
   "lines": [
    "look!\""
   ]
  }, 
  {
   "begin": "6.000", 
   "end": "6.560", 
   "id": "f000011", 
   "language": "en", 
   "lines": [
    "shouted"
   ]
  }, 
  {
   "begin": "6.560", 
   "end": "7.600", 
   "id": "f000012", 
   "language": "en", 
   "lines": [
    "Sonu."
   ]
  }
 ]
}