{
 "fragments": [
  {
   "begin": "0.000", 
   "end": "0.000", 
   "id": "f000001", 
   "language": "en", 
   "lines": [
    "The"
   ]
  }, 
  {
   "begin": "0.000", 
   "end": "1.000", 
   "id": "f000002", 
   "language": "en", 
   "lines": [
    "very"
   ]
  }, 
  {
   "begin": "1.000", 
   "end": "1.440", 
   "id": "f000003", 
   "language": "en", 
   "lines": [
    "big"
   ]
  }, 
  {
   "begin": "1.440", 
   "end": "2.040", 
   "id": "f000004", 
   "language": "en", 
   "lines": [
    "eagle"
   ]
  }, 
  {
   "begin": "2.040", 
   "end": "2.560", 
   "id": "f000005", 
   "language": "en", 
   "lines": [
    "sitting"
   ]
  }, 
  {
   "begin": "2.560", 
   "end": "2.880", 
   "id": "f000006", 
   "language": "en", 
   "lines": [
    "on"
   ]
  }, 
  {
   "begin": "2.880", 
   "end": "2.880", 
   "id": "f000007", 
   "language": "en", 
   "lines": [
    "the"
   ]
  }, 
  {
   "begin": "2.880", 
   "end": "3.440", 
   "id": "f000008", 
   "language": "en", 
   "lines": [
    "tree"
   ]
  }, 
  {
   "begin": "3.440", 
   "end": "4.080", 
   "id": "f000009", 
   "language": "en", 
   "lines": [
    "blinked"
   ]
  }, 
  {
   "begin": "4.080", 
   "end": "4.160", 
   "id": "f000010", 
   "language": "en", 
   "lines": [
    "and"
   ]
  }, 
  {
   "begin": "4.160", 
   "end": "5.040", 
   "id": "f000011", 
   "language": "en", 
   "lines": [
    "flew"
   ]
  }, 
  {
   "begin": "5.040", 
   "end": "5.720", 
   "id": "f000012", 
   "language": "en", 
   "lines": [
    "far"
   ]
  }, 
  {
   "begin": "5.720", 
   "end": "6.560", 
   "id": "f000013", 
   "language": "en", 
   "lines": [
    "away."
   ]
  }
 ]
}