{
 "fragments": [
  {
   "begin": "0.000", 
   "end": "0.800", 
   "id": "f000001", 
   "language": "en", 
   "lines": [
    "Rina"
   ]
  }, 
  {
   "begin": "0.800", 
   "end": "1.120", 
   "id": "f000002", 
   "language": "en", 
   "lines": [
    "saw"
   ]
  }, 
  {
   "begin": "1.120", 
   "end": "1.280", 
   "id": "f000003", 
   "language": "en", 
   "lines": [
    "a"
   ]
  }, 
  {
   "begin": "1.280", 
   "end": "1.920", 
   "id": "f000004", 
   "language": "en", 
   "lines": [
    "tiny"
   ]
  }, 
  {
   "begin": "1.920", 
   "end": "2.680", 
   "id": "f000005", 
   "language": "en", 
   "lines": [
    "ant"
   ]
  }, 
  {
   "begin": "2.680", 
   "end": "3.040", 
   "id": "f000006", 
   "language": "en", 
   "lines": [
    "going"
   ]
  }, 
  {
   "begin": "3.040", 
   "end": "3.600", 
   "id": "f000007", 
   "language": "en", 
   "lines": [
    "towards"
   ]
  }, 
  {
   "begin": "3.600", 
   "end": "3.880", 
   "id": "f000008", 
   "language": "en", 
   "lines": [
    "the"
   ]
  }, 
  {
   "begin": "3.880", 
   "end": "4.360", 
   "id": "f000009", 
   "language": "en", 
   "lines": [
    "big"
   ]
  }, 
  {
   "begin": "4.360", 
   "end": "5.120", 
   "id": "f000010", 
   "language": "en", 
   "lines": [
    "rat."
   ]
  }
 ]
}