{
 "fragments": [
  {
   "begin": "0.000", 
   "end": "0.640", 
   "id": "f000001", 
   "language": "en", 
   "lines": [
    "Sonu,"
   ]
  }, 
  {
   "begin": "0.640", 
   "end": "1.280", 
   "id": "f000002", 
   "language": "en", 
   "lines": [
    "Monu"
   ]
  }, 
  {
   "begin": "1.280", 
   "end": "2.040", 
   "id": "f000003", 
   "language": "en", 
   "lines": [
    "and"
   ]
  }, 
  {
   "begin": "2.040", 
   "end": "2.920", 
   "id": "f000004", 
   "language": "en", 
   "lines": [
    "Rina"
   ]
  }, 
  {
   "begin": "2.920", 
   "end": "3.400", 
   "id": "f000005", 
   "language": "en", 
   "lines": [
    "set"
   ]
  }, 
  {
   "begin": "3.400", 
   "end": "3.720", 
   "id": "f000006", 
   "language": "en", 
   "lines": [
    "out"
   ]
  }, 
  {
   "begin": "3.720", 
   "end": "3.880", 
   "id": "f000007", 
   "language": "en", 
   "lines": [
    "to"
   ]
  }, 
  {
   "begin": "3.880", 
   "end": "4.280", 
   "id": "f000008", 
   "language": "en", 
   "lines": [
    "play."
   ]
  }, 
  {
   "begin": "4.280", 
   "end": "4.280", 
   "id": "f000009", 
   "language": "en", 
   "lines": [
    ""
   ]
  }, 
  {
   "begin": "4.280", 
   "end": "5.720", 
   "id": "f000010", 
   "language": "en", 
   "lines": [
    "\nThey"
   ]
  }, 
  {
   "begin": "5.720", 
   "end": "6.040", 
   "id": "f000011", 
   "language": "en", 
   "lines": [
    "saw"
   ]
  }, 
  {
   "begin": "6.040", 
   "end": "6.200", 
   "id": "f000012", 
   "language": "en", 
   "lines": [
    "a"
   ]
  }, 
  {
   "begin": "6.200", 
   "end": "7.680", 
   "id": "f000013", 
   "language": "en", 
   "lines": [
    "kitten."
   ]
  }
 ]
}