{
 "fragments": [
  {
   "begin": "0.000", 
   "end": "0.240", 
   "id": "f000001", 
   "language": "en", 
   "lines": [
    "What"
   ]
  }, 
  {
   "begin": "0.240", 
   "end": "0.600", 
   "id": "f000002", 
   "language": "en", 
   "lines": [
    "would"
   ]
  }, 
  {
   "begin": "0.600", 
   "end": "0.960", 
   "id": "f000003", 
   "language": "en", 
   "lines": [
    "the"
   ]
  }, 
  {
   "begin": "0.960", 
   "end": "1.360", 
   "id": "f000004", 
   "language": "en", 
   "lines": [
    "three"
   ]
  }, 
  {
   "begin": "1.360", 
   "end": "1.920", 
   "id": "f000005", 
   "language": "en", 
   "lines": [
    "clever"
   ]
  }, 
  {
   "begin": "1.920", 
   "end": "2.520", 
   "id": "f000006", 
   "language": "en", 
   "lines": [
    "children"
   ]
  }, 
  {
   "begin": "2.520", 
   "end": "2.760", 
   "id": "f000007", 
   "language": "en", 
   "lines": [
    "do"
   ]
  }, 
  {
   "begin": "2.760", 
   "end": "3.600", 
   "id": "f000008", 
   "language": "en", 
   "lines": [
    "now?"
   ]
  }
 ]
}