{
 "fragments": [
  {
   "begin": "0.000", 
   "end": "0.800", 
   "id": "f000001", 
   "language": "en", 
   "lines": [
    "The"
   ]
  }, 
  {
   "begin": "0.800", 
   "end": "1.280", 
   "id": "f000002", 
   "language": "en", 
   "lines": [
    "big"
   ]
  }, 
  {
   "begin": "1.280", 
   "end": "1.640", 
   "id": "f000003", 
   "language": "en", 
   "lines": [
    "rat"
   ]
  }, 
  {
   "begin": "1.640", 
   "end": "2.120", 
   "id": "f000004", 
   "language": "en", 
   "lines": [
    "picked"
   ]
  }, 
  {
   "begin": "2.120", 
   "end": "2.360", 
   "id": "f000005", 
   "language": "en", 
   "lines": [
    "up"
   ]
  }, 
  {
   "begin": "2.360", 
   "end": "2.680", 
   "id": "f000006", 
   "language": "en", 
   "lines": [
    "a"
   ]
  }, 
  {
   "begin": "2.680", 
   "end": "3.400", 
   "id": "f000007", 
   "language": "en", 
   "lines": [
    "half-eaten"
   ]
  }, 
  {
   "begin": "3.400", 
   "end": "3.840", 
   "id": "f000008", 
   "language": "en", 
   "lines": [
    "pakoda"
   ]
  }, 
  {
   "begin": "3.840", 
   "end": "4.880", 
   "id": "f000009", 
   "language": "en", 
   "lines": [
    "and"
   ]
  }, 
  {
   "begin": "4.880", 
   "end": "5.520", 
   "id": "f000010", 
   "language": "en", 
   "lines": [
    "went"
   ]
  }, 
  {
   "begin": "5.520", 
   "end": "5.960", 
   "id": "f000011", 
   "language": "en", 
   "lines": [
    "back"
   ]
  }, 
  {
   "begin": "5.960", 
   "end": "6.240", 
   "id": "f000012", 
   "language": "en", 
   "lines": [
    "into"
   ]
  }, 
  {
   "begin": "6.240", 
   "end": "6.440", 
   "id": "f000013", 
   "language": "en", 
   "lines": [
    "the"
   ]
  }, 
  {
   "begin": "6.440", 
   "end": "6.800", 
   "id": "f000014", 
   "language": "en", 
   "lines": [
    "drain."
   ]
  }, 
  {
   "begin": "6.800", 
   "end": "6.800", 
   "id": "f000015", 
   "language": "en", 
   "lines": [
    "\n"
   ]
  }, 
  {
   "begin": "6.800", 
   "end": "7.840", 
   "id": "f000016", 
   "language": "en", 
   "lines": [
    "The"
   ]
  }, 
  {
   "begin": "7.840", 
   "end": "8.480", 
   "id": "f000017", 
   "language": "en", 
   "lines": [
    "small"
   ]
  }, 
  {
   "begin": "8.480", 
   "end": "8.920", 
   "id": "f000018", 
   "language": "en", 
   "lines": [
    "kitten"
   ]
  }, 
  {
   "begin": "8.920", 
   "end": "9.840", 
   "id": "f000019", 
   "language": "en", 
   "lines": [
    "said"
   ]
  }, 
  {
   "begin": "9.840", 
   "end": "11.080", 
   "id": "f000020", 
   "language": "en", 
   "lines": [
    "'miaaww'"
   ]
  }, 
  {
   "begin": "11.080", 
   "end": "11.400", 
   "id": "f000021", 
   "language": "en", 
   "lines": [
    "and"
   ]
  }, 
  {
   "begin": "11.400", 
   "end": "12.080", 
   "id": "f000022", 
   "language": "en", 
   "lines": [
    "started"
   ]
  }, 
  {
   "begin": "12.080", 
   "end": "12.360", 
   "id": "f000023", 
   "language": "en", 
   "lines": [
    "licking"
   ]
  }, 
  {
   "begin": "12.360", 
   "end": "12.600", 
   "id": "f000024", 
   "language": "en", 
   "lines": [
    "her"
   ]
  }, 
  {
   "begin": "12.600", 
   "end": "13.400", 
   "id": "f000025", 
   "language": "en", 
   "lines": [
    "paw."
   ]
  }
 ]
}