{
 "fragments": [
  {
   "begin": "0.000", 
   "end": "0.600", 
   "id": "f000001", 
   "language": "en", 
   "lines": [
    "My"
   ]
  }, 
  {
   "begin": "0.600", 
   "end": "0.800", 
   "id": "f000002", 
   "language": "en", 
   "lines": [
    "father"
   ]
  }, 
  {
   "begin": "0.800", 
   "end": "1.280", 
   "id": "f000003", 
   "language": "en", 
   "lines": [
    "comes"
   ]
  }, 
  {
   "begin": "1.280", 
   "end": "2.440", 
   "id": "f000004", 
   "language": "en", 
   "lines": [
    "outside,"
   ]
  }, 
  {
   "begin": "2.440", 
   "end": "2.720", 
   "id": "f000005", 
   "language": "en", 
   "lines": [
    "my"
   ]
  }, 
  {
   "begin": "2.720", 
   "end": "3.240", 
   "id": "f000006", 
   "language": "en", 
   "lines": [
    "mother"
   ]
  }, 
  {
   "begin": "3.240", 
   "end": "3.640", 
   "id": "f000007", 
   "language": "en", 
   "lines": [
    "is"
   ]
  }, 
  {
   "begin": "3.640", 
   "end": "5.320", 
   "id": "f000008", 
   "language": "en", 
   "lines": [
    "behind"
   ]
  }, 
  {
   "begin": "5.320", 
   "end": "5.560", 
   "id": "f000009", 
   "language": "en", 
   "lines": [
    "him."
   ]
  }, 
  {
   "begin": "5.560", 
   "end": "6.000", 
   "id": "f000010", 
   "language": "en", 
   "lines": [
    "I"
   ]
  }, 
  {
   "begin": "6.000", 
   "end": "6.160", 
   "id": "f000011", 
   "language": "en", 
   "lines": [
    "give"
   ]
  }, 
  {
   "begin": "6.160", 
   "end": "6.640", 
   "id": "f000012", 
   "language": "en", 
   "lines": [
    "my"
   ]
  }, 
  {
   "begin": "6.640", 
   "end": "7.360", 
   "id": "f000013", 
   "language": "en", 
   "lines": [
    "father"
   ]
  }, 
  {
   "begin": "7.360", 
   "end": "7.920", 
   "id": "f000014", 
   "language": "en", 
   "lines": [
    "a"
   ]
  }, 
  {
   "begin": "7.920", 
   "end": "8.080", 
   "id": "f000015", 
   "language": "en", 
   "lines": [
    "big"
   ]
  }, 
  {
   "begin": "8.080", 
   "end": "8.800", 
   "id": "f000016", 
   "language": "en", 
   "lines": [
    "hug."
   ]
  }, 
  {
   "begin": "8.800", 
   "end": "9.000", 
   "id": "f000017", 
   "language": "en", 
   "lines": [
    "My"
   ]
  }, 
  {
   "begin": "9.000", 
   "end": "9.480", 
   "id": "f000018", 
   "language": "en", 
   "lines": [
    "father"
   ]
  }, 
  {
   "begin": "9.480", 
   "end": "10.040", 
   "id": "f000019", 
   "language": "en", 
   "lines": [
    "gives"
   ]
  }, 
  {
   "begin": "10.040", 
   "end": "10.040", 
   "id": "f000020", 
   "language": "en", 
   "lines": [
    "me"
   ]
  }, 
  {
   "begin": "10.040", 
   "end": "10.120", 
   "id": "f000021", 
   "language": "en", 
   "lines": [
    "a"
   ]
  }, 
  {
   "begin": "10.120", 
   "end": "10.520", 
   "id": "f000022", 
   "language": "en", 
   "lines": [
    "big"
   ]
  }, 
  {
   "begin": "10.520", 
   "end": "11.320", 
   "id": "f000023", 
   "language": "en", 
   "lines": [
    "hug."
   ]
  }, 
  {
   "begin": "11.320", 
   "end": "12.360", 
   "id": "f000024", 
   "language": "en", 
   "lines": [
    "Then"
   ]
  }, 
  {
   "begin": "12.360", 
   "end": "12.800", 
   "id": "f000025", 
   "language": "en", 
   "lines": [
    "he"
   ]
  }, 
  {
   "begin": "12.800", 
   "end": "13.080", 
   "id": "f000026", 
   "language": "en", 
   "lines": [
    "goes"
   ]
  }, 
  {
   "begin": "13.080", 
   "end": "14.360", 
   "id": "f000027", 
   "language": "en", 
   "lines": [
    "to"
   ]
  }, 
  {
   "begin": "14.360", 
   "end": "14.560", 
   "id": "f000028", 
   "language": "en", 
   "lines": [
    "work."
   ]
  }, 
  {
   "begin": "14.560", 
   "end": "15.200", 
   "id": "f000029", 
   "language": "en", 
   "lines": [
    "Now"
   ]
  }, 
  {
   "begin": "15.200", 
   "end": "15.760", 
   "id": "f000030", 
   "language": "en", 
   "lines": [
    "there"
   ]
  }, 
  {
   "begin": "15.760", 
   "end": "16.360", 
   "id": "f000031", 
   "language": "en", 
   "lines": [
    "is"
   ]
  }, 
  {
   "begin": "16.360", 
   "end": "17.360", 
   "id": "f000032", 
   "language": "en", 
   "lines": [
    "no"
   ]
  }, 
  {
   "begin": "17.360", 
   "end": "17.960", 
   "id": "f000033", 
   "language": "en", 
   "lines": [
    "hurry."
   ]
  }, 
  {
   "begin": "17.960", 
   "end": "18.360", 
   "id": "f000034", 
   "language": "en", 
   "lines": [
    "I"
   ]
  }, 
  {
   "begin": "18.360", 
   "end": "18.680", 
   "id": "f000035", 
   "language": "en", 
   "lines": [
    "have"
   ]
  }, 
  {
   "begin": "18.680", 
   "end": "18.720", 
   "id": "f000036", 
   "language": "en", 
   "lines": [
    "lots"
   ]
  }, 
  {
   "begin": "18.720", 
   "end": "18.720", 
   "id": "f000037", 
   "language": "en", 
   "lines": [
    "of"
   ]
  }, 
  {
   "begin": "18.720", 
   "end": "19.720", 
   "id": "f000038", 
   "language": "en", 
   "lines": [
    "time."
   ]
  }
 ]
}