{
 "fragments": [
  {
   "begin": "0.000", 
   "end": "0.000", 
   "id": "f000001", 
   "language": "en", 
   "lines": [
    "I"
   ]
  }, 
  {
   "begin": "0.000", 
   "end": "0.520", 
   "id": "f000002", 
   "language": "en", 
   "lines": [
    "come"
   ]
  }, 
  {
   "begin": "0.520", 
   "end": "1.240", 
   "id": "f000003", 
   "language": "en", 
   "lines": [
    "out"
   ]
  }, 
  {
   "begin": "1.240", 
   "end": "1.440", 
   "id": "f000004", 
   "language": "en", 
   "lines": [
    "of"
   ]
  }, 
  {
   "begin": "1.440", 
   "end": "1.760", 
   "id": "f000005", 
   "language": "en", 
   "lines": [
    "the"
   ]
  }, 
  {
   "begin": "1.760", 
   "end": "2.640", 
   "id": "f000006", 
   "language": "en", 
   "lines": [
    "gate."
   ]
  }, 
  {
   "begin": "2.640", 
   "end": "3.040", 
   "id": "f000007", 
   "language": "en", 
   "lines": [
    "I"
   ]
  }, 
  {
   "begin": "3.040", 
   "end": "3.640", 
   "id": "f000008", 
   "language": "en", 
   "lines": [
    "am"
   ]
  }, 
  {
   "begin": "3.640", 
   "end": "3.960", 
   "id": "f000009", 
   "language": "en", 
   "lines": [
    "in"
   ]
  }, 
  {
   "begin": "3.960", 
   "end": "4.720", 
   "id": "f000010", 
   "language": "en", 
   "lines": [
    "a"
   ]
  }, 
  {
   "begin": "4.720", 
   "end": "5.200", 
   "id": "f000011", 
   "language": "en", 
   "lines": [
    "hurry."
   ]
  }, 
  {
   "begin": "5.200", 
   "end": "5.360", 
   "id": "f000012", 
   "language": "en", 
   "lines": [
    "I"
   ]
  }, 
  {
   "begin": "5.360", 
   "end": "5.360", 
   "id": "f000013", 
   "language": "en", 
   "lines": [
    "do"
   ]
  }, 
  {
   "begin": "5.360", 
   "end": "5.400", 
   "id": "f000014", 
   "language": "en", 
   "lines": [
    "not"
   ]
  }, 
  {
   "begin": "5.400", 
   "end": "5.720", 
   "id": "f000015", 
   "language": "en", 
   "lines": [
    "have"
   ]
  }, 
  {
   "begin": "5.720", 
   "end": "6.040", 
   "id": "f000016", 
   "language": "en", 
   "lines": [
    "time"
   ]
  }, 
  {
   "begin": "6.040", 
   "end": "6.240", 
   "id": "f000017", 
   "language": "en", 
   "lines": [
    "to"
   ]
  }, 
  {
   "begin": "6.240", 
   "end": "7.200", 
   "id": "f000018", 
   "language": "en", 
   "lines": [
    "play."
   ]
  }, 
  {
   "begin": "7.200", 
   "end": "7.400", 
   "id": "f000019", 
   "language": "en", 
   "lines": [
    "I"
   ]
  }, 
  {
   "begin": "7.400", 
   "end": "7.440", 
   "id": "f000020", 
   "language": "en", 
   "lines": [
    "do"
   ]
  }, 
  {
   "begin": "7.440", 
   "end": "7.760", 
   "id": "f000021", 
   "language": "en", 
   "lines": [
    "not"
   ]
  }, 
  {
   "begin": "7.760", 
   "end": "8.040", 
   "id": "f000022", 
   "language": "en", 
   "lines": [
    "have"
   ]
  }, 
  {
   "begin": "8.040", 
   "end": "8.640", 
   "id": "f000023", 
   "language": "en", 
   "lines": [
    "time"
   ]
  }, 
  {
   "begin": "8.640", 
   "end": "9.200", 
   "id": "f000024", 
   "language": "en", 
   "lines": [
    "to"
   ]
  }, 
  {
   "begin": "9.200", 
   "end": "9.720", 
   "id": "f000025", 
   "language": "en", 
   "lines": [
    "talk."
   ]
  }, 
  {
   "begin": "9.720", 
   "end": "10.160", 
   "id": "f000026", 
   "language": "en", 
   "lines": [
    "I"
   ]
  }, 
  {
   "begin": "10.160", 
   "end": "10.480", 
   "id": "f000027", 
   "language": "en", 
   "lines": [
    "want"
   ]
  }, 
  {
   "begin": "10.480", 
   "end": "10.480", 
   "id": "f000028", 
   "language": "en", 
   "lines": [
    "to"
   ]
  }, 
  {
   "begin": "10.480", 
   "end": "10.520", 
   "id": "f000029", 
   "language": "en", 
   "lines": [
    "get"
   ]
  }, 
  {
   "begin": "10.520", 
   "end": "11.000", 
   "id": "f000030", 
   "language": "en", 
   "lines": [
    "home"
   ]
  }, 
  {
   "begin": "11.000", 
   "end": "11.720", 
   "id": "f000031", 
   "language": "en", 
   "lines": [
    "fast."
   ]
  }
 ]
}