{
 "fragments": [
  {
   "begin": "0.000", 
   "end": "0.120", 
   "id": "f000001", 
   "language": "en", 
   "lines": [
    "I"
   ]
  }, 
  {
   "begin": "0.120", 
   "end": "0.520", 
   "id": "f000002", 
   "language": "en", 
   "lines": [
    "am"
   ]
  }, 
  {
   "begin": "0.520", 
   "end": "0.560", 
   "id": "f000003", 
   "language": "en", 
   "lines": [
    "on"
   ]
  }, 
  {
   "begin": "0.560", 
   "end": "1.000", 
   "id": "f000004", 
   "language": "en", 
   "lines": [
    "the"
   ]
  }, 
  {
   "begin": "1.000", 
   "end": "1.320", 
   "id": "f000005", 
   "language": "en", 
   "lines": [
    "other"
   ]
  }, 
  {
   "begin": "1.320", 
   "end": "2.520", 
   "id": "f000006", 
   "language": "en", 
   "lines": [
    "side."
   ]
  }, 
  {
   "begin": "2.520", 
   "end": "2.800", 
   "id": "f000007", 
   "language": "en", 
   "lines": [
    "I"
   ]
  }, 
  {
   "begin": "2.800", 
   "end": "3.480", 
   "id": "f000008", 
   "language": "en", 
   "lines": [
    "almost"
   ]
  }, 
  {
   "begin": "3.480", 
   "end": "4.080", 
   "id": "f000009", 
   "language": "en", 
   "lines": [
    "crash"
   ]
  }, 
  {
   "begin": "4.080", 
   "end": "4.280", 
   "id": "f000010", 
   "language": "en", 
   "lines": [
    "into"
   ]
  }, 
  {
   "begin": "4.280", 
   "end": "4.600", 
   "id": "f000011", 
   "language": "en", 
   "lines": [
    "the"
   ]
  }, 
  {
   "begin": "4.600", 
   "end": "6.800", 
   "id": "f000012", 
   "language": "en", 
   "lines": [
    "chanawallah."
   ]
  }, 
  {
   "begin": "6.800", 
   "end": "7.200", 
   "id": "f000013", 
   "language": "en", 
   "lines": [
    "He"
   ]
  }, 
  {
   "begin": "7.200", 
   "end": "8.040", 
   "id": "f000014", 
   "language": "en", 
   "lines": [
    "growls."
   ]
  }, 
  {
   "begin": "8.040", 
   "end": "8.040", 
   "id": "f000015", 
   "language": "en", 
   "lines": [
    "I"
   ]
  }, 
  {
   "begin": "8.040", 
   "end": "9.200", 
   "id": "f000016", 
   "language": "en", 
   "lines": [
    "say,"
   ]
  }, 
  {
   "begin": "9.200", 
   "end": "10.440", 
   "id": "f000017", 
   "language": "en", 
   "lines": [
    "\u201cSorry,\u201d"
   ]
  }, 
  {
   "begin": "10.440", 
   "end": "11.080", 
   "id": "f000018", 
   "language": "en", 
   "lines": [
    "and"
   ]
  }, 
  {
   "begin": "11.080", 
   "end": "11.360", 
   "id": "f000019", 
   "language": "en", 
   "lines": [
    "run"
   ]
  }, 
  {
   "begin": "11.360", 
   "end": "11.600", 
   "id": "f000020", 
   "language": "en", 
   "lines": [
    "along."
   ]
  }
 ]
}