{
 "fragments": [
  {
   "begin": "0.000", 
   "end": "0.680", 
   "id": "f000001", 
   "language": "en", 
   "lines": [
    "School"
   ]
  }, 
  {
   "begin": "0.680", 
   "end": "0.960", 
   "id": "f000002", 
   "language": "en", 
   "lines": [
    "is"
   ]
  }, 
  {
   "begin": "0.960", 
   "end": "1.600", 
   "id": "f000003", 
   "language": "en", 
   "lines": [
    "over."
   ]
  }, 
  {
   "begin": "1.600", 
   "end": "2.560", 
   "id": "f000004", 
   "language": "en", 
   "lines": [
    "Children"
   ]
  }, 
  {
   "begin": "2.560", 
   "end": "2.880", 
   "id": "f000005", 
   "language": "en", 
   "lines": [
    "are"
   ]
  }, 
  {
   "begin": "2.880", 
   "end": "3.520", 
   "id": "f000006", 
   "language": "en", 
   "lines": [
    "leaving."
   ]
  }, 
  {
   "begin": "3.520", 
   "end": "4.440", 
   "id": "f000007", 
   "language": "en", 
   "lines": [
    "Teachers"
   ]
  }, 
  {
   "begin": "4.440", 
   "end": "5.040", 
   "id": "f000008", 
   "language": "en", 
   "lines": [
    "are"
   ]
  }, 
  {
   "begin": "5.040", 
   "end": "6.000", 
   "id": "f000009", 
   "language": "en", 
   "lines": [
    "leaving."
   ]
  }, 
  {
   "begin": "6.000", 
   "end": "7.000", 
   "id": "f000010", 
   "language": "en", 
   "lines": [
    "Everyone"
   ]
  }, 
  {
   "begin": "7.000", 
   "end": "7.000", 
   "id": "f000011", 
   "language": "en", 
   "lines": [
    "is"
   ]
  }, 
  {
   "begin": "7.000", 
   "end": "7.440", 
   "id": "f000012", 
   "language": "en", 
   "lines": [
    "going"
   ]
  }, 
  {
   "begin": "7.440", 
   "end": "8.160", 
   "id": "f000013", 
   "language": "en", 
   "lines": [
    "home."
   ]
  }
 ]
}