{
 "fragments": [
  {
   "begin": "0.000", 
   "end": "0.280", 
   "id": "f000001", 
   "language": "en", 
   "lines": [
    "The"
   ]
  }, 
  {
   "begin": "0.280", 
   "end": "0.720", 
   "id": "f000002", 
   "language": "en", 
   "lines": [
    "big"
   ]
  }, 
  {
   "begin": "0.720", 
   "end": "1.240", 
   "id": "f000003", 
   "language": "en", 
   "lines": [
    "road"
   ]
  }, 
  {
   "begin": "1.240", 
   "end": "1.840", 
   "id": "f000004", 
   "language": "en", 
   "lines": [
    "has"
   ]
  }, 
  {
   "begin": "1.840", 
   "end": "2.360", 
   "id": "f000005", 
   "language": "en", 
   "lines": [
    "lots"
   ]
  }, 
  {
   "begin": "2.360", 
   "end": "2.600", 
   "id": "f000006", 
   "language": "en", 
   "lines": [
    "of"
   ]
  }, 
  {
   "begin": "2.600", 
   "end": "3.120", 
   "id": "f000007", 
   "language": "en", 
   "lines": [
    "traffic."
   ]
  }, 
  {
   "begin": "3.120", 
   "end": "4.400", 
   "id": "f000008", 
   "language": "en", 
   "lines": [
    "Cars,"
   ]
  }, 
  {
   "begin": "4.400", 
   "end": "5.480", 
   "id": "f000009", 
   "language": "en", 
   "lines": [
    "trucks"
   ]
  }, 
  {
   "begin": "5.480", 
   "end": "5.720", 
   "id": "f000010", 
   "language": "en", 
   "lines": [
    "and"
   ]
  }, 
  {
   "begin": "5.720", 
   "end": "6.760", 
   "id": "f000011", 
   "language": "en", 
   "lines": [
    "cycles,"
   ]
  }, 
  {
   "begin": "6.760", 
   "end": "8.240", 
   "id": "f000012", 
   "language": "en", 
   "lines": [
    "motorcycles,"
   ]
  }, 
  {
   "begin": "8.240", 
   "end": "9.360", 
   "id": "f000013", 
   "language": "en", 
   "lines": [
    "scooters"
   ]
  }, 
  {
   "begin": "9.360", 
   "end": "9.640", 
   "id": "f000014", 
   "language": "en", 
   "lines": [
    "and"
   ]
  }, 
  {
   "begin": "9.640", 
   "end": "10.160", 
   "id": "f000015", 
   "language": "en", 
   "lines": [
    "auto"
   ]
  }, 
  {
   "begin": "10.160", 
   "end": "10.760", 
   "id": "f000016", 
   "language": "en", 
   "lines": [
    "rickshaws."
   ]
  }, 
  {
   "begin": "10.760", 
   "end": "11.840", 
   "id": "f000017", 
   "language": "en", 
   "lines": [
    "Some"
   ]
  }, 
  {
   "begin": "11.840", 
   "end": "12.080", 
   "id": "f000018", 
   "language": "en", 
   "lines": [
    "are"
   ]
  }, 
  {
   "begin": "12.080", 
   "end": "12.240", 
   "id": "f000019", 
   "language": "en", 
   "lines": [
    "going"
   ]
  }, 
  {
   "begin": "12.240", 
   "end": "12.600", 
   "id": "f000020", 
   "language": "en", 
   "lines": [
    "this"
   ]
  }, 
  {
   "begin": "12.600", 
   "end": "13.360", 
   "id": "f000021", 
   "language": "en", 
   "lines": [
    "way."
   ]
  }, 
  {
   "begin": "13.360", 
   "end": "13.880", 
   "id": "f000022", 
   "language": "en", 
   "lines": [
    "Some"
   ]
  }, 
  {
   "begin": "13.880", 
   "end": "14.560", 
   "id": "f000023", 
   "language": "en", 
   "lines": [
    "are"
   ]
  }, 
  {
   "begin": "14.560", 
   "end": "14.920", 
   "id": "f000024", 
   "language": "en", 
   "lines": [
    "going"
   ]
  }, 
  {
   "begin": "14.920", 
   "end": "15.720", 
   "id": "f000025", 
   "language": "en", 
   "lines": [
    "that"
   ]
  }, 
  {
   "begin": "15.720", 
   "end": "16.280", 
   "id": "f000026", 
   "language": "en", 
   "lines": [
    "way."
   ]
  }, 
  {
   "begin": "16.280", 
   "end": "16.640", 
   "id": "f000027", 
   "language": "en", 
   "lines": [
    "I"
   ]
  }, 
  {
   "begin": "16.640", 
   "end": "17.120", 
   "id": "f000028", 
   "language": "en", 
   "lines": [
    "know"
   ]
  }, 
  {
   "begin": "17.120", 
   "end": "17.480", 
   "id": "f000029", 
   "language": "en", 
   "lines": [
    "how"
   ]
  }, 
  {
   "begin": "17.480", 
   "end": "17.720", 
   "id": "f000030", 
   "language": "en", 
   "lines": [
    "to"
   ]
  }, 
  {
   "begin": "17.720", 
   "end": "18.080", 
   "id": "f000031", 
   "language": "en", 
   "lines": [
    "find"
   ]
  }, 
  {
   "begin": "18.080", 
   "end": "18.080", 
   "id": "f000032", 
   "language": "en", 
   "lines": [
    "the"
   ]
  }, 
  {
   "begin": "18.080", 
   "end": "18.400", 
   "id": "f000033", 
   "language": "en", 
   "lines": [
    "gap"
   ]
  }, 
  {
   "begin": "18.400", 
   "end": "18.640", 
   "id": "f000034", 
   "language": "en", 
   "lines": [
    "and"
   ]
  }, 
  {
   "begin": "18.640", 
   "end": "18.880", 
   "id": "f000035", 
   "language": "en", 
   "lines": [
    "run"
   ]
  }, 
  {
   "begin": "18.880", 
   "end": "19.280", 
   "id": "f000036", 
   "language": "en", 
   "lines": [
    "to"
   ]
  }, 
  {
   "begin": "19.280", 
   "end": "19.360", 
   "id": "f000037", 
   "language": "en", 
   "lines": [
    "the"
   ]
  }, 
  {
   "begin": "19.360", 
   "end": "19.720", 
   "id": "f000038", 
   "language": "en", 
   "lines": [
    "other"
   ]
  }, 
  {
   "begin": "19.720", 
   "end": "20.600", 
   "id": "f000039", 
   "language": "en", 
   "lines": [
    "side."
   ]
  }
 ]
}