{
 "fragments": [
  {
   "begin": "0.000", 
   "end": "0.280", 
   "id": "f000001", 
   "language": "en", 
   "lines": [
    "I"
   ]
  }, 
  {
   "begin": "0.280", 
   "end": "0.600", 
   "id": "f000002", 
   "language": "en", 
   "lines": [
    "walk"
   ]
  }, 
  {
   "begin": "0.600", 
   "end": "1.120", 
   "id": "f000003", 
   "language": "en", 
   "lines": [
    "faster"
   ]
  }, 
  {
   "begin": "1.120", 
   "end": "1.720", 
   "id": "f000004", 
   "language": "en", 
   "lines": [
    "and"
   ]
  }, 
  {
   "begin": "1.720", 
   "end": "2.120", 
   "id": "f000005", 
   "language": "en", 
   "lines": [
    "faster."
   ]
  }, 
  {
   "begin": "2.120", 
   "end": "2.120", 
   "id": "f000006", 
   "language": "en", 
   "lines": [
    "Now"
   ]
  }, 
  {
   "begin": "2.120", 
   "end": "3.080", 
   "id": "f000007", 
   "language": "en", 
   "lines": [
    "there"
   ]
  }, 
  {
   "begin": "3.080", 
   "end": "3.760", 
   "id": "f000008", 
   "language": "en", 
   "lines": [
    "are"
   ]
  }, 
  {
   "begin": "3.760", 
   "end": "4.320", 
   "id": "f000009", 
   "language": "en", 
   "lines": [
    "fish"
   ]
  }, 
  {
   "begin": "4.320", 
   "end": "4.600", 
   "id": "f000010", 
   "language": "en", 
   "lines": [
    "shops."
   ]
  }, 
  {
   "begin": "4.600", 
   "end": "5.320", 
   "id": "f000011", 
   "language": "en", 
   "lines": [
    "Big"
   ]
  }, 
  {
   "begin": "5.320", 
   "end": "5.920", 
   "id": "f000012", 
   "language": "en", 
   "lines": [
    "fish,"
   ]
  }, 
  {
   "begin": "5.920", 
   "end": "6.400", 
   "id": "f000013", 
   "language": "en", 
   "lines": [
    "small"
   ]
  }, 
  {
   "begin": "6.400", 
   "end": "7.120", 
   "id": "f000014", 
   "language": "en", 
   "lines": [
    "fish,"
   ]
  }, 
  {
   "begin": "7.120", 
   "end": "7.440", 
   "id": "f000015", 
   "language": "en", 
   "lines": [
    "long"
   ]
  }, 
  {
   "begin": "7.440", 
   "end": "8.160", 
   "id": "f000016", 
   "language": "en", 
   "lines": [
    "fish,"
   ]
  }, 
  {
   "begin": "8.160", 
   "end": "8.720", 
   "id": "f000017", 
   "language": "en", 
   "lines": [
    "flat"
   ]
  }, 
  {
   "begin": "8.720", 
   "end": "9.360", 
   "id": "f000018", 
   "language": "en", 
   "lines": [
    "fish."
   ]
  }, 
  {
   "begin": "9.360", 
   "end": "9.880", 
   "id": "f000019", 
   "language": "en", 
   "lines": [
    "Shiny"
   ]
  }, 
  {
   "begin": "9.880", 
   "end": "10.400", 
   "id": "f000020", 
   "language": "en", 
   "lines": [
    "fish,"
   ]
  }, 
  {
   "begin": "10.400", 
   "end": "10.840", 
   "id": "f000021", 
   "language": "en", 
   "lines": [
    "dull"
   ]
  }, 
  {
   "begin": "10.840", 
   "end": "11.720", 
   "id": "f000022", 
   "language": "en", 
   "lines": [
    "fish,"
   ]
  }, 
  {
   "begin": "11.720", 
   "end": "12.280", 
   "id": "f000023", 
   "language": "en", 
   "lines": [
    "So"
   ]
  }, 
  {
   "begin": "12.280", 
   "end": "12.520", 
   "id": "f000024", 
   "language": "en", 
   "lines": [
    "many"
   ]
  }, 
  {
   "begin": "12.520", 
   "end": "12.960", 
   "id": "f000025", 
   "language": "en", 
   "lines": [
    "fish"
   ]
  }, 
  {
   "begin": "12.960", 
   "end": "13.120", 
   "id": "f000026", 
   "language": "en", 
   "lines": [
    "in"
   ]
  }, 
  {
   "begin": "13.120", 
   "end": "13.680", 
   "id": "f000027", 
   "language": "en", 
   "lines": [
    "every"
   ]
  }, 
  {
   "begin": "13.680", 
   "end": "14.120", 
   "id": "f000028", 
   "language": "en", 
   "lines": [
    "shop."
   ]
  }
 ]
}