{
 "fragments": [
  {
   "begin": "0.000", 
   "end": "0.000", 
   "id": "f000001", 
   "language": "en", 
   "lines": [
    "I"
   ]
  }, 
  {
   "begin": "0.000", 
   "end": "0.000", 
   "id": "f000002", 
   "language": "en", 
   "lines": [
    "walk"
   ]
  }, 
  {
   "begin": "0.000", 
   "end": "0.880", 
   "id": "f000003", 
   "language": "en", 
   "lines": [
    "down"
   ]
  }, 
  {
   "begin": "0.880", 
   "end": "1.360", 
   "id": "f000004", 
   "language": "en", 
   "lines": [
    "the"
   ]
  }, 
  {
   "begin": "1.360", 
   "end": "1.800", 
   "id": "f000005", 
   "language": "en", 
   "lines": [
    "lane."
   ]
  }, 
  {
   "begin": "1.800", 
   "end": "2.560", 
   "id": "f000006", 
   "language": "en", 
   "lines": [
    "It"
   ]
  }, 
  {
   "begin": "2.560", 
   "end": "2.600", 
   "id": "f000007", 
   "language": "en", 
   "lines": [
    "is"
   ]
  }, 
  {
   "begin": "2.600", 
   "end": "3.120", 
   "id": "f000008", 
   "language": "en", 
   "lines": [
    "a"
   ]
  }, 
  {
   "begin": "3.120", 
   "end": "3.640", 
   "id": "f000009", 
   "language": "en", 
   "lines": [
    "narrow"
   ]
  }, 
  {
   "begin": "3.640", 
   "end": "4.880", 
   "id": "f000010", 
   "language": "en", 
   "lines": [
    "lane."
   ]
  }, 
  {
   "begin": "4.880", 
   "end": "5.080", 
   "id": "f000011", 
   "language": "en", 
   "lines": [
    "I"
   ]
  }, 
  {
   "begin": "5.080", 
   "end": "5.320", 
   "id": "f000012", 
   "language": "en", 
   "lines": [
    "can"
   ]
  }, 
  {
   "begin": "5.320", 
   "end": "5.680", 
   "id": "f000013", 
   "language": "en", 
   "lines": [
    "see"
   ]
  }, 
  {
   "begin": "5.680", 
   "end": "6.440", 
   "id": "f000014", 
   "language": "en", 
   "lines": [
    "crowds"
   ]
  }, 
  {
   "begin": "6.440", 
   "end": "6.760", 
   "id": "f000015", 
   "language": "en", 
   "lines": [
    "up"
   ]
  }, 
  {
   "begin": "6.760", 
   "end": "7.280", 
   "id": "f000016", 
   "language": "en", 
   "lines": [
    "ahead."
   ]
  }, 
  {
   "begin": "7.280", 
   "end": "7.280", 
   "id": "f000017", 
   "language": "en", 
   "lines": [
    "There"
   ]
  }, 
  {
   "begin": "7.280", 
   "end": "8.200", 
   "id": "f000018", 
   "language": "en", 
   "lines": [
    "is"
   ]
  }, 
  {
   "begin": "8.200", 
   "end": "8.840", 
   "id": "f000019", 
   "language": "en", 
   "lines": [
    "a"
   ]
  }, 
  {
   "begin": "8.840", 
   "end": "9.520", 
   "id": "f000020", 
   "language": "en", 
   "lines": [
    "big"
   ]
  }, 
  {
   "begin": "9.520", 
   "end": "10.040", 
   "id": "f000021", 
   "language": "en", 
   "lines": [
    "road"
   ]
  }, 
  {
   "begin": "10.040", 
   "end": "10.520", 
   "id": "f000022", 
   "language": "en", 
   "lines": [
    "there."
   ]
  }
 ]
}