{"id":164,"name":"Hyena and Raven","writtenby":"Ann Nduku","illustrationsby":"Wiehan de  Jager","translationby":"","source":"Pratham Books","status":"active","level":2,"pages":[{"id":1907,"content":"Hyena and Raven were once great friends, \neven though they were quite different in some ways. Raven could fly but Hyena was only able to walk.","pageno":1,"image":"dbd1365424fa832d8092f9481182c840.jpg","audio":"492ae0376167aaf10e130d19ba2bd8d6.mp3","audio_map":"74380cf5d8772362b84de38bf14f1481.json","language":[]},{"id":1908,"content":"One day Hyena, curious to know something about his friend, asked Raven, \u201cWhat is this white thing which is always below your neck?\u201d","pageno":2,"image":"27a9f756903ee7dc0c748b6d2c36c01b.jpg","audio":"46460a63fc09c0171ae24ceff26bc2d7.mp3","audio_map":"e5dd0992b966f1d3f80d3c8399398859.json","language":[]},{"id":1909,"content":"Raven answered, \u201cIt is the fatty meat which I usually eat in the sky. I have been eating it for so long now it is stuck on my neck.\u201d\nOn hearing about meat, saliva started pouring out of Hyena\u2019s mouth for he was greedy and he loved meat very much.\nHyena really wanted to eat that meat. But how could he reach the meat in the sky if he had no wings to fly?\n\u201cPlease my friend,\u201d he asked Raven, \u201clend me some feathers so that I can make myself some wings. I really want to be able to fly like you.\u201d","pageno":3,"image":"7769d8b31b1779b47934ef3ee2f5d80c.jpg","audio":"07728b420825a14866522234b9907952.mp3","audio_map":"67b9492e3d157c612a2b309f3c70ca99.json","language":[]},{"id":1910,"content":"Raven was not mean, so he gave him some feathers. Hyena sewed them together into wings. He fastened them to his body, and tried to take off into the sky. But he was far too heavy for the few feathers to carry him. So he had to think of another plan.","pageno":4,"image":"dd9f890fec2fb56928f9871263734125.jpg","audio":"e4da3eb5a6a11bbab5b14df87454b56f.mp3","audio_map":"739622c5d74ee9e670efd9bed9938a15.json","language":[]},{"id":1911,"content":"\u201cPlease my friend,\u201d he asked Raven, \u201ccould I hold onto your tail as you fly up into the sky?\u201d\n\u201cAll right,\u201d said Raven. \u201cI know how much you want to fly. Let\u2019s do it tomorrow morning.\u201d\n\nWhen day came, Hyena took hold of Raven\u2019s tail and Raven flew up into the sky.","pageno":5,"image":"7e5def6e829fc2531b6911b795e12284.jpg","audio":"4f9e703c21869b8f0ab6ce1cc4417145.mp3","audio_map":"a00c042a9d436de52858b11273952cee.json","language":[]},{"id":1912,"content":"Raven flew and flew and flew until he was exhausted. But Hyena said, \u201cJust a little \nfurther, my friend!\u201d He could see the white \nand fatty meat just above them, and his \nmouth was watering.","pageno":6,"image":"9a9e091fd0af04a6bdb22f9b335f54ad.jpg","audio":"343fa52d1557dd67c283cd009816c594.mp3","audio_map":"57f3a0eecad762c00a53b968b945eab3.json","language":[]},{"id":1913,"content":"When they reached the first piece of fatty meat, Hyena felt a jerk. One of Raven\u2019s tail feathers came off in his hand! Then there was another jerk, and another.","pageno":7,"image":"f481cec441970535d30613b10b595109.jpg","audio":"c1392f4456836c91c213b91b8377b612.mp3","audio_map":"a68abc3fc256abacb8640e64a7108635.json","language":[]},{"id":1914,"content":"Raven felt much lighter, and the ache in his tail was going. He sang: Raven\u2019s feathers, unpluck yourselves. Raven\u2019s feathers, unpluck yourselves.\nIn response, Hyena sang the opposite: Raven\u2019s feathers hold on, don\u2019t unpluck yourselves. Raven\u2019s feathers hold on, don\u2019t unpluck yourselves.","pageno":8,"image":"b57e81796fce50351343a9f2149dd64a.jpg","audio":"bd56ee85bb87938595daa24950260a7c.mp3","audio_map":"c7d614de0e3491a37d8147e5d606bfd0.json","language":[]},{"id":1915,"content":"Finally, the feathers could not hold Hyena anymore. He was in the middle of nowhere in the sky. He jumped onto the fatty meat thinking that as he ate, the fatty meat would hold him. But as he tried to hold and eat the \u2018meat\u2019, all he felt was moist cloud!","pageno":9,"image":"7d53475d74f1ed873bdefbcb6688c70b.jpg","audio":"4300d780f575958cc0b4408ec391884d.mp3","audio_map":"93e35a831e8f31883db76a939776caaa.json","language":[]},{"id":1916,"content":"By now he was falling fast. \n\u201cHelp, help!\u201d he shouted. \nBut no one could hear him. \nRaven was lost in the clouds.","pageno":10,"image":"7745352d5a410853931ed5f84ab69ae7.jpg","audio":"b14c6a22757d09c2d9ad5334a5019faa.mp3","audio_map":"6a4ddcafa399c59a2c485041e3464937.json","language":[]},{"id":1917,"content":"Hyena fell on the ground with a crash and lay silent for some minutes. He woke up howling in pain, with a broken leg and dark scars all over his body.","pageno":11,"image":"2a200981520e76b7c2d11ae49a635553.jpg","audio":"6f8a65b29d4a2b3f5159bd4f1c7796d5.mp3","audio_map":"90da07cd97313d58671d10d82d979a2d.json","language":[]},{"id":1918,"content":"From that day to now, Hyena limps and he \nhas many scars on his body. He has never \nbeen able to fly. And he and Raven are no longer friends.","pageno":12,"image":"e7147ef74e8fec06b43d79d4fe2f091d.jpg","audio":"31d5d4f84741a694e55f9d16ea9d9280.mp3","audio_map":"518024b7ff8b7d7885ac4b4642f97c00.json","language":[]}],"language":[],"questions":[{"id":5717,"type":"pre","storypage_id":0,"order_number":1,"title":"Learning new words","question":{"question_type":"vocabulary","question":{"text":"Learning new words","image":"","type":"text"},"words":[{"word":"hyena","image":"18ec2c014c869924d275faffc4175a47.png"},{"word":"raven","image":"32092ab84cd9d2f760f5543c58e4a099.png"},{"word":"feathers","image":"e9b1ac9f42a4824cd36921b2442e609c.png"},{"word":"crash","image":"df5cb8ad99f4221ded9651af4d26ce6c.png"}]},"score":1,"question_template_id":21,"question_template":"Vocab"},{"id":5914,"type":"pre","storypage_id":0,"order_number":2,"title":"What do you think this story is about?","question":{"question_type":"mcq_single_answer","question":{"text":"What do you think this story is about?","image":"","type":"text"},"options":[{"text":"Animals","type":"text","image":"","ans":1},{"text":"Birds","type":"text","image":"","ans":1},{"text":"Africa","type":"text","image":"","ans":0},{"text":"Cheese","type":"text","image":"","ans":0}],"answers":["Animals","Birds"]},"score":1,"question_template_id":2,"question_template":"Text MCQ"},{"id":5915,"type":"during","storypage_id":1907,"order_number":1,"title":"Choose the correct answer.","question":{"question_type":"mcq_single_answer","question":{"text":"What could Raven do that Hyena could not?","image":"","type":"text"},"options":[{"text":"Fly","type":"both","image":"9d9309858ae413b6931aa392f00bcb48.png","ans":1},{"text":"Walk","type":"both","image":"fda7fa105ee9ee8fd721786e70bc067c.png","ans":0},{"text":"Dance","type":"both","image":"891ef7c3af9b59f30d671b328b562ce0.png","ans":0},{"text":"Sing","type":"both","image":"e788355b7086b8698ddb484e7a44274a.png","ans":0}],"answers":["Fly"]},"score":1,"question_template_id":2,"question_template":"Text MCQ"},{"id":5916,"type":"during","storypage_id":1908,"order_number":2,"title":"Choose the correct answer.","question":{"question_type":"mcq_single_answer","question":{"text":"What was Hyena curious about?","image":"","type":"text"},"options":[{"text":"Raven's white thing","type":"both","image":"d0d97737d8757b5a8bff2e33d6f57cf7.png","ans":1},{"text":"Raven's wings","type":"both","image":"180dd9a26c65c99b211e294f4d495bea.png","ans":0},{"text":"Raven's feet","type":"both","image":"67382f7496b704a51d948d900e21e2eb.png","ans":0},{"text":"Raven's beak","type":"both","image":"debb5e6dd679c2cd7e1a287e22c87a2d.png","ans":0}],"answers":["Raven's white thing"]},"score":1,"question_template_id":2,"question_template":"Text MCQ"},{"id":5917,"type":"during","storypage_id":1909,"order_number":3,"title":"Choose the correct answer.","question":{"question_type":"mcq_single_answer","question":{"text":"What did Hyena like to eat a lot?","image":"","type":"text"},"options":[{"text":"Meat","type":"both","image":"4f11d8293a40ae08c22d976a1777212d.png","ans":1},{"text":"Vegetables","type":"both","image":"bd09ab6c47a396769d5ec133ecbace48.png","ans":0},{"text":"Fish","type":"both","image":"0888667fd9ab6fd152d09281600e03cc.png","ans":0},{"text":"Eggs","type":"both","image":"281a7d422f83bd56cacec8a12c57e777.png","ans":0}],"answers":["Meat"]},"score":1,"question_template_id":2,"question_template":"Text MCQ"},{"id":5918,"type":"during","storypage_id":1910,"order_number":4,"title":"Choose the correct answer.","question":{"question_type":"mcq_single_answer","question":{"text":"What did Hyena use to make himself wings?","image":"","type":"text"},"options":[{"text":"Raven's feathers","type":"both","image":"0ef40dd9f675f0cae4ddc8e41b72bb9d.png","ans":1},{"text":"Raven's white thing","type":"both","image":"9ed342cc4aaaab3fe150fcb14475863d.png","ans":0},{"text":"Raven's legs","type":"both","image":"847a0445dc9ed1540acd84272f133553.png","ans":0},{"text":"Raven's feet","type":"both","image":"dc31c75f61d56557a8ce09fcab26dcb4.png","ans":0}],"answers":["Raven's feathers"]},"score":1,"question_template_id":2,"question_template":"Text MCQ"},{"id":5919,"type":"during","storypage_id":1911,"order_number":5,"title":"Choose the correct answer.","question":{"question_type":"mcq_single_answer","question":{"text":"What part of Raven did Hyena hold on to?","image":"","type":"text"},"options":[{"text":"His tail","type":"both","image":"cd16c183eb36925594e2ea18bb93f3b1.png","ans":1},{"text":"His wings","type":"both","image":"7c7825c14b26d790eb44c83e34ac5a24.png","ans":0},{"text":"His legs","type":"both","image":"314b37f09e31e97ff2218d24beec3e7d.png","ans":0},{"text":"His feet","type":"both","image":"18234570c785f0223be0fdd6ac4bba41.png","ans":0}],"answers":["His tail"]},"score":1,"question_template_id":2,"question_template":"Text MCQ"},{"id":5920,"type":"during","storypage_id":1915,"order_number":6,"title":"Choose the correct answer.","question":{"question_type":"mcq_single_answer","question":{"text":"What did the \"fatty meat\" in the sky turn out to be?","image":"","type":"text"},"options":[{"text":"A cloud","type":"both","image":"ff91a959e00844c693cbbb6691a09d25.png","ans":1},{"text":"Actual meat","type":"both","image":"30d3310265bdbc3359f3ae1a378f26eb.png","ans":0},{"text":"Chicken","type":"both","image":"3c4678eecbe6d1254dd623c635ee15bc.png","ans":0},{"text":"A vegetable","type":"both","image":"7b960e7ce803211106a1f0dc8564ca08.png","ans":0}],"answers":["A cloud"]},"score":1,"question_template_id":2,"question_template":"Text MCQ"},{"id":6201,"type":"during","storypage_id":1918,"order_number":7,"title":"Choose the right option.","question":{"question_type":"mcq_single_answer","question":{"text":"What word would you use to describe the raven?","image":"","type":"text"},"options":[{"text":"A trickster","type":"text","image":"","ans":1},{"text":"A saint","type":"text","image":"","ans":0}],"answers":["A trickster"]},"score":1,"question_template_id":2,"question_template":"Text MCQ"}]}