{
 "fragments": [
  {
   "begin": "0.000", 
   "end": "0.560", 
   "id": "f000001", 
   "language": "en", 
   "lines": [
    "From"
   ]
  }, 
  {
   "begin": "0.560", 
   "end": "1.000", 
   "id": "f000002", 
   "language": "en", 
   "lines": [
    "that"
   ]
  }, 
  {
   "begin": "1.000", 
   "end": "1.240", 
   "id": "f000003", 
   "language": "en", 
   "lines": [
    "day"
   ]
  }, 
  {
   "begin": "1.240", 
   "end": "1.360", 
   "id": "f000004", 
   "language": "en", 
   "lines": [
    "to"
   ]
  }, 
  {
   "begin": "1.360", 
   "end": "2.160", 
   "id": "f000005", 
   "language": "en", 
   "lines": [
    "now,"
   ]
  }, 
  {
   "begin": "2.160", 
   "end": "2.640", 
   "id": "f000006", 
   "language": "en", 
   "lines": [
    "Hyena"
   ]
  }, 
  {
   "begin": "2.640", 
   "end": "3.200", 
   "id": "f000007", 
   "language": "en", 
   "lines": [
    "limps"
   ]
  }, 
  {
   "begin": "3.200", 
   "end": "3.560", 
   "id": "f000008", 
   "language": "en", 
   "lines": [
    "and"
   ]
  }, 
  {
   "begin": "3.560", 
   "end": "3.560", 
   "id": "f000009", 
   "language": "en", 
   "lines": [
    "he"
   ]
  }, 
  {
   "begin": "3.560", 
   "end": "3.560", 
   "id": "f000010", 
   "language": "en", 
   "lines": [
    ""
   ]
  }, 
  {
   "begin": "3.560", 
   "end": "4.280", 
   "id": "f000011", 
   "language": "en", 
   "lines": [
    "\nhas"
   ]
  }, 
  {
   "begin": "4.280", 
   "end": "4.760", 
   "id": "f000012", 
   "language": "en", 
   "lines": [
    "many"
   ]
  }, 
  {
   "begin": "4.760", 
   "end": "5.360", 
   "id": "f000013", 
   "language": "en", 
   "lines": [
    "scars"
   ]
  }, 
  {
   "begin": "5.360", 
   "end": "5.400", 
   "id": "f000014", 
   "language": "en", 
   "lines": [
    "on"
   ]
  }, 
  {
   "begin": "5.400", 
   "end": "5.600", 
   "id": "f000015", 
   "language": "en", 
   "lines": [
    "his"
   ]
  }, 
  {
   "begin": "5.600", 
   "end": "5.960", 
   "id": "f000016", 
   "language": "en", 
   "lines": [
    "body."
   ]
  }, 
  {
   "begin": "5.960", 
   "end": "6.800", 
   "id": "f000017", 
   "language": "en", 
   "lines": [
    "He"
   ]
  }, 
  {
   "begin": "6.800", 
   "end": "7.240", 
   "id": "f000018", 
   "language": "en", 
   "lines": [
    "has"
   ]
  }, 
  {
   "begin": "7.240", 
   "end": "7.560", 
   "id": "f000019", 
   "language": "en", 
   "lines": [
    "never"
   ]
  }, 
  {
   "begin": "7.560", 
   "end": "7.560", 
   "id": "f000020", 
   "language": "en", 
   "lines": [
    ""
   ]
  }, 
  {
   "begin": "7.560", 
   "end": "7.840", 
   "id": "f000021", 
   "language": "en", 
   "lines": [
    "\nbeen"
   ]
  }, 
  {
   "begin": "7.840", 
   "end": "8.120", 
   "id": "f000022", 
   "language": "en", 
   "lines": [
    "able"
   ]
  }, 
  {
   "begin": "8.120", 
   "end": "8.200", 
   "id": "f000023", 
   "language": "en", 
   "lines": [
    "to"
   ]
  }, 
  {
   "begin": "8.200", 
   "end": "9.400", 
   "id": "f000024", 
   "language": "en", 
   "lines": [
    "fly."
   ]
  }, 
  {
   "begin": "9.400", 
   "end": "9.640", 
   "id": "f000025", 
   "language": "en", 
   "lines": [
    "And"
   ]
  }, 
  {
   "begin": "9.640", 
   "end": "10.000", 
   "id": "f000026", 
   "language": "en", 
   "lines": [
    "he"
   ]
  }, 
  {
   "begin": "10.000", 
   "end": "10.400", 
   "id": "f000027", 
   "language": "en", 
   "lines": [
    "and"
   ]
  }, 
  {
   "begin": "10.400", 
   "end": "10.680", 
   "id": "f000028", 
   "language": "en", 
   "lines": [
    "Raven"
   ]
  }, 
  {
   "begin": "10.680", 
   "end": "11.000", 
   "id": "f000029", 
   "language": "en", 
   "lines": [
    "are"
   ]
  }, 
  {
   "begin": "11.000", 
   "end": "11.200", 
   "id": "f000030", 
   "language": "en", 
   "lines": [
    "no"
   ]
  }, 
  {
   "begin": "11.200", 
   "end": "11.800", 
   "id": "f000031", 
   "language": "en", 
   "lines": [
    "longer"
   ]
  }, 
  {
   "begin": "11.800", 
   "end": "12.920", 
   "id": "f000032", 
   "language": "en", 
   "lines": [
    "friends."
   ]
  }
 ]
}