{
 "fragments": [
  {
   "begin": "0.000", 
   "end": "0.760", 
   "id": "f000001", 
   "language": "en", 
   "lines": [
    "Raven"
   ]
  }, 
  {
   "begin": "0.760", 
   "end": "1.320", 
   "id": "f000002", 
   "language": "en", 
   "lines": [
    "flew"
   ]
  }, 
  {
   "begin": "1.320", 
   "end": "1.800", 
   "id": "f000003", 
   "language": "en", 
   "lines": [
    "and"
   ]
  }, 
  {
   "begin": "1.800", 
   "end": "2.440", 
   "id": "f000004", 
   "language": "en", 
   "lines": [
    "flew"
   ]
  }, 
  {
   "begin": "2.440", 
   "end": "2.760", 
   "id": "f000005", 
   "language": "en", 
   "lines": [
    "and"
   ]
  }, 
  {
   "begin": "2.760", 
   "end": "3.800", 
   "id": "f000006", 
   "language": "en", 
   "lines": [
    "flew"
   ]
  }, 
  {
   "begin": "3.800", 
   "end": "4.200", 
   "id": "f000007", 
   "language": "en", 
   "lines": [
    "until"
   ]
  }, 
  {
   "begin": "4.200", 
   "end": "4.360", 
   "id": "f000008", 
   "language": "en", 
   "lines": [
    "he"
   ]
  }, 
  {
   "begin": "4.360", 
   "end": "4.720", 
   "id": "f000009", 
   "language": "en", 
   "lines": [
    "was"
   ]
  }, 
  {
   "begin": "4.720", 
   "end": "5.320", 
   "id": "f000010", 
   "language": "en", 
   "lines": [
    "exhausted."
   ]
  }, 
  {
   "begin": "5.320", 
   "end": "6.600", 
   "id": "f000011", 
   "language": "en", 
   "lines": [
    "But"
   ]
  }, 
  {
   "begin": "6.600", 
   "end": "7.120", 
   "id": "f000012", 
   "language": "en", 
   "lines": [
    "Hyena"
   ]
  }, 
  {
   "begin": "7.120", 
   "end": "7.600", 
   "id": "f000013", 
   "language": "en", 
   "lines": [
    "said,"
   ]
  }, 
  {
   "begin": "7.600", 
   "end": "8.800", 
   "id": "f000014", 
   "language": "en", 
   "lines": [
    "\u201cJust"
   ]
  }, 
  {
   "begin": "8.800", 
   "end": "8.840", 
   "id": "f000015", 
   "language": "en", 
   "lines": [
    "a"
   ]
  }, 
  {
   "begin": "8.840", 
   "end": "9.480", 
   "id": "f000016", 
   "language": "en", 
   "lines": [
    "little"
   ]
  }, 
  {
   "begin": "9.480", 
   "end": "9.520", 
   "id": "f000017", 
   "language": "en", 
   "lines": [
    ""
   ]
  }, 
  {
   "begin": "9.520", 
   "end": "10.280", 
   "id": "f000018", 
   "language": "en", 
   "lines": [
    "\nfurther,"
   ]
  }, 
  {
   "begin": "10.280", 
   "end": "10.640", 
   "id": "f000019", 
   "language": "en", 
   "lines": [
    "my"
   ]
  }, 
  {
   "begin": "10.640", 
   "end": "11.440", 
   "id": "f000020", 
   "language": "en", 
   "lines": [
    "friend!\u201d"
   ]
  }, 
  {
   "begin": "11.440", 
   "end": "11.600", 
   "id": "f000021", 
   "language": "en", 
   "lines": [
    "He"
   ]
  }, 
  {
   "begin": "11.600", 
   "end": "12.520", 
   "id": "f000022", 
   "language": "en", 
   "lines": [
    "could"
   ]
  }, 
  {
   "begin": "12.520", 
   "end": "12.760", 
   "id": "f000023", 
   "language": "en", 
   "lines": [
    "see"
   ]
  }, 
  {
   "begin": "12.760", 
   "end": "13.000", 
   "id": "f000024", 
   "language": "en", 
   "lines": [
    "the"
   ]
  }, 
  {
   "begin": "13.000", 
   "end": "13.280", 
   "id": "f000025", 
   "language": "en", 
   "lines": [
    "white"
   ]
  }, 
  {
   "begin": "13.280", 
   "end": "13.280", 
   "id": "f000026", 
   "language": "en", 
   "lines": [
    ""
   ]
  }, 
  {
   "begin": "13.280", 
   "end": "13.560", 
   "id": "f000027", 
   "language": "en", 
   "lines": [
    "\nand"
   ]
  }, 
  {
   "begin": "13.560", 
   "end": "14.200", 
   "id": "f000028", 
   "language": "en", 
   "lines": [
    "fatty"
   ]
  }, 
  {
   "begin": "14.200", 
   "end": "14.600", 
   "id": "f000029", 
   "language": "en", 
   "lines": [
    "meat"
   ]
  }, 
  {
   "begin": "14.600", 
   "end": "15.000", 
   "id": "f000030", 
   "language": "en", 
   "lines": [
    "just"
   ]
  }, 
  {
   "begin": "15.000", 
   "end": "15.360", 
   "id": "f000031", 
   "language": "en", 
   "lines": [
    "above"
   ]
  }, 
  {
   "begin": "15.360", 
   "end": "15.520", 
   "id": "f000032", 
   "language": "en", 
   "lines": [
    "them,"
   ]
  }, 
  {
   "begin": "15.520", 
   "end": "16.400", 
   "id": "f000033", 
   "language": "en", 
   "lines": [
    "and"
   ]
  }, 
  {
   "begin": "16.400", 
   "end": "16.720", 
   "id": "f000034", 
   "language": "en", 
   "lines": [
    "his"
   ]
  }, 
  {
   "begin": "16.720", 
   "end": "16.720", 
   "id": "f000035", 
   "language": "en", 
   "lines": [
    ""
   ]
  }, 
  {
   "begin": "16.720", 
   "end": "17.120", 
   "id": "f000036", 
   "language": "en", 
   "lines": [
    "\nmouth"
   ]
  }, 
  {
   "begin": "17.120", 
   "end": "17.360", 
   "id": "f000037", 
   "language": "en", 
   "lines": [
    "was"
   ]
  }, 
  {
   "begin": "17.360", 
   "end": "18.240", 
   "id": "f000038", 
   "language": "en", 
   "lines": [
    "watering."
   ]
  }
 ]
}