{
 "fragments": [
  {
   "begin": "0.000", 
   "end": "0.760", 
   "id": "f000001", 
   "language": "en", 
   "lines": [
    "Raven"
   ]
  }, 
  {
   "begin": "0.760", 
   "end": "1.280", 
   "id": "f000002", 
   "language": "en", 
   "lines": [
    "answered,"
   ]
  }, 
  {
   "begin": "1.280", 
   "end": "1.960", 
   "id": "f000003", 
   "language": "en", 
   "lines": [
    "\u201cIt"
   ]
  }, 
  {
   "begin": "1.960", 
   "end": "2.280", 
   "id": "f000004", 
   "language": "en", 
   "lines": [
    "is"
   ]
  }, 
  {
   "begin": "2.280", 
   "end": "2.360", 
   "id": "f000005", 
   "language": "en", 
   "lines": [
    "the"
   ]
  }, 
  {
   "begin": "2.360", 
   "end": "2.840", 
   "id": "f000006", 
   "language": "en", 
   "lines": [
    "fatty"
   ]
  }, 
  {
   "begin": "2.840", 
   "end": "3.280", 
   "id": "f000007", 
   "language": "en", 
   "lines": [
    "meat"
   ]
  }, 
  {
   "begin": "3.280", 
   "end": "3.520", 
   "id": "f000008", 
   "language": "en", 
   "lines": [
    "which"
   ]
  }, 
  {
   "begin": "3.520", 
   "end": "3.840", 
   "id": "f000009", 
   "language": "en", 
   "lines": [
    "I"
   ]
  }, 
  {
   "begin": "3.840", 
   "end": "4.360", 
   "id": "f000010", 
   "language": "en", 
   "lines": [
    "usually"
   ]
  }, 
  {
   "begin": "4.360", 
   "end": "4.680", 
   "id": "f000011", 
   "language": "en", 
   "lines": [
    "eat"
   ]
  }, 
  {
   "begin": "4.680", 
   "end": "4.680", 
   "id": "f000012", 
   "language": "en", 
   "lines": [
    "in"
   ]
  }, 
  {
   "begin": "4.680", 
   "end": "4.960", 
   "id": "f000013", 
   "language": "en", 
   "lines": [
    "the"
   ]
  }, 
  {
   "begin": "4.960", 
   "end": "5.160", 
   "id": "f000014", 
   "language": "en", 
   "lines": [
    "sky."
   ]
  }, 
  {
   "begin": "5.160", 
   "end": "6.040", 
   "id": "f000015", 
   "language": "en", 
   "lines": [
    "I"
   ]
  }, 
  {
   "begin": "6.040", 
   "end": "6.560", 
   "id": "f000016", 
   "language": "en", 
   "lines": [
    "have"
   ]
  }, 
  {
   "begin": "6.560", 
   "end": "6.840", 
   "id": "f000017", 
   "language": "en", 
   "lines": [
    "been"
   ]
  }, 
  {
   "begin": "6.840", 
   "end": "7.040", 
   "id": "f000018", 
   "language": "en", 
   "lines": [
    "eating"
   ]
  }, 
  {
   "begin": "7.040", 
   "end": "7.120", 
   "id": "f000019", 
   "language": "en", 
   "lines": [
    "it"
   ]
  }, 
  {
   "begin": "7.120", 
   "end": "7.360", 
   "id": "f000020", 
   "language": "en", 
   "lines": [
    "for"
   ]
  }, 
  {
   "begin": "7.360", 
   "end": "8.080", 
   "id": "f000021", 
   "language": "en", 
   "lines": [
    "so"
   ]
  }, 
  {
   "begin": "8.080", 
   "end": "8.280", 
   "id": "f000022", 
   "language": "en", 
   "lines": [
    "long"
   ]
  }, 
  {
   "begin": "8.280", 
   "end": "8.680", 
   "id": "f000023", 
   "language": "en", 
   "lines": [
    "now"
   ]
  }, 
  {
   "begin": "8.680", 
   "end": "9.000", 
   "id": "f000024", 
   "language": "en", 
   "lines": [
    "it"
   ]
  }, 
  {
   "begin": "9.000", 
   "end": "9.520", 
   "id": "f000025", 
   "language": "en", 
   "lines": [
    "is"
   ]
  }, 
  {
   "begin": "9.520", 
   "end": "9.680", 
   "id": "f000026", 
   "language": "en", 
   "lines": [
    "stuck"
   ]
  }, 
  {
   "begin": "9.680", 
   "end": "9.720", 
   "id": "f000027", 
   "language": "en", 
   "lines": [
    "on"
   ]
  }, 
  {
   "begin": "9.720", 
   "end": "10.120", 
   "id": "f000028", 
   "language": "en", 
   "lines": [
    "my"
   ]
  }, 
  {
   "begin": "10.120", 
   "end": "11.440", 
   "id": "f000029", 
   "language": "en", 
   "lines": [
    "neck.\u201d\n"
   ]
  }, 
  {
   "begin": "11.440", 
   "end": "11.600", 
   "id": "f000030", 
   "language": "en", 
   "lines": [
    "On"
   ]
  }, 
  {
   "begin": "11.600", 
   "end": "12.120", 
   "id": "f000031", 
   "language": "en", 
   "lines": [
    "hearing"
   ]
  }, 
  {
   "begin": "12.120", 
   "end": "12.720", 
   "id": "f000032", 
   "language": "en", 
   "lines": [
    "about"
   ]
  }, 
  {
   "begin": "12.720", 
   "end": "13.520", 
   "id": "f000033", 
   "language": "en", 
   "lines": [
    "meat,"
   ]
  }, 
  {
   "begin": "13.520", 
   "end": "14.120", 
   "id": "f000034", 
   "language": "en", 
   "lines": [
    "saliva"
   ]
  }, 
  {
   "begin": "14.120", 
   "end": "14.600", 
   "id": "f000035", 
   "language": "en", 
   "lines": [
    "started"
   ]
  }, 
  {
   "begin": "14.600", 
   "end": "15.040", 
   "id": "f000036", 
   "language": "en", 
   "lines": [
    "pouring"
   ]
  }, 
  {
   "begin": "15.040", 
   "end": "15.080", 
   "id": "f000037", 
   "language": "en", 
   "lines": [
    "out"
   ]
  }, 
  {
   "begin": "15.080", 
   "end": "15.360", 
   "id": "f000038", 
   "language": "en", 
   "lines": [
    "of"
   ]
  }, 
  {
   "begin": "15.360", 
   "end": "15.960", 
   "id": "f000039", 
   "language": "en", 
   "lines": [
    "Hyena\u2019s"
   ]
  }, 
  {
   "begin": "15.960", 
   "end": "16.960", 
   "id": "f000040", 
   "language": "en", 
   "lines": [
    "mouth"
   ]
  }, 
  {
   "begin": "16.960", 
   "end": "17.080", 
   "id": "f000041", 
   "language": "en", 
   "lines": [
    "for"
   ]
  }, 
  {
   "begin": "17.080", 
   "end": "17.240", 
   "id": "f000042", 
   "language": "en", 
   "lines": [
    "he"
   ]
  }, 
  {
   "begin": "17.240", 
   "end": "17.520", 
   "id": "f000043", 
   "language": "en", 
   "lines": [
    "was"
   ]
  }, 
  {
   "begin": "17.520", 
   "end": "18.520", 
   "id": "f000044", 
   "language": "en", 
   "lines": [
    "greedy"
   ]
  }, 
  {
   "begin": "18.520", 
   "end": "18.680", 
   "id": "f000045", 
   "language": "en", 
   "lines": [
    "and"
   ]
  }, 
  {
   "begin": "18.680", 
   "end": "18.920", 
   "id": "f000046", 
   "language": "en", 
   "lines": [
    "he"
   ]
  }, 
  {
   "begin": "18.920", 
   "end": "19.320", 
   "id": "f000047", 
   "language": "en", 
   "lines": [
    "loved"
   ]
  }, 
  {
   "begin": "19.320", 
   "end": "19.720", 
   "id": "f000048", 
   "language": "en", 
   "lines": [
    "meat"
   ]
  }, 
  {
   "begin": "19.720", 
   "end": "20.160", 
   "id": "f000049", 
   "language": "en", 
   "lines": [
    "very"
   ]
  }, 
  {
   "begin": "20.160", 
   "end": "20.640", 
   "id": "f000050", 
   "language": "en", 
   "lines": [
    "much.\n"
   ]
  }, 
  {
   "begin": "20.640", 
   "end": "22.480", 
   "id": "f000051", 
   "language": "en", 
   "lines": [
    "Hyena"
   ]
  }, 
  {
   "begin": "22.480", 
   "end": "22.920", 
   "id": "f000052", 
   "language": "en", 
   "lines": [
    "really"
   ]
  }, 
  {
   "begin": "22.920", 
   "end": "23.320", 
   "id": "f000053", 
   "language": "en", 
   "lines": [
    "wanted"
   ]
  }, 
  {
   "begin": "23.320", 
   "end": "23.480", 
   "id": "f000054", 
   "language": "en", 
   "lines": [
    "to"
   ]
  }, 
  {
   "begin": "23.480", 
   "end": "23.720", 
   "id": "f000055", 
   "language": "en", 
   "lines": [
    "eat"
   ]
  }, 
  {
   "begin": "23.720", 
   "end": "23.960", 
   "id": "f000056", 
   "language": "en", 
   "lines": [
    "that"
   ]
  }, 
  {
   "begin": "23.960", 
   "end": "24.280", 
   "id": "f000057", 
   "language": "en", 
   "lines": [
    "meat."
   ]
  }, 
  {
   "begin": "24.280", 
   "end": "24.400", 
   "id": "f000058", 
   "language": "en", 
   "lines": [
    "But"
   ]
  }, 
  {
   "begin": "24.400", 
   "end": "25.680", 
   "id": "f000059", 
   "language": "en", 
   "lines": [
    "how"
   ]
  }, 
  {
   "begin": "25.680", 
   "end": "25.880", 
   "id": "f000060", 
   "language": "en", 
   "lines": [
    "could"
   ]
  }, 
  {
   "begin": "25.880", 
   "end": "26.040", 
   "id": "f000061", 
   "language": "en", 
   "lines": [
    "he"
   ]
  }, 
  {
   "begin": "26.040", 
   "end": "26.400", 
   "id": "f000062", 
   "language": "en", 
   "lines": [
    "reach"
   ]
  }, 
  {
   "begin": "26.400", 
   "end": "26.520", 
   "id": "f000063", 
   "language": "en", 
   "lines": [
    "the"
   ]
  }, 
  {
   "begin": "26.520", 
   "end": "26.800", 
   "id": "f000064", 
   "language": "en", 
   "lines": [
    "meat"
   ]
  }, 
  {
   "begin": "26.800", 
   "end": "26.840", 
   "id": "f000065", 
   "language": "en", 
   "lines": [
    "in"
   ]
  }, 
  {
   "begin": "26.840", 
   "end": "27.120", 
   "id": "f000066", 
   "language": "en", 
   "lines": [
    "the"
   ]
  }, 
  {
   "begin": "27.120", 
   "end": "27.560", 
   "id": "f000067", 
   "language": "en", 
   "lines": [
    "sky"
   ]
  }, 
  {
   "begin": "27.560", 
   "end": "27.880", 
   "id": "f000068", 
   "language": "en", 
   "lines": [
    "if"
   ]
  }, 
  {
   "begin": "27.880", 
   "end": "28.360", 
   "id": "f000069", 
   "language": "en", 
   "lines": [
    "he"
   ]
  }, 
  {
   "begin": "28.360", 
   "end": "28.400", 
   "id": "f000070", 
   "language": "en", 
   "lines": [
    "had"
   ]
  }, 
  {
   "begin": "28.400", 
   "end": "28.680", 
   "id": "f000071", 
   "language": "en", 
   "lines": [
    "no"
   ]
  }, 
  {
   "begin": "28.680", 
   "end": "29.000", 
   "id": "f000072", 
   "language": "en", 
   "lines": [
    "wings"
   ]
  }, 
  {
   "begin": "29.000", 
   "end": "29.080", 
   "id": "f000073", 
   "language": "en", 
   "lines": [
    "to"
   ]
  }, 
  {
   "begin": "29.080", 
   "end": "29.600", 
   "id": "f000074", 
   "language": "en", 
   "lines": [
    "fly?\n"
   ]
  }, 
  {
   "begin": "29.600", 
   "end": "31.200", 
   "id": "f000075", 
   "language": "en", 
   "lines": [
    "\u201cPlease"
   ]
  }, 
  {
   "begin": "31.200", 
   "end": "31.480", 
   "id": "f000076", 
   "language": "en", 
   "lines": [
    "my"
   ]
  }, 
  {
   "begin": "31.480", 
   "end": "32.920", 
   "id": "f000077", 
   "language": "en", 
   "lines": [
    "friend,\u201d"
   ]
  }, 
  {
   "begin": "32.920", 
   "end": "33.200", 
   "id": "f000078", 
   "language": "en", 
   "lines": [
    "he"
   ]
  }, 
  {
   "begin": "33.200", 
   "end": "33.760", 
   "id": "f000079", 
   "language": "en", 
   "lines": [
    "asked"
   ]
  }, 
  {
   "begin": "33.760", 
   "end": "33.960", 
   "id": "f000080", 
   "language": "en", 
   "lines": [
    "Raven,"
   ]
  }, 
  {
   "begin": "33.960", 
   "end": "34.280", 
   "id": "f000081", 
   "language": "en", 
   "lines": [
    "\u201clend"
   ]
  }, 
  {
   "begin": "34.280", 
   "end": "34.320", 
   "id": "f000082", 
   "language": "en", 
   "lines": [
    "me"
   ]
  }, 
  {
   "begin": "34.320", 
   "end": "35.240", 
   "id": "f000083", 
   "language": "en", 
   "lines": [
    "some"
   ]
  }, 
  {
   "begin": "35.240", 
   "end": "36.160", 
   "id": "f000084", 
   "language": "en", 
   "lines": [
    "feathers"
   ]
  }, 
  {
   "begin": "36.160", 
   "end": "36.400", 
   "id": "f000085", 
   "language": "en", 
   "lines": [
    "so"
   ]
  }, 
  {
   "begin": "36.400", 
   "end": "37.160", 
   "id": "f000086", 
   "language": "en", 
   "lines": [
    "that"
   ]
  }, 
  {
   "begin": "37.160", 
   "end": "37.440", 
   "id": "f000087", 
   "language": "en", 
   "lines": [
    "I"
   ]
  }, 
  {
   "begin": "37.440", 
   "end": "37.720", 
   "id": "f000088", 
   "language": "en", 
   "lines": [
    "can"
   ]
  }, 
  {
   "begin": "37.720", 
   "end": "37.960", 
   "id": "f000089", 
   "language": "en", 
   "lines": [
    "make"
   ]
  }, 
  {
   "begin": "37.960", 
   "end": "38.480", 
   "id": "f000090", 
   "language": "en", 
   "lines": [
    "myself"
   ]
  }, 
  {
   "begin": "38.480", 
   "end": "38.800", 
   "id": "f000091", 
   "language": "en", 
   "lines": [
    "some"
   ]
  }, 
  {
   "begin": "38.800", 
   "end": "39.480", 
   "id": "f000092", 
   "language": "en", 
   "lines": [
    "wings."
   ]
  }, 
  {
   "begin": "39.480", 
   "end": "40.080", 
   "id": "f000093", 
   "language": "en", 
   "lines": [
    "I"
   ]
  }, 
  {
   "begin": "40.080", 
   "end": "41.120", 
   "id": "f000094", 
   "language": "en", 
   "lines": [
    "really"
   ]
  }, 
  {
   "begin": "41.120", 
   "end": "41.200", 
   "id": "f000095", 
   "language": "en", 
   "lines": [
    "want"
   ]
  }, 
  {
   "begin": "41.200", 
   "end": "41.360", 
   "id": "f000096", 
   "language": "en", 
   "lines": [
    "to"
   ]
  }, 
  {
   "begin": "41.360", 
   "end": "41.720", 
   "id": "f000097", 
   "language": "en", 
   "lines": [
    "be"
   ]
  }, 
  {
   "begin": "41.720", 
   "end": "41.840", 
   "id": "f000098", 
   "language": "en", 
   "lines": [
    "able"
   ]
  }, 
  {
   "begin": "41.840", 
   "end": "41.880", 
   "id": "f000099", 
   "language": "en", 
   "lines": [
    "to"
   ]
  }, 
  {
   "begin": "41.880", 
   "end": "42.600", 
   "id": "f000100", 
   "language": "en", 
   "lines": [
    "fly"
   ]
  }, 
  {
   "begin": "42.600", 
   "end": "43.040", 
   "id": "f000101", 
   "language": "en", 
   "lines": [
    "like"
   ]
  }, 
  {
   "begin": "43.040", 
   "end": "43.720", 
   "id": "f000102", 
   "language": "en", 
   "lines": [
    "you.\u201d"
   ]
  }
 ]
}