{
 "fragments": [
  {
   "begin": "0.000", 
   "end": "0.960", 
   "id": "f000001", 
   "language": "en", 
   "lines": [
    "Raven"
   ]
  }, 
  {
   "begin": "0.960", 
   "end": "1.200", 
   "id": "f000002", 
   "language": "en", 
   "lines": [
    "was"
   ]
  }, 
  {
   "begin": "1.200", 
   "end": "1.560", 
   "id": "f000003", 
   "language": "en", 
   "lines": [
    "not"
   ]
  }, 
  {
   "begin": "1.560", 
   "end": "1.720", 
   "id": "f000004", 
   "language": "en", 
   "lines": [
    "mean,"
   ]
  }, 
  {
   "begin": "1.720", 
   "end": "2.640", 
   "id": "f000005", 
   "language": "en", 
   "lines": [
    "so"
   ]
  }, 
  {
   "begin": "2.640", 
   "end": "3.080", 
   "id": "f000006", 
   "language": "en", 
   "lines": [
    "he"
   ]
  }, 
  {
   "begin": "3.080", 
   "end": "3.280", 
   "id": "f000007", 
   "language": "en", 
   "lines": [
    "gave"
   ]
  }, 
  {
   "begin": "3.280", 
   "end": "3.480", 
   "id": "f000008", 
   "language": "en", 
   "lines": [
    "him"
   ]
  }, 
  {
   "begin": "3.480", 
   "end": "3.840", 
   "id": "f000009", 
   "language": "en", 
   "lines": [
    "some"
   ]
  }, 
  {
   "begin": "3.840", 
   "end": "5.200", 
   "id": "f000010", 
   "language": "en", 
   "lines": [
    "feathers."
   ]
  }, 
  {
   "begin": "5.200", 
   "end": "5.680", 
   "id": "f000011", 
   "language": "en", 
   "lines": [
    "Hyena"
   ]
  }, 
  {
   "begin": "5.680", 
   "end": "6.080", 
   "id": "f000012", 
   "language": "en", 
   "lines": [
    "sewed"
   ]
  }, 
  {
   "begin": "6.080", 
   "end": "6.360", 
   "id": "f000013", 
   "language": "en", 
   "lines": [
    "them"
   ]
  }, 
  {
   "begin": "6.360", 
   "end": "7.000", 
   "id": "f000014", 
   "language": "en", 
   "lines": [
    "together"
   ]
  }, 
  {
   "begin": "7.000", 
   "end": "7.160", 
   "id": "f000015", 
   "language": "en", 
   "lines": [
    "into"
   ]
  }, 
  {
   "begin": "7.160", 
   "end": "9.120", 
   "id": "f000016", 
   "language": "en", 
   "lines": [
    "wings."
   ]
  }, 
  {
   "begin": "9.120", 
   "end": "9.160", 
   "id": "f000017", 
   "language": "en", 
   "lines": [
    "He"
   ]
  }, 
  {
   "begin": "9.160", 
   "end": "9.800", 
   "id": "f000018", 
   "language": "en", 
   "lines": [
    "fastened"
   ]
  }, 
  {
   "begin": "9.800", 
   "end": "10.040", 
   "id": "f000019", 
   "language": "en", 
   "lines": [
    "them"
   ]
  }, 
  {
   "begin": "10.040", 
   "end": "10.200", 
   "id": "f000020", 
   "language": "en", 
   "lines": [
    "to"
   ]
  }, 
  {
   "begin": "10.200", 
   "end": "10.440", 
   "id": "f000021", 
   "language": "en", 
   "lines": [
    "his"
   ]
  }, 
  {
   "begin": "10.440", 
   "end": "11.640", 
   "id": "f000022", 
   "language": "en", 
   "lines": [
    "body,"
   ]
  }, 
  {
   "begin": "11.640", 
   "end": "11.920", 
   "id": "f000023", 
   "language": "en", 
   "lines": [
    "and"
   ]
  }, 
  {
   "begin": "11.920", 
   "end": "12.280", 
   "id": "f000024", 
   "language": "en", 
   "lines": [
    "tried"
   ]
  }, 
  {
   "begin": "12.280", 
   "end": "12.440", 
   "id": "f000025", 
   "language": "en", 
   "lines": [
    "to"
   ]
  }, 
  {
   "begin": "12.440", 
   "end": "12.720", 
   "id": "f000026", 
   "language": "en", 
   "lines": [
    "take"
   ]
  }, 
  {
   "begin": "12.720", 
   "end": "13.040", 
   "id": "f000027", 
   "language": "en", 
   "lines": [
    "off"
   ]
  }, 
  {
   "begin": "13.040", 
   "end": "13.160", 
   "id": "f000028", 
   "language": "en", 
   "lines": [
    "into"
   ]
  }, 
  {
   "begin": "13.160", 
   "end": "13.360", 
   "id": "f000029", 
   "language": "en", 
   "lines": [
    "the"
   ]
  }, 
  {
   "begin": "13.360", 
   "end": "13.880", 
   "id": "f000030", 
   "language": "en", 
   "lines": [
    "sky."
   ]
  }, 
  {
   "begin": "13.880", 
   "end": "13.880", 
   "id": "f000031", 
   "language": "en", 
   "lines": [
    "But"
   ]
  }, 
  {
   "begin": "13.880", 
   "end": "14.800", 
   "id": "f000032", 
   "language": "en", 
   "lines": [
    "he"
   ]
  }, 
  {
   "begin": "14.800", 
   "end": "15.280", 
   "id": "f000033", 
   "language": "en", 
   "lines": [
    "was"
   ]
  }, 
  {
   "begin": "15.280", 
   "end": "15.720", 
   "id": "f000034", 
   "language": "en", 
   "lines": [
    "far"
   ]
  }, 
  {
   "begin": "15.720", 
   "end": "16.120", 
   "id": "f000035", 
   "language": "en", 
   "lines": [
    "too"
   ]
  }, 
  {
   "begin": "16.120", 
   "end": "16.280", 
   "id": "f000036", 
   "language": "en", 
   "lines": [
    "heavy"
   ]
  }, 
  {
   "begin": "16.280", 
   "end": "16.720", 
   "id": "f000037", 
   "language": "en", 
   "lines": [
    "for"
   ]
  }, 
  {
   "begin": "16.720", 
   "end": "16.960", 
   "id": "f000038", 
   "language": "en", 
   "lines": [
    "the"
   ]
  }, 
  {
   "begin": "16.960", 
   "end": "17.240", 
   "id": "f000039", 
   "language": "en", 
   "lines": [
    "few"
   ]
  }, 
  {
   "begin": "17.240", 
   "end": "17.800", 
   "id": "f000040", 
   "language": "en", 
   "lines": [
    "feathers"
   ]
  }, 
  {
   "begin": "17.800", 
   "end": "17.920", 
   "id": "f000041", 
   "language": "en", 
   "lines": [
    "to"
   ]
  }, 
  {
   "begin": "17.920", 
   "end": "18.320", 
   "id": "f000042", 
   "language": "en", 
   "lines": [
    "carry"
   ]
  }, 
  {
   "begin": "18.320", 
   "end": "19.760", 
   "id": "f000043", 
   "language": "en", 
   "lines": [
    "him."
   ]
  }, 
  {
   "begin": "19.760", 
   "end": "19.960", 
   "id": "f000044", 
   "language": "en", 
   "lines": [
    "So"
   ]
  }, 
  {
   "begin": "19.960", 
   "end": "20.320", 
   "id": "f000045", 
   "language": "en", 
   "lines": [
    "he"
   ]
  }, 
  {
   "begin": "20.320", 
   "end": "20.320", 
   "id": "f000046", 
   "language": "en", 
   "lines": [
    "had"
   ]
  }, 
  {
   "begin": "20.320", 
   "end": "20.840", 
   "id": "f000047", 
   "language": "en", 
   "lines": [
    "to"
   ]
  }, 
  {
   "begin": "20.840", 
   "end": "20.920", 
   "id": "f000048", 
   "language": "en", 
   "lines": [
    "think"
   ]
  }, 
  {
   "begin": "20.920", 
   "end": "21.040", 
   "id": "f000049", 
   "language": "en", 
   "lines": [
    "of"
   ]
  }, 
  {
   "begin": "21.040", 
   "end": "21.360", 
   "id": "f000050", 
   "language": "en", 
   "lines": [
    "another"
   ]
  }, 
  {
   "begin": "21.360", 
   "end": "22.240", 
   "id": "f000051", 
   "language": "en", 
   "lines": [
    "plan."
   ]
  }
 ]
}