{
 "fragments": [
  {
   "begin": "0.000", 
   "end": "0.560", 
   "id": "f000001", 
   "language": "en", 
   "lines": [
    "Hyena"
   ]
  }, 
  {
   "begin": "0.560", 
   "end": "0.840", 
   "id": "f000002", 
   "language": "en", 
   "lines": [
    "fell"
   ]
  }, 
  {
   "begin": "0.840", 
   "end": "1.040", 
   "id": "f000003", 
   "language": "en", 
   "lines": [
    "on"
   ]
  }, 
  {
   "begin": "1.040", 
   "end": "1.160", 
   "id": "f000004", 
   "language": "en", 
   "lines": [
    "the"
   ]
  }, 
  {
   "begin": "1.160", 
   "end": "1.720", 
   "id": "f000005", 
   "language": "en", 
   "lines": [
    "ground"
   ]
  }, 
  {
   "begin": "1.720", 
   "end": "1.760", 
   "id": "f000006", 
   "language": "en", 
   "lines": [
    "with"
   ]
  }, 
  {
   "begin": "1.760", 
   "end": "1.760", 
   "id": "f000007", 
   "language": "en", 
   "lines": [
    "a"
   ]
  }, 
  {
   "begin": "1.760", 
   "end": "2.240", 
   "id": "f000008", 
   "language": "en", 
   "lines": [
    "crash"
   ]
  }, 
  {
   "begin": "2.240", 
   "end": "2.600", 
   "id": "f000009", 
   "language": "en", 
   "lines": [
    "and"
   ]
  }, 
  {
   "begin": "2.600", 
   "end": "3.040", 
   "id": "f000010", 
   "language": "en", 
   "lines": [
    "lay"
   ]
  }, 
  {
   "begin": "3.040", 
   "end": "3.560", 
   "id": "f000011", 
   "language": "en", 
   "lines": [
    "silent"
   ]
  }, 
  {
   "begin": "3.560", 
   "end": "3.760", 
   "id": "f000012", 
   "language": "en", 
   "lines": [
    "for"
   ]
  }, 
  {
   "begin": "3.760", 
   "end": "4.160", 
   "id": "f000013", 
   "language": "en", 
   "lines": [
    "some"
   ]
  }, 
  {
   "begin": "4.160", 
   "end": "5.320", 
   "id": "f000014", 
   "language": "en", 
   "lines": [
    "minutes."
   ]
  }, 
  {
   "begin": "5.320", 
   "end": "5.480", 
   "id": "f000015", 
   "language": "en", 
   "lines": [
    "He"
   ]
  }, 
  {
   "begin": "5.480", 
   "end": "5.760", 
   "id": "f000016", 
   "language": "en", 
   "lines": [
    "woke"
   ]
  }, 
  {
   "begin": "5.760", 
   "end": "5.920", 
   "id": "f000017", 
   "language": "en", 
   "lines": [
    "up"
   ]
  }, 
  {
   "begin": "5.920", 
   "end": "6.640", 
   "id": "f000018", 
   "language": "en", 
   "lines": [
    "howling"
   ]
  }, 
  {
   "begin": "6.640", 
   "end": "6.840", 
   "id": "f000019", 
   "language": "en", 
   "lines": [
    "in"
   ]
  }, 
  {
   "begin": "6.840", 
   "end": "7.160", 
   "id": "f000020", 
   "language": "en", 
   "lines": [
    "pain,"
   ]
  }, 
  {
   "begin": "7.160", 
   "end": "7.800", 
   "id": "f000021", 
   "language": "en", 
   "lines": [
    "with"
   ]
  }, 
  {
   "begin": "7.800", 
   "end": "7.920", 
   "id": "f000022", 
   "language": "en", 
   "lines": [
    "a"
   ]
  }, 
  {
   "begin": "7.920", 
   "end": "8.480", 
   "id": "f000023", 
   "language": "en", 
   "lines": [
    "broken"
   ]
  }, 
  {
   "begin": "8.480", 
   "end": "9.320", 
   "id": "f000024", 
   "language": "en", 
   "lines": [
    "leg"
   ]
  }, 
  {
   "begin": "9.320", 
   "end": "9.600", 
   "id": "f000025", 
   "language": "en", 
   "lines": [
    "and"
   ]
  }, 
  {
   "begin": "9.600", 
   "end": "9.880", 
   "id": "f000026", 
   "language": "en", 
   "lines": [
    "dark"
   ]
  }, 
  {
   "begin": "9.880", 
   "end": "10.640", 
   "id": "f000027", 
   "language": "en", 
   "lines": [
    "scars"
   ]
  }, 
  {
   "begin": "10.640", 
   "end": "10.920", 
   "id": "f000028", 
   "language": "en", 
   "lines": [
    "all"
   ]
  }, 
  {
   "begin": "10.920", 
   "end": "11.160", 
   "id": "f000029", 
   "language": "en", 
   "lines": [
    "over"
   ]
  }, 
  {
   "begin": "11.160", 
   "end": "11.400", 
   "id": "f000030", 
   "language": "en", 
   "lines": [
    "his"
   ]
  }, 
  {
   "begin": "11.400", 
   "end": "12.200", 
   "id": "f000031", 
   "language": "en", 
   "lines": [
    "body."
   ]
  }
 ]
}