{
 "fragments": [
  {
   "begin": "0.000", 
   "end": "0.560", 
   "id": "f000001", 
   "language": "en", 
   "lines": [
    "Finally,"
   ]
  }, 
  {
   "begin": "0.560", 
   "end": "1.280", 
   "id": "f000002", 
   "language": "en", 
   "lines": [
    "the"
   ]
  }, 
  {
   "begin": "1.280", 
   "end": "1.840", 
   "id": "f000003", 
   "language": "en", 
   "lines": [
    "feathers"
   ]
  }, 
  {
   "begin": "1.840", 
   "end": "2.040", 
   "id": "f000004", 
   "language": "en", 
   "lines": [
    "could"
   ]
  }, 
  {
   "begin": "2.040", 
   "end": "2.640", 
   "id": "f000005", 
   "language": "en", 
   "lines": [
    "not"
   ]
  }, 
  {
   "begin": "2.640", 
   "end": "3.280", 
   "id": "f000006", 
   "language": "en", 
   "lines": [
    "hold"
   ]
  }, 
  {
   "begin": "3.280", 
   "end": "3.440", 
   "id": "f000007", 
   "language": "en", 
   "lines": [
    "Hyena"
   ]
  }, 
  {
   "begin": "3.440", 
   "end": "4.840", 
   "id": "f000008", 
   "language": "en", 
   "lines": [
    "anymore."
   ]
  }, 
  {
   "begin": "4.840", 
   "end": "5.320", 
   "id": "f000009", 
   "language": "en", 
   "lines": [
    "He"
   ]
  }, 
  {
   "begin": "5.320", 
   "end": "6.040", 
   "id": "f000010", 
   "language": "en", 
   "lines": [
    "was"
   ]
  }, 
  {
   "begin": "6.040", 
   "end": "6.040", 
   "id": "f000011", 
   "language": "en", 
   "lines": [
    "in"
   ]
  }, 
  {
   "begin": "6.040", 
   "end": "6.040", 
   "id": "f000012", 
   "language": "en", 
   "lines": [
    "the"
   ]
  }, 
  {
   "begin": "6.040", 
   "end": "6.040", 
   "id": "f000013", 
   "language": "en", 
   "lines": [
    "middle"
   ]
  }, 
  {
   "begin": "6.040", 
   "end": "6.080", 
   "id": "f000014", 
   "language": "en", 
   "lines": [
    "of"
   ]
  }, 
  {
   "begin": "6.080", 
   "end": "6.600", 
   "id": "f000015", 
   "language": "en", 
   "lines": [
    "nowhere"
   ]
  }, 
  {
   "begin": "6.600", 
   "end": "6.720", 
   "id": "f000016", 
   "language": "en", 
   "lines": [
    "in"
   ]
  }, 
  {
   "begin": "6.720", 
   "end": "6.920", 
   "id": "f000017", 
   "language": "en", 
   "lines": [
    "the"
   ]
  }, 
  {
   "begin": "6.920", 
   "end": "8.040", 
   "id": "f000018", 
   "language": "en", 
   "lines": [
    "sky."
   ]
  }, 
  {
   "begin": "8.040", 
   "end": "8.280", 
   "id": "f000019", 
   "language": "en", 
   "lines": [
    "He"
   ]
  }, 
  {
   "begin": "8.280", 
   "end": "8.640", 
   "id": "f000020", 
   "language": "en", 
   "lines": [
    "jumped"
   ]
  }, 
  {
   "begin": "8.640", 
   "end": "8.640", 
   "id": "f000021", 
   "language": "en", 
   "lines": [
    "onto"
   ]
  }, 
  {
   "begin": "8.640", 
   "end": "8.720", 
   "id": "f000022", 
   "language": "en", 
   "lines": [
    "the"
   ]
  }, 
  {
   "begin": "8.720", 
   "end": "9.680", 
   "id": "f000023", 
   "language": "en", 
   "lines": [
    "fatty"
   ]
  }, 
  {
   "begin": "9.680", 
   "end": "10.400", 
   "id": "f000024", 
   "language": "en", 
   "lines": [
    "meat"
   ]
  }, 
  {
   "begin": "10.400", 
   "end": "10.880", 
   "id": "f000025", 
   "language": "en", 
   "lines": [
    "thinking"
   ]
  }, 
  {
   "begin": "10.880", 
   "end": "11.200", 
   "id": "f000026", 
   "language": "en", 
   "lines": [
    "that"
   ]
  }, 
  {
   "begin": "11.200", 
   "end": "11.440", 
   "id": "f000027", 
   "language": "en", 
   "lines": [
    "as"
   ]
  }, 
  {
   "begin": "11.440", 
   "end": "11.680", 
   "id": "f000028", 
   "language": "en", 
   "lines": [
    "he"
   ]
  }, 
  {
   "begin": "11.680", 
   "end": "12.440", 
   "id": "f000029", 
   "language": "en", 
   "lines": [
    "ate,"
   ]
  }, 
  {
   "begin": "12.440", 
   "end": "12.520", 
   "id": "f000030", 
   "language": "en", 
   "lines": [
    "the"
   ]
  }, 
  {
   "begin": "12.520", 
   "end": "12.960", 
   "id": "f000031", 
   "language": "en", 
   "lines": [
    "fatty"
   ]
  }, 
  {
   "begin": "12.960", 
   "end": "13.320", 
   "id": "f000032", 
   "language": "en", 
   "lines": [
    "meat"
   ]
  }, 
  {
   "begin": "13.320", 
   "end": "13.440", 
   "id": "f000033", 
   "language": "en", 
   "lines": [
    "would"
   ]
  }, 
  {
   "begin": "13.440", 
   "end": "13.800", 
   "id": "f000034", 
   "language": "en", 
   "lines": [
    "hold"
   ]
  }, 
  {
   "begin": "13.800", 
   "end": "14.120", 
   "id": "f000035", 
   "language": "en", 
   "lines": [
    "him."
   ]
  }, 
  {
   "begin": "14.120", 
   "end": "14.880", 
   "id": "f000036", 
   "language": "en", 
   "lines": [
    "But"
   ]
  }, 
  {
   "begin": "14.880", 
   "end": "15.280", 
   "id": "f000037", 
   "language": "en", 
   "lines": [
    "as"
   ]
  }, 
  {
   "begin": "15.280", 
   "end": "15.480", 
   "id": "f000038", 
   "language": "en", 
   "lines": [
    "he"
   ]
  }, 
  {
   "begin": "15.480", 
   "end": "15.800", 
   "id": "f000039", 
   "language": "en", 
   "lines": [
    "tried"
   ]
  }, 
  {
   "begin": "15.800", 
   "end": "15.840", 
   "id": "f000040", 
   "language": "en", 
   "lines": [
    "to"
   ]
  }, 
  {
   "begin": "15.840", 
   "end": "16.440", 
   "id": "f000041", 
   "language": "en", 
   "lines": [
    "hold"
   ]
  }, 
  {
   "begin": "16.440", 
   "end": "16.680", 
   "id": "f000042", 
   "language": "en", 
   "lines": [
    "and"
   ]
  }, 
  {
   "begin": "16.680", 
   "end": "16.960", 
   "id": "f000043", 
   "language": "en", 
   "lines": [
    "eat"
   ]
  }, 
  {
   "begin": "16.960", 
   "end": "17.200", 
   "id": "f000044", 
   "language": "en", 
   "lines": [
    "the"
   ]
  }, 
  {
   "begin": "17.200", 
   "end": "18.280", 
   "id": "f000045", 
   "language": "en", 
   "lines": [
    "\u2018meat\u2019,"
   ]
  }, 
  {
   "begin": "18.280", 
   "end": "18.520", 
   "id": "f000046", 
   "language": "en", 
   "lines": [
    "all"
   ]
  }, 
  {
   "begin": "18.520", 
   "end": "18.640", 
   "id": "f000047", 
   "language": "en", 
   "lines": [
    "he"
   ]
  }, 
  {
   "begin": "18.640", 
   "end": "19.400", 
   "id": "f000048", 
   "language": "en", 
   "lines": [
    "felt"
   ]
  }, 
  {
   "begin": "19.400", 
   "end": "19.600", 
   "id": "f000049", 
   "language": "en", 
   "lines": [
    "was"
   ]
  }, 
  {
   "begin": "19.600", 
   "end": "20.080", 
   "id": "f000050", 
   "language": "en", 
   "lines": [
    "moist"
   ]
  }, 
  {
   "begin": "20.080", 
   "end": "21.200", 
   "id": "f000051", 
   "language": "en", 
   "lines": [
    "cloud!"
   ]
  }
 ]
}