{
 "fragments": [
  {
   "begin": "0.000", 
   "end": "0.200", 
   "id": "f000001", 
   "language": "en", 
   "lines": [
    "When"
   ]
  }, 
  {
   "begin": "0.200", 
   "end": "0.760", 
   "id": "f000002", 
   "language": "en", 
   "lines": [
    "they"
   ]
  }, 
  {
   "begin": "0.760", 
   "end": "1.000", 
   "id": "f000003", 
   "language": "en", 
   "lines": [
    "reached"
   ]
  }, 
  {
   "begin": "1.000", 
   "end": "1.080", 
   "id": "f000004", 
   "language": "en", 
   "lines": [
    "the"
   ]
  }, 
  {
   "begin": "1.080", 
   "end": "1.680", 
   "id": "f000005", 
   "language": "en", 
   "lines": [
    "first"
   ]
  }, 
  {
   "begin": "1.680", 
   "end": "2.240", 
   "id": "f000006", 
   "language": "en", 
   "lines": [
    "piece"
   ]
  }, 
  {
   "begin": "2.240", 
   "end": "2.440", 
   "id": "f000007", 
   "language": "en", 
   "lines": [
    "of"
   ]
  }, 
  {
   "begin": "2.440", 
   "end": "2.640", 
   "id": "f000008", 
   "language": "en", 
   "lines": [
    "fatty"
   ]
  }, 
  {
   "begin": "2.640", 
   "end": "3.000", 
   "id": "f000009", 
   "language": "en", 
   "lines": [
    "meat,"
   ]
  }, 
  {
   "begin": "3.000", 
   "end": "3.960", 
   "id": "f000010", 
   "language": "en", 
   "lines": [
    "Hyena"
   ]
  }, 
  {
   "begin": "3.960", 
   "end": "4.440", 
   "id": "f000011", 
   "language": "en", 
   "lines": [
    "felt"
   ]
  }, 
  {
   "begin": "4.440", 
   "end": "4.600", 
   "id": "f000012", 
   "language": "en", 
   "lines": [
    "a"
   ]
  }, 
  {
   "begin": "4.600", 
   "end": "5.880", 
   "id": "f000013", 
   "language": "en", 
   "lines": [
    "jerk."
   ]
  }, 
  {
   "begin": "5.880", 
   "end": "5.880", 
   "id": "f000014", 
   "language": "en", 
   "lines": [
    "One"
   ]
  }, 
  {
   "begin": "5.880", 
   "end": "5.920", 
   "id": "f000015", 
   "language": "en", 
   "lines": [
    "of"
   ]
  }, 
  {
   "begin": "5.920", 
   "end": "6.800", 
   "id": "f000016", 
   "language": "en", 
   "lines": [
    "Raven\u2019s"
   ]
  }, 
  {
   "begin": "6.800", 
   "end": "7.080", 
   "id": "f000017", 
   "language": "en", 
   "lines": [
    "tail"
   ]
  }, 
  {
   "begin": "7.080", 
   "end": "7.600", 
   "id": "f000018", 
   "language": "en", 
   "lines": [
    "feathers"
   ]
  }, 
  {
   "begin": "7.600", 
   "end": "7.880", 
   "id": "f000019", 
   "language": "en", 
   "lines": [
    "came"
   ]
  }, 
  {
   "begin": "7.880", 
   "end": "8.160", 
   "id": "f000020", 
   "language": "en", 
   "lines": [
    "off"
   ]
  }, 
  {
   "begin": "8.160", 
   "end": "8.280", 
   "id": "f000021", 
   "language": "en", 
   "lines": [
    "in"
   ]
  }, 
  {
   "begin": "8.280", 
   "end": "8.520", 
   "id": "f000022", 
   "language": "en", 
   "lines": [
    "his"
   ]
  }, 
  {
   "begin": "8.520", 
   "end": "8.880", 
   "id": "f000023", 
   "language": "en", 
   "lines": [
    "hand!"
   ]
  }, 
  {
   "begin": "8.880", 
   "end": "10.160", 
   "id": "f000024", 
   "language": "en", 
   "lines": [
    "Then"
   ]
  }, 
  {
   "begin": "10.160", 
   "end": "10.360", 
   "id": "f000025", 
   "language": "en", 
   "lines": [
    "there"
   ]
  }, 
  {
   "begin": "10.360", 
   "end": "10.720", 
   "id": "f000026", 
   "language": "en", 
   "lines": [
    "was"
   ]
  }, 
  {
   "begin": "10.720", 
   "end": "11.160", 
   "id": "f000027", 
   "language": "en", 
   "lines": [
    "another"
   ]
  }, 
  {
   "begin": "11.160", 
   "end": "12.040", 
   "id": "f000028", 
   "language": "en", 
   "lines": [
    "jerk,"
   ]
  }, 
  {
   "begin": "12.040", 
   "end": "12.360", 
   "id": "f000029", 
   "language": "en", 
   "lines": [
    "and"
   ]
  }, 
  {
   "begin": "12.360", 
   "end": "13.240", 
   "id": "f000030", 
   "language": "en", 
   "lines": [
    "another."
   ]
  }
 ]
}