{
 "fragments": [
  {
   "begin": "0.000", 
   "end": "0.560", 
   "id": "f000001", 
   "language": "en", 
   "lines": [
    "Raven"
   ]
  }, 
  {
   "begin": "0.560", 
   "end": "1.000", 
   "id": "f000002", 
   "language": "en", 
   "lines": [
    "felt"
   ]
  }, 
  {
   "begin": "1.000", 
   "end": "1.360", 
   "id": "f000003", 
   "language": "en", 
   "lines": [
    "much"
   ]
  }, 
  {
   "begin": "1.360", 
   "end": "1.680", 
   "id": "f000004", 
   "language": "en", 
   "lines": [
    "lighter,"
   ]
  }, 
  {
   "begin": "1.680", 
   "end": "2.480", 
   "id": "f000005", 
   "language": "en", 
   "lines": [
    "and"
   ]
  }, 
  {
   "begin": "2.480", 
   "end": "2.920", 
   "id": "f000006", 
   "language": "en", 
   "lines": [
    "the"
   ]
  }, 
  {
   "begin": "2.920", 
   "end": "3.320", 
   "id": "f000007", 
   "language": "en", 
   "lines": [
    "ache"
   ]
  }, 
  {
   "begin": "3.320", 
   "end": "3.440", 
   "id": "f000008", 
   "language": "en", 
   "lines": [
    "in"
   ]
  }, 
  {
   "begin": "3.440", 
   "end": "3.680", 
   "id": "f000009", 
   "language": "en", 
   "lines": [
    "his"
   ]
  }, 
  {
   "begin": "3.680", 
   "end": "4.000", 
   "id": "f000010", 
   "language": "en", 
   "lines": [
    "tail"
   ]
  }, 
  {
   "begin": "4.000", 
   "end": "4.240", 
   "id": "f000011", 
   "language": "en", 
   "lines": [
    "was"
   ]
  }, 
  {
   "begin": "4.240", 
   "end": "5.440", 
   "id": "f000012", 
   "language": "en", 
   "lines": [
    "going."
   ]
  }, 
  {
   "begin": "5.440", 
   "end": "5.560", 
   "id": "f000013", 
   "language": "en", 
   "lines": [
    "He"
   ]
  }, 
  {
   "begin": "5.560", 
   "end": "6.800", 
   "id": "f000014", 
   "language": "en", 
   "lines": [
    "sang:"
   ]
  }, 
  {
   "begin": "6.800", 
   "end": "7.720", 
   "id": "f000015", 
   "language": "en", 
   "lines": [
    "Raven\u2019s"
   ]
  }, 
  {
   "begin": "7.720", 
   "end": "8.440", 
   "id": "f000016", 
   "language": "en", 
   "lines": [
    "feathers,"
   ]
  }, 
  {
   "begin": "8.440", 
   "end": "9.080", 
   "id": "f000017", 
   "language": "en", 
   "lines": [
    "unpluck"
   ]
  }, 
  {
   "begin": "9.080", 
   "end": "10.240", 
   "id": "f000018", 
   "language": "en", 
   "lines": [
    "yourselves."
   ]
  }, 
  {
   "begin": "10.240", 
   "end": "11.160", 
   "id": "f000019", 
   "language": "en", 
   "lines": [
    "Raven\u2019s"
   ]
  }, 
  {
   "begin": "11.160", 
   "end": "11.880", 
   "id": "f000020", 
   "language": "en", 
   "lines": [
    "feathers,"
   ]
  }, 
  {
   "begin": "11.880", 
   "end": "12.520", 
   "id": "f000021", 
   "language": "en", 
   "lines": [
    "unpluck"
   ]
  }, 
  {
   "begin": "12.520", 
   "end": "14.520", 
   "id": "f000022", 
   "language": "en", 
   "lines": [
    "yourselves.\n"
   ]
  }, 
  {
   "begin": "14.520", 
   "end": "14.720", 
   "id": "f000023", 
   "language": "en", 
   "lines": [
    "In"
   ]
  }, 
  {
   "begin": "14.720", 
   "end": "15.680", 
   "id": "f000024", 
   "language": "en", 
   "lines": [
    "response,"
   ]
  }, 
  {
   "begin": "15.680", 
   "end": "16.200", 
   "id": "f000025", 
   "language": "en", 
   "lines": [
    "Hyena"
   ]
  }, 
  {
   "begin": "16.200", 
   "end": "16.600", 
   "id": "f000026", 
   "language": "en", 
   "lines": [
    "sang"
   ]
  }, 
  {
   "begin": "16.600", 
   "end": "16.880", 
   "id": "f000027", 
   "language": "en", 
   "lines": [
    "the"
   ]
  }, 
  {
   "begin": "16.880", 
   "end": "18.080", 
   "id": "f000028", 
   "language": "en", 
   "lines": [
    "opposite:"
   ]
  }, 
  {
   "begin": "18.080", 
   "end": "19.000", 
   "id": "f000029", 
   "language": "en", 
   "lines": [
    "Raven\u2019s"
   ]
  }, 
  {
   "begin": "19.000", 
   "end": "19.480", 
   "id": "f000030", 
   "language": "en", 
   "lines": [
    "feathers"
   ]
  }, 
  {
   "begin": "19.480", 
   "end": "19.880", 
   "id": "f000031", 
   "language": "en", 
   "lines": [
    "hold"
   ]
  }, 
  {
   "begin": "19.880", 
   "end": "20.200", 
   "id": "f000032", 
   "language": "en", 
   "lines": [
    "on,"
   ]
  }, 
  {
   "begin": "20.200", 
   "end": "20.880", 
   "id": "f000033", 
   "language": "en", 
   "lines": [
    "don\u2019t"
   ]
  }, 
  {
   "begin": "20.880", 
   "end": "21.560", 
   "id": "f000034", 
   "language": "en", 
   "lines": [
    "unpluck"
   ]
  }, 
  {
   "begin": "21.560", 
   "end": "22.760", 
   "id": "f000035", 
   "language": "en", 
   "lines": [
    "yourselves."
   ]
  }, 
  {
   "begin": "22.760", 
   "end": "23.640", 
   "id": "f000036", 
   "language": "en", 
   "lines": [
    "Raven\u2019s"
   ]
  }, 
  {
   "begin": "23.640", 
   "end": "24.440", 
   "id": "f000037", 
   "language": "en", 
   "lines": [
    "feathers"
   ]
  }, 
  {
   "begin": "24.440", 
   "end": "25.080", 
   "id": "f000038", 
   "language": "en", 
   "lines": [
    "hold"
   ]
  }, 
  {
   "begin": "25.080", 
   "end": "25.120", 
   "id": "f000039", 
   "language": "en", 
   "lines": [
    "on,"
   ]
  }, 
  {
   "begin": "25.120", 
   "end": "25.560", 
   "id": "f000040", 
   "language": "en", 
   "lines": [
    "don\u2019t"
   ]
  }, 
  {
   "begin": "25.560", 
   "end": "26.200", 
   "id": "f000041", 
   "language": "en", 
   "lines": [
    "unpluck"
   ]
  }, 
  {
   "begin": "26.200", 
   "end": "27.640", 
   "id": "f000042", 
   "language": "en", 
   "lines": [
    "yourselves."
   ]
  }
 ]
}