{
 "fragments": [
  {
   "begin": "0.000", 
   "end": "0.440", 
   "id": "f000001", 
   "language": "en", 
   "lines": [
    "One"
   ]
  }, 
  {
   "begin": "0.440", 
   "end": "0.920", 
   "id": "f000002", 
   "language": "en", 
   "lines": [
    "day"
   ]
  }, 
  {
   "begin": "0.920", 
   "end": "1.480", 
   "id": "f000003", 
   "language": "en", 
   "lines": [
    "Hyena,"
   ]
  }, 
  {
   "begin": "1.480", 
   "end": "2.240", 
   "id": "f000004", 
   "language": "en", 
   "lines": [
    "curious"
   ]
  }, 
  {
   "begin": "2.240", 
   "end": "2.360", 
   "id": "f000005", 
   "language": "en", 
   "lines": [
    "to"
   ]
  }, 
  {
   "begin": "2.360", 
   "end": "2.560", 
   "id": "f000006", 
   "language": "en", 
   "lines": [
    "know"
   ]
  }, 
  {
   "begin": "2.560", 
   "end": "3.200", 
   "id": "f000007", 
   "language": "en", 
   "lines": [
    "something"
   ]
  }, 
  {
   "begin": "3.200", 
   "end": "3.440", 
   "id": "f000008", 
   "language": "en", 
   "lines": [
    "about"
   ]
  }, 
  {
   "begin": "3.440", 
   "end": "3.680", 
   "id": "f000009", 
   "language": "en", 
   "lines": [
    "his"
   ]
  }, 
  {
   "begin": "3.680", 
   "end": "4.400", 
   "id": "f000010", 
   "language": "en", 
   "lines": [
    "friend,"
   ]
  }, 
  {
   "begin": "4.400", 
   "end": "4.960", 
   "id": "f000011", 
   "language": "en", 
   "lines": [
    "asked"
   ]
  }, 
  {
   "begin": "4.960", 
   "end": "5.440", 
   "id": "f000012", 
   "language": "en", 
   "lines": [
    "Raven,"
   ]
  }, 
  {
   "begin": "5.440", 
   "end": "5.480", 
   "id": "f000013", 
   "language": "en", 
   "lines": [
    "\u201cWhat"
   ]
  }, 
  {
   "begin": "5.480", 
   "end": "5.480", 
   "id": "f000014", 
   "language": "en", 
   "lines": [
    "is"
   ]
  }, 
  {
   "begin": "5.480", 
   "end": "6.200", 
   "id": "f000015", 
   "language": "en", 
   "lines": [
    "this"
   ]
  }, 
  {
   "begin": "6.200", 
   "end": "7.160", 
   "id": "f000016", 
   "language": "en", 
   "lines": [
    "white"
   ]
  }, 
  {
   "begin": "7.160", 
   "end": "7.440", 
   "id": "f000017", 
   "language": "en", 
   "lines": [
    "thing"
   ]
  }, 
  {
   "begin": "7.440", 
   "end": "7.920", 
   "id": "f000018", 
   "language": "en", 
   "lines": [
    "which"
   ]
  }, 
  {
   "begin": "7.920", 
   "end": "8.400", 
   "id": "f000019", 
   "language": "en", 
   "lines": [
    "is"
   ]
  }, 
  {
   "begin": "8.400", 
   "end": "8.800", 
   "id": "f000020", 
   "language": "en", 
   "lines": [
    "always"
   ]
  }, 
  {
   "begin": "8.800", 
   "end": "9.480", 
   "id": "f000021", 
   "language": "en", 
   "lines": [
    "below"
   ]
  }, 
  {
   "begin": "9.480", 
   "end": "9.840", 
   "id": "f000022", 
   "language": "en", 
   "lines": [
    "your"
   ]
  }, 
  {
   "begin": "9.840", 
   "end": "10.240", 
   "id": "f000023", 
   "language": "en", 
   "lines": [
    "neck?\u201d"
   ]
  }
 ]
}