{
 "fragments": [
  {
   "begin": "0.000", 
   "end": "0.800", 
   "id": "f000001", 
   "language": "en", 
   "lines": [
    "\u201cMeenu,"
   ]
  }, 
  {
   "begin": "0.800", 
   "end": "0.840", 
   "id": "f000002", 
   "language": "en", 
   "lines": [
    "please"
   ]
  }, 
  {
   "begin": "0.840", 
   "end": "1.280", 
   "id": "f000003", 
   "language": "en", 
   "lines": [
    "get"
   ]
  }, 
  {
   "begin": "1.280", 
   "end": "1.920", 
   "id": "f000004", 
   "language": "en", 
   "lines": [
    "a"
   ]
  }, 
  {
   "begin": "1.920", 
   "end": "2.480", 
   "id": "f000005", 
   "language": "en", 
   "lines": [
    "glass"
   ]
  }, 
  {
   "begin": "2.480", 
   "end": "2.640", 
   "id": "f000006", 
   "language": "en", 
   "lines": [
    "of"
   ]
  }, 
  {
   "begin": "2.640", 
   "end": "2.840", 
   "id": "f000007", 
   "language": "en", 
   "lines": [
    "water"
   ]
  }, 
  {
   "begin": "2.840", 
   "end": "3.200", 
   "id": "f000008", 
   "language": "en", 
   "lines": [
    "for"
   ]
  }, 
  {
   "begin": "3.200", 
   "end": "4.360", 
   "id": "f000009", 
   "language": "en", 
   "lines": [
    "Manoj,\u201d"
   ]
  }, 
  {
   "begin": "4.360", 
   "end": "4.880", 
   "id": "f000010", 
   "language": "en", 
   "lines": [
    "says"
   ]
  }, 
  {
   "begin": "4.880", 
   "end": "5.840", 
   "id": "f000011", 
   "language": "en", 
   "lines": [
    "Amma."
   ]
  }, 
  {
   "begin": "5.840", 
   "end": "6.360", 
   "id": "f000012", 
   "language": "en", 
   "lines": [
    "Manoj"
   ]
  }, 
  {
   "begin": "6.360", 
   "end": "6.720", 
   "id": "f000013", 
   "language": "en", 
   "lines": [
    "Mama"
   ]
  }, 
  {
   "begin": "6.720", 
   "end": "7.040", 
   "id": "f000014", 
   "language": "en", 
   "lines": [
    "has"
   ]
  }, 
  {
   "begin": "7.040", 
   "end": "7.320", 
   "id": "f000015", 
   "language": "en", 
   "lines": [
    "come"
   ]
  }, 
  {
   "begin": "7.320", 
   "end": "7.320", 
   "id": "f000016", 
   "language": "en", 
   "lines": [
    "to"
   ]
  }, 
  {
   "begin": "7.320", 
   "end": "7.760", 
   "id": "f000017", 
   "language": "en", 
   "lines": [
    "take"
   ]
  }, 
  {
   "begin": "7.760", 
   "end": "7.920", 
   "id": "f000018", 
   "language": "en", 
   "lines": [
    "me"
   ]
  }, 
  {
   "begin": "7.920", 
   "end": "7.920", 
   "id": "f000019", 
   "language": "en", 
   "lines": [
    "to"
   ]
  }, 
  {
   "begin": "7.920", 
   "end": "8.120", 
   "id": "f000020", 
   "language": "en", 
   "lines": [
    "Ooty!\n"
   ]
  }, 
  {
   "begin": "8.120", 
   "end": "9.600", 
   "id": "f000021", 
   "language": "en", 
   "lines": [
    "\u201cWe"
   ]
  }, 
  {
   "begin": "9.600", 
   "end": "9.720", 
   "id": "f000022", 
   "language": "en", 
   "lines": [
    "will"
   ]
  }, 
  {
   "begin": "9.720", 
   "end": "10.080", 
   "id": "f000023", 
   "language": "en", 
   "lines": [
    "go"
   ]
  }, 
  {
   "begin": "10.080", 
   "end": "10.400", 
   "id": "f000024", 
   "language": "en", 
   "lines": [
    "by"
   ]
  }, 
  {
   "begin": "10.400", 
   "end": "10.760", 
   "id": "f000025", 
   "language": "en", 
   "lines": [
    "train,"
   ]
  }, 
  {
   "begin": "10.760", 
   "end": "11.680", 
   "id": "f000026", 
   "language": "en", 
   "lines": [
    "Meenu."
   ]
  }, 
  {
   "begin": "11.680", 
   "end": "11.800", 
   "id": "f000027", 
   "language": "en", 
   "lines": [
    "It"
   ]
  }, 
  {
   "begin": "11.800", 
   "end": "12.040", 
   "id": "f000028", 
   "language": "en", 
   "lines": [
    "is"
   ]
  }, 
  {
   "begin": "12.040", 
   "end": "12.520", 
   "id": "f000029", 
   "language": "en", 
   "lines": [
    "cold"
   ]
  }, 
  {
   "begin": "12.520", 
   "end": "12.880", 
   "id": "f000030", 
   "language": "en", 
   "lines": [
    "in"
   ]
  }, 
  {
   "begin": "12.880", 
   "end": "13.320", 
   "id": "f000031", 
   "language": "en", 
   "lines": [
    "Ooty"
   ]
  }, 
  {
   "begin": "13.320", 
   "end": "13.560", 
   "id": "f000032", 
   "language": "en", 
   "lines": [
    "even"
   ]
  }, 
  {
   "begin": "13.560", 
   "end": "13.960", 
   "id": "f000033", 
   "language": "en", 
   "lines": [
    "during"
   ]
  }, 
  {
   "begin": "13.960", 
   "end": "14.280", 
   "id": "f000034", 
   "language": "en", 
   "lines": [
    "summer,"
   ]
  }, 
  {
   "begin": "14.280", 
   "end": "14.640", 
   "id": "f000035", 
   "language": "en", 
   "lines": [
    "as"
   ]
  }, 
  {
   "begin": "14.640", 
   "end": "14.880", 
   "id": "f000036", 
   "language": "en", 
   "lines": [
    "it"
   ]
  }, 
  {
   "begin": "14.880", 
   "end": "15.160", 
   "id": "f000037", 
   "language": "en", 
   "lines": [
    "is"
   ]
  }, 
  {
   "begin": "15.160", 
   "end": "15.200", 
   "id": "f000038", 
   "language": "en", 
   "lines": [
    "in"
   ]
  }, 
  {
   "begin": "15.200", 
   "end": "15.720", 
   "id": "f000039", 
   "language": "en", 
   "lines": [
    "the"
   ]
  }, 
  {
   "begin": "15.720", 
   "end": "16.920", 
   "id": "f000040", 
   "language": "en", 
   "lines": [
    "hills,\u201d"
   ]
  }, 
  {
   "begin": "16.920", 
   "end": "17.120", 
   "id": "f000041", 
   "language": "en", 
   "lines": [
    "he"
   ]
  }, 
  {
   "begin": "17.120", 
   "end": "17.800", 
   "id": "f000042", 
   "language": "en", 
   "lines": [
    "says."
   ]
  }
 ]
}