{
 "fragments": [
  {
   "begin": "0.000", 
   "end": "0.400", 
   "id": "f000001", 
   "language": "en", 
   "lines": [
    "I"
   ]
  }, 
  {
   "begin": "0.400", 
   "end": "0.760", 
   "id": "f000002", 
   "language": "en", 
   "lines": [
    "think"
   ]
  }, 
  {
   "begin": "0.760", 
   "end": "0.880", 
   "id": "f000003", 
   "language": "en", 
   "lines": [
    "it"
   ]
  }, 
  {
   "begin": "0.880", 
   "end": "1.240", 
   "id": "f000004", 
   "language": "en", 
   "lines": [
    "is"
   ]
  }, 
  {
   "begin": "1.240", 
   "end": "1.520", 
   "id": "f000005", 
   "language": "en", 
   "lines": [
    "waiting"
   ]
  }, 
  {
   "begin": "1.520", 
   "end": "1.760", 
   "id": "f000006", 
   "language": "en", 
   "lines": [
    "for"
   ]
  }, 
  {
   "begin": "1.760", 
   "end": "1.840", 
   "id": "f000007", 
   "language": "en", 
   "lines": [
    "the"
   ]
  }, 
  {
   "begin": "1.840", 
   "end": "2.440", 
   "id": "f000008", 
   "language": "en", 
   "lines": [
    "rain.\n\n"
   ]
  }, 
  {
   "begin": "2.440", 
   "end": "2.520", 
   "id": "f000009", 
   "language": "en", 
   "lines": [
    "Will"
   ]
  }, 
  {
   "begin": "2.520", 
   "end": "3.320", 
   "id": "f000010", 
   "language": "en", 
   "lines": [
    "it"
   ]
  }, 
  {
   "begin": "3.320", 
   "end": "3.800", 
   "id": "f000011", 
   "language": "en", 
   "lines": [
    "bear"
   ]
  }, 
  {
   "begin": "3.800", 
   "end": "4.240", 
   "id": "f000012", 
   "language": "en", 
   "lines": [
    "a"
   ]
  }, 
  {
   "begin": "4.240", 
   "end": "4.520", 
   "id": "f000013", 
   "language": "en", 
   "lines": [
    "fruit"
   ]
  }, 
  {
   "begin": "4.520", 
   "end": "5.040", 
   "id": "f000014", 
   "language": "en", 
   "lines": [
    "for"
   ]
  }, 
  {
   "begin": "5.040", 
   "end": "5.240", 
   "id": "f000015", 
   "language": "en", 
   "lines": [
    "me"
   ]
  }, 
  {
   "begin": "5.240", 
   "end": "5.360", 
   "id": "f000016", 
   "language": "en", 
   "lines": [
    "next"
   ]
  }, 
  {
   "begin": "5.360", 
   "end": "6.120", 
   "id": "f000017", 
   "language": "en", 
   "lines": [
    "summer?"
   ]
  }
 ]
}