{
 "fragments": [
  {
   "begin": "0.000", 
   "end": "0.560", 
   "id": "f000001", 
   "language": "en", 
   "lines": [
    "Yesterday"
   ]
  }, 
  {
   "begin": "0.560", 
   "end": "1.160", 
   "id": "f000002", 
   "language": "en", 
   "lines": [
    "was"
   ]
  }, 
  {
   "begin": "1.160", 
   "end": "1.760", 
   "id": "f000003", 
   "language": "en", 
   "lines": [
    "new"
   ]
  }, 
  {
   "begin": "1.760", 
   "end": "2.160", 
   "id": "f000004", 
   "language": "en", 
   "lines": [
    "year\u2019s"
   ]
  }, 
  {
   "begin": "2.160", 
   "end": "2.200", 
   "id": "f000005", 
   "language": "en", 
   "lines": [
    "day"
   ]
  }, 
  {
   "begin": "2.200", 
   "end": "2.480", 
   "id": "f000006", 
   "language": "en", 
   "lines": [
    "for"
   ]
  }, 
  {
   "begin": "2.480", 
   "end": "2.920", 
   "id": "f000007", 
   "language": "en", 
   "lines": [
    "my"
   ]
  }, 
  {
   "begin": "2.920", 
   "end": "4.200", 
   "id": "f000008", 
   "language": "en", 
   "lines": [
    "family."
   ]
  }, 
  {
   "begin": "4.200", 
   "end": "4.640", 
   "id": "f000009", 
   "language": "en", 
   "lines": [
    "We"
   ]
  }, 
  {
   "begin": "4.640", 
   "end": "5.000", 
   "id": "f000010", 
   "language": "en", 
   "lines": [
    "call"
   ]
  }, 
  {
   "begin": "5.000", 
   "end": "5.280", 
   "id": "f000011", 
   "language": "en", 
   "lines": [
    "it"
   ]
  }, 
  {
   "begin": "5.280", 
   "end": "5.800", 
   "id": "f000012", 
   "language": "en", 
   "lines": [
    "Varsha"
   ]
  }, 
  {
   "begin": "5.800", 
   "end": "6.680", 
   "id": "f000013", 
   "language": "en", 
   "lines": [
    "Porappu"
   ]
  }, 
  {
   "begin": "6.680", 
   "end": "6.880", 
   "id": "f000014", 
   "language": "en", 
   "lines": [
    "in"
   ]
  }, 
  {
   "begin": "6.880", 
   "end": "8.360", 
   "id": "f000015", 
   "language": "en", 
   "lines": [
    "Tamil."
   ]
  }, 
  {
   "begin": "8.360", 
   "end": "8.440", 
   "id": "f000016", 
   "language": "en", 
   "lines": [
    "Why"
   ]
  }, 
  {
   "begin": "8.440", 
   "end": "8.680", 
   "id": "f000017", 
   "language": "en", 
   "lines": [
    "are"
   ]
  }, 
  {
   "begin": "8.680", 
   "end": "9.280", 
   "id": "f000018", 
   "language": "en", 
   "lines": [
    "there"
   ]
  }, 
  {
   "begin": "9.280", 
   "end": "9.680", 
   "id": "f000019", 
   "language": "en", 
   "lines": [
    "so"
   ]
  }, 
  {
   "begin": "9.680", 
   "end": "10.320", 
   "id": "f000020", 
   "language": "en", 
   "lines": [
    "many"
   ]
  }, 
  {
   "begin": "10.320", 
   "end": "10.800", 
   "id": "f000021", 
   "language": "en", 
   "lines": [
    "new"
   ]
  }, 
  {
   "begin": "10.800", 
   "end": "11.160", 
   "id": "f000022", 
   "language": "en", 
   "lines": [
    "year\u2019s"
   ]
  }, 
  {
   "begin": "11.160", 
   "end": "11.160", 
   "id": "f000023", 
   "language": "en", 
   "lines": [
    "days"
   ]
  }, 
  {
   "begin": "11.160", 
   "end": "11.200", 
   "id": "f000024", 
   "language": "en", 
   "lines": [
    "in"
   ]
  }, 
  {
   "begin": "11.200", 
   "end": "11.480", 
   "id": "f000025", 
   "language": "en", 
   "lines": [
    "the"
   ]
  }, 
  {
   "begin": "11.480", 
   "end": "11.960", 
   "id": "f000026", 
   "language": "en", 
   "lines": [
    "same"
   ]
  }, 
  {
   "begin": "11.960", 
   "end": "13.040", 
   "id": "f000027", 
   "language": "en", 
   "lines": [
    "year?\n"
   ]
  }, 
  {
   "begin": "13.040", 
   "end": "13.880", 
   "id": "f000028", 
   "language": "en", 
   "lines": [
    "&nbsp;Grandma"
   ]
  }, 
  {
   "begin": "13.880", 
   "end": "14.160", 
   "id": "f000029", 
   "language": "en", 
   "lines": [
    "made"
   ]
  }, 
  {
   "begin": "14.160", 
   "end": "14.640", 
   "id": "f000030", 
   "language": "en", 
   "lines": [
    "raw"
   ]
  }, 
  {
   "begin": "14.640", 
   "end": "15.400", 
   "id": "f000031", 
   "language": "en", 
   "lines": [
    "mango"
   ]
  }, 
  {
   "begin": "15.400", 
   "end": "16.480", 
   "id": "f000032", 
   "language": "en", 
   "lines": [
    "panna."
   ]
  }, 
  {
   "begin": "16.480", 
   "end": "17.000", 
   "id": "f000033", 
   "language": "en", 
   "lines": [
    "So"
   ]
  }, 
  {
   "begin": "17.000", 
   "end": "17.400", 
   "id": "f000034", 
   "language": "en", 
   "lines": [
    "sweet"
   ]
  }, 
  {
   "begin": "17.400", 
   "end": "17.680", 
   "id": "f000035", 
   "language": "en", 
   "lines": [
    "and"
   ]
  }, 
  {
   "begin": "17.680", 
   "end": "18.600", 
   "id": "f000036", 
   "language": "en", 
   "lines": [
    "tangy!"
   ]
  }, 
  {
   "begin": "18.600", 
   "end": "19.680", 
   "id": "f000037", 
   "language": "en", 
   "lines": [
    "Jasmit\u2019s"
   ]
  }, 
  {
   "begin": "19.680", 
   "end": "20.000", 
   "id": "f000038", 
   "language": "en", 
   "lines": [
    "mother"
   ]
  }, 
  {
   "begin": "20.000", 
   "end": "20.720", 
   "id": "f000039", 
   "language": "en", 
   "lines": [
    "made"
   ]
  }, 
  {
   "begin": "20.720", 
   "end": "22.160", 
   "id": "f000040", 
   "language": "en", 
   "lines": [
    "lassi."
   ]
  }, 
  {
   "begin": "22.160", 
   "end": "22.600", 
   "id": "f000041", 
   "language": "en", 
   "lines": [
    "So"
   ]
  }, 
  {
   "begin": "22.600", 
   "end": "23.240", 
   "id": "f000042", 
   "language": "en", 
   "lines": [
    "cool"
   ]
  }, 
  {
   "begin": "23.240", 
   "end": "23.520", 
   "id": "f000043", 
   "language": "en", 
   "lines": [
    "and"
   ]
  }, 
  {
   "begin": "23.520", 
   "end": "25.240", 
   "id": "f000044", 
   "language": "en", 
   "lines": [
    "creamy!"
   ]
  }, 
  {
   "begin": "25.240", 
   "end": "25.760", 
   "id": "f000045", 
   "language": "en", 
   "lines": [
    "Last"
   ]
  }, 
  {
   "begin": "25.760", 
   "end": "26.520", 
   "id": "f000046", 
   "language": "en", 
   "lines": [
    "month,"
   ]
  }, 
  {
   "begin": "26.520", 
   "end": "27.200", 
   "id": "f000047", 
   "language": "en", 
   "lines": [
    "Farhan\u2019s"
   ]
  }, 
  {
   "begin": "27.200", 
   "end": "27.720", 
   "id": "f000048", 
   "language": "en", 
   "lines": [
    "aunty"
   ]
  }, 
  {
   "begin": "27.720", 
   "end": "28.000", 
   "id": "f000049", 
   "language": "en", 
   "lines": [
    "made"
   ]
  }, 
  {
   "begin": "28.000", 
   "end": "28.760", 
   "id": "f000050", 
   "language": "en", 
   "lines": [
    "falooda"
   ]
  }, 
  {
   "begin": "28.760", 
   "end": "29.480", 
   "id": "f000051", 
   "language": "en", 
   "lines": [
    "for"
   ]
  }, 
  {
   "begin": "29.480", 
   "end": "29.920", 
   "id": "f000052", 
   "language": "en", 
   "lines": [
    "their"
   ]
  }, 
  {
   "begin": "29.920", 
   "end": "29.920", 
   "id": "f000053", 
   "language": "en", 
   "lines": [
    "new"
   ]
  }, 
  {
   "begin": "29.920", 
   "end": "30.280", 
   "id": "f000054", 
   "language": "en", 
   "lines": [
    "year."
   ]
  }, 
  {
   "begin": "30.280", 
   "end": "30.880", 
   "id": "f000055", 
   "language": "en", 
   "lines": [
    "So"
   ]
  }, 
  {
   "begin": "30.880", 
   "end": "31.480", 
   "id": "f000056", 
   "language": "en", 
   "lines": [
    "milky"
   ]
  }, 
  {
   "begin": "31.480", 
   "end": "31.720", 
   "id": "f000057", 
   "language": "en", 
   "lines": [
    "and"
   ]
  }, 
  {
   "begin": "31.720", 
   "end": "32.920", 
   "id": "f000058", 
   "language": "en", 
   "lines": [
    "sweet-smelling!"
   ]
  }
 ]
}