{
 "fragments": [
  {
   "begin": "0.000", 
   "end": "0.320", 
   "id": "f000001", 
   "language": "en", 
   "lines": [
    "Do"
   ]
  }, 
  {
   "begin": "0.320", 
   "end": "0.880", 
   "id": "f000002", 
   "language": "en", 
   "lines": [
    "you"
   ]
  }, 
  {
   "begin": "0.880", 
   "end": "1.400", 
   "id": "f000003", 
   "language": "en", 
   "lines": [
    "remember"
   ]
  }, 
  {
   "begin": "1.400", 
   "end": "1.400", 
   "id": "f000004", 
   "language": "en", 
   "lines": [
    "the"
   ]
  }, 
  {
   "begin": "1.400", 
   "end": "1.480", 
   "id": "f000005", 
   "language": "en", 
   "lines": [
    "little"
   ]
  }, 
  {
   "begin": "1.480", 
   "end": "2.160", 
   "id": "f000006", 
   "language": "en", 
   "lines": [
    "sapling"
   ]
  }, 
  {
   "begin": "2.160", 
   "end": "2.520", 
   "id": "f000007", 
   "language": "en", 
   "lines": [
    "I"
   ]
  }, 
  {
   "begin": "2.520", 
   "end": "3.320", 
   "id": "f000008", 
   "language": "en", 
   "lines": [
    "planted"
   ]
  }, 
  {
   "begin": "3.320", 
   "end": "3.320", 
   "id": "f000009", 
   "language": "en", 
   "lines": [
    "in"
   ]
  }, 
  {
   "begin": "3.320", 
   "end": "4.240", 
   "id": "f000010", 
   "language": "en", 
   "lines": [
    "spring?"
   ]
  }, 
  {
   "begin": "4.240", 
   "end": "4.400", 
   "id": "f000011", 
   "language": "en", 
   "lines": [
    "It"
   ]
  }, 
  {
   "begin": "4.400", 
   "end": "5.120", 
   "id": "f000012", 
   "language": "en", 
   "lines": [
    "is"
   ]
  }, 
  {
   "begin": "5.120", 
   "end": "5.480", 
   "id": "f000013", 
   "language": "en", 
   "lines": [
    "my"
   ]
  }, 
  {
   "begin": "5.480", 
   "end": "5.480", 
   "id": "f000014", 
   "language": "en", 
   "lines": [
    "friend."
   ]
  }, 
  {
   "begin": "5.480", 
   "end": "5.920", 
   "id": "f000015", 
   "language": "en", 
   "lines": [
    "It"
   ]
  }, 
  {
   "begin": "5.920", 
   "end": "6.320", 
   "id": "f000016", 
   "language": "en", 
   "lines": [
    "is"
   ]
  }, 
  {
   "begin": "6.320", 
   "end": "6.960", 
   "id": "f000017", 
   "language": "en", 
   "lines": [
    "growing"
   ]
  }, 
  {
   "begin": "6.960", 
   "end": "7.520", 
   "id": "f000018", 
   "language": "en", 
   "lines": [
    "up."
   ]
  }, 
  {
   "begin": "7.520", 
   "end": "7.640", 
   "id": "f000019", 
   "language": "en", 
   "lines": [
    "It"
   ]
  }, 
  {
   "begin": "7.640", 
   "end": "8.320", 
   "id": "f000020", 
   "language": "en", 
   "lines": [
    "has"
   ]
  }, 
  {
   "begin": "8.320", 
   "end": "8.960", 
   "id": "f000021", 
   "language": "en", 
   "lines": [
    "seventeen"
   ]
  }, 
  {
   "begin": "8.960", 
   "end": "9.160", 
   "id": "f000022", 
   "language": "en", 
   "lines": [
    "leaves"
   ]
  }, 
  {
   "begin": "9.160", 
   "end": "10.160", 
   "id": "f000023", 
   "language": "en", 
   "lines": [
    "now."
   ]
  }, 
  {
   "begin": "10.160", 
   "end": "10.520", 
   "id": "f000024", 
   "language": "en", 
   "lines": [
    "I"
   ]
  }, 
  {
   "begin": "10.520", 
   "end": "10.720", 
   "id": "f000025", 
   "language": "en", 
   "lines": [
    "water"
   ]
  }, 
  {
   "begin": "10.720", 
   "end": "11.080", 
   "id": "f000026", 
   "language": "en", 
   "lines": [
    "the"
   ]
  }, 
  {
   "begin": "11.080", 
   "end": "11.440", 
   "id": "f000027", 
   "language": "en", 
   "lines": [
    "little"
   ]
  }, 
  {
   "begin": "11.440", 
   "end": "11.800", 
   "id": "f000028", 
   "language": "en", 
   "lines": [
    "tree"
   ]
  }, 
  {
   "begin": "11.800", 
   "end": "12.600", 
   "id": "f000029", 
   "language": "en", 
   "lines": [
    "twice"
   ]
  }, 
  {
   "begin": "12.600", 
   "end": "13.120", 
   "id": "f000030", 
   "language": "en", 
   "lines": [
    "every"
   ]
  }, 
  {
   "begin": "13.120", 
   "end": "13.480", 
   "id": "f000031", 
   "language": "en", 
   "lines": [
    "day"
   ]
  }, 
  {
   "begin": "13.480", 
   "end": "13.680", 
   "id": "f000032", 
   "language": "en", 
   "lines": [
    "in"
   ]
  }, 
  {
   "begin": "13.680", 
   "end": "14.200", 
   "id": "f000033", 
   "language": "en", 
   "lines": [
    "summer."
   ]
  }
 ]
}