{
 "fragments": [
  {
   "begin": "0.000", 
   "end": "0.440", 
   "id": "f000001", 
   "language": "en", 
   "lines": [
    "Appa"
   ]
  }, 
  {
   "begin": "0.440", 
   "end": "0.880", 
   "id": "f000002", 
   "language": "en", 
   "lines": [
    "has"
   ]
  }, 
  {
   "begin": "0.880", 
   "end": "1.160", 
   "id": "f000003", 
   "language": "en", 
   "lines": [
    "gone"
   ]
  }, 
  {
   "begin": "1.160", 
   "end": "1.480", 
   "id": "f000004", 
   "language": "en", 
   "lines": [
    "to"
   ]
  }, 
  {
   "begin": "1.480", 
   "end": "2.320", 
   "id": "f000005", 
   "language": "en", 
   "lines": [
    "Delhi."
   ]
  }, 
  {
   "begin": "2.320", 
   "end": "2.680", 
   "id": "f000006", 
   "language": "en", 
   "lines": [
    "He"
   ]
  }, 
  {
   "begin": "2.680", 
   "end": "3.160", 
   "id": "f000007", 
   "language": "en", 
   "lines": [
    "says"
   ]
  }, 
  {
   "begin": "3.160", 
   "end": "3.360", 
   "id": "f000008", 
   "language": "en", 
   "lines": [
    "it"
   ]
  }, 
  {
   "begin": "3.360", 
   "end": "3.760", 
   "id": "f000009", 
   "language": "en", 
   "lines": [
    "is"
   ]
  }, 
  {
   "begin": "3.760", 
   "end": "4.280", 
   "id": "f000010", 
   "language": "en", 
   "lines": [
    "very"
   ]
  }, 
  {
   "begin": "4.280", 
   "end": "4.760", 
   "id": "f000011", 
   "language": "en", 
   "lines": [
    "hot"
   ]
  }, 
  {
   "begin": "4.760", 
   "end": "5.000", 
   "id": "f000012", 
   "language": "en", 
   "lines": [
    "and"
   ]
  }, 
  {
   "begin": "5.000", 
   "end": "5.360", 
   "id": "f000013", 
   "language": "en", 
   "lines": [
    "dusty"
   ]
  }, 
  {
   "begin": "5.360", 
   "end": "6.560", 
   "id": "f000014", 
   "language": "en", 
   "lines": [
    "there."
   ]
  }, 
  {
   "begin": "6.560", 
   "end": "6.840", 
   "id": "f000015", 
   "language": "en", 
   "lines": [
    "In"
   ]
  }, 
  {
   "begin": "6.840", 
   "end": "7.320", 
   "id": "f000016", 
   "language": "en", 
   "lines": [
    "earlier"
   ]
  }, 
  {
   "begin": "7.320", 
   "end": "7.840", 
   "id": "f000017", 
   "language": "en", 
   "lines": [
    "times,"
   ]
  }, 
  {
   "begin": "7.840", 
   "end": "8.640", 
   "id": "f000018", 
   "language": "en", 
   "lines": [
    "people"
   ]
  }, 
  {
   "begin": "8.640", 
   "end": "9.000", 
   "id": "f000019", 
   "language": "en", 
   "lines": [
    "put"
   ]
  }, 
  {
   "begin": "9.000", 
   "end": "9.400", 
   "id": "f000020", 
   "language": "en", 
   "lines": [
    "mats"
   ]
  }, 
  {
   "begin": "9.400", 
   "end": "9.880", 
   "id": "f000021", 
   "language": "en", 
   "lines": [
    "made"
   ]
  }, 
  {
   "begin": "9.880", 
   "end": "9.920", 
   "id": "f000022", 
   "language": "en", 
   "lines": [
    "of"
   ]
  }, 
  {
   "begin": "9.920", 
   "end": "10.360", 
   "id": "f000023", 
   "language": "en", 
   "lines": [
    "khus"
   ]
  }, 
  {
   "begin": "10.360", 
   "end": "10.800", 
   "id": "f000024", 
   "language": "en", 
   "lines": [
    "on"
   ]
  }, 
  {
   "begin": "10.800", 
   "end": "11.600", 
   "id": "f000025", 
   "language": "en", 
   "lines": [
    "windows"
   ]
  }, 
  {
   "begin": "11.600", 
   "end": "11.840", 
   "id": "f000026", 
   "language": "en", 
   "lines": [
    "and"
   ]
  }, 
  {
   "begin": "11.840", 
   "end": "12.160", 
   "id": "f000027", 
   "language": "en", 
   "lines": [
    "kept"
   ]
  }, 
  {
   "begin": "12.160", 
   "end": "12.560", 
   "id": "f000028", 
   "language": "en", 
   "lines": [
    "them"
   ]
  }, 
  {
   "begin": "12.560", 
   "end": "12.960", 
   "id": "f000029", 
   "language": "en", 
   "lines": [
    "wet"
   ]
  }, 
  {
   "begin": "12.960", 
   "end": "13.280", 
   "id": "f000030", 
   "language": "en", 
   "lines": [
    "to"
   ]
  }, 
  {
   "begin": "13.280", 
   "end": "13.560", 
   "id": "f000031", 
   "language": "en", 
   "lines": [
    "cool"
   ]
  }, 
  {
   "begin": "13.560", 
   "end": "13.840", 
   "id": "f000032", 
   "language": "en", 
   "lines": [
    "their"
   ]
  }, 
  {
   "begin": "13.840", 
   "end": "14.360", 
   "id": "f000033", 
   "language": "en", 
   "lines": [
    "homes."
   ]
  }, 
  {
   "begin": "14.360", 
   "end": "15.120", 
   "id": "f000034", 
   "language": "en", 
   "lines": [
    "Appa"
   ]
  }, 
  {
   "begin": "15.120", 
   "end": "15.800", 
   "id": "f000035", 
   "language": "en", 
   "lines": [
    "wears"
   ]
  }, 
  {
   "begin": "15.800", 
   "end": "16.200", 
   "id": "f000036", 
   "language": "en", 
   "lines": [
    "dark"
   ]
  }, 
  {
   "begin": "16.200", 
   "end": "16.800", 
   "id": "f000037", 
   "language": "en", 
   "lines": [
    "glasses"
   ]
  }, 
  {
   "begin": "16.800", 
   "end": "17.080", 
   "id": "f000038", 
   "language": "en", 
   "lines": [
    "to"
   ]
  }, 
  {
   "begin": "17.080", 
   "end": "17.480", 
   "id": "f000039", 
   "language": "en", 
   "lines": [
    "shade"
   ]
  }, 
  {
   "begin": "17.480", 
   "end": "17.800", 
   "id": "f000040", 
   "language": "en", 
   "lines": [
    "his"
   ]
  }, 
  {
   "begin": "17.800", 
   "end": "18.560", 
   "id": "f000041", 
   "language": "en", 
   "lines": [
    "eyes."
   ]
  }
 ]
}