{
 "fragments": [
  {
   "begin": "0.000", 
   "end": "0.680", 
   "id": "f000001", 
   "language": "en", 
   "lines": [
    "Summer"
   ]
  }, 
  {
   "begin": "0.680", 
   "end": "0.840", 
   "id": "f000002", 
   "language": "en", 
   "lines": [
    "is"
   ]
  }, 
  {
   "begin": "0.840", 
   "end": "0.960", 
   "id": "f000003", 
   "language": "en", 
   "lines": [
    "the"
   ]
  }, 
  {
   "begin": "0.960", 
   "end": "1.720", 
   "id": "f000004", 
   "language": "en", 
   "lines": [
    "season"
   ]
  }, 
  {
   "begin": "1.720", 
   "end": "2.280", 
   "id": "f000005", 
   "language": "en", 
   "lines": [
    "between"
   ]
  }, 
  {
   "begin": "2.280", 
   "end": "2.920", 
   "id": "f000006", 
   "language": "en", 
   "lines": [
    "spring"
   ]
  }, 
  {
   "begin": "2.920", 
   "end": "3.400", 
   "id": "f000007", 
   "language": "en", 
   "lines": [
    "and"
   ]
  }, 
  {
   "begin": "3.400", 
   "end": "3.880", 
   "id": "f000008", 
   "language": "en", 
   "lines": [
    "monsoon."
   ]
  }, 
  {
   "begin": "3.880", 
   "end": "4.440", 
   "id": "f000009", 
   "language": "en", 
   "lines": [
    "It"
   ]
  }, 
  {
   "begin": "4.440", 
   "end": "4.800", 
   "id": "f000010", 
   "language": "en", 
   "lines": [
    "is"
   ]
  }, 
  {
   "begin": "4.800", 
   "end": "5.360", 
   "id": "f000011", 
   "language": "en", 
   "lines": [
    "called"
   ]
  }, 
  {
   "begin": "5.360", 
   "end": "6.120", 
   "id": "f000012", 
   "language": "en", 
   "lines": [
    "Greeshma"
   ]
  }, 
  {
   "begin": "6.120", 
   "end": "6.320", 
   "id": "f000013", 
   "language": "en", 
   "lines": [
    "Ritu"
   ]
  }, 
  {
   "begin": "6.320", 
   "end": "6.520", 
   "id": "f000014", 
   "language": "en", 
   "lines": [
    "in"
   ]
  }, 
  {
   "begin": "6.520", 
   "end": "7.720", 
   "id": "f000015", 
   "language": "en", 
   "lines": [
    "Sanskrit."
   ]
  }, 
  {
   "begin": "7.720", 
   "end": "8.280", 
   "id": "f000016", 
   "language": "en", 
   "lines": [
    "School"
   ]
  }, 
  {
   "begin": "8.280", 
   "end": "8.600", 
   "id": "f000017", 
   "language": "en", 
   "lines": [
    "has"
   ]
  }, 
  {
   "begin": "8.600", 
   "end": "9.120", 
   "id": "f000018", 
   "language": "en", 
   "lines": [
    "closed"
   ]
  }, 
  {
   "begin": "9.120", 
   "end": "9.120", 
   "id": "f000019", 
   "language": "en", 
   "lines": [
    "for"
   ]
  }, 
  {
   "begin": "9.120", 
   "end": "9.440", 
   "id": "f000020", 
   "language": "en", 
   "lines": [
    "the"
   ]
  }, 
  {
   "begin": "9.440", 
   "end": "11.040", 
   "id": "f000021", 
   "language": "en", 
   "lines": [
    "summer.\n"
   ]
  }, 
  {
   "begin": "11.040", 
   "end": "11.280", 
   "id": "f000022", 
   "language": "en", 
   "lines": [
    "My"
   ]
  }, 
  {
   "begin": "11.280", 
   "end": "11.720", 
   "id": "f000023", 
   "language": "en", 
   "lines": [
    "friends"
   ]
  }, 
  {
   "begin": "11.720", 
   "end": "12.040", 
   "id": "f000024", 
   "language": "en", 
   "lines": [
    "and"
   ]
  }, 
  {
   "begin": "12.040", 
   "end": "12.480", 
   "id": "f000025", 
   "language": "en", 
   "lines": [
    "I"
   ]
  }, 
  {
   "begin": "12.480", 
   "end": "12.720", 
   "id": "f000026", 
   "language": "en", 
   "lines": [
    "do"
   ]
  }, 
  {
   "begin": "12.720", 
   "end": "13.120", 
   "id": "f000027", 
   "language": "en", 
   "lines": [
    "not"
   ]
  }, 
  {
   "begin": "13.120", 
   "end": "13.480", 
   "id": "f000028", 
   "language": "en", 
   "lines": [
    "mind"
   ]
  }, 
  {
   "begin": "13.480", 
   "end": "13.840", 
   "id": "f000029", 
   "language": "en", 
   "lines": [
    "playing"
   ]
  }, 
  {
   "begin": "13.840", 
   "end": "14.480", 
   "id": "f000030", 
   "language": "en", 
   "lines": [
    "outside."
   ]
  }, 
  {
   "begin": "14.480", 
   "end": "15.000", 
   "id": "f000031", 
   "language": "en", 
   "lines": [
    "But"
   ]
  }, 
  {
   "begin": "15.000", 
   "end": "15.360", 
   "id": "f000032", 
   "language": "en", 
   "lines": [
    "our"
   ]
  }, 
  {
   "begin": "15.360", 
   "end": "16.080", 
   "id": "f000033", 
   "language": "en", 
   "lines": [
    "parents"
   ]
  }, 
  {
   "begin": "16.080", 
   "end": "16.280", 
   "id": "f000034", 
   "language": "en", 
   "lines": [
    "do"
   ]
  }, 
  {
   "begin": "16.280", 
   "end": "16.680", 
   "id": "f000035", 
   "language": "en", 
   "lines": [
    "not"
   ]
  }, 
  {
   "begin": "16.680", 
   "end": "17.040", 
   "id": "f000036", 
   "language": "en", 
   "lines": [
    "like"
   ]
  }, 
  {
   "begin": "17.040", 
   "end": "17.280", 
   "id": "f000037", 
   "language": "en", 
   "lines": [
    "us"
   ]
  }, 
  {
   "begin": "17.280", 
   "end": "17.440", 
   "id": "f000038", 
   "language": "en", 
   "lines": [
    "to"
   ]
  }, 
  {
   "begin": "17.440", 
   "end": "17.720", 
   "id": "f000039", 
   "language": "en", 
   "lines": [
    "play"
   ]
  }, 
  {
   "begin": "17.720", 
   "end": "17.720", 
   "id": "f000040", 
   "language": "en", 
   "lines": [
    "in"
   ]
  }, 
  {
   "begin": "17.720", 
   "end": "17.760", 
   "id": "f000041", 
   "language": "en", 
   "lines": [
    "the"
   ]
  }, 
  {
   "begin": "17.760", 
   "end": "18.480", 
   "id": "f000042", 
   "language": "en", 
   "lines": [
    "hot"
   ]
  }, 
  {
   "begin": "18.480", 
   "end": "19.320", 
   "id": "f000043", 
   "language": "en", 
   "lines": [
    "sun."
   ]
  }, 
  {
   "begin": "19.320", 
   "end": "19.920", 
   "id": "f000044", 
   "language": "en", 
   "lines": [
    "So"
   ]
  }, 
  {
   "begin": "19.920", 
   "end": "20.040", 
   "id": "f000045", 
   "language": "en", 
   "lines": [
    "we"
   ]
  }, 
  {
   "begin": "20.040", 
   "end": "20.160", 
   "id": "f000046", 
   "language": "en", 
   "lines": [
    "sit"
   ]
  }, 
  {
   "begin": "20.160", 
   "end": "20.440", 
   "id": "f000047", 
   "language": "en", 
   "lines": [
    "under"
   ]
  }, 
  {
   "begin": "20.440", 
   "end": "20.600", 
   "id": "f000048", 
   "language": "en", 
   "lines": [
    "the"
   ]
  }, 
  {
   "begin": "20.600", 
   "end": "21.400", 
   "id": "f000049", 
   "language": "en", 
   "lines": [
    "trees"
   ]
  }, 
  {
   "begin": "21.400", 
   "end": "21.640", 
   "id": "f000050", 
   "language": "en", 
   "lines": [
    "and"
   ]
  }, 
  {
   "begin": "21.640", 
   "end": "21.880", 
   "id": "f000051", 
   "language": "en", 
   "lines": [
    "eat"
   ]
  }, 
  {
   "begin": "21.880", 
   "end": "22.840", 
   "id": "f000052", 
   "language": "en", 
   "lines": [
    "fruits"
   ]
  }, 
  {
   "begin": "22.840", 
   "end": "23.000", 
   "id": "f000053", 
   "language": "en", 
   "lines": [
    "and"
   ]
  }, 
  {
   "begin": "23.000", 
   "end": "23.320", 
   "id": "f000054", 
   "language": "en", 
   "lines": [
    "tell"
   ]
  }, 
  {
   "begin": "23.320", 
   "end": "24.200", 
   "id": "f000055", 
   "language": "en", 
   "lines": [
    "stories."
   ]
  }
 ]
}