{
 "fragments": [
  {
   "begin": "0.000", 
   "end": "0.360", 
   "id": "f000001", 
   "language": "en", 
   "lines": [
    "So,"
   ]
  }, 
  {
   "begin": "0.360", 
   "end": "1.040", 
   "id": "f000002", 
   "language": "en", 
   "lines": [
    "you\u2019re"
   ]
  }, 
  {
   "begin": "1.040", 
   "end": "1.600", 
   "id": "f000003", 
   "language": "en", 
   "lines": [
    "saying"
   ]
  }, 
  {
   "begin": "1.600", 
   "end": "1.840", 
   "id": "f000004", 
   "language": "en", 
   "lines": [
    "the"
   ]
  }, 
  {
   "begin": "1.840", 
   "end": "2.200", 
   "id": "f000005", 
   "language": "en", 
   "lines": [
    "dog"
   ]
  }, 
  {
   "begin": "2.200", 
   "end": "2.400", 
   "id": "f000006", 
   "language": "en", 
   "lines": [
    "ate"
   ]
  }, 
  {
   "begin": "2.400", 
   "end": "2.800", 
   "id": "f000007", 
   "language": "en", 
   "lines": [
    "your"
   ]
  }, 
  {
   "begin": "2.800", 
   "end": "3.720", 
   "id": "f000008", 
   "language": "en", 
   "lines": [
    "homework?"
   ]
  }
 ]
}