{
 "fragments": [
  {
   "begin": "0.000", 
   "end": "0.600", 
   "id": "f000001", 
   "language": "en", 
   "lines": [
    "If"
   ]
  }, 
  {
   "begin": "0.600", 
   "end": "1.160", 
   "id": "f000002", 
   "language": "en", 
   "lines": [
    "I"
   ]
  }, 
  {
   "begin": "1.160", 
   "end": "1.520", 
   "id": "f000003", 
   "language": "en", 
   "lines": [
    "had"
   ]
  }, 
  {
   "begin": "1.520", 
   "end": "1.720", 
   "id": "f000004", 
   "language": "en", 
   "lines": [
    "not"
   ]
  }, 
  {
   "begin": "1.720", 
   "end": "1.920", 
   "id": "f000005", 
   "language": "en", 
   "lines": [
    "woken"
   ]
  }, 
  {
   "begin": "1.920", 
   "end": "2.120", 
   "id": "f000006", 
   "language": "en", 
   "lines": [
    "up"
   ]
  }, 
  {
   "begin": "2.120", 
   "end": "2.320", 
   "id": "f000007", 
   "language": "en", 
   "lines": [
    "the"
   ]
  }, 
  {
   "begin": "2.320", 
   "end": "3.440", 
   "id": "f000008", 
   "language": "en", 
   "lines": [
    "baby,"
   ]
  }, 
  {
   "begin": "3.440", 
   "end": "3.760", 
   "id": "f000009", 
   "language": "en", 
   "lines": [
    "my"
   ]
  }, 
  {
   "begin": "3.760", 
   "end": "3.920", 
   "id": "f000010", 
   "language": "en", 
   "lines": [
    "mother"
   ]
  }, 
  {
   "begin": "3.920", 
   "end": "4.360", 
   "id": "f000011", 
   "language": "en", 
   "lines": [
    "would"
   ]
  }, 
  {
   "begin": "4.360", 
   "end": "4.600", 
   "id": "f000012", 
   "language": "en", 
   "lines": [
    "not"
   ]
  }, 
  {
   "begin": "4.600", 
   "end": "4.840", 
   "id": "f000013", 
   "language": "en", 
   "lines": [
    "have"
   ]
  }, 
  {
   "begin": "4.840", 
   "end": "5.160", 
   "id": "f000014", 
   "language": "en", 
   "lines": [
    "rushed"
   ]
  }, 
  {
   "begin": "5.160", 
   "end": "5.600", 
   "id": "f000015", 
   "language": "en", 
   "lines": [
    "out"
   ]
  }, 
  {
   "begin": "5.600", 
   "end": "5.720", 
   "id": "f000016", 
   "language": "en", 
   "lines": [
    "of"
   ]
  }, 
  {
   "begin": "5.720", 
   "end": "5.720", 
   "id": "f000017", 
   "language": "en", 
   "lines": [
    "the"
   ]
  }, 
  {
   "begin": "5.720", 
   "end": "7.040", 
   "id": "f000018", 
   "language": "en", 
   "lines": [
    "kitchen.\n"
   ]
  }, 
  {
   "begin": "7.040", 
   "end": "7.240", 
   "id": "f000019", 
   "language": "en", 
   "lines": [
    "If"
   ]
  }, 
  {
   "begin": "7.240", 
   "end": "7.560", 
   "id": "f000020", 
   "language": "en", 
   "lines": [
    "my"
   ]
  }, 
  {
   "begin": "7.560", 
   "end": "7.800", 
   "id": "f000021", 
   "language": "en", 
   "lines": [
    "mother"
   ]
  }, 
  {
   "begin": "7.800", 
   "end": "8.200", 
   "id": "f000022", 
   "language": "en", 
   "lines": [
    "had"
   ]
  }, 
  {
   "begin": "8.200", 
   "end": "8.680", 
   "id": "f000023", 
   "language": "en", 
   "lines": [
    "not"
   ]
  }, 
  {
   "begin": "8.680", 
   "end": "8.920", 
   "id": "f000024", 
   "language": "en", 
   "lines": [
    "rushed"
   ]
  }, 
  {
   "begin": "8.920", 
   "end": "9.200", 
   "id": "f000025", 
   "language": "en", 
   "lines": [
    "out"
   ]
  }, 
  {
   "begin": "9.200", 
   "end": "9.360", 
   "id": "f000026", 
   "language": "en", 
   "lines": [
    "of"
   ]
  }, 
  {
   "begin": "9.360", 
   "end": "9.560", 
   "id": "f000027", 
   "language": "en", 
   "lines": [
    "the"
   ]
  }, 
  {
   "begin": "9.560", 
   "end": "10.240", 
   "id": "f000028", 
   "language": "en", 
   "lines": [
    "kitchen,"
   ]
  }, 
  {
   "begin": "10.240", 
   "end": "10.600", 
   "id": "f000029", 
   "language": "en", 
   "lines": [
    "the"
   ]
  }, 
  {
   "begin": "10.600", 
   "end": "11.360", 
   "id": "f000030", 
   "language": "en", 
   "lines": [
    "monkey"
   ]
  }, 
  {
   "begin": "11.360", 
   "end": "11.400", 
   "id": "f000031", 
   "language": "en", 
   "lines": [
    "would"
   ]
  }, 
  {
   "begin": "11.400", 
   "end": "11.960", 
   "id": "f000032", 
   "language": "en", 
   "lines": [
    "not"
   ]
  }, 
  {
   "begin": "11.960", 
   "end": "12.200", 
   "id": "f000033", 
   "language": "en", 
   "lines": [
    "have"
   ]
  }, 
  {
   "begin": "12.200", 
   "end": "12.240", 
   "id": "f000034", 
   "language": "en", 
   "lines": [
    "got"
   ]
  }, 
  {
   "begin": "12.240", 
   "end": "13.080", 
   "id": "f000035", 
   "language": "en", 
   "lines": [
    "in."
   ]
  }
 ]
}