{
 "fragments": [
  {
   "begin": "0.000", 
   "end": "0.000", 
   "id": "f000001", 
   "language": "en", 
   "lines": [
    "If"
   ]
  }, 
  {
   "begin": "0.000", 
   "end": "0.360", 
   "id": "f000002", 
   "language": "en", 
   "lines": [
    "my"
   ]
  }, 
  {
   "begin": "0.360", 
   "end": "1.080", 
   "id": "f000003", 
   "language": "en", 
   "lines": [
    "father"
   ]
  }, 
  {
   "begin": "1.080", 
   "end": "1.600", 
   "id": "f000004", 
   "language": "en", 
   "lines": [
    "had"
   ]
  }, 
  {
   "begin": "1.600", 
   "end": "1.960", 
   "id": "f000005", 
   "language": "en", 
   "lines": [
    "not"
   ]
  }, 
  {
   "begin": "1.960", 
   "end": "2.400", 
   "id": "f000006", 
   "language": "en", 
   "lines": [
    "bought"
   ]
  }, 
  {
   "begin": "2.400", 
   "end": "2.960", 
   "id": "f000007", 
   "language": "en", 
   "lines": [
    "rotis"
   ]
  }, 
  {
   "begin": "2.960", 
   "end": "3.240", 
   "id": "f000008", 
   "language": "en", 
   "lines": [
    "and"
   ]
  }, 
  {
   "begin": "3.240", 
   "end": "3.640", 
   "id": "f000009", 
   "language": "en", 
   "lines": [
    "chicken"
   ]
  }, 
  {
   "begin": "3.640", 
   "end": "4.080", 
   "id": "f000010", 
   "language": "en", 
   "lines": [
    "curry"
   ]
  }, 
  {
   "begin": "4.080", 
   "end": "4.280", 
   "id": "f000011", 
   "language": "en", 
   "lines": [
    "at"
   ]
  }, 
  {
   "begin": "4.280", 
   "end": "4.520", 
   "id": "f000012", 
   "language": "en", 
   "lines": [
    "the"
   ]
  }, 
  {
   "begin": "4.520", 
   "end": "5.280", 
   "id": "f000013", 
   "language": "en", 
   "lines": [
    "tea-shop,"
   ]
  }, 
  {
   "begin": "5.280", 
   "end": "5.720", 
   "id": "f000014", 
   "language": "en", 
   "lines": [
    "the"
   ]
  }, 
  {
   "begin": "5.720", 
   "end": "5.880", 
   "id": "f000015", 
   "language": "en", 
   "lines": [
    "dog"
   ]
  }, 
  {
   "begin": "5.880", 
   "end": "6.480", 
   "id": "f000016", 
   "language": "en", 
   "lines": [
    "would"
   ]
  }, 
  {
   "begin": "6.480", 
   "end": "6.760", 
   "id": "f000017", 
   "language": "en", 
   "lines": [
    "not"
   ]
  }, 
  {
   "begin": "6.760", 
   "end": "7.080", 
   "id": "f000018", 
   "language": "en", 
   "lines": [
    "have"
   ]
  }, 
  {
   "begin": "7.080", 
   "end": "7.600", 
   "id": "f000019", 
   "language": "en", 
   "lines": [
    "followed"
   ]
  }, 
  {
   "begin": "7.600", 
   "end": "7.880", 
   "id": "f000020", 
   "language": "en", 
   "lines": [
    "him"
   ]
  }, 
  {
   "begin": "7.880", 
   "end": "8.800", 
   "id": "f000021", 
   "language": "en", 
   "lines": [
    "home."
   ]
  }
 ]
}