{
 "fragments": [
  {
   "begin": "0.000", 
   "end": "0.520", 
   "id": "f000001", 
   "language": "en", 
   "lines": [
    "If"
   ]
  }, 
  {
   "begin": "0.520", 
   "end": "1.080", 
   "id": "f000002", 
   "language": "en", 
   "lines": [
    "I"
   ]
  }, 
  {
   "begin": "1.080", 
   "end": "1.320", 
   "id": "f000003", 
   "language": "en", 
   "lines": [
    "had"
   ]
  }, 
  {
   "begin": "1.320", 
   "end": "1.520", 
   "id": "f000004", 
   "language": "en", 
   "lines": [
    "not"
   ]
  }, 
  {
   "begin": "1.520", 
   "end": "1.720", 
   "id": "f000005", 
   "language": "en", 
   "lines": [
    "taken"
   ]
  }, 
  {
   "begin": "1.720", 
   "end": "1.960", 
   "id": "f000006", 
   "language": "en", 
   "lines": [
    "the"
   ]
  }, 
  {
   "begin": "1.960", 
   "end": "2.360", 
   "id": "f000007", 
   "language": "en", 
   "lines": [
    "ladder"
   ]
  }, 
  {
   "begin": "2.360", 
   "end": "2.560", 
   "id": "f000008", 
   "language": "en", 
   "lines": [
    "to"
   ]
  }, 
  {
   "begin": "2.560", 
   "end": "3.040", 
   "id": "f000009", 
   "language": "en", 
   "lines": [
    "climb"
   ]
  }, 
  {
   "begin": "3.040", 
   "end": "3.880", 
   "id": "f000010", 
   "language": "en", 
   "lines": [
    "it,"
   ]
  }, 
  {
   "begin": "3.880", 
   "end": "4.320", 
   "id": "f000011", 
   "language": "en", 
   "lines": [
    "I"
   ]
  }, 
  {
   "begin": "4.320", 
   "end": "4.560", 
   "id": "f000012", 
   "language": "en", 
   "lines": [
    "would"
   ]
  }, 
  {
   "begin": "4.560", 
   "end": "4.680", 
   "id": "f000013", 
   "language": "en", 
   "lines": [
    "not"
   ]
  }, 
  {
   "begin": "4.680", 
   "end": "5.000", 
   "id": "f000014", 
   "language": "en", 
   "lines": [
    "have"
   ]
  }, 
  {
   "begin": "5.000", 
   "end": "5.480", 
   "id": "f000015", 
   "language": "en", 
   "lines": [
    "needed"
   ]
  }, 
  {
   "begin": "5.480", 
   "end": "5.880", 
   "id": "f000016", 
   "language": "en", 
   "lines": [
    "to"
   ]
  }, 
  {
   "begin": "5.880", 
   "end": "6.360", 
   "id": "f000017", 
   "language": "en", 
   "lines": [
    "fix"
   ]
  }, 
  {
   "begin": "6.360", 
   "end": "7.000", 
   "id": "f000018", 
   "language": "en", 
   "lines": [
    "it."
   ]
  }, 
  {
   "begin": "7.000", 
   "end": "7.000", 
   "id": "f000019", 
   "language": "en", 
   "lines": [
    "\n"
   ]
  }, 
  {
   "begin": "7.000", 
   "end": "7.200", 
   "id": "f000020", 
   "language": "en", 
   "lines": [
    "If"
   ]
  }, 
  {
   "begin": "7.200", 
   "end": "7.800", 
   "id": "f000021", 
   "language": "en", 
   "lines": [
    "I"
   ]
  }, 
  {
   "begin": "7.800", 
   "end": "8.000", 
   "id": "f000022", 
   "language": "en", 
   "lines": [
    "had"
   ]
  }, 
  {
   "begin": "8.000", 
   "end": "8.040", 
   "id": "f000023", 
   "language": "en", 
   "lines": [
    "not"
   ]
  }, 
  {
   "begin": "8.040", 
   "end": "8.600", 
   "id": "f000024", 
   "language": "en", 
   "lines": [
    "needed"
   ]
  }, 
  {
   "begin": "8.600", 
   "end": "8.960", 
   "id": "f000025", 
   "language": "en", 
   "lines": [
    "to"
   ]
  }, 
  {
   "begin": "8.960", 
   "end": "9.360", 
   "id": "f000026", 
   "language": "en", 
   "lines": [
    "fix"
   ]
  }, 
  {
   "begin": "9.360", 
   "end": "9.800", 
   "id": "f000027", 
   "language": "en", 
   "lines": [
    "it,"
   ]
  }, 
  {
   "begin": "9.800", 
   "end": "10.320", 
   "id": "f000028", 
   "language": "en", 
   "lines": [
    "I"
   ]
  }, 
  {
   "begin": "10.320", 
   "end": "10.560", 
   "id": "f000029", 
   "language": "en", 
   "lines": [
    "wouldn\u2019t"
   ]
  }, 
  {
   "begin": "10.560", 
   "end": "10.800", 
   "id": "f000030", 
   "language": "en", 
   "lines": [
    "have"
   ]
  }, 
  {
   "begin": "10.800", 
   "end": "10.880", 
   "id": "f000031", 
   "language": "en", 
   "lines": [
    "woken"
   ]
  }, 
  {
   "begin": "10.880", 
   "end": "11.040", 
   "id": "f000032", 
   "language": "en", 
   "lines": [
    "up"
   ]
  }, 
  {
   "begin": "11.040", 
   "end": "11.600", 
   "id": "f000033", 
   "language": "en", 
   "lines": [
    "the"
   ]
  }, 
  {
   "begin": "11.600", 
   "end": "12.240", 
   "id": "f000034", 
   "language": "en", 
   "lines": [
    "baby."
   ]
  }
 ]
}