{
 "fragments": [
  {
   "begin": "0.000", 
   "end": "0.000", 
   "id": "f000001", 
   "language": "en", 
   "lines": [
    "If"
   ]
  }, 
  {
   "begin": "0.000", 
   "end": "0.760", 
   "id": "f000002", 
   "language": "en", 
   "lines": [
    "the"
   ]
  }, 
  {
   "begin": "0.760", 
   "end": "1.480", 
   "id": "f000003", 
   "language": "en", 
   "lines": [
    "dog"
   ]
  }, 
  {
   "begin": "1.480", 
   "end": "2.000", 
   "id": "f000004", 
   "language": "en", 
   "lines": [
    "had"
   ]
  }, 
  {
   "begin": "2.000", 
   "end": "2.520", 
   "id": "f000005", 
   "language": "en", 
   "lines": [
    "not"
   ]
  }, 
  {
   "begin": "2.520", 
   "end": "3.480", 
   "id": "f000006", 
   "language": "en", 
   "lines": [
    "followed"
   ]
  }, 
  {
   "begin": "3.480", 
   "end": "4.160", 
   "id": "f000007", 
   "language": "en", 
   "lines": [
    "him"
   ]
  }, 
  {
   "begin": "4.160", 
   "end": "4.560", 
   "id": "f000008", 
   "language": "en", 
   "lines": [
    "home,"
   ]
  }, 
  {
   "begin": "4.560", 
   "end": "4.720", 
   "id": "f000009", 
   "language": "en", 
   "lines": [
    "he"
   ]
  }, 
  {
   "begin": "4.720", 
   "end": "4.720", 
   "id": "f000010", 
   "language": "en", 
   "lines": [
    "would"
   ]
  }, 
  {
   "begin": "4.720", 
   "end": "4.720", 
   "id": "f000011", 
   "language": "en", 
   "lines": [
    "not"
   ]
  }, 
  {
   "begin": "4.720", 
   "end": "4.720", 
   "id": "f000012", 
   "language": "en", 
   "lines": [
    "have"
   ]
  }, 
  {
   "begin": "4.720", 
   "end": "5.240", 
   "id": "f000013", 
   "language": "en", 
   "lines": [
    "eaten"
   ]
  }, 
  {
   "begin": "5.240", 
   "end": "5.760", 
   "id": "f000014", 
   "language": "en", 
   "lines": [
    "my"
   ]
  }, 
  {
   "begin": "5.760", 
   "end": "6.800", 
   "id": "f000015", 
   "language": "en", 
   "lines": [
    "homework."
   ]
  }
 ]
}