{
 "fragments": [
  {
   "begin": "0.000", 
   "end": "0.840", 
   "id": "f000001", 
   "language": "en", 
   "lines": [
    "Why"
   ]
  }, 
  {
   "begin": "0.840", 
   "end": "1.200", 
   "id": "f000002", 
   "language": "en", 
   "lines": [
    "haven\u2019t"
   ]
  }, 
  {
   "begin": "1.200", 
   "end": "1.400", 
   "id": "f000003", 
   "language": "en", 
   "lines": [
    "you"
   ]
  }, 
  {
   "begin": "1.400", 
   "end": "1.560", 
   "id": "f000004", 
   "language": "en", 
   "lines": [
    "done"
   ]
  }, 
  {
   "begin": "1.560", 
   "end": "1.800", 
   "id": "f000005", 
   "language": "en", 
   "lines": [
    "your"
   ]
  }, 
  {
   "begin": "1.800", 
   "end": "3.560", 
   "id": "f000006", 
   "language": "en", 
   "lines": [
    "homework?\n"
   ]
  }, 
  {
   "begin": "3.560", 
   "end": "3.560", 
   "id": "f000007", 
   "language": "en", 
   "lines": [
    ""
   ]
  }, 
  {
   "begin": "3.560", 
   "end": "4.360", 
   "id": "f000008", 
   "language": "en", 
   "lines": [
    "Miss,"
   ]
  }, 
  {
   "begin": "4.360", 
   "end": "4.800", 
   "id": "f000009", 
   "language": "en", 
   "lines": [
    "it\u2019s"
   ]
  }, 
  {
   "begin": "4.800", 
   "end": "5.160", 
   "id": "f000010", 
   "language": "en", 
   "lines": [
    "all"
   ]
  }, 
  {
   "begin": "5.160", 
   "end": "5.200", 
   "id": "f000011", 
   "language": "en", 
   "lines": [
    "the"
   ]
  }, 
  {
   "begin": "5.200", 
   "end": "5.680", 
   "id": "f000012", 
   "language": "en", 
   "lines": [
    "cat\u2019s"
   ]
  }, 
  {
   "begin": "5.680", 
   "end": "6.920", 
   "id": "f000013", 
   "language": "en", 
   "lines": [
    "fault."
   ]
  }
 ]
}