{"id":167,"name":"Where is Gogo?","writtenby":"Mala Kumar, Manisha Chaudhry","illustrationsby":"Soumya Menon","translationby":"Mala Kumar, Manisha Chaudhry","source":"Pratham Books","status":"active","level":2,"pages":[{"id":1942,"content":"Toto loved animals. He worked in a zoo. One day he saw that Gogo, the gorilla's cage was empty. Toto was shocked. He set off to find him.","pageno":1,"image":"5482cf8535eed6e2ad464293bbafdfa9.jpg","audio":"44a85009007dcc93c9908bab190fe58f.mp3","audio_map":"8cb8b3e7fe55ee712eaf994388930e62.json","language":[{"language_id":11,"content":"\u0b9f\u0bcb\u0b9f\u0bcd\u0b9f\u0bcb\u0bb5\u0bc1\u0b95\u0bcd\u0b95\u0bc1 \u0bb5\u0bbf\u0bb2\u0b99\u0bcd\u0b95\u0bc1\u0b95\u0bb3\u0bc8 \u0bae\u0bbf\u0b95\u0bb5\u0bc1\u0bae\u0bcd \u0baa\u0bbf\u0b9f\u0bbf\u0b95\u0bcd\u0b95\u0bc1\u0bae\u0bcd. \u0b85\u0bb5\u0ba9\u0bcd \u0b92\u0bb0\u0bc1 \u0bae\u0bbf\u0bb0\u0bc1\u0b95\u0b95\u0bcd\u0b95\u0bbe\u0b9f\u0bcd\u0b9a\u0bbf \u0b9a\u0bbe\u0bb2\u0bc8\u0baf\u0bbf\u0bb2\u0bcd (\u0b9c\u0bc2) \u0bb5\u0bc7\u0bb2\u0bc8 \u0b9a\u0bc6\u0baf\u0bcd\u0ba4\u0bbe\u0ba9\u0bcd. \u0b92\u0bb0\u0bc1 \u0ba8\u0bbe\u0bb3\u0bcd \u0b95\u0bcb\u0b95\u0bcb \u0b8e\u0ba9\u0bcd\u0bb1 \u0bae\u0ba9\u0bbf\u0ba4\u0b95\u0bcd\u0b95\u0bc1\u0bb0\u0b99\u0bcd\u0b95\u0bc1 \u0b87\u0bb0\u0bc1\u0b95\u0bcd\u0b95\u0bc1\u0bae\u0bcd \u0b95\u0bc2\u0ba3\u0bcd\u0b9f\u0bc1 \u0b95\u0bbe\u0bb2\u0bbf\u0baf\u0bbe\u0b95 \u0b87\u0bb0\u0bc1\u0baa\u0bcd\u0baa\u0ba4\u0bc8\u0baa\u0bcd \u0baa\u0bbe\u0bb0\u0bcd\u0ba4\u0bcd\u0ba4\u0bbe\u0ba9\u0bcd. \u0b85\u0ba4\u0bbf\u0bb0\u0bcd\u0b9a\u0bcd\u0b9a\u0bbf\u0baf\u0bbe\u0ba9 \u0b9f\u0bcb\u0b9f\u0bcd\u0b9f\u0bcb, \u0b95\u0bcb\u0b95\u0bcb\u0bb5\u0bc8\u0b95\u0bcd \u0b95\u0ba3\u0bcd\u0b9f\u0bc1\u0baa\u0bbf\u0b9f\u0bbf\u0b95\u0bcd\u0b95\u0baa\u0bcd \u0baa\u0bcb\u0ba9\u0bbe\u0ba9\u0bcd."},{"language_id":13,"content":"\u0679\u0648\u0679\u0648 \u062c\u0627\u0646\u0648\u0631\u0648\u06ba \u0633\u06d2 \u0645\u062d\u0628\u062a \u06a9\u0631\u062a\u0627 \u062a\u06be\u0627. \u0648\u06c1 \u0627\u06cc\u06a9 \u0686\u0691\u06cc\u0627 \u06af\u06be\u0631 \u0645\u06cc\u06ba \u06a9\u0627\u0645 \u06a9\u0631\u062a\u0627 \u062a\u06be\u0627.\u0627\u06cc\u06a9 \u062f\u0646 \u0627\u0633 \u0646\u06d2\u062f\u06cc\u06a9\u06be\u0627 \u06a9\u06c1 \u06af\u0648\u06af\u0648 \u06af\u0648\u0631\u0644\u0644\u0627 \u06a9\u0627 \u067e\u0646\u062c\u0631\u0627 \u062e\u0627\u0644\u06cc \u062a\u06be\u0627.\u0679\u0648\u0679\u0648 \u0686\u0648\u0646\u06a9 \u06af\u06cc\u0627. \u0648\u06c1 \u0627\u0633\u06a9\u0648 \u062a\u0644\u0627\u0634\u0646\u06d2 \u06a9\u06d2 \u0644\u06d2 \u0646\u06a9\u0644 \u067e\u0691\u0627"},{"language_id":2,"content":"\u099f\u09cb\u099f\u09be \u099c\u09a8\u09cd\u09a4\u09c1 \u09a6\u09c7\u09b0 \u0996\u09c1\u09ac \u09aa\u099b\u09a8\u09cd\u09a6 \u0995\u09b0\u09a4\u09cb\u0964 \u09b8\u09c7 \u098f\u0995\u099f\u09be \u099a\u09bf\u09dc\u09bf\u09df\u09be\u0996\u09be\u09a8\u09be\u098f\u0995\u09be\u099c \u0995\u09b0\u09a4\u09cb\u0964\u098f\u0995 \u09a6\u09bf\u09a8 \u0993 \u0997\u09cb\u0997\u09cb \u0997\u09c7\u09be\u09b0\u09bf\u09b2\u09be\u09b0 \u0996\u09be\u0981\u099a\u09be \u099f\u09be \u0996\u09be\u09b2\u09bf \u09a6\u09c7\u0996\u09c7 \r\n\u0996\u09c1\u09ac\u0998\u09be\u09ac\u09dc\u09c7 \u0997\u09c7\u09b2\u09cb\u0964 \u09b8\u09c7 \u09a4\u09be\u0995\u09c7 \u0996\u09c1\u0981\u099c\u09a4\u09c7 \u09b6\u09c1\u09b0\u09c1 \u0995\u09b0\u09b2\u09cb\u0964"},{"language_id":1,"content":"\u099f\u09c1\u09a8\u099f\u09c1\u09a8\u09c7 \u099c\u09a8\u09cd\u09a4\u09c1 \u09ac\u09b9\u09c1\u09a4 \u09ad\u09be\u09b2 \u09aa\u09be\u0987\u099b\u09bf\u09b2 \u0964 \r\n\u09b8\u09bf \u098f\u0996\u09a8 \u099a\u09bf\u09f0\u09bf\u09df\u09be\u0996\u09be\u09a8\u09be\u09a4 \u099c\u09c0\u09f1 \u099c\u09a8\u09cd\u09a4\u09c1\u0995 \u099a\u09cb\u09f1\u09be- \u099a\u09bf\u09a4\u09be\u09f0 \u0995\u09be\u09ae \u0995\u09f0\u09bf\u099b\u09bf\u09b2 \u0964 \r\n\u098f\u09a6\u09bf\u09a8\u09be\u0996\u09a8 \u09b8\u09bf \u0997\u09cc\u0997\u09cc \u0997\u09f0\u09bf\u09b2\u09be\u09f0 \u09b8\u099c\u09be\u099f\u09cb\u09f0 \u09a6\u09c1\u09f1\u09be\u09f0 \u0996\u09c1\u09b2\u09bf \u09a5\u0995\u09be \u09a6\u09c7\u0996\u09bf\u09b2\u09c7 \u0964 \r\n\u099f\u09c1\u09a8\u099f\u09c1\u09a8\u09f0 \u09ac\u09b9\u09c1\u09a4 \u09ad\u09df \u09b2\u09be\u0997\u09bf\u09b2 \u0986\u09f0\u09c1 \u09b8\u09bf \u0997\u09cc\u0997\u09cc\u0995 \u09ac\u09bf\u099a\u09be\u09f0\u09bf \u0997'\u09b2\u0964"},{"language_id":7,"content":"\u0ca4\u0ccb\u0ca4\u0ccb \u0caa\u0ccd\u0cb0\u0cbe\u0ca3\u0cbf\u0c97\u0cb3\u0ca8\u0ccd\u0ca8\u0cc1\u0ca4\u0cc1\u0c82\u0cac \u0c87\u0cb7\u0ccd\u0c9f\u0caa\u0ca1\u0cc1\u0ca4\u0ccd\u0ca4\u0cbf\u0ca6\u0ccd\u0ca6\u0ca8\u0cc1.\u0c86\u0cb5\u0ca8\u0cc1\u0cae\u0cc3\u0c97\u0cbe\u0cb2\u0caf\u0ca6\u0cb2\u0ccd\u0cb2\u0cbf \u0c95\u0cc6\u0cb2\u0cb8 \u0cae\u0cbe\u0ca1\u0cbf\u0c95\u0cca\u0c82\u0ca1\u0cc1 \u0c87\u0ca6\u0ccd\u0ca6\u0ca8\u0cc1.\u0c92\u0c82\u0ca6\u0cc1 \u0ca6\u0cbf\u0ca8 \u0c85\u0cb5\u0ca8\u0cc1 \u0ca8\u0ccb\u0ca1\u0cbf\u0ca6\u0cbe\u0c97, \u0c97\u0ccb\u0c97\u0ccb\u0c97\u0ccb\u0cb0\u0cbf\u0cb2\u0ccd\u0cb2\u0cbe\u0ca6\u0caa\u0c82\u0c9c\u0cb0 \u0c96\u0cbe\u0cb2\u0cbf\u0caf\u0cbe\u0c97\u0cbf\u0ca4\u0ccd\u0ca4\u0cc1.\u0ca4\u0ccb\u0ca4\u0ccb\u0c97\u0cc6 \u0cb9\u0cc6\u0ca6\u0cb0\u0cbf\u0c95\u0cc6\u0caf\u0cbe\u0caf\u0cbf\u0ca4\u0cc1. \u0c85\u0cb5\u0ca8\u0cc1\u0c97\u0ccb\u0c97\u0ccb\u0ca8\u0ca8\u0ccd\u0ca8\u0cc1 \u0cb9\u0cc1\u0ca1\u0cc1\u0c95\u0cb2\u0cc1 \u0cb9\u0cca\u0cb0\u0c9f\u0ca8\u0cc1."}]},{"id":1943,"content":"Gogo must have run towards the jungle, thought Toto. He looked behind every bush and tree. The animals in the forest watched Toto. But Toto could not find Gogo anywhere.","pageno":2,"image":"d313b11aff5006870d29cd6eda3b897c.jpg","audio":"08c7fd53cfc5726634d7ae014eba614a.mp3","audio_map":"afb238dda2df7a6ecdf5efa9997516af.json","language":[{"language_id":11,"content":"\u0b95\u0bcb\u0b95\u0bcb \u0b95\u0bbe\u0b9f\u0bcd\u0b9f\u0bbf\u0bb1\u0bcd\u0b95\u0bc1\u0bb3\u0bcd\u0bb3\u0bc7 \u0b93\u0b9f\u0bbf\u0baf\u0bbf\u0bb0\u0bc1\u0b95\u0bcd\u0b95\u0bc1\u0bae\u0bcd \u0b8e\u0ba9\u0bcd\u0bb1\u0bc1 \u0b9f\u0bcb\u0b9f\u0bcd\u0b9f\u0bcb \u0ba8\u0bbf\u0ba9\u0bc8\u0ba4\u0bcd\u0ba4\u0bbe\u0ba9\u0bcd. \u0b85\u0bb5\u0ba9\u0bcd \u0b8e\u0bb2\u0bcd\u0bb2\u0bbe \u0baa\u0bc1\u0ba4\u0bb0\u0bcd\u0b95\u0bb3\u0bbf\u0bb2\u0bc1\u0bae\u0bcd \u0bae\u0bb0\u0b99\u0bcd\u0b95\u0bb3\u0bc1\u0b95\u0bcd\u0b95\u0bc1\u0baa\u0bcd \u0baa\u0bbf\u0ba9\u0bcd\u0ba9\u0bc1\u0bae\u0bcd \u0ba4\u0bc7\u0b9f\u0bbf\u0ba9\u0bbe\u0ba9\u0bcd. \u0b85\u0b99\u0bcd\u0b95\u0bbf\u0bb0\u0bc1\u0ba8\u0bcd\u0ba4 \u0bae\u0bbf\u0bb0\u0bc1\u0b95\u0b99\u0bcd\u0b95\u0bb3\u0bcd \u0b8e\u0bb2\u0bcd\u0bb2\u0bbe\u0bae\u0bcd \u0b9f\u0bcb\u0b9f\u0bcd\u0b9f\u0bcb\u0bb5\u0bc8\u0baa\u0bcd \u0baa\u0bbe\u0bb0\u0bcd\u0ba4\u0bcd\u0ba4\u0bc1\u0b95\u0bcd\u0b95\u0bca\u0ba3\u0bcd\u0b9f\u0bc1 \u0b87\u0bb0\u0bc1\u0ba8\u0bcd\u0ba4\u0ba9. \u0b86\u0ba9\u0bbe\u0bb2\u0bcd \u0b9f\u0bcb\u0b9f\u0bcd\u0b9f\u0bcb\u0bb5\u0bbe\u0bb2\u0bcd \u0b95\u0bcb\u0b95\u0bcb\u0bb5\u0bc8 \u0b8e\u0b99\u0bcd\u0b95\u0bc1\u0bae\u0bcd \u0b95\u0ba3\u0bcd\u0b9f\u0bc1\u0baa\u0bbf\u0b9f\u0bbf\u0b95\u0bcd\u0b95 \u0bae\u0bc1\u0b9f\u0bbf\u0baf\u0bb5\u0bbf\u0bb2\u0bcd\u0bb2\u0bc8."},{"language_id":13,"content":"\u06af\u0648\u06af\u0648 \u062c\u0646\u06af\u0644 \u06a9\u06cc \u0637\u0631\u0641 \u06af\u06cc\u0627\u06be\u0648\u06af\u0627\u060c \u0679\u0648\u0679\u0648\u0646\u06d2 \u0633\u0648\u0686\u0627.\u0627\u0633 \u0646\u06d2\u062d\u0631 \u0627\u06cc\u06a9\u062c\u06be\u0627\u0688\u06cc \u0627\u0648\u0631 \u062f\u0631\u062e\u062a\u06a9\u06d2 \u067e\u06cc\u0686\u06be\u06d2 \u062f\u06cc\u06a9\u06be\u0627.\u062c\u0646\u06af\u0644 \u0645\u06cc\u06ba \u062c\u0627\u0646\u0648\u0631 \u0679\u0648\u0679\u0648\u06a9\u0648\u062f\u06cc\u06a9\u06be \u0631\u06be\u06d2\u062a\u06be\u06d2.\u0644\u06cc\u06a9\u0646 \u0679\u0648\u0679\u0648\u06a9\u0648 \u06af\u0648\u06af\u0648\u06a9\u062d\u06cc\u0646 \u0646\u062d\u06cc \u0645\u0644\u0627."},{"language_id":2,"content":"\u099f\u09cb\u099f\u09cb \u09ad\u09be\u09ac\u09b2\u09cb, \u09af\u09c7 \u0997\u09cb\u0997\u09cb \u09ac\u09cb\u09a7\u09df \u099c\u0999\u09cd\u0997\u09b2 \r\n\u098f\u09b0 \u09a6\u09bf\u0995\u09c7\u0987 \u0997\u09c7\u099b\u09c7 \u0964 \u09b8\u09c7 \u09b8\u09ac \u099d\u09be\u09dc-\u099d\u09cb\u09aa \u0986\u09b0 \u0997\u09be\u099b\u09c7\u09b0 \u09aa\u09bf\u099b\u09a8\u09c7 \r\n\u09a6\u09c7\u0996\u09b2\u09cb\u0964 \u099c\u0999\u09cd\u0997\u09b2\u09c7\u09b0 \u09b8\u09ac \u09aa\u09b6\u09c1\u09b0\u09be \u099f\u09cb\u099f\u09cb \u0995\u09c7 \u09a6\u09c7\u0996\u099b\u09bf\u09b2\u09cb\u0964 \u0995\u09bf\u09a8\u09cd\u09a4\u09c1 \u099f\u09cb\u099f\u09cb \u0997\u09cb\u0997\u09cb \u0995\u09c7 \u0995\u09cb\u09a5\u09be\u0993 \u0996\u09c1\u0981\u099c\u09c7 \u09aa\u09c7\u09b2\u09cb \u09a8\u09be\u0964"},{"language_id":1,"content":"\u0997\u09cc\u0997\u09cc \u09b9\u09be\u09ac\u09bf\u09f0 \u09ab\u09be\u09b2\u09c7 \u0997\u09c8\u099b\u09c7 \u099a\u09be\u0997\u09c7 ! \r\n\u098f\u09a8\u09c7\u0995\u09c8 \u09ad\u09be\u09ac\u09bf \u099f\u09c1\u09a8\u099f\u09c1\u09a8\u09c7 \u09aa\u09cd\u09f0\u09a4\u09cd\u09af\u09c7\u0995 \u099c\u09cb\u09aa\u09be \u0997\u099b\u09f0 \u09aa\u09bf\u099b\u09ab\u09be\u09b2\u09c7 \u09ac\u09bf\u099b\u09be\u09f0\u09bf\u09ac \u09a7\u09f0\u09bf\u09b2\u09c7 \u0964 \r\n\u09b9\u09be\u09ac\u09bf\u09f0 \u0986\u09a8 \u0986\u09a8 \u099c\u09a8\u09cd\u09a4\u09c1\u09ac\u09cb\u09f0\u09c7 \u099f\u09c1\u09a8\u099f\u09c1\u09a8\u0995 \u09ae\u09a8\u09c7-\u09ae\u09a8\u09c7 \u099a\u09be\u0987 \u0986\u099b\u09bf\u09b2 \u0964 \r\n\u0995\u09bf\u09a8\u09cd\u09a4\u09c1 \u0997\u09cc\u0997\u09cc\u0995 \u0995'\u09a4\u09cb \u09ac\u09bf\u099a\u09be\u09f0\u09bf \u09a8\u09be\u09aa\u09be\u09b2\u09c7 \u0964"},{"language_id":7,"content":"\u0c97\u0ccb\u0c97\u0ccb\u0c95\u0cbe\u0ca1\u0cbf\u0ca8 \u0c95\u0ca1\u0cc6\u0c97\u0cc7 \u0c93\u0ca1\u0cbf\u0cb0\u0cac\u0cb9\u0cc1\u0ca6\u0cc1 \u0c8e\u0c82\u0ca6\u0cc1, \u0ca4\u0ccb\u0ca4\u0ccb \u0caf\u0ccb\u0c9a\u0cbf\u0cb8\u0cbf\u0ca6\u0ca8\u0cc1.\u0c85\u0cb5\u0ca8\u0cc1 \u0caa\u0ccd\u0cb0\u0ca4\u0cbf\u0caf\u0cca\u0c82\u0ca6\u0cc1 \u0caa\u0cca\u0ca6\u0cc6 \u0cb9\u0cbe\u0c97\u0cc2 \u0cae\u0cb0\u0ca6 \u0cb9\u0cbf\u0c82\u0ca6\u0cc6 \u0cb9\u0cc1\u0ca1\u0cc1\u0c95\u0cbe\u0ca1\u0cbf\u0ca6\u0ca8\u0cc1.\u0c95\u0cbe\u0ca1\u0cbf\u0ca8\u0cb2\u0ccd\u0cb2\u0cbf\u0ca6\u0ccd\u0ca6 \u0caa\u0ccd\u0cb0\u0cbe\u0ca3\u0cbf\u0c97\u0cb3\u0cc1 \u0ca4\u0ccb\u0ca4\u0ccb\u0ca8\u0ca8\u0ccd\u0ca8\u0cc1\u0cac\u0c9a\u0ccd\u0c9a\u0cbf\u0c95\u0cca\u0c82\u0ca1\u0cc1 \u0ca8\u0ccb\u0ca1\u0cc1\u0ca4\u0ccd\u0ca4\u0cbf\u0ca6\u0ccd\u0ca6\u0cb5\u0cc1.\u0c86\u0ca6\u0cb0\u0cc6 \u0ca4\u0ccb\u0ca4\u0ccb\u0ca8\u0cbf\u0c97\u0cc6, \u0c97\u0ccb\u0c97\u0ccb\u0c8e\u0cb2\u0ccd\u0cb2\u0cc2 \u0cb8\u0cbf\u0c97\u0cb2\u0cbf\u0cb2\u0ccd\u0cb2."}]},{"id":1944,"content":"Toto whipped out his field glasses. He scanned the area across the river. Was Gogo on the other side?","pageno":3,"image":"3a3e7f0ae206c05bf8903d2635ea3a31.jpg","audio":"20c25c4c4b5b7bbb066c3463855f861a.mp3","audio_map":"f1cba1ceb97dae43978be32155bd41fb.json","language":[{"language_id":11,"content":"\u0b9f\u0bcb\u0b9f\u0bcd\u0b9f\u0bcb \u0ba4\u0ba9\u0ba4\u0bc1 \u0baa\u0bc8\u0ba9\u0bbe\u0b95\u0bcd\u0b95\u0bc1\u0bb2\u0bb0\u0bcd \u0b95\u0ba3\u0bcd\u0ba3\u0bbe\u0b9f\u0bbf\u0baf\u0bc8 \u0bb5\u0bc6\u0bb3\u0bbf\u0baf\u0bc7 \u0b8e\u0b9f\u0bc1\u0ba4\u0bcd\u0ba4\u0bbe\u0ba9\u0bcd. \u0b85\u0b99\u0bcd\u0b95\u0bbf\u0bb0\u0bc1\u0ba8\u0bcd\u0ba4 \u0b86\u0bb1\u0bcd\u0bb1\u0bc8\u0b9a\u0bcd \u0b9a\u0bc1\u0bb1\u0bcd\u0bb1\u0bbf \u0baa\u0bc8\u0ba9\u0bbe\u0b95\u0bcd\u0b95\u0bc1\u0bb2\u0bb0\u0bcd \u0bae\u0bc2\u0bb2\u0bae\u0bcd \u0baa\u0bbe\u0bb0\u0bcd\u0ba4\u0bcd\u0ba4\u0bbe\u0ba9\u0bcd. \u0b92\u0bb0\u0bc1\u0bb5\u0bc7\u0bb3\u0bc8, \u0b95\u0bcb\u0b95\u0bcb, \u0b86\u0bb1\u0bcd\u0bb1\u0bbf\u0ba9\u0bcd \u0bae\u0bb1\u0bc1\u0b95\u0bb0\u0bc8\u0b95\u0bcd\u0b95\u0bc1\u0baa\u0bcd \u0baa\u0bcb\u0baf\u0bbf\u0bb0\u0bc1\u0b95\u0bcd\u0b95\u0bc1\u0bae\u0bcb ?"},{"language_id":13,"content":"\u0679\u0648\u0679\u0648\u0646\u06d2\u062f\u0648\u0631\u0628\u06cc\u0646 \u06a9\u0648 \u0628\u0627\u06c1\u0631\u0646\u06a9\u0627\u0644\u0627\u0627\u0648\u0631\r\n\u062f\u0631\u06cc\u0627 \u06a9\u06d2 \u0627\u0633 \u067e\u0627\u0631 \u06a9\u0627 \u062c\u0627\u06d2\u0632\u0627 \u0644\u06cc\u0627\r\n\u06a9\u06cc\u0627\u06af\u0648\u06af\u0648\u062f\u0631\u06cc\u0627\u06a9\u06d2\u062f\u0648\u0633\u0631\u06cc \u0637\u0631\u0641 \u062a\u06be\u0627\u061f"},{"language_id":2,"content":"\u099f\u09cb\u099f\u09cb \u09ab\u09cb\u099f \u0995\u09b0\u09c7 \u09a8\u09bf\u099c\u09c7\u09b0 \u09ac\u09be\u0987\u09a8\u09cb\u0995\u09c1\u09b2\u09be\u09b0 \u09ac\u09be\u09b0 \u0995\u09b0\u09b2\u09cb\u0964 \u09b8\u09c7 \u09a8\u09a6\u09c0 \u099c\u09c1\u09dc\u09c7 \u09aa\u09c1\u09b0\u09cb\u098f\u09b2\u09be\u0995\u09be \u099f\u09be \r\n\u09a6\u09c7\u0996\u09b2\u09cb\u0964 \u0997\u09cb\u0997\u09cb \u0995\u09c0 \u0993\u09aa\u09be\u09b0\u09c7 \u0986\u099b\u09c7?"},{"language_id":1,"content":"\u099f\u09c1\u09a8\u099f\u09c1\u09a8\u09c7 \u09a6\u09c2\u09f0\u09ac\u09bf\u09a3\u09c7\u09f0\u09c7 \u09a8\u09a6\u09c0\u09f0 \u09aa\u09be\u09f0\u09a4 \u099a\u09be\u09ac \u09a7\u09f0\u09bf\u09b2\u09c7 \u0964 \r\n\u0997\u09cc\u0997\u09cc \u09a8\u09a6\u09c0\u09f0 \u09b8\u09bf\u09aa\u09be\u09f0\u09b2\u09c8\u09a4\u09cb  \u09aa\u09b2\u09be\u0987 \u09af\u09cb\u09f1\u09be \u09a8\u09be\u0987 ?"},{"language_id":7,"content":"\u0ca8\u0ca6\u0cbf\u0caf \u0cb9\u0ca4\u0ccd\u0ca4\u0cbf\u0cb0\u0cb9\u0ccb\u0c97\u0cbf, \u0ca4\u0ccb\u0ca4\u0ccb \u0ca6\u0cc1\u0cb0\u0ccd\u0cac\u0cc0\u0ca8\u0cbf\u0ca8\u0cbf\u0c82\u0ca6 \u0cb8\u0cc1\u0ca4\u0ccd\u0ca4\u0cae\u0cc1\u0ca4\u0ccd\u0ca4 \u0cb9\u0cc1\u0ca1\u0cc1\u0c95\u0cbe\u0ca1\u0cbf\u0ca6.\u0c97\u0ccb\u0c97\u0ccb \u0c8f\u0ca8\u0cbe\u0ca6\u0cb0\u0cc2 \u0ca8\u0ca6\u0cbf\u0caf \u0c86\u0cac\u0ca6\u0cbf\u0c97\u0cc6 \u0c93\u0ca1\u0cbf\u0cb9\u0ccb\u0c97\u0cbf\u0cb0\u0cac\u0cb9\u0cc1\u0ca6\u0cc7?"}]},{"id":1945,"content":"Gogo was not to be found. Toto took a deep breath and dived into the river. What if Gogo was holding his breath and hiding underwater?","pageno":4,"image":"b987d94aa8415a30e5ae45c6004c792d.jpg","audio":"c7441980eaabd3150826fadd7b838deb.mp3","audio_map":"8f39605c4888dc3d8cef086db7d8d444.json","language":[{"language_id":11,"content":"\u0b86\u0ba9\u0bbe\u0bb2\u0bcd \u0b95\u0bcb\u0b95\u0bcb\u0bb5\u0bc8\u0b95\u0bcd \u0b95\u0ba3\u0bcd\u0b9f\u0bc1\u0baa\u0bbf\u0b9f\u0bbf\u0b95\u0bcd\u0b95 \u0bae\u0bc1\u0b9f\u0bbf\u0baf\u0bb5\u0bbf\u0bb2\u0bcd\u0bb2\u0bc8. \u0b9f\u0bcb\u0b9f\u0bcd\u0b9f\u0bcb, \u0bae\u0bc2\u0b9a\u0bcd\u0b9a\u0bc8 \u0b87\u0bb4\u0bc1\u0ba4\u0bcd\u0ba4\u0bc1\u0b95\u0bcd\u0b95\u0bca\u0ba3\u0bcd\u0b9f\u0bc1 \u0b86\u0bb1\u0bcd\u0bb1\u0bbf\u0bb2\u0bcd \u0b95\u0bc1\u0ba4\u0bbf\u0ba4\u0bcd\u0ba4\u0bbe\u0ba9\u0bcd. \u0b92\u0bb0\u0bc1 \u0bb5\u0bc7\u0bb3\u0bc8, \u0b95\u0bcb\u0b95\u0bcb\u0bb5\u0bc1\u0bae\u0bcd \u0bae\u0bc2\u0b9a\u0bcd\u0b9a\u0bc8 \u0b85\u0b9f\u0b95\u0bcd\u0b95\u0bbf\u0b95\u0bcd\u0b95\u0bca\u0ba3\u0bcd\u0b9f\u0bc1, \u0ba4\u0ba3\u0bcd\u0ba3\u0bbf\u0bb0\u0bc1\u0b95\u0bcd\u0b95\u0bc1 \u0b85\u0b9f\u0bbf\u0baf\u0bbf\u0bb2\u0bcd \u0b92\u0bb3\u0bbf\u0ba8\u0bcd\u0ba4\u0bbf\u0bb0\u0bc1\u0ba8\u0bcd\u0ba4\u0bbe\u0bb2\u0bcd ??"},{"language_id":13,"content":"\u06af\u0648\u06af\u0648 \u062f\u06a9\u06be\u0627\u0626\u06cc \u0646\u06c1\u06cc\u06ba \u062f\u06d2 \u0631\u06c1\u0627 \u062a\u06be\u0627. \u0679\u0648\u0679\u0648\u0646\u06d2 \u0627\u06cc\u06a9 \u06af\u06c1\u0631\u06cc \u0633\u0627\u0646\u0633 \u0644\u06cc\u0627\u0648\u0631 \u062f\u0631\u06cc\u0627 \u0645\u06cc\u06ba \u0686\u06be\u0644\u0627\u0646\u06af \u0644\u06af\u0627 \u062f\u06cc\u06a9\u06cc\u0627 \u067e\u062a\u0627 \u06af\u0648\u06af\u0648 \u067e\u0627\u0646\u06cc \u06a9\u06d2 \u0627\u0646\u062f\u0631 \u0686\u06be\u067e\u0627 \u06be\u0648"},{"language_id":2,"content":"\u0997\u09cb\u0997\u09cb \u0995\u09c7 \u0995\u09cb\u09a5\u09be\u0993 \u09aa\u09be\u0993\u09df\u09be \u09af\u09be\u099a\u09cd\u099b\u09bf\u09b2\u09cb \u09a8\u09be\u0964\u099f\u09cb\u099f\u09cb \u0997\u09ad\u09c0\u09b0 \u09a8\u09bf\u0983\u09b6\u09cd\u09ac\u09be\u09b8 \u09a8\u09bf\u09b2\u09cb \u0986\u09b0 \u09a8\u09a6\u09c0 \r\n\u09a4\u09c7 \u099d\u09be\u0981\u09aa\u09bf\u09df\u09c7 \u09aa\u09dc\u09b2\u09cb\u0964 \r\n\u09af\u09a6\u09bf \u0997\u09cb\u0997\u09cb \u09a8\u09a6\u09c0\u09b0\u09ae\u09a7\u09cd\u09af\u09c7 \u09a6\u09ae \u09ac\u09a8\u09cd\u09a7 \r\n\u0995\u09b0\u09c7 \u09b2\u09c1\u0995\u09bf\u09df\u09c7 \u09a5\u09be\u0995\u09c7 ?"},{"language_id":1,"content":"\u09b8\u09bf \u0997\u09cc\u0997\u09cc\u0995 \u09ac\u09bf\u099a\u09be\u09f0\u09bf \u09a8\u09be\u09aa\u09be\u09b2\u09c7 \u0964 \r\n\u0997\u09cc\u0997\u09cc \u09aa\u09be\u09a8\u09c0\u09f0 \u09a4\u09b2\u09a4 \u09b2\u09c1\u0995\u09be\u0987 \u09a5\u0995\u09be \u09ac\u09c1\u09b2\u09bf \u098f\u0987\u09ac\u09be\u09f0 \u099f\u09c1\u09a8\u099f\u09c1\u09a8\u09c7 \u09a8\u09a6\u09c0\u09a4 \u099c\u09aa\u09bf\u09af\u09bc\u09be\u0987 \u09aa\u09f0\u09bf\u09b2 \u0964"},{"language_id":7,"content":"\u0c97\u0ccb\u0c97\u0ccb\u0c8e\u0cb2\u0ccd\u0cb2\u0cc2 \u0c95\u0cbe\u0ca3\u0cb2\u0cbf\u0cb2\u0ccd\u0cb2.\u0c95\u0cca\u0ca8\u0cc6\u0c97\u0cc6 \u0ca4\u0ccb\u0ca4\u0ccb \u0ca7\u0cc0\u0cb0\u0ccd\u0c97 \u0c89\u0cb8\u0cbf\u0cb0\u0cc6\u0cb3\u0cc6\u0ca6\u0cc1, \u0ca8\u0ca6\u0cbf\u0caf\u0cb2\u0ccd\u0cb2\u0cbf \u0ca7\u0cc1\u0cae\u0cc1\u0c95\u0cbf\u0ca6\u0ca8\u0cc1.\u0c97\u0ccb\u0c97\u0ccb \u0c8f\u0ca8\u0cbe\u0ca6\u0cb0\u0cc2\u0c89\u0cb8\u0cbf\u0cb0\u0cc1 \u0c95\u0c9f\u0ccd\u0c9f\u0cbf\u0c95\u0cca\u0c82\u0ca1\u0cc1 \u0ca8\u0cc0\u0cb0\u0ca1\u0cbf\u0caf\u0cb2\u0ccd\u0cb2\u0cbf \u0c85\u0cb5\u0cbf\u0ca4\u0cc1\u0c95\u0cca\u0c82\u0ca1\u0cbf\u0ca6\u0ccd\u0ca6\u0cb0\u0cc6?"}]},{"id":1946,"content":"Moti, the dog took pity on him. He barked and looked towards the store nearby. Ah! Toto finally had a lead.","pageno":5,"image":"f3dab5ca3852da9962ea2df5feda0f6f.jpg","audio":"31c4cf094c4f1ff9c827ca4081ed3d59.mp3","audio_map":"b37c32c0ee15177ef9dc62bd603d6fa1.json","language":[{"language_id":11,"content":"\u0b85\u0b99\u0bcd\u0b95\u0bbf\u0bb0\u0bc1\u0ba8\u0bcd\u0ba4 \u0bae\u0bcb\u0b9f\u0bcd\u0b9f\u0bbf \u0b8e\u0ba9\u0bcd\u0bb1 \u0ba8\u0bbe\u0baf\u0bcd\u0b95\u0bcd\u0b95\u0bc1 \u0b9f\u0bcb\u0b9f\u0bcd\u0b9f\u0bcb\u0bb5\u0bc8\u0baa\u0bcd \u0baa\u0bbe\u0bb0\u0bcd\u0b95\u0bcd\u0b95\u0baa\u0bcd \u0baa\u0bbe\u0bb5\u0bae\u0bbe\u0baf\u0bcd \u0b87\u0bb0\u0bc1\u0ba8\u0bcd\u0ba4\u0ba4\u0bc1. \u0b85\u0ba4\u0bc1 \u0b95\u0bc1\u0bb0\u0bc8\u0ba4\u0bcd\u0ba4\u0bc1\u0b95\u0bcd\u0b95\u0bca\u0ba3\u0bcd\u0b9f\u0bc7 \u0b85\u0bb0\u0bc1\u0b95\u0bbf\u0bb2\u0bcd \u0b87\u0bb0\u0bc1\u0ba8\u0bcd\u0ba4 \u0b95\u0b9f\u0bc8\u0baa\u0bcd \u0baa\u0b95\u0bcd\u0b95\u0bae\u0bcd \u0baa\u0bbe\u0bb0\u0bcd\u0ba4\u0bcd\u0ba4\u0ba4\u0bc1.\r\n\u0b86 !! \u0b9f\u0bcb\u0b9f\u0bcd\u0b9f\u0bcb\u0bb5\u0bc1\u0b95\u0bcd\u0b95\u0bc1\u0b95\u0bcd \u0b95\u0b9f\u0bc8\u0b9a\u0bbf\u0baf\u0bbe\u0b95 \u0b92\u0bb0\u0bc1 \u0bb5\u0bb4\u0bbf \u0b95\u0bbf\u0b9f\u0bc8\u0ba4\u0bcd\u0ba4\u0ba4\u0bc1 !"},{"language_id":13,"content":"\u0645\u0648\u062a\u06cc\u060c \u06a9\u062a\u06d2\u06a9\u0648 \u0627\u0633 \u067e\u0631 \u062a\u0631\u0633 \u0622\u06cc\u0627.\u0627\u0633 \u0646\u06d2 \u06c1\u0627\u0646\u06a9 \u0644\u06af\u0627\u0626\u06cc \u0627\u0648\u0631 \u0642\u0631\u06cc\u0628\u06cc \u0627\u0633\u0679\u0648\u0631 \u06a9\u06cc \u0633\u0645\u062a \u062f\u06cc\u06a9\u06be\u0627.\u0622\u06c1! \u0679\u0648\u0679\u0648 \u0646\u06d2 \u0622\u062e\u0631 \u0633\u0645\u062c\u06be \u0644\u06cc\u0627."},{"language_id":2,"content":"\u0995\u09c1\u0995\u09c1\u09b0 \u09ae\u09a4\u09bf, \u09a4\u09be\u09b0 \u0993\u09aa\u09b0 \u0995\u09b0\u09c1\u09a8\u09be \u0995\u09b0\u09c7\u0964 \u09b8\u09c7 \u0996\u09c1\u09ac \u099c\u09cb\u09b0\u09c7 \u09a1\u09be\u0995\u09c7 \u0986\u09b0 \u0995\u09be\u099b\u09c7\u0987 \r\n\u09a6\u09cb\u0995\u09be\u09a8\u09c7\u09b0 \u09a6\u09bf\u0995\u09c7 \u09a4\u09be\u0995\u09be\u098f\u0964 \u0986\u09b9 ! \u099f\u09cb\u099f\u09cb \u098f\u09ac\u09be\u09b0 \u0995\u09bf\u099b\u09c1-\u0995\u09bf\u099b\u09c1 \u09ac\u09c1\u099d\u09a4\u09c7 \u09aa\u09be\u09b0\u09b2\u0964"},{"language_id":1,"content":"\u0987\u09ae\u09be\u09a8 \u099a\u09bf\u09a8\u09cd\u09a4\u09bf\u09a4 \u09a6\u09c7\u0996\u09bf \u09ae\u099f\u09bf \u09a8\u09be\u09ae\u09f0 \u0995\u09c1\u0995\u09c1\u09f0\u099f\u09cb\u09f1\u09c7 \u09ad\u09cc..\u09ad\u09cc.. \u09ad\u09cc...\u09ad\u09cc..\u0995\u09c8 \u09ad\u09dc\u09be\u09b2 \u0998\u09f0\u09f0 \u09ab\u09be\u09b2\u09c7 \u099a\u09be\u0987 \u09ad\u09c2\u0995\u09bf\u09ac\u09b2\u09c8 \u09a7\u09f0\u09be\u09a4 \u099f\u09c1\u09a8\u099f\u09c1\u09a8\u09c7 \u09ac\u09c1\u099c\u09bf \u09aa\u09be\u09b2\u09c7\u0964"},{"language_id":7,"content":"\u0c87\u0cb5\u0ca8 \u0c95\u0cb7\u0ccd\u0c9f \u0ca8\u0ccb\u0ca1\u0cbf\u0ca6 \u0ca8\u0cbe\u0caf\u0cbf \u0cae\u0ccb\u0ca4\u0cbf\u0c97\u0cc6 \u0caa\u0cbe\u0caa \u0c8e\u0ca8\u0ccd\u0ca8\u0cbf\u0cb8\u0cbf\u0ca4\u0cc1.\u0c85\u0ca6\u0cc1 \u0cb9\u0ca4\u0ccd\u0ca4\u0cbf\u0cb0\u0ca6 \u0cae\u0cb3\u0cbf\u0c97\u0cc6 \u0c95\u0ca1\u0cc6 \u0ca6\u0cbf\u0c9f\u0ccd\u0c9f\u0cbf\u0cb8\u0cbf, \u0cac\u0cca\u0c97\u0cb3\u0ca4\u0cca\u0ca1\u0c97\u0cbf\u0ca4\u0cc1.. \u0cac\u0ccc, \u0cac\u0ccc, \u0cac\u0ccc, \u0cac\u0ccc!!\u0cb9\u0cc6\u0cb9\u0cc6! \u0c9f\u0ccb\u0c9f\u0ccb\u0c97\u0cc6 \u0c95\u0cca\u0ca8\u0cc6\u0c97\u0cc2 \u0cb8\u0cc1\u0cb3\u0cbf\u0cb5\u0cc1\u0cb8\u0cbf\u0c95\u0ccd\u0c95\u0cbf\u0ca4\u0cc1."}]},{"id":1947,"content":"Toto flung open the door of the store. There was Gogo, happily munching on bananas. What a big mess Gogo had made! Toto just stared at him, not able to say a word!","pageno":6,"image":"58fc62e016bd8bb4f5df4f57498bf276.jpg","audio":"475f01853a0a8a37e66b34905e731355.mp3","audio_map":"0a50cd9c539773eab9a00b9e46ff26cc.json","language":[{"language_id":11,"content":"\u0b9f\u0bcb\u0b9f\u0bcd\u0b9f\u0bcb \u0ba4\u0b9f\u0bbe\u0bb2\u0bc6\u0ba9\u0bcd\u0bb1\u0bc1 \u0b95\u0ba4\u0bb5\u0bc8\u0ba4\u0bcd \u0ba4\u0bbf\u0bb1\u0ba8\u0bcd\u0ba4\u0bbe\u0ba9\u0bcd. \u0b85\u0b99\u0bcd\u0b95\u0bc7, \u0b95\u0bcb\u0b95\u0bcb, \u0bae\u0b95\u0bbf\u0bb4\u0bcd\u0b9a\u0bcd\u0b9a\u0bbf\u0baf\u0bbe\u0b95 \u0b85\u0bae\u0bb0\u0bcd\u0ba8\u0bcd\u0ba4\u0bc1 \u0bb5\u0bbe\u0bb4\u0bc8\u0baa\u0bcd\u0baa\u0bb4\u0b99\u0bcd\u0b95\u0bb3\u0bc8\u0ba4\u0bcd \u0ba4\u0bbf\u0ba9\u0bcd\u0bb1\u0bc1 \u0b95\u0bca\u0ba3\u0bcd\u0b9f\u0bbf\u0bb0\u0bc1\u0ba8\u0bcd\u0ba4\u0ba4\u0bc1. \u0b85\u0b99\u0bcd\u0b95\u0bc1 \u0bae\u0bca\u0ba4\u0bcd\u0ba4 \u0b87\u0b9f\u0ba4\u0bcd\u0ba4\u0bc8\u0baf\u0bc1\u0bae\u0bcd \u0b95\u0bcb\u0b95\u0bcb \u0b95\u0bb3\u0bc7\u0baa\u0bb0\u0bae\u0bcd \u0b9a\u0bc6\u0baf\u0bcd\u0ba4\u0bbf\u0bb0\u0bc1\u0ba8\u0bcd\u0ba4\u0ba4\u0bc1 !!\r\n\u0b85\u0ba4\u0bbf\u0bb0\u0bcd\u0b9a\u0bcd\u0b9a\u0bbf\u0baf\u0bbf\u0bb2\u0bcd \u0b9f\u0bcb\u0b9f\u0bcd\u0b9f\u0bcb \u0b8e\u0ba4\u0bc1\u0bb5\u0bc1\u0bae\u0bcd \u0baa\u0bc7\u0b9a\u0bae\u0bc1\u0b9f\u0bbf\u0baf\u0bbe\u0bae\u0bb2\u0bcd \u0b95\u0bcb\u0b95\u0bcb\u0bb5\u0bc8 \u0bb5\u0bc6\u0bb1\u0bbf\u0ba4\u0bcd\u0ba4\u0bc1\u0baa\u0bcd \u0baa\u0bbe\u0bb0\u0bcd\u0ba4\u0bcd\u0ba4\u0bc1\u0b95\u0bcd\u0b95\u0bca\u0ba3\u0bcd\u0b9f\u0bbf\u0bb0\u0bc1\u0ba8\u0bcd\u0ba4\u0bbe\u0ba9\u0bcd !!"},{"language_id":13,"content":"\u0679\u0648\u0679\u0648 \u0646\u06d2\u062f\u06a9\u0627\u0646 \u06a9\u0627 \u062f\u0631\u0648\u0627\u0632\u06c1 \u06a9\u06be\u0648\u0644\u0627\u0648\u06be\u0627\u0646\u067e\u0631\u06af\u0648\u06af\u0648 \u062e\u0648\u0634\u06cc \u0633\u06d2 \u06a9\u06cc\u0644\u06d2 \u06a9\u06be\u0627\u0631\u06be\u0627\u062a\u06be\u0627. \u06a9\u062a\u0646\u06cc \u0628\u0688\u06cc \u0645\u0648\u0635\u06cc\u0628\u062a \u06a9\u06be\u0688\u06cc \u06a9\u0631 \u062f\u06cc \u062a\u06be\u06cc\u06af\u0648\u06af\u0648\u0646\u06d2!\u0679\u0648\u0679\u0648 \u0635\u0631\u0641 \u063a\u0635\u06d2 \u0633\u06d2\u0627\u0633 \u06a9\u06cc \u0637\u0631\u0641 \u062f\u06cc\u06a9\u06be\u0627\u060c \u0644\u06cc\u06a9\u0646 \u0627\u06cc\u06a9 \u0644\u0641\u0638 \u0628\u06be\u06cc \u0646\u06c1\u06cc\u06ba \u06a9\u06c1\u0627!"},{"language_id":2,"content":"\u099f\u09cb\u099f\u09cb \u099c\u09cb\u09b0\u09c7 \u09a6\u09cb\u0995\u09be\u09a8\u09c7\u09b0 \u09a6\u09b0\u099c\u09be \u0996\u09c1\u09b2\u09c7 \r\n\u09ab\u09c7\u09b2\u09b2\u09cb\u0964 \u0993\u0996\u09be\u09a8\u09c7\u0987 \u0997\u09cb\u0997\u09cb \u09ac\u09b8\u09c7 \u099b\u09bf\u09b2, \u0986\u09a8\u09a8\u09cd\u09a6\u09c7 \u0995\u09b2\u09be \u0996\u09be\u099a\u09cd\u099b\u09bf\u09b2\u09cb\u0964 \r\n\u0995\u09bf \u099c\u0997\u09be\u0996\u09bf\u099a\u09c1\u09dc\u09bf \u0995\u09b0\u09c7 \u09b0\u09c7\u0996\u09c7\u099b\u09bf\u09b2\u09cb \u0997\u09cb\u0997\u09cb! \u099f\u09cb\u099f\u09cb \u09b6\u09c1\u09a7\u09c1 \u0997\u09cb\u0997\u09cb\u09b0 \u09a6\u09bf\u0995\u09c7 \u09a4\u09be\u0995\u09bf\u09df\u09c7 \u09a5\u09be\u0995\u09b2\u09cb, \u098f\u0995\u099f\u09bf \r\n\u0995\u09cb\u09a5\u09be\u0993 \u09ac\u09b2\u09a4\u09c7 \u09aa\u09be\u09b0\u09b2 \u09a8\u09be!"},{"language_id":1,"content":"\u099f\u09c1\u09a8\u099f\u09c1\u09a8\u09c7 \u09a4\u09a4\u09be\u09a4\u09c8\u09df\u09be\u0995\u09c8 \u0997\u09c8 \u09ad\u09dc\u09be\u09b2\u09f0 \u09a6\u09f0\u09cd\u099c\u09be\u0996\u09a8 \u0996\u09c1\u09b2\u09bf \u09a6\u09bf\u09b2\u09c7 \u0964 \r\n\u0997\u09cc\u0997\u09cc\u0987 \u0995\u09cb\u09a0\u09be\u099f\u09cb\u09f0 \u0997\u09cb\u099f\u09c7\u0987 \u09ac\u09cb\u09f0 \u09ac\u09b8\u09cd\u09a4\u09c1 \u09aa\u09c7\u09b2\u09be\u0987 \u09b2\u09c8 \u0986\u09f0\u09be\u09ae\u09a4 \u09ac\u09b9\u09bf \u09a4\u09be\u09a4 \u0995\u09b2 \u0996\u09be\u0987 \u0986\u099b\u09bf\u09b2 \u0964 \r\n\u099f\u09c1\u09a8\u099f\u09c1\u09a8 \u098f\u09a4\u09bf\u09af\u09bc\u09be \u0989\u09aa\u09be\u09df \u09ac\u09bf\u09b9\u09bf\u09a8 \u09b9\u09b2 \u0995\u09bf \u0995\u09f0\u09bf\u09ac ?? \u0995\u09bf \u0995\u09ac?"},{"language_id":7,"content":"\u0ca4\u0ccb\u0ca4\u0ccb \u0c9c\u0cca\u0cb0\u0cbe\u0c97\u0cbf \u0cae\u0cb3\u0cbf\u0c97\u0cc6\u0caf \u0cac\u0cbe\u0c97\u0cbf\u0cb2\u0ca8\u0ccd\u0ca8\u0cc1 \u0ca8\u0cc2\u0c95\u0cbf \u0ca4\u0cc6\u0c97\u0cc6\u0ca6\u0ca8\u0cc1.\u0c85\u0cb2\u0ccd\u0cb2\u0cbf\u0ca4\u0ccd\u0ca4\u0cc1 \u0c97\u0ccb\u0c97\u0ccb, \u0c96\u0cc1\u0cb7\u0cbf\u0caf\u0cbe\u0c97\u0cbf \u0cac\u0cbe\u0cb3\u0cc6\u0cb9\u0ca3\u0ccd\u0ca3\u0ca8\u0ccd\u0ca8\u0cc1 \u0c9a\u0caa\u0ccd\u0caa\u0cb0\u0cbf\u0cb8\u0cc1\u0ca4\u0ccd\u0ca4\u0cbf\u0ca4\u0ccd\u0ca4\u0cc1. \u0c97\u0ccb\u0c97\u0ccb\u0c85\u0cb2\u0ccd\u0cb2\u0cbf \u0c87\u0ca6\u0ccd\u0ca6 \u0cb5\u0cb8\u0ccd\u0ca4\u0cc1\u0c97\u0cb3\u0ca8\u0ccd\u0ca8\u0cc6\u0cb2\u0ccd\u0cb2\u0cbe \u0c9a\u0cc6\u0cb2\u0ccd\u0cb2\u0cbe\u0caa\u0cbf\u0cb2\u0ccd\u0cb2\u0cbf \u0cae\u0cbe\u0ca1\u0cbf\u0ca6\u0ccd\u0ca6\u0ca8\u0ccd\u0ca8\u0cc1 \u0ca8\u0ccb\u0ca1\u0cac\u0cc7\u0c95\u0cbf\u0ca4\u0ccd\u0ca4\u0cc1!\u0ca4\u0ccb\u0ca4\u0ccb\u0c97\u0cc6 \u0cae\u0cbe\u0ca4\u0cc7 \u0cac\u0cb0\u0cb2\u0cbf\u0cb2\u0ccd\u0cb2. \u0c97\u0ccb\u0c97\u0ccb\u0ca8\u0ca8\u0ccd\u0ca8\u0cc1 \u0ca6\u0cbf\u0c9f\u0ccd\u0c9f\u0cbf\u0cb8\u0cbf \u0ca8\u0ccb\u0ca1\u0cc1\u0ca4\u0ccd\u0ca4\u0ca8\u0cbf\u0c82\u0ca4\u0ca8\u0cc1!"}]},{"id":1948,"content":"Dear Reader, Would you like to work in a zoo? What would be the most fun to do, if you worked in a zoo? How many bananas do you think a gorilla can eat in one sitting? How many bananas do you eat?","pageno":7,"image":"2880f594a08b54ef8fe98a1c424aafb0.jpg","audio":"","audio_map":"","audio_map_obj":"","language":[{"language_id":11,"content":""},{"language_id":13,"content":"\u0639\u0632\u06cc\u0632 \u0642\u0627\u0631\u06cc\u060c\u06a9\u06cc\u0627 \u0622\u067e\u0686\u0688\u06cc\u0627 \u06af\u06be\u0631 \u0645\u06d2 \u06a9\u0627\u0645 \u06a9\u0631\u0646\u0627 \u067e\u0633\u0646\u062f \u06a9\u0631\u06d2\u0646\u06af\u06d2\u061f\u06a9\u06cc\u0627 \u0622\u067e\u0646\u06d2\u06a9\u0628\u06be\u06cc \u0686\u0691\u06cc\u0627 \u06af\u06be\u0631 \u0645\u06cc\u06ba \u06a9\u0627\u0645 \u06a9\u06cc\u0627 \u06c1\u06d2\u0627\u06af\u0631 \u06c1\u0627\u06ba \u062a\u0648\u060c \u0633\u0628 \u0633\u06d2 \u0632\u06cc\u0627\u062f\u06c1\u06a9\u06cc\u0627 \u067e\u0633\u0646\u062f \u0622\u06cc\u0627\u061f\u0627\u06cc\u06a9 \u06af\u0648\u0631\u0644\u0644\u0627 \u0627\u06cc\u06a9 \u0646\u0634\u0633\u062a \u0645\u06cc\u06ba \u06a9\u062a\u0646\u06d2 \u06a9\u06cc\u0644\u06d2 \u06a9\u06be\u0627 \u0633\u06a9\u062a\u0627 \u06c1\u06d2\u061f \u06a9\u06cc\u0627 \u0622\u067e\u062c\u0627\u0646\u062a\u06d2 \u06c1\u06cc\u06ba\u061f \u0622\u067e\u06a9\u062a\u0646\u06d2 \u06a9\u06cc\u0644\u06d2 \u06a9\u06be\u0627\u062a\u06d2 \u06c1\u06cc\u06ba\u061f"},{"language_id":2,"content":""},{"language_id":1,"content":"\u09aa\u09cd\u09f0\u09bf\u09df \u09ac\u09a8\u09cd\u09a7\u09c1 \u09b8\u0995\u09b2 !\r\n\u09a4\u09cb\u09ae\u09be\u09b2\u09cb\u0995\u09c7 \u0995\u09c7\u09a4\u09bf\u09df\u09be\u09ac\u09be \u099a\u09bf\u09f0\u09bf\u09df\u09be\u0996\u09be\u09a8\u09be\u09a4 \u0995\u09be\u09ae \u0995\u09f0\u09bf\u09ac \u09ac\u09bf\u099a\u09be\u09f0\u09bf\u09ac\u09be \u09a8\u09c7 ?\r\n \u09a4\u09be\u09a4 \u0995\u09cb\u09a8\u099f\u09cb \u0995\u09be\u09ae \u0995\u09f0\u09bf \u09a4\u09cb\u09ae\u09be\u09f0 \u09ac\u09c7\u099b\u09bf \u09ad\u09be\u09b2 \u09b2\u09be\u0997\u09bf\u09ac?\u0997\u09f0\u09bf\u09b2\u09be\u0987 \u098f\u09ac\u09be\u09f0\u09a4 \u0995\u09bf\u09ae\u09be\u09a8\u099f\u09be \u0995\u09b2 \u0996\u09be\u09ac \u09aa\u09be\u09f0\u09c7 ?\u09a4\u09c1\u09ae\u09bf \u0995\u09bf\u09ae\u09be\u09a8\u099f\u09be \u0995\u09b2 \u0996\u09be\u09ac \u09aa\u09be\u09f0\u09bf\u09ac\u09be ?"},{"language_id":7,"content":"\u0caa\u0ccd\u0cb0\u0cc0\u0ca4\u0cbf\u0caf \u0c93\u0ca6\u0cc1\u0c97\u0cb0\u0cc7,\u0ca8\u0cbf\u0cae\u0c97\u0cc6\u0cae\u0cc3\u0c97\u0cbe\u0cb2\u0caf\u0ca6\u0cb2\u0ccd\u0cb2\u0cbf \u0c95\u0cc6\u0cb2\u0cb8 \u0cae\u0cbe\u0ca1\u0cb2\u0cc1 \u0c87\u0cb7\u0ccd\u0c9f\u0cb5\u0cbf\u0ca6\u0cc6\u0caf\u0cc7?\u0ca8\u0cc0\u0cb5\u0cc1 \u0cae\u0cc3\u0c97\u0cbe\u0cb2\u0caf\u0ca6\u0cb2\u0ccd\u0cb2\u0cbf \u0c95\u0cc6\u0cb2\u0cb8 \u0cae\u0cbe\u0ca1\u0cc1\u0cb5\u0cc1\u0ca6\u0cbe\u0ca6\u0cb0\u0cc6, \u0c8f\u0ca8\u0cc1 \u0cae\u0cbe\u0ca1\u0cb2\u0cc1 \u0ca4\u0cc1\u0c82\u0cac\u0cbe \u0cae\u0c9c\u0cbe \u0cb8\u0cbf\u0c97\u0cc1\u0cb5\u0cc1\u0ca6\u0cc1?\r\n\u0c92\u0cae\u0ccd\u0cae\u0cc6 \u0ca4\u0cbf\u0ca8\u0ccd\u0ca8\u0cb2\u0cc1 \u0c95\u0cc1\u0cb3\u0cbf\u0ca4\u0cb0\u0cc6, \u0c92\u0c82\u0ca6\u0cc1 \u0c97\u0ccb\u0cb0\u0cbf\u0cb2\u0ccd\u0cb2\u0cbe \u0c8e\u0cb7\u0ccd\u0c9f\u0cc1 \u0cac\u0cbe\u0cb3\u0cc6\u0cb9\u0ca3\u0ccd\u0ca3\u0cc1 \u0ca4\u0cbf\u0ca8\u0ccd\u0ca8\u0cac\u0cb9\u0cc1\u0ca6\u0cc1 \u0c8e\u0c82\u0ca6\u0cc1 \u0ca8\u0cbf\u0cae\u0c97\u0ca8\u0ccd\u0ca8\u0cbf\u0cb8\u0cc1\u0ca4\u0ccd\u0ca4\u0ca6\u0cc6?\r\n\u0ca8\u0cc0\u0cb5\u0cc6\u0cb7\u0ccd\u0c9f\u0cc1 \u0cac\u0cbe\u0cb3\u0cc6\u0cb9\u0ca3\u0ccd\u0ca3\u0cc1 \u0ca4\u0cbf\u0ca8\u0ccd\u0ca8\u0cc1\u0ca4\u0ccd\u0ca4\u0cc0\u0cb0\u0cbe?"}]},{"id":1949,"content":"#6FrameStoryChallenge: A carnival of Art\n  \n  The illustrations in this book were created as part of the #6FrameStoryChallenge, an online campaign run by Pratham Books to build a rich bank of illustrations for StoryWeaver. The essence of the #6FrameStoryChallenge was to tell a good story using just 6 illustrations.  \n \n The campaign inspired nearly 70 illustrators to donate their time and skills to India\u2019s first open-source story-publishing platform for children. What started out as an experimental campaign soon blossomed into a carnival of art, birthing nearly 500 new illustrations.\n These wordless narratives cut across language barriers, opening up a world of possibilities, encouraging StoryWeaver\u2019s growing community to dream up multiple stories around these images. The #6FrameStoryChallenge is a powerful reminder of the need for collaboration, to get closer to our mission: \u201cA Book in Every Child\u2019s Hand.\u201d","pageno":8,"image":"809922f09765c7251cae5a4432151d36.jpg","audio":"","audio_map":"","audio_map_obj":"","language":[{"language_id":11,"content":""},{"language_id":13,"content":"\u0627\u0633 \u06a9\u062a\u0627\u0628 \u0645\u06cc\u06ba \u0639\u06a9\u0627\u0633\u06cc # 6 \u0641\u0631\u06cc\u0645 \u06a9\u06c1\u0627\u0646\u06cc \u0686\u06cc\u0644\u0646\u062c\u060c \u0627\u06cc\u06a9 \u0622\u0646 \u0644\u0627\u0626\u0646 \u0645\u06c1\u0645 \u0633\u0679\u0648\u0631\u06cc \u0648\u06cc\u0648\u0631 \u06a9\u06cc \u0639\u06a9\u0627\u0633\u06cc \u06a9\u0627 \u0627\u06cc\u06a9 \u0628\u06c1\u062a \u0627\u0686\u06be\u0627 \u0628\u06cc\u0646\u06a9 \u06a9\u06cc \u062a\u0639\u0645\u06cc\u0631 \u06a9\u0631\u0646\u06d2 \u0633\u06d2 \u067e\u0631\u062a\u06be\u0645 \u06a9\u062a\u0628\u06a9\u0627 \u062d\u0635\u06c1 \u06a9\u06d2 \u0637\u0648\u0631 \u067e\u0631 \u067e\u06cc\u062f\u0627 \u06c1\u0648\u0626\u06d2 \u062a\u06be\u06d2.\r\n# 6 \u0641\u0631\u06cc\u0645 \u06a9\u06c1\u0627\u0646\u06cc \u0686\u06cc\u0644\u0646\u062c \u06a9\u0627 \u0646\u0686\u0648\u0691 \u0635\u0631\u0641 6 \u0639\u06a9\u0627\u0633\u06cc \u06a9\u0627 \u0627\u0633\u062a\u0639\u0645\u0627\u0644 \u06a9\u0631\u062a\u06d2 \u06c1\u0648\u0626\u06d2 \u0627\u06cc\u06a9 \u0627\u0686\u06be\u06cc \u06a9\u06c1\u0627\u0646\u06cc \u0628\u062a\u0627\u0646\u06d2 \u06a9\u06d2 \u0644\u0626\u06d2 \u062a\u06be\u0627.\u06cc\u06c1 \u0645\u06c1\u0645 \u0628\u0686\u0648\u06ba \u06a9\u06d2 \u0644\u0626\u06d2 \u0628\u06be\u0627\u0631\u062a \u06a9\u0627 \u067e\u06c1\u0644\u0627 \u0627\u0648\u067e\u0646 \u0633\u0648\u0631\u0633 \u06a9\u06cc \u06a9\u06c1\u0627\u0646\u06cc \u067e\u0628\u0644\u0634\u0646\u06af \u067e\u0644\u06cc\u0679 \u0641\u0627\u0631\u0645 \u067e\u0631 \u0627\u0646 \u06a9\u06d2 \u0648\u0642\u062a \u0627\u0648\u0631 \u0645\u06c1\u0627\u0631\u062a \u0639\u0637\u06cc\u06c1 \u06a9\u0631\u0646\u06d2 \u06a9\u06d2 \u0644\u0626\u06d2 \u062a\u0642\u0631\u06cc\u0628\u0627 70 \u0622\u0631\u0679\u0633\u0679\u0648\u06ba \u0627\u0644\u06c1\u0627\u0645. \u0627\u06cc\u06a9 \u062a\u062c\u0631\u0628\u0627\u062a\u06cc \u0645\u06c1\u0645 \u062c\u0644\u062f \u06c1\u06cc\u060c \u0622\u0631\u0679 \u06a9\u06cc \u0627\u06cc\u06a9 \u06a9\u0627\u0631\u0646\u06cc\u0648\u0627\u0644 \u0645\u06cc\u06ba \u06a9\u06be\u0644\u0627 \u0637\u0648\u0631 \u067e\u0631 \u062a\u0642\u0631\u06cc\u0628\u0627 500 \u0646\u0626\u06d2 \u0639\u06a9\u0627\u0633\u06cc \u0627\u0628\u062a\u062f\u0627 \u06a9\u0633 \u0646\u06d2 \u0634\u0631\u0648\u0639.\u0627\u0646 \u0633\u06d2 Wordless \u062d\u06a9\u0627\u06cc\u0627\u062a \u0627\u0646 \u062a\u0635\u0627\u0648\u06cc\u0631 \u06a9\u06d2 \u0627\u0631\u062f \u06af\u0631\u062f \u0627\u06cc\u06a9 \u0633\u06d2 \u0632\u06cc\u0627\u062f\u06c1 \u06a9\u06c1\u0627\u0646\u06cc\u0627\u06ba \u062e\u0648\u0627\u0628 \u0633\u0679\u0648\u0631\u06cc \u0648\u06cc\u0648\u0631 \u06a9\u06cc \u0628\u0691\u06be\u062a\u06cc \u06c1\u0648\u0626\u06cc \u06a9\u0645\u06cc\u0648\u0646\u0679\u06cc \u06a9\u06cc \u062d\u0648\u0635\u0644\u06c1 \u0627\u0641\u0632\u0627\u0626\u06cc\u060c \u0644\u0633\u0627\u0646\u06cc \u0631\u06a9\u0627\u0648\u0679\u0648\u06ba \u06a9\u06d2 \u067e\u0627\u0631 \u06a9\u0627\u0679\u060c \u0627\u0645\u06a9\u0627\u0646\u0627\u062a \u06a9\u06cc \u0627\u06cc\u06a9 \u062f\u0646\u06cc\u0627 \u06a9\u06be\u0648\u0644\u0646\u06d2# 6 \u0641\u0631\u06cc\u0645 \u06a9\u06c1\u0627\u0646\u06cc \u0686\u06cc\u0644\u0646\u062c \u06c1\u0645\u0627\u0631\u06d2 \u0645\u0634\u0646 \u0633\u06d2 \u0642\u0631\u06cc\u0628 \u06c1\u0648\u0646\u06d2 \u062a\u0639\u0627\u0648\u0646 \u06a9\u06d2 \u0644\u0626\u06d2 \u0636\u0631\u0648\u0631\u062a\u060c \u06a9\u06d2 \u0627\u06cc\u06a9 \u0637\u0627\u0642\u062a\u0648\u0631 \u06cc\u0627\u062f \u062f\u06c1\u0627\u0646\u06cc \u06c1\u06d2: \"\u06c1\u0631 \u0628\u0686\u06d2 \u06a9\u06d2 \u06c1\u0627\u062a\u06be \u0645\u06cc\u06ba \u0627\u06cc\u06a9 \u06a9\u062a\u0627\u0628."},{"language_id":2,"content":""},{"language_id":1,"content":""},{"language_id":7,"content":""}]}],"language":[{"id":11,"name":"Tamil"},{"id":13,"name":"Urdu"},{"id":2,"name":"Bengali"},{"id":1,"name":"Assamese"},{"id":7,"name":"Kannada"}],"questions":[{"id":5715,"type":"pre","storypage_id":0,"order_number":1,"title":"Learning new words","question":{"question_type":"vocabulary","question":{"text":"Learning new words","image":"","type":"text"},"words":[{"word":"gorilla","image":"43571ab550ab5a54cdbad2e7c073f4fa.png"},{"word":"jungle","image":"7a9a00c97df7937d854fdf32b7177b55.png"},{"word":"river","image":"bc37c4bdf7107662fe22d5f83a663ef5.png"},{"word":"store","image":"e85f2c31591ae56b644c07395189d39b.png"}]},"score":1,"question_template_id":21,"question_template":"Vocab"},{"id":5801,"type":"pre","storypage_id":0,"order_number":2,"title":"What do you think this story is about?","question":{"question_type":"mcq_single_answer","question":{"text":"What do you think this story is about?","image":"","type":"text"},"options":[{"text":"A zoo","type":"text","image":"","ans":1},{"text":"A farm","type":"text","image":"","ans":0},{"text":"A gorilla","type":"text","image":"","ans":1},{"text":"People","type":"text","image":"","ans":0}],"answers":["A zoo","A gorilla"]},"score":1,"question_template_id":2,"question_template":"Text MCQ"},{"id":5806,"type":"post","storypage_id":0,"order_number":1,"title":"What is happening in this picture?","question":{"question_type":"story_read_aloud","question":{"text":"","image":"1af73e1e143afb699e0f383b43af9bbb.jpg","type":"image"}},"score":1,"question_template_id":7,"question_template":"Describe an Image"},{"id":5802,"type":"during","storypage_id":1942,"order_number":1,"title":"Choose the correct answer.","question":{"question_type":"mcq_single_answer","question":{"text":"Where did Toto work?","image":"","type":"text"},"options":[{"text":"A zoo.","type":"both","image":"429c8262527cd113fef6ec6d818f934b.png","ans":1},{"text":"A farm.","type":"both","image":"ffc0b64d3e2c3a80abee0f9972d1c87d.png","ans":0},{"text":"An office.","type":"both","image":"03d9f3a90d519c83aa89b95c42c1cd42.png","ans":0},{"text":"A factory.","type":"both","image":"67995d5c293256a2802cfe4de322da5b.png","ans":0}],"answers":["A zoo."]},"score":1,"question_template_id":2,"question_template":"Text MCQ"},{"id":5803,"type":"during","storypage_id":1945,"order_number":2,"title":"Choose all the correct answers.","question":{"question_type":"mcq_multiple_answer","question":{"text":"Where all did Toto look for Gogo?","image":"","type":"text"},"options":[{"text":"In the jungle.","type":"both","image":"7a61004a73996e990c817d9ea349e41c.png","ans":1},{"text":"Across the river.","type":"both","image":"92324b544bb3430968b797558125bc3b.png","ans":1},{"text":"Underwater.","type":"both","image":"28cd0f73aba046ff1bdc9276447a8fdc.png","ans":1},{"text":"In the city.","type":"both","image":"2e2732b705c66be94d5f3cd93404c5fc.png","ans":0}],"answers":["In the jungle.","Across the river.","Underwater."]},"score":1,"question_template_id":12,"question_template":"MCQ Multiple Answer with images"},{"id":5804,"type":"during","storypage_id":1946,"order_number":3,"title":"Choose the correct answer.","question":{"question_type":"mcq_single_answer","question":{"text":"Who gave Toto a clue?","image":"","type":"text"},"options":[{"text":"The dog.","type":"both","image":"212bea9c7e38314cfe4c9201b8a01a85.png","ans":1},{"text":"The cat.","type":"both","image":"b2f96d2f8d52d91c9c9b8ac91622d9f4.png","ans":0},{"text":"The turtle.","type":"both","image":"00d4b35baeb854b4243bc20ca4d0c7c4.png","ans":0},{"text":"The fish.","type":"both","image":"85f8404810d9276801cfe25a33035fca.png","ans":0}],"answers":["The dog."]},"score":1,"question_template_id":2,"question_template":"Text MCQ"},{"id":5805,"type":"during","storypage_id":1949,"order_number":6,"title":"Choose the correct answer.","question":{"question_type":"mcq_single_answer","question":{"text":"Where was Gogo after all?","image":"","type":"text"},"options":[{"text":"In the store.","type":"both","image":"8417764efc71042e5ca9d8152f397d6a.png","ans":1},{"text":"In the jungle.","type":"both","image":"71bc1a8ed16e5512e0ddcaf525a5b1d9.png","ans":1},{"text":"In the bathroom.","type":"both","image":"d7989120a230c192eb9cc28dad296c29.png","ans":1},{"text":"Inside a cupboard.","type":"both","image":"be720fdbb0e4e9f7230da611f8d685f3.png","ans":1}],"answers":["In the store.","In the jungle.","In the bathroom.","Inside a cupboard."]},"score":1,"question_template_id":2,"question_template":"Text MCQ"}]}