{
 "fragments": [
  {
   "begin": "0.000", 
   "end": "0.640", 
   "id": "f000001", 
   "language": "en", 
   "lines": [
    "Gogo"
   ]
  }, 
  {
   "begin": "0.640", 
   "end": "1.120", 
   "id": "f000002", 
   "language": "en", 
   "lines": [
    "was"
   ]
  }, 
  {
   "begin": "1.120", 
   "end": "1.360", 
   "id": "f000003", 
   "language": "en", 
   "lines": [
    "not"
   ]
  }, 
  {
   "begin": "1.360", 
   "end": "1.600", 
   "id": "f000004", 
   "language": "en", 
   "lines": [
    "to"
   ]
  }, 
  {
   "begin": "1.600", 
   "end": "1.680", 
   "id": "f000005", 
   "language": "en", 
   "lines": [
    "be"
   ]
  }, 
  {
   "begin": "1.680", 
   "end": "2.240", 
   "id": "f000006", 
   "language": "en", 
   "lines": [
    "found."
   ]
  }, 
  {
   "begin": "2.240", 
   "end": "3.280", 
   "id": "f000007", 
   "language": "en", 
   "lines": [
    "Toto"
   ]
  }, 
  {
   "begin": "3.280", 
   "end": "3.480", 
   "id": "f000008", 
   "language": "en", 
   "lines": [
    "took"
   ]
  }, 
  {
   "begin": "3.480", 
   "end": "3.760", 
   "id": "f000009", 
   "language": "en", 
   "lines": [
    "a"
   ]
  }, 
  {
   "begin": "3.760", 
   "end": "4.120", 
   "id": "f000010", 
   "language": "en", 
   "lines": [
    "deep"
   ]
  }, 
  {
   "begin": "4.120", 
   "end": "4.920", 
   "id": "f000011", 
   "language": "en", 
   "lines": [
    "breath"
   ]
  }, 
  {
   "begin": "4.920", 
   "end": "5.240", 
   "id": "f000012", 
   "language": "en", 
   "lines": [
    "and"
   ]
  }, 
  {
   "begin": "5.240", 
   "end": "5.720", 
   "id": "f000013", 
   "language": "en", 
   "lines": [
    "dived"
   ]
  }, 
  {
   "begin": "5.720", 
   "end": "5.880", 
   "id": "f000014", 
   "language": "en", 
   "lines": [
    "into"
   ]
  }, 
  {
   "begin": "5.880", 
   "end": "6.040", 
   "id": "f000015", 
   "language": "en", 
   "lines": [
    "the"
   ]
  }, 
  {
   "begin": "6.040", 
   "end": "7.480", 
   "id": "f000016", 
   "language": "en", 
   "lines": [
    "river."
   ]
  }, 
  {
   "begin": "7.480", 
   "end": "7.720", 
   "id": "f000017", 
   "language": "en", 
   "lines": [
    "What"
   ]
  }, 
  {
   "begin": "7.720", 
   "end": "7.880", 
   "id": "f000018", 
   "language": "en", 
   "lines": [
    "if"
   ]
  }, 
  {
   "begin": "7.880", 
   "end": "8.240", 
   "id": "f000019", 
   "language": "en", 
   "lines": [
    "Gogo"
   ]
  }, 
  {
   "begin": "8.240", 
   "end": "8.720", 
   "id": "f000020", 
   "language": "en", 
   "lines": [
    "was"
   ]
  }, 
  {
   "begin": "8.720", 
   "end": "9.200", 
   "id": "f000021", 
   "language": "en", 
   "lines": [
    "holding"
   ]
  }, 
  {
   "begin": "9.200", 
   "end": "9.480", 
   "id": "f000022", 
   "language": "en", 
   "lines": [
    "his"
   ]
  }, 
  {
   "begin": "9.480", 
   "end": "9.760", 
   "id": "f000023", 
   "language": "en", 
   "lines": [
    "breath"
   ]
  }, 
  {
   "begin": "9.760", 
   "end": "9.760", 
   "id": "f000024", 
   "language": "en", 
   "lines": [
    "and"
   ]
  }, 
  {
   "begin": "9.760", 
   "end": "10.880", 
   "id": "f000025", 
   "language": "en", 
   "lines": [
    "hiding"
   ]
  }, 
  {
   "begin": "10.880", 
   "end": "11.800", 
   "id": "f000026", 
   "language": "en", 
   "lines": [
    "underwater?"
   ]
  }
 ]
}