{
 "fragments": [
  {
   "begin": "0.000", 
   "end": "0.680", 
   "id": "f000001", 
   "language": "en", 
   "lines": [
    "Gogo"
   ]
  }, 
  {
   "begin": "0.680", 
   "end": "0.960", 
   "id": "f000002", 
   "language": "en", 
   "lines": [
    "must"
   ]
  }, 
  {
   "begin": "0.960", 
   "end": "1.320", 
   "id": "f000003", 
   "language": "en", 
   "lines": [
    "have"
   ]
  }, 
  {
   "begin": "1.320", 
   "end": "1.520", 
   "id": "f000004", 
   "language": "en", 
   "lines": [
    "run"
   ]
  }, 
  {
   "begin": "1.520", 
   "end": "2.200", 
   "id": "f000005", 
   "language": "en", 
   "lines": [
    "towards"
   ]
  }, 
  {
   "begin": "2.200", 
   "end": "2.240", 
   "id": "f000006", 
   "language": "en", 
   "lines": [
    "the"
   ]
  }, 
  {
   "begin": "2.240", 
   "end": "3.840", 
   "id": "f000007", 
   "language": "en", 
   "lines": [
    "jungle,"
   ]
  }, 
  {
   "begin": "3.840", 
   "end": "4.240", 
   "id": "f000008", 
   "language": "en", 
   "lines": [
    "thought"
   ]
  }, 
  {
   "begin": "4.240", 
   "end": "4.800", 
   "id": "f000009", 
   "language": "en", 
   "lines": [
    "Toto."
   ]
  }, 
  {
   "begin": "4.800", 
   "end": "6.080", 
   "id": "f000010", 
   "language": "en", 
   "lines": [
    "He"
   ]
  }, 
  {
   "begin": "6.080", 
   "end": "6.440", 
   "id": "f000011", 
   "language": "en", 
   "lines": [
    "looked"
   ]
  }, 
  {
   "begin": "6.440", 
   "end": "7.080", 
   "id": "f000012", 
   "language": "en", 
   "lines": [
    "behind"
   ]
  }, 
  {
   "begin": "7.080", 
   "end": "7.680", 
   "id": "f000013", 
   "language": "en", 
   "lines": [
    "every"
   ]
  }, 
  {
   "begin": "7.680", 
   "end": "8.040", 
   "id": "f000014", 
   "language": "en", 
   "lines": [
    "bush"
   ]
  }, 
  {
   "begin": "8.040", 
   "end": "8.360", 
   "id": "f000015", 
   "language": "en", 
   "lines": [
    "and"
   ]
  }, 
  {
   "begin": "8.360", 
   "end": "8.760", 
   "id": "f000016", 
   "language": "en", 
   "lines": [
    "tree."
   ]
  }, 
  {
   "begin": "8.760", 
   "end": "9.880", 
   "id": "f000017", 
   "language": "en", 
   "lines": [
    "The"
   ]
  }, 
  {
   "begin": "9.880", 
   "end": "10.080", 
   "id": "f000018", 
   "language": "en", 
   "lines": [
    "animals"
   ]
  }, 
  {
   "begin": "10.080", 
   "end": "10.560", 
   "id": "f000019", 
   "language": "en", 
   "lines": [
    "in"
   ]
  }, 
  {
   "begin": "10.560", 
   "end": "10.880", 
   "id": "f000020", 
   "language": "en", 
   "lines": [
    "the"
   ]
  }, 
  {
   "begin": "10.880", 
   "end": "11.480", 
   "id": "f000021", 
   "language": "en", 
   "lines": [
    "forest"
   ]
  }, 
  {
   "begin": "11.480", 
   "end": "12.040", 
   "id": "f000022", 
   "language": "en", 
   "lines": [
    "watched"
   ]
  }, 
  {
   "begin": "12.040", 
   "end": "13.440", 
   "id": "f000023", 
   "language": "en", 
   "lines": [
    "Toto."
   ]
  }, 
  {
   "begin": "13.440", 
   "end": "13.600", 
   "id": "f000024", 
   "language": "en", 
   "lines": [
    "But"
   ]
  }, 
  {
   "begin": "13.600", 
   "end": "14.240", 
   "id": "f000025", 
   "language": "en", 
   "lines": [
    "Toto"
   ]
  }, 
  {
   "begin": "14.240", 
   "end": "14.680", 
   "id": "f000026", 
   "language": "en", 
   "lines": [
    "could"
   ]
  }, 
  {
   "begin": "14.680", 
   "end": "15.080", 
   "id": "f000027", 
   "language": "en", 
   "lines": [
    "not"
   ]
  }, 
  {
   "begin": "15.080", 
   "end": "15.480", 
   "id": "f000028", 
   "language": "en", 
   "lines": [
    "find"
   ]
  }, 
  {
   "begin": "15.480", 
   "end": "16.120", 
   "id": "f000029", 
   "language": "en", 
   "lines": [
    "Gogo"
   ]
  }, 
  {
   "begin": "16.120", 
   "end": "17.120", 
   "id": "f000030", 
   "language": "en", 
   "lines": [
    "anywhere."
   ]
  }
 ]
}