{
 "fragments": [
  {
   "begin": "0.000", 
   "end": "1.120", 
   "id": "f000001", 
   "language": "en", 
   "lines": [
    "Moti,"
   ]
  }, 
  {
   "begin": "1.120", 
   "end": "1.320", 
   "id": "f000002", 
   "language": "en", 
   "lines": [
    "the"
   ]
  }, 
  {
   "begin": "1.320", 
   "end": "1.720", 
   "id": "f000003", 
   "language": "en", 
   "lines": [
    "dog"
   ]
  }, 
  {
   "begin": "1.720", 
   "end": "2.080", 
   "id": "f000004", 
   "language": "en", 
   "lines": [
    "took"
   ]
  }, 
  {
   "begin": "2.080", 
   "end": "2.520", 
   "id": "f000005", 
   "language": "en", 
   "lines": [
    "pity"
   ]
  }, 
  {
   "begin": "2.520", 
   "end": "2.760", 
   "id": "f000006", 
   "language": "en", 
   "lines": [
    "on"
   ]
  }, 
  {
   "begin": "2.760", 
   "end": "3.080", 
   "id": "f000007", 
   "language": "en", 
   "lines": [
    "him."
   ]
  }, 
  {
   "begin": "3.080", 
   "end": "4.120", 
   "id": "f000008", 
   "language": "en", 
   "lines": [
    "He"
   ]
  }, 
  {
   "begin": "4.120", 
   "end": "4.840", 
   "id": "f000009", 
   "language": "en", 
   "lines": [
    "barked"
   ]
  }, 
  {
   "begin": "4.840", 
   "end": "5.080", 
   "id": "f000010", 
   "language": "en", 
   "lines": [
    "and"
   ]
  }, 
  {
   "begin": "5.080", 
   "end": "5.440", 
   "id": "f000011", 
   "language": "en", 
   "lines": [
    "looked"
   ]
  }, 
  {
   "begin": "5.440", 
   "end": "6.000", 
   "id": "f000012", 
   "language": "en", 
   "lines": [
    "towards"
   ]
  }, 
  {
   "begin": "6.000", 
   "end": "6.280", 
   "id": "f000013", 
   "language": "en", 
   "lines": [
    "the"
   ]
  }, 
  {
   "begin": "6.280", 
   "end": "6.640", 
   "id": "f000014", 
   "language": "en", 
   "lines": [
    "store"
   ]
  }, 
  {
   "begin": "6.640", 
   "end": "8.080", 
   "id": "f000015", 
   "language": "en", 
   "lines": [
    "nearby."
   ]
  }, 
  {
   "begin": "8.080", 
   "end": "8.520", 
   "id": "f000016", 
   "language": "en", 
   "lines": [
    "Ah!"
   ]
  }, 
  {
   "begin": "8.520", 
   "end": "9.160", 
   "id": "f000017", 
   "language": "en", 
   "lines": [
    "Toto"
   ]
  }, 
  {
   "begin": "9.160", 
   "end": "10.040", 
   "id": "f000018", 
   "language": "en", 
   "lines": [
    "finally"
   ]
  }, 
  {
   "begin": "10.040", 
   "end": "10.240", 
   "id": "f000019", 
   "language": "en", 
   "lines": [
    "had"
   ]
  }, 
  {
   "begin": "10.240", 
   "end": "10.640", 
   "id": "f000020", 
   "language": "en", 
   "lines": [
    "a"
   ]
  }, 
  {
   "begin": "10.640", 
   "end": "11.360", 
   "id": "f000021", 
   "language": "en", 
   "lines": [
    "lead."
   ]
  }
 ]
}