{
 "fragments": [
  {
   "begin": "0.000", 
   "end": "1.360", 
   "id": "f000001", 
   "language": "en", 
   "lines": [
    "Suddenly,"
   ]
  }, 
  {
   "begin": "1.360", 
   "end": "1.760", 
   "id": "f000002", 
   "language": "en", 
   "lines": [
    "he"
   ]
  }, 
  {
   "begin": "1.760", 
   "end": "2.240", 
   "id": "f000003", 
   "language": "en", 
   "lines": [
    "heard,"
   ]
  }, 
  {
   "begin": "2.240", 
   "end": "3.800", 
   "id": "f000004", 
   "language": "en", 
   "lines": [
    "dhupp"
   ]
  }, 
  {
   "begin": "3.800", 
   "end": "4.240", 
   "id": "f000005", 
   "language": "en", 
   "lines": [
    "dhupp"
   ]
  }, 
  {
   "begin": "4.240", 
   "end": "5.680", 
   "id": "f000006", 
   "language": "en", 
   "lines": [
    "dhupp"
   ]
  }, 
  {
   "begin": "5.680", 
   "end": "7.080", 
   "id": "f000007", 
   "language": "en", 
   "lines": [
    "dhupp!"
   ]
  }, 
  {
   "begin": "7.080", 
   "end": "7.320", 
   "id": "f000008", 
   "language": "en", 
   "lines": [
    "Was"
   ]
  }, 
  {
   "begin": "7.320", 
   "end": "8.520", 
   "id": "f000009", 
   "language": "en", 
   "lines": [
    "someone"
   ]
  }, 
  {
   "begin": "8.520", 
   "end": "9.120", 
   "id": "f000010", 
   "language": "en", 
   "lines": [
    "giving"
   ]
  }, 
  {
   "begin": "9.120", 
   "end": "9.520", 
   "id": "f000011", 
   "language": "en", 
   "lines": [
    "a"
   ]
  }, 
  {
   "begin": "9.520", 
   "end": "10.280", 
   "id": "f000012", 
   "language": "en", 
   "lines": [
    "beat"
   ]
  }, 
  {
   "begin": "10.280", 
   "end": "11.480", 
   "id": "f000013", 
   "language": "en", 
   "lines": [
    "to"
   ]
  }, 
  {
   "begin": "11.480", 
   "end": "11.680", 
   "id": "f000014", 
   "language": "en", 
   "lines": [
    "his"
   ]
  }, 
  {
   "begin": "11.680", 
   "end": "12.120", 
   "id": "f000015", 
   "language": "en", 
   "lines": [
    "song?"
   ]
  }, 
  {
   "begin": "12.120", 
   "end": "12.360", 
   "id": "f000016", 
   "language": "en", 
   "lines": [
    "Dinoo,"
   ]
  }, 
  {
   "begin": "12.360", 
   "end": "12.640", 
   "id": "f000017", 
   "language": "en", 
   "lines": [
    "the"
   ]
  }, 
  {
   "begin": "12.640", 
   "end": "13.280", 
   "id": "f000018", 
   "language": "en", 
   "lines": [
    "dinosuar"
   ]
  }, 
  {
   "begin": "13.280", 
   "end": "14.000", 
   "id": "f000019", 
   "language": "en", 
   "lines": [
    "came"
   ]
  }, 
  {
   "begin": "14.000", 
   "end": "14.440", 
   "id": "f000020", 
   "language": "en", 
   "lines": [
    "running"
   ]
  }, 
  {
   "begin": "14.440", 
   "end": "15.040", 
   "id": "f000021", 
   "language": "en", 
   "lines": [
    "towards"
   ]
  }, 
  {
   "begin": "15.040", 
   "end": "15.960", 
   "id": "f000022", 
   "language": "en", 
   "lines": [
    "him."
   ]
  }, 
  {
   "begin": "15.960", 
   "end": "16.280", 
   "id": "f000023", 
   "language": "en", 
   "lines": [
    "Sukhiya"
   ]
  }, 
  {
   "begin": "16.280", 
   "end": "16.920", 
   "id": "f000024", 
   "language": "en", 
   "lines": [
    "Kaka"
   ]
  }, 
  {
   "begin": "16.920", 
   "end": "17.560", 
   "id": "f000025", 
   "language": "en", 
   "lines": [
    "was"
   ]
  }, 
  {
   "begin": "17.560", 
   "end": "17.880", 
   "id": "f000026", 
   "language": "en", 
   "lines": [
    "so"
   ]
  }, 
  {
   "begin": "17.880", 
   "end": "18.040", 
   "id": "f000027", 
   "language": "en", 
   "lines": [
    "happy"
   ]
  }, 
  {
   "begin": "18.040", 
   "end": "18.240", 
   "id": "f000028", 
   "language": "en", 
   "lines": [
    "to"
   ]
  }, 
  {
   "begin": "18.240", 
   "end": "18.520", 
   "id": "f000029", 
   "language": "en", 
   "lines": [
    "see"
   ]
  }, 
  {
   "begin": "18.520", 
   "end": "19.400", 
   "id": "f000030", 
   "language": "en", 
   "lines": [
    "him!"
   ]
  }
 ]
}