{
 "fragments": [
  {
   "begin": "0.000", 
   "end": "0.000", 
   "id": "f000001", 
   "language": "en", 
   "lines": [
    "You"
   ]
  }, 
  {
   "begin": "0.000", 
   "end": "0.760", 
   "id": "f000002", 
   "language": "en", 
   "lines": [
    "don't"
   ]
  }, 
  {
   "begin": "0.760", 
   "end": "1.000", 
   "id": "f000003", 
   "language": "en", 
   "lines": [
    "get"
   ]
  }, 
  {
   "begin": "1.000", 
   "end": "1.360", 
   "id": "f000004", 
   "language": "en", 
   "lines": [
    "such"
   ]
  }, 
  {
   "begin": "1.360", 
   "end": "1.600", 
   "id": "f000005", 
   "language": "en", 
   "lines": [
    "a"
   ]
  }, 
  {
   "begin": "1.600", 
   "end": "2.760", 
   "id": "f000006", 
   "language": "en", 
   "lines": [
    "BIG&nbsp;listener"
   ]
  }, 
  {
   "begin": "2.760", 
   "end": "3.160", 
   "id": "f000007", 
   "language": "en", 
   "lines": [
    "every"
   ]
  }, 
  {
   "begin": "3.160", 
   "end": "3.600", 
   "id": "f000008", 
   "language": "en", 
   "lines": [
    "day!"
   ]
  }, 
  {
   "begin": "3.600", 
   "end": "3.600", 
   "id": "f000009", 
   "language": "en", 
   "lines": [
    "..."
   ]
  }, 
  {
   "begin": "3.600", 
   "end": "4.920", 
   "id": "f000010", 
   "language": "en", 
   "lines": [
    "Come"
   ]
  }, 
  {
   "begin": "4.920", 
   "end": "5.280", 
   "id": "f000011", 
   "language": "en", 
   "lines": [
    "to"
   ]
  }, 
  {
   "begin": "5.280", 
   "end": "5.920", 
   "id": "f000012", 
   "language": "en", 
   "lines": [
    "me"
   ]
  }, 
  {
   "begin": "5.920", 
   "end": "6.480", 
   "id": "f000013", 
   "language": "en", 
   "lines": [
    "o"
   ]
  }, 
  {
   "begin": "6.480", 
   "end": "7.560", 
   "id": "f000014", 
   "language": "en", 
   "lines": [
    "rolling"
   ]
  }, 
  {
   "begin": "7.560", 
   "end": "9.400", 
   "id": "f000015", 
   "language": "en", 
   "lines": [
    "clouds,"
   ]
  }, 
  {
   "begin": "9.400", 
   "end": "10.120", 
   "id": "f000016", 
   "language": "en", 
   "lines": [
    "shower"
   ]
  }, 
  {
   "begin": "10.120", 
   "end": "10.760", 
   "id": "f000017", 
   "language": "en", 
   "lines": [
    "me"
   ]
  }, 
  {
   "begin": "10.760", 
   "end": "11.000", 
   "id": "f000018", 
   "language": "en", 
   "lines": [
    "with"
   ]
  }, 
  {
   "begin": "11.000", 
   "end": "12.200", 
   "id": "f000019", 
   "language": "en", 
   "lines": [
    "lovely"
   ]
  }, 
  {
   "begin": "12.200", 
   "end": "13.680", 
   "id": "f000020", 
   "language": "en", 
   "lines": [
    "rain!"
   ]
  }, 
  {
   "begin": "13.680", 
   "end": "15.080", 
   "id": "f000021", 
   "language": "en", 
   "lines": [
    "Sukhiya"
   ]
  }, 
  {
   "begin": "15.080", 
   "end": "15.400", 
   "id": "f000022", 
   "language": "en", 
   "lines": [
    "Kaka"
   ]
  }, 
  {
   "begin": "15.400", 
   "end": "15.840", 
   "id": "f000023", 
   "language": "en", 
   "lines": [
    "and"
   ]
  }, 
  {
   "begin": "15.840", 
   "end": "16.280", 
   "id": "f000024", 
   "language": "en", 
   "lines": [
    "Dinoo"
   ]
  }, 
  {
   "begin": "16.280", 
   "end": "16.680", 
   "id": "f000025", 
   "language": "en", 
   "lines": [
    "sang"
   ]
  }, 
  {
   "begin": "16.680", 
   "end": "16.880", 
   "id": "f000026", 
   "language": "en", 
   "lines": [
    "a"
   ]
  }, 
  {
   "begin": "16.880", 
   "end": "17.600", 
   "id": "f000027", 
   "language": "en", 
   "lines": [
    "duet"
   ]
  }, 
  {
   "begin": "17.600", 
   "end": "17.880", 
   "id": "f000028", 
   "language": "en", 
   "lines": [
    "and"
   ]
  }, 
  {
   "begin": "17.880", 
   "end": "18.040", 
   "id": "f000029", 
   "language": "en", 
   "lines": [
    "did"
   ]
  }, 
  {
   "begin": "18.040", 
   "end": "18.280", 
   "id": "f000030", 
   "language": "en", 
   "lines": [
    "a"
   ]
  }, 
  {
   "begin": "18.280", 
   "end": "18.560", 
   "id": "f000031", 
   "language": "en", 
   "lines": [
    "little"
   ]
  }, 
  {
   "begin": "18.560", 
   "end": "18.840", 
   "id": "f000032", 
   "language": "en", 
   "lines": [
    "jig"
   ]
  }, 
  {
   "begin": "18.840", 
   "end": "19.000", 
   "id": "f000033", 
   "language": "en", 
   "lines": [
    "to"
   ]
  }, 
  {
   "begin": "19.000", 
   "end": "19.320", 
   "id": "f000034", 
   "language": "en", 
   "lines": [
    "keep"
   ]
  }, 
  {
   "begin": "19.320", 
   "end": "20.440", 
   "id": "f000035", 
   "language": "en", 
   "lines": [
    "time."
   ]
  }
 ]
}