{
 "fragments": [
  {
   "begin": "0.000", 
   "end": "0.000", 
   "id": "f000001", 
   "language": "en", 
   "lines": [
    "The"
   ]
  }, 
  {
   "begin": "0.000", 
   "end": "0.560", 
   "id": "f000002", 
   "language": "en", 
   "lines": [
    "clouds"
   ]
  }, 
  {
   "begin": "0.560", 
   "end": "0.560", 
   "id": "f000003", 
   "language": "en", 
   "lines": [
    "just"
   ]
  }, 
  {
   "begin": "0.560", 
   "end": "1.040", 
   "id": "f000004", 
   "language": "en", 
   "lines": [
    "had"
   ]
  }, 
  {
   "begin": "1.040", 
   "end": "1.840", 
   "id": "f000005", 
   "language": "en", 
   "lines": [
    "to"
   ]
  }, 
  {
   "begin": "1.840", 
   "end": "2.280", 
   "id": "f000006", 
   "language": "en", 
   "lines": [
    "listen"
   ]
  }, 
  {
   "begin": "2.280", 
   "end": "2.440", 
   "id": "f000007", 
   "language": "en", 
   "lines": [
    "to"
   ]
  }, 
  {
   "begin": "2.440", 
   "end": "3.880", 
   "id": "f000008", 
   "language": "en", 
   "lines": [
    "them!"
   ]
  }, 
  {
   "begin": "3.880", 
   "end": "4.520", 
   "id": "f000009", 
   "language": "en", 
   "lines": [
    "Lightning"
   ]
  }, 
  {
   "begin": "4.520", 
   "end": "5.280", 
   "id": "f000010", 
   "language": "en", 
   "lines": [
    "flashed"
   ]
  }, 
  {
   "begin": "5.280", 
   "end": "5.680", 
   "id": "f000011", 
   "language": "en", 
   "lines": [
    "and"
   ]
  }, 
  {
   "begin": "5.680", 
   "end": "6.000", 
   "id": "f000012", 
   "language": "en", 
   "lines": [
    "the"
   ]
  }, 
  {
   "begin": "6.000", 
   "end": "7.040", 
   "id": "f000013", 
   "language": "en", 
   "lines": [
    "wind"
   ]
  }, 
  {
   "begin": "7.040", 
   "end": "7.840", 
   "id": "f000014", 
   "language": "en", 
   "lines": [
    "danced."
   ]
  }, 
  {
   "begin": "7.840", 
   "end": "9.360", 
   "id": "f000015", 
   "language": "en", 
   "lines": [
    "Dark"
   ]
  }, 
  {
   "begin": "9.360", 
   "end": "10.040", 
   "id": "f000016", 
   "language": "en", 
   "lines": [
    "clouds"
   ]
  }, 
  {
   "begin": "10.040", 
   "end": "10.520", 
   "id": "f000017", 
   "language": "en", 
   "lines": [
    "came"
   ]
  }, 
  {
   "begin": "10.520", 
   "end": "10.960", 
   "id": "f000018", 
   "language": "en", 
   "lines": [
    "rolling"
   ]
  }, 
  {
   "begin": "10.960", 
   "end": "11.480", 
   "id": "f000019", 
   "language": "en", 
   "lines": [
    "in.\n"
   ]
  }, 
  {
   "begin": "11.480", 
   "end": "12.920", 
   "id": "f000020", 
   "language": "en", 
   "lines": [
    "&nbsp;Sukhiya"
   ]
  }, 
  {
   "begin": "12.920", 
   "end": "13.400", 
   "id": "f000021", 
   "language": "en", 
   "lines": [
    "Kaka"
   ]
  }, 
  {
   "begin": "13.400", 
   "end": "13.640", 
   "id": "f000022", 
   "language": "en", 
   "lines": [
    "and"
   ]
  }, 
  {
   "begin": "13.640", 
   "end": "14.000", 
   "id": "f000023", 
   "language": "en", 
   "lines": [
    "Dinoo"
   ]
  }, 
  {
   "begin": "14.000", 
   "end": "14.720", 
   "id": "f000024", 
   "language": "en", 
   "lines": [
    "laughed"
   ]
  }, 
  {
   "begin": "14.720", 
   "end": "15.040", 
   "id": "f000025", 
   "language": "en", 
   "lines": [
    "with"
   ]
  }, 
  {
   "begin": "15.040", 
   "end": "16.000", 
   "id": "f000026", 
   "language": "en", 
   "lines": [
    "joy."
   ]
  }
 ]
}