{
 "fragments": [
  {
   "begin": "0.000", 
   "end": "0.560", 
   "id": "f000001", 
   "language": "en", 
   "lines": [
    "Sukhiya"
   ]
  }, 
  {
   "begin": "0.560", 
   "end": "1.080", 
   "id": "f000002", 
   "language": "en", 
   "lines": [
    "Kaka"
   ]
  }, 
  {
   "begin": "1.080", 
   "end": "1.600", 
   "id": "f000003", 
   "language": "en", 
   "lines": [
    "lived"
   ]
  }, 
  {
   "begin": "1.600", 
   "end": "1.760", 
   "id": "f000004", 
   "language": "en", 
   "lines": [
    "in"
   ]
  }, 
  {
   "begin": "1.760", 
   "end": "1.920", 
   "id": "f000005", 
   "language": "en", 
   "lines": [
    "a"
   ]
  }, 
  {
   "begin": "1.920", 
   "end": "2.560", 
   "id": "f000006", 
   "language": "en", 
   "lines": [
    "village"
   ]
  }, 
  {
   "begin": "2.560", 
   "end": "3.080", 
   "id": "f000007", 
   "language": "en", 
   "lines": [
    "called"
   ]
  }, 
  {
   "begin": "3.080", 
   "end": "4.560", 
   "id": "f000008", 
   "language": "en", 
   "lines": [
    "Bitauna."
   ]
  }, 
  {
   "begin": "4.560", 
   "end": "5.360", 
   "id": "f000009", 
   "language": "en", 
   "lines": [
    "Bitauna"
   ]
  }, 
  {
   "begin": "5.360", 
   "end": "5.680", 
   "id": "f000010", 
   "language": "en", 
   "lines": [
    "was"
   ]
  }, 
  {
   "begin": "5.680", 
   "end": "6.360", 
   "id": "f000011", 
   "language": "en", 
   "lines": [
    "famous"
   ]
  }, 
  {
   "begin": "6.360", 
   "end": "6.840", 
   "id": "f000012", 
   "language": "en", 
   "lines": [
    "all"
   ]
  }, 
  {
   "begin": "6.840", 
   "end": "6.840", 
   "id": "f000013", 
   "language": "en", 
   "lines": [
    "over"
   ]
  }, 
  {
   "begin": "6.840", 
   "end": "7.480", 
   "id": "f000014", 
   "language": "en", 
   "lines": [
    "Rajasthan"
   ]
  }, 
  {
   "begin": "7.480", 
   "end": "8.160", 
   "id": "f000015", 
   "language": "en", 
   "lines": [
    "for"
   ]
  }, 
  {
   "begin": "8.160", 
   "end": "8.400", 
   "id": "f000016", 
   "language": "en", 
   "lines": [
    "its"
   ]
  }, 
  {
   "begin": "8.400", 
   "end": "9.880", 
   "id": "f000017", 
   "language": "en", 
   "lines": [
    "singers."
   ]
  }, 
  {
   "begin": "9.880", 
   "end": "10.200", 
   "id": "f000018", 
   "language": "en", 
   "lines": [
    "No"
   ]
  }, 
  {
   "begin": "10.200", 
   "end": "11.080", 
   "id": "f000019", 
   "language": "en", 
   "lines": [
    "celebration"
   ]
  }, 
  {
   "begin": "11.080", 
   "end": "11.320", 
   "id": "f000020", 
   "language": "en", 
   "lines": [
    "was"
   ]
  }, 
  {
   "begin": "11.320", 
   "end": "12.400", 
   "id": "f000021", 
   "language": "en", 
   "lines": [
    "complete"
   ]
  }, 
  {
   "begin": "12.400", 
   "end": "13.080", 
   "id": "f000022", 
   "language": "en", 
   "lines": [
    "without"
   ]
  }, 
  {
   "begin": "13.080", 
   "end": "13.320", 
   "id": "f000023", 
   "language": "en", 
   "lines": [
    "Sukhiya"
   ]
  }, 
  {
   "begin": "13.320", 
   "end": "13.800", 
   "id": "f000024", 
   "language": "en", 
   "lines": [
    "Kaka's"
   ]
  }, 
  {
   "begin": "13.800", 
   "end": "14.240", 
   "id": "f000025", 
   "language": "en", 
   "lines": [
    "sweet"
   ]
  }, 
  {
   "begin": "14.240", 
   "end": "14.920", 
   "id": "f000026", 
   "language": "en", 
   "lines": [
    "songs.\n"
   ]
  }, 
  {
   "begin": "14.920", 
   "end": "16.000", 
   "id": "f000027", 
   "language": "en", 
   "lines": [
    "&nbsp;Today"
   ]
  }, 
  {
   "begin": "16.000", 
   "end": "16.400", 
   "id": "f000028", 
   "language": "en", 
   "lines": [
    "he"
   ]
  }, 
  {
   "begin": "16.400", 
   "end": "16.680", 
   "id": "f000029", 
   "language": "en", 
   "lines": [
    "had"
   ]
  }, 
  {
   "begin": "16.680", 
   "end": "17.000", 
   "id": "f000030", 
   "language": "en", 
   "lines": [
    "been"
   ]
  }, 
  {
   "begin": "17.000", 
   "end": "17.720", 
   "id": "f000031", 
   "language": "en", 
   "lines": [
    "invited"
   ]
  }, 
  {
   "begin": "17.720", 
   "end": "18.120", 
   "id": "f000032", 
   "language": "en", 
   "lines": [
    "to"
   ]
  }, 
  {
   "begin": "18.120", 
   "end": "18.760", 
   "id": "f000033", 
   "language": "en", 
   "lines": [
    "village"
   ]
  }, 
  {
   "begin": "18.760", 
   "end": "20.000", 
   "id": "f000034", 
   "language": "en", 
   "lines": [
    "Jhalaura."
   ]
  }
 ]
}