{
 "fragments": [
  {
   "begin": "0.000", 
   "end": "1.120", 
   "id": "f000001", 
   "language": "en", 
   "lines": [
    "Sukhiya"
   ]
  }, 
  {
   "begin": "1.120", 
   "end": "1.520", 
   "id": "f000002", 
   "language": "en", 
   "lines": [
    "Kaka"
   ]
  }, 
  {
   "begin": "1.520", 
   "end": "1.960", 
   "id": "f000003", 
   "language": "en", 
   "lines": [
    "twirled"
   ]
  }, 
  {
   "begin": "1.960", 
   "end": "2.400", 
   "id": "f000004", 
   "language": "en", 
   "lines": [
    "his"
   ]
  }, 
  {
   "begin": "2.400", 
   "end": "2.880", 
   "id": "f000005", 
   "language": "en", 
   "lines": [
    "big"
   ]
  }, 
  {
   "begin": "2.880", 
   "end": "3.960", 
   "id": "f000006", 
   "language": "en", 
   "lines": [
    "moustache"
   ]
  }, 
  {
   "begin": "3.960", 
   "end": "4.200", 
   "id": "f000007", 
   "language": "en", 
   "lines": [
    "and"
   ]
  }, 
  {
   "begin": "4.200", 
   "end": "4.600", 
   "id": "f000008", 
   "language": "en", 
   "lines": [
    "set"
   ]
  }, 
  {
   "begin": "4.600", 
   "end": "5.880", 
   "id": "f000009", 
   "language": "en", 
   "lines": [
    "off."
   ]
  }, 
  {
   "begin": "5.880", 
   "end": "6.120", 
   "id": "f000010", 
   "language": "en", 
   "lines": [
    "He"
   ]
  }, 
  {
   "begin": "6.120", 
   "end": "6.320", 
   "id": "f000011", 
   "language": "en", 
   "lines": [
    "was"
   ]
  }, 
  {
   "begin": "6.320", 
   "end": "7.240", 
   "id": "f000012", 
   "language": "en", 
   "lines": [
    "singing"
   ]
  }, 
  {
   "begin": "7.240", 
   "end": "7.680", 
   "id": "f000013", 
   "language": "en", 
   "lines": [
    "raag"
   ]
  }, 
  {
   "begin": "7.680", 
   "end": "8.480", 
   "id": "f000014", 
   "language": "en", 
   "lines": [
    "Malhar."
   ]
  }, 
  {
   "begin": "8.480", 
   "end": "9.720", 
   "id": "f000015", 
   "language": "en", 
   "lines": [
    "...Come"
   ]
  }, 
  {
   "begin": "9.720", 
   "end": "10.040", 
   "id": "f000016", 
   "language": "en", 
   "lines": [
    "to"
   ]
  }, 
  {
   "begin": "10.040", 
   "end": "10.920", 
   "id": "f000017", 
   "language": "en", 
   "lines": [
    "me"
   ]
  }, 
  {
   "begin": "10.920", 
   "end": "11.560", 
   "id": "f000018", 
   "language": "en", 
   "lines": [
    "o"
   ]
  }, 
  {
   "begin": "11.560", 
   "end": "12.440", 
   "id": "f000019", 
   "language": "en", 
   "lines": [
    "rolling"
   ]
  }, 
  {
   "begin": "12.440", 
   "end": "14.840", 
   "id": "f000020", 
   "language": "en", 
   "lines": [
    "clouds..."
   ]
  }
 ]
}