{
 "fragments": [
  {
   "begin": "0.000", 
   "end": "0.200", 
   "id": "f000001", 
   "language": "en", 
   "lines": [
    "I"
   ]
  }, 
  {
   "begin": "0.200", 
   "end": "0.760", 
   "id": "f000002", 
   "language": "en", 
   "lines": [
    "would"
   ]
  }, 
  {
   "begin": "0.760", 
   "end": "1.240", 
   "id": "f000003", 
   "language": "en", 
   "lines": [
    "love"
   ]
  }, 
  {
   "begin": "1.240", 
   "end": "1.480", 
   "id": "f000004", 
   "language": "en", 
   "lines": [
    "to"
   ]
  }, 
  {
   "begin": "1.480", 
   "end": "1.800", 
   "id": "f000005", 
   "language": "en", 
   "lines": [
    "play"
   ]
  }, 
  {
   "begin": "1.800", 
   "end": "1.920", 
   "id": "f000006", 
   "language": "en", 
   "lines": [
    "in"
   ]
  }, 
  {
   "begin": "1.920", 
   "end": "2.040", 
   "id": "f000007", 
   "language": "en", 
   "lines": [
    "the"
   ]
  }, 
  {
   "begin": "2.040", 
   "end": "3.000", 
   "id": "f000008", 
   "language": "en", 
   "lines": [
    "snow"
   ]
  }, 
  {
   "begin": "3.000", 
   "end": "3.160", 
   "id": "f000009", 
   "language": "en", 
   "lines": [
    "and"
   ]
  }, 
  {
   "begin": "3.160", 
   "end": "3.440", 
   "id": "f000010", 
   "language": "en", 
   "lines": [
    "have"
   ]
  }, 
  {
   "begin": "3.440", 
   "end": "3.640", 
   "id": "f000011", 
   "language": "en", 
   "lines": [
    "a"
   ]
  }, 
  {
   "begin": "3.640", 
   "end": "4.040", 
   "id": "f000012", 
   "language": "en", 
   "lines": [
    "feast"
   ]
  }, 
  {
   "begin": "4.040", 
   "end": "4.320", 
   "id": "f000013", 
   "language": "en", 
   "lines": [
    "of"
   ]
  }, 
  {
   "begin": "4.320", 
   "end": "5.200", 
   "id": "f000014", 
   "language": "en", 
   "lines": [
    "naan"
   ]
  }, 
  {
   "begin": "5.200", 
   "end": "5.560", 
   "id": "f000015", 
   "language": "en", 
   "lines": [
    "and"
   ]
  }, 
  {
   "begin": "5.560", 
   "end": "6.360", 
   "id": "f000016", 
   "language": "en", 
   "lines": [
    "rogan"
   ]
  }, 
  {
   "begin": "6.360", 
   "end": "6.600", 
   "id": "f000017", 
   "language": "en", 
   "lines": [
    "josh"
   ]
  }, 
  {
   "begin": "6.600", 
   "end": "7.680", 
   "id": "f000018", 
   "language": "en", 
   "lines": [
    "too."
   ]
  }, 
  {
   "begin": "7.680", 
   "end": "8.160", 
   "id": "f000019", 
   "language": "en", 
   "lines": [
    "Rajni"
   ]
  }, 
  {
   "begin": "8.160", 
   "end": "8.920", 
   "id": "f000020", 
   "language": "en", 
   "lines": [
    "says"
   ]
  }, 
  {
   "begin": "8.920", 
   "end": "9.320", 
   "id": "f000021", 
   "language": "en", 
   "lines": [
    "that"
   ]
  }, 
  {
   "begin": "9.320", 
   "end": "9.480", 
   "id": "f000022", 
   "language": "en", 
   "lines": [
    "the"
   ]
  }, 
  {
   "begin": "9.480", 
   "end": "10.120", 
   "id": "f000023", 
   "language": "en", 
   "lines": [
    "trees"
   ]
  }, 
  {
   "begin": "10.120", 
   "end": "10.560", 
   "id": "f000024", 
   "language": "en", 
   "lines": [
    "look"
   ]
  }, 
  {
   "begin": "10.560", 
   "end": "11.240", 
   "id": "f000025", 
   "language": "en", 
   "lines": [
    "lovely"
   ]
  }, 
  {
   "begin": "11.240", 
   "end": "11.560", 
   "id": "f000026", 
   "language": "en", 
   "lines": [
    "when"
   ]
  }, 
  {
   "begin": "11.560", 
   "end": "12.120", 
   "id": "f000027", 
   "language": "en", 
   "lines": [
    "they"
   ]
  }, 
  {
   "begin": "12.120", 
   "end": "12.400", 
   "id": "f000028", 
   "language": "en", 
   "lines": [
    "are"
   ]
  }, 
  {
   "begin": "12.400", 
   "end": "12.920", 
   "id": "f000029", 
   "language": "en", 
   "lines": [
    "covered"
   ]
  }, 
  {
   "begin": "12.920", 
   "end": "13.160", 
   "id": "f000030", 
   "language": "en", 
   "lines": [
    "with"
   ]
  }, 
  {
   "begin": "13.160", 
   "end": "14.240", 
   "id": "f000031", 
   "language": "en", 
   "lines": [
    "snow."
   ]
  }
 ]
}