{
 "fragments": [
  {
   "begin": "0.000", 
   "end": "0.320", 
   "id": "f000001", 
   "language": "en", 
   "lines": [
    "In"
   ]
  }, 
  {
   "begin": "0.320", 
   "end": "1.000", 
   "id": "f000002", 
   "language": "en", 
   "lines": [
    "Srinagar,"
   ]
  }, 
  {
   "begin": "1.000", 
   "end": "1.720", 
   "id": "f000003", 
   "language": "en", 
   "lines": [
    "they"
   ]
  }, 
  {
   "begin": "1.720", 
   "end": "2.440", 
   "id": "f000004", 
   "language": "en", 
   "lines": [
    "say"
   ]
  }, 
  {
   "begin": "2.440", 
   "end": "3.520", 
   "id": "f000005", 
   "language": "en", 
   "lines": [
    "\u201cNausheen"
   ]
  }, 
  {
   "begin": "3.520", 
   "end": "3.960", 
   "id": "f000006", 
   "language": "en", 
   "lines": [
    "Mubaraq!\u201d"
   ]
  }, 
  {
   "begin": "3.960", 
   "end": "4.160", 
   "id": "f000007", 
   "language": "en", 
   "lines": [
    "when"
   ]
  }, 
  {
   "begin": "4.160", 
   "end": "4.760", 
   "id": "f000008", 
   "language": "en", 
   "lines": [
    "the"
   ]
  }, 
  {
   "begin": "4.760", 
   "end": "5.240", 
   "id": "f000009", 
   "language": "en", 
   "lines": [
    "first"
   ]
  }, 
  {
   "begin": "5.240", 
   "end": "5.520", 
   "id": "f000010", 
   "language": "en", 
   "lines": [
    "snow"
   ]
  }, 
  {
   "begin": "5.520", 
   "end": "7.000", 
   "id": "f000011", 
   "language": "en", 
   "lines": [
    "falls."
   ]
  }, 
  {
   "begin": "7.000", 
   "end": "7.520", 
   "id": "f000012", 
   "language": "en", 
   "lines": [
    "They"
   ]
  }, 
  {
   "begin": "7.520", 
   "end": "7.560", 
   "id": "f000013", 
   "language": "en", 
   "lines": [
    "wrap"
   ]
  }, 
  {
   "begin": "7.560", 
   "end": "7.920", 
   "id": "f000014", 
   "language": "en", 
   "lines": [
    "some"
   ]
  }, 
  {
   "begin": "7.920", 
   "end": "8.560", 
   "id": "f000015", 
   "language": "en", 
   "lines": [
    "snowflakes"
   ]
  }, 
  {
   "begin": "8.560", 
   "end": "8.600", 
   "id": "f000016", 
   "language": "en", 
   "lines": [
    "in"
   ]
  }, 
  {
   "begin": "8.600", 
   "end": "8.960", 
   "id": "f000017", 
   "language": "en", 
   "lines": [
    "a"
   ]
  }, 
  {
   "begin": "8.960", 
   "end": "9.240", 
   "id": "f000018", 
   "language": "en", 
   "lines": [
    "sheet"
   ]
  }, 
  {
   "begin": "9.240", 
   "end": "9.240", 
   "id": "f000019", 
   "language": "en", 
   "lines": [
    "of"
   ]
  }, 
  {
   "begin": "9.240", 
   "end": "9.240", 
   "id": "f000020", 
   "language": "en", 
   "lines": [
    "paper"
   ]
  }, 
  {
   "begin": "9.240", 
   "end": "9.280", 
   "id": "f000021", 
   "language": "en", 
   "lines": [
    "and"
   ]
  }, 
  {
   "begin": "9.280", 
   "end": "9.520", 
   "id": "f000022", 
   "language": "en", 
   "lines": [
    "send"
   ]
  }, 
  {
   "begin": "9.520", 
   "end": "9.560", 
   "id": "f000023", 
   "language": "en", 
   "lines": [
    "it"
   ]
  }, 
  {
   "begin": "9.560", 
   "end": "9.880", 
   "id": "f000024", 
   "language": "en", 
   "lines": [
    "to"
   ]
  }, 
  {
   "begin": "9.880", 
   "end": "10.360", 
   "id": "f000025", 
   "language": "en", 
   "lines": [
    "a"
   ]
  }, 
  {
   "begin": "10.360", 
   "end": "12.480", 
   "id": "f000026", 
   "language": "en", 
   "lines": [
    "friend.&nbsp;The"
   ]
  }, 
  {
   "begin": "12.480", 
   "end": "13.280", 
   "id": "f000027", 
   "language": "en", 
   "lines": [
    "friend"
   ]
  }, 
  {
   "begin": "13.280", 
   "end": "13.560", 
   "id": "f000028", 
   "language": "en", 
   "lines": [
    "has"
   ]
  }, 
  {
   "begin": "13.560", 
   "end": "13.760", 
   "id": "f000029", 
   "language": "en", 
   "lines": [
    "to"
   ]
  }, 
  {
   "begin": "13.760", 
   "end": "13.960", 
   "id": "f000030", 
   "language": "en", 
   "lines": [
    "throw"
   ]
  }, 
  {
   "begin": "13.960", 
   "end": "14.240", 
   "id": "f000031", 
   "language": "en", 
   "lines": [
    "a"
   ]
  }, 
  {
   "begin": "14.240", 
   "end": "14.680", 
   "id": "f000032", 
   "language": "en", 
   "lines": [
    "feast"
   ]
  }, 
  {
   "begin": "14.680", 
   "end": "15.240", 
   "id": "f000033", 
   "language": "en", 
   "lines": [
    "for"
   ]
  }, 
  {
   "begin": "15.240", 
   "end": "15.280", 
   "id": "f000034", 
   "language": "en", 
   "lines": [
    "you"
   ]
  }, 
  {
   "begin": "15.280", 
   "end": "15.440", 
   "id": "f000035", 
   "language": "en", 
   "lines": [
    "after"
   ]
  }, 
  {
   "begin": "15.440", 
   "end": "16.320", 
   "id": "f000036", 
   "language": "en", 
   "lines": [
    "that!"
   ]
  }
 ]
}