{
 "fragments": [
  {
   "begin": "0.000", 
   "end": "0.240", 
   "id": "f000001", 
   "language": "en", 
   "lines": [
    "But"
   ]
  }, 
  {
   "begin": "0.240", 
   "end": "0.880", 
   "id": "f000002", 
   "language": "en", 
   "lines": [
    "I"
   ]
  }, 
  {
   "begin": "0.880", 
   "end": "1.240", 
   "id": "f000003", 
   "language": "en", 
   "lines": [
    "want"
   ]
  }, 
  {
   "begin": "1.240", 
   "end": "1.360", 
   "id": "f000004", 
   "language": "en", 
   "lines": [
    "it"
   ]
  }, 
  {
   "begin": "1.360", 
   "end": "1.360", 
   "id": "f000005", 
   "language": "en", 
   "lines": [
    "to"
   ]
  }, 
  {
   "begin": "1.360", 
   "end": "1.640", 
   "id": "f000006", 
   "language": "en", 
   "lines": [
    "be"
   ]
  }, 
  {
   "begin": "1.640", 
   "end": "2.240", 
   "id": "f000007", 
   "language": "en", 
   "lines": [
    "full"
   ]
  }, 
  {
   "begin": "2.240", 
   "end": "2.680", 
   "id": "f000008", 
   "language": "en", 
   "lines": [
    "of"
   ]
  }, 
  {
   "begin": "2.680", 
   "end": "3.240", 
   "id": "f000009", 
   "language": "en", 
   "lines": [
    "birds"
   ]
  }, 
  {
   "begin": "3.240", 
   "end": "3.840", 
   "id": "f000010", 
   "language": "en", 
   "lines": [
    "and"
   ]
  }, 
  {
   "begin": "3.840", 
   "end": "4.680", 
   "id": "f000011", 
   "language": "en", 
   "lines": [
    "mangoes"
   ]
  }, 
  {
   "begin": "4.680", 
   "end": "4.960", 
   "id": "f000012", 
   "language": "en", 
   "lines": [
    "and"
   ]
  }, 
  {
   "begin": "4.960", 
   "end": "6.120", 
   "id": "f000013", 
   "language": "en", 
   "lines": [
    "squirrels"
   ]
  }, 
  {
   "begin": "6.120", 
   "end": "6.360", 
   "id": "f000014", 
   "language": "en", 
   "lines": [
    "and"
   ]
  }, 
  {
   "begin": "6.360", 
   "end": "7.160", 
   "id": "f000015", 
   "language": "en", 
   "lines": [
    "parrots"
   ]
  }, 
  {
   "begin": "7.160", 
   "end": "7.960", 
   "id": "f000016", 
   "language": "en", 
   "lines": [
    "very"
   ]
  }, 
  {
   "begin": "7.960", 
   "end": "8.560", 
   "id": "f000017", 
   "language": "en", 
   "lines": [
    "soon."
   ]
  }
 ]
}