{
 "fragments": [
  {
   "begin": "0.000", 
   "end": "0.440", 
   "id": "f000001", 
   "language": "en", 
   "lines": [
    "Amma"
   ]
  }, 
  {
   "begin": "0.440", 
   "end": "0.880", 
   "id": "f000002", 
   "language": "en", 
   "lines": [
    "took"
   ]
  }, 
  {
   "begin": "0.880", 
   "end": "1.120", 
   "id": "f000003", 
   "language": "en", 
   "lines": [
    "us"
   ]
  }, 
  {
   "begin": "1.120", 
   "end": "1.120", 
   "id": "f000004", 
   "language": "en", 
   "lines": [
    "to"
   ]
  }, 
  {
   "begin": "1.120", 
   "end": "1.600", 
   "id": "f000005", 
   "language": "en", 
   "lines": [
    "the"
   ]
  }, 
  {
   "begin": "1.600", 
   "end": "2.160", 
   "id": "f000006", 
   "language": "en", 
   "lines": [
    "Groundnut"
   ]
  }, 
  {
   "begin": "2.160", 
   "end": "2.600", 
   "id": "f000007", 
   "language": "en", 
   "lines": [
    "Fair"
   ]
  }, 
  {
   "begin": "2.600", 
   "end": "3.400", 
   "id": "f000008", 
   "language": "en", 
   "lines": [
    "yesterday."
   ]
  }, 
  {
   "begin": "3.400", 
   "end": "4.200", 
   "id": "f000009", 
   "language": "en", 
   "lines": [
    "There"
   ]
  }, 
  {
   "begin": "4.200", 
   "end": "4.360", 
   "id": "f000010", 
   "language": "en", 
   "lines": [
    "were"
   ]
  }, 
  {
   "begin": "4.360", 
   "end": "5.000", 
   "id": "f000011", 
   "language": "en", 
   "lines": [
    "big"
   ]
  }, 
  {
   "begin": "5.000", 
   "end": "5.600", 
   "id": "f000012", 
   "language": "en", 
   "lines": [
    "hills"
   ]
  }, 
  {
   "begin": "5.600", 
   "end": "5.800", 
   "id": "f000013", 
   "language": "en", 
   "lines": [
    "of"
   ]
  }, 
  {
   "begin": "5.800", 
   "end": "6.920", 
   "id": "f000014", 
   "language": "en", 
   "lines": [
    "groundnuts"
   ]
  }, 
  {
   "begin": "6.920", 
   "end": "7.200", 
   "id": "f000015", 
   "language": "en", 
   "lines": [
    "on"
   ]
  }, 
  {
   "begin": "7.200", 
   "end": "7.520", 
   "id": "f000016", 
   "language": "en", 
   "lines": [
    "both"
   ]
  }, 
  {
   "begin": "7.520", 
   "end": "8.200", 
   "id": "f000017", 
   "language": "en", 
   "lines": [
    "sides"
   ]
  }, 
  {
   "begin": "8.200", 
   "end": "8.240", 
   "id": "f000018", 
   "language": "en", 
   "lines": [
    "of"
   ]
  }, 
  {
   "begin": "8.240", 
   "end": "8.560", 
   "id": "f000019", 
   "language": "en", 
   "lines": [
    "the"
   ]
  }, 
  {
   "begin": "8.560", 
   "end": "9.160", 
   "id": "f000020", 
   "language": "en", 
   "lines": [
    "road"
   ]
  }, 
  {
   "begin": "9.160", 
   "end": "9.440", 
   "id": "f000021", 
   "language": "en", 
   "lines": [
    "near"
   ]
  }, 
  {
   "begin": "9.440", 
   "end": "9.680", 
   "id": "f000022", 
   "language": "en", 
   "lines": [
    "the"
   ]
  }, 
  {
   "begin": "9.680", 
   "end": "9.960", 
   "id": "f000023", 
   "language": "en", 
   "lines": [
    "Bull"
   ]
  }, 
  {
   "begin": "9.960", 
   "end": "10.680", 
   "id": "f000024", 
   "language": "en", 
   "lines": [
    "Temple"
   ]
  }, 
  {
   "begin": "10.680", 
   "end": "11.080", 
   "id": "f000025", 
   "language": "en", 
   "lines": [
    "in"
   ]
  }, 
  {
   "begin": "11.080", 
   "end": "12.600", 
   "id": "f000026", 
   "language": "en", 
   "lines": [
    "Bengaluru."
   ]
  }, 
  {
   "begin": "12.600", 
   "end": "13.040", 
   "id": "f000027", 
   "language": "en", 
   "lines": [
    "Dry"
   ]
  }, 
  {
   "begin": "13.040", 
   "end": "13.880", 
   "id": "f000028", 
   "language": "en", 
   "lines": [
    "nuts,"
   ]
  }, 
  {
   "begin": "13.880", 
   "end": "14.400", 
   "id": "f000029", 
   "language": "en", 
   "lines": [
    "boiled"
   ]
  }, 
  {
   "begin": "14.400", 
   "end": "14.600", 
   "id": "f000030", 
   "language": "en", 
   "lines": [
    "and"
   ]
  }, 
  {
   "begin": "14.600", 
   "end": "15.240", 
   "id": "f000031", 
   "language": "en", 
   "lines": [
    "salted"
   ]
  }, 
  {
   "begin": "15.240", 
   "end": "16.200", 
   "id": "f000032", 
   "language": "en", 
   "lines": [
    "nuts,"
   ]
  }, 
  {
   "begin": "16.200", 
   "end": "16.800", 
   "id": "f000033", 
   "language": "en", 
   "lines": [
    "roasted"
   ]
  }, 
  {
   "begin": "16.800", 
   "end": "17.840", 
   "id": "f000034", 
   "language": "en", 
   "lines": [
    "nuts!"
   ]
  }
 ]
}