{
 "fragments": [
  {
   "begin": "0.000", 
   "end": "0.680", 
   "id": "f000001", 
   "language": "en", 
   "lines": [
    "My"
   ]
  }, 
  {
   "begin": "0.680", 
   "end": "1.320", 
   "id": "f000002", 
   "language": "en", 
   "lines": [
    "tree"
   ]
  }, 
  {
   "begin": "1.320", 
   "end": "2.040", 
   "id": "f000003", 
   "language": "en", 
   "lines": [
    "will"
   ]
  }, 
  {
   "begin": "2.040", 
   "end": "2.040", 
   "id": "f000004", 
   "language": "en", 
   "lines": [
    "never"
   ]
  }, 
  {
   "begin": "2.040", 
   "end": "2.200", 
   "id": "f000005", 
   "language": "en", 
   "lines": [
    "be"
   ]
  }, 
  {
   "begin": "2.200", 
   "end": "2.680", 
   "id": "f000006", 
   "language": "en", 
   "lines": [
    "covered"
   ]
  }, 
  {
   "begin": "2.680", 
   "end": "2.920", 
   "id": "f000007", 
   "language": "en", 
   "lines": [
    "with"
   ]
  }, 
  {
   "begin": "2.920", 
   "end": "3.760", 
   "id": "f000008", 
   "language": "en", 
   "lines": [
    "snow."
   ]
  }
 ]
}