{
 "fragments": [
  {
   "begin": "0.000", 
   "end": "0.200", 
   "id": "f000001", 
   "language": "en", 
   "lines": [
    "Do"
   ]
  }, 
  {
   "begin": "0.200", 
   "end": "0.800", 
   "id": "f000002", 
   "language": "en", 
   "lines": [
    "you"
   ]
  }, 
  {
   "begin": "0.800", 
   "end": "1.440", 
   "id": "f000003", 
   "language": "en", 
   "lines": [
    "know,"
   ]
  }, 
  {
   "begin": "1.440", 
   "end": "1.920", 
   "id": "f000004", 
   "language": "en", 
   "lines": [
    "all"
   ]
  }, 
  {
   "begin": "1.920", 
   "end": "2.360", 
   "id": "f000005", 
   "language": "en", 
   "lines": [
    "these"
   ]
  }, 
  {
   "begin": "2.360", 
   "end": "2.640", 
   "id": "f000006", 
   "language": "en", 
   "lines": [
    "are"
   ]
  }, 
  {
   "begin": "2.640", 
   "end": "2.840", 
   "id": "f000007", 
   "language": "en", 
   "lines": [
    "made"
   ]
  }, 
  {
   "begin": "2.840", 
   "end": "3.040", 
   "id": "f000008", 
   "language": "en", 
   "lines": [
    "with"
   ]
  }, 
  {
   "begin": "3.040", 
   "end": "3.640", 
   "id": "f000009", 
   "language": "en", 
   "lines": [
    "sesame"
   ]
  }, 
  {
   "begin": "3.640", 
   "end": "4.480", 
   "id": "f000010", 
   "language": "en", 
   "lines": [
    "seeds"
   ]
  }, 
  {
   "begin": "4.480", 
   "end": "4.640", 
   "id": "f000011", 
   "language": "en", 
   "lines": [
    "and"
   ]
  }, 
  {
   "begin": "4.640", 
   "end": "5.440", 
   "id": "f000012", 
   "language": "en", 
   "lines": [
    "jaggery!"
   ]
  }, 
  {
   "begin": "5.440", 
   "end": "5.760", 
   "id": "f000013", 
   "language": "en", 
   "lines": [
    "They"
   ]
  }, 
  {
   "begin": "5.760", 
   "end": "6.040", 
   "id": "f000014", 
   "language": "en", 
   "lines": [
    "must"
   ]
  }, 
  {
   "begin": "6.040", 
   "end": "6.040", 
   "id": "f000015", 
   "language": "en", 
   "lines": [
    "be"
   ]
  }, 
  {
   "begin": "6.040", 
   "end": "6.240", 
   "id": "f000016", 
   "language": "en", 
   "lines": [
    "good"
   ]
  }, 
  {
   "begin": "6.240", 
   "end": "6.560", 
   "id": "f000017", 
   "language": "en", 
   "lines": [
    "for"
   ]
  }, 
  {
   "begin": "6.560", 
   "end": "6.800", 
   "id": "f000018", 
   "language": "en", 
   "lines": [
    "our"
   ]
  }, 
  {
   "begin": "6.800", 
   "end": "7.520", 
   "id": "f000019", 
   "language": "en", 
   "lines": [
    "health"
   ]
  }, 
  {
   "begin": "7.520", 
   "end": "7.760", 
   "id": "f000020", 
   "language": "en", 
   "lines": [
    "in"
   ]
  }, 
  {
   "begin": "7.760", 
   "end": "7.960", 
   "id": "f000021", 
   "language": "en", 
   "lines": [
    "the"
   ]
  }, 
  {
   "begin": "7.960", 
   "end": "9.040", 
   "id": "f000022", 
   "language": "en", 
   "lines": [
    "winter.\n"
   ]
  }, 
  {
   "begin": "9.040", 
   "end": "9.360", 
   "id": "f000023", 
   "language": "en", 
   "lines": [
    "I"
   ]
  }, 
  {
   "begin": "9.360", 
   "end": "9.640", 
   "id": "f000024", 
   "language": "en", 
   "lines": [
    "like"
   ]
  }, 
  {
   "begin": "9.640", 
   "end": "9.720", 
   "id": "f000025", 
   "language": "en", 
   "lines": [
    "winter."
   ]
  }, 
  {
   "begin": "9.720", 
   "end": "10.080", 
   "id": "f000026", 
   "language": "en", 
   "lines": [
    "I"
   ]
  }, 
  {
   "begin": "10.080", 
   "end": "10.360", 
   "id": "f000027", 
   "language": "en", 
   "lines": [
    "like"
   ]
  }, 
  {
   "begin": "10.360", 
   "end": "10.800", 
   "id": "f000028", 
   "language": "en", 
   "lines": [
    "it"
   ]
  }, 
  {
   "begin": "10.800", 
   "end": "11.240", 
   "id": "f000029", 
   "language": "en", 
   "lines": [
    "when"
   ]
  }, 
  {
   "begin": "11.240", 
   "end": "11.480", 
   "id": "f000030", 
   "language": "en", 
   "lines": [
    "my"
   ]
  }, 
  {
   "begin": "11.480", 
   "end": "11.680", 
   "id": "f000031", 
   "language": "en", 
   "lines": [
    "friends"
   ]
  }, 
  {
   "begin": "11.680", 
   "end": "11.760", 
   "id": "f000032", 
   "language": "en", 
   "lines": [
    "hug"
   ]
  }, 
  {
   "begin": "11.760", 
   "end": "12.840", 
   "id": "f000033", 
   "language": "en", 
   "lines": [
    "me."
   ]
  }, 
  {
   "begin": "12.840", 
   "end": "13.320", 
   "id": "f000034", 
   "language": "en", 
   "lines": [
    "I"
   ]
  }, 
  {
   "begin": "13.320", 
   "end": "13.600", 
   "id": "f000035", 
   "language": "en", 
   "lines": [
    "like"
   ]
  }, 
  {
   "begin": "13.600", 
   "end": "14.760", 
   "id": "f000036", 
   "language": "en", 
   "lines": [
    "to"
   ]
  }, 
  {
   "begin": "14.760", 
   "end": "15.440", 
   "id": "f000037", 
   "language": "en", 
   "lines": [
    "snuggle"
   ]
  }, 
  {
   "begin": "15.440", 
   "end": "15.560", 
   "id": "f000038", 
   "language": "en", 
   "lines": [
    "in"
   ]
  }, 
  {
   "begin": "15.560", 
   "end": "15.560", 
   "id": "f000039", 
   "language": "en", 
   "lines": [
    "the"
   ]
  }, 
  {
   "begin": "15.560", 
   "end": "16.120", 
   "id": "f000040", 
   "language": "en", 
   "lines": [
    "chair"
   ]
  }, 
  {
   "begin": "16.120", 
   "end": "16.280", 
   "id": "f000041", 
   "language": "en", 
   "lines": [
    "next"
   ]
  }, 
  {
   "begin": "16.280", 
   "end": "16.480", 
   "id": "f000042", 
   "language": "en", 
   "lines": [
    "to"
   ]
  }, 
  {
   "begin": "16.480", 
   "end": "16.880", 
   "id": "f000043", 
   "language": "en", 
   "lines": [
    "Granny"
   ]
  }, 
  {
   "begin": "16.880", 
   "end": "17.520", 
   "id": "f000044", 
   "language": "en", 
   "lines": [
    "and"
   ]
  }, 
  {
   "begin": "17.520", 
   "end": "18.000", 
   "id": "f000045", 
   "language": "en", 
   "lines": [
    "read"
   ]
  }, 
  {
   "begin": "18.000", 
   "end": "18.280", 
   "id": "f000046", 
   "language": "en", 
   "lines": [
    "a"
   ]
  }, 
  {
   "begin": "18.280", 
   "end": "19.040", 
   "id": "f000047", 
   "language": "en", 
   "lines": [
    "book."
   ]
  }
 ]
}