{
 "fragments": [
  {
   "begin": "0.000", 
   "end": "0.000", 
   "id": "f000001", 
   "language": "en", 
   "lines": [
    "My"
   ]
  }, 
  {
   "begin": "0.000", 
   "end": "0.160", 
   "id": "f000002", 
   "language": "en", 
   "lines": [
    "friend"
   ]
  }, 
  {
   "begin": "0.160", 
   "end": "1.040", 
   "id": "f000003", 
   "language": "en", 
   "lines": [
    "Rajni"
   ]
  }, 
  {
   "begin": "1.040", 
   "end": "1.720", 
   "id": "f000004", 
   "language": "en", 
   "lines": [
    "lives"
   ]
  }, 
  {
   "begin": "1.720", 
   "end": "2.240", 
   "id": "f000005", 
   "language": "en", 
   "lines": [
    "in"
   ]
  }, 
  {
   "begin": "2.240", 
   "end": "2.880", 
   "id": "f000006", 
   "language": "en", 
   "lines": [
    "Shimla."
   ]
  }, 
  {
   "begin": "2.880", 
   "end": "2.920", 
   "id": "f000007", 
   "language": "en", 
   "lines": [
    "In"
   ]
  }, 
  {
   "begin": "2.920", 
   "end": "3.760", 
   "id": "f000008", 
   "language": "en", 
   "lines": [
    "her"
   ]
  }, 
  {
   "begin": "3.760", 
   "end": "4.840", 
   "id": "f000009", 
   "language": "en", 
   "lines": [
    "grandfather\u2019s"
   ]
  }, 
  {
   "begin": "4.840", 
   "end": "5.800", 
   "id": "f000010", 
   "language": "en", 
   "lines": [
    "village,"
   ]
  }, 
  {
   "begin": "5.800", 
   "end": "6.040", 
   "id": "f000011", 
   "language": "en", 
   "lines": [
    "they"
   ]
  }, 
  {
   "begin": "6.040", 
   "end": "6.400", 
   "id": "f000012", 
   "language": "en", 
   "lines": [
    "pack"
   ]
  }, 
  {
   "begin": "6.400", 
   "end": "7.040", 
   "id": "f000013", 
   "language": "en", 
   "lines": [
    "snow"
   ]
  }, 
  {
   "begin": "7.040", 
   "end": "7.440", 
   "id": "f000014", 
   "language": "en", 
   "lines": [
    "into"
   ]
  }, 
  {
   "begin": "7.440", 
   "end": "7.880", 
   "id": "f000015", 
   "language": "en", 
   "lines": [
    "bamboo"
   ]
  }, 
  {
   "begin": "7.880", 
   "end": "8.680", 
   "id": "f000016", 
   "language": "en", 
   "lines": [
    "baskets"
   ]
  }, 
  {
   "begin": "8.680", 
   "end": "9.000", 
   "id": "f000017", 
   "language": "en", 
   "lines": [
    "to"
   ]
  }, 
  {
   "begin": "9.000", 
   "end": "9.520", 
   "id": "f000018", 
   "language": "en", 
   "lines": [
    "make"
   ]
  }, 
  {
   "begin": "9.520", 
   "end": "9.840", 
   "id": "f000019", 
   "language": "en", 
   "lines": [
    "cone"
   ]
  }, 
  {
   "begin": "9.840", 
   "end": "10.840", 
   "id": "f000020", 
   "language": "en", 
   "lines": [
    "shaped"
   ]
  }, 
  {
   "begin": "10.840", 
   "end": "11.200", 
   "id": "f000021", 
   "language": "en", 
   "lines": [
    "snow"
   ]
  }, 
  {
   "begin": "11.200", 
   "end": "11.360", 
   "id": "f000022", 
   "language": "en", 
   "lines": [
    "heaps"
   ]
  }, 
  {
   "begin": "11.360", 
   "end": "11.640", 
   "id": "f000023", 
   "language": "en", 
   "lines": [
    "on"
   ]
  }, 
  {
   "begin": "11.640", 
   "end": "12.240", 
   "id": "f000024", 
   "language": "en", 
   "lines": [
    "roof"
   ]
  }, 
  {
   "begin": "12.240", 
   "end": "13.600", 
   "id": "f000025", 
   "language": "en", 
   "lines": [
    "tops."
   ]
  }, 
  {
   "begin": "13.600", 
   "end": "14.080", 
   "id": "f000026", 
   "language": "en", 
   "lines": [
    "Then"
   ]
  }, 
  {
   "begin": "14.080", 
   "end": "14.480", 
   "id": "f000027", 
   "language": "en", 
   "lines": [
    "the"
   ]
  }, 
  {
   "begin": "14.480", 
   "end": "15.120", 
   "id": "f000028", 
   "language": "en", 
   "lines": [
    "children"
   ]
  }, 
  {
   "begin": "15.120", 
   "end": "15.400", 
   "id": "f000029", 
   "language": "en", 
   "lines": [
    "go"
   ]
  }, 
  {
   "begin": "15.400", 
   "end": "15.600", 
   "id": "f000030", 
   "language": "en", 
   "lines": [
    "to"
   ]
  }, 
  {
   "begin": "15.600", 
   "end": "15.920", 
   "id": "f000031", 
   "language": "en", 
   "lines": [
    "take"
   ]
  }, 
  {
   "begin": "15.920", 
   "end": "16.120", 
   "id": "f000032", 
   "language": "en", 
   "lines": [
    "the"
   ]
  }, 
  {
   "begin": "16.120", 
   "end": "16.960", 
   "id": "f000033", 
   "language": "en", 
   "lines": [
    "blessings"
   ]
  }, 
  {
   "begin": "16.960", 
   "end": "17.000", 
   "id": "f000034", 
   "language": "en", 
   "lines": [
    "of"
   ]
  }, 
  {
   "begin": "17.000", 
   "end": "17.040", 
   "id": "f000035", 
   "language": "en", 
   "lines": [
    "all"
   ]
  }, 
  {
   "begin": "17.040", 
   "end": "17.040", 
   "id": "f000036", 
   "language": "en", 
   "lines": [
    "the"
   ]
  }, 
  {
   "begin": "17.040", 
   "end": "17.120", 
   "id": "f000037", 
   "language": "en", 
   "lines": [
    "elders."
   ]
  }, 
  {
   "begin": "17.120", 
   "end": "17.760", 
   "id": "f000038", 
   "language": "en", 
   "lines": [
    "Rajni"
   ]
  }, 
  {
   "begin": "17.760", 
   "end": "18.480", 
   "id": "f000039", 
   "language": "en", 
   "lines": [
    "also"
   ]
  }, 
  {
   "begin": "18.480", 
   "end": "19.600", 
   "id": "f000040", 
   "language": "en", 
   "lines": [
    "told"
   ]
  }, 
  {
   "begin": "19.600", 
   "end": "19.840", 
   "id": "f000041", 
   "language": "en", 
   "lines": [
    "me"
   ]
  }, 
  {
   "begin": "19.840", 
   "end": "20.400", 
   "id": "f000042", 
   "language": "en", 
   "lines": [
    "about"
   ]
  }, 
  {
   "begin": "20.400", 
   "end": "20.880", 
   "id": "f000043", 
   "language": "en", 
   "lines": [
    "the"
   ]
  }, 
  {
   "begin": "20.880", 
   "end": "21.480", 
   "id": "f000044", 
   "language": "en", 
   "lines": [
    "Snowman"
   ]
  }, 
  {
   "begin": "21.480", 
   "end": "24.160", 
   "id": "f000045", 
   "language": "en", 
   "lines": [
    "Competition.&nbsp;"
   ]
  }
 ]
}