{
 "fragments": [
  {
   "begin": "0.000", 
   "end": "0.560", 
   "id": "f000001", 
   "language": "en", 
   "lines": [
    "One"
   ]
  }, 
  {
   "begin": "0.560", 
   "end": "1.080", 
   "id": "f000002", 
   "language": "en", 
   "lines": [
    "day,"
   ]
  }, 
  {
   "begin": "1.080", 
   "end": "1.600", 
   "id": "f000003", 
   "language": "en", 
   "lines": [
    "Gappu"
   ]
  }, 
  {
   "begin": "1.600", 
   "end": "1.960", 
   "id": "f000004", 
   "language": "en", 
   "lines": [
    "said,"
   ]
  }, 
  {
   "begin": "1.960", 
   "end": "2.040", 
   "id": "f000005", 
   "language": "en", 
   "lines": [
    "\u201cWill"
   ]
  }, 
  {
   "begin": "2.040", 
   "end": "2.440", 
   "id": "f000006", 
   "language": "en", 
   "lines": [
    "you"
   ]
  }, 
  {
   "begin": "2.440", 
   "end": "3.200", 
   "id": "f000007", 
   "language": "en", 
   "lines": [
    "wrestle"
   ]
  }, 
  {
   "begin": "3.200", 
   "end": "3.360", 
   "id": "f000008", 
   "language": "en", 
   "lines": [
    "with"
   ]
  }, 
  {
   "begin": "3.360", 
   "end": "4.120", 
   "id": "f000009", 
   "language": "en", 
   "lines": [
    "me?\u201d"
   ]
  }
 ]
}