{
 "fragments": [
  {
   "begin": "0.000", 
   "end": "0.440", 
   "id": "f000001", 
   "language": "en", 
   "lines": [
    "He"
   ]
  }, 
  {
   "begin": "0.440", 
   "end": "0.840", 
   "id": "f000002", 
   "language": "en", 
   "lines": [
    "drinks"
   ]
  }, 
  {
   "begin": "0.840", 
   "end": "1.360", 
   "id": "f000003", 
   "language": "en", 
   "lines": [
    "ten"
   ]
  }, 
  {
   "begin": "1.360", 
   "end": "1.920", 
   "id": "f000004", 
   "language": "en", 
   "lines": [
    "litres"
   ]
  }, 
  {
   "begin": "1.920", 
   "end": "1.960", 
   "id": "f000005", 
   "language": "en", 
   "lines": [
    "of"
   ]
  }, 
  {
   "begin": "1.960", 
   "end": "2.480", 
   "id": "f000006", 
   "language": "en", 
   "lines": [
    "milk"
   ]
  }, 
  {
   "begin": "2.480", 
   "end": "3.480", 
   "id": "f000007", 
   "language": "en", 
   "lines": [
    "everyday."
   ]
  }
 ]
}