{"id":71,"name":"Pehelwaan Ji","writtenby":"Sanjiv Jaiswal 'Sanjay'","illustrationsby":"Ajit Narayan","translationby":"Manisha Chaudhry","source":"Pratham Books","status":"active","level":2,"pages":[{"id":726,"content":"Pehelwaan ji!","pageno":1,"image":"f16581e83cd21740d89e8df903c0d9e9.jpg","audio":"5456e75963c725d89c467113f59699c2.mp3","audio_map":"2c3fedd4093b570a1e160fd2600e45f5.json","language":[]},{"id":727,"content":"He drinks ten litres of milk everyday.","pageno":2,"image":"5e6f57cf98e048a24936cc8b62c75910.jpg","audio":"4c7a32c88e15aff7d4ea9410b2778bd6.mp3","audio_map":"5dbd13b1efb11d0b12d684242fe0e393.json","language":[]},{"id":728,"content":"He eats fifty rotis.","pageno":3,"image":"1baa6261b92a1c2471234d8e47b7c8e5.jpg","audio":"72743f8767a02fb94cb06815a03718b4.mp3","audio_map":"16195fa4eacc78882714ae152fabc315.json","language":[]},{"id":729,"content":"He lifts weights of a hundred kilos.","pageno":4,"image":"c5b88c532cfd1f1016c60693baac801d.jpg","audio":"a940253de873dc7c8efb9492f38179f0.mp3","audio_map":"712eb6997263035380e3bdaface51c2e.json","language":[]},{"id":730,"content":"He walks with a swagger.","pageno":5,"image":"6cb9a3fb02ec62c1e84b37c33fc577e6.jpg","audio":"1f9eedd75ee83e4a1ffa2175a8ecb21c.mp3","audio_map":"cd27c8940d511f02f327c0401b733468.json","language":[]},{"id":731,"content":"He orders all the children about.","pageno":6,"image":"4d68f5bdd539a8775960068d6deae2f8.jpg","audio":"3d5bd96e4db7ffd03522401bafbcae13.mp3","audio_map":"a78a1662a59cddc13a8a6966066b4de9.json","language":[]},{"id":732,"content":"One day, Gappu said, \u201cWill you wrestle with me?\u201d\u2029","pageno":7,"image":"1713bbf23d717b27cdceaa6082cae4ac.jpg","audio":"207875119ed76f218172176b3a629948.mp3","audio_map":"436b32824c70ec60ef6e0188017d9091.json","language":[]},{"id":733,"content":"Pehelwaan ji laughed. And then agreed.","pageno":8,"image":"b7691ed551c5bec65f2305eb7003e1f8.jpg","audio":"7782d8113375d980e066e4a74d012cf1.mp3","audio_map":"8087aba16ec808f9c81ac524e60fee7a.json","language":[]},{"id":734,"content":"Both of them slapped their thighs!","pageno":9,"image":"4ddd9b9c058b20e38460c560261ac9da.jpg","audio":"27ffc2b42d18e6b188cadd6026593b5e.mp3","audio_map":"c6d45258aa26e6ba612ee37bf86615a4.json","language":[]},{"id":735,"content":"Pehelwaan ji caught hold of Gappu.","pageno":10,"image":"dd46fab16a9345d8c02701632c23a07b.jpg","audio":"4bed982539d597918ec536abedd6b1de.mp3","audio_map":"1958b75777caecdfdd3da2be540b0067.json","language":[]},{"id":736,"content":"Gappu tickled him in the stomach.","pageno":11,"image":"83ed0e63684b09d55222124aea79b22f.jpg","audio":"4f59cd1ab2a488743e13735db19dc4b8.mp3","audio_map":"d1f7353a25c0e8f8d4690017038d1741.json","language":[]},{"id":737,"content":"Hee\u2026Heee\u2026Heeee\u2026 Pehelwaan ji jumped!\u2029","pageno":12,"image":"3e20202de16e9342498a6430977c088e.jpg","audio":"17b52855e39927895a15d2acdecce6a3.mp3","audio_map":"ba6ec97f933520bce8cc239390dad375.json","language":[]},{"id":738,"content":"As Gappu tickled him, Pehelwaan ji began to dance.","pageno":13,"image":"05c767c10c452697ef38ee87218f87b1.jpg","audio":"81d7be51a58f775cd262ad8cdd92577f.mp3","audio_map":"7ff0cb1b5bd948302fa5254119baf05b.json","language":[]},{"id":739,"content":"Ha\u2026Ha\u2026Hee\u2026Hee\u2026Hoo\u2026Hoo... Pehelwaan ji rolled about helplessly. And he ran away.\u2029","pageno":14,"image":"1ee391fdcd118b9a3b291c81fdcf4f92.jpg","audio":"ee1a2b2819967f0536761f1dd5146c91.mp3","audio_map":"4a7712269c87a85b7e71e00946df69ec.json","language":[]},{"id":740,"content":"The kids are not scared of him any more. He is scared of them.","pageno":15,"image":"1a6a8f55a6b55d94b0dca65f5fb0c54d.jpg","audio":"3fdb9a851cd60f45ca1b1f201545227f.mp3","audio_map":"ec38add2ffad9ae31538102c539a440e.json","language":[]}],"language":[],"questions":[{"id":5702,"type":"pre","storypage_id":0,"order_number":1,"title":"Learning new words","question":{"question_type":"vocabulary","question":{"text":"Learning new words","image":"","type":"text"},"words":[{"word":"wrestle","image":"8707d6877e2ea0981b7a1d0d53c2df81.png"},{"word":"thighs","image":"2fead132822ba1459077f2960409efde.png"},{"word":"weights","image":"9a419e7f39ab383dd523080195571708.png"},{"word":"tickled","image":"f91a8dbd913406519491177b315c9905.png"}]},"score":1,"question_template_id":21,"question_template":"Vocab"},{"id":5939,"type":"pre","storypage_id":0,"order_number":2,"title":"What do you think this story is about?","question":{"question_type":"mcq_single_answer","question":{"text":"What do you think this story is about?","image":"","type":"text"},"options":[{"text":"A wrestler","type":"text","image":"","ans":1},{"text":"Animals","type":"text","image":"","ans":0},{"text":"Fruits","type":"text","image":"","ans":0},{"text":"Vegetables","type":"text","image":"","ans":0}],"answers":["A wrestler"]},"score":1,"question_template_id":2,"question_template":"Text MCQ"},{"id":5940,"type":"during","storypage_id":727,"order_number":1,"title":"Choose the correct answer.","question":{"question_type":"mcq_single_answer","question":{"text":"How many liters of milk does Pehelwaan ji drink everyday?","image":"","type":"text"},"options":[{"text":"Ten","type":"both","image":"716af0cdfcc1b6ebed7dd731167f890c.png","ans":1},{"text":"Three","type":"both","image":"0647f6e71861b19d75a445a811041180.png","ans":0},{"text":"Four ","type":"both","image":"7a61077fbbaf2455d07c78c3b31e8e1c.png","ans":0},{"text":"Six","type":"both","image":"70b6a9dc38dab5ce9c2777f48025f6fb.png","ans":0}],"answers":["Ten"]},"score":1,"question_template_id":2,"question_template":"Text MCQ"},{"id":5941,"type":"during","storypage_id":728,"order_number":2,"title":"Choose the correct answer.","question":{"question_type":"mcq_single_answer","question":{"text":"How many rotis does he eat?","image":"","type":"text"},"options":[{"text":"Fifty","type":"both","image":"2ba8ab331cb05d5a82f2dc0c4f1cfce1.png","ans":1},{"text":"Forty","type":"both","image":"174a47d9f240960814ffe22a53de071e.png","ans":0},{"text":"Thirty","type":"both","image":"2a87168a0c9d8722fa06d287458fa5fa.png","ans":0},{"text":"Twenty","type":"both","image":"5d70febe79cbbfbab3e38fb42481e0aa.png","ans":0}],"answers":["Fifty"]},"score":1,"question_template_id":2,"question_template":"Text MCQ"},{"id":5942,"type":"during","storypage_id":729,"order_number":3,"title":"Choose the correct answer.","question":{"question_type":"mcq_single_answer","question":{"text":"How heavy are the weights he lifts?","image":"","type":"text"},"options":[{"text":"A hundred kilos","type":"both","image":"59ede3b6d21dfcd585deb029775ef9ac.png","ans":1},{"text":"Twenty kilos","type":"both","image":"6ff50b187ddd751bfc7bb8b15022e2c6.png","ans":0},{"text":"Ten kilos","type":"both","image":"3a496d7119769d39e4142127e316ed13.png","ans":0},{"text":"Five kilos","type":"both","image":"474b6aea7e556f15888add303045e8c1.png","ans":0}],"answers":["A hundred kilos"]},"score":1,"question_template_id":2,"question_template":"Text MCQ"},{"id":5943,"type":"during","storypage_id":731,"order_number":4,"title":"Choose the correct answer.","question":{"question_type":"mcq_single_answer","question":{"text":"Who does Pehelwaan ji order about?","image":"","type":"text"},"options":[{"text":"The children","type":"both","image":"7a56e13b377aabe51a7597ca937906ef.png","ans":1},{"text":"Other pehelwaans","type":"both","image":"71eff07ed6a289a7fa1c300325ca56a6.png","ans":0},{"text":"Old people","type":"both","image":"c2ee73b765a41fcbba6fb741a278923e.png","ans":0},{"text":"His family","type":"both","image":"a57435f78fcfdc56c25c8f4549bc3d26.png","ans":0}],"answers":["The children"]},"score":1,"question_template_id":2,"question_template":"Text MCQ"},{"id":5944,"type":"during","storypage_id":732,"order_number":5,"title":"Choose the correct answer.","question":{"question_type":"mcq_single_answer","question":{"text":"Who asked to wrestle with Pehelwaan ji?","image":"","type":"text"},"options":[{"text":"Gappu","type":"both","image":"49d7a7a0cd5048e86728aa502cccdf79.png","ans":1},{"text":"Pappu","type":"both","image":"30898d891f82eb5dcffb1e2134e48830.png","ans":0},{"text":"Dipu","type":"both","image":"30cc8570362484191e5815b335660885.png","ans":0},{"text":"Debu","type":"both","image":"0b17a83a6dbc0685c2d1e2f9bb442db3.png","ans":0}],"answers":["Gappu"]},"score":1,"question_template_id":2,"question_template":"Text MCQ"},{"id":5945,"type":"during","storypage_id":736,"order_number":6,"title":"Choose the correct answer.","question":{"question_type":"mcq_single_answer","question":{"text":"How did Gappu trick Pehelwaan ji?","image":"","type":"text"},"options":[{"text":"He tickled him","type":"both","image":"c3593415808cbf2319f648ead9aec08c.png","ans":1},{"text":"He insulted him","type":"both","image":"068557c30b7bff427b60dbac5de1c931.png","ans":0},{"text":"He hurt him","type":"both","image":"fe1a2a26ecbb2326ab8333d73172e142.png","ans":0},{"text":"He pinched him","type":"both","image":"9611a5e3eddfeb520b69d9bfa2931679.png","ans":0}],"answers":["He tickled him"]},"score":1,"question_template_id":2,"question_template":"Text MCQ"},{"id":5946,"type":"during","storypage_id":740,"order_number":7,"title":"Choose the correct answer.","question":{"question_type":"mcq_single_answer","question":{"text":"Who is Pehelwaan ji scared of now?","image":"","type":"text"},"options":[{"text":"The children","type":"both","image":"5e0abb719ef3b70354021e1ebd054f5b.png","ans":1},{"text":"His family","type":"both","image":"d51ae6373e001a7e143e430217922326.png","ans":0},{"text":"His sister","type":"both","image":"497bc5d8b9636fc5193569ee38b03f61.png","ans":0},{"text":"His neighbour","type":"both","image":"e3307bbaf6fd371d8741b3b20a022f31.png","ans":0}],"answers":["The children"]},"score":1,"question_template_id":2,"question_template":"Text MCQ"}]}