{
 "fragments": [
  {
   "begin": "0.000", 
   "end": "0.600", 
   "id": "f000001", 
   "language": "en", 
   "lines": [
    "As"
   ]
  }, 
  {
   "begin": "0.600", 
   "end": "1.040", 
   "id": "f000002", 
   "language": "en", 
   "lines": [
    "Gappu"
   ]
  }, 
  {
   "begin": "1.040", 
   "end": "1.480", 
   "id": "f000003", 
   "language": "en", 
   "lines": [
    "tickled"
   ]
  }, 
  {
   "begin": "1.480", 
   "end": "1.840", 
   "id": "f000004", 
   "language": "en", 
   "lines": [
    "him,"
   ]
  }, 
  {
   "begin": "1.840", 
   "end": "2.960", 
   "id": "f000005", 
   "language": "en", 
   "lines": [
    "Pehelwaan"
   ]
  }, 
  {
   "begin": "2.960", 
   "end": "3.360", 
   "id": "f000006", 
   "language": "en", 
   "lines": [
    "ji"
   ]
  }, 
  {
   "begin": "3.360", 
   "end": "3.640", 
   "id": "f000007", 
   "language": "en", 
   "lines": [
    "began"
   ]
  }, 
  {
   "begin": "3.640", 
   "end": "3.880", 
   "id": "f000008", 
   "language": "en", 
   "lines": [
    "to"
   ]
  }, 
  {
   "begin": "3.880", 
   "end": "5.000", 
   "id": "f000009", 
   "language": "en", 
   "lines": [
    "dance."
   ]
  }
 ]
}