{
 "fragments": [
  {
   "begin": "0.000", 
   "end": "1.120", 
   "id": "f000001", 
   "language": "en", 
   "lines": [
    "Pehelwaan"
   ]
  }, 
  {
   "begin": "1.120", 
   "end": "1.440", 
   "id": "f000002", 
   "language": "en", 
   "lines": [
    "ji"
   ]
  }, 
  {
   "begin": "1.440", 
   "end": "1.920", 
   "id": "f000003", 
   "language": "en", 
   "lines": [
    "laughed."
   ]
  }, 
  {
   "begin": "1.920", 
   "end": "2.800", 
   "id": "f000004", 
   "language": "en", 
   "lines": [
    "And"
   ]
  }, 
  {
   "begin": "2.800", 
   "end": "3.440", 
   "id": "f000005", 
   "language": "en", 
   "lines": [
    "then"
   ]
  }, 
  {
   "begin": "3.440", 
   "end": "4.640", 
   "id": "f000006", 
   "language": "en", 
   "lines": [
    "agreed."
   ]
  }
 ]
}