{
 "fragments": [
  {
   "begin": "0.000", 
   "end": "0.360", 
   "id": "f000001", 
   "language": "en", 
   "lines": [
    "He"
   ]
  }, 
  {
   "begin": "0.360", 
   "end": "1.080", 
   "id": "f000002", 
   "language": "en", 
   "lines": [
    "orders"
   ]
  }, 
  {
   "begin": "1.080", 
   "end": "1.480", 
   "id": "f000003", 
   "language": "en", 
   "lines": [
    "all"
   ]
  }, 
  {
   "begin": "1.480", 
   "end": "1.640", 
   "id": "f000004", 
   "language": "en", 
   "lines": [
    "the"
   ]
  }, 
  {
   "begin": "1.640", 
   "end": "2.160", 
   "id": "f000005", 
   "language": "en", 
   "lines": [
    "children"
   ]
  }, 
  {
   "begin": "2.160", 
   "end": "2.760", 
   "id": "f000006", 
   "language": "en", 
   "lines": [
    "about."
   ]
  }
 ]
}