{
 "fragments": [
  {
   "begin": "0.000", 
   "end": "2.720", 
   "id": "f000001", 
   "language": "en", 
   "lines": [
    "Hee\u2026Heee\u2026Heeee\u2026"
   ]
  }, 
  {
   "begin": "2.720", 
   "end": "3.960", 
   "id": "f000002", 
   "language": "en", 
   "lines": [
    "Pehelwaan"
   ]
  }, 
  {
   "begin": "3.960", 
   "end": "4.280", 
   "id": "f000003", 
   "language": "en", 
   "lines": [
    "ji"
   ]
  }, 
  {
   "begin": "4.280", 
   "end": "5.320", 
   "id": "f000004", 
   "language": "en", 
   "lines": [
    "jumped!"
   ]
  }
 ]
}