{
 "fragments": [
  {
   "begin": "0.000", 
   "end": "0.240", 
   "id": "f000001", 
   "language": "en", 
   "lines": [
    "He"
   ]
  }, 
  {
   "begin": "0.240", 
   "end": "0.920", 
   "id": "f000002", 
   "language": "en", 
   "lines": [
    "walks"
   ]
  }, 
  {
   "begin": "0.920", 
   "end": "1.560", 
   "id": "f000003", 
   "language": "en", 
   "lines": [
    "with"
   ]
  }, 
  {
   "begin": "1.560", 
   "end": "1.680", 
   "id": "f000004", 
   "language": "en", 
   "lines": [
    "a"
   ]
  }, 
  {
   "begin": "1.680", 
   "end": "2.720", 
   "id": "f000005", 
   "language": "en", 
   "lines": [
    "swagger."
   ]
  }
 ]
}