{
 "fragments": [
  {
   "begin": "0.000", 
   "end": "0.000", 
   "id": "f000001", 
   "language": "en", 
   "lines": [
    "Gappu"
   ]
  }, 
  {
   "begin": "0.000", 
   "end": "0.560", 
   "id": "f000002", 
   "language": "en", 
   "lines": [
    "tickled"
   ]
  }, 
  {
   "begin": "0.560", 
   "end": "0.840", 
   "id": "f000003", 
   "language": "en", 
   "lines": [
    "him"
   ]
  }, 
  {
   "begin": "0.840", 
   "end": "1.200", 
   "id": "f000004", 
   "language": "en", 
   "lines": [
    "in"
   ]
  }, 
  {
   "begin": "1.200", 
   "end": "1.760", 
   "id": "f000005", 
   "language": "en", 
   "lines": [
    "the"
   ]
  }, 
  {
   "begin": "1.760", 
   "end": "2.640", 
   "id": "f000006", 
   "language": "en", 
   "lines": [
    "stomach."
   ]
  }
 ]
}