{
 "fragments": [
  {
   "begin": "0.000", 
   "end": "0.560", 
   "id": "f000001", 
   "language": "en", 
   "lines": [
    "The"
   ]
  }, 
  {
   "begin": "0.560", 
   "end": "0.960", 
   "id": "f000002", 
   "language": "en", 
   "lines": [
    "kids"
   ]
  }, 
  {
   "begin": "0.960", 
   "end": "1.160", 
   "id": "f000003", 
   "language": "en", 
   "lines": [
    "are"
   ]
  }, 
  {
   "begin": "1.160", 
   "end": "1.400", 
   "id": "f000004", 
   "language": "en", 
   "lines": [
    "not"
   ]
  }, 
  {
   "begin": "1.400", 
   "end": "1.960", 
   "id": "f000005", 
   "language": "en", 
   "lines": [
    "scared"
   ]
  }, 
  {
   "begin": "1.960", 
   "end": "2.120", 
   "id": "f000006", 
   "language": "en", 
   "lines": [
    "of"
   ]
  }, 
  {
   "begin": "2.120", 
   "end": "2.280", 
   "id": "f000007", 
   "language": "en", 
   "lines": [
    "him"
   ]
  }, 
  {
   "begin": "2.280", 
   "end": "2.600", 
   "id": "f000008", 
   "language": "en", 
   "lines": [
    "any"
   ]
  }, 
  {
   "begin": "2.600", 
   "end": "3.440", 
   "id": "f000009", 
   "language": "en", 
   "lines": [
    "more."
   ]
  }, 
  {
   "begin": "3.440", 
   "end": "3.640", 
   "id": "f000010", 
   "language": "en", 
   "lines": [
    "He"
   ]
  }, 
  {
   "begin": "3.640", 
   "end": "4.400", 
   "id": "f000011", 
   "language": "en", 
   "lines": [
    "is"
   ]
  }, 
  {
   "begin": "4.400", 
   "end": "4.680", 
   "id": "f000012", 
   "language": "en", 
   "lines": [
    "scared"
   ]
  }, 
  {
   "begin": "4.680", 
   "end": "4.880", 
   "id": "f000013", 
   "language": "en", 
   "lines": [
    "of"
   ]
  }, 
  {
   "begin": "4.880", 
   "end": "5.240", 
   "id": "f000014", 
   "language": "en", 
   "lines": [
    "them."
   ]
  }
 ]
}