{
 "fragments": [
  {
   "begin": "0.000", 
   "end": "0.400", 
   "id": "f000001", 
   "language": "en", 
   "lines": [
    "The"
   ]
  }, 
  {
   "begin": "0.400", 
   "end": "0.800", 
   "id": "f000002", 
   "language": "en", 
   "lines": [
    "pooja"
   ]
  }, 
  {
   "begin": "0.800", 
   "end": "1.200", 
   "id": "f000003", 
   "language": "en", 
   "lines": [
    "started."
   ]
  }, 
  {
   "begin": "1.200", 
   "end": "2.160", 
   "id": "f000004", 
   "language": "en", 
   "lines": [
    "The"
   ]
  }, 
  {
   "begin": "2.160", 
   "end": "3.000", 
   "id": "f000005", 
   "language": "en", 
   "lines": [
    "whole"
   ]
  }, 
  {
   "begin": "3.000", 
   "end": "3.440", 
   "id": "f000006", 
   "language": "en", 
   "lines": [
    "village"
   ]
  }, 
  {
   "begin": "3.440", 
   "end": "3.800", 
   "id": "f000007", 
   "language": "en", 
   "lines": [
    "came"
   ]
  }, 
  {
   "begin": "3.800", 
   "end": "4.040", 
   "id": "f000008", 
   "language": "en", 
   "lines": [
    "to"
   ]
  }, 
  {
   "begin": "4.040", 
   "end": "5.120", 
   "id": "f000009", 
   "language": "en", 
   "lines": [
    "watch."
   ]
  }, 
  {
   "begin": "5.120", 
   "end": "5.280", 
   "id": "f000010", 
   "language": "en", 
   "lines": [
    "The"
   ]
  }, 
  {
   "begin": "5.280", 
   "end": "5.880", 
   "id": "f000011", 
   "language": "en", 
   "lines": [
    "priest"
   ]
  }, 
  {
   "begin": "5.880", 
   "end": "6.320", 
   "id": "f000012", 
   "language": "en", 
   "lines": [
    "began"
   ]
  }, 
  {
   "begin": "6.320", 
   "end": "7.560", 
   "id": "f000013", 
   "language": "en", 
   "lines": [
    "chanting."
   ]
  }
 ]
}