{
 "fragments": [
  {
   "begin": "0.000", 
   "end": "0.000", 
   "id": "f000001", 
   "language": "en", 
   "lines": [
    "Not"
   ]
  }, 
  {
   "begin": "0.000", 
   "end": "0.640", 
   "id": "f000002", 
   "language": "en", 
   "lines": [
    "to"
   ]
  }, 
  {
   "begin": "0.640", 
   "end": "1.000", 
   "id": "f000003", 
   "language": "en", 
   "lines": [
    "the"
   ]
  }, 
  {
   "begin": "1.000", 
   "end": "1.800", 
   "id": "f000004", 
   "language": "en", 
   "lines": [
    "traders"
   ]
  }, 
  {
   "begin": "1.800", 
   "end": "1.840", 
   "id": "f000005", 
   "language": "en", 
   "lines": [
    "who"
   ]
  }, 
  {
   "begin": "1.840", 
   "end": "2.400", 
   "id": "f000006", 
   "language": "en", 
   "lines": [
    "could"
   ]
  }, 
  {
   "begin": "2.400", 
   "end": "2.840", 
   "id": "f000007", 
   "language": "en", 
   "lines": [
    "sell"
   ]
  }, 
  {
   "begin": "2.840", 
   "end": "3.280", 
   "id": "f000008", 
   "language": "en", 
   "lines": [
    "the"
   ]
  }, 
  {
   "begin": "3.280", 
   "end": "3.680", 
   "id": "f000009", 
   "language": "en", 
   "lines": [
    "bananas"
   ]
  }, 
  {
   "begin": "3.680", 
   "end": "3.880", 
   "id": "f000010", 
   "language": "en", 
   "lines": [
    "in"
   ]
  }, 
  {
   "begin": "3.880", 
   "end": "4.480", 
   "id": "f000011", 
   "language": "en", 
   "lines": [
    "far"
   ]
  }, 
  {
   "begin": "4.480", 
   "end": "4.720", 
   "id": "f000012", 
   "language": "en", 
   "lines": [
    "away"
   ]
  }, 
  {
   "begin": "4.720", 
   "end": "6.000", 
   "id": "f000013", 
   "language": "en", 
   "lines": [
    "markets."
   ]
  }, 
  {
   "begin": "6.000", 
   "end": "6.320", 
   "id": "f000014", 
   "language": "en", 
   "lines": [
    "And"
   ]
  }, 
  {
   "begin": "6.320", 
   "end": "6.600", 
   "id": "f000015", 
   "language": "en", 
   "lines": [
    "not"
   ]
  }, 
  {
   "begin": "6.600", 
   "end": "6.920", 
   "id": "f000016", 
   "language": "en", 
   "lines": [
    "even"
   ]
  }, 
  {
   "begin": "6.920", 
   "end": "7.280", 
   "id": "f000017", 
   "language": "en", 
   "lines": [
    "to"
   ]
  }, 
  {
   "begin": "7.280", 
   "end": "7.760", 
   "id": "f000018", 
   "language": "en", 
   "lines": [
    "his"
   ]
  }, 
  {
   "begin": "7.760", 
   "end": "8.960", 
   "id": "f000019", 
   "language": "en", 
   "lines": [
    "cows!"
   ]
  }
 ]
}