{
 "fragments": [
  {
   "begin": "0.000", 
   "end": "0.000", 
   "id": "f000001", 
   "language": "en", 
   "lines": [
    "Off"
   ]
  }, 
  {
   "begin": "0.000", 
   "end": "0.920", 
   "id": "f000002", 
   "language": "en", 
   "lines": [
    "he"
   ]
  }, 
  {
   "begin": "0.920", 
   "end": "1.560", 
   "id": "f000003", 
   "language": "en", 
   "lines": [
    "went"
   ]
  }, 
  {
   "begin": "1.560", 
   "end": "2.360", 
   "id": "f000004", 
   "language": "en", 
   "lines": [
    "carrying"
   ]
  }, 
  {
   "begin": "2.360", 
   "end": "2.400", 
   "id": "f000005", 
   "language": "en", 
   "lines": [
    "the"
   ]
  }, 
  {
   "begin": "2.400", 
   "end": "2.800", 
   "id": "f000006", 
   "language": "en", 
   "lines": [
    "best"
   ]
  }, 
  {
   "begin": "2.800", 
   "end": "3.120", 
   "id": "f000007", 
   "language": "en", 
   "lines": [
    "crop"
   ]
  }, 
  {
   "begin": "3.120", 
   "end": "3.360", 
   "id": "f000008", 
   "language": "en", 
   "lines": [
    "of"
   ]
  }, 
  {
   "begin": "3.360", 
   "end": "5.040", 
   "id": "f000009", 
   "language": "en", 
   "lines": [
    "bananas."
   ]
  }, 
  {
   "begin": "5.040", 
   "end": "5.960", 
   "id": "f000010", 
   "language": "en", 
   "lines": [
    "Surely"
   ]
  }, 
  {
   "begin": "5.960", 
   "end": "6.560", 
   "id": "f000011", 
   "language": "en", 
   "lines": [
    "someone"
   ]
  }, 
  {
   "begin": "6.560", 
   "end": "6.920", 
   "id": "f000012", 
   "language": "en", 
   "lines": [
    "there"
   ]
  }, 
  {
   "begin": "6.920", 
   "end": "7.120", 
   "id": "f000013", 
   "language": "en", 
   "lines": [
    "would"
   ]
  }, 
  {
   "begin": "7.120", 
   "end": "7.480", 
   "id": "f000014", 
   "language": "en", 
   "lines": [
    "have"
   ]
  }, 
  {
   "begin": "7.480", 
   "end": "7.480", 
   "id": "f000015", 
   "language": "en", 
   "lines": [
    "a"
   ]
  }, 
  {
   "begin": "7.480", 
   "end": "7.640", 
   "id": "f000016", 
   "language": "en", 
   "lines": [
    "good"
   ]
  }, 
  {
   "begin": "7.640", 
   "end": "8.280", 
   "id": "f000017", 
   "language": "en", 
   "lines": [
    "idea"
   ]
  }, 
  {
   "begin": "8.280", 
   "end": "8.560", 
   "id": "f000018", 
   "language": "en", 
   "lines": [
    "for"
   ]
  }, 
  {
   "begin": "8.560", 
   "end": "9.240", 
   "id": "f000019", 
   "language": "en", 
   "lines": [
    "him."
   ]
  }
 ]
}