{
 "fragments": [
  {
   "begin": "0.000", 
   "end": "0.480", 
   "id": "f000001", 
   "language": "en", 
   "lines": [
    "But"
   ]
  }, 
  {
   "begin": "0.480", 
   "end": "0.880", 
   "id": "f000002", 
   "language": "en", 
   "lines": [
    "he"
   ]
  }, 
  {
   "begin": "0.880", 
   "end": "1.080", 
   "id": "f000003", 
   "language": "en", 
   "lines": [
    "did"
   ]
  }, 
  {
   "begin": "1.080", 
   "end": "1.480", 
   "id": "f000004", 
   "language": "en", 
   "lines": [
    "not"
   ]
  }, 
  {
   "begin": "1.480", 
   "end": "1.880", 
   "id": "f000005", 
   "language": "en", 
   "lines": [
    "offer"
   ]
  }, 
  {
   "begin": "1.880", 
   "end": "2.040", 
   "id": "f000006", 
   "language": "en", 
   "lines": [
    "the"
   ]
  }, 
  {
   "begin": "2.040", 
   "end": "2.720", 
   "id": "f000007", 
   "language": "en", 
   "lines": [
    "fruits"
   ]
  }, 
  {
   "begin": "2.720", 
   "end": "3.120", 
   "id": "f000008", 
   "language": "en", 
   "lines": [
    "to"
   ]
  }, 
  {
   "begin": "3.120", 
   "end": "4.120", 
   "id": "f000009", 
   "language": "en", 
   "lines": [
    "anyone"
   ]
  }, 
  {
   "begin": "4.120", 
   "end": "5.200", 
   "id": "f000010", 
   "language": "en", 
   "lines": [
    "anymore."
   ]
  }
 ]
}