{
 "fragments": [
  {
   "begin": "0.000", 
   "end": "0.000", 
   "id": "f000001", 
   "language": "en", 
   "lines": [
    "A"
   ]
  }, 
  {
   "begin": "0.000", 
   "end": "0.680", 
   "id": "f000002", 
   "language": "en", 
   "lines": [
    "few"
   ]
  }, 
  {
   "begin": "0.680", 
   "end": "1.080", 
   "id": "f000003", 
   "language": "en", 
   "lines": [
    "days"
   ]
  }, 
  {
   "begin": "1.080", 
   "end": "1.920", 
   "id": "f000004", 
   "language": "en", 
   "lines": [
    "later,"
   ]
  }, 
  {
   "begin": "1.920", 
   "end": "2.600", 
   "id": "f000005", 
   "language": "en", 
   "lines": [
    "Sringeri"
   ]
  }, 
  {
   "begin": "2.600", 
   "end": "3.480", 
   "id": "f000006", 
   "language": "en", 
   "lines": [
    "Srinivas"
   ]
  }, 
  {
   "begin": "3.480", 
   "end": "3.800", 
   "id": "f000007", 
   "language": "en", 
   "lines": [
    "returned"
   ]
  }, 
  {
   "begin": "3.800", 
   "end": "4.680", 
   "id": "f000008", 
   "language": "en", 
   "lines": [
    "home"
   ]
  }, 
  {
   "begin": "4.680", 
   "end": "5.200", 
   "id": "f000009", 
   "language": "en", 
   "lines": [
    "looking"
   ]
  }, 
  {
   "begin": "5.200", 
   "end": "5.760", 
   "id": "f000010", 
   "language": "en", 
   "lines": [
    "very"
   ]
  }, 
  {
   "begin": "5.760", 
   "end": "6.040", 
   "id": "f000011", 
   "language": "en", 
   "lines": [
    "happy."
   ]
  }, 
  {
   "begin": "6.040", 
   "end": "6.960", 
   "id": "f000012", 
   "language": "en", 
   "lines": [
    "He"
   ]
  }, 
  {
   "begin": "6.960", 
   "end": "7.480", 
   "id": "f000013", 
   "language": "en", 
   "lines": [
    "went"
   ]
  }, 
  {
   "begin": "7.480", 
   "end": "7.800", 
   "id": "f000014", 
   "language": "en", 
   "lines": [
    "back"
   ]
  }, 
  {
   "begin": "7.800", 
   "end": "8.040", 
   "id": "f000015", 
   "language": "en", 
   "lines": [
    "to"
   ]
  }, 
  {
   "begin": "8.040", 
   "end": "8.520", 
   "id": "f000016", 
   "language": "en", 
   "lines": [
    "growing"
   ]
  }, 
  {
   "begin": "8.520", 
   "end": "9.200", 
   "id": "f000017", 
   "language": "en", 
   "lines": [
    "bananas"
   ]
  }, 
  {
   "begin": "9.200", 
   "end": "9.320", 
   "id": "f000018", 
   "language": "en", 
   "lines": [
    "on"
   ]
  }, 
  {
   "begin": "9.320", 
   "end": "9.680", 
   "id": "f000019", 
   "language": "en", 
   "lines": [
    "his"
   ]
  }, 
  {
   "begin": "9.680", 
   "end": "10.520", 
   "id": "f000020", 
   "language": "en", 
   "lines": [
    "farm."
   ]
  }
 ]
}