{
 "fragments": [
  {
   "begin": "0.000", 
   "end": "0.280", 
   "id": "f000001", 
   "language": "en", 
   "lines": [
    "DID"
   ]
  }, 
  {
   "begin": "0.280", 
   "end": "0.640", 
   "id": "f000002", 
   "language": "en", 
   "lines": [
    "YOU"
   ]
  }, 
  {
   "begin": "0.640", 
   "end": "1.520", 
   "id": "f000003", 
   "language": "en", 
   "lines": [
    "KNOW?"
   ]
  }, 
  {
   "begin": "1.520", 
   "end": "2.080", 
   "id": "f000004", 
   "language": "en", 
   "lines": [
    "Facts"
   ]
  }, 
  {
   "begin": "2.080", 
   "end": "2.560", 
   "id": "f000005", 
   "language": "en", 
   "lines": [
    "about"
   ]
  }, 
  {
   "begin": "2.560", 
   "end": "3.320", 
   "id": "f000006", 
   "language": "en", 
   "lines": [
    "Bananas:"
   ]
  }, 
  {
   "begin": "3.320", 
   "end": "4.600", 
   "id": "f000007", 
   "language": "en", 
   "lines": [
    "&nbsp;"
   ]
  }, 
  {
   "begin": "4.600", 
   "end": "4.720", 
   "id": "f000008", 
   "language": "en", 
   "lines": [
    "The"
   ]
  }, 
  {
   "begin": "4.720", 
   "end": "5.000", 
   "id": "f000009", 
   "language": "en", 
   "lines": [
    "word"
   ]
  }, 
  {
   "begin": "5.000", 
   "end": "5.280", 
   "id": "f000010", 
   "language": "en", 
   "lines": [
    "banana"
   ]
  }, 
  {
   "begin": "5.280", 
   "end": "5.480", 
   "id": "f000011", 
   "language": "en", 
   "lines": [
    "is"
   ]
  }, 
  {
   "begin": "5.480", 
   "end": "6.080", 
   "id": "f000012", 
   "language": "en", 
   "lines": [
    "derived"
   ]
  }, 
  {
   "begin": "6.080", 
   "end": "6.600", 
   "id": "f000013", 
   "language": "en", 
   "lines": [
    "from"
   ]
  }, 
  {
   "begin": "6.600", 
   "end": "6.640", 
   "id": "f000014", 
   "language": "en", 
   "lines": [
    "the"
   ]
  }, 
  {
   "begin": "6.640", 
   "end": "7.120", 
   "id": "f000015", 
   "language": "en", 
   "lines": [
    "Arabic"
   ]
  }, 
  {
   "begin": "7.120", 
   "end": "7.800", 
   "id": "f000016", 
   "language": "en", 
   "lines": [
    "word"
   ]
  }, 
  {
   "begin": "7.800", 
   "end": "8.000", 
   "id": "f000017", 
   "language": "en", 
   "lines": [
    "for"
   ]
  }, 
  {
   "begin": "8.000", 
   "end": "9.480", 
   "id": "f000018", 
   "language": "en", 
   "lines": [
    "\u2018finger\u2019."
   ]
  }, 
  {
   "begin": "9.480", 
   "end": "10.240", 
   "id": "f000019", 
   "language": "en", 
   "lines": [
    "India"
   ]
  }, 
  {
   "begin": "10.240", 
   "end": "10.360", 
   "id": "f000020", 
   "language": "en", 
   "lines": [
    "is"
   ]
  }, 
  {
   "begin": "10.360", 
   "end": "10.480", 
   "id": "f000021", 
   "language": "en", 
   "lines": [
    "the"
   ]
  }, 
  {
   "begin": "10.480", 
   "end": "11.040", 
   "id": "f000022", 
   "language": "en", 
   "lines": [
    "largest"
   ]
  }, 
  {
   "begin": "11.040", 
   "end": "11.680", 
   "id": "f000023", 
   "language": "en", 
   "lines": [
    "producer"
   ]
  }, 
  {
   "begin": "11.680", 
   "end": "11.720", 
   "id": "f000024", 
   "language": "en", 
   "lines": [
    "of"
   ]
  }, 
  {
   "begin": "11.720", 
   "end": "12.400", 
   "id": "f000025", 
   "language": "en", 
   "lines": [
    "bananas"
   ]
  }, 
  {
   "begin": "12.400", 
   "end": "12.480", 
   "id": "f000026", 
   "language": "en", 
   "lines": [
    "in"
   ]
  }, 
  {
   "begin": "12.480", 
   "end": "12.640", 
   "id": "f000027", 
   "language": "en", 
   "lines": [
    "the"
   ]
  }, 
  {
   "begin": "12.640", 
   "end": "13.800", 
   "id": "f000028", 
   "language": "en", 
   "lines": [
    "world."
   ]
  }, 
  {
   "begin": "13.800", 
   "end": "14.280", 
   "id": "f000029", 
   "language": "en", 
   "lines": [
    "There"
   ]
  }, 
  {
   "begin": "14.280", 
   "end": "14.680", 
   "id": "f000030", 
   "language": "en", 
   "lines": [
    "are"
   ]
  }, 
  {
   "begin": "14.680", 
   "end": "14.800", 
   "id": "f000031", 
   "language": "en", 
   "lines": [
    "over"
   ]
  }, 
  {
   "begin": "14.800", 
   "end": "15.880", 
   "id": "f000032", 
   "language": "en", 
   "lines": [
    "120"
   ]
  }, 
  {
   "begin": "15.880", 
   "end": "16.120", 
   "id": "f000033", 
   "language": "en", 
   "lines": [
    "edible"
   ]
  }, 
  {
   "begin": "16.120", 
   "end": "17.040", 
   "id": "f000034", 
   "language": "en", 
   "lines": [
    "varieties"
   ]
  }, 
  {
   "begin": "17.040", 
   "end": "17.160", 
   "id": "f000035", 
   "language": "en", 
   "lines": [
    "of"
   ]
  }, 
  {
   "begin": "17.160", 
   "end": "17.800", 
   "id": "f000036", 
   "language": "en", 
   "lines": [
    "bananas"
   ]
  }, 
  {
   "begin": "17.800", 
   "end": "18.160", 
   "id": "f000037", 
   "language": "en", 
   "lines": [
    "grown"
   ]
  }, 
  {
   "begin": "18.160", 
   "end": "18.400", 
   "id": "f000038", 
   "language": "en", 
   "lines": [
    "here."
   ]
  }, 
  {
   "begin": "18.400", 
   "end": "19.080", 
   "id": "f000039", 
   "language": "en", 
   "lines": [
    "The"
   ]
  }, 
  {
   "begin": "19.080", 
   "end": "19.520", 
   "id": "f000040", 
   "language": "en", 
   "lines": [
    "National"
   ]
  }, 
  {
   "begin": "19.520", 
   "end": "20.120", 
   "id": "f000041", 
   "language": "en", 
   "lines": [
    "Research"
   ]
  }, 
  {
   "begin": "20.120", 
   "end": "20.840", 
   "id": "f000042", 
   "language": "en", 
   "lines": [
    "Centre"
   ]
  }, 
  {
   "begin": "20.840", 
   "end": "21.120", 
   "id": "f000043", 
   "language": "en", 
   "lines": [
    "on"
   ]
  }, 
  {
   "begin": "21.120", 
   "end": "21.560", 
   "id": "f000044", 
   "language": "en", 
   "lines": [
    "Bananas"
   ]
  }, 
  {
   "begin": "21.560", 
   "end": "21.760", 
   "id": "f000045", 
   "language": "en", 
   "lines": [
    "in"
   ]
  }, 
  {
   "begin": "21.760", 
   "end": "22.600", 
   "id": "f000046", 
   "language": "en", 
   "lines": [
    "Trichy"
   ]
  }, 
  {
   "begin": "22.600", 
   "end": "22.920", 
   "id": "f000047", 
   "language": "en", 
   "lines": [
    "has"
   ]
  }, 
  {
   "begin": "22.920", 
   "end": "23.120", 
   "id": "f000048", 
   "language": "en", 
   "lines": [
    "a"
   ]
  }, 
  {
   "begin": "23.120", 
   "end": "23.760", 
   "id": "f000049", 
   "language": "en", 
   "lines": [
    "collection"
   ]
  }, 
  {
   "begin": "23.760", 
   "end": "23.960", 
   "id": "f000050", 
   "language": "en", 
   "lines": [
    "of"
   ]
  }, 
  {
   "begin": "23.960", 
   "end": "25.800", 
   "id": "f000051", 
   "language": "en", 
   "lines": [
    "1120"
   ]
  }, 
  {
   "begin": "25.800", 
   "end": "26.240", 
   "id": "f000052", 
   "language": "en", 
   "lines": [
    "banana"
   ]
  }, 
  {
   "begin": "26.240", 
   "end": "26.600", 
   "id": "f000053", 
   "language": "en", 
   "lines": [
    "varieties!"
   ]
  }, 
  {
   "begin": "26.600", 
   "end": "27.600", 
   "id": "f000054", 
   "language": "en", 
   "lines": [
    ""
   ]
  }, 
  {
   "begin": "27.600", 
   "end": "28.400", 
   "id": "f000055", 
   "language": "en", 
   "lines": [
    "Bananas"
   ]
  }, 
  {
   "begin": "28.400", 
   "end": "28.520", 
   "id": "f000056", 
   "language": "en", 
   "lines": [
    "are"
   ]
  }, 
  {
   "begin": "28.520", 
   "end": "29.000", 
   "id": "f000057", 
   "language": "en", 
   "lines": [
    "high"
   ]
  }, 
  {
   "begin": "29.000", 
   "end": "29.120", 
   "id": "f000058", 
   "language": "en", 
   "lines": [
    "in"
   ]
  }, 
  {
   "begin": "29.120", 
   "end": "30.080", 
   "id": "f000059", 
   "language": "en", 
   "lines": [
    "minerals"
   ]
  }, 
  {
   "begin": "30.080", 
   "end": "30.240", 
   "id": "f000060", 
   "language": "en", 
   "lines": [
    "that"
   ]
  }, 
  {
   "begin": "30.240", 
   "end": "30.640", 
   "id": "f000061", 
   "language": "en", 
   "lines": [
    "help"
   ]
  }, 
  {
   "begin": "30.640", 
   "end": "31.240", 
   "id": "f000062", 
   "language": "en", 
   "lines": [
    "increase"
   ]
  }, 
  {
   "begin": "31.240", 
   "end": "31.600", 
   "id": "f000063", 
   "language": "en", 
   "lines": [
    "brain"
   ]
  }, 
  {
   "begin": "31.600", 
   "end": "32.800", 
   "id": "f000064", 
   "language": "en", 
   "lines": [
    "power."
   ]
  }, 
  {
   "begin": "32.800", 
   "end": "33.440", 
   "id": "f000065", 
   "language": "en", 
   "lines": [
    "Bananas"
   ]
  }, 
  {
   "begin": "33.440", 
   "end": "33.640", 
   "id": "f000066", 
   "language": "en", 
   "lines": [
    "make"
   ]
  }, 
  {
   "begin": "33.640", 
   "end": "34.520", 
   "id": "f000067", 
   "language": "en", 
   "lines": [
    "students"
   ]
  }, 
  {
   "begin": "34.520", 
   "end": "34.880", 
   "id": "f000068", 
   "language": "en", 
   "lines": [
    "more"
   ]
  }, 
  {
   "begin": "34.880", 
   "end": "35.400", 
   "id": "f000069", 
   "language": "en", 
   "lines": [
    "active"
   ]
  }, 
  {
   "begin": "35.400", 
   "end": "35.880", 
   "id": "f000070", 
   "language": "en", 
   "lines": [
    "and"
   ]
  }, 
  {
   "begin": "35.880", 
   "end": "36.920", 
   "id": "f000071", 
   "language": "en", 
   "lines": [
    "alert."
   ]
  }, 
  {
   "begin": "36.920", 
   "end": "37.320", 
   "id": "f000072", 
   "language": "en", 
   "lines": [
    "Many"
   ]
  }, 
  {
   "begin": "37.320", 
   "end": "37.720", 
   "id": "f000073", 
   "language": "en", 
   "lines": [
    "Indian"
   ]
  }, 
  {
   "begin": "37.720", 
   "end": "38.200", 
   "id": "f000074", 
   "language": "en", 
   "lines": [
    "sweets"
   ]
  }, 
  {
   "begin": "38.200", 
   "end": "38.520", 
   "id": "f000075", 
   "language": "en", 
   "lines": [
    "are"
   ]
  }, 
  {
   "begin": "38.520", 
   "end": "38.640", 
   "id": "f000076", 
   "language": "en", 
   "lines": [
    "made"
   ]
  }, 
  {
   "begin": "38.640", 
   "end": "39.040", 
   "id": "f000077", 
   "language": "en", 
   "lines": [
    "out"
   ]
  }, 
  {
   "begin": "39.040", 
   "end": "39.200", 
   "id": "f000078", 
   "language": "en", 
   "lines": [
    "of"
   ]
  }, 
  {
   "begin": "39.200", 
   "end": "39.760", 
   "id": "f000079", 
   "language": "en", 
   "lines": [
    "bananas"
   ]
  }, 
  {
   "begin": "39.760", 
   "end": "39.760", 
   "id": "f000080", 
   "language": "en", 
   "lines": [
    "-"
   ]
  }, 
  {
   "begin": "39.760", 
   "end": "40.880", 
   "id": "f000081", 
   "language": "en", 
   "lines": [
    "Banana"
   ]
  }, 
  {
   "begin": "40.880", 
   "end": "41.440", 
   "id": "f000082", 
   "language": "en", 
   "lines": [
    "Payasam"
   ]
  }, 
  {
   "begin": "41.440", 
   "end": "41.680", 
   "id": "f000083", 
   "language": "en", 
   "lines": [
    "in"
   ]
  }, 
  {
   "begin": "41.680", 
   "end": "42.680", 
   "id": "f000084", 
   "language": "en", 
   "lines": [
    "Kerala,"
   ]
  }, 
  {
   "begin": "42.680", 
   "end": "43.320", 
   "id": "f000085", 
   "language": "en", 
   "lines": [
    "Banana"
   ]
  }, 
  {
   "begin": "43.320", 
   "end": "44.200", 
   "id": "f000086", 
   "language": "en", 
   "lines": [
    "Rasayana"
   ]
  }, 
  {
   "begin": "44.200", 
   "end": "44.320", 
   "id": "f000087", 
   "language": "en", 
   "lines": [
    "in"
   ]
  }, 
  {
   "begin": "44.320", 
   "end": "45.640", 
   "id": "f000088", 
   "language": "en", 
   "lines": [
    "Karnataka,"
   ]
  }, 
  {
   "begin": "45.640", 
   "end": "46.200", 
   "id": "f000089", 
   "language": "en", 
   "lines": [
    "Banana"
   ]
  }, 
  {
   "begin": "46.200", 
   "end": "47.120", 
   "id": "f000090", 
   "language": "en", 
   "lines": [
    "Halwa,"
   ]
  }, 
  {
   "begin": "47.120", 
   "end": "47.480", 
   "id": "f000091", 
   "language": "en", 
   "lines": [
    "Rawa"
   ]
  }, 
  {
   "begin": "47.480", 
   "end": "48.200", 
   "id": "f000092", 
   "language": "en", 
   "lines": [
    "Kela-Gur"
   ]
  }, 
  {
   "begin": "48.200", 
   "end": "49.520", 
   "id": "f000093", 
   "language": "en", 
   "lines": [
    "Mithai."
   ]
  }, 
  {
   "begin": "49.520", 
   "end": "49.680", 
   "id": "f000094", 
   "language": "en", 
   "lines": [
    "Do"
   ]
  }, 
  {
   "begin": "49.680", 
   "end": "49.960", 
   "id": "f000095", 
   "language": "en", 
   "lines": [
    "you"
   ]
  }, 
  {
   "begin": "49.960", 
   "end": "50.120", 
   "id": "f000096", 
   "language": "en", 
   "lines": [
    "know"
   ]
  }, 
  {
   "begin": "50.120", 
   "end": "50.400", 
   "id": "f000097", 
   "language": "en", 
   "lines": [
    "some"
   ]
  }, 
  {
   "begin": "50.400", 
   "end": "50.880", 
   "id": "f000098", 
   "language": "en", 
   "lines": [
    "more?"
   ]
  }
 ]
}