{
 "fragments": [
  {
   "begin": "0.000", 
   "end": "0.920", 
   "id": "f000001", 
   "language": "en", 
   "lines": [
    "Shivanna"
   ]
  }, 
  {
   "begin": "0.920", 
   "end": "1.240", 
   "id": "f000002", 
   "language": "en", 
   "lines": [
    "ran"
   ]
  }, 
  {
   "begin": "1.240", 
   "end": "1.400", 
   "id": "f000003", 
   "language": "en", 
   "lines": [
    "to"
   ]
  }, 
  {
   "begin": "1.400", 
   "end": "2.040", 
   "id": "f000004", 
   "language": "en", 
   "lines": [
    "Sringeri"
   ]
  }, 
  {
   "begin": "2.040", 
   "end": "2.880", 
   "id": "f000005", 
   "language": "en", 
   "lines": [
    "Srinivas."
   ]
  }, 
  {
   "begin": "2.880", 
   "end": "4.320", 
   "id": "f000006", 
   "language": "en", 
   "lines": [
    "\u201cI\u2019m"
   ]
  }, 
  {
   "begin": "4.320", 
   "end": "4.960", 
   "id": "f000007", 
   "language": "en", 
   "lines": [
    "sorry"
   ]
  }, 
  {
   "begin": "4.960", 
   "end": "5.160", 
   "id": "f000008", 
   "language": "en", 
   "lines": [
    "for"
   ]
  }, 
  {
   "begin": "5.160", 
   "end": "5.680", 
   "id": "f000009", 
   "language": "en", 
   "lines": [
    "saying"
   ]
  }, 
  {
   "begin": "5.680", 
   "end": "5.800", 
   "id": "f000010", 
   "language": "en", 
   "lines": [
    "no"
   ]
  }, 
  {
   "begin": "5.800", 
   "end": "6.000", 
   "id": "f000011", 
   "language": "en", 
   "lines": [
    "to"
   ]
  }, 
  {
   "begin": "6.000", 
   "end": "6.360", 
   "id": "f000012", 
   "language": "en", 
   "lines": [
    "you"
   ]
  }, 
  {
   "begin": "6.360", 
   "end": "7.360", 
   "id": "f000013", 
   "language": "en", 
   "lines": [
    "before,"
   ]
  }, 
  {
   "begin": "7.360", 
   "end": "7.640", 
   "id": "f000014", 
   "language": "en", 
   "lines": [
    "but"
   ]
  }, 
  {
   "begin": "7.640", 
   "end": "8.520", 
   "id": "f000015", 
   "language": "en", 
   "lines": [
    "now"
   ]
  }, 
  {
   "begin": "8.520", 
   "end": "8.880", 
   "id": "f000016", 
   "language": "en", 
   "lines": [
    "I"
   ]
  }, 
  {
   "begin": "8.880", 
   "end": "9.320", 
   "id": "f000017", 
   "language": "en", 
   "lines": [
    "need"
   ]
  }, 
  {
   "begin": "9.320", 
   "end": "10.400", 
   "id": "f000018", 
   "language": "en", 
   "lines": [
    "108"
   ]
  }, 
  {
   "begin": "10.400", 
   "end": "10.800", 
   "id": "f000019", 
   "language": "en", 
   "lines": [
    "ripe"
   ]
  }, 
  {
   "begin": "10.800", 
   "end": "12.120", 
   "id": "f000020", 
   "language": "en", 
   "lines": [
    "bananas."
   ]
  }, 
  {
   "begin": "12.120", 
   "end": "12.600", 
   "id": "f000021", 
   "language": "en", 
   "lines": [
    "Can"
   ]
  }, 
  {
   "begin": "12.600", 
   "end": "13.080", 
   "id": "f000022", 
   "language": "en", 
   "lines": [
    "you"
   ]
  }, 
  {
   "begin": "13.080", 
   "end": "13.400", 
   "id": "f000023", 
   "language": "en", 
   "lines": [
    "help"
   ]
  }, 
  {
   "begin": "13.400", 
   "end": "13.800", 
   "id": "f000024", 
   "language": "en", 
   "lines": [
    "me,"
   ]
  }, 
  {
   "begin": "13.800", 
   "end": "14.920", 
   "id": "f000025", 
   "language": "en", 
   "lines": [
    "please?\u201d"
   ]
  }
 ]
}