{
 "fragments": [
  {
   "begin": "0.000", 
   "end": "0.440", 
   "id": "f000001", 
   "language": "en", 
   "lines": [
    "Sringeri"
   ]
  }, 
  {
   "begin": "0.440", 
   "end": "1.920", 
   "id": "f000002", 
   "language": "en", 
   "lines": [
    "Srinivas"
   ]
  }, 
  {
   "begin": "1.920", 
   "end": "2.280", 
   "id": "f000003", 
   "language": "en", 
   "lines": [
    "tapped"
   ]
  }, 
  {
   "begin": "2.280", 
   "end": "2.440", 
   "id": "f000004", 
   "language": "en", 
   "lines": [
    "his"
   ]
  }, 
  {
   "begin": "2.440", 
   "end": "3.080", 
   "id": "f000005", 
   "language": "en", 
   "lines": [
    "chin."
   ]
  }, 
  {
   "begin": "3.080", 
   "end": "4.840", 
   "id": "f000006", 
   "language": "en", 
   "lines": [
    "\u201cWell,"
   ]
  }, 
  {
   "begin": "4.840", 
   "end": "5.200", 
   "id": "f000007", 
   "language": "en", 
   "lines": [
    "my"
   ]
  }, 
  {
   "begin": "5.200", 
   "end": "5.480", 
   "id": "f000008", 
   "language": "en", 
   "lines": [
    "crop"
   ]
  }, 
  {
   "begin": "5.480", 
   "end": "5.800", 
   "id": "f000009", 
   "language": "en", 
   "lines": [
    "has"
   ]
  }, 
  {
   "begin": "5.800", 
   "end": "6.200", 
   "id": "f000010", 
   "language": "en", 
   "lines": [
    "just"
   ]
  }, 
  {
   "begin": "6.200", 
   "end": "6.640", 
   "id": "f000011", 
   "language": "en", 
   "lines": [
    "been"
   ]
  }, 
  {
   "begin": "6.640", 
   "end": "6.680", 
   "id": "f000012", 
   "language": "en", 
   "lines": [
    "cut"
   ]
  }, 
  {
   "begin": "6.680", 
   "end": "8.000", 
   "id": "f000013", 
   "language": "en", 
   "lines": [
    "but"
   ]
  }, 
  {
   "begin": "8.000", 
   "end": "8.240", 
   "id": "f000014", 
   "language": "en", 
   "lines": [
    "let"
   ]
  }, 
  {
   "begin": "8.240", 
   "end": "8.440", 
   "id": "f000015", 
   "language": "en", 
   "lines": [
    "me"
   ]
  }, 
  {
   "begin": "8.440", 
   "end": "8.680", 
   "id": "f000016", 
   "language": "en", 
   "lines": [
    "see"
   ]
  }, 
  {
   "begin": "8.680", 
   "end": "9.320", 
   "id": "f000017", 
   "language": "en", 
   "lines": [
    "what"
   ]
  }, 
  {
   "begin": "9.320", 
   "end": "9.440", 
   "id": "f000018", 
   "language": "en", 
   "lines": [
    "I"
   ]
  }, 
  {
   "begin": "9.440", 
   "end": "9.640", 
   "id": "f000019", 
   "language": "en", 
   "lines": [
    "can"
   ]
  }, 
  {
   "begin": "9.640", 
   "end": "9.640", 
   "id": "f000020", 
   "language": "en", 
   "lines": [
    "do."
   ]
  }, 
  {
   "begin": "9.640", 
   "end": "9.640", 
   "id": "f000021", 
   "language": "en", 
   "lines": [
    "You"
   ]
  }, 
  {
   "begin": "9.640", 
   "end": "9.880", 
   "id": "f000022", 
   "language": "en", 
   "lines": [
    "may"
   ]
  }, 
  {
   "begin": "9.880", 
   "end": "10.800", 
   "id": "f000023", 
   "language": "en", 
   "lines": [
    "start"
   ]
  }, 
  {
   "begin": "10.800", 
   "end": "11.360", 
   "id": "f000024", 
   "language": "en", 
   "lines": [
    "your"
   ]
  }, 
  {
   "begin": "11.360", 
   "end": "12.120", 
   "id": "f000025", 
   "language": "en", 
   "lines": [
    "pooja."
   ]
  }, 
  {
   "begin": "12.120", 
   "end": "12.680", 
   "id": "f000026", 
   "language": "en", 
   "lines": [
    "I"
   ]
  }, 
  {
   "begin": "12.680", 
   "end": "13.120", 
   "id": "f000027", 
   "language": "en", 
   "lines": [
    "will"
   ]
  }, 
  {
   "begin": "13.120", 
   "end": "13.720", 
   "id": "f000028", 
   "language": "en", 
   "lines": [
    "surely"
   ]
  }, 
  {
   "begin": "13.720", 
   "end": "14.400", 
   "id": "f000029", 
   "language": "en", 
   "lines": [
    "come.\u201d"
   ]
  }
 ]
}