{
 "fragments": [
  {
   "begin": "0.000", 
   "end": "0.760", 
   "id": "f000001", 
   "language": "en", 
   "lines": [
    "Just"
   ]
  }, 
  {
   "begin": "0.760", 
   "end": "1.240", 
   "id": "f000002", 
   "language": "en", 
   "lines": [
    "then,"
   ]
  }, 
  {
   "begin": "1.240", 
   "end": "1.440", 
   "id": "f000003", 
   "language": "en", 
   "lines": [
    "in"
   ]
  }, 
  {
   "begin": "1.440", 
   "end": "2.240", 
   "id": "f000004", 
   "language": "en", 
   "lines": [
    "came"
   ]
  }, 
  {
   "begin": "2.240", 
   "end": "2.880", 
   "id": "f000005", 
   "language": "en", 
   "lines": [
    "Sringeri"
   ]
  }, 
  {
   "begin": "2.880", 
   "end": "3.920", 
   "id": "f000006", 
   "language": "en", 
   "lines": [
    "Srinivas"
   ]
  }, 
  {
   "begin": "3.920", 
   "end": "4.640", 
   "id": "f000007", 
   "language": "en", 
   "lines": [
    "carrying"
   ]
  }, 
  {
   "begin": "4.640", 
   "end": "4.920", 
   "id": "f000008", 
   "language": "en", 
   "lines": [
    "a"
   ]
  }, 
  {
   "begin": "4.920", 
   "end": "5.480", 
   "id": "f000009", 
   "language": "en", 
   "lines": [
    "big"
   ]
  }, 
  {
   "begin": "5.480", 
   "end": "6.280", 
   "id": "f000010", 
   "language": "en", 
   "lines": [
    "bag."
   ]
  }
 ]
}