{
 "fragments": [
  {
   "begin": "0.000", 
   "end": "0.560", 
   "id": "f000001", 
   "language": "en", 
   "lines": [
    "Not"
   ]
  }, 
  {
   "begin": "0.560", 
   "end": "1.000", 
   "id": "f000002", 
   "language": "en", 
   "lines": [
    "his"
   ]
  }, 
  {
   "begin": "1.000", 
   "end": "2.680", 
   "id": "f000003", 
   "language": "en", 
   "lines": [
    "family."
   ]
  }, 
  {
   "begin": "2.680", 
   "end": "2.960", 
   "id": "f000004", 
   "language": "en", 
   "lines": [
    "Not"
   ]
  }, 
  {
   "begin": "2.960", 
   "end": "3.240", 
   "id": "f000005", 
   "language": "en", 
   "lines": [
    "his"
   ]
  }, 
  {
   "begin": "3.240", 
   "end": "4.560", 
   "id": "f000006", 
   "language": "en", 
   "lines": [
    "neighbour."
   ]
  }, 
  {
   "begin": "4.560", 
   "end": "4.840", 
   "id": "f000007", 
   "language": "en", 
   "lines": [
    "Not"
   ]
  }, 
  {
   "begin": "4.840", 
   "end": "5.200", 
   "id": "f000008", 
   "language": "en", 
   "lines": [
    "his"
   ]
  }, 
  {
   "begin": "5.200", 
   "end": "6.560", 
   "id": "f000009", 
   "language": "en", 
   "lines": [
    "friends."
   ]
  }
 ]
}