{
 "fragments": [
  {
   "begin": "0.000", 
   "end": "0.240", 
   "id": "f000001", 
   "language": "en", 
   "lines": [
    "From"
   ]
  }, 
  {
   "begin": "0.240", 
   "end": "0.680", 
   "id": "f000002", 
   "language": "en", 
   "lines": [
    "the"
   ]
  }, 
  {
   "begin": "0.680", 
   "end": "1.280", 
   "id": "f000003", 
   "language": "en", 
   "lines": [
    "bag,"
   ]
  }, 
  {
   "begin": "1.280", 
   "end": "1.760", 
   "id": "f000004", 
   "language": "en", 
   "lines": [
    "he"
   ]
  }, 
  {
   "begin": "1.760", 
   "end": "2.440", 
   "id": "f000005", 
   "language": "en", 
   "lines": [
    "carefully"
   ]
  }, 
  {
   "begin": "2.440", 
   "end": "2.640", 
   "id": "f000006", 
   "language": "en", 
   "lines": [
    "took"
   ]
  }, 
  {
   "begin": "2.640", 
   "end": "3.000", 
   "id": "f000007", 
   "language": "en", 
   "lines": [
    "out"
   ]
  }, 
  {
   "begin": "3.000", 
   "end": "4.080", 
   "id": "f000008", 
   "language": "en", 
   "lines": [
    "27"
   ]
  }, 
  {
   "begin": "4.080", 
   "end": "5.160", 
   "id": "f000009", 
   "language": "en", 
   "lines": [
    "packets"
   ]
  }, 
  {
   "begin": "5.160", 
   "end": "5.440", 
   "id": "f000010", 
   "language": "en", 
   "lines": [
    "and"
   ]
  }, 
  {
   "begin": "5.440", 
   "end": "5.680", 
   "id": "f000011", 
   "language": "en", 
   "lines": [
    "laid"
   ]
  }, 
  {
   "begin": "5.680", 
   "end": "6.000", 
   "id": "f000012", 
   "language": "en", 
   "lines": [
    "them"
   ]
  }, 
  {
   "begin": "6.000", 
   "end": "6.600", 
   "id": "f000013", 
   "language": "en", 
   "lines": [
    "out"
   ]
  }, 
  {
   "begin": "6.600", 
   "end": "6.920", 
   "id": "f000014", 
   "language": "en", 
   "lines": [
    "before"
   ]
  }, 
  {
   "begin": "6.920", 
   "end": "7.080", 
   "id": "f000015", 
   "language": "en", 
   "lines": [
    "the"
   ]
  }, 
  {
   "begin": "7.080", 
   "end": "7.480", 
   "id": "f000016", 
   "language": "en", 
   "lines": [
    "holy"
   ]
  }, 
  {
   "begin": "7.480", 
   "end": "8.360", 
   "id": "f000017", 
   "language": "en", 
   "lines": [
    "fire."
   ]
  }, 
  {
   "begin": "8.360", 
   "end": "8.720", 
   "id": "f000018", 
   "language": "en", 
   "lines": [
    "Each"
   ]
  }, 
  {
   "begin": "8.720", 
   "end": "9.120", 
   "id": "f000019", 
   "language": "en", 
   "lines": [
    "packet"
   ]
  }, 
  {
   "begin": "9.120", 
   "end": "9.440", 
   "id": "f000020", 
   "language": "en", 
   "lines": [
    "was"
   ]
  }, 
  {
   "begin": "9.440", 
   "end": "10.040", 
   "id": "f000021", 
   "language": "en", 
   "lines": [
    "carefully"
   ]
  }, 
  {
   "begin": "10.040", 
   "end": "10.600", 
   "id": "f000022", 
   "language": "en", 
   "lines": [
    "wrapped"
   ]
  }, 
  {
   "begin": "10.600", 
   "end": "10.800", 
   "id": "f000023", 
   "language": "en", 
   "lines": [
    "in"
   ]
  }, 
  {
   "begin": "10.800", 
   "end": "11.320", 
   "id": "f000024", 
   "language": "en", 
   "lines": [
    "banana"
   ]
  }, 
  {
   "begin": "11.320", 
   "end": "11.960", 
   "id": "f000025", 
   "language": "en", 
   "lines": [
    "leaf."
   ]
  }
 ]
}