{
 "fragments": [
  {
   "begin": "0.000", 
   "end": "0.360", 
   "id": "f000001", 
   "language": "en", 
   "lines": [
    "Now"
   ]
  }, 
  {
   "begin": "0.360", 
   "end": "1.080", 
   "id": "f000002", 
   "language": "en", 
   "lines": [
    "we"
   ]
  }, 
  {
   "begin": "1.080", 
   "end": "1.520", 
   "id": "f000003", 
   "language": "en", 
   "lines": [
    "know"
   ]
  }, 
  {
   "begin": "1.520", 
   "end": "1.760", 
   "id": "f000004", 
   "language": "en", 
   "lines": [
    "what"
   ]
  }, 
  {
   "begin": "1.760", 
   "end": "2.440", 
   "id": "f000005", 
   "language": "en", 
   "lines": [
    "Sringeri"
   ]
  }, 
  {
   "begin": "2.440", 
   "end": "3.160", 
   "id": "f000006", 
   "language": "en", 
   "lines": [
    "Srinivas"
   ]
  }, 
  {
   "begin": "3.160", 
   "end": "3.560", 
   "id": "f000007", 
   "language": "en", 
   "lines": [
    "does"
   ]
  }, 
  {
   "begin": "3.560", 
   "end": "3.960", 
   "id": "f000008", 
   "language": "en", 
   "lines": [
    "with"
   ]
  }, 
  {
   "begin": "3.960", 
   "end": "4.520", 
   "id": "f000009", 
   "language": "en", 
   "lines": [
    "all"
   ]
  }, 
  {
   "begin": "4.520", 
   "end": "4.720", 
   "id": "f000010", 
   "language": "en", 
   "lines": [
    "the"
   ]
  }, 
  {
   "begin": "4.720", 
   "end": "5.240", 
   "id": "f000011", 
   "language": "en", 
   "lines": [
    "bananas"
   ]
  }, 
  {
   "begin": "5.240", 
   "end": "5.400", 
   "id": "f000012", 
   "language": "en", 
   "lines": [
    "that"
   ]
  }, 
  {
   "begin": "5.400", 
   "end": "5.640", 
   "id": "f000013", 
   "language": "en", 
   "lines": [
    "he"
   ]
  }, 
  {
   "begin": "5.640", 
   "end": "6.520", 
   "id": "f000014", 
   "language": "en", 
   "lines": [
    "grows!"
   ]
  }
 ]
}