{
 "fragments": [
  {
   "begin": "0.000", 
   "end": "1.280", 
   "id": "f000001", 
   "language": "en", 
   "lines": [
    "Everyone"
   ]
  }, 
  {
   "begin": "1.280", 
   "end": "1.920", 
   "id": "f000002", 
   "language": "en", 
   "lines": [
    "became"
   ]
  }, 
  {
   "begin": "1.920", 
   "end": "2.480", 
   "id": "f000003", 
   "language": "en", 
   "lines": [
    "very"
   ]
  }, 
  {
   "begin": "2.480", 
   "end": "4.160", 
   "id": "f000004", 
   "language": "en", 
   "lines": [
    "curious."
   ]
  }, 
  {
   "begin": "4.160", 
   "end": "4.280", 
   "id": "f000005", 
   "language": "en", 
   "lines": [
    "Where"
   ]
  }, 
  {
   "begin": "4.280", 
   "end": "4.720", 
   "id": "f000006", 
   "language": "en", 
   "lines": [
    "were"
   ]
  }, 
  {
   "begin": "4.720", 
   "end": "5.040", 
   "id": "f000007", 
   "language": "en", 
   "lines": [
    "all"
   ]
  }, 
  {
   "begin": "5.040", 
   "end": "5.240", 
   "id": "f000008", 
   "language": "en", 
   "lines": [
    "the"
   ]
  }, 
  {
   "begin": "5.240", 
   "end": "5.760", 
   "id": "f000009", 
   "language": "en", 
   "lines": [
    "bananas"
   ]
  }, 
  {
   "begin": "5.760", 
   "end": "6.640", 
   "id": "f000010", 
   "language": "en", 
   "lines": [
    "going?"
   ]
  }
 ]
}