{
 "fragments": [
  {
   "begin": "0.000", 
   "end": "0.720", 
   "id": "f000001", 
   "language": "en", 
   "lines": [
    "Poor"
   ]
  }, 
  {
   "begin": "0.720", 
   "end": "1.480", 
   "id": "f000002", 
   "language": "en", 
   "lines": [
    "Sringeri"
   ]
  }, 
  {
   "begin": "1.480", 
   "end": "3.480", 
   "id": "f000003", 
   "language": "en", 
   "lines": [
    "Srinivas!"
   ]
  }, 
  {
   "begin": "3.480", 
   "end": "3.800", 
   "id": "f000004", 
   "language": "en", 
   "lines": [
    "What"
   ]
  }, 
  {
   "begin": "3.800", 
   "end": "4.040", 
   "id": "f000005", 
   "language": "en", 
   "lines": [
    "was"
   ]
  }, 
  {
   "begin": "4.040", 
   "end": "4.240", 
   "id": "f000006", 
   "language": "en", 
   "lines": [
    "he"
   ]
  }, 
  {
   "begin": "4.240", 
   "end": "4.400", 
   "id": "f000007", 
   "language": "en", 
   "lines": [
    "to"
   ]
  }, 
  {
   "begin": "4.400", 
   "end": "4.640", 
   "id": "f000008", 
   "language": "en", 
   "lines": [
    "do"
   ]
  }, 
  {
   "begin": "4.640", 
   "end": "5.040", 
   "id": "f000009", 
   "language": "en", 
   "lines": [
    "now"
   ]
  }, 
  {
   "begin": "5.040", 
   "end": "5.400", 
   "id": "f000010", 
   "language": "en", 
   "lines": [
    "with"
   ]
  }, 
  {
   "begin": "5.400", 
   "end": "5.800", 
   "id": "f000011", 
   "language": "en", 
   "lines": [
    "his"
   ]
  }, 
  {
   "begin": "5.800", 
   "end": "6.120", 
   "id": "f000012", 
   "language": "en", 
   "lines": [
    "rich"
   ]
  }, 
  {
   "begin": "6.120", 
   "end": "6.600", 
   "id": "f000013", 
   "language": "en", 
   "lines": [
    "harvest"
   ]
  }, 
  {
   "begin": "6.600", 
   "end": "6.760", 
   "id": "f000014", 
   "language": "en", 
   "lines": [
    "of"
   ]
  }, 
  {
   "begin": "6.760", 
   "end": "7.880", 
   "id": "f000015", 
   "language": "en", 
   "lines": [
    "bananas?"
   ]
  }
 ]
}