{
 "fragments": [
  {
   "begin": "0.000", 
   "end": "0.520", 
   "id": "f000001", 
   "language": "en", 
   "lines": [
    "\u201cEach"
   ]
  }, 
  {
   "begin": "0.520", 
   "end": "0.880", 
   "id": "f000002", 
   "language": "en", 
   "lines": [
    "one"
   ]
  }, 
  {
   "begin": "0.880", 
   "end": "1.160", 
   "id": "f000003", 
   "language": "en", 
   "lines": [
    "has"
   ]
  }, 
  {
   "begin": "1.160", 
   "end": "1.160", 
   "id": "f000004", 
   "language": "en", 
   "lines": [
    "the"
   ]
  }, 
  {
   "begin": "1.160", 
   "end": "1.400", 
   "id": "f000005", 
   "language": "en", 
   "lines": [
    "pulp"
   ]
  }, 
  {
   "begin": "1.400", 
   "end": "1.840", 
   "id": "f000006", 
   "language": "en", 
   "lines": [
    "of"
   ]
  }, 
  {
   "begin": "1.840", 
   "end": "2.440", 
   "id": "f000007", 
   "language": "en", 
   "lines": [
    "4"
   ]
  }, 
  {
   "begin": "2.440", 
   "end": "3.080", 
   "id": "f000008", 
   "language": "en", 
   "lines": [
    "bananas."
   ]
  }, 
  {
   "begin": "3.080", 
   "end": "3.560", 
   "id": "f000009", 
   "language": "en", 
   "lines": [
    "There"
   ]
  }, 
  {
   "begin": "3.560", 
   "end": "3.880", 
   "id": "f000010", 
   "language": "en", 
   "lines": [
    "are"
   ]
  }, 
  {
   "begin": "3.880", 
   "end": "4.680", 
   "id": "f000011", 
   "language": "en", 
   "lines": [
    "27"
   ]
  }, 
  {
   "begin": "4.680", 
   "end": "5.280", 
   "id": "f000012", 
   "language": "en", 
   "lines": [
    "packets."
   ]
  }, 
  {
   "begin": "5.280", 
   "end": "5.880", 
   "id": "f000013", 
   "language": "en", 
   "lines": [
    "So"
   ]
  }, 
  {
   "begin": "5.880", 
   "end": "6.280", 
   "id": "f000014", 
   "language": "en", 
   "lines": [
    "here"
   ]
  }, 
  {
   "begin": "6.280", 
   "end": "6.560", 
   "id": "f000015", 
   "language": "en", 
   "lines": [
    "are"
   ]
  }, 
  {
   "begin": "6.560", 
   "end": "6.920", 
   "id": "f000016", 
   "language": "en", 
   "lines": [
    "your"
   ]
  }, 
  {
   "begin": "6.920", 
   "end": "8.400", 
   "id": "f000017", 
   "language": "en", 
   "lines": [
    "108"
   ]
  }, 
  {
   "begin": "8.400", 
   "end": "8.840", 
   "id": "f000018", 
   "language": "en", 
   "lines": [
    "ripe"
   ]
  }, 
  {
   "begin": "8.840", 
   "end": "9.880", 
   "id": "f000019", 
   "language": "en", 
   "lines": [
    "bananas!\u201d"
   ]
  }
 ]
}