{
 "fragments": [
  {
   "begin": "0.000", 
   "end": "0.720", 
   "id": "f000001", 
   "language": "en", 
   "lines": [
    "One"
   ]
  }, 
  {
   "begin": "0.720", 
   "end": "1.480", 
   "id": "f000002", 
   "language": "en", 
   "lines": [
    "day,"
   ]
  }, 
  {
   "begin": "1.480", 
   "end": "1.840", 
   "id": "f000003", 
   "language": "en", 
   "lines": [
    "neighbour"
   ]
  }, 
  {
   "begin": "1.840", 
   "end": "3.000", 
   "id": "f000004", 
   "language": "en", 
   "lines": [
    "Shivanna"
   ]
  }, 
  {
   "begin": "3.000", 
   "end": "3.960", 
   "id": "f000005", 
   "language": "en", 
   "lines": [
    "arranged"
   ]
  }, 
  {
   "begin": "3.960", 
   "end": "4.560", 
   "id": "f000006", 
   "language": "en", 
   "lines": [
    "a"
   ]
  }, 
  {
   "begin": "4.560", 
   "end": "4.760", 
   "id": "f000007", 
   "language": "en", 
   "lines": [
    "very"
   ]
  }, 
  {
   "begin": "4.760", 
   "end": "4.840", 
   "id": "f000008", 
   "language": "en", 
   "lines": [
    "big"
   ]
  }, 
  {
   "begin": "4.840", 
   "end": "5.920", 
   "id": "f000009", 
   "language": "en", 
   "lines": [
    "pooja."
   ]
  }
 ]
}