{
 "fragments": [
  {
   "begin": "0.000", 
   "end": "0.120", 
   "id": "f000001", 
   "language": "en", 
   "lines": [
    "Not"
   ]
  }, 
  {
   "begin": "0.120", 
   "end": "0.680", 
   "id": "f000002", 
   "language": "en", 
   "lines": [
    "the"
   ]
  }, 
  {
   "begin": "0.680", 
   "end": "1.480", 
   "id": "f000003", 
   "language": "en", 
   "lines": [
    "traders"
   ]
  }, 
  {
   "begin": "1.480", 
   "end": "1.520", 
   "id": "f000004", 
   "language": "en", 
   "lines": [
    "who"
   ]
  }, 
  {
   "begin": "1.520", 
   "end": "2.040", 
   "id": "f000005", 
   "language": "en", 
   "lines": [
    "could"
   ]
  }, 
  {
   "begin": "2.040", 
   "end": "2.720", 
   "id": "f000006", 
   "language": "en", 
   "lines": [
    "sell"
   ]
  }, 
  {
   "begin": "2.720", 
   "end": "3.000", 
   "id": "f000007", 
   "language": "en", 
   "lines": [
    "the"
   ]
  }, 
  {
   "begin": "3.000", 
   "end": "3.480", 
   "id": "f000008", 
   "language": "en", 
   "lines": [
    "bananas"
   ]
  }, 
  {
   "begin": "3.480", 
   "end": "3.680", 
   "id": "f000009", 
   "language": "en", 
   "lines": [
    "in"
   ]
  }, 
  {
   "begin": "3.680", 
   "end": "4.160", 
   "id": "f000010", 
   "language": "en", 
   "lines": [
    "far"
   ]
  }, 
  {
   "begin": "4.160", 
   "end": "4.520", 
   "id": "f000011", 
   "language": "en", 
   "lines": [
    "away"
   ]
  }, 
  {
   "begin": "4.520", 
   "end": "6.120", 
   "id": "f000012", 
   "language": "en", 
   "lines": [
    "markets."
   ]
  }, 
  {
   "begin": "6.120", 
   "end": "6.560", 
   "id": "f000013", 
   "language": "en", 
   "lines": [
    "And"
   ]
  }, 
  {
   "begin": "6.560", 
   "end": "6.960", 
   "id": "f000014", 
   "language": "en", 
   "lines": [
    "not"
   ]
  }, 
  {
   "begin": "6.960", 
   "end": "7.320", 
   "id": "f000015", 
   "language": "en", 
   "lines": [
    "even"
   ]
  }, 
  {
   "begin": "7.320", 
   "end": "7.760", 
   "id": "f000016", 
   "language": "en", 
   "lines": [
    "his"
   ]
  }, 
  {
   "begin": "7.760", 
   "end": "9.160", 
   "id": "f000017", 
   "language": "en", 
   "lines": [
    "cows!"
   ]
  }
 ]
}