{
 "fragments": [
  {
   "begin": "0.000", 
   "end": "0.520", 
   "id": "f000001", 
   "language": "en", 
   "lines": [
    "On"
   ]
  }, 
  {
   "begin": "0.520", 
   "end": "0.840", 
   "id": "f000002", 
   "language": "en", 
   "lines": [
    "each"
   ]
  }, 
  {
   "begin": "0.840", 
   "end": "1.040", 
   "id": "f000003", 
   "language": "en", 
   "lines": [
    "one"
   ]
  }, 
  {
   "begin": "1.040", 
   "end": "1.520", 
   "id": "f000004", 
   "language": "en", 
   "lines": [
    "was"
   ]
  }, 
  {
   "begin": "1.520", 
   "end": "2.000", 
   "id": "f000005", 
   "language": "en", 
   "lines": [
    "written"
   ]
  }, 
  {
   "begin": "2.000", 
   "end": "2.000", 
   "id": "f000006", 
   "language": "en", 
   "lines": [
    "-"
   ]
  }, 
  {
   "begin": "2.000", 
   "end": "2.880", 
   "id": "f000007", 
   "language": "en", 
   "lines": [
    "\u201cHigh"
   ]
  }, 
  {
   "begin": "2.880", 
   "end": "3.480", 
   "id": "f000008", 
   "language": "en", 
   "lines": [
    "Quality"
   ]
  }, 
  {
   "begin": "3.480", 
   "end": "4.040", 
   "id": "f000009", 
   "language": "en", 
   "lines": [
    "Banana"
   ]
  }, 
  {
   "begin": "4.040", 
   "end": "4.960", 
   "id": "f000010", 
   "language": "en", 
   "lines": [
    "Halwa,"
   ]
  }, 
  {
   "begin": "4.960", 
   "end": "5.600", 
   "id": "f000011", 
   "language": "en", 
   "lines": [
    "S.S."
   ]
  }, 
  {
   "begin": "5.600", 
   "end": "6.240", 
   "id": "f000012", 
   "language": "en", 
   "lines": [
    "Farms.\u201d"
   ]
  }, 
  {
   "begin": "6.240", 
   "end": "7.680", 
   "id": "f000013", 
   "language": "en", 
   "lines": [
    "Sringeri"
   ]
  }, 
  {
   "begin": "7.680", 
   "end": "8.680", 
   "id": "f000014", 
   "language": "en", 
   "lines": [
    "Srinivas"
   ]
  }, 
  {
   "begin": "8.680", 
   "end": "9.120", 
   "id": "f000015", 
   "language": "en", 
   "lines": [
    "offered"
   ]
  }, 
  {
   "begin": "9.120", 
   "end": "9.520", 
   "id": "f000016", 
   "language": "en", 
   "lines": [
    "one"
   ]
  }, 
  {
   "begin": "9.520", 
   "end": "9.680", 
   "id": "f000017", 
   "language": "en", 
   "lines": [
    "to"
   ]
  }, 
  {
   "begin": "9.680", 
   "end": "9.840", 
   "id": "f000018", 
   "language": "en", 
   "lines": [
    "the"
   ]
  }, 
  {
   "begin": "9.840", 
   "end": "10.960", 
   "id": "f000019", 
   "language": "en", 
   "lines": [
    "priest."
   ]
  }
 ]
}