{
 "fragments": [
  {
   "begin": "0.000", 
   "end": "0.920", 
   "id": "f000001", 
   "language": "en", 
   "lines": [
    "Sringeri"
   ]
  }, 
  {
   "begin": "0.920", 
   "end": "2.080", 
   "id": "f000002", 
   "language": "en", 
   "lines": [
    "Srinivas"
   ]
  }, 
  {
   "begin": "2.080", 
   "end": "2.280", 
   "id": "f000003", 
   "language": "en", 
   "lines": [
    "was"
   ]
  }, 
  {
   "begin": "2.280", 
   "end": "2.880", 
   "id": "f000004", 
   "language": "en", 
   "lines": [
    "having"
   ]
  }, 
  {
   "begin": "2.880", 
   "end": "3.120", 
   "id": "f000005", 
   "language": "en", 
   "lines": [
    "a"
   ]
  }, 
  {
   "begin": "3.120", 
   "end": "3.600", 
   "id": "f000006", 
   "language": "en", 
   "lines": [
    "very"
   ]
  }, 
  {
   "begin": "3.600", 
   "end": "4.000", 
   "id": "f000007", 
   "language": "en", 
   "lines": [
    "bad"
   ]
  }, 
  {
   "begin": "4.000", 
   "end": "5.320", 
   "id": "f000008", 
   "language": "en", 
   "lines": [
    "day."
   ]
  }, 
  {
   "begin": "5.320", 
   "end": "6.520", 
   "id": "f000009", 
   "language": "en", 
   "lines": [
    "Nobody"
   ]
  }, 
  {
   "begin": "6.520", 
   "end": "7.760", 
   "id": "f000010", 
   "language": "en", 
   "lines": [
    "wanted"
   ]
  }, 
  {
   "begin": "7.760", 
   "end": "7.800", 
   "id": "f000011", 
   "language": "en", 
   "lines": [
    "the"
   ]
  }, 
  {
   "begin": "7.800", 
   "end": "8.200", 
   "id": "f000012", 
   "language": "en", 
   "lines": [
    "sweet,"
   ]
  }, 
  {
   "begin": "8.200", 
   "end": "8.720", 
   "id": "f000013", 
   "language": "en", 
   "lines": [
    "ripe"
   ]
  }, 
  {
   "begin": "8.720", 
   "end": "9.600", 
   "id": "f000014", 
   "language": "en", 
   "lines": [
    "bananas"
   ]
  }, 
  {
   "begin": "9.600", 
   "end": "9.840", 
   "id": "f000015", 
   "language": "en", 
   "lines": [
    "he"
   ]
  }, 
  {
   "begin": "9.840", 
   "end": "10.320", 
   "id": "f000016", 
   "language": "en", 
   "lines": [
    "was"
   ]
  }, 
  {
   "begin": "10.320", 
   "end": "10.760", 
   "id": "f000017", 
   "language": "en", 
   "lines": [
    "growing"
   ]
  }, 
  {
   "begin": "10.760", 
   "end": "10.920", 
   "id": "f000018", 
   "language": "en", 
   "lines": [
    "on"
   ]
  }, 
  {
   "begin": "10.920", 
   "end": "11.200", 
   "id": "f000019", 
   "language": "en", 
   "lines": [
    "his"
   ]
  }, 
  {
   "begin": "11.200", 
   "end": "12.120", 
   "id": "f000020", 
   "language": "en", 
   "lines": [
    "farm."
   ]
  }
 ]
}