{
 "fragments": [
  {
   "begin": "0.000", 
   "end": "0.000", 
   "id": "f000001", 
   "language": "en", 
   "lines": [
    "He"
   ]
  }, 
  {
   "begin": "0.000", 
   "end": "1.080", 
   "id": "f000002", 
   "language": "en", 
   "lines": [
    "decided"
   ]
  }, 
  {
   "begin": "1.080", 
   "end": "1.440", 
   "id": "f000003", 
   "language": "en", 
   "lines": [
    "to"
   ]
  }, 
  {
   "begin": "1.440", 
   "end": "1.840", 
   "id": "f000004", 
   "language": "en", 
   "lines": [
    "seek"
   ]
  }, 
  {
   "begin": "1.840", 
   "end": "2.320", 
   "id": "f000005", 
   "language": "en", 
   "lines": [
    "help"
   ]
  }, 
  {
   "begin": "2.320", 
   "end": "2.320", 
   "id": "f000006", 
   "language": "en", 
   "lines": [
    "from"
   ]
  }, 
  {
   "begin": "2.320", 
   "end": "2.400", 
   "id": "f000007", 
   "language": "en", 
   "lines": [
    "the"
   ]
  }, 
  {
   "begin": "2.400", 
   "end": "3.640", 
   "id": "f000008", 
   "language": "en", 
   "lines": [
    "Farmer's"
   ]
  }, 
  {
   "begin": "3.640", 
   "end": "4.640", 
   "id": "f000009", 
   "language": "en", 
   "lines": [
    "Centre"
   ]
  }, 
  {
   "begin": "4.640", 
   "end": "5.080", 
   "id": "f000010", 
   "language": "en", 
   "lines": [
    "in"
   ]
  }, 
  {
   "begin": "5.080", 
   "end": "6.000", 
   "id": "f000011", 
   "language": "en", 
   "lines": [
    "Doddooru,"
   ]
  }, 
  {
   "begin": "6.000", 
   "end": "6.240", 
   "id": "f000012", 
   "language": "en", 
   "lines": [
    "a"
   ]
  }, 
  {
   "begin": "6.240", 
   "end": "6.600", 
   "id": "f000013", 
   "language": "en", 
   "lines": [
    "big"
   ]
  }, 
  {
   "begin": "6.600", 
   "end": "7.160", 
   "id": "f000014", 
   "language": "en", 
   "lines": [
    "town"
   ]
  }, 
  {
   "begin": "7.160", 
   "end": "7.360", 
   "id": "f000015", 
   "language": "en", 
   "lines": [
    "near"
   ]
  }, 
  {
   "begin": "7.360", 
   "end": "7.720", 
   "id": "f000016", 
   "language": "en", 
   "lines": [
    "his"
   ]
  }, 
  {
   "begin": "7.720", 
   "end": "8.640", 
   "id": "f000017", 
   "language": "en", 
   "lines": [
    "village."
   ]
  }
 ]
}