{
 "fragments": [
  {
   "begin": "0.000", 
   "end": "0.200", 
   "id": "f000001", 
   "language": "en", 
   "lines": [
    "Moru"
   ]
  }, 
  {
   "begin": "0.200", 
   "end": "0.760", 
   "id": "f000002", 
   "language": "en", 
   "lines": [
    "sat"
   ]
  }, 
  {
   "begin": "0.760", 
   "end": "0.760", 
   "id": "f000003", 
   "language": "en", 
   "lines": [
    "on"
   ]
  }, 
  {
   "begin": "0.760", 
   "end": "1.040", 
   "id": "f000004", 
   "language": "en", 
   "lines": [
    "the"
   ]
  }, 
  {
   "begin": "1.040", 
   "end": "1.440", 
   "id": "f000005", 
   "language": "en", 
   "lines": [
    "floor."
   ]
  }, 
  {
   "begin": "1.440", 
   "end": "1.880", 
   "id": "f000006", 
   "language": "en", 
   "lines": [
    "The"
   ]
  }, 
  {
   "begin": "1.880", 
   "end": "2.160", 
   "id": "f000007", 
   "language": "en", 
   "lines": [
    "books"
   ]
  }, 
  {
   "begin": "2.160", 
   "end": "2.440", 
   "id": "f000008", 
   "language": "en", 
   "lines": [
    "were"
   ]
  }, 
  {
   "begin": "2.440", 
   "end": "2.720", 
   "id": "f000009", 
   "language": "en", 
   "lines": [
    "all"
   ]
  }, 
  {
   "begin": "2.720", 
   "end": "3.080", 
   "id": "f000010", 
   "language": "en", 
   "lines": [
    "around"
   ]
  }, 
  {
   "begin": "3.080", 
   "end": "3.840", 
   "id": "f000011", 
   "language": "en", 
   "lines": [
    "him."
   ]
  }, 
  {
   "begin": "3.840", 
   "end": "3.840", 
   "id": "f000012", 
   "language": "en", 
   "lines": [
    "There"
   ]
  }, 
  {
   "begin": "3.840", 
   "end": "4.320", 
   "id": "f000013", 
   "language": "en", 
   "lines": [
    "were"
   ]
  }, 
  {
   "begin": "4.320", 
   "end": "4.800", 
   "id": "f000014", 
   "language": "en", 
   "lines": [
    "so"
   ]
  }, 
  {
   "begin": "4.800", 
   "end": "5.120", 
   "id": "f000015", 
   "language": "en", 
   "lines": [
    "many"
   ]
  }, 
  {
   "begin": "5.120", 
   "end": "6.280", 
   "id": "f000016", 
   "language": "en", 
   "lines": [
    "storybooks.\n\n"
   ]
  }, 
  {
   "begin": "6.280", 
   "end": "6.280", 
   "id": "f000017", 
   "language": "en", 
   "lines": [
    ""
   ]
  }, 
  {
   "begin": "6.280", 
   "end": "6.280", 
   "id": "f000018", 
   "language": "en", 
   "lines": [
    ""
   ]
  }, 
  {
   "begin": "6.280", 
   "end": "6.400", 
   "id": "f000019", 
   "language": "en", 
   "lines": [
    "He"
   ]
  }, 
  {
   "begin": "6.400", 
   "end": "6.640", 
   "id": "f000020", 
   "language": "en", 
   "lines": [
    "put"
   ]
  }, 
  {
   "begin": "6.640", 
   "end": "6.840", 
   "id": "f000021", 
   "language": "en", 
   "lines": [
    "the"
   ]
  }, 
  {
   "begin": "6.840", 
   "end": "7.280", 
   "id": "f000022", 
   "language": "en", 
   "lines": [
    "animal"
   ]
  }, 
  {
   "begin": "7.280", 
   "end": "7.640", 
   "id": "f000023", 
   "language": "en", 
   "lines": [
    "ones"
   ]
  }, 
  {
   "begin": "7.640", 
   "end": "7.960", 
   "id": "f000024", 
   "language": "en", 
   "lines": [
    "together."
   ]
  }, 
  {
   "begin": "7.960", 
   "end": "8.800", 
   "id": "f000025", 
   "language": "en", 
   "lines": [
    "The"
   ]
  }, 
  {
   "begin": "8.800", 
   "end": "9.440", 
   "id": "f000026", 
   "language": "en", 
   "lines": [
    "leopard"
   ]
  }, 
  {
   "begin": "9.440", 
   "end": "10.080", 
   "id": "f000027", 
   "language": "en", 
   "lines": [
    "storybook"
   ]
  }, 
  {
   "begin": "10.080", 
   "end": "10.160", 
   "id": "f000028", 
   "language": "en", 
   "lines": [
    "would"
   ]
  }, 
  {
   "begin": "10.160", 
   "end": "10.560", 
   "id": "f000029", 
   "language": "en", 
   "lines": [
    "feel"
   ]
  }, 
  {
   "begin": "10.560", 
   "end": "10.760", 
   "id": "f000030", 
   "language": "en", 
   "lines": [
    "more"
   ]
  }, 
  {
   "begin": "10.760", 
   "end": "11.440", 
   "id": "f000031", 
   "language": "en", 
   "lines": [
    "comfortable"
   ]
  }, 
  {
   "begin": "11.440", 
   "end": "11.600", 
   "id": "f000032", 
   "language": "en", 
   "lines": [
    "with"
   ]
  }, 
  {
   "begin": "11.600", 
   "end": "11.760", 
   "id": "f000033", 
   "language": "en", 
   "lines": [
    "the"
   ]
  }, 
  {
   "begin": "11.760", 
   "end": "12.040", 
   "id": "f000034", 
   "language": "en", 
   "lines": [
    "elephants"
   ]
  }, 
  {
   "begin": "12.040", 
   "end": "12.440", 
   "id": "f000035", 
   "language": "en", 
   "lines": [
    "and"
   ]
  }, 
  {
   "begin": "12.440", 
   "end": "13.560", 
   "id": "f000036", 
   "language": "en", 
   "lines": [
    "camels."
   ]
  }, 
  {
   "begin": "13.560", 
   "end": "13.720", 
   "id": "f000037", 
   "language": "en", 
   "lines": [
    "The"
   ]
  }, 
  {
   "begin": "13.720", 
   "end": "14.480", 
   "id": "f000038", 
   "language": "en", 
   "lines": [
    "fairytales"
   ]
  }, 
  {
   "begin": "14.480", 
   "end": "14.680", 
   "id": "f000039", 
   "language": "en", 
   "lines": [
    "could"
   ]
  }, 
  {
   "begin": "14.680", 
   "end": "14.960", 
   "id": "f000040", 
   "language": "en", 
   "lines": [
    "sit"
   ]
  }, 
  {
   "begin": "14.960", 
   "end": "15.080", 
   "id": "f000041", 
   "language": "en", 
   "lines": [
    "with"
   ]
  }, 
  {
   "begin": "15.080", 
   "end": "15.320", 
   "id": "f000042", 
   "language": "en", 
   "lines": [
    "the"
   ]
  }, 
  {
   "begin": "15.320", 
   "end": "15.880", 
   "id": "f000043", 
   "language": "en", 
   "lines": [
    "stories"
   ]
  }, 
  {
   "begin": "15.880", 
   "end": "16.240", 
   "id": "f000044", 
   "language": "en", 
   "lines": [
    "about"
   ]
  }, 
  {
   "begin": "16.240", 
   "end": "16.840", 
   "id": "f000045", 
   "language": "en", 
   "lines": [
    "gods"
   ]
  }, 
  {
   "begin": "16.840", 
   "end": "17.000", 
   "id": "f000046", 
   "language": "en", 
   "lines": [
    "and"
   ]
  }, 
  {
   "begin": "17.000", 
   "end": "18.160", 
   "id": "f000047", 
   "language": "en", 
   "lines": [
    "goddesses."
   ]
  }, 
  {
   "begin": "18.160", 
   "end": "18.400", 
   "id": "f000048", 
   "language": "en", 
   "lines": [
    "The"
   ]
  }, 
  {
   "begin": "18.400", 
   "end": "18.920", 
   "id": "f000049", 
   "language": "en", 
   "lines": [
    "adventure"
   ]
  }, 
  {
   "begin": "18.920", 
   "end": "19.640", 
   "id": "f000050", 
   "language": "en", 
   "lines": [
    "stories"
   ]
  }, 
  {
   "begin": "19.640", 
   "end": "19.800", 
   "id": "f000051", 
   "language": "en", 
   "lines": [
    "sat"
   ]
  }, 
  {
   "begin": "19.800", 
   "end": "19.800", 
   "id": "f000052", 
   "language": "en", 
   "lines": [
    "on"
   ]
  }, 
  {
   "begin": "19.800", 
   "end": "20.040", 
   "id": "f000053", 
   "language": "en", 
   "lines": [
    "their"
   ]
  }, 
  {
   "begin": "20.040", 
   "end": "20.080", 
   "id": "f000054", 
   "language": "en", 
   "lines": [
    "own."
   ]
  }, 
  {
   "begin": "20.080", 
   "end": "20.680", 
   "id": "f000055", 
   "language": "en", 
   "lines": [
    "Or"
   ]
  }, 
  {
   "begin": "20.680", 
   "end": "21.040", 
   "id": "f000056", 
   "language": "en", 
   "lines": [
    "maybe"
   ]
  }, 
  {
   "begin": "21.040", 
   "end": "21.440", 
   "id": "f000057", 
   "language": "en", 
   "lines": [
    "they"
   ]
  }, 
  {
   "begin": "21.440", 
   "end": "21.800", 
   "id": "f000058", 
   "language": "en", 
   "lines": [
    "should"
   ]
  }, 
  {
   "begin": "21.800", 
   "end": "22.000", 
   "id": "f000059", 
   "language": "en", 
   "lines": [
    "go"
   ]
  }, 
  {
   "begin": "22.000", 
   "end": "22.160", 
   "id": "f000060", 
   "language": "en", 
   "lines": [
    "with"
   ]
  }, 
  {
   "begin": "22.160", 
   "end": "22.360", 
   "id": "f000061", 
   "language": "en", 
   "lines": [
    "the"
   ]
  }, 
  {
   "begin": "22.360", 
   "end": "22.880", 
   "id": "f000062", 
   "language": "en", 
   "lines": [
    "heroes"
   ]
  }, 
  {
   "begin": "22.880", 
   "end": "23.080", 
   "id": "f000063", 
   "language": "en", 
   "lines": [
    "and"
   ]
  }, 
  {
   "begin": "23.080", 
   "end": "23.480", 
   "id": "f000064", 
   "language": "en", 
   "lines": [
    "famous"
   ]
  }, 
  {
   "begin": "23.480", 
   "end": "24.760", 
   "id": "f000065", 
   "language": "en", 
   "lines": [
    "people?"
   ]
  }
 ]
}