{"id":119,"name":"Counting on Moru","writtenby":"Rukmini Banerji","illustrationsby":"Nina Sabnani","translationby":"","source":"Pratham Books","status":"active","level":3,"pages":[{"id":1324,"content":"Moru had strong likes and dislikes. When he liked something, he loved it. And when he did not like something, he absolutely hated it. \n\nNo one could make him do things that he did not want to do and no one could stop him from doing what he wanted to do.","pageno":1,"image":"d28800865d826738a02c2c9b14c46842.jpg","audio":"a1dfe371c70e4c807ac44a8777cb4c25.mp3","audio_map":"dd44dcbe992d389f4a987e9e1b11202a.json","language":[]},{"id":1325,"content":"Moru liked to climb trees and steal raw mangoes. He would creep along the branch pretending to be a cheetah in a deep dark jungle. He enjoyed catching insects - the blue green bottle fly with the big shiny head, the thin and crisp grasshopper, and the yellow butterfly whose colour came off like powder on his fingers.\u00a0Moru loved flying\u00a0kites, the higher the better. He would climb to the tallest terrace to get his kite to soar far above the clouds like a brilliant eagle trying to reach the sun.","pageno":2,"image":"a9badd5e7ede8ba56bacec2cc99bc7a3.jpg","audio":"9287a6023295c695162d0092f242ce95.mp3","audio_map":"ee5eb54a1a2e16b256a8ba79a090133e.json","language":[]},{"id":1326,"content":"Moru liked numbers. Number 1 looked thin and lonely; 100 was fat and wealthy. How graceful 9 was, even more so when she stood next to 1 and became 19.\u00a0\n\nNumbers were like an unending staircase. Moru imagined climbing them one by one by one, racing up, sometimes two, sometimes three or four or more steps at a time.","pageno":3,"image":"5408d9e89fa626d6c982a8f0845f8046.jpg","audio":"7f7f6403e2d14845090e8427895d6d06.mp3","audio_map":"eb54513ddf4a97f7b835973dcc3b643e.json","language":[]},{"id":1327,"content":"When he was tired, he saw himself sliding down the banister with the numbers waving at him.\n\nUnlike rice at lunchtime, which often finished before anyone was even half full, unlike friends who had to go home just as soon as the game was starting to be fun, numbers were always there. Unending and infinitely fun, to be juggled, sorted, matched, shared, laid out in a row, thrown away, put together and taken apart.","pageno":4,"image":"0acd4463f64dacfd783d4bc14fe744f9.jpg","audio":"8b3c1f1bd80e8fdb62c5fe539b958b08.mp3","audio_map":"447cf3fcf8c26cc9438c6b815743b3c3.json","language":[]},{"id":1328,"content":"Moru liked going to school because many of his friends went too. He liked getting up in the morning and having somewhere to go. He liked the big playground but he did not like going to class.\n\nHe did not like the teacher. He felt trapped in the room.\u00a0The children could not ask questions, they could not move around and they could not speak when they wanted to say things. The teacher was bad-tempered. Moru felt that the teacher did not like the children at all. Maybe he did not even like being a teacher or coming to a school. In any case, children did not like the teacher either.","pageno":5,"image":"37c7c820def3955b85fe68e8e1b5936b.jpg","audio":"96664df50f50ce64f7fe3018b3e99a3c.mp3","audio_map":"1e334ab4e3512467393c371b26c44662.json","language":[]},{"id":1329,"content":"Every morning, the teacher wrote things on the blackboard. In a loud voice, he told the children to copy it down on their slates. Then he would go outside. If the boys could copy his things from the blackboard nicely, the teacher looked at it. If they could not do it, the teacher got angry. When he was angry, he would call the children names and if he got very angry he would hit them hard.","pageno":6,"image":"584a8a83daeff46b11055a67016d1258.jpg","audio":"f19afe6b845df5fb51018c4b55214702.mp3","audio_map":"cd108ce573da19f917d06e07a9043507.json","language":[]},{"id":1330,"content":"One day, the teacher wrote some sums on the board. The sums were easy but they were boring. Moru did not feel like doing them and he did not have a slate. His slate had broken and his mother did not have the money to buy a new one. \n\nInstead he counted the hundreds of ants that were climbing the wall. He looked at the tree outside and noticed that the leaves were perfect. Perfect leaves had perfect shadows. In his mind, Moru counted how many broken bricks there were along the school\u2019s compound wall. He calculated that if each brick costed five rupees it would take more than one thousand rupees to fill in all the gaps and broken spaces in the wall.","pageno":7,"image":"c5206ce594a3eb63e918d74e59d4535f.jpg","audio":"42df5c5313f04081f14068e05973c108.mp3","audio_map":"c6799e793345eeac6b346dddd0dd2e37.json","language":[]},{"id":1331,"content":"\u201cMoru!\u201d scolded the teacher. \u201cWhy are you not doing anything?\u201d \n\nMoru looked blank. \u201cWhere is your slate? Why haven\u2019t you brought one to school?\u201d shouted the teacher. Moru could see that the teacher was angry with him. Moru replied, \u201cMy old slate broke and I don\u2019t have money to buy a new one.\u201d The teacher was angry and gave Moru a sharp tap with the stick in his hand.","pageno":8,"image":"301a14b5ab171bab81de080a425a4296.jpg","audio":"e39794c703b446bbd11723b45da29e50.mp3","audio_map":"b1f1a7ea913dd585b53730fe97d79803.json","language":[]},{"id":1332,"content":"Moru continued softly, \"Even if I had a slate I won't do the sums because I don't want to.\" The teacher was furious. He slapped Moru. Moru's cheek burned bright red. Sudden hot tears sprang into his eyes. He stood up and ran out of the room, down the verandah, across the dusty playground, through the broken gate and away.","pageno":9,"image":"68857afed0c55a46e0979f69b4590a8a.jpg","audio":"33e184ee65bb30cc55697f9b2ca6b7f0.mp3","audio_map":"42774a369f578e8f5cdedc4c9dd4915b.json","language":[]},{"id":1333,"content":"The next morning, Moru's mother woke him up in time for school. But Moru would not get up. He lay on the narrow bed with his eyes tightly shut.\n\nNext day it was the same story, and the next day and the next. No one could persuade Moru to go back to school. One week passed and then one month. Moru sat on the wall in front of his house.","pageno":10,"image":"721cfc49d3a115e617663f04aaef6a63.jpg","audio":"87c3538ef8067d9eb530f100d1eb4eea.mp3","audio_map":"3f12e4658cd4fe7c8b193588f0288e63.json","language":[]},{"id":1334,"content":"Sometimes he would disappear into the market for hours. He would try to fly his kite from the terrace but it was no fun because the sky was empty.\n\nHis mother scolded him, his brother teased him, his grandmother begged him, his uncle bribed him and his friends coaxed him. But nobody could persuade him to return to school.","pageno":11,"image":"3dac767004ad6deb578abf55f23d3df5.jpg","audio":"6d075c78b010f3a8e1d58f69731b6339.mp3","audio_map":"4dcf291974d03359ccdeeca7383c424b.json","language":[]},{"id":1335,"content":"The rains came and school opened after the summer vacation. Everyone thought Moru would go back to school with all the children. \u201cNo,\u201d said Moru very firmly. A year passed.\u00a0\n\nEveryone gave up on Moru. Perhaps Moru gave up on himself too. Instead, he began to do other things.","pageno":12,"image":"1404083ba21d85c473178eb8f86bcc11.jpg","audio":"bbbacf554c54e97cff33c70e9301258b.mp3","audio_map":"60828dd7830b121aabdceb126d188dc3.json","language":[]},{"id":1336,"content":"He would go to the market and give the vegetable sellers a hard time. He would gang up with other children like him who had left school and tease and taunt the children who were going to school. \n\nHe would make paper airplanes out of the school notebooks of his friends. He would go up on the terrace and hit unsuspecting people who were passing by with pellets from his sling.","pageno":13,"image":"fdf51b9744c59fb2eaed2b6db8d3353e.jpg","audio":"057317f2be72e786b58e3d02f1dd8c85.mp3","audio_map":"850cef2d1d09f5c6f7cd5849f043c8cc.json","language":[]},{"id":1337,"content":"One day, the old teacher left. A new young teacher came in his place. That day Moru was sitting on the wall watching the children go to school. No one asked him anymore why he did not go with them. Instead, children avoided him because they were afraid that he would bother them.","pageno":14,"image":"66aecd090df397455d33ff86732ef0ee.jpg","audio":"0be821c092705e1d89c6532e30e9146d.mp3","audio_map":"b646c2ffa121c575014ba198c9b91a70.json","language":[]},{"id":1338,"content":"The teacher was passing by. Moru looked at the teacher. The teacher looked at Moru. Neither smiled and neither frowned.\n\nThe next day, at the same time and the same place, Moru looked down from the wall. The teacher looked up at him and smiled. It was a small smile. Moru jumped from the wall and ran away.","pageno":15,"image":"8007e28b5a1c737180df50b771ecb344.jpg","audio":"2bab974bbf2244e0f838a3b5f0feec01.mp3","audio_map":"b0c3da0074507fbfe995bf30ae65c6e1.json","language":[]},{"id":1339,"content":"A few days later, the teacher was passing by. He was carrying a huge bag. The bag was very heavy. The teacher was having a difficult time. Moru scratched his head. The teacher passed him by slowly.\n\nMoru thought and then he ran behind the teacher. Without saying anything, he took hold of one end of the bag. The teacher was relieved and together they were able to get the heavy load to the school quickly.","pageno":16,"image":"c8de785125286b47d1bd5509a732db2b.jpg","audio":"074fc3e8a6c4f216963000d679f15260.mp3","audio_map":"7262057bd865f53db84739c0232505a2.json","language":[]},{"id":1340,"content":"Inside the school, the bag was carefully put on the teacher\u2019s table. The teacher opened the bag and let Moru look inside. There were many many books, colourful books of all sizes and shapes. They felt shiny and smelt new.\n\n\u201cCan you help me to take them out?\u201d asked the teacher.","pageno":17,"image":"19d7561c3eda62a61694dd0773b45a50.jpg","audio":"407a2eb2ca76cd8037124d08c062836c.mp3","audio_map":"a4b6db8f1850fb4a25d8f96473355d6c.json","language":[]},{"id":1341,"content":"Moru began bringing out the books. There were books with stories in them, with pictures on the cover. Some were written in large letters. Some books had so much in them that the words had to be squeezed into the pages. Moru felt his excitement rising. He had not touched a book in two years.","pageno":18,"image":"bae4f842a2c8383c3f9b6714a71323e2.jpg","audio":"218af21a62c9fe9bde245407973cb34a.mp3","audio_map":"8b540f55e9f6f4987357c2ddd50932c8.json","language":[]},{"id":1342,"content":"The next day, Moru waited till school was over and all the children had left. The teacher was alone. Moru went in quietly and stood by the door. The school seemed ghostly when all the noise and laughter and shouting was gone.\n \nThe teacher looked up and said, \u201cGood you have come. I need your help.\u201d Moru was curious. What kind of help could the teacher need? He had many, many children in his school to help him. In a very matter of fact kind of voice the teacher said, \u201cCan you help me sort out the books?\u201d","pageno":19,"image":"20f90d9bfe08977bdc9c086ae1177029.jpg","audio":"bc91e068ed545e22aac8dde58e032d9e.mp3","audio_map":"bf33274ee65499b58ab48ae3e80f9e75.json","language":[]},{"id":1343,"content":"Moru sat on the floor. The books were all around him. There were so many storybooks. \n\nHe put the animal ones together. The leopard storybook would feel more comfortable with the elephants and camels. The fairytales could sit with the stories about gods and goddesses. The adventure stories sat on their own. Or maybe they should go with the heroes and famous people?","pageno":20,"image":"59eeafa3e05928dbdf8486aeb98e8d13.jpg","audio":"a20ea7bf3aeb98cade71208c8122cbac.mp3","audio_map":"030a974c10cbc2f91bbccc05749f8492.json","language":[]},{"id":1344,"content":"Then came the books with numbers. Moru's eyes and fingers slowed down. The fat numbers danced with the thin ones. Two digits balanced one on top of the other like an unsteady building still waiting for the base to be filled. The multiplication sums looked short and squat and got fatter and fatter at the bottom as the numbers got bigger.\n \nDivision was just the opposite.You began with a lot and then if you were careful, you worked it down to create a long thin graceful tail. If you were lucky there would be nothing left. One by one all the numbers and their tricks came back to Moru.","pageno":21,"image":"5782584d13dd350022e801b5b366d1f1.jpg","audio":"4c3508391b3a7d236c0b439f78b06a9a.mp3","audio_map":"eba5c32d375dfd3c202b20a33aa7ebff.json","language":[]},{"id":1345,"content":"It was dark and the school had no lights. \u201cYou have to go home now, Moru, but you can come back tomorrow,\u201d said the teacher. \u201cBut can you come when the children are here please?\u201d Next day, soon after school started, Moru came. The children were surprised to see him and a little scared.\n \nBy now Moru was famous as a \u2018dada\u2019 of the neighbourhood. \u201cI have someone to help me now,\u201d said the teacher. He put Moru with the younger children. There were books in which the children were supposed to write.\n\n\u201cPlease, can you help the children arrange these numbers in ascending and descending order?\u201d The little kids scrambled around Moru; they were amazed that a tough fellow like Moru knew so much.","pageno":22,"image":"cc2e1245af219eae41e71ee3f802c515.jpg","audio":"dd5f822b415230267189413e833223b2.mp3","audio_map":"6f4e826ead299fe4d062f8365ace3746.json","language":[]},{"id":1346,"content":"Moru made the children stand in a line - the smallest children at one end and the tallest one at the other end. He gave them numbers to hold. Now it was easy. Just like with short children and tall children, it is easy to know who to put where, it was the same with the numbers.\n \nEvery day Moru would come for a little while and every day the teacher would give him a bigger and bigger task to do. Every day he found his love for numbers was getting stronger and every day his excitement and skill was being absorbed by the little children.","pageno":23,"image":"4e2e6afa6926673ede369d2e2a6d021c.jpg","audio":"485c9694f8c7b4b6e576434cb9257547.mp3","audio_map":"c5b3e1f327520ae70d17df5ddc87d0aa.json","language":[]},{"id":1347,"content":"One month later, Moru's mother was looking for him in the middle of the morning. He was nowhere to be found. She looked on the terrace but he was not there. She looked on the wall where he normally sat dangling his feet, but only his kites were resting there.","pageno":24,"image":"aeff95d8b319a88bcadcff139dc1008e.jpg","audio":"1102ca8d3c683723ed76e6429ae79108.mp3","audio_map":"bb4077c38111817036e9dcbc5533211a.json","language":[]},{"id":1348,"content":"She looked up on the mango tree, the leaves rustled in the breeze but there was no Moru on the branches. She went to the market but all the vegetable sellers were selling their vegetables without being bothered by the usual gang of boys. \n\nFinally, she walked down the lane and happened to look into the window of the school.","pageno":25,"image":"60356cdd1533525cdc8d9b588521f7f8.jpg","audio":"6a7f777e718bbaf5b5f7570d8657ec9f.mp3","audio_map":"33bee40eaf68ee816596b3e901fb0d92.json","language":[]},{"id":1349,"content":"There was Moru. His head was down, and he was looking carefully into his notebook. There was a frown of concentration on his forehead and a deep look of absorption in his eyes. He was busy solving complicated mathematics problems along with all the other children of his age.\n \nThe teacher looked out too, and he smiled his soft warm smile at Moru's mother. She smiled back happily. Moru was in school again. \n\nThis time he was learning more and more. And most importantly, this time he was loving it.","pageno":26,"image":"a859e6c3ddb18d5e0f6380b5a9341314.jpg","audio":"1c8eb6026e210cf45670ff5f4640ee2b.mp3","audio_map":"e996f95f00eb55f0c8fbb81ab2f84e12.json","language":[]}],"language":[],"questions":[{"id":6254,"type":"pre","storypage_id":0,"order_number":1,"title":"Vocabulary","question":{"question_type":"vocabulary","question":{"text":"","image":"","type":""},"words":[{"word":"staircase","image":"c53e3771e95e05289ffbff03d4f76599.png"},{"word":"slate","image":"81250e2f49b999b0291f8d592952b2e6.png"},{"word":"bricks","image":"2f6b3bb18236f7b5496b8e055c92a848.png"},{"word":"colourful","image":"a80bdcbc43382e5522ab6aaa74720cbb.png"}]},"score":1,"question_template_id":21,"question_template":"Vocab"},{"id":6244,"type":"during","storypage_id":1324,"order_number":1,"title":"Choose the correct answer.","question":{"question_type":"mcq_single_answer","question":{"text":"What word would you use to describe Moru?","image":"","type":"text"},"options":[{"text":"Stubborn","type":"both","image":"6e1eafa391c19ddfc50d6df841a655d2.png","ans":1},{"text":"Lazy","type":"both","image":"c31cb611297d1e8a5c6b4eaa874defed.png","ans":0},{"text":"Active","type":"both","image":"bada4b425e6615f29c114f2adf86d66b.png","ans":0},{"text":"Dull","type":"both","image":"cc80270a9db8bea8c072831e1a816a77.png","ans":0}],"answers":["Stubborn"]},"score":1,"question_template_id":2,"question_template":"Text MCQ"},{"id":6245,"type":"during","storypage_id":1325,"order_number":2,"title":"Choose the correct answer.","question":{"question_type":"mcq_single_answer","question":{"text":"Based on the things Moru used to like to do outside, would you say he liked nature?","image":"","type":"text"},"options":[{"text":"Yes","type":"text","image":"","ans":1},{"text":"No","type":"text","image":"","ans":0}],"answers":["Yes"]},"score":1,"question_template_id":2,"question_template":"Text MCQ"},{"id":6246,"type":"during","storypage_id":1326,"order_number":3,"title":"Choose the correct answer.","question":{"question_type":"mcq_single_answer","question":{"text":"What does the writer say Moru compared numbers to?","image":"","type":"text"},"options":[{"text":"A neverending staircase.","type":"both","image":"202c85965aeb36f7bb8a56b5f41c8b17.png","ans":1},{"text":"A building.","type":"both","image":"57c8c257ba6db441d324a05acc5cac1a.png","ans":0},{"text":"A tree.","type":"both","image":"bb6b4415db04663322d42dd1e02e460a.png","ans":0},{"text":"An animal.","type":"both","image":"dc0261d7f935a0d81129fef5accb7b3c.png","ans":0}],"answers":["A neverending staircase."]},"score":1,"question_template_id":2,"question_template":"Text MCQ"},{"id":6247,"type":"during","storypage_id":1327,"order_number":4,"title":"Choose the correct answer.","question":{"question_type":"mcq_single_answer","question":{"text":"What can we say Moru liked to do with numbers?","image":"","type":"text"},"options":[{"text":"Play with them.","type":"both","image":"95984ea78f45db99b3a252c1637b1810.png","ans":1},{"text":"Hate them.","type":"both","image":"45d90d9ecc2b56256c209e31bf7b0e35.png","ans":0},{"text":"Ignore them.","type":"both","image":"8092b86ca4d18fc12edd57ec285ac21c.png","ans":0},{"text":"Scream at them.","type":"both","image":"4b47d3345c70622edc22ab692356fab4.png","ans":0}],"answers":["Play with them."]},"score":1,"question_template_id":2,"question_template":"Text MCQ"},{"id":6248,"type":"during","storypage_id":1328,"order_number":6,"title":"Choose the correct answer.","question":{"question_type":"mcq_single_answer","question":{"text":"What word would you use to describe the teacher?","image":"","type":"text"},"options":[{"text":"Strict","type":"text","image":"","ans":1},{"text":"Lenient","type":"text","image":"","ans":0},{"text":"Foolish","type":"text","image":"","ans":0},{"text":"Boring","type":"text","image":"","ans":0}],"answers":["Strict"]},"score":1,"question_template_id":2,"question_template":"Text MCQ"},{"id":6249,"type":"during","storypage_id":1329,"order_number":7,"title":"Choose the correct answer.","question":{"question_type":"mcq_single_answer","question":{"text":"What did the teacher use to do when he got angry?","image":"","type":"text"},"options":[{"text":"He hit the children.","type":"both","image":"c37367a1af731ad95eb189c5a6db4709.png","ans":1},{"text":"He gave them sweets.","type":"both","image":"4cbff494e539cff17e79f84e81c8c0e4.png","ans":0},{"text":"He ran away from the room.","type":"both","image":"b9ba753de3b59f31e097eec806d3a040.png","ans":0},{"text":"He slept.","type":"both","image":"f8d8f9995ede15201852ee85202b2eb5.png","ans":0}],"answers":["He hit the children."]},"score":1,"question_template_id":2,"question_template":"Text MCQ"},{"id":6250,"type":"during","storypage_id":1333,"order_number":8,"title":"Choose the correct answer.","question":{"question_type":"mcq_single_answer","question":{"text":"Why wouldn't Moru go to school anymore?","image":"","type":"text"},"options":[{"text":"His teacher hit him and he didn't want to go.","type":"both","image":"950e7074b040738ca429fb34279db927.png","ans":1},{"text":"He was ill.","type":"both","image":"6a5baf733e75a1305aefa77374629b32.png","ans":0},{"text":"His mother didn't want him to go.","type":"both","image":"340ee6d279ad2b4ca88c2469164b277c.png","ans":0},{"text":"He had work to do.","type":"both","image":"a509b16ecb688aea8802c11681281da8.png","ans":0}],"answers":["His teacher hit him and he didn't want to go."]},"score":1,"question_template_id":2,"question_template":"Text MCQ"},{"id":6251,"type":"during","storypage_id":1335,"order_number":9,"title":"Choose the correct answer.","question":{"question_type":"mcq_single_answer","question":{"text":"How long did Moru stay out of school?","image":"","type":"text"},"options":[{"text":"More than a year","type":"text","image":"","ans":1},{"text":"A week","type":"text","image":"","ans":0},{"text":"A month","type":"text","image":"","ans":0},{"text":"A day","type":"text","image":"","ans":0}],"answers":["More than a year"]},"score":1,"question_template_id":2,"question_template":"Text MCQ"},{"id":6252,"type":"during","storypage_id":1340,"order_number":10,"title":"Choose the correct answer.","question":{"question_type":"mcq_single_answer","question":{"text":"What was the new teacher like?","image":"","type":"text"},"options":[{"text":"He was nice and interesting.","type":"text","image":"","ans":1},{"text":"He was plain and dull.","type":"text","image":"","ans":0},{"text":"He was sleepy and tired.","type":"text","image":"","ans":0},{"text":"He was exactly like the old teacher.","type":"text","image":"","ans":0}],"answers":["He was nice and interesting."]},"score":1,"question_template_id":2,"question_template":"Text MCQ"},{"id":6253,"type":"during","storypage_id":1324,"order_number":11,"title":"Choose the correct answer.","question":{"question_type":"mcq_single_answer","question":{"text":"How did the new teacher make Moru interested in coming to school again?","image":"","type":"text"},"options":[{"text":"By treating him with respect","type":"both","image":"e42624d48a0939964fa35275b9e94370.png","ans":1},{"text":"By playing with him","type":"both","image":"9f81dcb710ae8b90d10defe13a35911b.png","ans":0},{"text":"By complaining to his mother","type":"both","image":"7544c5378faa2fef7f632c094a884912.png","ans":0},{"text":"By beating him","type":"both","image":"452acac20463c91e0e2f2959095237f4.png","ans":0}],"answers":["By treating him with respect"]},"score":1,"question_template_id":2,"question_template":"Text MCQ"}]}