{
 "fragments": [
  {
   "begin": "0.000", 
   "end": "0.480", 
   "id": "f000001", 
   "language": "en", 
   "lines": [
    "She"
   ]
  }, 
  {
   "begin": "0.480", 
   "end": "0.680", 
   "id": "f000002", 
   "language": "en", 
   "lines": [
    "looked"
   ]
  }, 
  {
   "begin": "0.680", 
   "end": "0.720", 
   "id": "f000003", 
   "language": "en", 
   "lines": [
    "up"
   ]
  }, 
  {
   "begin": "0.720", 
   "end": "0.840", 
   "id": "f000004", 
   "language": "en", 
   "lines": [
    "on"
   ]
  }, 
  {
   "begin": "0.840", 
   "end": "0.960", 
   "id": "f000005", 
   "language": "en", 
   "lines": [
    "the"
   ]
  }, 
  {
   "begin": "0.960", 
   "end": "1.360", 
   "id": "f000006", 
   "language": "en", 
   "lines": [
    "mango"
   ]
  }, 
  {
   "begin": "1.360", 
   "end": "1.720", 
   "id": "f000007", 
   "language": "en", 
   "lines": [
    "tree,"
   ]
  }, 
  {
   "begin": "1.720", 
   "end": "2.080", 
   "id": "f000008", 
   "language": "en", 
   "lines": [
    "the"
   ]
  }, 
  {
   "begin": "2.080", 
   "end": "2.600", 
   "id": "f000009", 
   "language": "en", 
   "lines": [
    "leaves"
   ]
  }, 
  {
   "begin": "2.600", 
   "end": "2.960", 
   "id": "f000010", 
   "language": "en", 
   "lines": [
    "rustled"
   ]
  }, 
  {
   "begin": "2.960", 
   "end": "3.080", 
   "id": "f000011", 
   "language": "en", 
   "lines": [
    "in"
   ]
  }, 
  {
   "begin": "3.080", 
   "end": "3.200", 
   "id": "f000012", 
   "language": "en", 
   "lines": [
    "the"
   ]
  }, 
  {
   "begin": "3.200", 
   "end": "3.640", 
   "id": "f000013", 
   "language": "en", 
   "lines": [
    "breeze"
   ]
  }, 
  {
   "begin": "3.640", 
   "end": "3.920", 
   "id": "f000014", 
   "language": "en", 
   "lines": [
    "but"
   ]
  }, 
  {
   "begin": "3.920", 
   "end": "4.120", 
   "id": "f000015", 
   "language": "en", 
   "lines": [
    "there"
   ]
  }, 
  {
   "begin": "4.120", 
   "end": "4.560", 
   "id": "f000016", 
   "language": "en", 
   "lines": [
    "was"
   ]
  }, 
  {
   "begin": "4.560", 
   "end": "4.840", 
   "id": "f000017", 
   "language": "en", 
   "lines": [
    "no"
   ]
  }, 
  {
   "begin": "4.840", 
   "end": "5.160", 
   "id": "f000018", 
   "language": "en", 
   "lines": [
    "Moru"
   ]
  }, 
  {
   "begin": "5.160", 
   "end": "5.400", 
   "id": "f000019", 
   "language": "en", 
   "lines": [
    "on"
   ]
  }, 
  {
   "begin": "5.400", 
   "end": "5.520", 
   "id": "f000020", 
   "language": "en", 
   "lines": [
    "the"
   ]
  }, 
  {
   "begin": "5.520", 
   "end": "6.520", 
   "id": "f000021", 
   "language": "en", 
   "lines": [
    "branches."
   ]
  }, 
  {
   "begin": "6.520", 
   "end": "6.720", 
   "id": "f000022", 
   "language": "en", 
   "lines": [
    "She"
   ]
  }, 
  {
   "begin": "6.720", 
   "end": "6.960", 
   "id": "f000023", 
   "language": "en", 
   "lines": [
    "went"
   ]
  }, 
  {
   "begin": "6.960", 
   "end": "7.080", 
   "id": "f000024", 
   "language": "en", 
   "lines": [
    "to"
   ]
  }, 
  {
   "begin": "7.080", 
   "end": "7.240", 
   "id": "f000025", 
   "language": "en", 
   "lines": [
    "the"
   ]
  }, 
  {
   "begin": "7.240", 
   "end": "8.080", 
   "id": "f000026", 
   "language": "en", 
   "lines": [
    "market"
   ]
  }, 
  {
   "begin": "8.080", 
   "end": "8.320", 
   "id": "f000027", 
   "language": "en", 
   "lines": [
    "but"
   ]
  }, 
  {
   "begin": "8.320", 
   "end": "8.520", 
   "id": "f000028", 
   "language": "en", 
   "lines": [
    "all"
   ]
  }, 
  {
   "begin": "8.520", 
   "end": "8.640", 
   "id": "f000029", 
   "language": "en", 
   "lines": [
    "the"
   ]
  }, 
  {
   "begin": "8.640", 
   "end": "9.160", 
   "id": "f000030", 
   "language": "en", 
   "lines": [
    "vegetable"
   ]
  }, 
  {
   "begin": "9.160", 
   "end": "9.600", 
   "id": "f000031", 
   "language": "en", 
   "lines": [
    "sellers"
   ]
  }, 
  {
   "begin": "9.600", 
   "end": "9.760", 
   "id": "f000032", 
   "language": "en", 
   "lines": [
    "were"
   ]
  }, 
  {
   "begin": "9.760", 
   "end": "10.120", 
   "id": "f000033", 
   "language": "en", 
   "lines": [
    "selling"
   ]
  }, 
  {
   "begin": "10.120", 
   "end": "10.360", 
   "id": "f000034", 
   "language": "en", 
   "lines": [
    "their"
   ]
  }, 
  {
   "begin": "10.360", 
   "end": "11.360", 
   "id": "f000035", 
   "language": "en", 
   "lines": [
    "vegetables"
   ]
  }, 
  {
   "begin": "11.360", 
   "end": "11.800", 
   "id": "f000036", 
   "language": "en", 
   "lines": [
    "without"
   ]
  }, 
  {
   "begin": "11.800", 
   "end": "12.040", 
   "id": "f000037", 
   "language": "en", 
   "lines": [
    "being"
   ]
  }, 
  {
   "begin": "12.040", 
   "end": "12.440", 
   "id": "f000038", 
   "language": "en", 
   "lines": [
    "bothered"
   ]
  }, 
  {
   "begin": "12.440", 
   "end": "12.600", 
   "id": "f000039", 
   "language": "en", 
   "lines": [
    "by"
   ]
  }, 
  {
   "begin": "12.600", 
   "end": "12.920", 
   "id": "f000040", 
   "language": "en", 
   "lines": [
    "the"
   ]
  }, 
  {
   "begin": "12.920", 
   "end": "13.240", 
   "id": "f000041", 
   "language": "en", 
   "lines": [
    "usual"
   ]
  }, 
  {
   "begin": "13.240", 
   "end": "13.520", 
   "id": "f000042", 
   "language": "en", 
   "lines": [
    "gang"
   ]
  }, 
  {
   "begin": "13.520", 
   "end": "13.720", 
   "id": "f000043", 
   "language": "en", 
   "lines": [
    "of"
   ]
  }, 
  {
   "begin": "13.720", 
   "end": "14.120", 
   "id": "f000044", 
   "language": "en", 
   "lines": [
    "boys.\n\n"
   ]
  }, 
  {
   "begin": "14.120", 
   "end": "14.760", 
   "id": "f000045", 
   "language": "en", 
   "lines": [
    ""
   ]
  }, 
  {
   "begin": "14.760", 
   "end": "14.760", 
   "id": "f000046", 
   "language": "en", 
   "lines": [
    ""
   ]
  }, 
  {
   "begin": "14.760", 
   "end": "15.320", 
   "id": "f000047", 
   "language": "en", 
   "lines": [
    "Finally,"
   ]
  }, 
  {
   "begin": "15.320", 
   "end": "15.880", 
   "id": "f000048", 
   "language": "en", 
   "lines": [
    "she"
   ]
  }, 
  {
   "begin": "15.880", 
   "end": "16.120", 
   "id": "f000049", 
   "language": "en", 
   "lines": [
    "walked"
   ]
  }, 
  {
   "begin": "16.120", 
   "end": "16.360", 
   "id": "f000050", 
   "language": "en", 
   "lines": [
    "down"
   ]
  }, 
  {
   "begin": "16.360", 
   "end": "16.520", 
   "id": "f000051", 
   "language": "en", 
   "lines": [
    "the"
   ]
  }, 
  {
   "begin": "16.520", 
   "end": "17.120", 
   "id": "f000052", 
   "language": "en", 
   "lines": [
    "lane"
   ]
  }, 
  {
   "begin": "17.120", 
   "end": "17.280", 
   "id": "f000053", 
   "language": "en", 
   "lines": [
    "and"
   ]
  }, 
  {
   "begin": "17.280", 
   "end": "17.440", 
   "id": "f000054", 
   "language": "en", 
   "lines": [
    "happened"
   ]
  }, 
  {
   "begin": "17.440", 
   "end": "17.800", 
   "id": "f000055", 
   "language": "en", 
   "lines": [
    "to"
   ]
  }, 
  {
   "begin": "17.800", 
   "end": "18.000", 
   "id": "f000056", 
   "language": "en", 
   "lines": [
    "look"
   ]
  }, 
  {
   "begin": "18.000", 
   "end": "18.200", 
   "id": "f000057", 
   "language": "en", 
   "lines": [
    "into"
   ]
  }, 
  {
   "begin": "18.200", 
   "end": "18.360", 
   "id": "f000058", 
   "language": "en", 
   "lines": [
    "the"
   ]
  }, 
  {
   "begin": "18.360", 
   "end": "18.560", 
   "id": "f000059", 
   "language": "en", 
   "lines": [
    "window"
   ]
  }, 
  {
   "begin": "18.560", 
   "end": "18.880", 
   "id": "f000060", 
   "language": "en", 
   "lines": [
    "of"
   ]
  }, 
  {
   "begin": "18.880", 
   "end": "19.000", 
   "id": "f000061", 
   "language": "en", 
   "lines": [
    "the"
   ]
  }, 
  {
   "begin": "19.000", 
   "end": "19.840", 
   "id": "f000062", 
   "language": "en", 
   "lines": [
    "school."
   ]
  }
 ]
}