{
 "fragments": [
  {
   "begin": "0.000", 
   "end": "0.200", 
   "id": "f000001", 
   "language": "en", 
   "lines": [
    "The"
   ]
  }, 
  {
   "begin": "0.200", 
   "end": "0.640", 
   "id": "f000002", 
   "language": "en", 
   "lines": [
    "next"
   ]
  }, 
  {
   "begin": "0.640", 
   "end": "1.440", 
   "id": "f000003", 
   "language": "en", 
   "lines": [
    "morning,"
   ]
  }, 
  {
   "begin": "1.440", 
   "end": "1.920", 
   "id": "f000004", 
   "language": "en", 
   "lines": [
    "Moru's"
   ]
  }, 
  {
   "begin": "1.920", 
   "end": "2.240", 
   "id": "f000005", 
   "language": "en", 
   "lines": [
    "mother"
   ]
  }, 
  {
   "begin": "2.240", 
   "end": "2.440", 
   "id": "f000006", 
   "language": "en", 
   "lines": [
    "woke"
   ]
  }, 
  {
   "begin": "2.440", 
   "end": "2.600", 
   "id": "f000007", 
   "language": "en", 
   "lines": [
    "him"
   ]
  }, 
  {
   "begin": "2.600", 
   "end": "2.760", 
   "id": "f000008", 
   "language": "en", 
   "lines": [
    "up"
   ]
  }, 
  {
   "begin": "2.760", 
   "end": "2.880", 
   "id": "f000009", 
   "language": "en", 
   "lines": [
    "in"
   ]
  }, 
  {
   "begin": "2.880", 
   "end": "3.280", 
   "id": "f000010", 
   "language": "en", 
   "lines": [
    "time"
   ]
  }, 
  {
   "begin": "3.280", 
   "end": "3.400", 
   "id": "f000011", 
   "language": "en", 
   "lines": [
    "for"
   ]
  }, 
  {
   "begin": "3.400", 
   "end": "3.840", 
   "id": "f000012", 
   "language": "en", 
   "lines": [
    "school."
   ]
  }, 
  {
   "begin": "3.840", 
   "end": "4.320", 
   "id": "f000013", 
   "language": "en", 
   "lines": [
    "But"
   ]
  }, 
  {
   "begin": "4.320", 
   "end": "4.760", 
   "id": "f000014", 
   "language": "en", 
   "lines": [
    "Moru"
   ]
  }, 
  {
   "begin": "4.760", 
   "end": "4.960", 
   "id": "f000015", 
   "language": "en", 
   "lines": [
    "would"
   ]
  }, 
  {
   "begin": "4.960", 
   "end": "5.280", 
   "id": "f000016", 
   "language": "en", 
   "lines": [
    "not"
   ]
  }, 
  {
   "begin": "5.280", 
   "end": "5.520", 
   "id": "f000017", 
   "language": "en", 
   "lines": [
    "get"
   ]
  }, 
  {
   "begin": "5.520", 
   "end": "6.280", 
   "id": "f000018", 
   "language": "en", 
   "lines": [
    "up."
   ]
  }, 
  {
   "begin": "6.280", 
   "end": "6.400", 
   "id": "f000019", 
   "language": "en", 
   "lines": [
    "He"
   ]
  }, 
  {
   "begin": "6.400", 
   "end": "6.840", 
   "id": "f000020", 
   "language": "en", 
   "lines": [
    "lay"
   ]
  }, 
  {
   "begin": "6.840", 
   "end": "6.920", 
   "id": "f000021", 
   "language": "en", 
   "lines": [
    "on"
   ]
  }, 
  {
   "begin": "6.920", 
   "end": "6.960", 
   "id": "f000022", 
   "language": "en", 
   "lines": [
    "the"
   ]
  }, 
  {
   "begin": "6.960", 
   "end": "7.320", 
   "id": "f000023", 
   "language": "en", 
   "lines": [
    "narrow"
   ]
  }, 
  {
   "begin": "7.320", 
   "end": "7.840", 
   "id": "f000024", 
   "language": "en", 
   "lines": [
    "bed"
   ]
  }, 
  {
   "begin": "7.840", 
   "end": "7.960", 
   "id": "f000025", 
   "language": "en", 
   "lines": [
    "with"
   ]
  }, 
  {
   "begin": "7.960", 
   "end": "8.240", 
   "id": "f000026", 
   "language": "en", 
   "lines": [
    "his"
   ]
  }, 
  {
   "begin": "8.240", 
   "end": "8.600", 
   "id": "f000027", 
   "language": "en", 
   "lines": [
    "eyes"
   ]
  }, 
  {
   "begin": "8.600", 
   "end": "9.120", 
   "id": "f000028", 
   "language": "en", 
   "lines": [
    "tightly"
   ]
  }, 
  {
   "begin": "9.120", 
   "end": "10.360", 
   "id": "f000029", 
   "language": "en", 
   "lines": [
    "shut.&nbsp;\n\n"
   ]
  }, 
  {
   "begin": "10.360", 
   "end": "10.360", 
   "id": "f000030", 
   "language": "en", 
   "lines": [
    ""
   ]
  }, 
  {
   "begin": "10.360", 
   "end": "10.600", 
   "id": "f000031", 
   "language": "en", 
   "lines": [
    "Next"
   ]
  }, 
  {
   "begin": "10.600", 
   "end": "10.960", 
   "id": "f000032", 
   "language": "en", 
   "lines": [
    "day"
   ]
  }, 
  {
   "begin": "10.960", 
   "end": "11.120", 
   "id": "f000033", 
   "language": "en", 
   "lines": [
    "it"
   ]
  }, 
  {
   "begin": "11.120", 
   "end": "11.320", 
   "id": "f000034", 
   "language": "en", 
   "lines": [
    "was"
   ]
  }, 
  {
   "begin": "11.320", 
   "end": "11.320", 
   "id": "f000035", 
   "language": "en", 
   "lines": [
    "the"
   ]
  }, 
  {
   "begin": "11.320", 
   "end": "11.800", 
   "id": "f000036", 
   "language": "en", 
   "lines": [
    "same"
   ]
  }, 
  {
   "begin": "11.800", 
   "end": "12.800", 
   "id": "f000037", 
   "language": "en", 
   "lines": [
    "story,"
   ]
  }, 
  {
   "begin": "12.800", 
   "end": "12.960", 
   "id": "f000038", 
   "language": "en", 
   "lines": [
    "and"
   ]
  }, 
  {
   "begin": "12.960", 
   "end": "13.120", 
   "id": "f000039", 
   "language": "en", 
   "lines": [
    "the"
   ]
  }, 
  {
   "begin": "13.120", 
   "end": "13.560", 
   "id": "f000040", 
   "language": "en", 
   "lines": [
    "next"
   ]
  }, 
  {
   "begin": "13.560", 
   "end": "13.880", 
   "id": "f000041", 
   "language": "en", 
   "lines": [
    "day"
   ]
  }, 
  {
   "begin": "13.880", 
   "end": "14.040", 
   "id": "f000042", 
   "language": "en", 
   "lines": [
    "and"
   ]
  }, 
  {
   "begin": "14.040", 
   "end": "14.200", 
   "id": "f000043", 
   "language": "en", 
   "lines": [
    "the"
   ]
  }, 
  {
   "begin": "14.200", 
   "end": "15.080", 
   "id": "f000044", 
   "language": "en", 
   "lines": [
    "next."
   ]
  }, 
  {
   "begin": "15.080", 
   "end": "15.400", 
   "id": "f000045", 
   "language": "en", 
   "lines": [
    "No"
   ]
  }, 
  {
   "begin": "15.400", 
   "end": "15.640", 
   "id": "f000046", 
   "language": "en", 
   "lines": [
    "one"
   ]
  }, 
  {
   "begin": "15.640", 
   "end": "15.760", 
   "id": "f000047", 
   "language": "en", 
   "lines": [
    "could"
   ]
  }, 
  {
   "begin": "15.760", 
   "end": "16.440", 
   "id": "f000048", 
   "language": "en", 
   "lines": [
    "persuade"
   ]
  }, 
  {
   "begin": "16.440", 
   "end": "16.760", 
   "id": "f000049", 
   "language": "en", 
   "lines": [
    "Moru"
   ]
  }, 
  {
   "begin": "16.760", 
   "end": "16.920", 
   "id": "f000050", 
   "language": "en", 
   "lines": [
    "to"
   ]
  }, 
  {
   "begin": "16.920", 
   "end": "17.120", 
   "id": "f000051", 
   "language": "en", 
   "lines": [
    "go"
   ]
  }, 
  {
   "begin": "17.120", 
   "end": "17.320", 
   "id": "f000052", 
   "language": "en", 
   "lines": [
    "back"
   ]
  }, 
  {
   "begin": "17.320", 
   "end": "17.520", 
   "id": "f000053", 
   "language": "en", 
   "lines": [
    "to"
   ]
  }, 
  {
   "begin": "17.520", 
   "end": "18.360", 
   "id": "f000054", 
   "language": "en", 
   "lines": [
    "school."
   ]
  }, 
  {
   "begin": "18.360", 
   "end": "18.640", 
   "id": "f000055", 
   "language": "en", 
   "lines": [
    "One"
   ]
  }, 
  {
   "begin": "18.640", 
   "end": "18.840", 
   "id": "f000056", 
   "language": "en", 
   "lines": [
    "week"
   ]
  }, 
  {
   "begin": "18.840", 
   "end": "19.840", 
   "id": "f000057", 
   "language": "en", 
   "lines": [
    "passed"
   ]
  }, 
  {
   "begin": "19.840", 
   "end": "19.960", 
   "id": "f000058", 
   "language": "en", 
   "lines": [
    "and"
   ]
  }, 
  {
   "begin": "19.960", 
   "end": "20.400", 
   "id": "f000059", 
   "language": "en", 
   "lines": [
    "then"
   ]
  }, 
  {
   "begin": "20.400", 
   "end": "21.400", 
   "id": "f000060", 
   "language": "en", 
   "lines": [
    "one"
   ]
  }, 
  {
   "begin": "21.400", 
   "end": "21.920", 
   "id": "f000061", 
   "language": "en", 
   "lines": [
    "month."
   ]
  }, 
  {
   "begin": "21.920", 
   "end": "21.960", 
   "id": "f000062", 
   "language": "en", 
   "lines": [
    "Moru"
   ]
  }, 
  {
   "begin": "21.960", 
   "end": "22.120", 
   "id": "f000063", 
   "language": "en", 
   "lines": [
    "sat"
   ]
  }, 
  {
   "begin": "22.120", 
   "end": "22.120", 
   "id": "f000064", 
   "language": "en", 
   "lines": [
    "on"
   ]
  }, 
  {
   "begin": "22.120", 
   "end": "22.240", 
   "id": "f000065", 
   "language": "en", 
   "lines": [
    "the"
   ]
  }, 
  {
   "begin": "22.240", 
   "end": "22.520", 
   "id": "f000066", 
   "language": "en", 
   "lines": [
    "wall"
   ]
  }, 
  {
   "begin": "22.520", 
   "end": "22.640", 
   "id": "f000067", 
   "language": "en", 
   "lines": [
    "in"
   ]
  }, 
  {
   "begin": "22.640", 
   "end": "22.960", 
   "id": "f000068", 
   "language": "en", 
   "lines": [
    "front"
   ]
  }, 
  {
   "begin": "22.960", 
   "end": "23.080", 
   "id": "f000069", 
   "language": "en", 
   "lines": [
    "of"
   ]
  }, 
  {
   "begin": "23.080", 
   "end": "23.320", 
   "id": "f000070", 
   "language": "en", 
   "lines": [
    "his"
   ]
  }, 
  {
   "begin": "23.320", 
   "end": "23.920", 
   "id": "f000071", 
   "language": "en", 
   "lines": [
    "house."
   ]
  }
 ]
}