{
 "fragments": [
  {
   "begin": "0.000", 
   "end": "0.320", 
   "id": "f000001", 
   "language": "en", 
   "lines": [
    "When"
   ]
  }, 
  {
   "begin": "0.320", 
   "end": "0.520", 
   "id": "f000002", 
   "language": "en", 
   "lines": [
    "he"
   ]
  }, 
  {
   "begin": "0.520", 
   "end": "0.920", 
   "id": "f000003", 
   "language": "en", 
   "lines": [
    "was"
   ]
  }, 
  {
   "begin": "0.920", 
   "end": "1.200", 
   "id": "f000004", 
   "language": "en", 
   "lines": [
    "tired,"
   ]
  }, 
  {
   "begin": "1.200", 
   "end": "1.200", 
   "id": "f000005", 
   "language": "en", 
   "lines": [
    "he"
   ]
  }, 
  {
   "begin": "1.200", 
   "end": "1.520", 
   "id": "f000006", 
   "language": "en", 
   "lines": [
    "saw"
   ]
  }, 
  {
   "begin": "1.520", 
   "end": "2.880", 
   "id": "f000007", 
   "language": "en", 
   "lines": [
    "himself"
   ]
  }, 
  {
   "begin": "2.880", 
   "end": "3.520", 
   "id": "f000008", 
   "language": "en", 
   "lines": [
    "sliding"
   ]
  }, 
  {
   "begin": "3.520", 
   "end": "3.760", 
   "id": "f000009", 
   "language": "en", 
   "lines": [
    "down"
   ]
  }, 
  {
   "begin": "3.760", 
   "end": "3.920", 
   "id": "f000010", 
   "language": "en", 
   "lines": [
    "the"
   ]
  }, 
  {
   "begin": "3.920", 
   "end": "4.840", 
   "id": "f000011", 
   "language": "en", 
   "lines": [
    "banister"
   ]
  }, 
  {
   "begin": "4.840", 
   "end": "4.960", 
   "id": "f000012", 
   "language": "en", 
   "lines": [
    "with"
   ]
  }, 
  {
   "begin": "4.960", 
   "end": "5.000", 
   "id": "f000013", 
   "language": "en", 
   "lines": [
    "the"
   ]
  }, 
  {
   "begin": "5.000", 
   "end": "5.720", 
   "id": "f000014", 
   "language": "en", 
   "lines": [
    "numbers"
   ]
  }, 
  {
   "begin": "5.720", 
   "end": "6.240", 
   "id": "f000015", 
   "language": "en", 
   "lines": [
    "waving"
   ]
  }, 
  {
   "begin": "6.240", 
   "end": "6.320", 
   "id": "f000016", 
   "language": "en", 
   "lines": [
    "at"
   ]
  }, 
  {
   "begin": "6.320", 
   "end": "6.920", 
   "id": "f000017", 
   "language": "en", 
   "lines": [
    "him.&nbsp;\n\n"
   ]
  }, 
  {
   "begin": "6.920", 
   "end": "6.920", 
   "id": "f000018", 
   "language": "en", 
   "lines": [
    ""
   ]
  }, 
  {
   "begin": "6.920", 
   "end": "6.920", 
   "id": "f000019", 
   "language": "en", 
   "lines": [
    ""
   ]
  }, 
  {
   "begin": "6.920", 
   "end": "7.480", 
   "id": "f000020", 
   "language": "en", 
   "lines": [
    "Unlike"
   ]
  }, 
  {
   "begin": "7.480", 
   "end": "7.920", 
   "id": "f000021", 
   "language": "en", 
   "lines": [
    "rice"
   ]
  }, 
  {
   "begin": "7.920", 
   "end": "8.120", 
   "id": "f000022", 
   "language": "en", 
   "lines": [
    "at"
   ]
  }, 
  {
   "begin": "8.120", 
   "end": "8.760", 
   "id": "f000023", 
   "language": "en", 
   "lines": [
    "lunchtime,"
   ]
  }, 
  {
   "begin": "8.760", 
   "end": "9.160", 
   "id": "f000024", 
   "language": "en", 
   "lines": [
    "which"
   ]
  }, 
  {
   "begin": "9.160", 
   "end": "9.680", 
   "id": "f000025", 
   "language": "en", 
   "lines": [
    "often"
   ]
  }, 
  {
   "begin": "9.680", 
   "end": "10.160", 
   "id": "f000026", 
   "language": "en", 
   "lines": [
    "finished"
   ]
  }, 
  {
   "begin": "10.160", 
   "end": "10.680", 
   "id": "f000027", 
   "language": "en", 
   "lines": [
    "before"
   ]
  }, 
  {
   "begin": "10.680", 
   "end": "11.080", 
   "id": "f000028", 
   "language": "en", 
   "lines": [
    "anyone"
   ]
  }, 
  {
   "begin": "11.080", 
   "end": "11.360", 
   "id": "f000029", 
   "language": "en", 
   "lines": [
    "was"
   ]
  }, 
  {
   "begin": "11.360", 
   "end": "11.560", 
   "id": "f000030", 
   "language": "en", 
   "lines": [
    "even"
   ]
  }, 
  {
   "begin": "11.560", 
   "end": "11.880", 
   "id": "f000031", 
   "language": "en", 
   "lines": [
    "half"
   ]
  }, 
  {
   "begin": "11.880", 
   "end": "12.640", 
   "id": "f000032", 
   "language": "en", 
   "lines": [
    "full,"
   ]
  }, 
  {
   "begin": "12.640", 
   "end": "13.080", 
   "id": "f000033", 
   "language": "en", 
   "lines": [
    "unlike"
   ]
  }, 
  {
   "begin": "13.080", 
   "end": "13.640", 
   "id": "f000034", 
   "language": "en", 
   "lines": [
    "friends"
   ]
  }, 
  {
   "begin": "13.640", 
   "end": "13.680", 
   "id": "f000035", 
   "language": "en", 
   "lines": [
    "who"
   ]
  }, 
  {
   "begin": "13.680", 
   "end": "13.800", 
   "id": "f000036", 
   "language": "en", 
   "lines": [
    "had"
   ]
  }, 
  {
   "begin": "13.800", 
   "end": "13.880", 
   "id": "f000037", 
   "language": "en", 
   "lines": [
    "to"
   ]
  }, 
  {
   "begin": "13.880", 
   "end": "14.040", 
   "id": "f000038", 
   "language": "en", 
   "lines": [
    "go"
   ]
  }, 
  {
   "begin": "14.040", 
   "end": "14.600", 
   "id": "f000039", 
   "language": "en", 
   "lines": [
    "home"
   ]
  }, 
  {
   "begin": "14.600", 
   "end": "15.000", 
   "id": "f000040", 
   "language": "en", 
   "lines": [
    "just"
   ]
  }, 
  {
   "begin": "15.000", 
   "end": "15.200", 
   "id": "f000041", 
   "language": "en", 
   "lines": [
    "as"
   ]
  }, 
  {
   "begin": "15.200", 
   "end": "15.400", 
   "id": "f000042", 
   "language": "en", 
   "lines": [
    "soon"
   ]
  }, 
  {
   "begin": "15.400", 
   "end": "15.600", 
   "id": "f000043", 
   "language": "en", 
   "lines": [
    "as"
   ]
  }, 
  {
   "begin": "15.600", 
   "end": "15.800", 
   "id": "f000044", 
   "language": "en", 
   "lines": [
    "the"
   ]
  }, 
  {
   "begin": "15.800", 
   "end": "16.000", 
   "id": "f000045", 
   "language": "en", 
   "lines": [
    "game"
   ]
  }, 
  {
   "begin": "16.000", 
   "end": "16.280", 
   "id": "f000046", 
   "language": "en", 
   "lines": [
    "was"
   ]
  }, 
  {
   "begin": "16.280", 
   "end": "16.600", 
   "id": "f000047", 
   "language": "en", 
   "lines": [
    "starting"
   ]
  }, 
  {
   "begin": "16.600", 
   "end": "16.680", 
   "id": "f000048", 
   "language": "en", 
   "lines": [
    "to"
   ]
  }, 
  {
   "begin": "16.680", 
   "end": "17.000", 
   "id": "f000049", 
   "language": "en", 
   "lines": [
    "be"
   ]
  }, 
  {
   "begin": "17.000", 
   "end": "17.480", 
   "id": "f000050", 
   "language": "en", 
   "lines": [
    "fun,"
   ]
  }, 
  {
   "begin": "17.480", 
   "end": "18.040", 
   "id": "f000051", 
   "language": "en", 
   "lines": [
    "numbers"
   ]
  }, 
  {
   "begin": "18.040", 
   "end": "18.320", 
   "id": "f000052", 
   "language": "en", 
   "lines": [
    "were"
   ]
  }, 
  {
   "begin": "18.320", 
   "end": "18.840", 
   "id": "f000053", 
   "language": "en", 
   "lines": [
    "always"
   ]
  }, 
  {
   "begin": "18.840", 
   "end": "19.480", 
   "id": "f000054", 
   "language": "en", 
   "lines": [
    "there."
   ]
  }, 
  {
   "begin": "19.480", 
   "end": "20.200", 
   "id": "f000055", 
   "language": "en", 
   "lines": [
    "Unending"
   ]
  }, 
  {
   "begin": "20.200", 
   "end": "20.520", 
   "id": "f000056", 
   "language": "en", 
   "lines": [
    "and"
   ]
  }, 
  {
   "begin": "20.520", 
   "end": "21.240", 
   "id": "f000057", 
   "language": "en", 
   "lines": [
    "infinitely"
   ]
  }, 
  {
   "begin": "21.240", 
   "end": "21.800", 
   "id": "f000058", 
   "language": "en", 
   "lines": [
    "fun,"
   ]
  }, 
  {
   "begin": "21.800", 
   "end": "22.280", 
   "id": "f000059", 
   "language": "en", 
   "lines": [
    "to"
   ]
  }, 
  {
   "begin": "22.280", 
   "end": "22.440", 
   "id": "f000060", 
   "language": "en", 
   "lines": [
    "be"
   ]
  }, 
  {
   "begin": "22.440", 
   "end": "23.200", 
   "id": "f000061", 
   "language": "en", 
   "lines": [
    "juggled,"
   ]
  }, 
  {
   "begin": "23.200", 
   "end": "24.120", 
   "id": "f000062", 
   "language": "en", 
   "lines": [
    "sorted,"
   ]
  }, 
  {
   "begin": "24.120", 
   "end": "24.960", 
   "id": "f000063", 
   "language": "en", 
   "lines": [
    "matched,"
   ]
  }, 
  {
   "begin": "24.960", 
   "end": "25.920", 
   "id": "f000064", 
   "language": "en", 
   "lines": [
    "shared,"
   ]
  }, 
  {
   "begin": "25.920", 
   "end": "26.240", 
   "id": "f000065", 
   "language": "en", 
   "lines": [
    "laid"
   ]
  }, 
  {
   "begin": "26.240", 
   "end": "26.400", 
   "id": "f000066", 
   "language": "en", 
   "lines": [
    "out"
   ]
  }, 
  {
   "begin": "26.400", 
   "end": "26.440", 
   "id": "f000067", 
   "language": "en", 
   "lines": [
    "in"
   ]
  }, 
  {
   "begin": "26.440", 
   "end": "26.640", 
   "id": "f000068", 
   "language": "en", 
   "lines": [
    "a"
   ]
  }, 
  {
   "begin": "26.640", 
   "end": "27.000", 
   "id": "f000069", 
   "language": "en", 
   "lines": [
    "row,"
   ]
  }, 
  {
   "begin": "27.000", 
   "end": "27.800", 
   "id": "f000070", 
   "language": "en", 
   "lines": [
    "thrown"
   ]
  }, 
  {
   "begin": "27.800", 
   "end": "28.120", 
   "id": "f000071", 
   "language": "en", 
   "lines": [
    "away,"
   ]
  }, 
  {
   "begin": "28.120", 
   "end": "28.560", 
   "id": "f000072", 
   "language": "en", 
   "lines": [
    "put"
   ]
  }, 
  {
   "begin": "28.560", 
   "end": "29.520", 
   "id": "f000073", 
   "language": "en", 
   "lines": [
    "together"
   ]
  }, 
  {
   "begin": "29.520", 
   "end": "29.840", 
   "id": "f000074", 
   "language": "en", 
   "lines": [
    "and"
   ]
  }, 
  {
   "begin": "29.840", 
   "end": "30.280", 
   "id": "f000075", 
   "language": "en", 
   "lines": [
    "taken"
   ]
  }, 
  {
   "begin": "30.280", 
   "end": "30.920", 
   "id": "f000076", 
   "language": "en", 
   "lines": [
    "apart."
   ]
  }
 ]
}