{
 "fragments": [
  {
   "begin": "0.000", 
   "end": "0.480", 
   "id": "f000001", 
   "language": "en", 
   "lines": [
    "Sometimes"
   ]
  }, 
  {
   "begin": "0.480", 
   "end": "1.040", 
   "id": "f000002", 
   "language": "en", 
   "lines": [
    "he"
   ]
  }, 
  {
   "begin": "1.040", 
   "end": "1.280", 
   "id": "f000003", 
   "language": "en", 
   "lines": [
    "would"
   ]
  }, 
  {
   "begin": "1.280", 
   "end": "1.920", 
   "id": "f000004", 
   "language": "en", 
   "lines": [
    "disappear"
   ]
  }, 
  {
   "begin": "1.920", 
   "end": "2.160", 
   "id": "f000005", 
   "language": "en", 
   "lines": [
    "into"
   ]
  }, 
  {
   "begin": "2.160", 
   "end": "2.320", 
   "id": "f000006", 
   "language": "en", 
   "lines": [
    "the"
   ]
  }, 
  {
   "begin": "2.320", 
   "end": "2.720", 
   "id": "f000007", 
   "language": "en", 
   "lines": [
    "market"
   ]
  }, 
  {
   "begin": "2.720", 
   "end": "2.960", 
   "id": "f000008", 
   "language": "en", 
   "lines": [
    "for"
   ]
  }, 
  {
   "begin": "2.960", 
   "end": "4.080", 
   "id": "f000009", 
   "language": "en", 
   "lines": [
    "hours."
   ]
  }, 
  {
   "begin": "4.080", 
   "end": "4.160", 
   "id": "f000010", 
   "language": "en", 
   "lines": [
    "He"
   ]
  }, 
  {
   "begin": "4.160", 
   "end": "4.280", 
   "id": "f000011", 
   "language": "en", 
   "lines": [
    "would"
   ]
  }, 
  {
   "begin": "4.280", 
   "end": "4.600", 
   "id": "f000012", 
   "language": "en", 
   "lines": [
    "try"
   ]
  }, 
  {
   "begin": "4.600", 
   "end": "4.600", 
   "id": "f000013", 
   "language": "en", 
   "lines": [
    "to"
   ]
  }, 
  {
   "begin": "4.600", 
   "end": "5.080", 
   "id": "f000014", 
   "language": "en", 
   "lines": [
    "fly"
   ]
  }, 
  {
   "begin": "5.080", 
   "end": "5.240", 
   "id": "f000015", 
   "language": "en", 
   "lines": [
    "his"
   ]
  }, 
  {
   "begin": "5.240", 
   "end": "5.560", 
   "id": "f000016", 
   "language": "en", 
   "lines": [
    "kite"
   ]
  }, 
  {
   "begin": "5.560", 
   "end": "5.800", 
   "id": "f000017", 
   "language": "en", 
   "lines": [
    "from"
   ]
  }, 
  {
   "begin": "5.800", 
   "end": "5.880", 
   "id": "f000018", 
   "language": "en", 
   "lines": [
    "the"
   ]
  }, 
  {
   "begin": "5.880", 
   "end": "6.360", 
   "id": "f000019", 
   "language": "en", 
   "lines": [
    "terrace"
   ]
  }, 
  {
   "begin": "6.360", 
   "end": "6.920", 
   "id": "f000020", 
   "language": "en", 
   "lines": [
    "but"
   ]
  }, 
  {
   "begin": "6.920", 
   "end": "6.960", 
   "id": "f000021", 
   "language": "en", 
   "lines": [
    "it"
   ]
  }, 
  {
   "begin": "6.960", 
   "end": "7.240", 
   "id": "f000022", 
   "language": "en", 
   "lines": [
    "was"
   ]
  }, 
  {
   "begin": "7.240", 
   "end": "7.440", 
   "id": "f000023", 
   "language": "en", 
   "lines": [
    "no"
   ]
  }, 
  {
   "begin": "7.440", 
   "end": "8.040", 
   "id": "f000024", 
   "language": "en", 
   "lines": [
    "fun"
   ]
  }, 
  {
   "begin": "8.040", 
   "end": "8.480", 
   "id": "f000025", 
   "language": "en", 
   "lines": [
    "because"
   ]
  }, 
  {
   "begin": "8.480", 
   "end": "8.600", 
   "id": "f000026", 
   "language": "en", 
   "lines": [
    "the"
   ]
  }, 
  {
   "begin": "8.600", 
   "end": "8.880", 
   "id": "f000027", 
   "language": "en", 
   "lines": [
    "sky"
   ]
  }, 
  {
   "begin": "8.880", 
   "end": "9.160", 
   "id": "f000028", 
   "language": "en", 
   "lines": [
    "was"
   ]
  }, 
  {
   "begin": "9.160", 
   "end": "10.040", 
   "id": "f000029", 
   "language": "en", 
   "lines": [
    "empty.&nbsp;\n\n"
   ]
  }, 
  {
   "begin": "10.040", 
   "end": "10.040", 
   "id": "f000030", 
   "language": "en", 
   "lines": [
    ""
   ]
  }, 
  {
   "begin": "10.040", 
   "end": "10.240", 
   "id": "f000031", 
   "language": "en", 
   "lines": [
    "His"
   ]
  }, 
  {
   "begin": "10.240", 
   "end": "10.520", 
   "id": "f000032", 
   "language": "en", 
   "lines": [
    "mother"
   ]
  }, 
  {
   "begin": "10.520", 
   "end": "11.040", 
   "id": "f000033", 
   "language": "en", 
   "lines": [
    "scolded"
   ]
  }, 
  {
   "begin": "11.040", 
   "end": "11.400", 
   "id": "f000034", 
   "language": "en", 
   "lines": [
    "him,"
   ]
  }, 
  {
   "begin": "11.400", 
   "end": "11.920", 
   "id": "f000035", 
   "language": "en", 
   "lines": [
    "his"
   ]
  }, 
  {
   "begin": "11.920", 
   "end": "12.240", 
   "id": "f000036", 
   "language": "en", 
   "lines": [
    "brother"
   ]
  }, 
  {
   "begin": "12.240", 
   "end": "12.760", 
   "id": "f000037", 
   "language": "en", 
   "lines": [
    "teased"
   ]
  }, 
  {
   "begin": "12.760", 
   "end": "13.000", 
   "id": "f000038", 
   "language": "en", 
   "lines": [
    "him,"
   ]
  }, 
  {
   "begin": "13.000", 
   "end": "13.520", 
   "id": "f000039", 
   "language": "en", 
   "lines": [
    "his"
   ]
  }, 
  {
   "begin": "13.520", 
   "end": "14.200", 
   "id": "f000040", 
   "language": "en", 
   "lines": [
    "grandmother"
   ]
  }, 
  {
   "begin": "14.200", 
   "end": "14.440", 
   "id": "f000041", 
   "language": "en", 
   "lines": [
    "begged"
   ]
  }, 
  {
   "begin": "14.440", 
   "end": "15.320", 
   "id": "f000042", 
   "language": "en", 
   "lines": [
    "him,"
   ]
  }, 
  {
   "begin": "15.320", 
   "end": "15.600", 
   "id": "f000043", 
   "language": "en", 
   "lines": [
    "his"
   ]
  }, 
  {
   "begin": "15.600", 
   "end": "16.040", 
   "id": "f000044", 
   "language": "en", 
   "lines": [
    "uncle"
   ]
  }, 
  {
   "begin": "16.040", 
   "end": "16.360", 
   "id": "f000045", 
   "language": "en", 
   "lines": [
    "bribed"
   ]
  }, 
  {
   "begin": "16.360", 
   "end": "17.120", 
   "id": "f000046", 
   "language": "en", 
   "lines": [
    "him"
   ]
  }, 
  {
   "begin": "17.120", 
   "end": "17.280", 
   "id": "f000047", 
   "language": "en", 
   "lines": [
    "and"
   ]
  }, 
  {
   "begin": "17.280", 
   "end": "17.480", 
   "id": "f000048", 
   "language": "en", 
   "lines": [
    "his"
   ]
  }, 
  {
   "begin": "17.480", 
   "end": "17.840", 
   "id": "f000049", 
   "language": "en", 
   "lines": [
    "friends"
   ]
  }, 
  {
   "begin": "17.840", 
   "end": "18.280", 
   "id": "f000050", 
   "language": "en", 
   "lines": [
    "coaxed"
   ]
  }, 
  {
   "begin": "18.280", 
   "end": "18.960", 
   "id": "f000051", 
   "language": "en", 
   "lines": [
    "him."
   ]
  }, 
  {
   "begin": "18.960", 
   "end": "19.280", 
   "id": "f000052", 
   "language": "en", 
   "lines": [
    "But"
   ]
  }, 
  {
   "begin": "19.280", 
   "end": "19.640", 
   "id": "f000053", 
   "language": "en", 
   "lines": [
    "nobody"
   ]
  }, 
  {
   "begin": "19.640", 
   "end": "19.760", 
   "id": "f000054", 
   "language": "en", 
   "lines": [
    "could"
   ]
  }, 
  {
   "begin": "19.760", 
   "end": "20.520", 
   "id": "f000055", 
   "language": "en", 
   "lines": [
    "persuade"
   ]
  }, 
  {
   "begin": "20.520", 
   "end": "20.720", 
   "id": "f000056", 
   "language": "en", 
   "lines": [
    "him"
   ]
  }, 
  {
   "begin": "20.720", 
   "end": "20.880", 
   "id": "f000057", 
   "language": "en", 
   "lines": [
    "to"
   ]
  }, 
  {
   "begin": "20.880", 
   "end": "21.000", 
   "id": "f000058", 
   "language": "en", 
   "lines": [
    "return"
   ]
  }, 
  {
   "begin": "21.000", 
   "end": "21.400", 
   "id": "f000059", 
   "language": "en", 
   "lines": [
    "to"
   ]
  }, 
  {
   "begin": "21.400", 
   "end": "22.200", 
   "id": "f000060", 
   "language": "en", 
   "lines": [
    "school."
   ]
  }
 ]
}