{
 "fragments": [
  {
   "begin": "0.000", 
   "end": "0.120", 
   "id": "f000001", 
   "language": "en", 
   "lines": [
    "It"
   ]
  }, 
  {
   "begin": "0.120", 
   "end": "0.280", 
   "id": "f000002", 
   "language": "en", 
   "lines": [
    "was"
   ]
  }, 
  {
   "begin": "0.280", 
   "end": "0.640", 
   "id": "f000003", 
   "language": "en", 
   "lines": [
    "dark"
   ]
  }, 
  {
   "begin": "0.640", 
   "end": "1.240", 
   "id": "f000004", 
   "language": "en", 
   "lines": [
    "and"
   ]
  }, 
  {
   "begin": "1.240", 
   "end": "1.480", 
   "id": "f000005", 
   "language": "en", 
   "lines": [
    "the"
   ]
  }, 
  {
   "begin": "1.480", 
   "end": "1.920", 
   "id": "f000006", 
   "language": "en", 
   "lines": [
    "school"
   ]
  }, 
  {
   "begin": "1.920", 
   "end": "2.200", 
   "id": "f000007", 
   "language": "en", 
   "lines": [
    "had"
   ]
  }, 
  {
   "begin": "2.200", 
   "end": "2.440", 
   "id": "f000008", 
   "language": "en", 
   "lines": [
    "no"
   ]
  }, 
  {
   "begin": "2.440", 
   "end": "3.000", 
   "id": "f000009", 
   "language": "en", 
   "lines": [
    "lights."
   ]
  }, 
  {
   "begin": "3.000", 
   "end": "3.800", 
   "id": "f000010", 
   "language": "en", 
   "lines": [
    "\u201cYou"
   ]
  }, 
  {
   "begin": "3.800", 
   "end": "3.800", 
   "id": "f000011", 
   "language": "en", 
   "lines": [
    "have"
   ]
  }, 
  {
   "begin": "3.800", 
   "end": "4.000", 
   "id": "f000012", 
   "language": "en", 
   "lines": [
    "to"
   ]
  }, 
  {
   "begin": "4.000", 
   "end": "4.240", 
   "id": "f000013", 
   "language": "en", 
   "lines": [
    "go"
   ]
  }, 
  {
   "begin": "4.240", 
   "end": "4.560", 
   "id": "f000014", 
   "language": "en", 
   "lines": [
    "home"
   ]
  }, 
  {
   "begin": "4.560", 
   "end": "4.880", 
   "id": "f000015", 
   "language": "en", 
   "lines": [
    "now,"
   ]
  }, 
  {
   "begin": "4.880", 
   "end": "5.760", 
   "id": "f000016", 
   "language": "en", 
   "lines": [
    "Moru,"
   ]
  }, 
  {
   "begin": "5.760", 
   "end": "5.920", 
   "id": "f000017", 
   "language": "en", 
   "lines": [
    "but"
   ]
  }, 
  {
   "begin": "5.920", 
   "end": "6.080", 
   "id": "f000018", 
   "language": "en", 
   "lines": [
    "you"
   ]
  }, 
  {
   "begin": "6.080", 
   "end": "6.320", 
   "id": "f000019", 
   "language": "en", 
   "lines": [
    "can"
   ]
  }, 
  {
   "begin": "6.320", 
   "end": "6.520", 
   "id": "f000020", 
   "language": "en", 
   "lines": [
    "come"
   ]
  }, 
  {
   "begin": "6.520", 
   "end": "6.720", 
   "id": "f000021", 
   "language": "en", 
   "lines": [
    "back"
   ]
  }, 
  {
   "begin": "6.720", 
   "end": "7.960", 
   "id": "f000022", 
   "language": "en", 
   "lines": [
    "tomorrow,\u201d"
   ]
  }, 
  {
   "begin": "7.960", 
   "end": "8.200", 
   "id": "f000023", 
   "language": "en", 
   "lines": [
    "said"
   ]
  }, 
  {
   "begin": "8.200", 
   "end": "8.320", 
   "id": "f000024", 
   "language": "en", 
   "lines": [
    "the"
   ]
  }, 
  {
   "begin": "8.320", 
   "end": "8.840", 
   "id": "f000025", 
   "language": "en", 
   "lines": [
    "teacher."
   ]
  }, 
  {
   "begin": "8.840", 
   "end": "9.480", 
   "id": "f000026", 
   "language": "en", 
   "lines": [
    "\u201cBut"
   ]
  }, 
  {
   "begin": "9.480", 
   "end": "9.520", 
   "id": "f000027", 
   "language": "en", 
   "lines": [
    "can"
   ]
  }, 
  {
   "begin": "9.520", 
   "end": "9.880", 
   "id": "f000028", 
   "language": "en", 
   "lines": [
    "you"
   ]
  }, 
  {
   "begin": "9.880", 
   "end": "10.080", 
   "id": "f000029", 
   "language": "en", 
   "lines": [
    "come"
   ]
  }, 
  {
   "begin": "10.080", 
   "end": "10.200", 
   "id": "f000030", 
   "language": "en", 
   "lines": [
    "when"
   ]
  }, 
  {
   "begin": "10.200", 
   "end": "10.360", 
   "id": "f000031", 
   "language": "en", 
   "lines": [
    "the"
   ]
  }, 
  {
   "begin": "10.360", 
   "end": "10.760", 
   "id": "f000032", 
   "language": "en", 
   "lines": [
    "children"
   ]
  }, 
  {
   "begin": "10.760", 
   "end": "10.960", 
   "id": "f000033", 
   "language": "en", 
   "lines": [
    "are"
   ]
  }, 
  {
   "begin": "10.960", 
   "end": "11.160", 
   "id": "f000034", 
   "language": "en", 
   "lines": [
    "here"
   ]
  }, 
  {
   "begin": "11.160", 
   "end": "12.320", 
   "id": "f000035", 
   "language": "en", 
   "lines": [
    "please?\u201d"
   ]
  }, 
  {
   "begin": "12.320", 
   "end": "12.800", 
   "id": "f000036", 
   "language": "en", 
   "lines": [
    "Next"
   ]
  }, 
  {
   "begin": "12.800", 
   "end": "13.440", 
   "id": "f000037", 
   "language": "en", 
   "lines": [
    "day,"
   ]
  }, 
  {
   "begin": "13.440", 
   "end": "13.720", 
   "id": "f000038", 
   "language": "en", 
   "lines": [
    "soon"
   ]
  }, 
  {
   "begin": "13.720", 
   "end": "13.920", 
   "id": "f000039", 
   "language": "en", 
   "lines": [
    "after"
   ]
  }, 
  {
   "begin": "13.920", 
   "end": "14.440", 
   "id": "f000040", 
   "language": "en", 
   "lines": [
    "school"
   ]
  }, 
  {
   "begin": "14.440", 
   "end": "15.240", 
   "id": "f000041", 
   "language": "en", 
   "lines": [
    "started,"
   ]
  }, 
  {
   "begin": "15.240", 
   "end": "15.560", 
   "id": "f000042", 
   "language": "en", 
   "lines": [
    "Moru"
   ]
  }, 
  {
   "begin": "15.560", 
   "end": "16.680", 
   "id": "f000043", 
   "language": "en", 
   "lines": [
    "came."
   ]
  }, 
  {
   "begin": "16.680", 
   "end": "16.800", 
   "id": "f000044", 
   "language": "en", 
   "lines": [
    "The"
   ]
  }, 
  {
   "begin": "16.800", 
   "end": "17.200", 
   "id": "f000045", 
   "language": "en", 
   "lines": [
    "children"
   ]
  }, 
  {
   "begin": "17.200", 
   "end": "17.360", 
   "id": "f000046", 
   "language": "en", 
   "lines": [
    "were"
   ]
  }, 
  {
   "begin": "17.360", 
   "end": "18.000", 
   "id": "f000047", 
   "language": "en", 
   "lines": [
    "surprised"
   ]
  }, 
  {
   "begin": "18.000", 
   "end": "18.080", 
   "id": "f000048", 
   "language": "en", 
   "lines": [
    "to"
   ]
  }, 
  {
   "begin": "18.080", 
   "end": "18.440", 
   "id": "f000049", 
   "language": "en", 
   "lines": [
    "see"
   ]
  }, 
  {
   "begin": "18.440", 
   "end": "18.880", 
   "id": "f000050", 
   "language": "en", 
   "lines": [
    "him"
   ]
  }, 
  {
   "begin": "18.880", 
   "end": "19.200", 
   "id": "f000051", 
   "language": "en", 
   "lines": [
    "and"
   ]
  }, 
  {
   "begin": "19.200", 
   "end": "19.320", 
   "id": "f000052", 
   "language": "en", 
   "lines": [
    "a"
   ]
  }, 
  {
   "begin": "19.320", 
   "end": "19.680", 
   "id": "f000053", 
   "language": "en", 
   "lines": [
    "little"
   ]
  }, 
  {
   "begin": "19.680", 
   "end": "20.400", 
   "id": "f000054", 
   "language": "en", 
   "lines": [
    "scared.\n\n"
   ]
  }, 
  {
   "begin": "20.400", 
   "end": "20.400", 
   "id": "f000055", 
   "language": "en", 
   "lines": [
    ""
   ]
  }, 
  {
   "begin": "20.400", 
   "end": "20.400", 
   "id": "f000056", 
   "language": "en", 
   "lines": [
    ""
   ]
  }, 
  {
   "begin": "20.400", 
   "end": "20.680", 
   "id": "f000057", 
   "language": "en", 
   "lines": [
    "By"
   ]
  }, 
  {
   "begin": "20.680", 
   "end": "21.320", 
   "id": "f000058", 
   "language": "en", 
   "lines": [
    "now"
   ]
  }, 
  {
   "begin": "21.320", 
   "end": "21.680", 
   "id": "f000059", 
   "language": "en", 
   "lines": [
    "Moru"
   ]
  }, 
  {
   "begin": "21.680", 
   "end": "21.960", 
   "id": "f000060", 
   "language": "en", 
   "lines": [
    "was"
   ]
  }, 
  {
   "begin": "21.960", 
   "end": "22.320", 
   "id": "f000061", 
   "language": "en", 
   "lines": [
    "famous"
   ]
  }, 
  {
   "begin": "22.320", 
   "end": "22.640", 
   "id": "f000062", 
   "language": "en", 
   "lines": [
    "as"
   ]
  }, 
  {
   "begin": "22.640", 
   "end": "22.800", 
   "id": "f000063", 
   "language": "en", 
   "lines": [
    "a"
   ]
  }, 
  {
   "begin": "22.800", 
   "end": "23.040", 
   "id": "f000064", 
   "language": "en", 
   "lines": [
    "\u2018dada\u2019"
   ]
  }, 
  {
   "begin": "23.040", 
   "end": "23.160", 
   "id": "f000065", 
   "language": "en", 
   "lines": [
    "of"
   ]
  }, 
  {
   "begin": "23.160", 
   "end": "23.280", 
   "id": "f000066", 
   "language": "en", 
   "lines": [
    "the"
   ]
  }, 
  {
   "begin": "23.280", 
   "end": "23.640", 
   "id": "f000067", 
   "language": "en", 
   "lines": [
    "neighbourhood."
   ]
  }, 
  {
   "begin": "23.640", 
   "end": "24.640", 
   "id": "f000068", 
   "language": "en", 
   "lines": [
    "\u201cI"
   ]
  }, 
  {
   "begin": "24.640", 
   "end": "25.000", 
   "id": "f000069", 
   "language": "en", 
   "lines": [
    "have"
   ]
  }, 
  {
   "begin": "25.000", 
   "end": "25.400", 
   "id": "f000070", 
   "language": "en", 
   "lines": [
    "someone"
   ]
  }, 
  {
   "begin": "25.400", 
   "end": "25.600", 
   "id": "f000071", 
   "language": "en", 
   "lines": [
    "to"
   ]
  }, 
  {
   "begin": "25.600", 
   "end": "25.840", 
   "id": "f000072", 
   "language": "en", 
   "lines": [
    "help"
   ]
  }, 
  {
   "begin": "25.840", 
   "end": "26.000", 
   "id": "f000073", 
   "language": "en", 
   "lines": [
    "me"
   ]
  }, 
  {
   "begin": "26.000", 
   "end": "26.320", 
   "id": "f000074", 
   "language": "en", 
   "lines": [
    "now,\u201d"
   ]
  }, 
  {
   "begin": "26.320", 
   "end": "27.360", 
   "id": "f000075", 
   "language": "en", 
   "lines": [
    "said"
   ]
  }, 
  {
   "begin": "27.360", 
   "end": "27.520", 
   "id": "f000076", 
   "language": "en", 
   "lines": [
    "the"
   ]
  }, 
  {
   "begin": "27.520", 
   "end": "28.320", 
   "id": "f000077", 
   "language": "en", 
   "lines": [
    "teacher."
   ]
  }, 
  {
   "begin": "28.320", 
   "end": "28.480", 
   "id": "f000078", 
   "language": "en", 
   "lines": [
    "He"
   ]
  }, 
  {
   "begin": "28.480", 
   "end": "28.760", 
   "id": "f000079", 
   "language": "en", 
   "lines": [
    "put"
   ]
  }, 
  {
   "begin": "28.760", 
   "end": "29.160", 
   "id": "f000080", 
   "language": "en", 
   "lines": [
    "Moru"
   ]
  }, 
  {
   "begin": "29.160", 
   "end": "29.240", 
   "id": "f000081", 
   "language": "en", 
   "lines": [
    "with"
   ]
  }, 
  {
   "begin": "29.240", 
   "end": "29.280", 
   "id": "f000082", 
   "language": "en", 
   "lines": [
    "the"
   ]
  }, 
  {
   "begin": "29.280", 
   "end": "29.760", 
   "id": "f000083", 
   "language": "en", 
   "lines": [
    "younger"
   ]
  }, 
  {
   "begin": "29.760", 
   "end": "30.800", 
   "id": "f000084", 
   "language": "en", 
   "lines": [
    "children."
   ]
  }, 
  {
   "begin": "30.800", 
   "end": "31.040", 
   "id": "f000085", 
   "language": "en", 
   "lines": [
    "There"
   ]
  }, 
  {
   "begin": "31.040", 
   "end": "31.240", 
   "id": "f000086", 
   "language": "en", 
   "lines": [
    "were"
   ]
  }, 
  {
   "begin": "31.240", 
   "end": "31.800", 
   "id": "f000087", 
   "language": "en", 
   "lines": [
    "books"
   ]
  }, 
  {
   "begin": "31.800", 
   "end": "31.920", 
   "id": "f000088", 
   "language": "en", 
   "lines": [
    "in"
   ]
  }, 
  {
   "begin": "31.920", 
   "end": "32.160", 
   "id": "f000089", 
   "language": "en", 
   "lines": [
    "which"
   ]
  }, 
  {
   "begin": "32.160", 
   "end": "32.320", 
   "id": "f000090", 
   "language": "en", 
   "lines": [
    "the"
   ]
  }, 
  {
   "begin": "32.320", 
   "end": "32.720", 
   "id": "f000091", 
   "language": "en", 
   "lines": [
    "children"
   ]
  }, 
  {
   "begin": "32.720", 
   "end": "32.840", 
   "id": "f000092", 
   "language": "en", 
   "lines": [
    "were"
   ]
  }, 
  {
   "begin": "32.840", 
   "end": "33.320", 
   "id": "f000093", 
   "language": "en", 
   "lines": [
    "supposed"
   ]
  }, 
  {
   "begin": "33.320", 
   "end": "33.480", 
   "id": "f000094", 
   "language": "en", 
   "lines": [
    "to"
   ]
  }, 
  {
   "begin": "33.480", 
   "end": "33.760", 
   "id": "f000095", 
   "language": "en", 
   "lines": [
    "write.\n\n"
   ]
  }, 
  {
   "begin": "33.760", 
   "end": "33.760", 
   "id": "f000096", 
   "language": "en", 
   "lines": [
    ""
   ]
  }, 
  {
   "begin": "33.760", 
   "end": "34.960", 
   "id": "f000097", 
   "language": "en", 
   "lines": [
    "\u201cPlease,"
   ]
  }, 
  {
   "begin": "34.960", 
   "end": "34.960", 
   "id": "f000098", 
   "language": "en", 
   "lines": [
    "can"
   ]
  }, 
  {
   "begin": "34.960", 
   "end": "35.320", 
   "id": "f000099", 
   "language": "en", 
   "lines": [
    "you"
   ]
  }, 
  {
   "begin": "35.320", 
   "end": "35.840", 
   "id": "f000100", 
   "language": "en", 
   "lines": [
    "help"
   ]
  }, 
  {
   "begin": "35.840", 
   "end": "35.960", 
   "id": "f000101", 
   "language": "en", 
   "lines": [
    "the"
   ]
  }, 
  {
   "begin": "35.960", 
   "end": "36.440", 
   "id": "f000102", 
   "language": "en", 
   "lines": [
    "children"
   ]
  }, 
  {
   "begin": "36.440", 
   "end": "36.840", 
   "id": "f000103", 
   "language": "en", 
   "lines": [
    "arrange"
   ]
  }, 
  {
   "begin": "36.840", 
   "end": "37.160", 
   "id": "f000104", 
   "language": "en", 
   "lines": [
    "these"
   ]
  }, 
  {
   "begin": "37.160", 
   "end": "37.720", 
   "id": "f000105", 
   "language": "en", 
   "lines": [
    "numbers"
   ]
  }, 
  {
   "begin": "37.720", 
   "end": "37.920", 
   "id": "f000106", 
   "language": "en", 
   "lines": [
    "in"
   ]
  }, 
  {
   "begin": "37.920", 
   "end": "38.520", 
   "id": "f000107", 
   "language": "en", 
   "lines": [
    "ascending"
   ]
  }, 
  {
   "begin": "38.520", 
   "end": "38.720", 
   "id": "f000108", 
   "language": "en", 
   "lines": [
    "and"
   ]
  }, 
  {
   "begin": "38.720", 
   "end": "39.280", 
   "id": "f000109", 
   "language": "en", 
   "lines": [
    "descending"
   ]
  }, 
  {
   "begin": "39.280", 
   "end": "39.400", 
   "id": "f000110", 
   "language": "en", 
   "lines": [
    "order?\u201d"
   ]
  }, 
  {
   "begin": "39.400", 
   "end": "40.200", 
   "id": "f000111", 
   "language": "en", 
   "lines": [
    "The"
   ]
  }, 
  {
   "begin": "40.200", 
   "end": "40.600", 
   "id": "f000112", 
   "language": "en", 
   "lines": [
    "little"
   ]
  }, 
  {
   "begin": "40.600", 
   "end": "41.080", 
   "id": "f000113", 
   "language": "en", 
   "lines": [
    "kids"
   ]
  }, 
  {
   "begin": "41.080", 
   "end": "41.480", 
   "id": "f000114", 
   "language": "en", 
   "lines": [
    "scrambled"
   ]
  }, 
  {
   "begin": "41.480", 
   "end": "41.880", 
   "id": "f000115", 
   "language": "en", 
   "lines": [
    "around"
   ]
  }, 
  {
   "begin": "41.880", 
   "end": "42.680", 
   "id": "f000116", 
   "language": "en", 
   "lines": [
    "Moru;"
   ]
  }, 
  {
   "begin": "42.680", 
   "end": "42.720", 
   "id": "f000117", 
   "language": "en", 
   "lines": [
    "they"
   ]
  }, 
  {
   "begin": "42.720", 
   "end": "43.200", 
   "id": "f000118", 
   "language": "en", 
   "lines": [
    "were"
   ]
  }, 
  {
   "begin": "43.200", 
   "end": "43.600", 
   "id": "f000119", 
   "language": "en", 
   "lines": [
    "amazed"
   ]
  }, 
  {
   "begin": "43.600", 
   "end": "43.920", 
   "id": "f000120", 
   "language": "en", 
   "lines": [
    "that"
   ]
  }, 
  {
   "begin": "43.920", 
   "end": "44.120", 
   "id": "f000121", 
   "language": "en", 
   "lines": [
    "a"
   ]
  }, 
  {
   "begin": "44.120", 
   "end": "44.360", 
   "id": "f000122", 
   "language": "en", 
   "lines": [
    "tough"
   ]
  }, 
  {
   "begin": "44.360", 
   "end": "44.720", 
   "id": "f000123", 
   "language": "en", 
   "lines": [
    "fellow"
   ]
  }, 
  {
   "begin": "44.720", 
   "end": "45.000", 
   "id": "f000124", 
   "language": "en", 
   "lines": [
    "like"
   ]
  }, 
  {
   "begin": "45.000", 
   "end": "45.400", 
   "id": "f000125", 
   "language": "en", 
   "lines": [
    "Moru"
   ]
  }, 
  {
   "begin": "45.400", 
   "end": "45.720", 
   "id": "f000126", 
   "language": "en", 
   "lines": [
    "knew"
   ]
  }, 
  {
   "begin": "45.720", 
   "end": "46.000", 
   "id": "f000127", 
   "language": "en", 
   "lines": [
    "so"
   ]
  }, 
  {
   "begin": "46.000", 
   "end": "46.680", 
   "id": "f000128", 
   "language": "en", 
   "lines": [
    "much."
   ]
  }
 ]
}