{
 "fragments": [
  {
   "begin": "0.000", 
   "end": "0.200", 
   "id": "f000001", 
   "language": "en", 
   "lines": [
    "He"
   ]
  }, 
  {
   "begin": "0.200", 
   "end": "0.480", 
   "id": "f000002", 
   "language": "en", 
   "lines": [
    "would"
   ]
  }, 
  {
   "begin": "0.480", 
   "end": "0.680", 
   "id": "f000003", 
   "language": "en", 
   "lines": [
    "go"
   ]
  }, 
  {
   "begin": "0.680", 
   "end": "0.800", 
   "id": "f000004", 
   "language": "en", 
   "lines": [
    "to"
   ]
  }, 
  {
   "begin": "0.800", 
   "end": "0.960", 
   "id": "f000005", 
   "language": "en", 
   "lines": [
    "the"
   ]
  }, 
  {
   "begin": "0.960", 
   "end": "1.480", 
   "id": "f000006", 
   "language": "en", 
   "lines": [
    "market"
   ]
  }, 
  {
   "begin": "1.480", 
   "end": "1.520", 
   "id": "f000007", 
   "language": "en", 
   "lines": [
    "and"
   ]
  }, 
  {
   "begin": "1.520", 
   "end": "1.640", 
   "id": "f000008", 
   "language": "en", 
   "lines": [
    "give"
   ]
  }, 
  {
   "begin": "1.640", 
   "end": "1.840", 
   "id": "f000009", 
   "language": "en", 
   "lines": [
    "the"
   ]
  }, 
  {
   "begin": "1.840", 
   "end": "2.320", 
   "id": "f000010", 
   "language": "en", 
   "lines": [
    "vegetable"
   ]
  }, 
  {
   "begin": "2.320", 
   "end": "2.840", 
   "id": "f000011", 
   "language": "en", 
   "lines": [
    "sellers"
   ]
  }, 
  {
   "begin": "2.840", 
   "end": "2.880", 
   "id": "f000012", 
   "language": "en", 
   "lines": [
    "a"
   ]
  }, 
  {
   "begin": "2.880", 
   "end": "3.280", 
   "id": "f000013", 
   "language": "en", 
   "lines": [
    "hard"
   ]
  }, 
  {
   "begin": "3.280", 
   "end": "4.240", 
   "id": "f000014", 
   "language": "en", 
   "lines": [
    "time."
   ]
  }, 
  {
   "begin": "4.240", 
   "end": "4.320", 
   "id": "f000015", 
   "language": "en", 
   "lines": [
    "He"
   ]
  }, 
  {
   "begin": "4.320", 
   "end": "4.560", 
   "id": "f000016", 
   "language": "en", 
   "lines": [
    "would"
   ]
  }, 
  {
   "begin": "4.560", 
   "end": "4.920", 
   "id": "f000017", 
   "language": "en", 
   "lines": [
    "gang"
   ]
  }, 
  {
   "begin": "4.920", 
   "end": "5.040", 
   "id": "f000018", 
   "language": "en", 
   "lines": [
    "up"
   ]
  }, 
  {
   "begin": "5.040", 
   "end": "5.320", 
   "id": "f000019", 
   "language": "en", 
   "lines": [
    "with"
   ]
  }, 
  {
   "begin": "5.320", 
   "end": "5.560", 
   "id": "f000020", 
   "language": "en", 
   "lines": [
    "other"
   ]
  }, 
  {
   "begin": "5.560", 
   "end": "5.960", 
   "id": "f000021", 
   "language": "en", 
   "lines": [
    "children"
   ]
  }, 
  {
   "begin": "5.960", 
   "end": "6.280", 
   "id": "f000022", 
   "language": "en", 
   "lines": [
    "like"
   ]
  }, 
  {
   "begin": "6.280", 
   "end": "6.440", 
   "id": "f000023", 
   "language": "en", 
   "lines": [
    "him"
   ]
  }, 
  {
   "begin": "6.440", 
   "end": "6.480", 
   "id": "f000024", 
   "language": "en", 
   "lines": [
    "who"
   ]
  }, 
  {
   "begin": "6.480", 
   "end": "6.880", 
   "id": "f000025", 
   "language": "en", 
   "lines": [
    "had"
   ]
  }, 
  {
   "begin": "6.880", 
   "end": "7.200", 
   "id": "f000026", 
   "language": "en", 
   "lines": [
    "left"
   ]
  }, 
  {
   "begin": "7.200", 
   "end": "8.040", 
   "id": "f000027", 
   "language": "en", 
   "lines": [
    "school"
   ]
  }, 
  {
   "begin": "8.040", 
   "end": "8.200", 
   "id": "f000028", 
   "language": "en", 
   "lines": [
    "and"
   ]
  }, 
  {
   "begin": "8.200", 
   "end": "8.720", 
   "id": "f000029", 
   "language": "en", 
   "lines": [
    "tease"
   ]
  }, 
  {
   "begin": "8.720", 
   "end": "8.760", 
   "id": "f000030", 
   "language": "en", 
   "lines": [
    "and"
   ]
  }, 
  {
   "begin": "8.760", 
   "end": "9.040", 
   "id": "f000031", 
   "language": "en", 
   "lines": [
    "taunt"
   ]
  }, 
  {
   "begin": "9.040", 
   "end": "9.160", 
   "id": "f000032", 
   "language": "en", 
   "lines": [
    "the"
   ]
  }, 
  {
   "begin": "9.160", 
   "end": "9.600", 
   "id": "f000033", 
   "language": "en", 
   "lines": [
    "children"
   ]
  }, 
  {
   "begin": "9.600", 
   "end": "9.640", 
   "id": "f000034", 
   "language": "en", 
   "lines": [
    "who"
   ]
  }, 
  {
   "begin": "9.640", 
   "end": "9.920", 
   "id": "f000035", 
   "language": "en", 
   "lines": [
    "were"
   ]
  }, 
  {
   "begin": "9.920", 
   "end": "10.240", 
   "id": "f000036", 
   "language": "en", 
   "lines": [
    "going"
   ]
  }, 
  {
   "begin": "10.240", 
   "end": "10.360", 
   "id": "f000037", 
   "language": "en", 
   "lines": [
    "to"
   ]
  }, 
  {
   "begin": "10.360", 
   "end": "11.200", 
   "id": "f000038", 
   "language": "en", 
   "lines": [
    "school.\n\n"
   ]
  }, 
  {
   "begin": "11.200", 
   "end": "11.200", 
   "id": "f000039", 
   "language": "en", 
   "lines": [
    ""
   ]
  }, 
  {
   "begin": "11.200", 
   "end": "11.200", 
   "id": "f000040", 
   "language": "en", 
   "lines": [
    ""
   ]
  }, 
  {
   "begin": "11.200", 
   "end": "11.520", 
   "id": "f000041", 
   "language": "en", 
   "lines": [
    "He"
   ]
  }, 
  {
   "begin": "11.520", 
   "end": "11.840", 
   "id": "f000042", 
   "language": "en", 
   "lines": [
    "would"
   ]
  }, 
  {
   "begin": "11.840", 
   "end": "12.040", 
   "id": "f000043", 
   "language": "en", 
   "lines": [
    "make"
   ]
  }, 
  {
   "begin": "12.040", 
   "end": "12.240", 
   "id": "f000044", 
   "language": "en", 
   "lines": [
    "paper"
   ]
  }, 
  {
   "begin": "12.240", 
   "end": "12.800", 
   "id": "f000045", 
   "language": "en", 
   "lines": [
    "airplanes"
   ]
  }, 
  {
   "begin": "12.800", 
   "end": "12.920", 
   "id": "f000046", 
   "language": "en", 
   "lines": [
    "out"
   ]
  }, 
  {
   "begin": "12.920", 
   "end": "12.960", 
   "id": "f000047", 
   "language": "en", 
   "lines": [
    "of"
   ]
  }, 
  {
   "begin": "12.960", 
   "end": "13.200", 
   "id": "f000048", 
   "language": "en", 
   "lines": [
    "the"
   ]
  }, 
  {
   "begin": "13.200", 
   "end": "13.600", 
   "id": "f000049", 
   "language": "en", 
   "lines": [
    "school"
   ]
  }, 
  {
   "begin": "13.600", 
   "end": "14.200", 
   "id": "f000050", 
   "language": "en", 
   "lines": [
    "notebooks"
   ]
  }, 
  {
   "begin": "14.200", 
   "end": "14.240", 
   "id": "f000051", 
   "language": "en", 
   "lines": [
    "of"
   ]
  }, 
  {
   "begin": "14.240", 
   "end": "14.520", 
   "id": "f000052", 
   "language": "en", 
   "lines": [
    "his"
   ]
  }, 
  {
   "begin": "14.520", 
   "end": "15.520", 
   "id": "f000053", 
   "language": "en", 
   "lines": [
    "friends."
   ]
  }, 
  {
   "begin": "15.520", 
   "end": "15.840", 
   "id": "f000054", 
   "language": "en", 
   "lines": [
    "He"
   ]
  }, 
  {
   "begin": "15.840", 
   "end": "16.120", 
   "id": "f000055", 
   "language": "en", 
   "lines": [
    "would"
   ]
  }, 
  {
   "begin": "16.120", 
   "end": "16.120", 
   "id": "f000056", 
   "language": "en", 
   "lines": [
    "go"
   ]
  }, 
  {
   "begin": "16.120", 
   "end": "16.200", 
   "id": "f000057", 
   "language": "en", 
   "lines": [
    "up"
   ]
  }, 
  {
   "begin": "16.200", 
   "end": "16.440", 
   "id": "f000058", 
   "language": "en", 
   "lines": [
    "on"
   ]
  }, 
  {
   "begin": "16.440", 
   "end": "16.440", 
   "id": "f000059", 
   "language": "en", 
   "lines": [
    "the"
   ]
  }, 
  {
   "begin": "16.440", 
   "end": "16.960", 
   "id": "f000060", 
   "language": "en", 
   "lines": [
    "terrace"
   ]
  }, 
  {
   "begin": "16.960", 
   "end": "16.960", 
   "id": "f000061", 
   "language": "en", 
   "lines": [
    "and"
   ]
  }, 
  {
   "begin": "16.960", 
   "end": "17.760", 
   "id": "f000062", 
   "language": "en", 
   "lines": [
    "hit"
   ]
  }, 
  {
   "begin": "17.760", 
   "end": "18.560", 
   "id": "f000063", 
   "language": "en", 
   "lines": [
    "unsuspecting"
   ]
  }, 
  {
   "begin": "18.560", 
   "end": "18.760", 
   "id": "f000064", 
   "language": "en", 
   "lines": [
    "people"
   ]
  }, 
  {
   "begin": "18.760", 
   "end": "18.960", 
   "id": "f000065", 
   "language": "en", 
   "lines": [
    "who"
   ]
  }, 
  {
   "begin": "18.960", 
   "end": "19.160", 
   "id": "f000066", 
   "language": "en", 
   "lines": [
    "were"
   ]
  }, 
  {
   "begin": "19.160", 
   "end": "19.640", 
   "id": "f000067", 
   "language": "en", 
   "lines": [
    "passing"
   ]
  }, 
  {
   "begin": "19.640", 
   "end": "20.040", 
   "id": "f000068", 
   "language": "en", 
   "lines": [
    "by"
   ]
  }, 
  {
   "begin": "20.040", 
   "end": "20.280", 
   "id": "f000069", 
   "language": "en", 
   "lines": [
    "with"
   ]
  }, 
  {
   "begin": "20.280", 
   "end": "20.800", 
   "id": "f000070", 
   "language": "en", 
   "lines": [
    "pellets"
   ]
  }, 
  {
   "begin": "20.800", 
   "end": "21.040", 
   "id": "f000071", 
   "language": "en", 
   "lines": [
    "from"
   ]
  }, 
  {
   "begin": "21.040", 
   "end": "21.320", 
   "id": "f000072", 
   "language": "en", 
   "lines": [
    "his"
   ]
  }, 
  {
   "begin": "21.320", 
   "end": "22.040", 
   "id": "f000073", 
   "language": "en", 
   "lines": [
    "sling."
   ]
  }
 ]
}