{
 "fragments": [
  {
   "begin": "0.000", 
   "end": "0.480", 
   "id": "f000001", 
   "language": "en", 
   "lines": [
    "Moru"
   ]
  }, 
  {
   "begin": "0.480", 
   "end": "0.960", 
   "id": "f000002", 
   "language": "en", 
   "lines": [
    "began"
   ]
  }, 
  {
   "begin": "0.960", 
   "end": "1.360", 
   "id": "f000003", 
   "language": "en", 
   "lines": [
    "bringing"
   ]
  }, 
  {
   "begin": "1.360", 
   "end": "1.560", 
   "id": "f000004", 
   "language": "en", 
   "lines": [
    "out"
   ]
  }, 
  {
   "begin": "1.560", 
   "end": "1.720", 
   "id": "f000005", 
   "language": "en", 
   "lines": [
    "the"
   ]
  }, 
  {
   "begin": "1.720", 
   "end": "2.200", 
   "id": "f000006", 
   "language": "en", 
   "lines": [
    "books."
   ]
  }, 
  {
   "begin": "2.200", 
   "end": "2.880", 
   "id": "f000007", 
   "language": "en", 
   "lines": [
    "There"
   ]
  }, 
  {
   "begin": "2.880", 
   "end": "2.920", 
   "id": "f000008", 
   "language": "en", 
   "lines": [
    "were"
   ]
  }, 
  {
   "begin": "2.920", 
   "end": "3.240", 
   "id": "f000009", 
   "language": "en", 
   "lines": [
    "books"
   ]
  }, 
  {
   "begin": "3.240", 
   "end": "3.560", 
   "id": "f000010", 
   "language": "en", 
   "lines": [
    "with"
   ]
  }, 
  {
   "begin": "3.560", 
   "end": "4.160", 
   "id": "f000011", 
   "language": "en", 
   "lines": [
    "stories"
   ]
  }, 
  {
   "begin": "4.160", 
   "end": "4.200", 
   "id": "f000012", 
   "language": "en", 
   "lines": [
    "in"
   ]
  }, 
  {
   "begin": "4.200", 
   "end": "4.800", 
   "id": "f000013", 
   "language": "en", 
   "lines": [
    "them,"
   ]
  }, 
  {
   "begin": "4.800", 
   "end": "4.880", 
   "id": "f000014", 
   "language": "en", 
   "lines": [
    "with"
   ]
  }, 
  {
   "begin": "4.880", 
   "end": "5.520", 
   "id": "f000015", 
   "language": "en", 
   "lines": [
    "pictures"
   ]
  }, 
  {
   "begin": "5.520", 
   "end": "5.760", 
   "id": "f000016", 
   "language": "en", 
   "lines": [
    "on"
   ]
  }, 
  {
   "begin": "5.760", 
   "end": "5.800", 
   "id": "f000017", 
   "language": "en", 
   "lines": [
    "the"
   ]
  }, 
  {
   "begin": "5.800", 
   "end": "6.240", 
   "id": "f000018", 
   "language": "en", 
   "lines": [
    "cover."
   ]
  }, 
  {
   "begin": "6.240", 
   "end": "7.040", 
   "id": "f000019", 
   "language": "en", 
   "lines": [
    "Some"
   ]
  }, 
  {
   "begin": "7.040", 
   "end": "7.240", 
   "id": "f000020", 
   "language": "en", 
   "lines": [
    "were"
   ]
  }, 
  {
   "begin": "7.240", 
   "end": "7.480", 
   "id": "f000021", 
   "language": "en", 
   "lines": [
    "written"
   ]
  }, 
  {
   "begin": "7.480", 
   "end": "7.640", 
   "id": "f000022", 
   "language": "en", 
   "lines": [
    "in"
   ]
  }, 
  {
   "begin": "7.640", 
   "end": "8.080", 
   "id": "f000023", 
   "language": "en", 
   "lines": [
    "large"
   ]
  }, 
  {
   "begin": "8.080", 
   "end": "9.280", 
   "id": "f000024", 
   "language": "en", 
   "lines": [
    "letters."
   ]
  }, 
  {
   "begin": "9.280", 
   "end": "9.640", 
   "id": "f000025", 
   "language": "en", 
   "lines": [
    "Some"
   ]
  }, 
  {
   "begin": "9.640", 
   "end": "9.880", 
   "id": "f000026", 
   "language": "en", 
   "lines": [
    "books"
   ]
  }, 
  {
   "begin": "9.880", 
   "end": "10.000", 
   "id": "f000027", 
   "language": "en", 
   "lines": [
    "had"
   ]
  }, 
  {
   "begin": "10.000", 
   "end": "10.480", 
   "id": "f000028", 
   "language": "en", 
   "lines": [
    "so"
   ]
  }, 
  {
   "begin": "10.480", 
   "end": "10.920", 
   "id": "f000029", 
   "language": "en", 
   "lines": [
    "much"
   ]
  }, 
  {
   "begin": "10.920", 
   "end": "11.520", 
   "id": "f000030", 
   "language": "en", 
   "lines": [
    "in"
   ]
  }, 
  {
   "begin": "11.520", 
   "end": "11.680", 
   "id": "f000031", 
   "language": "en", 
   "lines": [
    "them"
   ]
  }, 
  {
   "begin": "11.680", 
   "end": "11.680", 
   "id": "f000032", 
   "language": "en", 
   "lines": [
    "that"
   ]
  }, 
  {
   "begin": "11.680", 
   "end": "11.880", 
   "id": "f000033", 
   "language": "en", 
   "lines": [
    "the"
   ]
  }, 
  {
   "begin": "11.880", 
   "end": "12.160", 
   "id": "f000034", 
   "language": "en", 
   "lines": [
    "words"
   ]
  }, 
  {
   "begin": "12.160", 
   "end": "12.360", 
   "id": "f000035", 
   "language": "en", 
   "lines": [
    "had"
   ]
  }, 
  {
   "begin": "12.360", 
   "end": "12.520", 
   "id": "f000036", 
   "language": "en", 
   "lines": [
    "to"
   ]
  }, 
  {
   "begin": "12.520", 
   "end": "12.800", 
   "id": "f000037", 
   "language": "en", 
   "lines": [
    "be"
   ]
  }, 
  {
   "begin": "12.800", 
   "end": "13.320", 
   "id": "f000038", 
   "language": "en", 
   "lines": [
    "squeezed"
   ]
  }, 
  {
   "begin": "13.320", 
   "end": "13.560", 
   "id": "f000039", 
   "language": "en", 
   "lines": [
    "into"
   ]
  }, 
  {
   "begin": "13.560", 
   "end": "13.680", 
   "id": "f000040", 
   "language": "en", 
   "lines": [
    "the"
   ]
  }, 
  {
   "begin": "13.680", 
   "end": "14.640", 
   "id": "f000041", 
   "language": "en", 
   "lines": [
    "pages."
   ]
  }, 
  {
   "begin": "14.640", 
   "end": "15.040", 
   "id": "f000042", 
   "language": "en", 
   "lines": [
    "Moru"
   ]
  }, 
  {
   "begin": "15.040", 
   "end": "15.240", 
   "id": "f000043", 
   "language": "en", 
   "lines": [
    "felt"
   ]
  }, 
  {
   "begin": "15.240", 
   "end": "15.480", 
   "id": "f000044", 
   "language": "en", 
   "lines": [
    "his"
   ]
  }, 
  {
   "begin": "15.480", 
   "end": "16.280", 
   "id": "f000045", 
   "language": "en", 
   "lines": [
    "excitement"
   ]
  }, 
  {
   "begin": "16.280", 
   "end": "16.840", 
   "id": "f000046", 
   "language": "en", 
   "lines": [
    "rising."
   ]
  }, 
  {
   "begin": "16.840", 
   "end": "17.600", 
   "id": "f000047", 
   "language": "en", 
   "lines": [
    "He"
   ]
  }, 
  {
   "begin": "17.600", 
   "end": "17.840", 
   "id": "f000048", 
   "language": "en", 
   "lines": [
    "had"
   ]
  }, 
  {
   "begin": "17.840", 
   "end": "17.840", 
   "id": "f000049", 
   "language": "en", 
   "lines": [
    "not"
   ]
  }, 
  {
   "begin": "17.840", 
   "end": "18.240", 
   "id": "f000050", 
   "language": "en", 
   "lines": [
    "touched"
   ]
  }, 
  {
   "begin": "18.240", 
   "end": "18.320", 
   "id": "f000051", 
   "language": "en", 
   "lines": [
    "a"
   ]
  }, 
  {
   "begin": "18.320", 
   "end": "18.600", 
   "id": "f000052", 
   "language": "en", 
   "lines": [
    "book"
   ]
  }, 
  {
   "begin": "18.600", 
   "end": "18.720", 
   "id": "f000053", 
   "language": "en", 
   "lines": [
    "in"
   ]
  }, 
  {
   "begin": "18.720", 
   "end": "19.080", 
   "id": "f000054", 
   "language": "en", 
   "lines": [
    "two"
   ]
  }, 
  {
   "begin": "19.080", 
   "end": "19.920", 
   "id": "f000055", 
   "language": "en", 
   "lines": [
    "years."
   ]
  }
 ]
}