{
 "fragments": [
  {
   "begin": "0.000", 
   "end": "0.360", 
   "id": "f000001", 
   "language": "en", 
   "lines": [
    "One"
   ]
  }, 
  {
   "begin": "0.360", 
   "end": "0.840", 
   "id": "f000002", 
   "language": "en", 
   "lines": [
    "month"
   ]
  }, 
  {
   "begin": "0.840", 
   "end": "1.600", 
   "id": "f000003", 
   "language": "en", 
   "lines": [
    "later,"
   ]
  }, 
  {
   "begin": "1.600", 
   "end": "2.120", 
   "id": "f000004", 
   "language": "en", 
   "lines": [
    "Moru's"
   ]
  }, 
  {
   "begin": "2.120", 
   "end": "2.400", 
   "id": "f000005", 
   "language": "en", 
   "lines": [
    "mother"
   ]
  }, 
  {
   "begin": "2.400", 
   "end": "2.800", 
   "id": "f000006", 
   "language": "en", 
   "lines": [
    "was"
   ]
  }, 
  {
   "begin": "2.800", 
   "end": "3.000", 
   "id": "f000007", 
   "language": "en", 
   "lines": [
    "looking"
   ]
  }, 
  {
   "begin": "3.000", 
   "end": "3.120", 
   "id": "f000008", 
   "language": "en", 
   "lines": [
    "for"
   ]
  }, 
  {
   "begin": "3.120", 
   "end": "3.600", 
   "id": "f000009", 
   "language": "en", 
   "lines": [
    "him"
   ]
  }, 
  {
   "begin": "3.600", 
   "end": "3.680", 
   "id": "f000010", 
   "language": "en", 
   "lines": [
    "in"
   ]
  }, 
  {
   "begin": "3.680", 
   "end": "3.880", 
   "id": "f000011", 
   "language": "en", 
   "lines": [
    "the"
   ]
  }, 
  {
   "begin": "3.880", 
   "end": "3.920", 
   "id": "f000012", 
   "language": "en", 
   "lines": [
    "middle"
   ]
  }, 
  {
   "begin": "3.920", 
   "end": "3.960", 
   "id": "f000013", 
   "language": "en", 
   "lines": [
    "of"
   ]
  }, 
  {
   "begin": "3.960", 
   "end": "4.040", 
   "id": "f000014", 
   "language": "en", 
   "lines": [
    "the"
   ]
  }, 
  {
   "begin": "4.040", 
   "end": "5.160", 
   "id": "f000015", 
   "language": "en", 
   "lines": [
    "morning."
   ]
  }, 
  {
   "begin": "5.160", 
   "end": "5.280", 
   "id": "f000016", 
   "language": "en", 
   "lines": [
    "He"
   ]
  }, 
  {
   "begin": "5.280", 
   "end": "5.560", 
   "id": "f000017", 
   "language": "en", 
   "lines": [
    "was"
   ]
  }, 
  {
   "begin": "5.560", 
   "end": "5.960", 
   "id": "f000018", 
   "language": "en", 
   "lines": [
    "nowhere"
   ]
  }, 
  {
   "begin": "5.960", 
   "end": "6.120", 
   "id": "f000019", 
   "language": "en", 
   "lines": [
    "to"
   ]
  }, 
  {
   "begin": "6.120", 
   "end": "6.240", 
   "id": "f000020", 
   "language": "en", 
   "lines": [
    "be"
   ]
  }, 
  {
   "begin": "6.240", 
   "end": "7.240", 
   "id": "f000021", 
   "language": "en", 
   "lines": [
    "found."
   ]
  }, 
  {
   "begin": "7.240", 
   "end": "7.520", 
   "id": "f000022", 
   "language": "en", 
   "lines": [
    "She"
   ]
  }, 
  {
   "begin": "7.520", 
   "end": "7.640", 
   "id": "f000023", 
   "language": "en", 
   "lines": [
    "looked"
   ]
  }, 
  {
   "begin": "7.640", 
   "end": "7.760", 
   "id": "f000024", 
   "language": "en", 
   "lines": [
    "on"
   ]
  }, 
  {
   "begin": "7.760", 
   "end": "7.880", 
   "id": "f000025", 
   "language": "en", 
   "lines": [
    "the"
   ]
  }, 
  {
   "begin": "7.880", 
   "end": "8.360", 
   "id": "f000026", 
   "language": "en", 
   "lines": [
    "terrace"
   ]
  }, 
  {
   "begin": "8.360", 
   "end": "8.360", 
   "id": "f000027", 
   "language": "en", 
   "lines": [
    "but"
   ]
  }, 
  {
   "begin": "8.360", 
   "end": "8.840", 
   "id": "f000028", 
   "language": "en", 
   "lines": [
    "he"
   ]
  }, 
  {
   "begin": "8.840", 
   "end": "9.120", 
   "id": "f000029", 
   "language": "en", 
   "lines": [
    "was"
   ]
  }, 
  {
   "begin": "9.120", 
   "end": "9.400", 
   "id": "f000030", 
   "language": "en", 
   "lines": [
    "not"
   ]
  }, 
  {
   "begin": "9.400", 
   "end": "9.680", 
   "id": "f000031", 
   "language": "en", 
   "lines": [
    "there."
   ]
  }, 
  {
   "begin": "9.680", 
   "end": "10.360", 
   "id": "f000032", 
   "language": "en", 
   "lines": [
    "She"
   ]
  }, 
  {
   "begin": "10.360", 
   "end": "10.360", 
   "id": "f000033", 
   "language": "en", 
   "lines": [
    "looked"
   ]
  }, 
  {
   "begin": "10.360", 
   "end": "10.400", 
   "id": "f000034", 
   "language": "en", 
   "lines": [
    "on"
   ]
  }, 
  {
   "begin": "10.400", 
   "end": "10.760", 
   "id": "f000035", 
   "language": "en", 
   "lines": [
    "the"
   ]
  }, 
  {
   "begin": "10.760", 
   "end": "11.120", 
   "id": "f000036", 
   "language": "en", 
   "lines": [
    "wall"
   ]
  }, 
  {
   "begin": "11.120", 
   "end": "11.320", 
   "id": "f000037", 
   "language": "en", 
   "lines": [
    "where"
   ]
  }, 
  {
   "begin": "11.320", 
   "end": "11.440", 
   "id": "f000038", 
   "language": "en", 
   "lines": [
    "he"
   ]
  }, 
  {
   "begin": "11.440", 
   "end": "11.920", 
   "id": "f000039", 
   "language": "en", 
   "lines": [
    "normally"
   ]
  }, 
  {
   "begin": "11.920", 
   "end": "12.400", 
   "id": "f000040", 
   "language": "en", 
   "lines": [
    "sat"
   ]
  }, 
  {
   "begin": "12.400", 
   "end": "12.840", 
   "id": "f000041", 
   "language": "en", 
   "lines": [
    "dangling"
   ]
  }, 
  {
   "begin": "12.840", 
   "end": "13.120", 
   "id": "f000042", 
   "language": "en", 
   "lines": [
    "his"
   ]
  }, 
  {
   "begin": "13.120", 
   "end": "13.760", 
   "id": "f000043", 
   "language": "en", 
   "lines": [
    "feet,"
   ]
  }, 
  {
   "begin": "13.760", 
   "end": "13.880", 
   "id": "f000044", 
   "language": "en", 
   "lines": [
    "but"
   ]
  }, 
  {
   "begin": "13.880", 
   "end": "14.200", 
   "id": "f000045", 
   "language": "en", 
   "lines": [
    "only"
   ]
  }, 
  {
   "begin": "14.200", 
   "end": "14.400", 
   "id": "f000046", 
   "language": "en", 
   "lines": [
    "his"
   ]
  }, 
  {
   "begin": "14.400", 
   "end": "14.840", 
   "id": "f000047", 
   "language": "en", 
   "lines": [
    "kites"
   ]
  }, 
  {
   "begin": "14.840", 
   "end": "14.880", 
   "id": "f000048", 
   "language": "en", 
   "lines": [
    "were"
   ]
  }, 
  {
   "begin": "14.880", 
   "end": "15.400", 
   "id": "f000049", 
   "language": "en", 
   "lines": [
    "resting"
   ]
  }, 
  {
   "begin": "15.400", 
   "end": "16.000", 
   "id": "f000050", 
   "language": "en", 
   "lines": [
    "there."
   ]
  }
 ]
}