{
 "fragments": [
  {
   "begin": "0.000", 
   "end": "0.160", 
   "id": "f000001", 
   "language": "en", 
   "lines": [
    "The"
   ]
  }, 
  {
   "begin": "0.160", 
   "end": "0.760", 
   "id": "f000002", 
   "language": "en", 
   "lines": [
    "next"
   ]
  }, 
  {
   "begin": "0.760", 
   "end": "1.480", 
   "id": "f000003", 
   "language": "en", 
   "lines": [
    "day,"
   ]
  }, 
  {
   "begin": "1.480", 
   "end": "1.800", 
   "id": "f000004", 
   "language": "en", 
   "lines": [
    "Moru"
   ]
  }, 
  {
   "begin": "1.800", 
   "end": "2.200", 
   "id": "f000005", 
   "language": "en", 
   "lines": [
    "waited"
   ]
  }, 
  {
   "begin": "2.200", 
   "end": "2.440", 
   "id": "f000006", 
   "language": "en", 
   "lines": [
    "till"
   ]
  }, 
  {
   "begin": "2.440", 
   "end": "2.880", 
   "id": "f000007", 
   "language": "en", 
   "lines": [
    "school"
   ]
  }, 
  {
   "begin": "2.880", 
   "end": "3.120", 
   "id": "f000008", 
   "language": "en", 
   "lines": [
    "was"
   ]
  }, 
  {
   "begin": "3.120", 
   "end": "3.800", 
   "id": "f000009", 
   "language": "en", 
   "lines": [
    "over"
   ]
  }, 
  {
   "begin": "3.800", 
   "end": "4.080", 
   "id": "f000010", 
   "language": "en", 
   "lines": [
    "and"
   ]
  }, 
  {
   "begin": "4.080", 
   "end": "4.320", 
   "id": "f000011", 
   "language": "en", 
   "lines": [
    "all"
   ]
  }, 
  {
   "begin": "4.320", 
   "end": "4.480", 
   "id": "f000012", 
   "language": "en", 
   "lines": [
    "the"
   ]
  }, 
  {
   "begin": "4.480", 
   "end": "4.920", 
   "id": "f000013", 
   "language": "en", 
   "lines": [
    "children"
   ]
  }, 
  {
   "begin": "4.920", 
   "end": "5.080", 
   "id": "f000014", 
   "language": "en", 
   "lines": [
    "had"
   ]
  }, 
  {
   "begin": "5.080", 
   "end": "6.000", 
   "id": "f000015", 
   "language": "en", 
   "lines": [
    "left."
   ]
  }, 
  {
   "begin": "6.000", 
   "end": "6.120", 
   "id": "f000016", 
   "language": "en", 
   "lines": [
    "The"
   ]
  }, 
  {
   "begin": "6.120", 
   "end": "6.560", 
   "id": "f000017", 
   "language": "en", 
   "lines": [
    "teacher"
   ]
  }, 
  {
   "begin": "6.560", 
   "end": "6.920", 
   "id": "f000018", 
   "language": "en", 
   "lines": [
    "was"
   ]
  }, 
  {
   "begin": "6.920", 
   "end": "7.640", 
   "id": "f000019", 
   "language": "en", 
   "lines": [
    "alone."
   ]
  }, 
  {
   "begin": "7.640", 
   "end": "7.960", 
   "id": "f000020", 
   "language": "en", 
   "lines": [
    "Moru"
   ]
  }, 
  {
   "begin": "7.960", 
   "end": "8.280", 
   "id": "f000021", 
   "language": "en", 
   "lines": [
    "went"
   ]
  }, 
  {
   "begin": "8.280", 
   "end": "8.400", 
   "id": "f000022", 
   "language": "en", 
   "lines": [
    "in"
   ]
  }, 
  {
   "begin": "8.400", 
   "end": "9.480", 
   "id": "f000023", 
   "language": "en", 
   "lines": [
    "quietly"
   ]
  }, 
  {
   "begin": "9.480", 
   "end": "9.840", 
   "id": "f000024", 
   "language": "en", 
   "lines": [
    "and"
   ]
  }, 
  {
   "begin": "9.840", 
   "end": "10.040", 
   "id": "f000025", 
   "language": "en", 
   "lines": [
    "stood"
   ]
  }, 
  {
   "begin": "10.040", 
   "end": "10.280", 
   "id": "f000026", 
   "language": "en", 
   "lines": [
    "by"
   ]
  }, 
  {
   "begin": "10.280", 
   "end": "10.400", 
   "id": "f000027", 
   "language": "en", 
   "lines": [
    "the"
   ]
  }, 
  {
   "begin": "10.400", 
   "end": "10.680", 
   "id": "f000028", 
   "language": "en", 
   "lines": [
    "door."
   ]
  }, 
  {
   "begin": "10.680", 
   "end": "11.160", 
   "id": "f000029", 
   "language": "en", 
   "lines": [
    "The"
   ]
  }, 
  {
   "begin": "11.160", 
   "end": "11.600", 
   "id": "f000030", 
   "language": "en", 
   "lines": [
    "school"
   ]
  }, 
  {
   "begin": "11.600", 
   "end": "12.040", 
   "id": "f000031", 
   "language": "en", 
   "lines": [
    "seemed"
   ]
  }, 
  {
   "begin": "12.040", 
   "end": "12.960", 
   "id": "f000032", 
   "language": "en", 
   "lines": [
    "ghostly"
   ]
  }, 
  {
   "begin": "12.960", 
   "end": "13.080", 
   "id": "f000033", 
   "language": "en", 
   "lines": [
    "when"
   ]
  }, 
  {
   "begin": "13.080", 
   "end": "13.320", 
   "id": "f000034", 
   "language": "en", 
   "lines": [
    "all"
   ]
  }, 
  {
   "begin": "13.320", 
   "end": "13.400", 
   "id": "f000035", 
   "language": "en", 
   "lines": [
    "the"
   ]
  }, 
  {
   "begin": "13.400", 
   "end": "14.120", 
   "id": "f000036", 
   "language": "en", 
   "lines": [
    "noise"
   ]
  }, 
  {
   "begin": "14.120", 
   "end": "14.280", 
   "id": "f000037", 
   "language": "en", 
   "lines": [
    "and"
   ]
  }, 
  {
   "begin": "14.280", 
   "end": "14.560", 
   "id": "f000038", 
   "language": "en", 
   "lines": [
    "laughter"
   ]
  }, 
  {
   "begin": "14.560", 
   "end": "14.680", 
   "id": "f000039", 
   "language": "en", 
   "lines": [
    "and"
   ]
  }, 
  {
   "begin": "14.680", 
   "end": "15.160", 
   "id": "f000040", 
   "language": "en", 
   "lines": [
    "shouting"
   ]
  }, 
  {
   "begin": "15.160", 
   "end": "15.480", 
   "id": "f000041", 
   "language": "en", 
   "lines": [
    "was"
   ]
  }, 
  {
   "begin": "15.480", 
   "end": "16.480", 
   "id": "f000042", 
   "language": "en", 
   "lines": [
    "gone.\n\n"
   ]
  }, 
  {
   "begin": "16.480", 
   "end": "16.480", 
   "id": "f000043", 
   "language": "en", 
   "lines": [
    ""
   ]
  }, 
  {
   "begin": "16.480", 
   "end": "16.480", 
   "id": "f000044", 
   "language": "en", 
   "lines": [
    ""
   ]
  }, 
  {
   "begin": "16.480", 
   "end": "16.600", 
   "id": "f000045", 
   "language": "en", 
   "lines": [
    "The"
   ]
  }, 
  {
   "begin": "16.600", 
   "end": "17.040", 
   "id": "f000046", 
   "language": "en", 
   "lines": [
    "teacher"
   ]
  }, 
  {
   "begin": "17.040", 
   "end": "17.280", 
   "id": "f000047", 
   "language": "en", 
   "lines": [
    "looked"
   ]
  }, 
  {
   "begin": "17.280", 
   "end": "17.440", 
   "id": "f000048", 
   "language": "en", 
   "lines": [
    "up"
   ]
  }, 
  {
   "begin": "17.440", 
   "end": "17.640", 
   "id": "f000049", 
   "language": "en", 
   "lines": [
    "and"
   ]
  }, 
  {
   "begin": "17.640", 
   "end": "17.960", 
   "id": "f000050", 
   "language": "en", 
   "lines": [
    "said,"
   ]
  }, 
  {
   "begin": "17.960", 
   "end": "18.600", 
   "id": "f000051", 
   "language": "en", 
   "lines": [
    "\u201cGood"
   ]
  }, 
  {
   "begin": "18.600", 
   "end": "18.960", 
   "id": "f000052", 
   "language": "en", 
   "lines": [
    "you"
   ]
  }, 
  {
   "begin": "18.960", 
   "end": "19.160", 
   "id": "f000053", 
   "language": "en", 
   "lines": [
    "have"
   ]
  }, 
  {
   "begin": "19.160", 
   "end": "19.320", 
   "id": "f000054", 
   "language": "en", 
   "lines": [
    "come."
   ]
  }, 
  {
   "begin": "19.320", 
   "end": "19.520", 
   "id": "f000055", 
   "language": "en", 
   "lines": [
    "I"
   ]
  }, 
  {
   "begin": "19.520", 
   "end": "20.040", 
   "id": "f000056", 
   "language": "en", 
   "lines": [
    "need"
   ]
  }, 
  {
   "begin": "20.040", 
   "end": "20.600", 
   "id": "f000057", 
   "language": "en", 
   "lines": [
    "your"
   ]
  }, 
  {
   "begin": "20.600", 
   "end": "21.520", 
   "id": "f000058", 
   "language": "en", 
   "lines": [
    "help.\u201d"
   ]
  }, 
  {
   "begin": "21.520", 
   "end": "21.920", 
   "id": "f000059", 
   "language": "en", 
   "lines": [
    "Moru"
   ]
  }, 
  {
   "begin": "21.920", 
   "end": "22.160", 
   "id": "f000060", 
   "language": "en", 
   "lines": [
    "was"
   ]
  }, 
  {
   "begin": "22.160", 
   "end": "23.400", 
   "id": "f000061", 
   "language": "en", 
   "lines": [
    "curious."
   ]
  }, 
  {
   "begin": "23.400", 
   "end": "23.640", 
   "id": "f000062", 
   "language": "en", 
   "lines": [
    "What"
   ]
  }, 
  {
   "begin": "23.640", 
   "end": "24.040", 
   "id": "f000063", 
   "language": "en", 
   "lines": [
    "kind"
   ]
  }, 
  {
   "begin": "24.040", 
   "end": "24.040", 
   "id": "f000064", 
   "language": "en", 
   "lines": [
    "of"
   ]
  }, 
  {
   "begin": "24.040", 
   "end": "24.240", 
   "id": "f000065", 
   "language": "en", 
   "lines": [
    "help"
   ]
  }, 
  {
   "begin": "24.240", 
   "end": "24.480", 
   "id": "f000066", 
   "language": "en", 
   "lines": [
    "could"
   ]
  }, 
  {
   "begin": "24.480", 
   "end": "24.640", 
   "id": "f000067", 
   "language": "en", 
   "lines": [
    "the"
   ]
  }, 
  {
   "begin": "24.640", 
   "end": "25.040", 
   "id": "f000068", 
   "language": "en", 
   "lines": [
    "teacher"
   ]
  }, 
  {
   "begin": "25.040", 
   "end": "25.280", 
   "id": "f000069", 
   "language": "en", 
   "lines": [
    "need?"
   ]
  }, 
  {
   "begin": "25.280", 
   "end": "25.880", 
   "id": "f000070", 
   "language": "en", 
   "lines": [
    "He"
   ]
  }, 
  {
   "begin": "25.880", 
   "end": "26.240", 
   "id": "f000071", 
   "language": "en", 
   "lines": [
    "had"
   ]
  }, 
  {
   "begin": "26.240", 
   "end": "26.640", 
   "id": "f000072", 
   "language": "en", 
   "lines": [
    "many,"
   ]
  }, 
  {
   "begin": "26.640", 
   "end": "26.920", 
   "id": "f000073", 
   "language": "en", 
   "lines": [
    "many"
   ]
  }, 
  {
   "begin": "26.920", 
   "end": "27.440", 
   "id": "f000074", 
   "language": "en", 
   "lines": [
    "children"
   ]
  }, 
  {
   "begin": "27.440", 
   "end": "27.520", 
   "id": "f000075", 
   "language": "en", 
   "lines": [
    "in"
   ]
  }, 
  {
   "begin": "27.520", 
   "end": "27.800", 
   "id": "f000076", 
   "language": "en", 
   "lines": [
    "his"
   ]
  }, 
  {
   "begin": "27.800", 
   "end": "28.080", 
   "id": "f000077", 
   "language": "en", 
   "lines": [
    "school"
   ]
  }, 
  {
   "begin": "28.080", 
   "end": "28.200", 
   "id": "f000078", 
   "language": "en", 
   "lines": [
    "to"
   ]
  }, 
  {
   "begin": "28.200", 
   "end": "28.400", 
   "id": "f000079", 
   "language": "en", 
   "lines": [
    "help"
   ]
  }, 
  {
   "begin": "28.400", 
   "end": "29.120", 
   "id": "f000080", 
   "language": "en", 
   "lines": [
    "him."
   ]
  }, 
  {
   "begin": "29.120", 
   "end": "29.240", 
   "id": "f000081", 
   "language": "en", 
   "lines": [
    "In"
   ]
  }, 
  {
   "begin": "29.240", 
   "end": "29.360", 
   "id": "f000082", 
   "language": "en", 
   "lines": [
    "a"
   ]
  }, 
  {
   "begin": "29.360", 
   "end": "29.760", 
   "id": "f000083", 
   "language": "en", 
   "lines": [
    "very"
   ]
  }, 
  {
   "begin": "29.760", 
   "end": "30.000", 
   "id": "f000084", 
   "language": "en", 
   "lines": [
    "matter"
   ]
  }, 
  {
   "begin": "30.000", 
   "end": "30.280", 
   "id": "f000085", 
   "language": "en", 
   "lines": [
    "of"
   ]
  }, 
  {
   "begin": "30.280", 
   "end": "30.640", 
   "id": "f000086", 
   "language": "en", 
   "lines": [
    "fact"
   ]
  }, 
  {
   "begin": "30.640", 
   "end": "31.080", 
   "id": "f000087", 
   "language": "en", 
   "lines": [
    "kind"
   ]
  }, 
  {
   "begin": "31.080", 
   "end": "31.080", 
   "id": "f000088", 
   "language": "en", 
   "lines": [
    "of"
   ]
  }, 
  {
   "begin": "31.080", 
   "end": "31.480", 
   "id": "f000089", 
   "language": "en", 
   "lines": [
    "voice"
   ]
  }, 
  {
   "begin": "31.480", 
   "end": "31.640", 
   "id": "f000090", 
   "language": "en", 
   "lines": [
    "the"
   ]
  }, 
  {
   "begin": "31.640", 
   "end": "32.040", 
   "id": "f000091", 
   "language": "en", 
   "lines": [
    "teacher"
   ]
  }, 
  {
   "begin": "32.040", 
   "end": "32.320", 
   "id": "f000092", 
   "language": "en", 
   "lines": [
    "said,"
   ]
  }, 
  {
   "begin": "32.320", 
   "end": "32.320", 
   "id": "f000093", 
   "language": "en", 
   "lines": [
    "\u201cCan"
   ]
  }, 
  {
   "begin": "32.320", 
   "end": "32.720", 
   "id": "f000094", 
   "language": "en", 
   "lines": [
    "you"
   ]
  }, 
  {
   "begin": "32.720", 
   "end": "33.320", 
   "id": "f000095", 
   "language": "en", 
   "lines": [
    "help"
   ]
  }, 
  {
   "begin": "33.320", 
   "end": "33.520", 
   "id": "f000096", 
   "language": "en", 
   "lines": [
    "me"
   ]
  }, 
  {
   "begin": "33.520", 
   "end": "33.760", 
   "id": "f000097", 
   "language": "en", 
   "lines": [
    "sort"
   ]
  }, 
  {
   "begin": "33.760", 
   "end": "33.960", 
   "id": "f000098", 
   "language": "en", 
   "lines": [
    "out"
   ]
  }, 
  {
   "begin": "33.960", 
   "end": "34.120", 
   "id": "f000099", 
   "language": "en", 
   "lines": [
    "the"
   ]
  }, 
  {
   "begin": "34.120", 
   "end": "34.800", 
   "id": "f000100", 
   "language": "en", 
   "lines": [
    "books?\u201d"
   ]
  }
 ]
}