{
 "fragments": [
  {
   "begin": "0.000", 
   "end": "0.520", 
   "id": "f000001", 
   "language": "en", 
   "lines": [
    "Moru"
   ]
  }, 
  {
   "begin": "0.520", 
   "end": "0.720", 
   "id": "f000002", 
   "language": "en", 
   "lines": [
    "made"
   ]
  }, 
  {
   "begin": "0.720", 
   "end": "0.880", 
   "id": "f000003", 
   "language": "en", 
   "lines": [
    "the"
   ]
  }, 
  {
   "begin": "0.880", 
   "end": "1.320", 
   "id": "f000004", 
   "language": "en", 
   "lines": [
    "children"
   ]
  }, 
  {
   "begin": "1.320", 
   "end": "1.480", 
   "id": "f000005", 
   "language": "en", 
   "lines": [
    "stand"
   ]
  }, 
  {
   "begin": "1.480", 
   "end": "1.720", 
   "id": "f000006", 
   "language": "en", 
   "lines": [
    "in"
   ]
  }, 
  {
   "begin": "1.720", 
   "end": "1.920", 
   "id": "f000007", 
   "language": "en", 
   "lines": [
    "a"
   ]
  }, 
  {
   "begin": "1.920", 
   "end": "2.360", 
   "id": "f000008", 
   "language": "en", 
   "lines": [
    "line"
   ]
  }, 
  {
   "begin": "2.360", 
   "end": "2.360", 
   "id": "f000009", 
   "language": "en", 
   "lines": [
    "-"
   ]
  }, 
  {
   "begin": "2.360", 
   "end": "2.960", 
   "id": "f000010", 
   "language": "en", 
   "lines": [
    "the"
   ]
  }, 
  {
   "begin": "2.960", 
   "end": "3.560", 
   "id": "f000011", 
   "language": "en", 
   "lines": [
    "smallest"
   ]
  }, 
  {
   "begin": "3.560", 
   "end": "3.960", 
   "id": "f000012", 
   "language": "en", 
   "lines": [
    "children"
   ]
  }, 
  {
   "begin": "3.960", 
   "end": "4.160", 
   "id": "f000013", 
   "language": "en", 
   "lines": [
    "at"
   ]
  }, 
  {
   "begin": "4.160", 
   "end": "4.160", 
   "id": "f000014", 
   "language": "en", 
   "lines": [
    "one"
   ]
  }, 
  {
   "begin": "4.160", 
   "end": "4.200", 
   "id": "f000015", 
   "language": "en", 
   "lines": [
    "end"
   ]
  }, 
  {
   "begin": "4.200", 
   "end": "5.040", 
   "id": "f000016", 
   "language": "en", 
   "lines": [
    "and"
   ]
  }, 
  {
   "begin": "5.040", 
   "end": "5.320", 
   "id": "f000017", 
   "language": "en", 
   "lines": [
    "the"
   ]
  }, 
  {
   "begin": "5.320", 
   "end": "5.880", 
   "id": "f000018", 
   "language": "en", 
   "lines": [
    "tallest"
   ]
  }, 
  {
   "begin": "5.880", 
   "end": "6.160", 
   "id": "f000019", 
   "language": "en", 
   "lines": [
    "one"
   ]
  }, 
  {
   "begin": "6.160", 
   "end": "6.280", 
   "id": "f000020", 
   "language": "en", 
   "lines": [
    "at"
   ]
  }, 
  {
   "begin": "6.280", 
   "end": "6.560", 
   "id": "f000021", 
   "language": "en", 
   "lines": [
    "the"
   ]
  }, 
  {
   "begin": "6.560", 
   "end": "6.760", 
   "id": "f000022", 
   "language": "en", 
   "lines": [
    "other"
   ]
  }, 
  {
   "begin": "6.760", 
   "end": "7.560", 
   "id": "f000023", 
   "language": "en", 
   "lines": [
    "end."
   ]
  }, 
  {
   "begin": "7.560", 
   "end": "7.760", 
   "id": "f000024", 
   "language": "en", 
   "lines": [
    "He"
   ]
  }, 
  {
   "begin": "7.760", 
   "end": "7.960", 
   "id": "f000025", 
   "language": "en", 
   "lines": [
    "gave"
   ]
  }, 
  {
   "begin": "7.960", 
   "end": "8.200", 
   "id": "f000026", 
   "language": "en", 
   "lines": [
    "them"
   ]
  }, 
  {
   "begin": "8.200", 
   "end": "8.640", 
   "id": "f000027", 
   "language": "en", 
   "lines": [
    "numbers"
   ]
  }, 
  {
   "begin": "8.640", 
   "end": "8.800", 
   "id": "f000028", 
   "language": "en", 
   "lines": [
    "to"
   ]
  }, 
  {
   "begin": "8.800", 
   "end": "9.840", 
   "id": "f000029", 
   "language": "en", 
   "lines": [
    "hold."
   ]
  }, 
  {
   "begin": "9.840", 
   "end": "10.160", 
   "id": "f000030", 
   "language": "en", 
   "lines": [
    "Now"
   ]
  }, 
  {
   "begin": "10.160", 
   "end": "10.240", 
   "id": "f000031", 
   "language": "en", 
   "lines": [
    "it"
   ]
  }, 
  {
   "begin": "10.240", 
   "end": "10.520", 
   "id": "f000032", 
   "language": "en", 
   "lines": [
    "was"
   ]
  }, 
  {
   "begin": "10.520", 
   "end": "10.960", 
   "id": "f000033", 
   "language": "en", 
   "lines": [
    "easy."
   ]
  }, 
  {
   "begin": "10.960", 
   "end": "12.040", 
   "id": "f000034", 
   "language": "en", 
   "lines": [
    "Just"
   ]
  }, 
  {
   "begin": "12.040", 
   "end": "12.360", 
   "id": "f000035", 
   "language": "en", 
   "lines": [
    "like"
   ]
  }, 
  {
   "begin": "12.360", 
   "end": "12.440", 
   "id": "f000036", 
   "language": "en", 
   "lines": [
    "with"
   ]
  }, 
  {
   "begin": "12.440", 
   "end": "12.840", 
   "id": "f000037", 
   "language": "en", 
   "lines": [
    "short"
   ]
  }, 
  {
   "begin": "12.840", 
   "end": "13.400", 
   "id": "f000038", 
   "language": "en", 
   "lines": [
    "children"
   ]
  }, 
  {
   "begin": "13.400", 
   "end": "13.600", 
   "id": "f000039", 
   "language": "en", 
   "lines": [
    "and"
   ]
  }, 
  {
   "begin": "13.600", 
   "end": "13.960", 
   "id": "f000040", 
   "language": "en", 
   "lines": [
    "tall"
   ]
  }, 
  {
   "begin": "13.960", 
   "end": "14.400", 
   "id": "f000041", 
   "language": "en", 
   "lines": [
    "children,"
   ]
  }, 
  {
   "begin": "14.400", 
   "end": "14.880", 
   "id": "f000042", 
   "language": "en", 
   "lines": [
    "it"
   ]
  }, 
  {
   "begin": "14.880", 
   "end": "15.160", 
   "id": "f000043", 
   "language": "en", 
   "lines": [
    "is"
   ]
  }, 
  {
   "begin": "15.160", 
   "end": "15.440", 
   "id": "f000044", 
   "language": "en", 
   "lines": [
    "easy"
   ]
  }, 
  {
   "begin": "15.440", 
   "end": "15.640", 
   "id": "f000045", 
   "language": "en", 
   "lines": [
    "to"
   ]
  }, 
  {
   "begin": "15.640", 
   "end": "15.880", 
   "id": "f000046", 
   "language": "en", 
   "lines": [
    "know"
   ]
  }, 
  {
   "begin": "15.880", 
   "end": "16.080", 
   "id": "f000047", 
   "language": "en", 
   "lines": [
    "who"
   ]
  }, 
  {
   "begin": "16.080", 
   "end": "16.240", 
   "id": "f000048", 
   "language": "en", 
   "lines": [
    "to"
   ]
  }, 
  {
   "begin": "16.240", 
   "end": "16.520", 
   "id": "f000049", 
   "language": "en", 
   "lines": [
    "put"
   ]
  }, 
  {
   "begin": "16.520", 
   "end": "16.800", 
   "id": "f000050", 
   "language": "en", 
   "lines": [
    "where,"
   ]
  }, 
  {
   "begin": "16.800", 
   "end": "17.320", 
   "id": "f000051", 
   "language": "en", 
   "lines": [
    "it"
   ]
  }, 
  {
   "begin": "17.320", 
   "end": "17.480", 
   "id": "f000052", 
   "language": "en", 
   "lines": [
    "was"
   ]
  }, 
  {
   "begin": "17.480", 
   "end": "17.840", 
   "id": "f000053", 
   "language": "en", 
   "lines": [
    "the"
   ]
  }, 
  {
   "begin": "17.840", 
   "end": "18.160", 
   "id": "f000054", 
   "language": "en", 
   "lines": [
    "same"
   ]
  }, 
  {
   "begin": "18.160", 
   "end": "18.280", 
   "id": "f000055", 
   "language": "en", 
   "lines": [
    "with"
   ]
  }, 
  {
   "begin": "18.280", 
   "end": "18.440", 
   "id": "f000056", 
   "language": "en", 
   "lines": [
    "the"
   ]
  }, 
  {
   "begin": "18.440", 
   "end": "19.080", 
   "id": "f000057", 
   "language": "en", 
   "lines": [
    "numbers.\n\n"
   ]
  }, 
  {
   "begin": "19.080", 
   "end": "19.080", 
   "id": "f000058", 
   "language": "en", 
   "lines": [
    ""
   ]
  }, 
  {
   "begin": "19.080", 
   "end": "19.600", 
   "id": "f000059", 
   "language": "en", 
   "lines": [
    ""
   ]
  }, 
  {
   "begin": "19.600", 
   "end": "20.000", 
   "id": "f000060", 
   "language": "en", 
   "lines": [
    "Every"
   ]
  }, 
  {
   "begin": "20.000", 
   "end": "20.200", 
   "id": "f000061", 
   "language": "en", 
   "lines": [
    "day"
   ]
  }, 
  {
   "begin": "20.200", 
   "end": "20.520", 
   "id": "f000062", 
   "language": "en", 
   "lines": [
    "Moru"
   ]
  }, 
  {
   "begin": "20.520", 
   "end": "20.640", 
   "id": "f000063", 
   "language": "en", 
   "lines": [
    "would"
   ]
  }, 
  {
   "begin": "20.640", 
   "end": "21.040", 
   "id": "f000064", 
   "language": "en", 
   "lines": [
    "come"
   ]
  }, 
  {
   "begin": "21.040", 
   "end": "21.320", 
   "id": "f000065", 
   "language": "en", 
   "lines": [
    "for"
   ]
  }, 
  {
   "begin": "21.320", 
   "end": "21.400", 
   "id": "f000066", 
   "language": "en", 
   "lines": [
    "a"
   ]
  }, 
  {
   "begin": "21.400", 
   "end": "21.600", 
   "id": "f000067", 
   "language": "en", 
   "lines": [
    "little"
   ]
  }, 
  {
   "begin": "21.600", 
   "end": "22.080", 
   "id": "f000068", 
   "language": "en", 
   "lines": [
    "while"
   ]
  }, 
  {
   "begin": "22.080", 
   "end": "22.320", 
   "id": "f000069", 
   "language": "en", 
   "lines": [
    "and"
   ]
  }, 
  {
   "begin": "22.320", 
   "end": "22.720", 
   "id": "f000070", 
   "language": "en", 
   "lines": [
    "every"
   ]
  }, 
  {
   "begin": "22.720", 
   "end": "23.000", 
   "id": "f000071", 
   "language": "en", 
   "lines": [
    "day"
   ]
  }, 
  {
   "begin": "23.000", 
   "end": "23.400", 
   "id": "f000072", 
   "language": "en", 
   "lines": [
    "the"
   ]
  }, 
  {
   "begin": "23.400", 
   "end": "23.760", 
   "id": "f000073", 
   "language": "en", 
   "lines": [
    "teacher"
   ]
  }, 
  {
   "begin": "23.760", 
   "end": "24.000", 
   "id": "f000074", 
   "language": "en", 
   "lines": [
    "would"
   ]
  }, 
  {
   "begin": "24.000", 
   "end": "24.080", 
   "id": "f000075", 
   "language": "en", 
   "lines": [
    "give"
   ]
  }, 
  {
   "begin": "24.080", 
   "end": "24.480", 
   "id": "f000076", 
   "language": "en", 
   "lines": [
    "him"
   ]
  }, 
  {
   "begin": "24.480", 
   "end": "24.600", 
   "id": "f000077", 
   "language": "en", 
   "lines": [
    "a"
   ]
  }, 
  {
   "begin": "24.600", 
   "end": "24.880", 
   "id": "f000078", 
   "language": "en", 
   "lines": [
    "bigger"
   ]
  }, 
  {
   "begin": "24.880", 
   "end": "25.160", 
   "id": "f000079", 
   "language": "en", 
   "lines": [
    "and"
   ]
  }, 
  {
   "begin": "25.160", 
   "end": "25.480", 
   "id": "f000080", 
   "language": "en", 
   "lines": [
    "bigger"
   ]
  }, 
  {
   "begin": "25.480", 
   "end": "25.840", 
   "id": "f000081", 
   "language": "en", 
   "lines": [
    "task"
   ]
  }, 
  {
   "begin": "25.840", 
   "end": "26.080", 
   "id": "f000082", 
   "language": "en", 
   "lines": [
    "to"
   ]
  }, 
  {
   "begin": "26.080", 
   "end": "26.120", 
   "id": "f000083", 
   "language": "en", 
   "lines": [
    "do."
   ]
  }, 
  {
   "begin": "26.120", 
   "end": "26.320", 
   "id": "f000084", 
   "language": "en", 
   "lines": [
    "Every"
   ]
  }, 
  {
   "begin": "26.320", 
   "end": "27.120", 
   "id": "f000085", 
   "language": "en", 
   "lines": [
    "day"
   ]
  }, 
  {
   "begin": "27.120", 
   "end": "27.640", 
   "id": "f000086", 
   "language": "en", 
   "lines": [
    "he"
   ]
  }, 
  {
   "begin": "27.640", 
   "end": "27.960", 
   "id": "f000087", 
   "language": "en", 
   "lines": [
    "found"
   ]
  }, 
  {
   "begin": "27.960", 
   "end": "28.200", 
   "id": "f000088", 
   "language": "en", 
   "lines": [
    "his"
   ]
  }, 
  {
   "begin": "28.200", 
   "end": "28.480", 
   "id": "f000089", 
   "language": "en", 
   "lines": [
    "love"
   ]
  }, 
  {
   "begin": "28.480", 
   "end": "28.600", 
   "id": "f000090", 
   "language": "en", 
   "lines": [
    "for"
   ]
  }, 
  {
   "begin": "28.600", 
   "end": "29.000", 
   "id": "f000091", 
   "language": "en", 
   "lines": [
    "numbers"
   ]
  }, 
  {
   "begin": "29.000", 
   "end": "29.240", 
   "id": "f000092", 
   "language": "en", 
   "lines": [
    "was"
   ]
  }, 
  {
   "begin": "29.240", 
   "end": "29.680", 
   "id": "f000093", 
   "language": "en", 
   "lines": [
    "getting"
   ]
  }, 
  {
   "begin": "29.680", 
   "end": "30.320", 
   "id": "f000094", 
   "language": "en", 
   "lines": [
    "stronger"
   ]
  }, 
  {
   "begin": "30.320", 
   "end": "30.560", 
   "id": "f000095", 
   "language": "en", 
   "lines": [
    "and"
   ]
  }, 
  {
   "begin": "30.560", 
   "end": "30.760", 
   "id": "f000096", 
   "language": "en", 
   "lines": [
    "every"
   ]
  }, 
  {
   "begin": "30.760", 
   "end": "30.880", 
   "id": "f000097", 
   "language": "en", 
   "lines": [
    "day"
   ]
  }, 
  {
   "begin": "30.880", 
   "end": "31.320", 
   "id": "f000098", 
   "language": "en", 
   "lines": [
    "his"
   ]
  }, 
  {
   "begin": "31.320", 
   "end": "32.080", 
   "id": "f000099", 
   "language": "en", 
   "lines": [
    "excitement"
   ]
  }, 
  {
   "begin": "32.080", 
   "end": "32.360", 
   "id": "f000100", 
   "language": "en", 
   "lines": [
    "and"
   ]
  }, 
  {
   "begin": "32.360", 
   "end": "32.600", 
   "id": "f000101", 
   "language": "en", 
   "lines": [
    "skill"
   ]
  }, 
  {
   "begin": "32.600", 
   "end": "32.840", 
   "id": "f000102", 
   "language": "en", 
   "lines": [
    "was"
   ]
  }, 
  {
   "begin": "32.840", 
   "end": "33.120", 
   "id": "f000103", 
   "language": "en", 
   "lines": [
    "being"
   ]
  }, 
  {
   "begin": "33.120", 
   "end": "33.600", 
   "id": "f000104", 
   "language": "en", 
   "lines": [
    "absorbed"
   ]
  }, 
  {
   "begin": "33.600", 
   "end": "33.800", 
   "id": "f000105", 
   "language": "en", 
   "lines": [
    "by"
   ]
  }, 
  {
   "begin": "33.800", 
   "end": "33.960", 
   "id": "f000106", 
   "language": "en", 
   "lines": [
    "the"
   ]
  }, 
  {
   "begin": "33.960", 
   "end": "34.280", 
   "id": "f000107", 
   "language": "en", 
   "lines": [
    "little"
   ]
  }, 
  {
   "begin": "34.280", 
   "end": "35.080", 
   "id": "f000108", 
   "language": "en", 
   "lines": [
    "children."
   ]
  }
 ]
}