{
	"fragments": [{
			"begin": "0.000",
			"end": "0.600",
			"id": "f000001",
			"language": "en",
			"lines": [
				"One"
			]
		},
		{
			"begin": "0.600",
			"end": "0.880",
			"id": "f000002",
			"language": "en",
			"lines": [
				"day,"
			]
		},
		{
			"begin": "0.880",
			"end": "1.320",
			"id": "f000003",
			"language": "en",
			"lines": [
				"the"
			]
		},
		{
			"begin": "1.320",
			"end": "1.760",
			"id": "f000004",
			"language": "en",
			"lines": [
				"teacher"
			]
		},
		{
			"begin": "1.760",
			"end": "1.920",
			"id": "f000005",
			"language": "en",
			"lines": [
				"wrote"
			]
		},
		{
			"begin": "1.920",
			"end": "1.960",
			"id": "f000006",
			"language": "en",
			"lines": [
				"some"
			]
		},
		{
			"begin": "1.960",
			"end": "2.640",
			"id": "f000007",
			"language": "en",
			"lines": [
				"sums"
			]
		},
		{
			"begin": "2.640",
			"end": "2.760",
			"id": "f000008",
			"language": "en",
			"lines": [
				"on"
			]
		},
		{
			"begin": "2.760",
			"end": "2.920",
			"id": "f000009",
			"language": "en",
			"lines": [
				"the"
			]
		},
		{
			"begin": "2.920",
			"end": "3.240",
			"id": "f000010",
			"language": "en",
			"lines": [
				"board."
			]
		},
		{
			"begin": "3.240",
			"end": "3.640",
			"id": "f000011",
			"language": "en",
			"lines": [
				"The"
			]
		},
		{
			"begin": "3.640",
			"end": "4.040",
			"id": "f000012",
			"language": "en",
			"lines": [
				"sums"
			]
		},
		{
			"begin": "4.040",
			"end": "4.320",
			"id": "f000013",
			"language": "en",
			"lines": [
				"were"
			]
		},
		{
			"begin": "4.320",
			"end": "4.800",
			"id": "f000014",
			"language": "en",
			"lines": [
				"easy"
			]
		},
		{
			"begin": "4.800",
			"end": "5.000",
			"id": "f000015",
			"language": "en",
			"lines": [
				"but"
			]
		},
		{
			"begin": "5.000",
			"end": "5.200",
			"id": "f000016",
			"language": "en",
			"lines": [
				"they"
			]
		},
		{
			"begin": "5.200",
			"end": "5.520",
			"id": "f000017",
			"language": "en",
			"lines": [
				"were"
			]
		},
		{
			"begin": "5.520",
			"end": "6.360",
			"id": "f000018",
			"language": "en",
			"lines": [
				"boring."
			]
		},
		{
			"begin": "6.360",
			"end": "6.720",
			"id": "f000019",
			"language": "en",
			"lines": [
				"Moru"
			]
		},
		{
			"begin": "6.720",
			"end": "6.920",
			"id": "f000020",
			"language": "en",
			"lines": [
				"did"
			]
		},
		{
			"begin": "6.920",
			"end": "7.200",
			"id": "f000021",
			"language": "en",
			"lines": [
				"not"
			]
		},
		{
			"begin": "7.200",
			"end": "7.440",
			"id": "f000022",
			"language": "en",
			"lines": [
				"feel"
			]
		},
		{
			"begin": "7.440",
			"end": "7.720",
			"id": "f000023",
			"language": "en",
			"lines": [
				"like"
			]
		},
		{
			"begin": "7.720",
			"end": "8.040",
			"id": "f000024",
			"language": "en",
			"lines": [
				"doing"
			]
		},
		{
			"begin": "8.040",
			"end": "8.640",
			"id": "f000025",
			"language": "en",
			"lines": [
				"them"
			]
		},
		{
			"begin": "8.640",
			"end": "8.920",
			"id": "f000026",
			"language": "en",
			"lines": [
				"and"
			]
		},
		{
			"begin": "8.920",
			"end": "9.080",
			"id": "f000027",
			"language": "en",
			"lines": [
				"he"
			]
		},
		{
			"begin": "9.080",
			"end": "9.080",
			"id": "f000028",
			"language": "en",
			"lines": [
				"did"
			]
		},
		{
			"begin": "9.080",
			"end": "9.120",
			"id": "f000029",
			"language": "en",
			"lines": [
				"not"
			]
		},
		{
			"begin": "9.120",
			"end": "9.640",
			"id": "f000030",
			"language": "en",
			"lines": [
				"have"
			]
		},
		{
			"begin": "9.640",
			"end": "9.800",
			"id": "f000031",
			"language": "en",
			"lines": [
				"a"
			]
		},
		{
			"begin": "9.800",
			"end": "10.640",
			"id": "f000032",
			"language": "en",
			"lines": [
				"slate."
			]
		},
		{
			"begin": "10.640",
			"end": "10.880",
			"id": "f000033",
			"language": "en",
			"lines": [
				"His"
			]
		},
		{
			"begin": "10.880",
			"end": "11.240",
			"id": "f000034",
			"language": "en",
			"lines": [
				"slate"
			]
		},
		{
			"begin": "11.240",
			"end": "11.520",
			"id": "f000035",
			"language": "en",
			"lines": [
				"had"
			]
		},
		{
			"begin": "11.520",
			"end": "11.760",
			"id": "f000036",
			"language": "en",
			"lines": [
				"broken"
			]
		},
		{
			"begin": "11.760",
			"end": "12.360",
			"id": "f000037",
			"language": "en",
			"lines": [
				"and"
			]
		},
		{
			"begin": "12.360",
			"end": "12.720",
			"id": "f000038",
			"language": "en",
			"lines": [
				"his"
			]
		},
		{
			"begin": "12.720",
			"end": "12.880",
			"id": "f000039",
			"language": "en",
			"lines": [
				"mother"
			]
		},
		{
			"begin": "12.880",
			"end": "13.200",
			"id": "f000040",
			"language": "en",
			"lines": [
				"did"
			]
		},
		{
			"begin": "13.200",
			"end": "13.440",
			"id": "f000041",
			"language": "en",
			"lines": [
				"not"
			]
		},
		{
			"begin": "13.440",
			"end": "13.680",
			"id": "f000042",
			"language": "en",
			"lines": [
				"have"
			]
		},
		{
			"begin": "13.680",
			"end": "13.840",
			"id": "f000043",
			"language": "en",
			"lines": [
				"the"
			]
		},
		{
			"begin": "13.840",
			"end": "14.120",
			"id": "f000044",
			"language": "en",
			"lines": [
				"money"
			]
		},
		{
			"begin": "14.120",
			"end": "14.280",
			"id": "f000045",
			"language": "en",
			"lines": [
				"to"
			]
		},
		{
			"begin": "14.280",
			"end": "14.560",
			"id": "f000046",
			"language": "en",
			"lines": [
				"buy"
			]
		},
		{
			"begin": "14.560",
			"end": "14.600",
			"id": "f000047",
			"language": "en",
			"lines": [
				"a"
			]
		},
		{
			"begin": "14.600",
			"end": "14.800",
			"id": "f000048",
			"language": "en",
			"lines": [
				"new"
			]
		},
		{
			"begin": "14.800",
			"end": "15.480",
			"id": "f000049",
			"language": "en",
			"lines": [
				"one.\n\n"
			]
		},
		{
			"begin": "15.480",
			"end": "15.480",
			"id": "f000050",
			"language": "en",
			"lines": [
				""
			]
		},
		{
			"begin": "15.480",
			"end": "15.480",
			"id": "f000051",
			"language": "en",
			"lines": [
				""
			]
		},
		{
			"begin": "15.480",
			"end": "15.800",
			"id": "f000052",
			"language": "en",
			"lines": [
				"Instead"
			]
		},
		{
			"begin": "15.800",
			"end": "16.120",
			"id": "f000053",
			"language": "en",
			"lines": [
				"he"
			]
		},
		{
			"begin": "16.120",
			"end": "16.400",
			"id": "f000054",
			"language": "en",
			"lines": [
				"counted"
			]
		},
		{
			"begin": "16.400",
			"end": "16.640",
			"id": "f000055",
			"language": "en",
			"lines": [
				"the"
			]
		},
		{
			"begin": "16.640",
			"end": "17.320",
			"id": "f000056",
			"language": "en",
			"lines": [
				"hundreds"
			]
		},
		{
			"begin": "17.320",
			"end": "17.360",
			"id": "f000057",
			"language": "en",
			"lines": [
				"of"
			]
		},
		{
			"begin": "17.360",
			"end": "17.720",
			"id": "f000058",
			"language": "en",
			"lines": [
				"ants"
			]
		},
		{
			"begin": "17.720",
			"end": "17.920",
			"id": "f000059",
			"language": "en",
			"lines": [
				"that"
			]
		},
		{
			"begin": "17.920",
			"end": "18.080",
			"id": "f000060",
			"language": "en",
			"lines": [
				"were"
			]
		},
		{
			"begin": "18.080",
			"end": "18.560",
			"id": "f000061",
			"language": "en",
			"lines": [
				"climbing"
			]
		},
		{
			"begin": "18.560",
			"end": "18.680",
			"id": "f000062",
			"language": "en",
			"lines": [
				"the"
			]
		},
		{
			"begin": "18.680",
			"end": "19.000",
			"id": "f000063",
			"language": "en",
			"lines": [
				"wall."
			]
		},
		{
			"begin": "19.000",
			"end": "19.160",
			"id": "f000064",
			"language": "en",
			"lines": [
				"He"
			]
		},
		{
			"begin": "19.160",
			"end": "19.400",
			"id": "f000065",
			"language": "en",
			"lines": [
				"looked"
			]
		},
		{
			"begin": "19.400",
			"end": "19.600",
			"id": "f000066",
			"language": "en",
			"lines": [
				"at"
			]
		},
		{
			"begin": "19.600",
			"end": "19.600",
			"id": "f000067",
			"language": "en",
			"lines": [
				"the"
			]
		},
		{
			"begin": "19.600",
			"end": "20.160",
			"id": "f000068",
			"language": "en",
			"lines": [
				"tree"
			]
		},
		{
			"begin": "20.160",
			"end": "20.960",
			"id": "f000069",
			"language": "en",
			"lines": [
				"outside"
			]
		},
		{
			"begin": "20.960",
			"end": "21.280",
			"id": "f000070",
			"language": "en",
			"lines": [
				"and"
			]
		},
		{
			"begin": "21.280",
			"end": "21.760",
			"id": "f000071",
			"language": "en",
			"lines": [
				"noticed"
			]
		},
		{
			"begin": "21.760",
			"end": "21.960",
			"id": "f000072",
			"language": "en",
			"lines": [
				"that"
			]
		},
		{
			"begin": "21.960",
			"end": "22.000",
			"id": "f000073",
			"language": "en",
			"lines": [
				"the"
			]
		},
		{
			"begin": "22.000",
			"end": "22.480",
			"id": "f000074",
			"language": "en",
			"lines": [
				"leaves"
			]
		},
		{
			"begin": "22.480",
			"end": "22.640",
			"id": "f000075",
			"language": "en",
			"lines": [
				"were"
			]
		},
		{
			"begin": "22.640",
			"end": "23.280",
			"id": "f000076",
			"language": "en",
			"lines": [
				"perfect."
			]
		},
		{
			"begin": "23.280",
			"end": "23.880",
			"id": "f000077",
			"language": "en",
			"lines": [
				"Perfect"
			]
		},
		{
			"begin": "23.880",
			"end": "24.200",
			"id": "f000078",
			"language": "en",
			"lines": [
				"leaves"
			]
		},
		{
			"begin": "24.200",
			"end": "24.480",
			"id": "f000079",
			"language": "en",
			"lines": [
				"had"
			]
		},
		{
			"begin": "24.480",
			"end": "25.000",
			"id": "f000080",
			"language": "en",
			"lines": [
				"perfect"
			]
		},
		{
			"begin": "25.000",
			"end": "25.640",
			"id": "f000081",
			"language": "en",
			"lines": [
				"shadows."
			]
		},
		{
			"begin": "25.640",
			"end": "25.640",
			"id": "f000082",
			"language": "en",
			"lines": [
				"In"
			]
		},
		{
			"begin": "25.640",
			"end": "26.640",
			"id": "f000083",
			"language": "en",
			"lines": [
				"his"
			]
		},
		{
			"begin": "26.640",
			"end": "27.360",
			"id": "f000084",
			"language": "en",
			"lines": [
				"mind,"
			]
		},
		{
			"begin": "27.360",
			"end": "27.720",
			"id": "f000085",
			"language": "en",
			"lines": [
				"Moru"
			]
		},
		{
			"begin": "27.720",
			"end": "28.200",
			"id": "f000086",
			"language": "en",
			"lines": [
				"counted"
			]
		},
		{
			"begin": "28.200",
			"end": "28.480",
			"id": "f000087",
			"language": "en",
			"lines": [
				"how"
			]
		},
		{
			"begin": "28.480",
			"end": "28.800",
			"id": "f000088",
			"language": "en",
			"lines": [
				"many"
			]
		},
		{
			"begin": "28.800",
			"end": "29.200",
			"id": "f000089",
			"language": "en",
			"lines": [
				"broken"
			]
		},
		{
			"begin": "29.200",
			"end": "29.480",
			"id": "f000090",
			"language": "en",
			"lines": [
				"bricks"
			]
		},
		{
			"begin": "29.480",
			"end": "29.680",
			"id": "f000091",
			"language": "en",
			"lines": [
				"there"
			]
		},
		{
			"begin": "29.680",
			"end": "29.960",
			"id": "f000092",
			"language": "en",
			"lines": [
				"were"
			]
		},
		{
			"begin": "29.960",
			"end": "30.280",
			"id": "f000093",
			"language": "en",
			"lines": [
				"along"
			]
		},
		{
			"begin": "30.280",
			"end": "30.400",
			"id": "f000094",
			"language": "en",
			"lines": [
				"the"
			]
		},
		{
			"begin": "30.400",
			"end": "30.920",
			"id": "f000095",
			"language": "en",
			"lines": [
				"school\u2019s"
			]
		},
		{
			"begin": "30.920",
			"end": "31.480",
			"id": "f000096",
			"language": "en",
			"lines": [
				"compound"
			]
		},
		{
			"begin": "31.480",
			"end": "32.280",
			"id": "f000097",
			"language": "en",
			"lines": [
				"wall."
			]
		},
		{
			"begin": "32.280",
			"end": "32.440",
			"id": "f000098",
			"language": "en",
			"lines": [
				"He"
			]
		},
		{
			"begin": "32.440",
			"end": "33.280",
			"id": "f000099",
			"language": "en",
			"lines": [
				"calculated"
			]
		},
		{
			"begin": "33.280",
			"end": "33.560",
			"id": "f000100",
			"language": "en",
			"lines": [
				"that"
			]
		},
		{
			"begin": "33.560",
			"end": "33.920",
			"id": "f000101",
			"language": "en",
			"lines": [
				"if"
			]
		},
		{
			"begin": "33.920",
			"end": "34.280",
			"id": "f000102",
			"language": "en",
			"lines": [
				"each"
			]
		},
		{
			"begin": "34.280",
			"end": "34.520",
			"id": "f000103",
			"language": "en",
			"lines": [
				"brick"
			]
		},
		{
			"begin": "34.520",
			"end": "35.000",
			"id": "f000104",
			"language": "en",
			"lines": [
				"costed"
			]
		},
		{
			"begin": "35.000",
			"end": "35.440",
			"id": "f000105",
			"language": "en",
			"lines": [
				"five"
			]
		},
		{
			"begin": "35.440",
			"end": "36.240",
			"id": "f000106",
			"language": "en",
			"lines": [
				"rupees"
			]
		},
		{
			"begin": "36.240",
			"end": "36.400",
			"id": "f000107",
			"language": "en",
			"lines": [
				"it"
			]
		},
		{
			"begin": "36.400",
			"end": "36.520",
			"id": "f000108",
			"language": "en",
			"lines": [
				"would"
			]
		},
		{
			"begin": "36.520",
			"end": "36.760",
			"id": "f000109",
			"language": "en",
			"lines": [
				"take"
			]
		},
		{
			"begin": "36.760",
			"end": "36.960",
			"id": "f000110",
			"language": "en",
			"lines": [
				"more"
			]
		},
		{
			"begin": "36.960",
			"end": "36.960",
			"id": "f000111",
			"language": "en",
			"lines": [
				"than"
			]
		},
		{
			"begin": "36.960",
			"end": "37.400",
			"id": "f000112",
			"language": "en",
			"lines": [
				"one"
			]
		},
		{
			"begin": "37.400",
			"end": "38.000",
			"id": "f000113",
			"language": "en",
			"lines": [
				"thousand"
			]
		},
		{
			"begin": "38.000",
			"end": "38.320",
			"id": "f000114",
			"language": "en",
			"lines": [
				"rupees"
			]
		},
		{
			"begin": "38.320",
			"end": "38.480",
			"id": "f000115",
			"language": "en",
			"lines": [
				"to"
			]
		},
		{
			"begin": "38.480",
			"end": "39.080",
			"id": "f000116",
			"language": "en",
			"lines": [
				"fill"
			]
		},
		{
			"begin": "39.080",
			"end": "39.160",
			"id": "f000117",
			"language": "en",
			"lines": [
				"in"
			]
		},
		{
			"begin": "39.160",
			"end": "39.360",
			"id": "f000118",
			"language": "en",
			"lines": [
				"all"
			]
		},
		{
			"begin": "39.360",
			"end": "39.520",
			"id": "f000119",
			"language": "en",
			"lines": [
				"the"
			]
		},
		{
			"begin": "39.520",
			"end": "39.920",
			"id": "f000120",
			"language": "en",
			"lines": [
				"gaps"
			]
		},
		{
			"begin": "39.920",
			"end": "40.120",
			"id": "f000121",
			"language": "en",
			"lines": [
				"and"
			]
		},
		{
			"begin": "40.120",
			"end": "40.560",
			"id": "f000122",
			"language": "en",
			"lines": [
				"broken"
			]
		},
		{
			"begin": "40.560",
			"end": "41.000",
			"id": "f000123",
			"language": "en",
			"lines": [
				"spaces"
			]
		},
		{
			"begin": "41.000",
			"end": "41.080",
			"id": "f000124",
			"language": "en",
			"lines": [
				"in"
			]
		},
		{
			"begin": "41.080",
			"end": "41.280",
			"id": "f000125",
			"language": "en",
			"lines": [
				"the"
			]
		},
		{
			"begin": "41.280",
			"end": "41.840",
			"id": "f000126",
			"language": "en",
			"lines": [
				"wall."
			]
		}
	]
}