{
 "fragments": [
  {
   "begin": "0.000", 
   "end": "0.560", 
   "id": "f000001", 
   "language": "en", 
   "lines": [
    "Every"
   ]
  }, 
  {
   "begin": "0.560", 
   "end": "1.240", 
   "id": "f000002", 
   "language": "en", 
   "lines": [
    "morning,"
   ]
  }, 
  {
   "begin": "1.240", 
   "end": "1.360", 
   "id": "f000003", 
   "language": "en", 
   "lines": [
    "the"
   ]
  }, 
  {
   "begin": "1.360", 
   "end": "1.840", 
   "id": "f000004", 
   "language": "en", 
   "lines": [
    "teacher"
   ]
  }, 
  {
   "begin": "1.840", 
   "end": "2.080", 
   "id": "f000005", 
   "language": "en", 
   "lines": [
    "wrote"
   ]
  }, 
  {
   "begin": "2.080", 
   "end": "2.480", 
   "id": "f000006", 
   "language": "en", 
   "lines": [
    "things"
   ]
  }, 
  {
   "begin": "2.480", 
   "end": "2.600", 
   "id": "f000007", 
   "language": "en", 
   "lines": [
    "on"
   ]
  }, 
  {
   "begin": "2.600", 
   "end": "2.800", 
   "id": "f000008", 
   "language": "en", 
   "lines": [
    "the"
   ]
  }, 
  {
   "begin": "2.800", 
   "end": "3.360", 
   "id": "f000009", 
   "language": "en", 
   "lines": [
    "blackboard."
   ]
  }, 
  {
   "begin": "3.360", 
   "end": "3.920", 
   "id": "f000010", 
   "language": "en", 
   "lines": [
    "In"
   ]
  }, 
  {
   "begin": "3.920", 
   "end": "4.120", 
   "id": "f000011", 
   "language": "en", 
   "lines": [
    "a"
   ]
  }, 
  {
   "begin": "4.120", 
   "end": "4.600", 
   "id": "f000012", 
   "language": "en", 
   "lines": [
    "loud"
   ]
  }, 
  {
   "begin": "4.600", 
   "end": "5.400", 
   "id": "f000013", 
   "language": "en", 
   "lines": [
    "voice,"
   ]
  }, 
  {
   "begin": "5.400", 
   "end": "5.520", 
   "id": "f000014", 
   "language": "en", 
   "lines": [
    "he"
   ]
  }, 
  {
   "begin": "5.520", 
   "end": "5.800", 
   "id": "f000015", 
   "language": "en", 
   "lines": [
    "told"
   ]
  }, 
  {
   "begin": "5.800", 
   "end": "5.920", 
   "id": "f000016", 
   "language": "en", 
   "lines": [
    "the"
   ]
  }, 
  {
   "begin": "5.920", 
   "end": "6.320", 
   "id": "f000017", 
   "language": "en", 
   "lines": [
    "children"
   ]
  }, 
  {
   "begin": "6.320", 
   "end": "6.440", 
   "id": "f000018", 
   "language": "en", 
   "lines": [
    "to"
   ]
  }, 
  {
   "begin": "6.440", 
   "end": "6.920", 
   "id": "f000019", 
   "language": "en", 
   "lines": [
    "copy"
   ]
  }, 
  {
   "begin": "6.920", 
   "end": "7.000", 
   "id": "f000020", 
   "language": "en", 
   "lines": [
    "it"
   ]
  }, 
  {
   "begin": "7.000", 
   "end": "7.320", 
   "id": "f000021", 
   "language": "en", 
   "lines": [
    "down"
   ]
  }, 
  {
   "begin": "7.320", 
   "end": "7.480", 
   "id": "f000022", 
   "language": "en", 
   "lines": [
    "on"
   ]
  }, 
  {
   "begin": "7.480", 
   "end": "7.680", 
   "id": "f000023", 
   "language": "en", 
   "lines": [
    "their"
   ]
  }, 
  {
   "begin": "7.680", 
   "end": "8.680", 
   "id": "f000024", 
   "language": "en", 
   "lines": [
    "slates."
   ]
  }, 
  {
   "begin": "8.680", 
   "end": "9.000", 
   "id": "f000025", 
   "language": "en", 
   "lines": [
    "Then"
   ]
  }, 
  {
   "begin": "9.000", 
   "end": "9.320", 
   "id": "f000026", 
   "language": "en", 
   "lines": [
    "he"
   ]
  }, 
  {
   "begin": "9.320", 
   "end": "9.560", 
   "id": "f000027", 
   "language": "en", 
   "lines": [
    "would"
   ]
  }, 
  {
   "begin": "9.560", 
   "end": "9.800", 
   "id": "f000028", 
   "language": "en", 
   "lines": [
    "go"
   ]
  }, 
  {
   "begin": "9.800", 
   "end": "10.640", 
   "id": "f000029", 
   "language": "en", 
   "lines": [
    "outside."
   ]
  }, 
  {
   "begin": "10.640", 
   "end": "10.760", 
   "id": "f000030", 
   "language": "en", 
   "lines": [
    "If"
   ]
  }, 
  {
   "begin": "10.760", 
   "end": "10.920", 
   "id": "f000031", 
   "language": "en", 
   "lines": [
    "the"
   ]
  }, 
  {
   "begin": "10.920", 
   "end": "11.240", 
   "id": "f000032", 
   "language": "en", 
   "lines": [
    "boys"
   ]
  }, 
  {
   "begin": "11.240", 
   "end": "11.440", 
   "id": "f000033", 
   "language": "en", 
   "lines": [
    "could"
   ]
  }, 
  {
   "begin": "11.440", 
   "end": "11.720", 
   "id": "f000034", 
   "language": "en", 
   "lines": [
    "copy"
   ]
  }, 
  {
   "begin": "11.720", 
   "end": "12.120", 
   "id": "f000035", 
   "language": "en", 
   "lines": [
    "his"
   ]
  }, 
  {
   "begin": "12.120", 
   "end": "12.360", 
   "id": "f000036", 
   "language": "en", 
   "lines": [
    "things"
   ]
  }, 
  {
   "begin": "12.360", 
   "end": "12.520", 
   "id": "f000037", 
   "language": "en", 
   "lines": [
    "from"
   ]
  }, 
  {
   "begin": "12.520", 
   "end": "12.760", 
   "id": "f000038", 
   "language": "en", 
   "lines": [
    "the"
   ]
  }, 
  {
   "begin": "12.760", 
   "end": "13.280", 
   "id": "f000039", 
   "language": "en", 
   "lines": [
    "blackboard"
   ]
  }, 
  {
   "begin": "13.280", 
   "end": "14.280", 
   "id": "f000040", 
   "language": "en", 
   "lines": [
    "nicely,"
   ]
  }, 
  {
   "begin": "14.280", 
   "end": "14.400", 
   "id": "f000041", 
   "language": "en", 
   "lines": [
    "the"
   ]
  }, 
  {
   "begin": "14.400", 
   "end": "14.800", 
   "id": "f000042", 
   "language": "en", 
   "lines": [
    "teacher"
   ]
  }, 
  {
   "begin": "14.800", 
   "end": "15.040", 
   "id": "f000043", 
   "language": "en", 
   "lines": [
    "looked"
   ]
  }, 
  {
   "begin": "15.040", 
   "end": "15.240", 
   "id": "f000044", 
   "language": "en", 
   "lines": [
    "at"
   ]
  }, 
  {
   "begin": "15.240", 
   "end": "15.880", 
   "id": "f000045", 
   "language": "en", 
   "lines": [
    "it."
   ]
  }, 
  {
   "begin": "15.880", 
   "end": "16.000", 
   "id": "f000046", 
   "language": "en", 
   "lines": [
    "If"
   ]
  }, 
  {
   "begin": "16.000", 
   "end": "16.160", 
   "id": "f000047", 
   "language": "en", 
   "lines": [
    "they"
   ]
  }, 
  {
   "begin": "16.160", 
   "end": "16.360", 
   "id": "f000048", 
   "language": "en", 
   "lines": [
    "could"
   ]
  }, 
  {
   "begin": "16.360", 
   "end": "16.600", 
   "id": "f000049", 
   "language": "en", 
   "lines": [
    "not"
   ]
  }, 
  {
   "begin": "16.600", 
   "end": "16.880", 
   "id": "f000050", 
   "language": "en", 
   "lines": [
    "do"
   ]
  }, 
  {
   "begin": "16.880", 
   "end": "17.440", 
   "id": "f000051", 
   "language": "en", 
   "lines": [
    "it,"
   ]
  }, 
  {
   "begin": "17.440", 
   "end": "17.560", 
   "id": "f000052", 
   "language": "en", 
   "lines": [
    "the"
   ]
  }, 
  {
   "begin": "17.560", 
   "end": "17.960", 
   "id": "f000053", 
   "language": "en", 
   "lines": [
    "teacher"
   ]
  }, 
  {
   "begin": "17.960", 
   "end": "18.280", 
   "id": "f000054", 
   "language": "en", 
   "lines": [
    "got"
   ]
  }, 
  {
   "begin": "18.280", 
   "end": "19.120", 
   "id": "f000055", 
   "language": "en", 
   "lines": [
    "angry."
   ]
  }, 
  {
   "begin": "19.120", 
   "end": "19.320", 
   "id": "f000056", 
   "language": "en", 
   "lines": [
    "When"
   ]
  }, 
  {
   "begin": "19.320", 
   "end": "19.440", 
   "id": "f000057", 
   "language": "en", 
   "lines": [
    "he"
   ]
  }, 
  {
   "begin": "19.440", 
   "end": "19.680", 
   "id": "f000058", 
   "language": "en", 
   "lines": [
    "was"
   ]
  }, 
  {
   "begin": "19.680", 
   "end": "20.080", 
   "id": "f000059", 
   "language": "en", 
   "lines": [
    "angry,"
   ]
  }, 
  {
   "begin": "20.080", 
   "end": "20.400", 
   "id": "f000060", 
   "language": "en", 
   "lines": [
    "he"
   ]
  }, 
  {
   "begin": "20.400", 
   "end": "20.680", 
   "id": "f000061", 
   "language": "en", 
   "lines": [
    "would"
   ]
  }, 
  {
   "begin": "20.680", 
   "end": "20.960", 
   "id": "f000062", 
   "language": "en", 
   "lines": [
    "call"
   ]
  }, 
  {
   "begin": "20.960", 
   "end": "21.080", 
   "id": "f000063", 
   "language": "en", 
   "lines": [
    "the"
   ]
  }, 
  {
   "begin": "21.080", 
   "end": "21.520", 
   "id": "f000064", 
   "language": "en", 
   "lines": [
    "children"
   ]
  }, 
  {
   "begin": "21.520", 
   "end": "21.960", 
   "id": "f000065", 
   "language": "en", 
   "lines": [
    "names"
   ]
  }, 
  {
   "begin": "21.960", 
   "end": "21.960", 
   "id": "f000066", 
   "language": "en", 
   "lines": [
    "and"
   ]
  }, 
  {
   "begin": "21.960", 
   "end": "22.360", 
   "id": "f000067", 
   "language": "en", 
   "lines": [
    "if"
   ]
  }, 
  {
   "begin": "22.360", 
   "end": "22.840", 
   "id": "f000068", 
   "language": "en", 
   "lines": [
    "he"
   ]
  }, 
  {
   "begin": "22.840", 
   "end": "23.160", 
   "id": "f000069", 
   "language": "en", 
   "lines": [
    "got"
   ]
  }, 
  {
   "begin": "23.160", 
   "end": "23.600", 
   "id": "f000070", 
   "language": "en", 
   "lines": [
    "very"
   ]
  }, 
  {
   "begin": "23.600", 
   "end": "24.040", 
   "id": "f000071", 
   "language": "en", 
   "lines": [
    "angry"
   ]
  }, 
  {
   "begin": "24.040", 
   "end": "24.440", 
   "id": "f000072", 
   "language": "en", 
   "lines": [
    "he"
   ]
  }, 
  {
   "begin": "24.440", 
   "end": "24.600", 
   "id": "f000073", 
   "language": "en", 
   "lines": [
    "would"
   ]
  }, 
  {
   "begin": "24.600", 
   "end": "24.880", 
   "id": "f000074", 
   "language": "en", 
   "lines": [
    "hit"
   ]
  }, 
  {
   "begin": "24.880", 
   "end": "25.120", 
   "id": "f000075", 
   "language": "en", 
   "lines": [
    "them"
   ]
  }, 
  {
   "begin": "25.120", 
   "end": "25.520", 
   "id": "f000076", 
   "language": "en", 
   "lines": [
    "hard."
   ]
  }
 ]
}