{
 "fragments": [
  {
   "begin": "0.000", 
   "end": "0.400", 
   "id": "f000001", 
   "language": "en", 
   "lines": [
    "There"
   ]
  }, 
  {
   "begin": "0.400", 
   "end": "0.720", 
   "id": "f000002", 
   "language": "en", 
   "lines": [
    "was"
   ]
  }, 
  {
   "begin": "0.720", 
   "end": "1.920", 
   "id": "f000003", 
   "language": "en", 
   "lines": [
    "Moru."
   ]
  }, 
  {
   "begin": "1.920", 
   "end": "2.200", 
   "id": "f000004", 
   "language": "en", 
   "lines": [
    "His"
   ]
  }, 
  {
   "begin": "2.200", 
   "end": "2.320", 
   "id": "f000005", 
   "language": "en", 
   "lines": [
    "head"
   ]
  }, 
  {
   "begin": "2.320", 
   "end": "2.600", 
   "id": "f000006", 
   "language": "en", 
   "lines": [
    "was"
   ]
  }, 
  {
   "begin": "2.600", 
   "end": "2.840", 
   "id": "f000007", 
   "language": "en", 
   "lines": [
    "down,"
   ]
  }, 
  {
   "begin": "2.840", 
   "end": "3.320", 
   "id": "f000008", 
   "language": "en", 
   "lines": [
    "and"
   ]
  }, 
  {
   "begin": "3.320", 
   "end": "3.560", 
   "id": "f000009", 
   "language": "en", 
   "lines": [
    "he"
   ]
  }, 
  {
   "begin": "3.560", 
   "end": "3.760", 
   "id": "f000010", 
   "language": "en", 
   "lines": [
    "was"
   ]
  }, 
  {
   "begin": "3.760", 
   "end": "4.120", 
   "id": "f000011", 
   "language": "en", 
   "lines": [
    "looking"
   ]
  }, 
  {
   "begin": "4.120", 
   "end": "4.800", 
   "id": "f000012", 
   "language": "en", 
   "lines": [
    "carefully"
   ]
  }, 
  {
   "begin": "4.800", 
   "end": "5.080", 
   "id": "f000013", 
   "language": "en", 
   "lines": [
    "into"
   ]
  }, 
  {
   "begin": "5.080", 
   "end": "5.240", 
   "id": "f000014", 
   "language": "en", 
   "lines": [
    "his"
   ]
  }, 
  {
   "begin": "5.240", 
   "end": "5.280", 
   "id": "f000015", 
   "language": "en", 
   "lines": [
    "notebook."
   ]
  }, 
  {
   "begin": "5.280", 
   "end": "5.520", 
   "id": "f000016", 
   "language": "en", 
   "lines": [
    "There"
   ]
  }, 
  {
   "begin": "5.520", 
   "end": "6.400", 
   "id": "f000017", 
   "language": "en", 
   "lines": [
    "was"
   ]
  }, 
  {
   "begin": "6.400", 
   "end": "6.760", 
   "id": "f000018", 
   "language": "en", 
   "lines": [
    "a"
   ]
  }, 
  {
   "begin": "6.760", 
   "end": "7.320", 
   "id": "f000019", 
   "language": "en", 
   "lines": [
    "frown"
   ]
  }, 
  {
   "begin": "7.320", 
   "end": "7.480", 
   "id": "f000020", 
   "language": "en", 
   "lines": [
    "of"
   ]
  }, 
  {
   "begin": "7.480", 
   "end": "8.080", 
   "id": "f000021", 
   "language": "en", 
   "lines": [
    "concentration"
   ]
  }, 
  {
   "begin": "8.080", 
   "end": "8.280", 
   "id": "f000022", 
   "language": "en", 
   "lines": [
    "on"
   ]
  }, 
  {
   "begin": "8.280", 
   "end": "8.480", 
   "id": "f000023", 
   "language": "en", 
   "lines": [
    "his"
   ]
  }, 
  {
   "begin": "8.480", 
   "end": "8.960", 
   "id": "f000024", 
   "language": "en", 
   "lines": [
    "forehead"
   ]
  }, 
  {
   "begin": "8.960", 
   "end": "9.280", 
   "id": "f000025", 
   "language": "en", 
   "lines": [
    "and"
   ]
  }, 
  {
   "begin": "9.280", 
   "end": "9.560", 
   "id": "f000026", 
   "language": "en", 
   "lines": [
    "a"
   ]
  }, 
  {
   "begin": "9.560", 
   "end": "9.840", 
   "id": "f000027", 
   "language": "en", 
   "lines": [
    "deep"
   ]
  }, 
  {
   "begin": "9.840", 
   "end": "10.040", 
   "id": "f000028", 
   "language": "en", 
   "lines": [
    "look"
   ]
  }, 
  {
   "begin": "10.040", 
   "end": "10.200", 
   "id": "f000029", 
   "language": "en", 
   "lines": [
    "of"
   ]
  }, 
  {
   "begin": "10.200", 
   "end": "10.920", 
   "id": "f000030", 
   "language": "en", 
   "lines": [
    "absorption"
   ]
  }, 
  {
   "begin": "10.920", 
   "end": "11.040", 
   "id": "f000031", 
   "language": "en", 
   "lines": [
    "in"
   ]
  }, 
  {
   "begin": "11.040", 
   "end": "11.280", 
   "id": "f000032", 
   "language": "en", 
   "lines": [
    "his"
   ]
  }, 
  {
   "begin": "11.280", 
   "end": "11.720", 
   "id": "f000033", 
   "language": "en", 
   "lines": [
    "eyes."
   ]
  }, 
  {
   "begin": "11.720", 
   "end": "12.120", 
   "id": "f000034", 
   "language": "en", 
   "lines": [
    "He"
   ]
  }, 
  {
   "begin": "12.120", 
   "end": "12.480", 
   "id": "f000035", 
   "language": "en", 
   "lines": [
    "was"
   ]
  }, 
  {
   "begin": "12.480", 
   "end": "12.800", 
   "id": "f000036", 
   "language": "en", 
   "lines": [
    "busy"
   ]
  }, 
  {
   "begin": "12.800", 
   "end": "13.200", 
   "id": "f000037", 
   "language": "en", 
   "lines": [
    "solving"
   ]
  }, 
  {
   "begin": "13.200", 
   "end": "13.960", 
   "id": "f000038", 
   "language": "en", 
   "lines": [
    "complicated"
   ]
  }, 
  {
   "begin": "13.960", 
   "end": "14.640", 
   "id": "f000039", 
   "language": "en", 
   "lines": [
    "mathematics"
   ]
  }, 
  {
   "begin": "14.640", 
   "end": "15.560", 
   "id": "f000040", 
   "language": "en", 
   "lines": [
    "problems"
   ]
  }, 
  {
   "begin": "15.560", 
   "end": "15.880", 
   "id": "f000041", 
   "language": "en", 
   "lines": [
    "along"
   ]
  }, 
  {
   "begin": "15.880", 
   "end": "16.120", 
   "id": "f000042", 
   "language": "en", 
   "lines": [
    "with"
   ]
  }, 
  {
   "begin": "16.120", 
   "end": "16.320", 
   "id": "f000043", 
   "language": "en", 
   "lines": [
    "all"
   ]
  }, 
  {
   "begin": "16.320", 
   "end": "16.600", 
   "id": "f000044", 
   "language": "en", 
   "lines": [
    "the"
   ]
  }, 
  {
   "begin": "16.600", 
   "end": "16.680", 
   "id": "f000045", 
   "language": "en", 
   "lines": [
    "other"
   ]
  }, 
  {
   "begin": "16.680", 
   "end": "17.080", 
   "id": "f000046", 
   "language": "en", 
   "lines": [
    "children"
   ]
  }, 
  {
   "begin": "17.080", 
   "end": "17.280", 
   "id": "f000047", 
   "language": "en", 
   "lines": [
    "of"
   ]
  }, 
  {
   "begin": "17.280", 
   "end": "17.480", 
   "id": "f000048", 
   "language": "en", 
   "lines": [
    "his"
   ]
  }, 
  {
   "begin": "17.480", 
   "end": "17.840", 
   "id": "f000049", 
   "language": "en", 
   "lines": [
    "age.\n\n"
   ]
  }, 
  {
   "begin": "17.840", 
   "end": "17.840", 
   "id": "f000050", 
   "language": "en", 
   "lines": [
    ""
   ]
  }, 
  {
   "begin": "17.840", 
   "end": "17.840", 
   "id": "f000051", 
   "language": "en", 
   "lines": [
    ""
   ]
  }, 
  {
   "begin": "17.840", 
   "end": "18.440", 
   "id": "f000052", 
   "language": "en", 
   "lines": [
    "The"
   ]
  }, 
  {
   "begin": "18.440", 
   "end": "18.800", 
   "id": "f000053", 
   "language": "en", 
   "lines": [
    "teacher"
   ]
  }, 
  {
   "begin": "18.800", 
   "end": "19.080", 
   "id": "f000054", 
   "language": "en", 
   "lines": [
    "looked"
   ]
  }, 
  {
   "begin": "19.080", 
   "end": "19.280", 
   "id": "f000055", 
   "language": "en", 
   "lines": [
    "out"
   ]
  }, 
  {
   "begin": "19.280", 
   "end": "19.920", 
   "id": "f000056", 
   "language": "en", 
   "lines": [
    "too,"
   ]
  }, 
  {
   "begin": "19.920", 
   "end": "20.040", 
   "id": "f000057", 
   "language": "en", 
   "lines": [
    "and"
   ]
  }, 
  {
   "begin": "20.040", 
   "end": "20.160", 
   "id": "f000058", 
   "language": "en", 
   "lines": [
    "he"
   ]
  }, 
  {
   "begin": "20.160", 
   "end": "20.640", 
   "id": "f000059", 
   "language": "en", 
   "lines": [
    "smiled"
   ]
  }, 
  {
   "begin": "20.640", 
   "end": "20.840", 
   "id": "f000060", 
   "language": "en", 
   "lines": [
    "his"
   ]
  }, 
  {
   "begin": "20.840", 
   "end": "21.240", 
   "id": "f000061", 
   "language": "en", 
   "lines": [
    "soft"
   ]
  }, 
  {
   "begin": "21.240", 
   "end": "21.480", 
   "id": "f000062", 
   "language": "en", 
   "lines": [
    "warm"
   ]
  }, 
  {
   "begin": "21.480", 
   "end": "21.960", 
   "id": "f000063", 
   "language": "en", 
   "lines": [
    "smile"
   ]
  }, 
  {
   "begin": "21.960", 
   "end": "22.200", 
   "id": "f000064", 
   "language": "en", 
   "lines": [
    "at"
   ]
  }, 
  {
   "begin": "22.200", 
   "end": "22.680", 
   "id": "f000065", 
   "language": "en", 
   "lines": [
    "Moru's"
   ]
  }, 
  {
   "begin": "22.680", 
   "end": "23.360", 
   "id": "f000066", 
   "language": "en", 
   "lines": [
    "mother."
   ]
  }, 
  {
   "begin": "23.360", 
   "end": "23.560", 
   "id": "f000067", 
   "language": "en", 
   "lines": [
    "She"
   ]
  }, 
  {
   "begin": "23.560", 
   "end": "24.000", 
   "id": "f000068", 
   "language": "en", 
   "lines": [
    "smiled"
   ]
  }, 
  {
   "begin": "24.000", 
   "end": "24.280", 
   "id": "f000069", 
   "language": "en", 
   "lines": [
    "back"
   ]
  }, 
  {
   "begin": "24.280", 
   "end": "25.560", 
   "id": "f000070", 
   "language": "en", 
   "lines": [
    "happily."
   ]
  }, 
  {
   "begin": "25.560", 
   "end": "25.920", 
   "id": "f000071", 
   "language": "en", 
   "lines": [
    "Moru"
   ]
  }, 
  {
   "begin": "25.920", 
   "end": "26.160", 
   "id": "f000072", 
   "language": "en", 
   "lines": [
    "was"
   ]
  }, 
  {
   "begin": "26.160", 
   "end": "26.320", 
   "id": "f000073", 
   "language": "en", 
   "lines": [
    "in"
   ]
  }, 
  {
   "begin": "26.320", 
   "end": "26.800", 
   "id": "f000074", 
   "language": "en", 
   "lines": [
    "school"
   ]
  }, 
  {
   "begin": "26.800", 
   "end": "27.320", 
   "id": "f000075", 
   "language": "en", 
   "lines": [
    "again.\n\n"
   ]
  }, 
  {
   "begin": "27.320", 
   "end": "27.320", 
   "id": "f000076", 
   "language": "en", 
   "lines": [
    ""
   ]
  }, 
  {
   "begin": "27.320", 
   "end": "27.840", 
   "id": "f000077", 
   "language": "en", 
   "lines": [
    ""
   ]
  }, 
  {
   "begin": "27.840", 
   "end": "28.080", 
   "id": "f000078", 
   "language": "en", 
   "lines": [
    "This"
   ]
  }, 
  {
   "begin": "28.080", 
   "end": "28.440", 
   "id": "f000079", 
   "language": "en", 
   "lines": [
    "time"
   ]
  }, 
  {
   "begin": "28.440", 
   "end": "28.520", 
   "id": "f000080", 
   "language": "en", 
   "lines": [
    "he"
   ]
  }, 
  {
   "begin": "28.520", 
   "end": "28.920", 
   "id": "f000081", 
   "language": "en", 
   "lines": [
    "was"
   ]
  }, 
  {
   "begin": "28.920", 
   "end": "29.080", 
   "id": "f000082", 
   "language": "en", 
   "lines": [
    "learning"
   ]
  }, 
  {
   "begin": "29.080", 
   "end": "29.360", 
   "id": "f000083", 
   "language": "en", 
   "lines": [
    "more"
   ]
  }, 
  {
   "begin": "29.360", 
   "end": "29.720", 
   "id": "f000084", 
   "language": "en", 
   "lines": [
    "and"
   ]
  }, 
  {
   "begin": "29.720", 
   "end": "30.360", 
   "id": "f000085", 
   "language": "en", 
   "lines": [
    "more."
   ]
  }, 
  {
   "begin": "30.360", 
   "end": "30.600", 
   "id": "f000086", 
   "language": "en", 
   "lines": [
    "And"
   ]
  }, 
  {
   "begin": "30.600", 
   "end": "30.920", 
   "id": "f000087", 
   "language": "en", 
   "lines": [
    "most"
   ]
  }, 
  {
   "begin": "30.920", 
   "end": "32.120", 
   "id": "f000088", 
   "language": "en", 
   "lines": [
    "importantly,"
   ]
  }, 
  {
   "begin": "32.120", 
   "end": "32.360", 
   "id": "f000089", 
   "language": "en", 
   "lines": [
    "this"
   ]
  }, 
  {
   "begin": "32.360", 
   "end": "32.680", 
   "id": "f000090", 
   "language": "en", 
   "lines": [
    "time"
   ]
  }, 
  {
   "begin": "32.680", 
   "end": "32.840", 
   "id": "f000091", 
   "language": "en", 
   "lines": [
    "he"
   ]
  }, 
  {
   "begin": "32.840", 
   "end": "33.120", 
   "id": "f000092", 
   "language": "en", 
   "lines": [
    "was"
   ]
  }, 
  {
   "begin": "33.120", 
   "end": "33.480", 
   "id": "f000093", 
   "language": "en", 
   "lines": [
    "loving"
   ]
  }, 
  {
   "begin": "33.480", 
   "end": "33.960", 
   "id": "f000094", 
   "language": "en", 
   "lines": [
    "it."
   ]
  }
 ]
}