{
 "fragments": [
  {
   "begin": "0.000", 
   "end": "0.720", 
   "id": "f000001", 
   "language": "en", 
   "lines": [
    "Moru"
   ]
  }, 
  {
   "begin": "0.720", 
   "end": "1.120", 
   "id": "f000002", 
   "language": "en", 
   "lines": [
    "liked"
   ]
  }, 
  {
   "begin": "1.120", 
   "end": "2.360", 
   "id": "f000003", 
   "language": "en", 
   "lines": [
    "numbers."
   ]
  }, 
  {
   "begin": "2.360", 
   "end": "2.680", 
   "id": "f000004", 
   "language": "en", 
   "lines": [
    "Number"
   ]
  }, 
  {
   "begin": "2.680", 
   "end": "2.960", 
   "id": "f000005", 
   "language": "en", 
   "lines": [
    "1"
   ]
  }, 
  {
   "begin": "2.960", 
   "end": "3.120", 
   "id": "f000006", 
   "language": "en", 
   "lines": [
    "looked"
   ]
  }, 
  {
   "begin": "3.120", 
   "end": "3.600", 
   "id": "f000007", 
   "language": "en", 
   "lines": [
    "thin"
   ]
  }, 
  {
   "begin": "3.600", 
   "end": "3.720", 
   "id": "f000008", 
   "language": "en", 
   "lines": [
    "and"
   ]
  }, 
  {
   "begin": "3.720", 
   "end": "4.480", 
   "id": "f000009", 
   "language": "en", 
   "lines": [
    "lonely;"
   ]
  }, 
  {
   "begin": "4.480", 
   "end": "4.920", 
   "id": "f000010", 
   "language": "en", 
   "lines": [
    "100"
   ]
  }, 
  {
   "begin": "4.920", 
   "end": "5.240", 
   "id": "f000011", 
   "language": "en", 
   "lines": [
    "was"
   ]
  }, 
  {
   "begin": "5.240", 
   "end": "5.720", 
   "id": "f000012", 
   "language": "en", 
   "lines": [
    "fat"
   ]
  }, 
  {
   "begin": "5.720", 
   "end": "5.920", 
   "id": "f000013", 
   "language": "en", 
   "lines": [
    "and"
   ]
  }, 
  {
   "begin": "5.920", 
   "end": "6.160", 
   "id": "f000014", 
   "language": "en", 
   "lines": [
    "wealthy."
   ]
  }, 
  {
   "begin": "6.160", 
   "end": "6.840", 
   "id": "f000015", 
   "language": "en", 
   "lines": [
    "How"
   ]
  }, 
  {
   "begin": "6.840", 
   "end": "7.520", 
   "id": "f000016", 
   "language": "en", 
   "lines": [
    "graceful"
   ]
  }, 
  {
   "begin": "7.520", 
   "end": "7.880", 
   "id": "f000017", 
   "language": "en", 
   "lines": [
    "9"
   ]
  }, 
  {
   "begin": "7.880", 
   "end": "8.800", 
   "id": "f000018", 
   "language": "en", 
   "lines": [
    "was,"
   ]
  }, 
  {
   "begin": "8.800", 
   "end": "9.120", 
   "id": "f000019", 
   "language": "en", 
   "lines": [
    "even"
   ]
  }, 
  {
   "begin": "9.120", 
   "end": "9.400", 
   "id": "f000020", 
   "language": "en", 
   "lines": [
    "more"
   ]
  }, 
  {
   "begin": "9.400", 
   "end": "9.680", 
   "id": "f000021", 
   "language": "en", 
   "lines": [
    "so"
   ]
  }, 
  {
   "begin": "9.680", 
   "end": "9.840", 
   "id": "f000022", 
   "language": "en", 
   "lines": [
    "when"
   ]
  }, 
  {
   "begin": "9.840", 
   "end": "10.200", 
   "id": "f000023", 
   "language": "en", 
   "lines": [
    "she"
   ]
  }, 
  {
   "begin": "10.200", 
   "end": "10.400", 
   "id": "f000024", 
   "language": "en", 
   "lines": [
    "stood"
   ]
  }, 
  {
   "begin": "10.400", 
   "end": "10.720", 
   "id": "f000025", 
   "language": "en", 
   "lines": [
    "next"
   ]
  }, 
  {
   "begin": "10.720", 
   "end": "10.920", 
   "id": "f000026", 
   "language": "en", 
   "lines": [
    "to"
   ]
  }, 
  {
   "begin": "10.920", 
   "end": "11.280", 
   "id": "f000027", 
   "language": "en", 
   "lines": [
    "1"
   ]
  }, 
  {
   "begin": "11.280", 
   "end": "11.520", 
   "id": "f000028", 
   "language": "en", 
   "lines": [
    "and"
   ]
  }, 
  {
   "begin": "11.520", 
   "end": "11.720", 
   "id": "f000029", 
   "language": "en", 
   "lines": [
    "became"
   ]
  }, 
  {
   "begin": "11.720", 
   "end": "13.200", 
   "id": "f000030", 
   "language": "en", 
   "lines": [
    "19.&nbsp;\n\n"
   ]
  }, 
  {
   "begin": "13.200", 
   "end": "13.200", 
   "id": "f000031", 
   "language": "en", 
   "lines": [
    ""
   ]
  }, 
  {
   "begin": "13.200", 
   "end": "13.800", 
   "id": "f000032", 
   "language": "en", 
   "lines": [
    "Numbers"
   ]
  }, 
  {
   "begin": "13.800", 
   "end": "13.840", 
   "id": "f000033", 
   "language": "en", 
   "lines": [
    "were"
   ]
  }, 
  {
   "begin": "13.840", 
   "end": "14.160", 
   "id": "f000034", 
   "language": "en", 
   "lines": [
    "like"
   ]
  }, 
  {
   "begin": "14.160", 
   "end": "14.440", 
   "id": "f000035", 
   "language": "en", 
   "lines": [
    "an"
   ]
  }, 
  {
   "begin": "14.440", 
   "end": "15.000", 
   "id": "f000036", 
   "language": "en", 
   "lines": [
    "unending"
   ]
  }, 
  {
   "begin": "15.000", 
   "end": "16.080", 
   "id": "f000037", 
   "language": "en", 
   "lines": [
    "staircase."
   ]
  }, 
  {
   "begin": "16.080", 
   "end": "16.600", 
   "id": "f000038", 
   "language": "en", 
   "lines": [
    "Moru"
   ]
  }, 
  {
   "begin": "16.600", 
   "end": "17.120", 
   "id": "f000039", 
   "language": "en", 
   "lines": [
    "imagined"
   ]
  }, 
  {
   "begin": "17.120", 
   "end": "17.640", 
   "id": "f000040", 
   "language": "en", 
   "lines": [
    "climbing"
   ]
  }, 
  {
   "begin": "17.640", 
   "end": "17.960", 
   "id": "f000041", 
   "language": "en", 
   "lines": [
    "them"
   ]
  }, 
  {
   "begin": "17.960", 
   "end": "18.200", 
   "id": "f000042", 
   "language": "en", 
   "lines": [
    "one"
   ]
  }, 
  {
   "begin": "18.200", 
   "end": "18.400", 
   "id": "f000043", 
   "language": "en", 
   "lines": [
    "by"
   ]
  }, 
  {
   "begin": "18.400", 
   "end": "18.680", 
   "id": "f000044", 
   "language": "en", 
   "lines": [
    "one"
   ]
  }, 
  {
   "begin": "18.680", 
   "end": "18.880", 
   "id": "f000045", 
   "language": "en", 
   "lines": [
    "by"
   ]
  }, 
  {
   "begin": "18.880", 
   "end": "19.560", 
   "id": "f000046", 
   "language": "en", 
   "lines": [
    "one,"
   ]
  }, 
  {
   "begin": "19.560", 
   "end": "20.000", 
   "id": "f000047", 
   "language": "en", 
   "lines": [
    "racing"
   ]
  }, 
  {
   "begin": "20.000", 
   "end": "20.240", 
   "id": "f000048", 
   "language": "en", 
   "lines": [
    "up,"
   ]
  }, 
  {
   "begin": "20.240", 
   "end": "21.200", 
   "id": "f000049", 
   "language": "en", 
   "lines": [
    "sometimes"
   ]
  }, 
  {
   "begin": "21.200", 
   "end": "21.560", 
   "id": "f000050", 
   "language": "en", 
   "lines": [
    "two,"
   ]
  }, 
  {
   "begin": "21.560", 
   "end": "22.600", 
   "id": "f000051", 
   "language": "en", 
   "lines": [
    "sometimes"
   ]
  }, 
  {
   "begin": "22.600", 
   "end": "22.920", 
   "id": "f000052", 
   "language": "en", 
   "lines": [
    "three"
   ]
  }, 
  {
   "begin": "22.920", 
   "end": "23.040", 
   "id": "f000053", 
   "language": "en", 
   "lines": [
    "or"
   ]
  }, 
  {
   "begin": "23.040", 
   "end": "23.440", 
   "id": "f000054", 
   "language": "en", 
   "lines": [
    "four"
   ]
  }, 
  {
   "begin": "23.440", 
   "end": "23.640", 
   "id": "f000055", 
   "language": "en", 
   "lines": [
    "or"
   ]
  }, 
  {
   "begin": "23.640", 
   "end": "23.960", 
   "id": "f000056", 
   "language": "en", 
   "lines": [
    "more"
   ]
  }, 
  {
   "begin": "23.960", 
   "end": "24.360", 
   "id": "f000057", 
   "language": "en", 
   "lines": [
    "steps"
   ]
  }, 
  {
   "begin": "24.360", 
   "end": "24.560", 
   "id": "f000058", 
   "language": "en", 
   "lines": [
    "at"
   ]
  }, 
  {
   "begin": "24.560", 
   "end": "24.640", 
   "id": "f000059", 
   "language": "en", 
   "lines": [
    "a"
   ]
  }, 
  {
   "begin": "24.640", 
   "end": "25.160", 
   "id": "f000060", 
   "language": "en", 
   "lines": [
    "time."
   ]
  }
 ]
}