{
 "fragments": [
  {
   "begin": "0.000", 
   "end": "0.520", 
   "id": "f000001", 
   "language": "en", 
   "lines": [
    "Then"
   ]
  }, 
  {
   "begin": "0.520", 
   "end": "0.760", 
   "id": "f000002", 
   "language": "en", 
   "lines": [
    "came"
   ]
  }, 
  {
   "begin": "0.760", 
   "end": "0.920", 
   "id": "f000003", 
   "language": "en", 
   "lines": [
    "the"
   ]
  }, 
  {
   "begin": "0.920", 
   "end": "1.280", 
   "id": "f000004", 
   "language": "en", 
   "lines": [
    "books"
   ]
  }, 
  {
   "begin": "1.280", 
   "end": "1.600", 
   "id": "f000005", 
   "language": "en", 
   "lines": [
    "with"
   ]
  }, 
  {
   "begin": "1.600", 
   "end": "2.600", 
   "id": "f000006", 
   "language": "en", 
   "lines": [
    "numbers."
   ]
  }, 
  {
   "begin": "2.600", 
   "end": "3.160", 
   "id": "f000007", 
   "language": "en", 
   "lines": [
    "Moru's"
   ]
  }, 
  {
   "begin": "3.160", 
   "end": "3.640", 
   "id": "f000008", 
   "language": "en", 
   "lines": [
    "eyes"
   ]
  }, 
  {
   "begin": "3.640", 
   "end": "3.840", 
   "id": "f000009", 
   "language": "en", 
   "lines": [
    "and"
   ]
  }, 
  {
   "begin": "3.840", 
   "end": "4.280", 
   "id": "f000010", 
   "language": "en", 
   "lines": [
    "fingers"
   ]
  }, 
  {
   "begin": "4.280", 
   "end": "4.680", 
   "id": "f000011", 
   "language": "en", 
   "lines": [
    "slowed"
   ]
  }, 
  {
   "begin": "4.680", 
   "end": "5.000", 
   "id": "f000012", 
   "language": "en", 
   "lines": [
    "down."
   ]
  }, 
  {
   "begin": "5.000", 
   "end": "5.000", 
   "id": "f000013", 
   "language": "en", 
   "lines": [
    "The"
   ]
  }, 
  {
   "begin": "5.000", 
   "end": "5.920", 
   "id": "f000014", 
   "language": "en", 
   "lines": [
    "fat"
   ]
  }, 
  {
   "begin": "5.920", 
   "end": "6.440", 
   "id": "f000015", 
   "language": "en", 
   "lines": [
    "numbers"
   ]
  }, 
  {
   "begin": "6.440", 
   "end": "6.840", 
   "id": "f000016", 
   "language": "en", 
   "lines": [
    "danced"
   ]
  }, 
  {
   "begin": "6.840", 
   "end": "6.960", 
   "id": "f000017", 
   "language": "en", 
   "lines": [
    "with"
   ]
  }, 
  {
   "begin": "6.960", 
   "end": "7.120", 
   "id": "f000018", 
   "language": "en", 
   "lines": [
    "the"
   ]
  }, 
  {
   "begin": "7.120", 
   "end": "7.400", 
   "id": "f000019", 
   "language": "en", 
   "lines": [
    "thin"
   ]
  }, 
  {
   "begin": "7.400", 
   "end": "7.880", 
   "id": "f000020", 
   "language": "en", 
   "lines": [
    "ones."
   ]
  }, 
  {
   "begin": "7.880", 
   "end": "8.360", 
   "id": "f000021", 
   "language": "en", 
   "lines": [
    "Two"
   ]
  }, 
  {
   "begin": "8.360", 
   "end": "8.880", 
   "id": "f000022", 
   "language": "en", 
   "lines": [
    "digits"
   ]
  }, 
  {
   "begin": "8.880", 
   "end": "9.360", 
   "id": "f000023", 
   "language": "en", 
   "lines": [
    "balanced"
   ]
  }, 
  {
   "begin": "9.360", 
   "end": "9.480", 
   "id": "f000024", 
   "language": "en", 
   "lines": [
    "one"
   ]
  }, 
  {
   "begin": "9.480", 
   "end": "9.800", 
   "id": "f000025", 
   "language": "en", 
   "lines": [
    "on"
   ]
  }, 
  {
   "begin": "9.800", 
   "end": "10.080", 
   "id": "f000026", 
   "language": "en", 
   "lines": [
    "top"
   ]
  }, 
  {
   "begin": "10.080", 
   "end": "10.240", 
   "id": "f000027", 
   "language": "en", 
   "lines": [
    "of"
   ]
  }, 
  {
   "begin": "10.240", 
   "end": "10.520", 
   "id": "f000028", 
   "language": "en", 
   "lines": [
    "the"
   ]
  }, 
  {
   "begin": "10.520", 
   "end": "10.640", 
   "id": "f000029", 
   "language": "en", 
   "lines": [
    "other"
   ]
  }, 
  {
   "begin": "10.640", 
   "end": "10.920", 
   "id": "f000030", 
   "language": "en", 
   "lines": [
    "like"
   ]
  }, 
  {
   "begin": "10.920", 
   "end": "11.160", 
   "id": "f000031", 
   "language": "en", 
   "lines": [
    "an"
   ]
  }, 
  {
   "begin": "11.160", 
   "end": "11.800", 
   "id": "f000032", 
   "language": "en", 
   "lines": [
    "unsteady"
   ]
  }, 
  {
   "begin": "11.800", 
   "end": "12.520", 
   "id": "f000033", 
   "language": "en", 
   "lines": [
    "building"
   ]
  }, 
  {
   "begin": "12.520", 
   "end": "12.920", 
   "id": "f000034", 
   "language": "en", 
   "lines": [
    "still"
   ]
  }, 
  {
   "begin": "12.920", 
   "end": "13.120", 
   "id": "f000035", 
   "language": "en", 
   "lines": [
    "waiting"
   ]
  }, 
  {
   "begin": "13.120", 
   "end": "13.400", 
   "id": "f000036", 
   "language": "en", 
   "lines": [
    "for"
   ]
  }, 
  {
   "begin": "13.400", 
   "end": "13.560", 
   "id": "f000037", 
   "language": "en", 
   "lines": [
    "the"
   ]
  }, 
  {
   "begin": "13.560", 
   "end": "13.960", 
   "id": "f000038", 
   "language": "en", 
   "lines": [
    "base"
   ]
  }, 
  {
   "begin": "13.960", 
   "end": "14.000", 
   "id": "f000039", 
   "language": "en", 
   "lines": [
    "to"
   ]
  }, 
  {
   "begin": "14.000", 
   "end": "14.200", 
   "id": "f000040", 
   "language": "en", 
   "lines": [
    "be"
   ]
  }, 
  {
   "begin": "14.200", 
   "end": "14.840", 
   "id": "f000041", 
   "language": "en", 
   "lines": [
    "filled."
   ]
  }, 
  {
   "begin": "14.840", 
   "end": "15.280", 
   "id": "f000042", 
   "language": "en", 
   "lines": [
    "The"
   ]
  }, 
  {
   "begin": "15.280", 
   "end": "15.800", 
   "id": "f000043", 
   "language": "en", 
   "lines": [
    "multiplication"
   ]
  }, 
  {
   "begin": "15.800", 
   "end": "16.240", 
   "id": "f000044", 
   "language": "en", 
   "lines": [
    "sums"
   ]
  }, 
  {
   "begin": "16.240", 
   "end": "16.880", 
   "id": "f000045", 
   "language": "en", 
   "lines": [
    "looked"
   ]
  }, 
  {
   "begin": "16.880", 
   "end": "17.320", 
   "id": "f000046", 
   "language": "en", 
   "lines": [
    "short"
   ]
  }, 
  {
   "begin": "17.320", 
   "end": "17.640", 
   "id": "f000047", 
   "language": "en", 
   "lines": [
    "and"
   ]
  }, 
  {
   "begin": "17.640", 
   "end": "18.040", 
   "id": "f000048", 
   "language": "en", 
   "lines": [
    "squat"
   ]
  }, 
  {
   "begin": "18.040", 
   "end": "18.240", 
   "id": "f000049", 
   "language": "en", 
   "lines": [
    "and"
   ]
  }, 
  {
   "begin": "18.240", 
   "end": "18.280", 
   "id": "f000050", 
   "language": "en", 
   "lines": [
    "got"
   ]
  }, 
  {
   "begin": "18.280", 
   "end": "18.720", 
   "id": "f000051", 
   "language": "en", 
   "lines": [
    "fatter"
   ]
  }, 
  {
   "begin": "18.720", 
   "end": "18.960", 
   "id": "f000052", 
   "language": "en", 
   "lines": [
    "and"
   ]
  }, 
  {
   "begin": "18.960", 
   "end": "19.640", 
   "id": "f000053", 
   "language": "en", 
   "lines": [
    "fatter"
   ]
  }, 
  {
   "begin": "19.640", 
   "end": "19.640", 
   "id": "f000054", 
   "language": "en", 
   "lines": [
    "at"
   ]
  }, 
  {
   "begin": "19.640", 
   "end": "19.760", 
   "id": "f000055", 
   "language": "en", 
   "lines": [
    "the"
   ]
  }, 
  {
   "begin": "19.760", 
   "end": "20.320", 
   "id": "f000056", 
   "language": "en", 
   "lines": [
    "bottom"
   ]
  }, 
  {
   "begin": "20.320", 
   "end": "20.560", 
   "id": "f000057", 
   "language": "en", 
   "lines": [
    "as"
   ]
  }, 
  {
   "begin": "20.560", 
   "end": "20.680", 
   "id": "f000058", 
   "language": "en", 
   "lines": [
    "the"
   ]
  }, 
  {
   "begin": "20.680", 
   "end": "21.200", 
   "id": "f000059", 
   "language": "en", 
   "lines": [
    "numbers"
   ]
  }, 
  {
   "begin": "21.200", 
   "end": "21.640", 
   "id": "f000060", 
   "language": "en", 
   "lines": [
    "got"
   ]
  }, 
  {
   "begin": "21.640", 
   "end": "22.040", 
   "id": "f000061", 
   "language": "en", 
   "lines": [
    "bigger.\n\n"
   ]
  }, 
  {
   "begin": "22.040", 
   "end": "22.560", 
   "id": "f000062", 
   "language": "en", 
   "lines": [
    ""
   ]
  }, 
  {
   "begin": "22.560", 
   "end": "22.560", 
   "id": "f000063", 
   "language": "en", 
   "lines": [
    ""
   ]
  }, 
  {
   "begin": "22.560", 
   "end": "23.000", 
   "id": "f000064", 
   "language": "en", 
   "lines": [
    "Division"
   ]
  }, 
  {
   "begin": "23.000", 
   "end": "23.320", 
   "id": "f000065", 
   "language": "en", 
   "lines": [
    "was"
   ]
  }, 
  {
   "begin": "23.320", 
   "end": "23.720", 
   "id": "f000066", 
   "language": "en", 
   "lines": [
    "just"
   ]
  }, 
  {
   "begin": "23.720", 
   "end": "24.040", 
   "id": "f000067", 
   "language": "en", 
   "lines": [
    "the"
   ]
  }, 
  {
   "begin": "24.040", 
   "end": "25.040", 
   "id": "f000068", 
   "language": "en", 
   "lines": [
    "opposite.You"
   ]
  }, 
  {
   "begin": "25.040", 
   "end": "25.160", 
   "id": "f000069", 
   "language": "en", 
   "lines": [
    "began"
   ]
  }, 
  {
   "begin": "25.160", 
   "end": "25.480", 
   "id": "f000070", 
   "language": "en", 
   "lines": [
    "with"
   ]
  }, 
  {
   "begin": "25.480", 
   "end": "25.680", 
   "id": "f000071", 
   "language": "en", 
   "lines": [
    "a"
   ]
  }, 
  {
   "begin": "25.680", 
   "end": "26.200", 
   "id": "f000072", 
   "language": "en", 
   "lines": [
    "lot"
   ]
  }, 
  {
   "begin": "26.200", 
   "end": "26.360", 
   "id": "f000073", 
   "language": "en", 
   "lines": [
    "and"
   ]
  }, 
  {
   "begin": "26.360", 
   "end": "26.600", 
   "id": "f000074", 
   "language": "en", 
   "lines": [
    "then"
   ]
  }, 
  {
   "begin": "26.600", 
   "end": "26.720", 
   "id": "f000075", 
   "language": "en", 
   "lines": [
    "if"
   ]
  }, 
  {
   "begin": "26.720", 
   "end": "26.840", 
   "id": "f000076", 
   "language": "en", 
   "lines": [
    "you"
   ]
  }, 
  {
   "begin": "26.840", 
   "end": "27.000", 
   "id": "f000077", 
   "language": "en", 
   "lines": [
    "were"
   ]
  }, 
  {
   "begin": "27.000", 
   "end": "28.000", 
   "id": "f000078", 
   "language": "en", 
   "lines": [
    "careful,"
   ]
  }, 
  {
   "begin": "28.000", 
   "end": "28.160", 
   "id": "f000079", 
   "language": "en", 
   "lines": [
    "you"
   ]
  }, 
  {
   "begin": "28.160", 
   "end": "28.480", 
   "id": "f000080", 
   "language": "en", 
   "lines": [
    "worked"
   ]
  }, 
  {
   "begin": "28.480", 
   "end": "28.600", 
   "id": "f000081", 
   "language": "en", 
   "lines": [
    "it"
   ]
  }, 
  {
   "begin": "28.600", 
   "end": "28.880", 
   "id": "f000082", 
   "language": "en", 
   "lines": [
    "down"
   ]
  }, 
  {
   "begin": "28.880", 
   "end": "29.000", 
   "id": "f000083", 
   "language": "en", 
   "lines": [
    "to"
   ]
  }, 
  {
   "begin": "29.000", 
   "end": "29.400", 
   "id": "f000084", 
   "language": "en", 
   "lines": [
    "create"
   ]
  }, 
  {
   "begin": "29.400", 
   "end": "29.520", 
   "id": "f000085", 
   "language": "en", 
   "lines": [
    "a"
   ]
  }, 
  {
   "begin": "29.520", 
   "end": "29.960", 
   "id": "f000086", 
   "language": "en", 
   "lines": [
    "long"
   ]
  }, 
  {
   "begin": "29.960", 
   "end": "30.280", 
   "id": "f000087", 
   "language": "en", 
   "lines": [
    "thin"
   ]
  }, 
  {
   "begin": "30.280", 
   "end": "30.840", 
   "id": "f000088", 
   "language": "en", 
   "lines": [
    "graceful"
   ]
  }, 
  {
   "begin": "30.840", 
   "end": "31.720", 
   "id": "f000089", 
   "language": "en", 
   "lines": [
    "tail."
   ]
  }, 
  {
   "begin": "31.720", 
   "end": "32.160", 
   "id": "f000090", 
   "language": "en", 
   "lines": [
    "If"
   ]
  }, 
  {
   "begin": "32.160", 
   "end": "32.320", 
   "id": "f000091", 
   "language": "en", 
   "lines": [
    "you"
   ]
  }, 
  {
   "begin": "32.320", 
   "end": "32.440", 
   "id": "f000092", 
   "language": "en", 
   "lines": [
    "were"
   ]
  }, 
  {
   "begin": "32.440", 
   "end": "32.880", 
   "id": "f000093", 
   "language": "en", 
   "lines": [
    "lucky"
   ]
  }, 
  {
   "begin": "32.880", 
   "end": "33.040", 
   "id": "f000094", 
   "language": "en", 
   "lines": [
    "there"
   ]
  }, 
  {
   "begin": "33.040", 
   "end": "33.240", 
   "id": "f000095", 
   "language": "en", 
   "lines": [
    "would"
   ]
  }, 
  {
   "begin": "33.240", 
   "end": "33.440", 
   "id": "f000096", 
   "language": "en", 
   "lines": [
    "be"
   ]
  }, 
  {
   "begin": "33.440", 
   "end": "33.840", 
   "id": "f000097", 
   "language": "en", 
   "lines": [
    "nothing"
   ]
  }, 
  {
   "begin": "33.840", 
   "end": "34.600", 
   "id": "f000098", 
   "language": "en", 
   "lines": [
    "left."
   ]
  }, 
  {
   "begin": "34.600", 
   "end": "34.880", 
   "id": "f000099", 
   "language": "en", 
   "lines": [
    "One"
   ]
  }, 
  {
   "begin": "34.880", 
   "end": "35.120", 
   "id": "f000100", 
   "language": "en", 
   "lines": [
    "by"
   ]
  }, 
  {
   "begin": "35.120", 
   "end": "35.480", 
   "id": "f000101", 
   "language": "en", 
   "lines": [
    "one"
   ]
  }, 
  {
   "begin": "35.480", 
   "end": "35.720", 
   "id": "f000102", 
   "language": "en", 
   "lines": [
    "all"
   ]
  }, 
  {
   "begin": "35.720", 
   "end": "35.840", 
   "id": "f000103", 
   "language": "en", 
   "lines": [
    "the"
   ]
  }, 
  {
   "begin": "35.840", 
   "end": "36.400", 
   "id": "f000104", 
   "language": "en", 
   "lines": [
    "numbers"
   ]
  }, 
  {
   "begin": "36.400", 
   "end": "36.560", 
   "id": "f000105", 
   "language": "en", 
   "lines": [
    "and"
   ]
  }, 
  {
   "begin": "36.560", 
   "end": "36.760", 
   "id": "f000106", 
   "language": "en", 
   "lines": [
    "their"
   ]
  }, 
  {
   "begin": "36.760", 
   "end": "37.160", 
   "id": "f000107", 
   "language": "en", 
   "lines": [
    "tricks"
   ]
  }, 
  {
   "begin": "37.160", 
   "end": "37.480", 
   "id": "f000108", 
   "language": "en", 
   "lines": [
    "came"
   ]
  }, 
  {
   "begin": "37.480", 
   "end": "37.680", 
   "id": "f000109", 
   "language": "en", 
   "lines": [
    "back"
   ]
  }, 
  {
   "begin": "37.680", 
   "end": "37.920", 
   "id": "f000110", 
   "language": "en", 
   "lines": [
    "to"
   ]
  }, 
  {
   "begin": "37.920", 
   "end": "38.640", 
   "id": "f000111", 
   "language": "en", 
   "lines": [
    "Moru."
   ]
  }
 ]
}