{
 "fragments": [
  {
   "begin": "0.000", 
   "end": "0.320", 
   "id": "f000001", 
   "language": "en", 
   "lines": [
    "Moru"
   ]
  }, 
  {
   "begin": "0.320", 
   "end": "0.880", 
   "id": "f000002", 
   "language": "en", 
   "lines": [
    "liked"
   ]
  }, 
  {
   "begin": "0.880", 
   "end": "1.080", 
   "id": "f000003", 
   "language": "en", 
   "lines": [
    "to"
   ]
  }, 
  {
   "begin": "1.080", 
   "end": "1.440", 
   "id": "f000004", 
   "language": "en", 
   "lines": [
    "climb"
   ]
  }, 
  {
   "begin": "1.440", 
   "end": "1.880", 
   "id": "f000005", 
   "language": "en", 
   "lines": [
    "trees"
   ]
  }, 
  {
   "begin": "1.880", 
   "end": "2.200", 
   "id": "f000006", 
   "language": "en", 
   "lines": [
    "and"
   ]
  }, 
  {
   "begin": "2.200", 
   "end": "2.520", 
   "id": "f000007", 
   "language": "en", 
   "lines": [
    "steal"
   ]
  }, 
  {
   "begin": "2.520", 
   "end": "2.760", 
   "id": "f000008", 
   "language": "en", 
   "lines": [
    "raw"
   ]
  }, 
  {
   "begin": "2.760", 
   "end": "3.440", 
   "id": "f000009", 
   "language": "en", 
   "lines": [
    "mangoes."
   ]
  }, 
  {
   "begin": "3.440", 
   "end": "3.800", 
   "id": "f000010", 
   "language": "en", 
   "lines": [
    "He"
   ]
  }, 
  {
   "begin": "3.800", 
   "end": "4.080", 
   "id": "f000011", 
   "language": "en", 
   "lines": [
    "would"
   ]
  }, 
  {
   "begin": "4.080", 
   "end": "4.560", 
   "id": "f000012", 
   "language": "en", 
   "lines": [
    "creep"
   ]
  }, 
  {
   "begin": "4.560", 
   "end": "4.880", 
   "id": "f000013", 
   "language": "en", 
   "lines": [
    "along"
   ]
  }, 
  {
   "begin": "4.880", 
   "end": "5.040", 
   "id": "f000014", 
   "language": "en", 
   "lines": [
    "the"
   ]
  }, 
  {
   "begin": "5.040", 
   "end": "5.480", 
   "id": "f000015", 
   "language": "en", 
   "lines": [
    "branch"
   ]
  }, 
  {
   "begin": "5.480", 
   "end": "6.200", 
   "id": "f000016", 
   "language": "en", 
   "lines": [
    "pretending"
   ]
  }, 
  {
   "begin": "6.200", 
   "end": "6.320", 
   "id": "f000017", 
   "language": "en", 
   "lines": [
    "to"
   ]
  }, 
  {
   "begin": "6.320", 
   "end": "6.560", 
   "id": "f000018", 
   "language": "en", 
   "lines": [
    "be"
   ]
  }, 
  {
   "begin": "6.560", 
   "end": "6.680", 
   "id": "f000019", 
   "language": "en", 
   "lines": [
    "a"
   ]
  }, 
  {
   "begin": "6.680", 
   "end": "7.280", 
   "id": "f000020", 
   "language": "en", 
   "lines": [
    "cheetah"
   ]
  }, 
  {
   "begin": "7.280", 
   "end": "7.400", 
   "id": "f000021", 
   "language": "en", 
   "lines": [
    "in"
   ]
  }, 
  {
   "begin": "7.400", 
   "end": "7.600", 
   "id": "f000022", 
   "language": "en", 
   "lines": [
    "a"
   ]
  }, 
  {
   "begin": "7.600", 
   "end": "7.880", 
   "id": "f000023", 
   "language": "en", 
   "lines": [
    "deep"
   ]
  }, 
  {
   "begin": "7.880", 
   "end": "8.360", 
   "id": "f000024", 
   "language": "en", 
   "lines": [
    "dark"
   ]
  }, 
  {
   "begin": "8.360", 
   "end": "8.800", 
   "id": "f000025", 
   "language": "en", 
   "lines": [
    "jungle."
   ]
  }, 
  {
   "begin": "8.800", 
   "end": "9.480", 
   "id": "f000026", 
   "language": "en", 
   "lines": [
    "He"
   ]
  }, 
  {
   "begin": "9.480", 
   "end": "9.880", 
   "id": "f000027", 
   "language": "en", 
   "lines": [
    "enjoyed"
   ]
  }, 
  {
   "begin": "9.880", 
   "end": "10.400", 
   "id": "f000028", 
   "language": "en", 
   "lines": [
    "catching"
   ]
  }, 
  {
   "begin": "10.400", 
   "end": "11.080", 
   "id": "f000029", 
   "language": "en", 
   "lines": [
    "insects"
   ]
  }, 
  {
   "begin": "11.080", 
   "end": "11.080", 
   "id": "f000030", 
   "language": "en", 
   "lines": [
    "-"
   ]
  }, 
  {
   "begin": "11.080", 
   "end": "11.720", 
   "id": "f000031", 
   "language": "en", 
   "lines": [
    "the"
   ]
  }, 
  {
   "begin": "11.720", 
   "end": "12.080", 
   "id": "f000032", 
   "language": "en", 
   "lines": [
    "blue"
   ]
  }, 
  {
   "begin": "12.080", 
   "end": "12.440", 
   "id": "f000033", 
   "language": "en", 
   "lines": [
    "green"
   ]
  }, 
  {
   "begin": "12.440", 
   "end": "12.760", 
   "id": "f000034", 
   "language": "en", 
   "lines": [
    "bottle"
   ]
  }, 
  {
   "begin": "12.760", 
   "end": "13.240", 
   "id": "f000035", 
   "language": "en", 
   "lines": [
    "fly"
   ]
  }, 
  {
   "begin": "13.240", 
   "end": "13.360", 
   "id": "f000036", 
   "language": "en", 
   "lines": [
    "with"
   ]
  }, 
  {
   "begin": "13.360", 
   "end": "13.640", 
   "id": "f000037", 
   "language": "en", 
   "lines": [
    "the"
   ]
  }, 
  {
   "begin": "13.640", 
   "end": "14.000", 
   "id": "f000038", 
   "language": "en", 
   "lines": [
    "big"
   ]
  }, 
  {
   "begin": "14.000", 
   "end": "14.520", 
   "id": "f000039", 
   "language": "en", 
   "lines": [
    "shiny"
   ]
  }, 
  {
   "begin": "14.520", 
   "end": "15.040", 
   "id": "f000040", 
   "language": "en", 
   "lines": [
    "head,"
   ]
  }, 
  {
   "begin": "15.040", 
   "end": "15.200", 
   "id": "f000041", 
   "language": "en", 
   "lines": [
    "the"
   ]
  }, 
  {
   "begin": "15.200", 
   "end": "15.680", 
   "id": "f000042", 
   "language": "en", 
   "lines": [
    "thin"
   ]
  }, 
  {
   "begin": "15.680", 
   "end": "15.960", 
   "id": "f000043", 
   "language": "en", 
   "lines": [
    "and"
   ]
  }, 
  {
   "begin": "15.960", 
   "end": "16.120", 
   "id": "f000044", 
   "language": "en", 
   "lines": [
    "crisp"
   ]
  }, 
  {
   "begin": "16.120", 
   "end": "16.760", 
   "id": "f000045", 
   "language": "en", 
   "lines": [
    "grasshopper,"
   ]
  }, 
  {
   "begin": "16.760", 
   "end": "16.920", 
   "id": "f000046", 
   "language": "en", 
   "lines": [
    "and"
   ]
  }, 
  {
   "begin": "16.920", 
   "end": "17.680", 
   "id": "f000047", 
   "language": "en", 
   "lines": [
    "the"
   ]
  }, 
  {
   "begin": "17.680", 
   "end": "18.080", 
   "id": "f000048", 
   "language": "en", 
   "lines": [
    "yellow"
   ]
  }, 
  {
   "begin": "18.080", 
   "end": "18.640", 
   "id": "f000049", 
   "language": "en", 
   "lines": [
    "butterfly"
   ]
  }, 
  {
   "begin": "18.640", 
   "end": "18.920", 
   "id": "f000050", 
   "language": "en", 
   "lines": [
    "whose"
   ]
  }, 
  {
   "begin": "18.920", 
   "end": "19.240", 
   "id": "f000051", 
   "language": "en", 
   "lines": [
    "colour"
   ]
  }, 
  {
   "begin": "19.240", 
   "end": "19.520", 
   "id": "f000052", 
   "language": "en", 
   "lines": [
    "came"
   ]
  }, 
  {
   "begin": "19.520", 
   "end": "19.760", 
   "id": "f000053", 
   "language": "en", 
   "lines": [
    "off"
   ]
  }, 
  {
   "begin": "19.760", 
   "end": "19.920", 
   "id": "f000054", 
   "language": "en", 
   "lines": [
    "like"
   ]
  }, 
  {
   "begin": "19.920", 
   "end": "20.480", 
   "id": "f000055", 
   "language": "en", 
   "lines": [
    "powder"
   ]
  }, 
  {
   "begin": "20.480", 
   "end": "20.600", 
   "id": "f000056", 
   "language": "en", 
   "lines": [
    "on"
   ]
  }, 
  {
   "begin": "20.600", 
   "end": "20.880", 
   "id": "f000057", 
   "language": "en", 
   "lines": [
    "his"
   ]
  }, 
  {
   "begin": "20.880", 
   "end": "22.000", 
   "id": "f000058", 
   "language": "en", 
   "lines": [
    "fingers.&nbsp;Moru"
   ]
  }, 
  {
   "begin": "22.000", 
   "end": "22.760", 
   "id": "f000059", 
   "language": "en", 
   "lines": [
    "loved"
   ]
  }, 
  {
   "begin": "22.760", 
   "end": "24.240", 
   "id": "f000060", 
   "language": "en", 
   "lines": [
    "flying&nbsp;kites,"
   ]
  }, 
  {
   "begin": "24.240", 
   "end": "24.400", 
   "id": "f000061", 
   "language": "en", 
   "lines": [
    "the"
   ]
  }, 
  {
   "begin": "24.400", 
   "end": "24.960", 
   "id": "f000062", 
   "language": "en", 
   "lines": [
    "higher"
   ]
  }, 
  {
   "begin": "24.960", 
   "end": "25.200", 
   "id": "f000063", 
   "language": "en", 
   "lines": [
    "the"
   ]
  }, 
  {
   "begin": "25.200", 
   "end": "25.440", 
   "id": "f000064", 
   "language": "en", 
   "lines": [
    "better."
   ]
  }, 
  {
   "begin": "25.440", 
   "end": "26.160", 
   "id": "f000065", 
   "language": "en", 
   "lines": [
    "He"
   ]
  }, 
  {
   "begin": "26.160", 
   "end": "26.240", 
   "id": "f000066", 
   "language": "en", 
   "lines": [
    "would"
   ]
  }, 
  {
   "begin": "26.240", 
   "end": "26.640", 
   "id": "f000067", 
   "language": "en", 
   "lines": [
    "climb"
   ]
  }, 
  {
   "begin": "26.640", 
   "end": "26.920", 
   "id": "f000068", 
   "language": "en", 
   "lines": [
    "to"
   ]
  }, 
  {
   "begin": "26.920", 
   "end": "26.920", 
   "id": "f000069", 
   "language": "en", 
   "lines": [
    "the"
   ]
  }, 
  {
   "begin": "26.920", 
   "end": "27.520", 
   "id": "f000070", 
   "language": "en", 
   "lines": [
    "tallest"
   ]
  }, 
  {
   "begin": "27.520", 
   "end": "28.000", 
   "id": "f000071", 
   "language": "en", 
   "lines": [
    "terrace"
   ]
  }, 
  {
   "begin": "28.000", 
   "end": "28.400", 
   "id": "f000072", 
   "language": "en", 
   "lines": [
    "to"
   ]
  }, 
  {
   "begin": "28.400", 
   "end": "28.680", 
   "id": "f000073", 
   "language": "en", 
   "lines": [
    "get"
   ]
  }, 
  {
   "begin": "28.680", 
   "end": "28.960", 
   "id": "f000074", 
   "language": "en", 
   "lines": [
    "his"
   ]
  }, 
  {
   "begin": "28.960", 
   "end": "29.200", 
   "id": "f000075", 
   "language": "en", 
   "lines": [
    "kite"
   ]
  }, 
  {
   "begin": "29.200", 
   "end": "29.280", 
   "id": "f000076", 
   "language": "en", 
   "lines": [
    "to"
   ]
  }, 
  {
   "begin": "29.280", 
   "end": "29.720", 
   "id": "f000077", 
   "language": "en", 
   "lines": [
    "soar"
   ]
  }, 
  {
   "begin": "29.720", 
   "end": "30.280", 
   "id": "f000078", 
   "language": "en", 
   "lines": [
    "far"
   ]
  }, 
  {
   "begin": "30.280", 
   "end": "30.480", 
   "id": "f000079", 
   "language": "en", 
   "lines": [
    "above"
   ]
  }, 
  {
   "begin": "30.480", 
   "end": "30.640", 
   "id": "f000080", 
   "language": "en", 
   "lines": [
    "the"
   ]
  }, 
  {
   "begin": "30.640", 
   "end": "31.480", 
   "id": "f000081", 
   "language": "en", 
   "lines": [
    "clouds"
   ]
  }, 
  {
   "begin": "31.480", 
   "end": "31.680", 
   "id": "f000082", 
   "language": "en", 
   "lines": [
    "like"
   ]
  }, 
  {
   "begin": "31.680", 
   "end": "31.840", 
   "id": "f000083", 
   "language": "en", 
   "lines": [
    "a"
   ]
  }, 
  {
   "begin": "31.840", 
   "end": "32.440", 
   "id": "f000084", 
   "language": "en", 
   "lines": [
    "brilliant"
   ]
  }, 
  {
   "begin": "32.440", 
   "end": "32.720", 
   "id": "f000085", 
   "language": "en", 
   "lines": [
    "eagle"
   ]
  }, 
  {
   "begin": "32.720", 
   "end": "33.120", 
   "id": "f000086", 
   "language": "en", 
   "lines": [
    "trying"
   ]
  }, 
  {
   "begin": "33.120", 
   "end": "33.240", 
   "id": "f000087", 
   "language": "en", 
   "lines": [
    "to"
   ]
  }, 
  {
   "begin": "33.240", 
   "end": "33.600", 
   "id": "f000088", 
   "language": "en", 
   "lines": [
    "reach"
   ]
  }, 
  {
   "begin": "33.600", 
   "end": "33.760", 
   "id": "f000089", 
   "language": "en", 
   "lines": [
    "the"
   ]
  }, 
  {
   "begin": "33.760", 
   "end": "34.000", 
   "id": "f000090", 
   "language": "en", 
   "lines": [
    "sun."
   ]
  }, 
  {
   "begin": "34.000", 
   "end": "34.440", 
   "id": "f000091", 
   "language": "en", 
   "lines": [
    "&nbsp;"
   ]
  }
 ]
}