{
 "fragments": [
  {
   "begin": "0.000", 
   "end": "1.720", 
   "id": "f000001", 
   "language": "en", 
   "lines": [
    "\u201cI"
   ]
  }, 
  {
   "begin": "1.720", 
   "end": "1.920", 
   "id": "f000002", 
   "language": "en", 
   "lines": [
    "want"
   ]
  }, 
  {
   "begin": "1.920", 
   "end": "2.480", 
   "id": "f000003", 
   "language": "en", 
   "lines": [
    "that"
   ]
  }, 
  {
   "begin": "2.480", 
   "end": "2.680", 
   "id": "f000004", 
   "language": "en", 
   "lines": [
    "book!\u201d"
   ]
  }, 
  {
   "begin": "2.680", 
   "end": "3.800", 
   "id": "f000005", 
   "language": "en", 
   "lines": [
    "said"
   ]
  }, 
  {
   "begin": "3.800", 
   "end": "4.000", 
   "id": "f000006", 
   "language": "en", 
   "lines": [
    "Anil."
   ]
  }, 
  {
   "begin": "4.000", 
   "end": "6.360", 
   "id": "f000007", 
   "language": "en", 
   "lines": [
    "\u201cNo,"
   ]
  }, 
  {
   "begin": "6.360", 
   "end": "7.080", 
   "id": "f000008", 
   "language": "en", 
   "lines": [
    "no,"
   ]
  }, 
  {
   "begin": "7.080", 
   "end": "7.440", 
   "id": "f000009", 
   "language": "en", 
   "lines": [
    "not"
   ]
  }, 
  {
   "begin": "7.440", 
   "end": "7.800", 
   "id": "f000010", 
   "language": "en", 
   "lines": [
    "that"
   ]
  }, 
  {
   "begin": "7.800", 
   "end": "8.720", 
   "id": "f000011", 
   "language": "en", 
   "lines": [
    "one!\u201d"
   ]
  }, 
  {
   "begin": "8.720", 
   "end": "8.920", 
   "id": "f000012", 
   "language": "en", 
   "lines": [
    "said"
   ]
  }, 
  {
   "begin": "8.920", 
   "end": "9.000", 
   "id": "f000013", 
   "language": "en", 
   "lines": [
    "the"
   ]
  }, 
  {
   "begin": "9.000", 
   "end": "10.960", 
   "id": "f000014", 
   "language": "en", 
   "lines": [
    "shopkeeper.\u201cTake"
   ]
  }, 
  {
   "begin": "10.960", 
   "end": "11.280", 
   "id": "f000015", 
   "language": "en", 
   "lines": [
    "this"
   ]
  }, 
  {
   "begin": "11.280", 
   "end": "12.720", 
   "id": "f000016", 
   "language": "en", 
   "lines": [
    "one.\u201d"
   ]
  }
 ]
}