{
 "fragments": [
  {
   "begin": "0.000", 
   "end": "0.800", 
   "id": "f000001", 
   "language": "en", 
   "lines": [
    "Anil"
   ]
  }, 
  {
   "begin": "0.800", 
   "end": "1.440", 
   "id": "f000002", 
   "language": "en", 
   "lines": [
    "was"
   ]
  }, 
  {
   "begin": "1.440", 
   "end": "1.760", 
   "id": "f000003", 
   "language": "en", 
   "lines": [
    "very"
   ]
  }, 
  {
   "begin": "1.760", 
   "end": "3.560", 
   "id": "f000004", 
   "language": "en", 
   "lines": [
    "angry."
   ]
  }, 
  {
   "begin": "3.560", 
   "end": "3.880", 
   "id": "f000005", 
   "language": "en", 
   "lines": [
    "He"
   ]
  }, 
  {
   "begin": "3.880", 
   "end": "4.280", 
   "id": "f000006", 
   "language": "en", 
   "lines": [
    "was"
   ]
  }, 
  {
   "begin": "4.280", 
   "end": "5.200", 
   "id": "f000007", 
   "language": "en", 
   "lines": [
    "angry"
   ]
  }, 
  {
   "begin": "5.200", 
   "end": "5.400", 
   "id": "f000008", 
   "language": "en", 
   "lines": [
    "with"
   ]
  }, 
  {
   "begin": "5.400", 
   "end": "5.680", 
   "id": "f000009", 
   "language": "en", 
   "lines": [
    "his"
   ]
  }, 
  {
   "begin": "5.680", 
   "end": "7.360", 
   "id": "f000010", 
   "language": "en", 
   "lines": [
    "mother."
   ]
  }
 ]
}