{
 "fragments": [
  {
   "begin": "0.000", 
   "end": "1.680", 
   "id": "f000001", 
   "language": "en", 
   "lines": [
    "\u201cI"
   ]
  }, 
  {
   "begin": "1.680", 
   "end": "1.920", 
   "id": "f000002", 
   "language": "en", 
   "lines": [
    "want"
   ]
  }, 
  {
   "begin": "1.920", 
   "end": "2.320", 
   "id": "f000003", 
   "language": "en", 
   "lines": [
    "that"
   ]
  }, 
  {
   "begin": "2.320", 
   "end": "2.520", 
   "id": "f000004", 
   "language": "en", 
   "lines": [
    "one!\u201d"
   ]
  }, 
  {
   "begin": "2.520", 
   "end": "3.600", 
   "id": "f000005", 
   "language": "en", 
   "lines": [
    "said"
   ]
  }, 
  {
   "begin": "3.600", 
   "end": "4.000", 
   "id": "f000006", 
   "language": "en", 
   "lines": [
    "Anil"
   ]
  }, 
  {
   "begin": "4.000", 
   "end": "5.880", 
   "id": "f000007", 
   "language": "en", 
   "lines": [
    "loudly."
   ]
  }, 
  {
   "begin": "5.880", 
   "end": "5.960", 
   "id": "f000008", 
   "language": "en", 
   "lines": [
    "He"
   ]
  }, 
  {
   "begin": "5.960", 
   "end": "6.240", 
   "id": "f000009", 
   "language": "en", 
   "lines": [
    "was"
   ]
  }, 
  {
   "begin": "6.240", 
   "end": "6.640", 
   "id": "f000010", 
   "language": "en", 
   "lines": [
    "now"
   ]
  }, 
  {
   "begin": "6.640", 
   "end": "6.720", 
   "id": "f000011", 
   "language": "en", 
   "lines": [
    "in"
   ]
  }, 
  {
   "begin": "6.720", 
   "end": "7.040", 
   "id": "f000012", 
   "language": "en", 
   "lines": [
    "a"
   ]
  }, 
  {
   "begin": "7.040", 
   "end": "7.480", 
   "id": "f000013", 
   "language": "en", 
   "lines": [
    "very,"
   ]
  }, 
  {
   "begin": "7.480", 
   "end": "8.080", 
   "id": "f000014", 
   "language": "en", 
   "lines": [
    "very"
   ]
  }, 
  {
   "begin": "8.080", 
   "end": "8.480", 
   "id": "f000015", 
   "language": "en", 
   "lines": [
    "bad"
   ]
  }, 
  {
   "begin": "8.480", 
   "end": "8.720", 
   "id": "f000016", 
   "language": "en", 
   "lines": [
    "mood."
   ]
  }, 
  {
   "begin": "8.720", 
   "end": "11.120", 
   "id": "f000017", 
   "language": "en", 
   "lines": [
    "\u201cNo,"
   ]
  }, 
  {
   "begin": "11.120", 
   "end": "11.960", 
   "id": "f000018", 
   "language": "en", 
   "lines": [
    "no,"
   ]
  }, 
  {
   "begin": "11.960", 
   "end": "12.240", 
   "id": "f000019", 
   "language": "en", 
   "lines": [
    "not"
   ]
  }, 
  {
   "begin": "12.240", 
   "end": "12.560", 
   "id": "f000020", 
   "language": "en", 
   "lines": [
    "that"
   ]
  }, 
  {
   "begin": "12.560", 
   "end": "13.400", 
   "id": "f000021", 
   "language": "en", 
   "lines": [
    "one!\u201d"
   ]
  }, 
  {
   "begin": "13.400", 
   "end": "13.560", 
   "id": "f000022", 
   "language": "en", 
   "lines": [
    "said"
   ]
  }, 
  {
   "begin": "13.560", 
   "end": "13.720", 
   "id": "f000023", 
   "language": "en", 
   "lines": [
    "the"
   ]
  }, 
  {
   "begin": "13.720", 
   "end": "14.040", 
   "id": "f000024", 
   "language": "en", 
   "lines": [
    "flower"
   ]
  }, 
  {
   "begin": "14.040", 
   "end": "14.360", 
   "id": "f000025", 
   "language": "en", 
   "lines": [
    "seller."
   ]
  }, 
  {
   "begin": "14.360", 
   "end": "15.800", 
   "id": "f000026", 
   "language": "en", 
   "lines": [
    "\u201cDon\u2019t"
   ]
  }, 
  {
   "begin": "15.800", 
   "end": "16.080", 
   "id": "f000027", 
   "language": "en", 
   "lines": [
    "touch"
   ]
  }, 
  {
   "begin": "16.080", 
   "end": "17.040", 
   "id": "f000028", 
   "language": "en", 
   "lines": [
    "them!"
   ]
  }, 
  {
   "begin": "17.040", 
   "end": "17.440", 
   "id": "f000029", 
   "language": "en", 
   "lines": [
    "They"
   ]
  }, 
  {
   "begin": "17.440", 
   "end": "17.720", 
   "id": "f000030", 
   "language": "en", 
   "lines": [
    "will"
   ]
  }, 
  {
   "begin": "17.720", 
   "end": "19.520", 
   "id": "f000031", 
   "language": "en", 
   "lines": [
    "wilt.\u201d"
   ]
  }
 ]
}