{
 "fragments": [
  {
   "begin": "0.000", 
   "end": "0.720", 
   "id": "f000001", 
   "language": "en", 
   "lines": [
    "\u201cI"
   ]
  }, 
  {
   "begin": "0.720", 
   "end": "0.960", 
   "id": "f000002", 
   "language": "en", 
   "lines": [
    "want"
   ]
  }, 
  {
   "begin": "0.960", 
   "end": "1.320", 
   "id": "f000003", 
   "language": "en", 
   "lines": [
    "that"
   ]
  }, 
  {
   "begin": "1.320", 
   "end": "2.400", 
   "id": "f000004", 
   "language": "en", 
   "lines": [
    "one!"
   ]
  }, 
  {
   "begin": "2.400", 
   "end": "2.640", 
   "id": "f000005", 
   "language": "en", 
   "lines": [
    "The"
   ]
  }, 
  {
   "begin": "2.640", 
   "end": "2.960", 
   "id": "f000006", 
   "language": "en", 
   "lines": [
    "black"
   ]
  }, 
  {
   "begin": "2.960", 
   "end": "3.880", 
   "id": "f000007", 
   "language": "en", 
   "lines": [
    "one!\u201d"
   ]
  }, 
  {
   "begin": "3.880", 
   "end": "4.320", 
   "id": "f000008", 
   "language": "en", 
   "lines": [
    "said"
   ]
  }, 
  {
   "begin": "4.320", 
   "end": "4.760", 
   "id": "f000009", 
   "language": "en", 
   "lines": [
    "Amma"
   ]
  }, 
  {
   "begin": "4.760", 
   "end": "6.520", 
   "id": "f000010", 
   "language": "en", 
   "lines": [
    "loudly.\n"
   ]
  }, 
  {
   "begin": "6.520", 
   "end": "6.800", 
   "id": "f000011", 
   "language": "en", 
   "lines": [
    "Anil"
   ]
  }, 
  {
   "begin": "6.800", 
   "end": "7.080", 
   "id": "f000012", 
   "language": "en", 
   "lines": [
    "stopped"
   ]
  }, 
  {
   "begin": "7.080", 
   "end": "7.560", 
   "id": "f000013", 
   "language": "en", 
   "lines": [
    "crying"
   ]
  }, 
  {
   "begin": "7.560", 
   "end": "8.040", 
   "id": "f000014", 
   "language": "en", 
   "lines": [
    "suddenly."
   ]
  }, 
  {
   "begin": "8.040", 
   "end": "10.560", 
   "id": "f000015", 
   "language": "en", 
   "lines": [
    "\u201cAmma,"
   ]
  }, 
  {
   "begin": "10.560", 
   "end": "10.760", 
   "id": "f000016", 
   "language": "en", 
   "lines": [
    "no,"
   ]
  }, 
  {
   "begin": "10.760", 
   "end": "11.600", 
   "id": "f000017", 
   "language": "en", 
   "lines": [
    "no!"
   ]
  }, 
  {
   "begin": "11.600", 
   "end": "11.760", 
   "id": "f000018", 
   "language": "en", 
   "lines": [
    "Not"
   ]
  }, 
  {
   "begin": "11.760", 
   "end": "12.160", 
   "id": "f000019", 
   "language": "en", 
   "lines": [
    "that"
   ]
  }, 
  {
   "begin": "12.160", 
   "end": "12.880", 
   "id": "f000020", 
   "language": "en", 
   "lines": [
    "one!\u201d"
   ]
  }, 
  {
   "begin": "12.880", 
   "end": "13.200", 
   "id": "f000021", 
   "language": "en", 
   "lines": [
    "said"
   ]
  }, 
  {
   "begin": "13.200", 
   "end": "14.720", 
   "id": "f000022", 
   "language": "en", 
   "lines": [
    "Anil."
   ]
  }
 ]
}