{
 "fragments": [
  {
   "begin": "0.000", 
   "end": "0.000", 
   "id": "f000001", 
   "language": "en", 
   "lines": [
    "Anil"
   ]
  }, 
  {
   "begin": "0.000", 
   "end": "1.040", 
   "id": "f000002", 
   "language": "en", 
   "lines": [
    "put"
   ]
  }, 
  {
   "begin": "1.040", 
   "end": "1.600", 
   "id": "f000003", 
   "language": "en", 
   "lines": [
    "a"
   ]
  }, 
  {
   "begin": "1.600", 
   "end": "2.320", 
   "id": "f000004", 
   "language": "en", 
   "lines": [
    "stool"
   ]
  }, 
  {
   "begin": "2.320", 
   "end": "2.440", 
   "id": "f000005", 
   "language": "en", 
   "lines": [
    "over"
   ]
  }, 
  {
   "begin": "2.440", 
   "end": "2.440", 
   "id": "f000006", 
   "language": "en", 
   "lines": [
    "a"
   ]
  }, 
  {
   "begin": "2.440", 
   "end": "3.760", 
   "id": "f000007", 
   "language": "en", 
   "lines": [
    "chair."
   ]
  }, 
  {
   "begin": "3.760", 
   "end": "3.840", 
   "id": "f000008", 
   "language": "en", 
   "lines": [
    "He"
   ]
  }, 
  {
   "begin": "3.840", 
   "end": "4.320", 
   "id": "f000009", 
   "language": "en", 
   "lines": [
    "climbed"
   ]
  }, 
  {
   "begin": "4.320", 
   "end": "4.400", 
   "id": "f000010", 
   "language": "en", 
   "lines": [
    "up"
   ]
  }, 
  {
   "begin": "4.400", 
   "end": "4.960", 
   "id": "f000011", 
   "language": "en", 
   "lines": [
    "to"
   ]
  }, 
  {
   "begin": "4.960", 
   "end": "5.280", 
   "id": "f000012", 
   "language": "en", 
   "lines": [
    "get"
   ]
  }, 
  {
   "begin": "5.280", 
   "end": "5.400", 
   "id": "f000013", 
   "language": "en", 
   "lines": [
    "the"
   ]
  }, 
  {
   "begin": "5.400", 
   "end": "5.760", 
   "id": "f000014", 
   "language": "en", 
   "lines": [
    "box"
   ]
  }, 
  {
   "begin": "5.760", 
   "end": "6.000", 
   "id": "f000015", 
   "language": "en", 
   "lines": [
    "down."
   ]
  }, 
  {
   "begin": "6.000", 
   "end": "7.840", 
   "id": "f000016", 
   "language": "en", 
   "lines": [
    "\u201cNo,"
   ]
  }, 
  {
   "begin": "7.840", 
   "end": "8.440", 
   "id": "f000017", 
   "language": "en", 
   "lines": [
    "no!"
   ]
  }, 
  {
   "begin": "8.440", 
   "end": "8.760", 
   "id": "f000018", 
   "language": "en", 
   "lines": [
    "Not"
   ]
  }, 
  {
   "begin": "8.760", 
   "end": "9.040", 
   "id": "f000019", 
   "language": "en", 
   "lines": [
    "that"
   ]
  }, 
  {
   "begin": "9.040", 
   "end": "10.080", 
   "id": "f000020", 
   "language": "en", 
   "lines": [
    "one!"
   ]
  }, 
  {
   "begin": "10.080", 
   "end": "10.280", 
   "id": "f000021", 
   "language": "en", 
   "lines": [
    "All"
   ]
  }, 
  {
   "begin": "10.280", 
   "end": "10.400", 
   "id": "f000022", 
   "language": "en", 
   "lines": [
    "the"
   ]
  }, 
  {
   "begin": "10.400", 
   "end": "10.800", 
   "id": "f000023", 
   "language": "en", 
   "lines": [
    "boxes"
   ]
  }, 
  {
   "begin": "10.800", 
   "end": "10.960", 
   "id": "f000024", 
   "language": "en", 
   "lines": [
    "on"
   ]
  }, 
  {
   "begin": "10.960", 
   "end": "11.200", 
   "id": "f000025", 
   "language": "en", 
   "lines": [
    "top"
   ]
  }, 
  {
   "begin": "11.200", 
   "end": "11.320", 
   "id": "f000026", 
   "language": "en", 
   "lines": [
    "of"
   ]
  }, 
  {
   "begin": "11.320", 
   "end": "11.920", 
   "id": "f000027", 
   "language": "en", 
   "lines": [
    "that"
   ]
  }, 
  {
   "begin": "11.920", 
   "end": "12.160", 
   "id": "f000028", 
   "language": "en", 
   "lines": [
    "will"
   ]
  }, 
  {
   "begin": "12.160", 
   "end": "12.520", 
   "id": "f000029", 
   "language": "en", 
   "lines": [
    "fall"
   ]
  }, 
  {
   "begin": "12.520", 
   "end": "12.640", 
   "id": "f000030", 
   "language": "en", 
   "lines": [
    "on"
   ]
  }, 
  {
   "begin": "12.640", 
   "end": "12.800", 
   "id": "f000031", 
   "language": "en", 
   "lines": [
    "our"
   ]
  }, 
  {
   "begin": "12.800", 
   "end": "13.120", 
   "id": "f000032", 
   "language": "en", 
   "lines": [
    "heads,"
   ]
  }, 
  {
   "begin": "13.120", 
   "end": "14.240", 
   "id": "f000033", 
   "language": "en", 
   "lines": [
    "Anil!\u201d"
   ]
  }, 
  {
   "begin": "14.240", 
   "end": "14.560", 
   "id": "f000034", 
   "language": "en", 
   "lines": [
    "said"
   ]
  }, 
  {
   "begin": "14.560", 
   "end": "15.840", 
   "id": "f000035", 
   "language": "en", 
   "lines": [
    "Amma."
   ]
  }
 ]
}