{
 "fragments": [
  {
   "begin": "0.000", 
   "end": "0.640", 
   "id": "f000001", 
   "language": "en", 
   "lines": [
    "Anil"
   ]
  }, 
  {
   "begin": "0.640", 
   "end": "1.240", 
   "id": "f000002", 
   "language": "en", 
   "lines": [
    "was"
   ]
  }, 
  {
   "begin": "1.240", 
   "end": "1.720", 
   "id": "f000003", 
   "language": "en", 
   "lines": [
    "very"
   ]
  }, 
  {
   "begin": "1.720", 
   "end": "2.680", 
   "id": "f000004", 
   "language": "en", 
   "lines": [
    "angry"
   ]
  }, 
  {
   "begin": "2.680", 
   "end": "3.120", 
   "id": "f000005", 
   "language": "en", 
   "lines": [
    "even"
   ]
  }, 
  {
   "begin": "3.120", 
   "end": "3.400", 
   "id": "f000006", 
   "language": "en", 
   "lines": [
    "after"
   ]
  }, 
  {
   "begin": "3.400", 
   "end": "3.600", 
   "id": "f000007", 
   "language": "en", 
   "lines": [
    "they"
   ]
  }, 
  {
   "begin": "3.600", 
   "end": "3.720", 
   "id": "f000008", 
   "language": "en", 
   "lines": [
    "went"
   ]
  }, 
  {
   "begin": "3.720", 
   "end": "3.880", 
   "id": "f000009", 
   "language": "en", 
   "lines": [
    "to"
   ]
  }, 
  {
   "begin": "3.880", 
   "end": "4.000", 
   "id": "f000010", 
   "language": "en", 
   "lines": [
    "the"
   ]
  }, 
  {
   "begin": "4.000", 
   "end": "4.320", 
   "id": "f000011", 
   "language": "en", 
   "lines": [
    "market."
   ]
  }, 
  {
   "begin": "4.320", 
   "end": "6.280", 
   "id": "f000012", 
   "language": "en", 
   "lines": [
    "\u201cI"
   ]
  }, 
  {
   "begin": "6.280", 
   "end": "6.640", 
   "id": "f000013", 
   "language": "en", 
   "lines": [
    "want"
   ]
  }, 
  {
   "begin": "6.640", 
   "end": "6.960", 
   "id": "f000014", 
   "language": "en", 
   "lines": [
    "that"
   ]
  }, 
  {
   "begin": "6.960", 
   "end": "7.160", 
   "id": "f000015", 
   "language": "en", 
   "lines": [
    "one!\u201d"
   ]
  }, 
  {
   "begin": "7.160", 
   "end": "8.120", 
   "id": "f000016", 
   "language": "en", 
   "lines": [
    "he"
   ]
  }, 
  {
   "begin": "8.120", 
   "end": "8.400", 
   "id": "f000017", 
   "language": "en", 
   "lines": [
    "said,"
   ]
  }, 
  {
   "begin": "8.400", 
   "end": "9.680", 
   "id": "f000018", 
   "language": "en", 
   "lines": [
    "pointing"
   ]
  }, 
  {
   "begin": "9.680", 
   "end": "9.720", 
   "id": "f000019", 
   "language": "en", 
   "lines": [
    "at"
   ]
  }, 
  {
   "begin": "9.720", 
   "end": "9.960", 
   "id": "f000020", 
   "language": "en", 
   "lines": [
    "an"
   ]
  }, 
  {
   "begin": "9.960", 
   "end": "10.360", 
   "id": "f000021", 
   "language": "en", 
   "lines": [
    "orange."
   ]
  }, 
  {
   "begin": "10.360", 
   "end": "11.840", 
   "id": "f000022", 
   "language": "en", 
   "lines": [
    "\u201cNo,"
   ]
  }, 
  {
   "begin": "11.840", 
   "end": "12.760", 
   "id": "f000023", 
   "language": "en", 
   "lines": [
    "no,"
   ]
  }, 
  {
   "begin": "12.760", 
   "end": "13.160", 
   "id": "f000024", 
   "language": "en", 
   "lines": [
    "not"
   ]
  }, 
  {
   "begin": "13.160", 
   "end": "13.520", 
   "id": "f000025", 
   "language": "en", 
   "lines": [
    "that"
   ]
  }, 
  {
   "begin": "13.520", 
   "end": "14.520", 
   "id": "f000026", 
   "language": "en", 
   "lines": [
    "one!"
   ]
  }, 
  {
   "begin": "14.520", 
   "end": "14.680", 
   "id": "f000027", 
   "language": "en", 
   "lines": [
    "The"
   ]
  }, 
  {
   "begin": "14.680", 
   "end": "15.120", 
   "id": "f000028", 
   "language": "en", 
   "lines": [
    "fruits"
   ]
  }, 
  {
   "begin": "15.120", 
   "end": "15.320", 
   "id": "f000029", 
   "language": "en", 
   "lines": [
    "will"
   ]
  }, 
  {
   "begin": "15.320", 
   "end": "15.640", 
   "id": "f000030", 
   "language": "en", 
   "lines": [
    "all"
   ]
  }, 
  {
   "begin": "15.640", 
   "end": "16.000", 
   "id": "f000031", 
   "language": "en", 
   "lines": [
    "fall"
   ]
  }, 
  {
   "begin": "16.000", 
   "end": "16.400", 
   "id": "f000032", 
   "language": "en", 
   "lines": [
    "down!\u201d"
   ]
  }, 
  {
   "begin": "16.400", 
   "end": "17.320", 
   "id": "f000033", 
   "language": "en", 
   "lines": [
    "said"
   ]
  }, 
  {
   "begin": "17.320", 
   "end": "17.600", 
   "id": "f000034", 
   "language": "en", 
   "lines": [
    "the"
   ]
  }, 
  {
   "begin": "17.600", 
   "end": "18.960", 
   "id": "f000035", 
   "language": "en", 
   "lines": [
    "shopkeeper."
   ]
  }
 ]
}