{
 "fragments": [
  {
   "begin": "0.000", 
   "end": "0.800", 
   "id": "f000001", 
   "language": "en", 
   "lines": [
    "It"
   ]
  }, 
  {
   "begin": "0.800", 
   "end": "1.240", 
   "id": "f000002", 
   "language": "en", 
   "lines": [
    "was"
   ]
  }, 
  {
   "begin": "1.240", 
   "end": "1.240", 
   "id": "f000003", 
   "language": "en", 
   "lines": [
    "a"
   ]
  }, 
  {
   "begin": "1.240", 
   "end": "1.960", 
   "id": "f000004", 
   "language": "en", 
   "lines": [
    "holiday"
   ]
  }, 
  {
   "begin": "1.960", 
   "end": "2.240", 
   "id": "f000005", 
   "language": "en", 
   "lines": [
    "for"
   ]
  }, 
  {
   "begin": "2.240", 
   "end": "2.600", 
   "id": "f000006", 
   "language": "en", 
   "lines": [
    "Amma."
   ]
  }, 
  {
   "begin": "2.600", 
   "end": "4.160", 
   "id": "f000007", 
   "language": "en", 
   "lines": [
    "She"
   ]
  }, 
  {
   "begin": "4.160", 
   "end": "4.400", 
   "id": "f000008", 
   "language": "en", 
   "lines": [
    "was"
   ]
  }, 
  {
   "begin": "4.400", 
   "end": "4.600", 
   "id": "f000009", 
   "language": "en", 
   "lines": [
    "reading"
   ]
  }, 
  {
   "begin": "4.600", 
   "end": "4.800", 
   "id": "f000010", 
   "language": "en", 
   "lines": [
    "a"
   ]
  }, 
  {
   "begin": "4.800", 
   "end": "6.360", 
   "id": "f000011", 
   "language": "en", 
   "lines": [
    "book."
   ]
  }, 
  {
   "begin": "6.360", 
   "end": "6.760", 
   "id": "f000012", 
   "language": "en", 
   "lines": [
    "Anil"
   ]
  }, 
  {
   "begin": "6.760", 
   "end": "6.920", 
   "id": "f000013", 
   "language": "en", 
   "lines": [
    "had"
   ]
  }, 
  {
   "begin": "6.920", 
   "end": "7.040", 
   "id": "f000014", 
   "language": "en", 
   "lines": [
    "a"
   ]
  }, 
  {
   "begin": "7.040", 
   "end": "7.480", 
   "id": "f000015", 
   "language": "en", 
   "lines": [
    "holiday"
   ]
  }, 
  {
   "begin": "7.480", 
   "end": "9.280", 
   "id": "f000016", 
   "language": "en", 
   "lines": [
    "too."
   ]
  }, 
  {
   "begin": "9.280", 
   "end": "9.520", 
   "id": "f000017", 
   "language": "en", 
   "lines": [
    "He"
   ]
  }, 
  {
   "begin": "9.520", 
   "end": "9.800", 
   "id": "f000018", 
   "language": "en", 
   "lines": [
    "wanted"
   ]
  }, 
  {
   "begin": "9.800", 
   "end": "10.000", 
   "id": "f000019", 
   "language": "en", 
   "lines": [
    "to"
   ]
  }, 
  {
   "begin": "10.000", 
   "end": "10.280", 
   "id": "f000020", 
   "language": "en", 
   "lines": [
    "do...."
   ]
  }, 
  {
   "begin": "10.280", 
   "end": "11.360", 
   "id": "f000021", 
   "language": "en", 
   "lines": [
    "SOMETHING!"
   ]
  }, 
  {
   "begin": "11.360", 
   "end": "13.040", 
   "id": "f000022", 
   "language": "en", 
   "lines": [
    "\u201cAmma,"
   ]
  }, 
  {
   "begin": "13.040", 
   "end": "14.240", 
   "id": "f000023", 
   "language": "en", 
   "lines": [
    "I"
   ]
  }, 
  {
   "begin": "14.240", 
   "end": "14.440", 
   "id": "f000024", 
   "language": "en", 
   "lines": [
    "want"
   ]
  }, 
  {
   "begin": "14.440", 
   "end": "14.560", 
   "id": "f000025", 
   "language": "en", 
   "lines": [
    "to"
   ]
  }, 
  {
   "begin": "14.560", 
   "end": "14.920", 
   "id": "f000026", 
   "language": "en", 
   "lines": [
    "see"
   ]
  }, 
  {
   "begin": "14.920", 
   "end": "15.320", 
   "id": "f000027", 
   "language": "en", 
   "lines": [
    "what"
   ]
  }, 
  {
   "begin": "15.320", 
   "end": "15.440", 
   "id": "f000028", 
   "language": "en", 
   "lines": [
    "is"
   ]
  }, 
  {
   "begin": "15.440", 
   "end": "15.520", 
   "id": "f000029", 
   "language": "en", 
   "lines": [
    "in"
   ]
  }, 
  {
   "begin": "15.520", 
   "end": "15.960", 
   "id": "f000030", 
   "language": "en", 
   "lines": [
    "that"
   ]
  }, 
  {
   "begin": "15.960", 
   "end": "16.200", 
   "id": "f000031", 
   "language": "en", 
   "lines": [
    "blue"
   ]
  }, 
  {
   "begin": "16.200", 
   "end": "17.240", 
   "id": "f000032", 
   "language": "en", 
   "lines": [
    "box!\u201d"
   ]
  }, 
  {
   "begin": "17.240", 
   "end": "17.560", 
   "id": "f000033", 
   "language": "en", 
   "lines": [
    "said"
   ]
  }, 
  {
   "begin": "17.560", 
   "end": "17.760", 
   "id": "f000034", 
   "language": "en", 
   "lines": [
    "Anil."
   ]
  }, 
  {
   "begin": "17.760", 
   "end": "20.000", 
   "id": "f000035", 
   "language": "en", 
   "lines": [
    "\u201cLater,"
   ]
  }, 
  {
   "begin": "20.000", 
   "end": "21.200", 
   "id": "f000036", 
   "language": "en", 
   "lines": [
    "Anil,\u201d"
   ]
  }, 
  {
   "begin": "21.200", 
   "end": "21.640", 
   "id": "f000037", 
   "language": "en", 
   "lines": [
    "said"
   ]
  }, 
  {
   "begin": "21.640", 
   "end": "22.640", 
   "id": "f000038", 
   "language": "en", 
   "lines": [
    "Amma."
   ]
  }
 ]
}