{
 "fragments": [
  {
   "begin": "0.000", 
   "end": "1.320", 
   "id": "f000001", 
   "language": "en", 
   "lines": [
    "\u201cI"
   ]
  }, 
  {
   "begin": "1.320", 
   "end": "1.520", 
   "id": "f000002", 
   "language": "en", 
   "lines": [
    "want"
   ]
  }, 
  {
   "begin": "1.520", 
   "end": "2.040", 
   "id": "f000003", 
   "language": "en", 
   "lines": [
    "that"
   ]
  }, 
  {
   "begin": "2.040", 
   "end": "2.240", 
   "id": "f000004", 
   "language": "en", 
   "lines": [
    "one!\u201d"
   ]
  }, 
  {
   "begin": "2.240", 
   "end": "3.480", 
   "id": "f000005", 
   "language": "en", 
   "lines": [
    "shouted"
   ]
  }, 
  {
   "begin": "3.480", 
   "end": "4.400", 
   "id": "f000006", 
   "language": "en", 
   "lines": [
    "Anil,"
   ]
  }, 
  {
   "begin": "4.400", 
   "end": "4.760", 
   "id": "f000007", 
   "language": "en", 
   "lines": [
    "almost"
   ]
  }, 
  {
   "begin": "4.760", 
   "end": "5.200", 
   "id": "f000008", 
   "language": "en", 
   "lines": [
    "pulling"
   ]
  }, 
  {
   "begin": "5.200", 
   "end": "5.320", 
   "id": "f000009", 
   "language": "en", 
   "lines": [
    "out"
   ]
  }, 
  {
   "begin": "5.320", 
   "end": "5.400", 
   "id": "f000010", 
   "language": "en", 
   "lines": [
    "a"
   ]
  }, 
  {
   "begin": "5.400", 
   "end": "6.440", 
   "id": "f000011", 
   "language": "en", 
   "lines": [
    "samosa"
   ]
  }, 
  {
   "begin": "6.440", 
   "end": "6.840", 
   "id": "f000012", 
   "language": "en", 
   "lines": [
    "from"
   ]
  }, 
  {
   "begin": "6.840", 
   "end": "6.920", 
   "id": "f000013", 
   "language": "en", 
   "lines": [
    "a"
   ]
  }, 
  {
   "begin": "6.920", 
   "end": "7.200", 
   "id": "f000014", 
   "language": "en", 
   "lines": [
    "high"
   ]
  }, 
  {
   "begin": "7.200", 
   "end": "7.560", 
   "id": "f000015", 
   "language": "en", 
   "lines": [
    "stack"
   ]
  }, 
  {
   "begin": "7.560", 
   "end": "7.600", 
   "id": "f000016", 
   "language": "en", 
   "lines": [
    "of"
   ]
  }, 
  {
   "begin": "7.600", 
   "end": "8.360", 
   "id": "f000017", 
   "language": "en", 
   "lines": [
    "samosas."
   ]
  }, 
  {
   "begin": "8.360", 
   "end": "10.120", 
   "id": "f000018", 
   "language": "en", 
   "lines": [
    "\u201cNo,"
   ]
  }, 
  {
   "begin": "10.120", 
   "end": "11.360", 
   "id": "f000019", 
   "language": "en", 
   "lines": [
    "no,"
   ]
  }, 
  {
   "begin": "11.360", 
   "end": "11.560", 
   "id": "f000020", 
   "language": "en", 
   "lines": [
    "not"
   ]
  }, 
  {
   "begin": "11.560", 
   "end": "11.920", 
   "id": "f000021", 
   "language": "en", 
   "lines": [
    "that"
   ]
  }, 
  {
   "begin": "11.920", 
   "end": "13.240", 
   "id": "f000022", 
   "language": "en", 
   "lines": [
    "one!\u201d"
   ]
  }, 
  {
   "begin": "13.240", 
   "end": "13.520", 
   "id": "f000023", 
   "language": "en", 
   "lines": [
    "warned"
   ]
  }, 
  {
   "begin": "13.520", 
   "end": "13.640", 
   "id": "f000024", 
   "language": "en", 
   "lines": [
    "the"
   ]
  }, 
  {
   "begin": "13.640", 
   "end": "14.200", 
   "id": "f000025", 
   "language": "en", 
   "lines": [
    "shopkeeper."
   ]
  }, 
  {
   "begin": "14.200", 
   "end": "15.280", 
   "id": "f000026", 
   "language": "en", 
   "lines": [
    "\u201cAll"
   ]
  }, 
  {
   "begin": "15.280", 
   "end": "15.760", 
   "id": "f000027", 
   "language": "en", 
   "lines": [
    "my"
   ]
  }, 
  {
   "begin": "15.760", 
   "end": "16.040", 
   "id": "f000028", 
   "language": "en", 
   "lines": [
    "samosas"
   ]
  }, 
  {
   "begin": "16.040", 
   "end": "16.320", 
   "id": "f000029", 
   "language": "en", 
   "lines": [
    "will"
   ]
  }, 
  {
   "begin": "16.320", 
   "end": "16.560", 
   "id": "f000030", 
   "language": "en", 
   "lines": [
    "fall"
   ]
  }, 
  {
   "begin": "16.560", 
   "end": "16.680", 
   "id": "f000031", 
   "language": "en", 
   "lines": [
    "to"
   ]
  }, 
  {
   "begin": "16.680", 
   "end": "16.800", 
   "id": "f000032", 
   "language": "en", 
   "lines": [
    "the"
   ]
  }, 
  {
   "begin": "16.800", 
   "end": "17.960", 
   "id": "f000033", 
   "language": "en", 
   "lines": [
    "ground!\u201d"
   ]
  }
 ]
}