{
 "fragments": [
  {
   "begin": "0.000", 
   "end": "0.880", 
   "id": "f000001", 
   "language": "en", 
   "lines": [
    "Now"
   ]
  }, 
  {
   "begin": "0.880", 
   "end": "1.120", 
   "id": "f000002", 
   "language": "en", 
   "lines": [
    "the"
   ]
  }, 
  {
   "begin": "1.120", 
   "end": "1.400", 
   "id": "f000003", 
   "language": "en", 
   "lines": [
    "fat"
   ]
  }, 
  {
   "begin": "1.400", 
   "end": "2.520", 
   "id": "f000004", 
   "language": "en", 
   "lines": [
    "king"
   ]
  }, 
  {
   "begin": "2.520", 
   "end": "2.800", 
   "id": "f000005", 
   "language": "en", 
   "lines": [
    "is"
   ]
  }, 
  {
   "begin": "2.800", 
   "end": "3.680", 
   "id": "f000006", 
   "language": "en", 
   "lines": [
    "thin."
   ]
  }
 ]
}