{
 "fragments": [
  {
   "begin": "0.000", 
   "end": "0.000", 
   "id": "f000001", 
   "language": "en", 
   "lines": [
    "The"
   ]
  }, 
  {
   "begin": "0.000", 
   "end": "1.440", 
   "id": "f000002", 
   "language": "en", 
   "lines": [
    "king"
   ]
  }, 
  {
   "begin": "1.440", 
   "end": "1.640", 
   "id": "f000003", 
   "language": "en", 
   "lines": [
    "runs"
   ]
  }, 
  {
   "begin": "1.640", 
   "end": "1.960", 
   "id": "f000004", 
   "language": "en", 
   "lines": [
    "after"
   ]
  }, 
  {
   "begin": "1.960", 
   "end": "2.200", 
   "id": "f000005", 
   "language": "en", 
   "lines": [
    "the"
   ]
  }, 
  {
   "begin": "2.200", 
   "end": "3.360", 
   "id": "f000006", 
   "language": "en", 
   "lines": [
    "dog."
   ]
  }
 ]
}