{
 "fragments": [
  {
   "begin": "0.000", 
   "end": "0.440", 
   "id": "f000001", 
   "language": "en", 
   "lines": [
    "The"
   ]
  }, 
  {
   "begin": "0.440", 
   "end": "0.800", 
   "id": "f000002", 
   "language": "en", 
   "lines": [
    "dog"
   ]
  }, 
  {
   "begin": "0.800", 
   "end": "1.160", 
   "id": "f000003", 
   "language": "en", 
   "lines": [
    "sees"
   ]
  }, 
  {
   "begin": "1.160", 
   "end": "1.320", 
   "id": "f000004", 
   "language": "en", 
   "lines": [
    "a"
   ]
  }, 
  {
   "begin": "1.320", 
   "end": "3.240", 
   "id": "f000005", 
   "language": "en", 
   "lines": [
    "bird."
   ]
  }, 
  {
   "begin": "3.240", 
   "end": "3.440", 
   "id": "f000006", 
   "language": "en", 
   "lines": [
    "The"
   ]
  }, 
  {
   "begin": "3.440", 
   "end": "4.040", 
   "id": "f000007", 
   "language": "en", 
   "lines": [
    "dog"
   ]
  }, 
  {
   "begin": "4.040", 
   "end": "4.360", 
   "id": "f000008", 
   "language": "en", 
   "lines": [
    "runs"
   ]
  }, 
  {
   "begin": "4.360", 
   "end": "4.640", 
   "id": "f000009", 
   "language": "en", 
   "lines": [
    "after"
   ]
  }, 
  {
   "begin": "4.640", 
   "end": "4.800", 
   "id": "f000010", 
   "language": "en", 
   "lines": [
    "the"
   ]
  }, 
  {
   "begin": "4.800", 
   "end": "5.520", 
   "id": "f000011", 
   "language": "en", 
   "lines": [
    "bird."
   ]
  }
 ]
}