{
 "fragments": [
  {
   "begin": "0.000", 
   "end": "0.360", 
   "id": "f000001", 
   "language": "en", 
   "lines": [
    "But"
   ]
  }, 
  {
   "begin": "0.360", 
   "end": "0.760", 
   "id": "f000002", 
   "language": "en", 
   "lines": [
    "Munia"
   ]
  }, 
  {
   "begin": "0.760", 
   "end": "1.160", 
   "id": "f000003", 
   "language": "en", 
   "lines": [
    "soon"
   ]
  }, 
  {
   "begin": "1.160", 
   "end": "1.760", 
   "id": "f000004", 
   "language": "en", 
   "lines": [
    "realised"
   ]
  }, 
  {
   "begin": "1.760", 
   "end": "2.080", 
   "id": "f000005", 
   "language": "en", 
   "lines": [
    "he"
   ]
  }, 
  {
   "begin": "2.080", 
   "end": "2.680", 
   "id": "f000006", 
   "language": "en", 
   "lines": [
    "was"
   ]
  }, 
  {
   "begin": "2.680", 
   "end": "2.760", 
   "id": "f000007", 
   "language": "en", 
   "lines": [
    "a"
   ]
  }, 
  {
   "begin": "2.760", 
   "end": "3.200", 
   "id": "f000008", 
   "language": "en", 
   "lines": [
    "shy"
   ]
  }, 
  {
   "begin": "3.200", 
   "end": "4.000", 
   "id": "f000009", 
   "language": "en", 
   "lines": [
    "herbivorous"
   ]
  }, 
  {
   "begin": "4.000", 
   "end": "4.880", 
   "id": "f000010", 
   "language": "en", 
   "lines": [
    "bird."
   ]
  }, 
  {
   "begin": "4.880", 
   "end": "5.080", 
   "id": "f000011", 
   "language": "en", 
   "lines": [
    "He"
   ]
  }, 
  {
   "begin": "5.080", 
   "end": "5.440", 
   "id": "f000012", 
   "language": "en", 
   "lines": [
    "just"
   ]
  }, 
  {
   "begin": "5.440", 
   "end": "5.880", 
   "id": "f000013", 
   "language": "en", 
   "lines": [
    "munched"
   ]
  }, 
  {
   "begin": "5.880", 
   "end": "6.120", 
   "id": "f000014", 
   "language": "en", 
   "lines": [
    "on"
   ]
  }, 
  {
   "begin": "6.120", 
   "end": "6.480", 
   "id": "f000015", 
   "language": "en", 
   "lines": [
    "leaves"
   ]
  }, 
  {
   "begin": "6.480", 
   "end": "6.720", 
   "id": "f000016", 
   "language": "en", 
   "lines": [
    "by"
   ]
  }, 
  {
   "begin": "6.720", 
   "end": "6.960", 
   "id": "f000017", 
   "language": "en", 
   "lines": [
    "the"
   ]
  }, 
  {
   "begin": "6.960", 
   "end": "8.080", 
   "id": "f000018", 
   "language": "en", 
   "lines": [
    "lakeside.\n\n"
   ]
  }, 
  {
   "begin": "8.080", 
   "end": "8.520", 
   "id": "f000019", 
   "language": "en", 
   "lines": [
    "Munia"
   ]
  }, 
  {
   "begin": "8.520", 
   "end": "8.960", 
   "id": "f000020", 
   "language": "en", 
   "lines": [
    "felt"
   ]
  }, 
  {
   "begin": "8.960", 
   "end": "9.640", 
   "id": "f000021", 
   "language": "en", 
   "lines": [
    "she"
   ]
  }, 
  {
   "begin": "9.640", 
   "end": "10.000", 
   "id": "f000022", 
   "language": "en", 
   "lines": [
    "had"
   ]
  }, 
  {
   "begin": "10.000", 
   "end": "10.400", 
   "id": "f000023", 
   "language": "en", 
   "lines": [
    "something"
   ]
  }, 
  {
   "begin": "10.400", 
   "end": "10.600", 
   "id": "f000024", 
   "language": "en", 
   "lines": [
    "in"
   ]
  }, 
  {
   "begin": "10.600", 
   "end": "11.000", 
   "id": "f000025", 
   "language": "en", 
   "lines": [
    "common"
   ]
  }, 
  {
   "begin": "11.000", 
   "end": "11.240", 
   "id": "f000026", 
   "language": "en", 
   "lines": [
    "with"
   ]
  }, 
  {
   "begin": "11.240", 
   "end": "11.600", 
   "id": "f000027", 
   "language": "en", 
   "lines": [
    "him."
   ]
  }, 
  {
   "begin": "11.600", 
   "end": "12.280", 
   "id": "f000028", 
   "language": "en", 
   "lines": [
    "The"
   ]
  }, 
  {
   "begin": "12.280", 
   "end": "12.840", 
   "id": "f000029", 
   "language": "en", 
   "lines": [
    "elephant"
   ]
  }, 
  {
   "begin": "12.840", 
   "end": "13.240", 
   "id": "f000030", 
   "language": "en", 
   "lines": [
    "bird"
   ]
  }, 
  {
   "begin": "13.240", 
   "end": "13.440", 
   "id": "f000031", 
   "language": "en", 
   "lines": [
    "could"
   ]
  }, 
  {
   "begin": "13.440", 
   "end": "13.680", 
   "id": "f000032", 
   "language": "en", 
   "lines": [
    "not"
   ]
  }, 
  {
   "begin": "13.680", 
   "end": "14.280", 
   "id": "f000033", 
   "language": "en", 
   "lines": [
    "fly"
   ]
  }, 
  {
   "begin": "14.280", 
   "end": "14.560", 
   "id": "f000034", 
   "language": "en", 
   "lines": [
    "and"
   ]
  }, 
  {
   "begin": "14.560", 
   "end": "15.320", 
   "id": "f000035", 
   "language": "en", 
   "lines": [
    "Munia"
   ]
  }, 
  {
   "begin": "15.320", 
   "end": "15.680", 
   "id": "f000036", 
   "language": "en", 
   "lines": [
    "could"
   ]
  }, 
  {
   "begin": "15.680", 
   "end": "16.000", 
   "id": "f000037", 
   "language": "en", 
   "lines": [
    "not"
   ]
  }, 
  {
   "begin": "16.000", 
   "end": "17.200", 
   "id": "f000038", 
   "language": "en", 
   "lines": [
    "run!"
   ]
  }, 
  {
   "begin": "17.200", 
   "end": "17.480", 
   "id": "f000039", 
   "language": "en", 
   "lines": [
    "Other"
   ]
  }, 
  {
   "begin": "17.480", 
   "end": "17.840", 
   "id": "f000040", 
   "language": "en", 
   "lines": [
    "village"
   ]
  }, 
  {
   "begin": "17.840", 
   "end": "18.360", 
   "id": "f000041", 
   "language": "en", 
   "lines": [
    "children"
   ]
  }, 
  {
   "begin": "18.360", 
   "end": "18.880", 
   "id": "f000042", 
   "language": "en", 
   "lines": [
    "mocked"
   ]
  }, 
  {
   "begin": "18.880", 
   "end": "19.160", 
   "id": "f000043", 
   "language": "en", 
   "lines": [
    "her"
   ]
  }, 
  {
   "begin": "19.160", 
   "end": "19.560", 
   "id": "f000044", 
   "language": "en", 
   "lines": [
    "limp"
   ]
  }, 
  {
   "begin": "19.560", 
   "end": "19.760", 
   "id": "f000045", 
   "language": "en", 
   "lines": [
    "and"
   ]
  }, 
  {
   "begin": "19.760", 
   "end": "19.960", 
   "id": "f000046", 
   "language": "en", 
   "lines": [
    "did"
   ]
  }, 
  {
   "begin": "19.960", 
   "end": "20.200", 
   "id": "f000047", 
   "language": "en", 
   "lines": [
    "not"
   ]
  }, 
  {
   "begin": "20.200", 
   "end": "20.680", 
   "id": "f000048", 
   "language": "en", 
   "lines": [
    "include"
   ]
  }, 
  {
   "begin": "20.680", 
   "end": "20.920", 
   "id": "f000049", 
   "language": "en", 
   "lines": [
    "her"
   ]
  }, 
  {
   "begin": "20.920", 
   "end": "21.080", 
   "id": "f000050", 
   "language": "en", 
   "lines": [
    "in"
   ]
  }, 
  {
   "begin": "21.080", 
   "end": "21.320", 
   "id": "f000051", 
   "language": "en", 
   "lines": [
    "their"
   ]
  }, 
  {
   "begin": "21.320", 
   "end": "22.320", 
   "id": "f000052", 
   "language": "en", 
   "lines": [
    "games."
   ]
  }, 
  {
   "begin": "22.320", 
   "end": "22.680", 
   "id": "f000053", 
   "language": "en", 
   "lines": [
    "That"
   ]
  }, 
  {
   "begin": "22.680", 
   "end": "22.920", 
   "id": "f000054", 
   "language": "en", 
   "lines": [
    "was"
   ]
  }, 
  {
   "begin": "22.920", 
   "end": "23.160", 
   "id": "f000055", 
   "language": "en", 
   "lines": [
    "why"
   ]
  }, 
  {
   "begin": "23.160", 
   "end": "23.400", 
   "id": "f000056", 
   "language": "en", 
   "lines": [
    "she"
   ]
  }, 
  {
   "begin": "23.400", 
   "end": "23.680", 
   "id": "f000057", 
   "language": "en", 
   "lines": [
    "liked"
   ]
  }, 
  {
   "begin": "23.680", 
   "end": "24.240", 
   "id": "f000058", 
   "language": "en", 
   "lines": [
    "staying"
   ]
  }, 
  {
   "begin": "24.240", 
   "end": "25.120", 
   "id": "f000059", 
   "language": "en", 
   "lines": [
    "alone."
   ]
  }
 ]
}