{
 "fragments": [
  {
   "begin": "0.000", 
   "end": "0.520", 
   "id": "f000001", 
   "language": "en", 
   "lines": [
    "The"
   ]
  }, 
  {
   "begin": "0.520", 
   "end": "1.000", 
   "id": "f000002", 
   "language": "en", 
   "lines": [
    "crowd"
   ]
  }, 
  {
   "begin": "1.000", 
   "end": "2.320", 
   "id": "f000003", 
   "language": "en", 
   "lines": [
    "agreed."
   ]
  }, 
  {
   "begin": "2.320", 
   "end": "2.760", 
   "id": "f000004", 
   "language": "en", 
   "lines": [
    "Munia"
   ]
  }, 
  {
   "begin": "2.760", 
   "end": "3.120", 
   "id": "f000005", 
   "language": "en", 
   "lines": [
    "watched"
   ]
  }, 
  {
   "begin": "3.120", 
   "end": "3.280", 
   "id": "f000006", 
   "language": "en", 
   "lines": [
    "the"
   ]
  }, 
  {
   "begin": "3.280", 
   "end": "4.040", 
   "id": "f000007", 
   "language": "en", 
   "lines": [
    "proceedings"
   ]
  }, 
  {
   "begin": "4.040", 
   "end": "4.880", 
   "id": "f000008", 
   "language": "en", 
   "lines": [
    "quietly."
   ]
  }, 
  {
   "begin": "4.880", 
   "end": "5.680", 
   "id": "f000009", 
   "language": "en", 
   "lines": [
    "She"
   ]
  }, 
  {
   "begin": "5.680", 
   "end": "6.040", 
   "id": "f000010", 
   "language": "en", 
   "lines": [
    "wanted"
   ]
  }, 
  {
   "begin": "6.040", 
   "end": "6.320", 
   "id": "f000011", 
   "language": "en", 
   "lines": [
    "to"
   ]
  }, 
  {
   "begin": "6.320", 
   "end": "7.080", 
   "id": "f000012", 
   "language": "en", 
   "lines": [
    "speak,"
   ]
  }, 
  {
   "begin": "7.080", 
   "end": "7.240", 
   "id": "f000013", 
   "language": "en", 
   "lines": [
    "but"
   ]
  }, 
  {
   "begin": "7.240", 
   "end": "7.560", 
   "id": "f000014", 
   "language": "en", 
   "lines": [
    "was"
   ]
  }, 
  {
   "begin": "7.560", 
   "end": "7.960", 
   "id": "f000015", 
   "language": "en", 
   "lines": [
    "scared"
   ]
  }, 
  {
   "begin": "7.960", 
   "end": "8.000", 
   "id": "f000016", 
   "language": "en", 
   "lines": [
    "of"
   ]
  }, 
  {
   "begin": "8.000", 
   "end": "8.280", 
   "id": "f000017", 
   "language": "en", 
   "lines": [
    "being"
   ]
  }, 
  {
   "begin": "8.280", 
   "end": "8.720", 
   "id": "f000018", 
   "language": "en", 
   "lines": [
    "punished"
   ]
  }, 
  {
   "begin": "8.720", 
   "end": "8.960", 
   "id": "f000019", 
   "language": "en", 
   "lines": [
    "for"
   ]
  }, 
  {
   "begin": "8.960", 
   "end": "9.520", 
   "id": "f000020", 
   "language": "en", 
   "lines": [
    "speaking"
   ]
  }, 
  {
   "begin": "9.520", 
   "end": "10.520", 
   "id": "f000021", 
   "language": "en", 
   "lines": [
    "up."
   ]
  }, 
  {
   "begin": "10.520", 
   "end": "10.760", 
   "id": "f000022", 
   "language": "en", 
   "lines": [
    "Even"
   ]
  }, 
  {
   "begin": "10.760", 
   "end": "10.960", 
   "id": "f000023", 
   "language": "en", 
   "lines": [
    "if"
   ]
  }, 
  {
   "begin": "10.960", 
   "end": "11.360", 
   "id": "f000024", 
   "language": "en", 
   "lines": [
    "she"
   ]
  }, 
  {
   "begin": "11.360", 
   "end": "11.640", 
   "id": "f000025", 
   "language": "en", 
   "lines": [
    "spoke,"
   ]
  }, 
  {
   "begin": "11.640", 
   "end": "12.200", 
   "id": "f000026", 
   "language": "en", 
   "lines": [
    "who"
   ]
  }, 
  {
   "begin": "12.200", 
   "end": "12.640", 
   "id": "f000027", 
   "language": "en", 
   "lines": [
    "would"
   ]
  }, 
  {
   "begin": "12.640", 
   "end": "13.000", 
   "id": "f000028", 
   "language": "en", 
   "lines": [
    "believe"
   ]
  }, 
  {
   "begin": "13.000", 
   "end": "13.320", 
   "id": "f000029", 
   "language": "en", 
   "lines": [
    "her?"
   ]
  }, 
  {
   "begin": "13.320", 
   "end": "14.840", 
   "id": "f000030", 
   "language": "en", 
   "lines": [
    "\u201cYes,"
   ]
  }, 
  {
   "begin": "14.840", 
   "end": "15.120", 
   "id": "f000031", 
   "language": "en", 
   "lines": [
    "all"
   ]
  }, 
  {
   "begin": "15.120", 
   "end": "15.360", 
   "id": "f000032", 
   "language": "en", 
   "lines": [
    "these"
   ]
  }, 
  {
   "begin": "15.360", 
   "end": "15.760", 
   "id": "f000033", 
   "language": "en", 
   "lines": [
    "years"
   ]
  }, 
  {
   "begin": "15.760", 
   "end": "15.920", 
   "id": "f000034", 
   "language": "en", 
   "lines": [
    "of"
   ]
  }, 
  {
   "begin": "15.920", 
   "end": "16.600", 
   "id": "f000035", 
   "language": "en", 
   "lines": [
    "aimless"
   ]
  }, 
  {
   "begin": "16.600", 
   "end": "17.040", 
   "id": "f000036", 
   "language": "en", 
   "lines": [
    "living"
   ]
  }, 
  {
   "begin": "17.040", 
   "end": "17.360", 
   "id": "f000037", 
   "language": "en", 
   "lines": [
    "has"
   ]
  }, 
  {
   "begin": "17.360", 
   "end": "17.600", 
   "id": "f000038", 
   "language": "en", 
   "lines": [
    "made"
   ]
  }, 
  {
   "begin": "17.600", 
   "end": "17.800", 
   "id": "f000039", 
   "language": "en", 
   "lines": [
    "the"
   ]
  }, 
  {
   "begin": "17.800", 
   "end": "18.240", 
   "id": "f000040", 
   "language": "en", 
   "lines": [
    "giant"
   ]
  }, 
  {
   "begin": "18.240", 
   "end": "19.000", 
   "id": "f000041", 
   "language": "en", 
   "lines": [
    "dangerous,\u201d"
   ]
  }, 
  {
   "begin": "19.000", 
   "end": "19.800", 
   "id": "f000042", 
   "language": "en", 
   "lines": [
    "said"
   ]
  }, 
  {
   "begin": "19.800", 
   "end": "20.240", 
   "id": "f000043", 
   "language": "en", 
   "lines": [
    "Munia\u2019s"
   ]
  }, 
  {
   "begin": "20.240", 
   "end": "20.920", 
   "id": "f000044", 
   "language": "en", 
   "lines": [
    "father."
   ]
  }, 
  {
   "begin": "20.920", 
   "end": "21.800", 
   "id": "f000045", 
   "language": "en", 
   "lines": [
    "\u201cToday"
   ]
  }, 
  {
   "begin": "21.800", 
   "end": "21.800", 
   "id": "f000046", 
   "language": "en", 
   "lines": [
    "it"
   ]
  }, 
  {
   "begin": "21.800", 
   "end": "21.840", 
   "id": "f000047", 
   "language": "en", 
   "lines": [
    "is"
   ]
  }, 
  {
   "begin": "21.840", 
   "end": "22.200", 
   "id": "f000048", 
   "language": "en", 
   "lines": [
    "a"
   ]
  }, 
  {
   "begin": "22.200", 
   "end": "22.680", 
   "id": "f000049", 
   "language": "en", 
   "lines": [
    "horse,"
   ]
  }, 
  {
   "begin": "22.680", 
   "end": "23.640", 
   "id": "f000050", 
   "language": "en", 
   "lines": [
    "tomorrow"
   ]
  }, 
  {
   "begin": "23.640", 
   "end": "23.680", 
   "id": "f000051", 
   "language": "en", 
   "lines": [
    "it"
   ]
  }, 
  {
   "begin": "23.680", 
   "end": "23.880", 
   "id": "f000052", 
   "language": "en", 
   "lines": [
    "may"
   ]
  }, 
  {
   "begin": "23.880", 
   "end": "24.200", 
   "id": "f000053", 
   "language": "en", 
   "lines": [
    "be"
   ]
  }, 
  {
   "begin": "24.200", 
   "end": "24.400", 
   "id": "f000054", 
   "language": "en", 
   "lines": [
    "our"
   ]
  }, 
  {
   "begin": "24.400", 
   "end": "25.040", 
   "id": "f000055", 
   "language": "en", 
   "lines": [
    "children\u2026\u201d"
   ]
  }, 
  {
   "begin": "25.040", 
   "end": "25.600", 
   "id": "f000056", 
   "language": "en", 
   "lines": [
    "The"
   ]
  }, 
  {
   "begin": "25.600", 
   "end": "26.200", 
   "id": "f000057", 
   "language": "en", 
   "lines": [
    "headman"
   ]
  }, 
  {
   "begin": "26.200", 
   "end": "26.720", 
   "id": "f000058", 
   "language": "en", 
   "lines": [
    "spoke"
   ]
  }, 
  {
   "begin": "26.720", 
   "end": "26.960", 
   "id": "f000059", 
   "language": "en", 
   "lines": [
    "over"
   ]
  }, 
  {
   "begin": "26.960", 
   "end": "27.080", 
   "id": "f000060", 
   "language": "en", 
   "lines": [
    "the"
   ]
  }, 
  {
   "begin": "27.080", 
   "end": "27.800", 
   "id": "f000061", 
   "language": "en", 
   "lines": [
    "villagers\u2019"
   ]
  }, 
  {
   "begin": "27.800", 
   "end": "28.160", 
   "id": "f000062", 
   "language": "en", 
   "lines": [
    "angry"
   ]
  }, 
  {
   "begin": "28.160", 
   "end": "28.800", 
   "id": "f000063", 
   "language": "en", 
   "lines": [
    "shouts,"
   ]
  }, 
  {
   "begin": "28.800", 
   "end": "29.520", 
   "id": "f000064", 
   "language": "en", 
   "lines": [
    "\u201cBrothers,"
   ]
  }, 
  {
   "begin": "29.520", 
   "end": "30.760", 
   "id": "f000065", 
   "language": "en", 
   "lines": [
    "even"
   ]
  }, 
  {
   "begin": "30.760", 
   "end": "31.760", 
   "id": "f000066", 
   "language": "en", 
   "lines": [
    "though"
   ]
  }, 
  {
   "begin": "31.760", 
   "end": "32.240", 
   "id": "f000067", 
   "language": "en", 
   "lines": [
    "we"
   ]
  }, 
  {
   "begin": "32.240", 
   "end": "32.600", 
   "id": "f000068", 
   "language": "en", 
   "lines": [
    "are"
   ]
  }, 
  {
   "begin": "32.600", 
   "end": "33.000", 
   "id": "f000069", 
   "language": "en", 
   "lines": [
    "facing"
   ]
  }, 
  {
   "begin": "33.000", 
   "end": "33.120", 
   "id": "f000070", 
   "language": "en", 
   "lines": [
    "a"
   ]
  }, 
  {
   "begin": "33.120", 
   "end": "34.000", 
   "id": "f000071", 
   "language": "en", 
   "lines": [
    "giant,"
   ]
  }, 
  {
   "begin": "34.000", 
   "end": "34.280", 
   "id": "f000072", 
   "language": "en", 
   "lines": [
    "we"
   ]
  }, 
  {
   "begin": "34.280", 
   "end": "34.480", 
   "id": "f000073", 
   "language": "en", 
   "lines": [
    "have"
   ]
  }, 
  {
   "begin": "34.480", 
   "end": "34.560", 
   "id": "f000074", 
   "language": "en", 
   "lines": [
    "the"
   ]
  }, 
  {
   "begin": "34.560", 
   "end": "35.040", 
   "id": "f000075", 
   "language": "en", 
   "lines": [
    "strength"
   ]
  }, 
  {
   "begin": "35.040", 
   "end": "35.280", 
   "id": "f000076", 
   "language": "en", 
   "lines": [
    "of"
   ]
  }, 
  {
   "begin": "35.280", 
   "end": "36.520", 
   "id": "f000077", 
   "language": "en", 
   "lines": [
    "numbers."
   ]
  }, 
  {
   "begin": "36.520", 
   "end": "36.840", 
   "id": "f000078", 
   "language": "en", 
   "lines": [
    "So"
   ]
  }, 
  {
   "begin": "36.840", 
   "end": "37.040", 
   "id": "f000079", 
   "language": "en", 
   "lines": [
    "let"
   ]
  }, 
  {
   "begin": "37.040", 
   "end": "37.240", 
   "id": "f000080", 
   "language": "en", 
   "lines": [
    "us"
   ]
  }, 
  {
   "begin": "37.240", 
   "end": "37.280", 
   "id": "f000081", 
   "language": "en", 
   "lines": [
    "go"
   ]
  }, 
  {
   "begin": "37.280", 
   "end": "37.720", 
   "id": "f000082", 
   "language": "en", 
   "lines": [
    "out"
   ]
  }, 
  {
   "begin": "37.720", 
   "end": "37.720", 
   "id": "f000083", 
   "language": "en", 
   "lines": [
    "and"
   ]
  }, 
  {
   "begin": "37.720", 
   "end": "38.360", 
   "id": "f000084", 
   "language": "en", 
   "lines": [
    "finish"
   ]
  }, 
  {
   "begin": "38.360", 
   "end": "39.200", 
   "id": "f000085", 
   "language": "en", 
   "lines": [
    "him!\u201d"
   ]
  }
 ]
}