{
 "fragments": [
  {
   "begin": "0.000", 
   "end": "0.600", 
   "id": "f000001", 
   "language": "en", 
   "lines": [
    "The"
   ]
  }, 
  {
   "begin": "0.600", 
   "end": "1.080", 
   "id": "f000002", 
   "language": "en", 
   "lines": [
    "next"
   ]
  }, 
  {
   "begin": "1.080", 
   "end": "1.880", 
   "id": "f000003", 
   "language": "en", 
   "lines": [
    "morning"
   ]
  }, 
  {
   "begin": "1.880", 
   "end": "2.080", 
   "id": "f000004", 
   "language": "en", 
   "lines": [
    "the"
   ]
  }, 
  {
   "begin": "2.080", 
   "end": "2.640", 
   "id": "f000005", 
   "language": "en", 
   "lines": [
    "villagers"
   ]
  }, 
  {
   "begin": "2.640", 
   "end": "2.840", 
   "id": "f000006", 
   "language": "en", 
   "lines": [
    "gathered"
   ]
  }, 
  {
   "begin": "2.840", 
   "end": "3.040", 
   "id": "f000007", 
   "language": "en", 
   "lines": [
    "near"
   ]
  }, 
  {
   "begin": "3.040", 
   "end": "3.400", 
   "id": "f000008", 
   "language": "en", 
   "lines": [
    "the"
   ]
  }, 
  {
   "begin": "3.400", 
   "end": "4.120", 
   "id": "f000009", 
   "language": "en", 
   "lines": [
    "lake"
   ]
  }, 
  {
   "begin": "4.120", 
   "end": "4.520", 
   "id": "f000010", 
   "language": "en", 
   "lines": [
    "with"
   ]
  }, 
  {
   "begin": "4.520", 
   "end": "5.200", 
   "id": "f000011", 
   "language": "en", 
   "lines": [
    "sticks,"
   ]
  }, 
  {
   "begin": "5.200", 
   "end": "5.640", 
   "id": "f000012", 
   "language": "en", 
   "lines": [
    "sharp"
   ]
  }, 
  {
   "begin": "5.640", 
   "end": "6.480", 
   "id": "f000013", 
   "language": "en", 
   "lines": [
    "stones"
   ]
  }, 
  {
   "begin": "6.480", 
   "end": "6.760", 
   "id": "f000014", 
   "language": "en", 
   "lines": [
    "and"
   ]
  }, 
  {
   "begin": "6.760", 
   "end": "7.200", 
   "id": "f000015", 
   "language": "en", 
   "lines": [
    "long"
   ]
  }, 
  {
   "begin": "7.200", 
   "end": "7.600", 
   "id": "f000016", 
   "language": "en", 
   "lines": [
    "kitchen"
   ]
  }, 
  {
   "begin": "7.600", 
   "end": "8.120", 
   "id": "f000017", 
   "language": "en", 
   "lines": [
    "knives."
   ]
  }, 
  {
   "begin": "8.120", 
   "end": "8.680", 
   "id": "f000018", 
   "language": "en", 
   "lines": [
    "The"
   ]
  }, 
  {
   "begin": "8.680", 
   "end": "9.320", 
   "id": "f000019", 
   "language": "en", 
   "lines": [
    "elephant"
   ]
  }, 
  {
   "begin": "9.320", 
   "end": "9.600", 
   "id": "f000020", 
   "language": "en", 
   "lines": [
    "bird"
   ]
  }, 
  {
   "begin": "9.600", 
   "end": "9.920", 
   "id": "f000021", 
   "language": "en", 
   "lines": [
    "was"
   ]
  }, 
  {
   "begin": "9.920", 
   "end": "10.640", 
   "id": "f000022", 
   "language": "en", 
   "lines": [
    "resting"
   ]
  }, 
  {
   "begin": "10.640", 
   "end": "10.880", 
   "id": "f000023", 
   "language": "en", 
   "lines": [
    "when"
   ]
  }, 
  {
   "begin": "10.880", 
   "end": "10.920", 
   "id": "f000024", 
   "language": "en", 
   "lines": [
    "the"
   ]
  }, 
  {
   "begin": "10.920", 
   "end": "11.320", 
   "id": "f000025", 
   "language": "en", 
   "lines": [
    "crowd"
   ]
  }, 
  {
   "begin": "11.320", 
   "end": "11.840", 
   "id": "f000026", 
   "language": "en", 
   "lines": [
    "approached"
   ]
  }, 
  {
   "begin": "11.840", 
   "end": "12.160", 
   "id": "f000027", 
   "language": "en", 
   "lines": [
    "him."
   ]
  }, 
  {
   "begin": "12.160", 
   "end": "13.280", 
   "id": "f000028", 
   "language": "en", 
   "lines": [
    "The"
   ]
  }, 
  {
   "begin": "13.280", 
   "end": "13.600", 
   "id": "f000029", 
   "language": "en", 
   "lines": [
    "sun"
   ]
  }, 
  {
   "begin": "13.600", 
   "end": "14.120", 
   "id": "f000030", 
   "language": "en", 
   "lines": [
    "shone"
   ]
  }, 
  {
   "begin": "14.120", 
   "end": "14.240", 
   "id": "f000031", 
   "language": "en", 
   "lines": [
    "on"
   ]
  }, 
  {
   "begin": "14.240", 
   "end": "14.520", 
   "id": "f000032", 
   "language": "en", 
   "lines": [
    "his"
   ]
  }, 
  {
   "begin": "14.520", 
   "end": "15.080", 
   "id": "f000033", 
   "language": "en", 
   "lines": [
    "featherless"
   ]
  }, 
  {
   "begin": "15.080", 
   "end": "16.160", 
   "id": "f000034", 
   "language": "en", 
   "lines": [
    "back."
   ]
  }, 
  {
   "begin": "16.160", 
   "end": "16.400", 
   "id": "f000035", 
   "language": "en", 
   "lines": [
    "He"
   ]
  }, 
  {
   "begin": "16.400", 
   "end": "16.680", 
   "id": "f000036", 
   "language": "en", 
   "lines": [
    "got"
   ]
  }, 
  {
   "begin": "16.680", 
   "end": "16.800", 
   "id": "f000037", 
   "language": "en", 
   "lines": [
    "up"
   ]
  }, 
  {
   "begin": "16.800", 
   "end": "18.000", 
   "id": "f000038", 
   "language": "en", 
   "lines": [
    "slowly"
   ]
  }, 
  {
   "begin": "18.000", 
   "end": "18.360", 
   "id": "f000039", 
   "language": "en", 
   "lines": [
    "and"
   ]
  }, 
  {
   "begin": "18.360", 
   "end": "18.720", 
   "id": "f000040", 
   "language": "en", 
   "lines": [
    "stared"
   ]
  }, 
  {
   "begin": "18.720", 
   "end": "18.880", 
   "id": "f000041", 
   "language": "en", 
   "lines": [
    "at"
   ]
  }, 
  {
   "begin": "18.880", 
   "end": "19.000", 
   "id": "f000042", 
   "language": "en", 
   "lines": [
    "the"
   ]
  }, 
  {
   "begin": "19.000", 
   "end": "20.280", 
   "id": "f000043", 
   "language": "en", 
   "lines": [
    "crowd."
   ]
  }, 
  {
   "begin": "20.280", 
   "end": "20.760", 
   "id": "f000044", 
   "language": "en", 
   "lines": [
    "Looking"
   ]
  }, 
  {
   "begin": "20.760", 
   "end": "20.760", 
   "id": "f000045", 
   "language": "en", 
   "lines": [
    "at"
   ]
  }, 
  {
   "begin": "20.760", 
   "end": "21.200", 
   "id": "f000046", 
   "language": "en", 
   "lines": [
    "his"
   ]
  }, 
  {
   "begin": "21.200", 
   "end": "21.880", 
   "id": "f000047", 
   "language": "en", 
   "lines": [
    "size,"
   ]
  }, 
  {
   "begin": "21.880", 
   "end": "22.040", 
   "id": "f000048", 
   "language": "en", 
   "lines": [
    "the"
   ]
  }, 
  {
   "begin": "22.040", 
   "end": "22.760", 
   "id": "f000049", 
   "language": "en", 
   "lines": [
    "villagers"
   ]
  }, 
  {
   "begin": "22.760", 
   "end": "23.040", 
   "id": "f000050", 
   "language": "en", 
   "lines": [
    "stopped"
   ]
  }, 
  {
   "begin": "23.040", 
   "end": "23.240", 
   "id": "f000051", 
   "language": "en", 
   "lines": [
    "at"
   ]
  }, 
  {
   "begin": "23.240", 
   "end": "23.520", 
   "id": "f000052", 
   "language": "en", 
   "lines": [
    "some"
   ]
  }, 
  {
   "begin": "23.520", 
   "end": "24.680", 
   "id": "f000053", 
   "language": "en", 
   "lines": [
    "distance."
   ]
  }, 
  {
   "begin": "24.680", 
   "end": "25.000", 
   "id": "f000054", 
   "language": "en", 
   "lines": [
    "After"
   ]
  }, 
  {
   "begin": "25.000", 
   "end": "25.280", 
   "id": "f000055", 
   "language": "en", 
   "lines": [
    "a"
   ]
  }, 
  {
   "begin": "25.280", 
   "end": "25.760", 
   "id": "f000056", 
   "language": "en", 
   "lines": [
    "moment\u2019s"
   ]
  }, 
  {
   "begin": "25.760", 
   "end": "26.520", 
   "id": "f000057", 
   "language": "en", 
   "lines": [
    "hesitation"
   ]
  }, 
  {
   "begin": "26.520", 
   "end": "26.560", 
   "id": "f000058", 
   "language": "en", 
   "lines": [
    "the"
   ]
  }, 
  {
   "begin": "26.560", 
   "end": "27.480", 
   "id": "f000059", 
   "language": "en", 
   "lines": [
    "headman"
   ]
  }, 
  {
   "begin": "27.480", 
   "end": "28.000", 
   "id": "f000060", 
   "language": "en", 
   "lines": [
    "cried,"
   ]
  }, 
  {
   "begin": "28.000", 
   "end": "29.360", 
   "id": "f000061", 
   "language": "en", 
   "lines": [
    "\u201cBe"
   ]
  }, 
  {
   "begin": "29.360", 
   "end": "30.520", 
   "id": "f000062", 
   "language": "en", 
   "lines": [
    "ready!\u201d"
   ]
  }, 
  {
   "begin": "30.520", 
   "end": "30.720", 
   "id": "f000063", 
   "language": "en", 
   "lines": [
    "The"
   ]
  }, 
  {
   "begin": "30.720", 
   "end": "31.240", 
   "id": "f000064", 
   "language": "en", 
   "lines": [
    "mob"
   ]
  }, 
  {
   "begin": "31.240", 
   "end": "32.040", 
   "id": "f000065", 
   "language": "en", 
   "lines": [
    "roared,"
   ]
  }, 
  {
   "begin": "32.040", 
   "end": "32.640", 
   "id": "f000066", 
   "language": "en", 
   "lines": [
    "firming"
   ]
  }, 
  {
   "begin": "32.640", 
   "end": "32.800", 
   "id": "f000067", 
   "language": "en", 
   "lines": [
    "the"
   ]
  }, 
  {
   "begin": "32.800", 
   "end": "32.880", 
   "id": "f000068", 
   "language": "en", 
   "lines": [
    "grip"
   ]
  }, 
  {
   "begin": "32.880", 
   "end": "33.160", 
   "id": "f000069", 
   "language": "en", 
   "lines": [
    "on"
   ]
  }, 
  {
   "begin": "33.160", 
   "end": "33.360", 
   "id": "f000070", 
   "language": "en", 
   "lines": [
    "the"
   ]
  }, 
  {
   "begin": "33.360", 
   "end": "34.120", 
   "id": "f000071", 
   "language": "en", 
   "lines": [
    "weapons,"
   ]
  }, 
  {
   "begin": "34.120", 
   "end": "34.400", 
   "id": "f000072", 
   "language": "en", 
   "lines": [
    "ready"
   ]
  }, 
  {
   "begin": "34.400", 
   "end": "34.600", 
   "id": "f000073", 
   "language": "en", 
   "lines": [
    "to"
   ]
  }, 
  {
   "begin": "34.600", 
   "end": "34.800", 
   "id": "f000074", 
   "language": "en", 
   "lines": [
    "run"
   ]
  }, 
  {
   "begin": "34.800", 
   "end": "35.120", 
   "id": "f000075", 
   "language": "en", 
   "lines": [
    "down"
   ]
  }, 
  {
   "begin": "35.120", 
   "end": "35.200", 
   "id": "f000076", 
   "language": "en", 
   "lines": [
    "the"
   ]
  }, 
  {
   "begin": "35.200", 
   "end": "35.600", 
   "id": "f000077", 
   "language": "en", 
   "lines": [
    "giant"
   ]
  }, 
  {
   "begin": "35.600", 
   "end": "36.360", 
   "id": "f000078", 
   "language": "en", 
   "lines": [
    "one-feathered"
   ]
  }, 
  {
   "begin": "36.360", 
   "end": "36.840", 
   "id": "f000079", 
   "language": "en", 
   "lines": [
    "elephant"
   ]
  }, 
  {
   "begin": "36.840", 
   "end": "38.000", 
   "id": "f000080", 
   "language": "en", 
   "lines": [
    "bird."
   ]
  }
 ]
}