{
 "fragments": [
  {
   "begin": "0.000", 
   "end": "0.560", 
   "id": "f000001", 
   "language": "en", 
   "lines": [
    "After"
   ]
  }, 
  {
   "begin": "0.560", 
   "end": "1.040", 
   "id": "f000002", 
   "language": "en", 
   "lines": [
    "searching"
   ]
  }, 
  {
   "begin": "1.040", 
   "end": "1.280", 
   "id": "f000003", 
   "language": "en", 
   "lines": [
    "for"
   ]
  }, 
  {
   "begin": "1.280", 
   "end": "1.640", 
   "id": "f000004", 
   "language": "en", 
   "lines": [
    "Vayu"
   ]
  }, 
  {
   "begin": "1.640", 
   "end": "2.200", 
   "id": "f000005", 
   "language": "en", 
   "lines": [
    "high"
   ]
  }, 
  {
   "begin": "2.200", 
   "end": "2.840", 
   "id": "f000006", 
   "language": "en", 
   "lines": [
    "and"
   ]
  }, 
  {
   "begin": "2.840", 
   "end": "2.960", 
   "id": "f000007", 
   "language": "en", 
   "lines": [
    "low,"
   ]
  }, 
  {
   "begin": "2.960", 
   "end": "3.040", 
   "id": "f000008", 
   "language": "en", 
   "lines": [
    "the"
   ]
  }, 
  {
   "begin": "3.040", 
   "end": "3.600", 
   "id": "f000009", 
   "language": "en", 
   "lines": [
    "villagers"
   ]
  }, 
  {
   "begin": "3.600", 
   "end": "4.160", 
   "id": "f000010", 
   "language": "en", 
   "lines": [
    "gathered"
   ]
  }, 
  {
   "begin": "4.160", 
   "end": "4.400", 
   "id": "f000011", 
   "language": "en", 
   "lines": [
    "under"
   ]
  }, 
  {
   "begin": "4.400", 
   "end": "4.640", 
   "id": "f000012", 
   "language": "en", 
   "lines": [
    "the"
   ]
  }, 
  {
   "begin": "4.640", 
   "end": "5.000", 
   "id": "f000013", 
   "language": "en", 
   "lines": [
    "old"
   ]
  }, 
  {
   "begin": "5.000", 
   "end": "5.400", 
   "id": "f000014", 
   "language": "en", 
   "lines": [
    "banyan"
   ]
  }, 
  {
   "begin": "5.400", 
   "end": "6.400", 
   "id": "f000015", 
   "language": "en", 
   "lines": [
    "tree."
   ]
  }, 
  {
   "begin": "6.400", 
   "end": "7.080", 
   "id": "f000016", 
   "language": "en", 
   "lines": [
    "Everyone"
   ]
  }, 
  {
   "begin": "7.080", 
   "end": "7.480", 
   "id": "f000017", 
   "language": "en", 
   "lines": [
    "agreed"
   ]
  }, 
  {
   "begin": "7.480", 
   "end": "7.800", 
   "id": "f000018", 
   "language": "en", 
   "lines": [
    "that"
   ]
  }, 
  {
   "begin": "7.800", 
   "end": "8.000", 
   "id": "f000019", 
   "language": "en", 
   "lines": [
    "there"
   ]
  }, 
  {
   "begin": "8.000", 
   "end": "8.480", 
   "id": "f000020", 
   "language": "en", 
   "lines": [
    "could"
   ]
  }, 
  {
   "begin": "8.480", 
   "end": "8.640", 
   "id": "f000021", 
   "language": "en", 
   "lines": [
    "be"
   ]
  }, 
  {
   "begin": "8.640", 
   "end": "8.920", 
   "id": "f000022", 
   "language": "en", 
   "lines": [
    "no"
   ]
  }, 
  {
   "begin": "8.920", 
   "end": "9.400", 
   "id": "f000023", 
   "language": "en", 
   "lines": [
    "thief"
   ]
  }, 
  {
   "begin": "9.400", 
   "end": "9.680", 
   "id": "f000024", 
   "language": "en", 
   "lines": [
    "in"
   ]
  }, 
  {
   "begin": "9.680", 
   "end": "10.280", 
   "id": "f000025", 
   "language": "en", 
   "lines": [
    "Adhania."
   ]
  }, 
  {
   "begin": "10.280", 
   "end": "11.160", 
   "id": "f000026", 
   "language": "en", 
   "lines": [
    "They"
   ]
  }, 
  {
   "begin": "11.160", 
   "end": "11.400", 
   "id": "f000027", 
   "language": "en", 
   "lines": [
    "all"
   ]
  }, 
  {
   "begin": "11.400", 
   "end": "11.760", 
   "id": "f000028", 
   "language": "en", 
   "lines": [
    "trusted"
   ]
  }, 
  {
   "begin": "11.760", 
   "end": "11.960", 
   "id": "f000029", 
   "language": "en", 
   "lines": [
    "one"
   ]
  }, 
  {
   "begin": "11.960", 
   "end": "12.360", 
   "id": "f000030", 
   "language": "en", 
   "lines": [
    "another."
   ]
  }, 
  {
   "begin": "12.360", 
   "end": "13.200", 
   "id": "f000031", 
   "language": "en", 
   "lines": [
    "The"
   ]
  }, 
  {
   "begin": "13.200", 
   "end": "13.760", 
   "id": "f000032", 
   "language": "en", 
   "lines": [
    "milkman"
   ]
  }, 
  {
   "begin": "13.760", 
   "end": "14.560", 
   "id": "f000033", 
   "language": "en", 
   "lines": [
    "swore"
   ]
  }, 
  {
   "begin": "14.560", 
   "end": "14.720", 
   "id": "f000034", 
   "language": "en", 
   "lines": [
    "that"
   ]
  }, 
  {
   "begin": "14.720", 
   "end": "15.120", 
   "id": "f000035", 
   "language": "en", 
   "lines": [
    "he"
   ]
  }, 
  {
   "begin": "15.120", 
   "end": "15.160", 
   "id": "f000036", 
   "language": "en", 
   "lines": [
    "had"
   ]
  }, 
  {
   "begin": "15.160", 
   "end": "15.640", 
   "id": "f000037", 
   "language": "en", 
   "lines": [
    "seen"
   ]
  }, 
  {
   "begin": "15.640", 
   "end": "16.040", 
   "id": "f000038", 
   "language": "en", 
   "lines": [
    "Vayu"
   ]
  }, 
  {
   "begin": "16.040", 
   "end": "16.360", 
   "id": "f000039", 
   "language": "en", 
   "lines": [
    "gallop"
   ]
  }, 
  {
   "begin": "16.360", 
   "end": "16.680", 
   "id": "f000040", 
   "language": "en", 
   "lines": [
    "away"
   ]
  }, 
  {
   "begin": "16.680", 
   "end": "17.160", 
   "id": "f000041", 
   "language": "en", 
   "lines": [
    "towards"
   ]
  }, 
  {
   "begin": "17.160", 
   "end": "17.240", 
   "id": "f000042", 
   "language": "en", 
   "lines": [
    "the"
   ]
  }, 
  {
   "begin": "17.240", 
   "end": "17.760", 
   "id": "f000043", 
   "language": "en", 
   "lines": [
    "lake."
   ]
  }, 
  {
   "begin": "17.760", 
   "end": "18.920", 
   "id": "f000044", 
   "language": "en", 
   "lines": [
    "\u201cThere"
   ]
  }, 
  {
   "begin": "18.920", 
   "end": "19.080", 
   "id": "f000045", 
   "language": "en", 
   "lines": [
    "is"
   ]
  }, 
  {
   "begin": "19.080", 
   "end": "19.320", 
   "id": "f000046", 
   "language": "en", 
   "lines": [
    "no"
   ]
  }, 
  {
   "begin": "19.320", 
   "end": "19.680", 
   "id": "f000047", 
   "language": "en", 
   "lines": [
    "sign"
   ]
  }, 
  {
   "begin": "19.680", 
   "end": "19.840", 
   "id": "f000048", 
   "language": "en", 
   "lines": [
    "of"
   ]
  }, 
  {
   "begin": "19.840", 
   "end": "20.400", 
   "id": "f000049", 
   "language": "en", 
   "lines": [
    "Vayu"
   ]
  }, 
  {
   "begin": "20.400", 
   "end": "21.480", 
   "id": "f000050", 
   "language": "en", 
   "lines": [
    "anywhere."
   ]
  }, 
  {
   "begin": "21.480", 
   "end": "21.600", 
   "id": "f000051", 
   "language": "en", 
   "lines": [
    "It"
   ]
  }, 
  {
   "begin": "21.600", 
   "end": "21.920", 
   "id": "f000052", 
   "language": "en", 
   "lines": [
    "must"
   ]
  }, 
  {
   "begin": "21.920", 
   "end": "22.000", 
   "id": "f000053", 
   "language": "en", 
   "lines": [
    "be"
   ]
  }, 
  {
   "begin": "22.000", 
   "end": "22.680", 
   "id": "f000054", 
   "language": "en", 
   "lines": [
    "something"
   ]
  }, 
  {
   "begin": "22.680", 
   "end": "22.880", 
   "id": "f000055", 
   "language": "en", 
   "lines": [
    "in"
   ]
  }, 
  {
   "begin": "22.880", 
   "end": "23.080", 
   "id": "f000056", 
   "language": "en", 
   "lines": [
    "the"
   ]
  }, 
  {
   "begin": "23.080", 
   "end": "23.480", 
   "id": "f000057", 
   "language": "en", 
   "lines": [
    "jungle"
   ]
  }, 
  {
   "begin": "23.480", 
   "end": "23.760", 
   "id": "f000058", 
   "language": "en", 
   "lines": [
    "that"
   ]
  }, 
  {
   "begin": "23.760", 
   "end": "23.800", 
   "id": "f000059", 
   "language": "en", 
   "lines": [
    "got"
   ]
  }, 
  {
   "begin": "23.800", 
   "end": "24.720", 
   "id": "f000060", 
   "language": "en", 
   "lines": [
    "him,\u201d"
   ]
  }, 
  {
   "begin": "24.720", 
   "end": "24.840", 
   "id": "f000061", 
   "language": "en", 
   "lines": [
    "a"
   ]
  }, 
  {
   "begin": "24.840", 
   "end": "25.440", 
   "id": "f000062", 
   "language": "en", 
   "lines": [
    "villager"
   ]
  }, 
  {
   "begin": "25.440", 
   "end": "25.920", 
   "id": "f000063", 
   "language": "en", 
   "lines": [
    "addressed"
   ]
  }, 
  {
   "begin": "25.920", 
   "end": "26.080", 
   "id": "f000064", 
   "language": "en", 
   "lines": [
    "the"
   ]
  }, 
  {
   "begin": "26.080", 
   "end": "26.720", 
   "id": "f000065", 
   "language": "en", 
   "lines": [
    "headman."
   ]
  }, 
  {
   "begin": "26.720", 
   "end": "26.720", 
   "id": "f000066", 
   "language": "en", 
   "lines": [
    "\u201cWho"
   ]
  }, 
  {
   "begin": "26.720", 
   "end": "26.760", 
   "id": "f000067", 
   "language": "en", 
   "lines": [
    "else"
   ]
  }, 
  {
   "begin": "26.760", 
   "end": "28.040", 
   "id": "f000068", 
   "language": "en", 
   "lines": [
    "can"
   ]
  }, 
  {
   "begin": "28.040", 
   "end": "28.400", 
   "id": "f000069", 
   "language": "en", 
   "lines": [
    "it"
   ]
  }, 
  {
   "begin": "28.400", 
   "end": "28.600", 
   "id": "f000070", 
   "language": "en", 
   "lines": [
    "be"
   ]
  }, 
  {
   "begin": "28.600", 
   "end": "28.760", 
   "id": "f000071", 
   "language": "en", 
   "lines": [
    "but"
   ]
  }, 
  {
   "begin": "28.760", 
   "end": "28.960", 
   "id": "f000072", 
   "language": "en", 
   "lines": [
    "the"
   ]
  }, 
  {
   "begin": "28.960", 
   "end": "29.400", 
   "id": "f000073", 
   "language": "en", 
   "lines": [
    "giant"
   ]
  }, 
  {
   "begin": "29.400", 
   "end": "30.160", 
   "id": "f000074", 
   "language": "en", 
   "lines": [
    "one-feathered"
   ]
  }, 
  {
   "begin": "30.160", 
   "end": "30.680", 
   "id": "f000075", 
   "language": "en", 
   "lines": [
    "elephant"
   ]
  }, 
  {
   "begin": "30.680", 
   "end": "31.240", 
   "id": "f000076", 
   "language": "en", 
   "lines": [
    "bird?"
   ]
  }, 
  {
   "begin": "31.240", 
   "end": "31.800", 
   "id": "f000077", 
   "language": "en", 
   "lines": [
    "He"
   ]
  }, 
  {
   "begin": "31.800", 
   "end": "32.160", 
   "id": "f000078", 
   "language": "en", 
   "lines": [
    "must"
   ]
  }, 
  {
   "begin": "32.160", 
   "end": "32.280", 
   "id": "f000079", 
   "language": "en", 
   "lines": [
    "be"
   ]
  }, 
  {
   "begin": "32.280", 
   "end": "33.080", 
   "id": "f000080", 
   "language": "en", 
   "lines": [
    "destroyed!\u201d"
   ]
  }, 
  {
   "begin": "33.080", 
   "end": "34.160", 
   "id": "f000081", 
   "language": "en", 
   "lines": [
    "said"
   ]
  }, 
  {
   "begin": "34.160", 
   "end": "34.560", 
   "id": "f000082", 
   "language": "en", 
   "lines": [
    "the"
   ]
  }, 
  {
   "begin": "34.560", 
   "end": "34.920", 
   "id": "f000083", 
   "language": "en", 
   "lines": [
    "milkman."
   ]
  }, 
  {
   "begin": "34.920", 
   "end": "35.840", 
   "id": "f000084", 
   "language": "en", 
   "lines": [
    "\u201cFor"
   ]
  }, 
  {
   "begin": "35.840", 
   "end": "36.400", 
   "id": "f000085", 
   "language": "en", 
   "lines": [
    "years"
   ]
  }, 
  {
   "begin": "36.400", 
   "end": "36.400", 
   "id": "f000086", 
   "language": "en", 
   "lines": [
    "he"
   ]
  }, 
  {
   "begin": "36.400", 
   "end": "36.680", 
   "id": "f000087", 
   "language": "en", 
   "lines": [
    "has"
   ]
  }, 
  {
   "begin": "36.680", 
   "end": "36.880", 
   "id": "f000088", 
   "language": "en", 
   "lines": [
    "been"
   ]
  }, 
  {
   "begin": "36.880", 
   "end": "37.160", 
   "id": "f000089", 
   "language": "en", 
   "lines": [
    "lying"
   ]
  }, 
  {
   "begin": "37.160", 
   "end": "38.200", 
   "id": "f000090", 
   "language": "en", 
   "lines": [
    "silent,"
   ]
  }, 
  {
   "begin": "38.200", 
   "end": "38.560", 
   "id": "f000091", 
   "language": "en", 
   "lines": [
    "hatching"
   ]
  }, 
  {
   "begin": "38.560", 
   "end": "38.920", 
   "id": "f000092", 
   "language": "en", 
   "lines": [
    "his"
   ]
  }, 
  {
   "begin": "38.920", 
   "end": "39.280", 
   "id": "f000093", 
   "language": "en", 
   "lines": [
    "evil"
   ]
  }, 
  {
   "begin": "39.280", 
   "end": "40.640", 
   "id": "f000094", 
   "language": "en", 
   "lines": [
    "plans!\u201d"
   ]
  }
 ]
}