{
 "fragments": [
  {
   "begin": "0.000", 
   "end": "0.320", 
   "id": "f000001", 
   "language": "en", 
   "lines": [
    "He"
   ]
  }, 
  {
   "begin": "0.320", 
   "end": "0.560", 
   "id": "f000002", 
   "language": "en", 
   "lines": [
    "was"
   ]
  }, 
  {
   "begin": "0.560", 
   "end": "0.680", 
   "id": "f000003", 
   "language": "en", 
   "lines": [
    "the"
   ]
  }, 
  {
   "begin": "0.680", 
   "end": "1.120", 
   "id": "f000004", 
   "language": "en", 
   "lines": [
    "last"
   ]
  }, 
  {
   "begin": "1.120", 
   "end": "1.120", 
   "id": "f000005", 
   "language": "en", 
   "lines": [
    "of"
   ]
  }, 
  {
   "begin": "1.120", 
   "end": "1.480", 
   "id": "f000006", 
   "language": "en", 
   "lines": [
    "his"
   ]
  }, 
  {
   "begin": "1.480", 
   "end": "2.280", 
   "id": "f000007", 
   "language": "en", 
   "lines": [
    "race,"
   ]
  }, 
  {
   "begin": "2.280", 
   "end": "2.480", 
   "id": "f000008", 
   "language": "en", 
   "lines": [
    "which"
   ]
  }, 
  {
   "begin": "2.480", 
   "end": "2.640", 
   "id": "f000009", 
   "language": "en", 
   "lines": [
    "was"
   ]
  }, 
  {
   "begin": "2.640", 
   "end": "3.320", 
   "id": "f000010", 
   "language": "en", 
   "lines": [
    "considered"
   ]
  }, 
  {
   "begin": "3.320", 
   "end": "3.600", 
   "id": "f000011", 
   "language": "en", 
   "lines": [
    "extinct"
   ]
  }, 
  {
   "begin": "3.600", 
   "end": "3.840", 
   "id": "f000012", 
   "language": "en", 
   "lines": [
    "for"
   ]
  }, 
  {
   "begin": "3.840", 
   "end": "4.320", 
   "id": "f000013", 
   "language": "en", 
   "lines": [
    "hundreds"
   ]
  }, 
  {
   "begin": "4.320", 
   "end": "4.720", 
   "id": "f000014", 
   "language": "en", 
   "lines": [
    "of"
   ]
  }, 
  {
   "begin": "4.720", 
   "end": "5.240", 
   "id": "f000015", 
   "language": "en", 
   "lines": [
    "years."
   ]
  }, 
  {
   "begin": "5.240", 
   "end": "6.120", 
   "id": "f000016", 
   "language": "en", 
   "lines": [
    "The"
   ]
  }, 
  {
   "begin": "6.120", 
   "end": "6.440", 
   "id": "f000017", 
   "language": "en", 
   "lines": [
    "world"
   ]
  }, 
  {
   "begin": "6.440", 
   "end": "6.640", 
   "id": "f000018", 
   "language": "en", 
   "lines": [
    "did"
   ]
  }, 
  {
   "begin": "6.640", 
   "end": "7.000", 
   "id": "f000019", 
   "language": "en", 
   "lines": [
    "not"
   ]
  }, 
  {
   "begin": "7.000", 
   "end": "7.240", 
   "id": "f000020", 
   "language": "en", 
   "lines": [
    "know"
   ]
  }, 
  {
   "begin": "7.240", 
   "end": "7.560", 
   "id": "f000021", 
   "language": "en", 
   "lines": [
    "that"
   ]
  }, 
  {
   "begin": "7.560", 
   "end": "7.880", 
   "id": "f000022", 
   "language": "en", 
   "lines": [
    "the"
   ]
  }, 
  {
   "begin": "7.880", 
   "end": "8.280", 
   "id": "f000023", 
   "language": "en", 
   "lines": [
    "living"
   ]
  }, 
  {
   "begin": "8.280", 
   "end": "8.680", 
   "id": "f000024", 
   "language": "en", 
   "lines": [
    "relic"
   ]
  }, 
  {
   "begin": "8.680", 
   "end": "8.800", 
   "id": "f000025", 
   "language": "en", 
   "lines": [
    "of"
   ]
  }, 
  {
   "begin": "8.800", 
   "end": "9.200", 
   "id": "f000026", 
   "language": "en", 
   "lines": [
    "that"
   ]
  }, 
  {
   "begin": "9.200", 
   "end": "9.560", 
   "id": "f000027", 
   "language": "en", 
   "lines": [
    "race,"
   ]
  }, 
  {
   "begin": "9.560", 
   "end": "9.800", 
   "id": "f000028", 
   "language": "en", 
   "lines": [
    "who"
   ]
  }, 
  {
   "begin": "9.800", 
   "end": "10.240", 
   "id": "f000029", 
   "language": "en", 
   "lines": [
    "had"
   ]
  }, 
  {
   "begin": "10.240", 
   "end": "10.760", 
   "id": "f000030", 
   "language": "en", 
   "lines": [
    "lost"
   ]
  }, 
  {
   "begin": "10.760", 
   "end": "10.960", 
   "id": "f000031", 
   "language": "en", 
   "lines": [
    "all"
   ]
  }, 
  {
   "begin": "10.960", 
   "end": "11.240", 
   "id": "f000032", 
   "language": "en", 
   "lines": [
    "his"
   ]
  }, 
  {
   "begin": "11.240", 
   "end": "11.800", 
   "id": "f000033", 
   "language": "en", 
   "lines": [
    "feathers"
   ]
  }, 
  {
   "begin": "11.800", 
   "end": "12.040", 
   "id": "f000034", 
   "language": "en", 
   "lines": [
    "but"
   ]
  }, 
  {
   "begin": "12.040", 
   "end": "12.440", 
   "id": "f000035", 
   "language": "en", 
   "lines": [
    "one,"
   ]
  }, 
  {
   "begin": "12.440", 
   "end": "13.320", 
   "id": "f000036", 
   "language": "en", 
   "lines": [
    "still"
   ]
  }, 
  {
   "begin": "13.320", 
   "end": "13.640", 
   "id": "f000037", 
   "language": "en", 
   "lines": [
    "roamed"
   ]
  }, 
  {
   "begin": "13.640", 
   "end": "13.760", 
   "id": "f000038", 
   "language": "en", 
   "lines": [
    "the"
   ]
  }, 
  {
   "begin": "13.760", 
   "end": "14.480", 
   "id": "f000039", 
   "language": "en", 
   "lines": [
    "jungles"
   ]
  }, 
  {
   "begin": "14.480", 
   "end": "14.520", 
   "id": "f000040", 
   "language": "en", 
   "lines": [
    "of"
   ]
  }, 
  {
   "begin": "14.520", 
   "end": "14.640", 
   "id": "f000041", 
   "language": "en", 
   "lines": [
    "Adhania.\n"
   ]
  }, 
  {
   "begin": "14.640", 
   "end": "14.840", 
   "id": "f000042", 
   "language": "en", 
   "lines": [
    "&nbsp;"
   ]
  }, 
  {
   "begin": "14.840", 
   "end": "15.200", 
   "id": "f000043", 
   "language": "en", 
   "lines": [
    "The"
   ]
  }, 
  {
   "begin": "15.200", 
   "end": "15.960", 
   "id": "f000044", 
   "language": "en", 
   "lines": [
    "bird"
   ]
  }, 
  {
   "begin": "15.960", 
   "end": "16.280", 
   "id": "f000045", 
   "language": "en", 
   "lines": [
    "and"
   ]
  }, 
  {
   "begin": "16.280", 
   "end": "16.640", 
   "id": "f000046", 
   "language": "en", 
   "lines": [
    "the"
   ]
  }, 
  {
   "begin": "16.640", 
   "end": "17.360", 
   "id": "f000047", 
   "language": "en", 
   "lines": [
    "villagers"
   ]
  }, 
  {
   "begin": "17.360", 
   "end": "17.760", 
   "id": "f000048", 
   "language": "en", 
   "lines": [
    "kept"
   ]
  }, 
  {
   "begin": "17.760", 
   "end": "17.920", 
   "id": "f000049", 
   "language": "en", 
   "lines": [
    "a"
   ]
  }, 
  {
   "begin": "17.920", 
   "end": "18.400", 
   "id": "f000050", 
   "language": "en", 
   "lines": [
    "safe"
   ]
  }, 
  {
   "begin": "18.400", 
   "end": "19.000", 
   "id": "f000051", 
   "language": "en", 
   "lines": [
    "distance"
   ]
  }, 
  {
   "begin": "19.000", 
   "end": "19.400", 
   "id": "f000052", 
   "language": "en", 
   "lines": [
    "from"
   ]
  }, 
  {
   "begin": "19.400", 
   "end": "19.640", 
   "id": "f000053", 
   "language": "en", 
   "lines": [
    "each"
   ]
  }, 
  {
   "begin": "19.640", 
   "end": "19.880", 
   "id": "f000054", 
   "language": "en", 
   "lines": [
    "other."
   ]
  }, 
  {
   "begin": "19.880", 
   "end": "20.640", 
   "id": "f000055", 
   "language": "en", 
   "lines": [
    "But"
   ]
  }, 
  {
   "begin": "20.640", 
   "end": "21.000", 
   "id": "f000056", 
   "language": "en", 
   "lines": [
    "not"
   ]
  }, 
  {
   "begin": "21.000", 
   "end": "22.120", 
   "id": "f000057", 
   "language": "en", 
   "lines": [
    "Munia."
   ]
  }, 
  {
   "begin": "22.120", 
   "end": "22.520", 
   "id": "f000058", 
   "language": "en", 
   "lines": [
    "Although"
   ]
  }, 
  {
   "begin": "22.520", 
   "end": "22.760", 
   "id": "f000059", 
   "language": "en", 
   "lines": [
    "she"
   ]
  }, 
  {
   "begin": "22.760", 
   "end": "23.160", 
   "id": "f000060", 
   "language": "en", 
   "lines": [
    "walked"
   ]
  }, 
  {
   "begin": "23.160", 
   "end": "23.200", 
   "id": "f000061", 
   "language": "en", 
   "lines": [
    "with"
   ]
  }, 
  {
   "begin": "23.200", 
   "end": "23.400", 
   "id": "f000062", 
   "language": "en", 
   "lines": [
    "a"
   ]
  }, 
  {
   "begin": "23.400", 
   "end": "24.160", 
   "id": "f000063", 
   "language": "en", 
   "lines": [
    "limp,"
   ]
  }, 
  {
   "begin": "24.160", 
   "end": "24.440", 
   "id": "f000064", 
   "language": "en", 
   "lines": [
    "she"
   ]
  }, 
  {
   "begin": "24.440", 
   "end": "24.760", 
   "id": "f000065", 
   "language": "en", 
   "lines": [
    "was"
   ]
  }, 
  {
   "begin": "24.760", 
   "end": "25.040", 
   "id": "f000066", 
   "language": "en", 
   "lines": [
    "brave"
   ]
  }, 
  {
   "begin": "25.040", 
   "end": "25.080", 
   "id": "f000067", 
   "language": "en", 
   "lines": [
    "of"
   ]
  }, 
  {
   "begin": "25.080", 
   "end": "26.160", 
   "id": "f000068", 
   "language": "en", 
   "lines": [
    "heart."
   ]
  }, 
  {
   "begin": "26.160", 
   "end": "26.360", 
   "id": "f000069", 
   "language": "en", 
   "lines": [
    "She"
   ]
  }, 
  {
   "begin": "26.360", 
   "end": "26.720", 
   "id": "f000070", 
   "language": "en", 
   "lines": [
    "often"
   ]
  }, 
  {
   "begin": "26.720", 
   "end": "27.200", 
   "id": "f000071", 
   "language": "en", 
   "lines": [
    "slipped"
   ]
  }, 
  {
   "begin": "27.200", 
   "end": "27.320", 
   "id": "f000072", 
   "language": "en", 
   "lines": [
    "into"
   ]
  }, 
  {
   "begin": "27.320", 
   "end": "27.560", 
   "id": "f000073", 
   "language": "en", 
   "lines": [
    "the"
   ]
  }, 
  {
   "begin": "27.560", 
   "end": "28.120", 
   "id": "f000074", 
   "language": "en", 
   "lines": [
    "jungle"
   ]
  }, 
  {
   "begin": "28.120", 
   "end": "28.440", 
   "id": "f000075", 
   "language": "en", 
   "lines": [
    "to"
   ]
  }, 
  {
   "begin": "28.440", 
   "end": "28.760", 
   "id": "f000076", 
   "language": "en", 
   "lines": [
    "watch"
   ]
  }, 
  {
   "begin": "28.760", 
   "end": "29.080", 
   "id": "f000077", 
   "language": "en", 
   "lines": [
    "the"
   ]
  }, 
  {
   "begin": "29.080", 
   "end": "29.520", 
   "id": "f000078", 
   "language": "en", 
   "lines": [
    "elephant"
   ]
  }, 
  {
   "begin": "29.520", 
   "end": "30.080", 
   "id": "f000079", 
   "language": "en", 
   "lines": [
    "bird."
   ]
  }
 ]
}