{
 "fragments": [
  {
   "begin": "0.000", 
   "end": "0.440", 
   "id": "f000001", 
   "language": "en", 
   "lines": [
    "This"
   ]
  }, 
  {
   "begin": "0.440", 
   "end": "0.920", 
   "id": "f000002", 
   "language": "en", 
   "lines": [
    "story"
   ]
  }, 
  {
   "begin": "0.920", 
   "end": "0.960", 
   "id": "f000003", 
   "language": "en", 
   "lines": [
    "is"
   ]
  }, 
  {
   "begin": "0.960", 
   "end": "1.400", 
   "id": "f000004", 
   "language": "en", 
   "lines": [
    "inspired"
   ]
  }, 
  {
   "begin": "1.400", 
   "end": "1.760", 
   "id": "f000005", 
   "language": "en", 
   "lines": [
    "by"
   ]
  }, 
  {
   "begin": "1.760", 
   "end": "2.080", 
   "id": "f000006", 
   "language": "en", 
   "lines": [
    "the"
   ]
  }, 
  {
   "begin": "2.080", 
   "end": "2.640", 
   "id": "f000007", 
   "language": "en", 
   "lines": [
    "real"
   ]
  }, 
  {
   "begin": "2.640", 
   "end": "3.160", 
   "id": "f000008", 
   "language": "en", 
   "lines": [
    "Elephant"
   ]
  }, 
  {
   "begin": "3.160", 
   "end": "3.560", 
   "id": "f000009", 
   "language": "en", 
   "lines": [
    "Bird"
   ]
  }, 
  {
   "begin": "3.560", 
   "end": "4.480", 
   "id": "f000010", 
   "language": "en", 
   "lines": [
    "(scientific"
   ]
  }, 
  {
   "begin": "4.480", 
   "end": "5.360", 
   "id": "f000011", 
   "language": "en", 
   "lines": [
    "name:"
   ]
  }, 
  {
   "begin": "5.360", 
   "end": "6.280", 
   "id": "f000012", 
   "language": "en", 
   "lines": [
    "Aepyornis"
   ]
  }, 
  {
   "begin": "6.280", 
   "end": "7.480", 
   "id": "f000013", 
   "language": "en", 
   "lines": [
    "maximus),"
   ]
  }, 
  {
   "begin": "7.480", 
   "end": "7.680", 
   "id": "f000014", 
   "language": "en", 
   "lines": [
    "the"
   ]
  }, 
  {
   "begin": "7.680", 
   "end": "8.200", 
   "id": "f000015", 
   "language": "en", 
   "lines": [
    "biggest"
   ]
  }, 
  {
   "begin": "8.200", 
   "end": "8.680", 
   "id": "f000016", 
   "language": "en", 
   "lines": [
    "bird"
   ]
  }, 
  {
   "begin": "8.680", 
   "end": "8.920", 
   "id": "f000017", 
   "language": "en", 
   "lines": [
    "that"
   ]
  }, 
  {
   "begin": "8.920", 
   "end": "9.280", 
   "id": "f000018", 
   "language": "en", 
   "lines": [
    "walked"
   ]
  }, 
  {
   "begin": "9.280", 
   "end": "9.360", 
   "id": "f000019", 
   "language": "en", 
   "lines": [
    "our"
   ]
  }, 
  {
   "begin": "9.360", 
   "end": "10.480", 
   "id": "f000020", 
   "language": "en", 
   "lines": [
    "planet."
   ]
  }, 
  {
   "begin": "10.480", 
   "end": "10.600", 
   "id": "f000021", 
   "language": "en", 
   "lines": [
    "It"
   ]
  }, 
  {
   "begin": "10.600", 
   "end": "11.280", 
   "id": "f000022", 
   "language": "en", 
   "lines": [
    "inhabited"
   ]
  }, 
  {
   "begin": "11.280", 
   "end": "11.520", 
   "id": "f000023", 
   "language": "en", 
   "lines": [
    "the"
   ]
  }, 
  {
   "begin": "11.520", 
   "end": "12.160", 
   "id": "f000024", 
   "language": "en", 
   "lines": [
    "island"
   ]
  }, 
  {
   "begin": "12.160", 
   "end": "12.400", 
   "id": "f000025", 
   "language": "en", 
   "lines": [
    "of"
   ]
  }, 
  {
   "begin": "12.400", 
   "end": "13.640", 
   "id": "f000026", 
   "language": "en", 
   "lines": [
    "Madagascar."
   ]
  }, 
  {
   "begin": "13.640", 
   "end": "13.800", 
   "id": "f000027", 
   "language": "en", 
   "lines": [
    "With"
   ]
  }, 
  {
   "begin": "13.800", 
   "end": "14.000", 
   "id": "f000028", 
   "language": "en", 
   "lines": [
    "more"
   ]
  }, 
  {
   "begin": "14.000", 
   "end": "14.240", 
   "id": "f000029", 
   "language": "en", 
   "lines": [
    "and"
   ]
  }, 
  {
   "begin": "14.240", 
   "end": "14.440", 
   "id": "f000030", 
   "language": "en", 
   "lines": [
    "more"
   ]
  }, 
  {
   "begin": "14.440", 
   "end": "15.120", 
   "id": "f000031", 
   "language": "en", 
   "lines": [
    "settlements"
   ]
  }, 
  {
   "begin": "15.120", 
   "end": "15.120", 
   "id": "f000032", 
   "language": "en", 
   "lines": [
    "on"
   ]
  }, 
  {
   "begin": "15.120", 
   "end": "15.240", 
   "id": "f000033", 
   "language": "en", 
   "lines": [
    "the"
   ]
  }, 
  {
   "begin": "15.240", 
   "end": "15.800", 
   "id": "f000034", 
   "language": "en", 
   "lines": [
    "island,"
   ]
  }, 
  {
   "begin": "15.800", 
   "end": "16.520", 
   "id": "f000035", 
   "language": "en", 
   "lines": [
    "and"
   ]
  }, 
  {
   "begin": "16.520", 
   "end": "16.920", 
   "id": "f000036", 
   "language": "en", 
   "lines": [
    "more"
   ]
  }, 
  {
   "begin": "16.920", 
   "end": "17.720", 
   "id": "f000037", 
   "language": "en", 
   "lines": [
    "forests"
   ]
  }, 
  {
   "begin": "17.720", 
   "end": "18.560", 
   "id": "f000038", 
   "language": "en", 
   "lines": [
    "ruined,"
   ]
  }, 
  {
   "begin": "18.560", 
   "end": "18.680", 
   "id": "f000039", 
   "language": "en", 
   "lines": [
    "the"
   ]
  }, 
  {
   "begin": "18.680", 
   "end": "19.360", 
   "id": "f000040", 
   "language": "en", 
   "lines": [
    "species"
   ]
  }, 
  {
   "begin": "19.360", 
   "end": "19.800", 
   "id": "f000041", 
   "language": "en", 
   "lines": [
    "became"
   ]
  }, 
  {
   "begin": "19.800", 
   "end": "20.480", 
   "id": "f000042", 
   "language": "en", 
   "lines": [
    "extinct"
   ]
  }, 
  {
   "begin": "20.480", 
   "end": "20.800", 
   "id": "f000043", 
   "language": "en", 
   "lines": [
    "around"
   ]
  }, 
  {
   "begin": "20.800", 
   "end": "21.800", 
   "id": "f000044", 
   "language": "en", 
   "lines": [
    "1700"
   ]
  }, 
  {
   "begin": "21.800", 
   "end": "22.800", 
   "id": "f000045", 
   "language": "en", 
   "lines": [
    "CE."
   ]
  }
 ]
}