{
 "fragments": [
  {
   "begin": "0.000", 
   "end": "0.320", 
   "id": "f000001", 
   "language": "en", 
   "lines": [
    "She"
   ]
  }, 
  {
   "begin": "0.320", 
   "end": "0.760", 
   "id": "f000002", 
   "language": "en", 
   "lines": [
    "crossed"
   ]
  }, 
  {
   "begin": "0.760", 
   "end": "1.120", 
   "id": "f000003", 
   "language": "en", 
   "lines": [
    "Adhania,"
   ]
  }, 
  {
   "begin": "1.120", 
   "end": "1.320", 
   "id": "f000004", 
   "language": "en", 
   "lines": [
    "and"
   ]
  }, 
  {
   "begin": "1.320", 
   "end": "1.800", 
   "id": "f000005", 
   "language": "en", 
   "lines": [
    "came"
   ]
  }, 
  {
   "begin": "1.800", 
   "end": "2.120", 
   "id": "f000006", 
   "language": "en", 
   "lines": [
    "to"
   ]
  }, 
  {
   "begin": "2.120", 
   "end": "2.360", 
   "id": "f000007", 
   "language": "en", 
   "lines": [
    "the"
   ]
  }, 
  {
   "begin": "2.360", 
   "end": "2.840", 
   "id": "f000008", 
   "language": "en", 
   "lines": [
    "jungle"
   ]
  }, 
  {
   "begin": "2.840", 
   "end": "3.480", 
   "id": "f000009", 
   "language": "en", 
   "lines": [
    "path"
   ]
  }, 
  {
   "begin": "3.480", 
   "end": "3.840", 
   "id": "f000010", 
   "language": "en", 
   "lines": [
    "leading"
   ]
  }, 
  {
   "begin": "3.840", 
   "end": "4.000", 
   "id": "f000011", 
   "language": "en", 
   "lines": [
    "to"
   ]
  }, 
  {
   "begin": "4.000", 
   "end": "4.760", 
   "id": "f000012", 
   "language": "en", 
   "lines": [
    "Chandesara,"
   ]
  }, 
  {
   "begin": "4.760", 
   "end": "5.400", 
   "id": "f000013", 
   "language": "en", 
   "lines": [
    "the"
   ]
  }, 
  {
   "begin": "5.400", 
   "end": "5.720", 
   "id": "f000014", 
   "language": "en", 
   "lines": [
    "neighbouring"
   ]
  }, 
  {
   "begin": "5.720", 
   "end": "6.200", 
   "id": "f000015", 
   "language": "en", 
   "lines": [
    "village."
   ]
  }, 
  {
   "begin": "6.200", 
   "end": "6.640", 
   "id": "f000016", 
   "language": "en", 
   "lines": [
    "Whoooo..."
   ]
  }, 
  {
   "begin": "6.640", 
   "end": "8.080", 
   "id": "f000017", 
   "language": "en", 
   "lines": [
    "rang"
   ]
  }, 
  {
   "begin": "8.080", 
   "end": "8.560", 
   "id": "f000018", 
   "language": "en", 
   "lines": [
    "the"
   ]
  }, 
  {
   "begin": "8.560", 
   "end": "9.000", 
   "id": "f000019", 
   "language": "en", 
   "lines": [
    "call"
   ]
  }, 
  {
   "begin": "9.000", 
   "end": "9.160", 
   "id": "f000020", 
   "language": "en", 
   "lines": [
    "of"
   ]
  }, 
  {
   "begin": "9.160", 
   "end": "9.360", 
   "id": "f000021", 
   "language": "en", 
   "lines": [
    "an"
   ]
  }, 
  {
   "begin": "9.360", 
   "end": "9.640", 
   "id": "f000022", 
   "language": "en", 
   "lines": [
    "owl"
   ]
  }, 
  {
   "begin": "9.640", 
   "end": "9.720", 
   "id": "f000023", 
   "language": "en", 
   "lines": [
    "in"
   ]
  }, 
  {
   "begin": "9.720", 
   "end": "10.000", 
   "id": "f000024", 
   "language": "en", 
   "lines": [
    "the"
   ]
  }, 
  {
   "begin": "10.000", 
   "end": "10.480", 
   "id": "f000025", 
   "language": "en", 
   "lines": [
    "jungle"
   ]
  }, 
  {
   "begin": "10.480", 
   "end": "11.440", 
   "id": "f000026", 
   "language": "en", 
   "lines": [
    "air."
   ]
  }, 
  {
   "begin": "11.440", 
   "end": "11.800", 
   "id": "f000027", 
   "language": "en", 
   "lines": [
    "A"
   ]
  }, 
  {
   "begin": "11.800", 
   "end": "12.120", 
   "id": "f000028", 
   "language": "en", 
   "lines": [
    "jackal"
   ]
  }, 
  {
   "begin": "12.120", 
   "end": "12.480", 
   "id": "f000029", 
   "language": "en", 
   "lines": [
    "howled"
   ]
  }, 
  {
   "begin": "12.480", 
   "end": "12.800", 
   "id": "f000030", 
   "language": "en", 
   "lines": [
    "from"
   ]
  }, 
  {
   "begin": "12.800", 
   "end": "12.880", 
   "id": "f000031", 
   "language": "en", 
   "lines": [
    "a"
   ]
  }, 
  {
   "begin": "12.880", 
   "end": "13.600", 
   "id": "f000032", 
   "language": "en", 
   "lines": [
    "distance."
   ]
  }, 
  {
   "begin": "13.600", 
   "end": "14.160", 
   "id": "f000033", 
   "language": "en", 
   "lines": [
    "The"
   ]
  }, 
  {
   "begin": "14.160", 
   "end": "14.880", 
   "id": "f000034", 
   "language": "en", 
   "lines": [
    "shadows"
   ]
  }, 
  {
   "begin": "14.880", 
   "end": "14.880", 
   "id": "f000035", 
   "language": "en", 
   "lines": [
    "of"
   ]
  }, 
  {
   "begin": "14.880", 
   "end": "15.720", 
   "id": "f000036", 
   "language": "en", 
   "lines": [
    "trees"
   ]
  }, 
  {
   "begin": "15.720", 
   "end": "16.000", 
   "id": "f000037", 
   "language": "en", 
   "lines": [
    "moved"
   ]
  }, 
  {
   "begin": "16.000", 
   "end": "16.360", 
   "id": "f000038", 
   "language": "en", 
   "lines": [
    "like"
   ]
  }, 
  {
   "begin": "16.360", 
   "end": "16.720", 
   "id": "f000039", 
   "language": "en", 
   "lines": [
    "long"
   ]
  }, 
  {
   "begin": "16.720", 
   "end": "17.040", 
   "id": "f000040", 
   "language": "en", 
   "lines": [
    "dark"
   ]
  }, 
  {
   "begin": "17.040", 
   "end": "18.080", 
   "id": "f000041", 
   "language": "en", 
   "lines": [
    "fingers."
   ]
  }, 
  {
   "begin": "18.080", 
   "end": "18.320", 
   "id": "f000042", 
   "language": "en", 
   "lines": [
    "She"
   ]
  }, 
  {
   "begin": "18.320", 
   "end": "18.560", 
   "id": "f000043", 
   "language": "en", 
   "lines": [
    "hesitated"
   ]
  }, 
  {
   "begin": "18.560", 
   "end": "18.840", 
   "id": "f000044", 
   "language": "en", 
   "lines": [
    "for"
   ]
  }, 
  {
   "begin": "18.840", 
   "end": "19.040", 
   "id": "f000045", 
   "language": "en", 
   "lines": [
    "a"
   ]
  }, 
  {
   "begin": "19.040", 
   "end": "19.720", 
   "id": "f000046", 
   "language": "en", 
   "lines": [
    "moment"
   ]
  }, 
  {
   "begin": "19.720", 
   "end": "20.040", 
   "id": "f000047", 
   "language": "en", 
   "lines": [
    "but"
   ]
  }, 
  {
   "begin": "20.040", 
   "end": "20.480", 
   "id": "f000048", 
   "language": "en", 
   "lines": [
    "then"
   ]
  }, 
  {
   "begin": "20.480", 
   "end": "20.880", 
   "id": "f000049", 
   "language": "en", 
   "lines": [
    "thought"
   ]
  }, 
  {
   "begin": "20.880", 
   "end": "21.080", 
   "id": "f000050", 
   "language": "en", 
   "lines": [
    "of"
   ]
  }, 
  {
   "begin": "21.080", 
   "end": "21.240", 
   "id": "f000051", 
   "language": "en", 
   "lines": [
    "the"
   ]
  }, 
  {
   "begin": "21.240", 
   "end": "21.800", 
   "id": "f000052", 
   "language": "en", 
   "lines": [
    "elephant"
   ]
  }, 
  {
   "begin": "21.800", 
   "end": "22.200", 
   "id": "f000053", 
   "language": "en", 
   "lines": [
    "bird"
   ]
  }, 
  {
   "begin": "22.200", 
   "end": "22.800", 
   "id": "f000054", 
   "language": "en", 
   "lines": [
    "sleeping"
   ]
  }, 
  {
   "begin": "22.800", 
   "end": "23.520", 
   "id": "f000055", 
   "language": "en", 
   "lines": [
    "peacefully"
   ]
  }, 
  {
   "begin": "23.520", 
   "end": "23.640", 
   "id": "f000056", 
   "language": "en", 
   "lines": [
    "in"
   ]
  }, 
  {
   "begin": "23.640", 
   "end": "23.760", 
   "id": "f000057", 
   "language": "en", 
   "lines": [
    "the"
   ]
  }, 
  {
   "begin": "23.760", 
   "end": "24.840", 
   "id": "f000058", 
   "language": "en", 
   "lines": [
    "jungle."
   ]
  }, 
  {
   "begin": "24.840", 
   "end": "25.320", 
   "id": "f000059", 
   "language": "en", 
   "lines": [
    "If"
   ]
  }, 
  {
   "begin": "25.320", 
   "end": "25.400", 
   "id": "f000060", 
   "language": "en", 
   "lines": [
    "she"
   ]
  }, 
  {
   "begin": "25.400", 
   "end": "25.680", 
   "id": "f000061", 
   "language": "en", 
   "lines": [
    "didn't"
   ]
  }, 
  {
   "begin": "25.680", 
   "end": "25.680", 
   "id": "f000062", 
   "language": "en", 
   "lines": [
    "do"
   ]
  }, 
  {
   "begin": "25.680", 
   "end": "26.160", 
   "id": "f000063", 
   "language": "en", 
   "lines": [
    "something"
   ]
  }, 
  {
   "begin": "26.160", 
   "end": "26.560", 
   "id": "f000064", 
   "language": "en", 
   "lines": [
    "to"
   ]
  }, 
  {
   "begin": "26.560", 
   "end": "27.000", 
   "id": "f000065", 
   "language": "en", 
   "lines": [
    "solve"
   ]
  }, 
  {
   "begin": "27.000", 
   "end": "27.080", 
   "id": "f000066", 
   "language": "en", 
   "lines": [
    "the"
   ]
  }, 
  {
   "begin": "27.080", 
   "end": "28.280", 
   "id": "f000067", 
   "language": "en", 
   "lines": [
    "mystery,"
   ]
  }, 
  {
   "begin": "28.280", 
   "end": "28.480", 
   "id": "f000068", 
   "language": "en", 
   "lines": [
    "the"
   ]
  }, 
  {
   "begin": "28.480", 
   "end": "28.960", 
   "id": "f000069", 
   "language": "en", 
   "lines": [
    "elephant"
   ]
  }, 
  {
   "begin": "28.960", 
   "end": "29.240", 
   "id": "f000070", 
   "language": "en", 
   "lines": [
    "bird"
   ]
  }, 
  {
   "begin": "29.240", 
   "end": "29.440", 
   "id": "f000071", 
   "language": "en", 
   "lines": [
    "may"
   ]
  }, 
  {
   "begin": "29.440", 
   "end": "29.720", 
   "id": "f000072", 
   "language": "en", 
   "lines": [
    "not"
   ]
  }, 
  {
   "begin": "29.720", 
   "end": "30.000", 
   "id": "f000073", 
   "language": "en", 
   "lines": [
    "be"
   ]
  }, 
  {
   "begin": "30.000", 
   "end": "30.240", 
   "id": "f000074", 
   "language": "en", 
   "lines": [
    "alive"
   ]
  }, 
  {
   "begin": "30.240", 
   "end": "30.360", 
   "id": "f000075", 
   "language": "en", 
   "lines": [
    "to"
   ]
  }, 
  {
   "begin": "30.360", 
   "end": "30.640", 
   "id": "f000076", 
   "language": "en", 
   "lines": [
    "see"
   ]
  }, 
  {
   "begin": "30.640", 
   "end": "30.680", 
   "id": "f000077", 
   "language": "en", 
   "lines": [
    "the"
   ]
  }, 
  {
   "begin": "30.680", 
   "end": "31.160", 
   "id": "f000078", 
   "language": "en", 
   "lines": [
    "next"
   ]
  }, 
  {
   "begin": "31.160", 
   "end": "31.560", 
   "id": "f000079", 
   "language": "en", 
   "lines": [
    "night."
   ]
  }, 
  {
   "begin": "31.560", 
   "end": "32.680", 
   "id": "f000080", 
   "language": "en", 
   "lines": [
    "She"
   ]
  }, 
  {
   "begin": "32.680", 
   "end": "32.840", 
   "id": "f000081", 
   "language": "en", 
   "lines": [
    "took"
   ]
  }, 
  {
   "begin": "32.840", 
   "end": "33.000", 
   "id": "f000082", 
   "language": "en", 
   "lines": [
    "a"
   ]
  }, 
  {
   "begin": "33.000", 
   "end": "33.320", 
   "id": "f000083", 
   "language": "en", 
   "lines": [
    "deep"
   ]
  }, 
  {
   "begin": "33.320", 
   "end": "33.960", 
   "id": "f000084", 
   "language": "en", 
   "lines": [
    "breath"
   ]
  }, 
  {
   "begin": "33.960", 
   "end": "34.200", 
   "id": "f000085", 
   "language": "en", 
   "lines": [
    "and"
   ]
  }, 
  {
   "begin": "34.200", 
   "end": "34.640", 
   "id": "f000086", 
   "language": "en", 
   "lines": [
    "limped"
   ]
  }, 
  {
   "begin": "34.640", 
   "end": "35.200", 
   "id": "f000087", 
   "language": "en", 
   "lines": [
    "alone"
   ]
  }, 
  {
   "begin": "35.200", 
   "end": "35.400", 
   "id": "f000088", 
   "language": "en", 
   "lines": [
    "on"
   ]
  }, 
  {
   "begin": "35.400", 
   "end": "35.400", 
   "id": "f000089", 
   "language": "en", 
   "lines": [
    "the"
   ]
  }, 
  {
   "begin": "35.400", 
   "end": "35.800", 
   "id": "f000090", 
   "language": "en", 
   "lines": [
    "jungle"
   ]
  }, 
  {
   "begin": "35.800", 
   "end": "36.440", 
   "id": "f000091", 
   "language": "en", 
   "lines": [
    "path"
   ]
  }, 
  {
   "begin": "36.440", 
   "end": "36.720", 
   "id": "f000092", 
   "language": "en", 
   "lines": [
    "in"
   ]
  }, 
  {
   "begin": "36.720", 
   "end": "36.800", 
   "id": "f000093", 
   "language": "en", 
   "lines": [
    "the"
   ]
  }, 
  {
   "begin": "36.800", 
   "end": "36.960", 
   "id": "f000094", 
   "language": "en", 
   "lines": [
    "dead"
   ]
  }, 
  {
   "begin": "36.960", 
   "end": "37.080", 
   "id": "f000095", 
   "language": "en", 
   "lines": [
    "of"
   ]
  }, 
  {
   "begin": "37.080", 
   "end": "37.200", 
   "id": "f000096", 
   "language": "en", 
   "lines": [
    "the"
   ]
  }, 
  {
   "begin": "37.200", 
   "end": "38.520", 
   "id": "f000097", 
   "language": "en", 
   "lines": [
    "night."
   ]
  }
 ]
}