{
 "fragments": [
  {
   "begin": "0.000", 
   "end": "0.480", 
   "id": "f000001", 
   "language": "en", 
   "lines": [
    "One"
   ]
  }, 
  {
   "begin": "0.480", 
   "end": "0.960", 
   "id": "f000002", 
   "language": "en", 
   "lines": [
    "day,"
   ]
  }, 
  {
   "begin": "0.960", 
   "end": "1.480", 
   "id": "f000003", 
   "language": "en", 
   "lines": [
    "gathering"
   ]
  }, 
  {
   "begin": "1.480", 
   "end": "2.480", 
   "id": "f000004", 
   "language": "en", 
   "lines": [
    "courage,"
   ]
  }, 
  {
   "begin": "2.480", 
   "end": "2.800", 
   "id": "f000005", 
   "language": "en", 
   "lines": [
    "Munia"
   ]
  }, 
  {
   "begin": "2.800", 
   "end": "3.320", 
   "id": "f000006", 
   "language": "en", 
   "lines": [
    "stepped"
   ]
  }, 
  {
   "begin": "3.320", 
   "end": "3.600", 
   "id": "f000007", 
   "language": "en", 
   "lines": [
    "in"
   ]
  }, 
  {
   "begin": "3.600", 
   "end": "3.840", 
   "id": "f000008", 
   "language": "en", 
   "lines": [
    "the"
   ]
  }, 
  {
   "begin": "3.840", 
   "end": "4.240", 
   "id": "f000009", 
   "language": "en", 
   "lines": [
    "open"
   ]
  }, 
  {
   "begin": "4.240", 
   "end": "4.600", 
   "id": "f000010", 
   "language": "en", 
   "lines": [
    "near"
   ]
  }, 
  {
   "begin": "4.600", 
   "end": "4.640", 
   "id": "f000011", 
   "language": "en", 
   "lines": [
    "the"
   ]
  }, 
  {
   "begin": "4.640", 
   "end": "5.480", 
   "id": "f000012", 
   "language": "en", 
   "lines": [
    "lake."
   ]
  }, 
  {
   "begin": "5.480", 
   "end": "5.880", 
   "id": "f000013", 
   "language": "en", 
   "lines": [
    "Without"
   ]
  }, 
  {
   "begin": "5.880", 
   "end": "6.280", 
   "id": "f000014", 
   "language": "en", 
   "lines": [
    "turning"
   ]
  }, 
  {
   "begin": "6.280", 
   "end": "6.520", 
   "id": "f000015", 
   "language": "en", 
   "lines": [
    "his"
   ]
  }, 
  {
   "begin": "6.520", 
   "end": "6.880", 
   "id": "f000016", 
   "language": "en", 
   "lines": [
    "head"
   ]
  }, 
  {
   "begin": "6.880", 
   "end": "7.400", 
   "id": "f000017", 
   "language": "en", 
   "lines": [
    "the"
   ]
  }, 
  {
   "begin": "7.400", 
   "end": "7.960", 
   "id": "f000018", 
   "language": "en", 
   "lines": [
    "elephant"
   ]
  }, 
  {
   "begin": "7.960", 
   "end": "8.480", 
   "id": "f000019", 
   "language": "en", 
   "lines": [
    "bird"
   ]
  }, 
  {
   "begin": "8.480", 
   "end": "8.600", 
   "id": "f000020", 
   "language": "en", 
   "lines": [
    "rolled"
   ]
  }, 
  {
   "begin": "8.600", 
   "end": "8.920", 
   "id": "f000021", 
   "language": "en", 
   "lines": [
    "his"
   ]
  }, 
  {
   "begin": "8.920", 
   "end": "9.280", 
   "id": "f000022", 
   "language": "en", 
   "lines": [
    "eyes"
   ]
  }, 
  {
   "begin": "9.280", 
   "end": "9.760", 
   "id": "f000023", 
   "language": "en", 
   "lines": [
    "towards"
   ]
  }, 
  {
   "begin": "9.760", 
   "end": "10.400", 
   "id": "f000024", 
   "language": "en", 
   "lines": [
    "Munia"
   ]
  }, 
  {
   "begin": "10.400", 
   "end": "10.640", 
   "id": "f000025", 
   "language": "en", 
   "lines": [
    "and"
   ]
  }, 
  {
   "begin": "10.640", 
   "end": "11.120", 
   "id": "f000026", 
   "language": "en", 
   "lines": [
    "then"
   ]
  }, 
  {
   "begin": "11.120", 
   "end": "11.560", 
   "id": "f000027", 
   "language": "en", 
   "lines": [
    "closed"
   ]
  }, 
  {
   "begin": "11.560", 
   "end": "12.360", 
   "id": "f000028", 
   "language": "en", 
   "lines": [
    "them,"
   ]
  }, 
  {
   "begin": "12.360", 
   "end": "13.280", 
   "id": "f000029", 
   "language": "en", 
   "lines": [
    "uninterested"
   ]
  }, 
  {
   "begin": "13.280", 
   "end": "13.640", 
   "id": "f000030", 
   "language": "en", 
   "lines": [
    "by"
   ]
  }, 
  {
   "begin": "13.640", 
   "end": "13.800", 
   "id": "f000031", 
   "language": "en", 
   "lines": [
    "her"
   ]
  }, 
  {
   "begin": "13.800", 
   "end": "14.360", 
   "id": "f000032", 
   "language": "en", 
   "lines": [
    "advance."
   ]
  }, 
  {
   "begin": "14.360", 
   "end": "15.560", 
   "id": "f000033", 
   "language": "en", 
   "lines": [
    "Getting"
   ]
  }, 
  {
   "begin": "15.560", 
   "end": "15.880", 
   "id": "f000034", 
   "language": "en", 
   "lines": [
    "no"
   ]
  }, 
  {
   "begin": "15.880", 
   "end": "16.240", 
   "id": "f000035", 
   "language": "en", 
   "lines": [
    "more"
   ]
  }, 
  {
   "begin": "16.240", 
   "end": "16.360", 
   "id": "f000036", 
   "language": "en", 
   "lines": [
    "attention"
   ]
  }, 
  {
   "begin": "16.360", 
   "end": "16.600", 
   "id": "f000037", 
   "language": "en", 
   "lines": [
    "than"
   ]
  }, 
  {
   "begin": "16.600", 
   "end": "17.120", 
   "id": "f000038", 
   "language": "en", 
   "lines": [
    "the"
   ]
  }, 
  {
   "begin": "17.120", 
   "end": "17.640", 
   "id": "f000039", 
   "language": "en", 
   "lines": [
    "flies"
   ]
  }, 
  {
   "begin": "17.640", 
   "end": "18.000", 
   "id": "f000040", 
   "language": "en", 
   "lines": [
    "buzzing"
   ]
  }, 
  {
   "begin": "18.000", 
   "end": "18.280", 
   "id": "f000041", 
   "language": "en", 
   "lines": [
    "over"
   ]
  }, 
  {
   "begin": "18.280", 
   "end": "18.760", 
   "id": "f000042", 
   "language": "en", 
   "lines": [
    "his"
   ]
  }, 
  {
   "begin": "18.760", 
   "end": "19.280", 
   "id": "f000043", 
   "language": "en", 
   "lines": [
    "head,"
   ]
  }, 
  {
   "begin": "19.280", 
   "end": "19.680", 
   "id": "f000044", 
   "language": "en", 
   "lines": [
    "Munia"
   ]
  }, 
  {
   "begin": "19.680", 
   "end": "19.840", 
   "id": "f000045", 
   "language": "en", 
   "lines": [
    "stomped"
   ]
  }, 
  {
   "begin": "19.840", 
   "end": "20.360", 
   "id": "f000046", 
   "language": "en", 
   "lines": [
    "her"
   ]
  }, 
  {
   "begin": "20.360", 
   "end": "21.440", 
   "id": "f000047", 
   "language": "en", 
   "lines": [
    "feet."
   ]
  }, 
  {
   "begin": "21.440", 
   "end": "22.360", 
   "id": "f000048", 
   "language": "en", 
   "lines": [
    "Suddenly"
   ]
  }, 
  {
   "begin": "22.360", 
   "end": "22.520", 
   "id": "f000049", 
   "language": "en", 
   "lines": [
    "the"
   ]
  }, 
  {
   "begin": "22.520", 
   "end": "23.000", 
   "id": "f000050", 
   "language": "en", 
   "lines": [
    "elephant"
   ]
  }, 
  {
   "begin": "23.000", 
   "end": "23.360", 
   "id": "f000051", 
   "language": "en", 
   "lines": [
    "bird"
   ]
  }, 
  {
   "begin": "23.360", 
   "end": "23.720", 
   "id": "f000052", 
   "language": "en", 
   "lines": [
    "lifted"
   ]
  }, 
  {
   "begin": "23.720", 
   "end": "23.840", 
   "id": "f000053", 
   "language": "en", 
   "lines": [
    "one"
   ]
  }, 
  {
   "begin": "23.840", 
   "end": "24.040", 
   "id": "f000054", 
   "language": "en", 
   "lines": [
    "of"
   ]
  }, 
  {
   "begin": "24.040", 
   "end": "24.360", 
   "id": "f000055", 
   "language": "en", 
   "lines": [
    "his"
   ]
  }, 
  {
   "begin": "24.360", 
   "end": "25.520", 
   "id": "f000056", 
   "language": "en", 
   "lines": [
    "claws."
   ]
  }, 
  {
   "begin": "25.520", 
   "end": "25.920", 
   "id": "f000057", 
   "language": "en", 
   "lines": [
    "Munia"
   ]
  }, 
  {
   "begin": "25.920", 
   "end": "26.600", 
   "id": "f000058", 
   "language": "en", 
   "lines": [
    "cried"
   ]
  }, 
  {
   "begin": "26.600", 
   "end": "26.800", 
   "id": "f000059", 
   "language": "en", 
   "lines": [
    "and"
   ]
  }, 
  {
   "begin": "26.800", 
   "end": "27.120", 
   "id": "f000060", 
   "language": "en", 
   "lines": [
    "fell"
   ]
  }, 
  {
   "begin": "27.120", 
   "end": "27.800", 
   "id": "f000061", 
   "language": "en", 
   "lines": [
    "headlong"
   ]
  }, 
  {
   "begin": "27.800", 
   "end": "27.960", 
   "id": "f000062", 
   "language": "en", 
   "lines": [
    "into"
   ]
  }, 
  {
   "begin": "27.960", 
   "end": "28.200", 
   "id": "f000063", 
   "language": "en", 
   "lines": [
    "the"
   ]
  }, 
  {
   "begin": "28.200", 
   "end": "28.600", 
   "id": "f000064", 
   "language": "en", 
   "lines": [
    "shallow"
   ]
  }, 
  {
   "begin": "28.600", 
   "end": "29.200", 
   "id": "f000065", 
   "language": "en", 
   "lines": [
    "waters"
   ]
  }, 
  {
   "begin": "29.200", 
   "end": "29.280", 
   "id": "f000066", 
   "language": "en", 
   "lines": [
    "of"
   ]
  }, 
  {
   "begin": "29.280", 
   "end": "29.400", 
   "id": "f000067", 
   "language": "en", 
   "lines": [
    "the"
   ]
  }, 
  {
   "begin": "29.400", 
   "end": "30.520", 
   "id": "f000068", 
   "language": "en", 
   "lines": [
    "lake."
   ]
  }, 
  {
   "begin": "30.520", 
   "end": "30.760", 
   "id": "f000069", 
   "language": "en", 
   "lines": [
    "She"
   ]
  }, 
  {
   "begin": "30.760", 
   "end": "31.040", 
   "id": "f000070", 
   "language": "en", 
   "lines": [
    "came"
   ]
  }, 
  {
   "begin": "31.040", 
   "end": "31.520", 
   "id": "f000071", 
   "language": "en", 
   "lines": [
    "out"
   ]
  }, 
  {
   "begin": "31.520", 
   "end": "31.920", 
   "id": "f000072", 
   "language": "en", 
   "lines": [
    "drenched"
   ]
  }, 
  {
   "begin": "31.920", 
   "end": "32.040", 
   "id": "f000073", 
   "language": "en", 
   "lines": [
    "to"
   ]
  }, 
  {
   "begin": "32.040", 
   "end": "32.520", 
   "id": "f000074", 
   "language": "en", 
   "lines": [
    "see"
   ]
  }, 
  {
   "begin": "32.520", 
   "end": "32.680", 
   "id": "f000075", 
   "language": "en", 
   "lines": [
    "him"
   ]
  }, 
  {
   "begin": "32.680", 
   "end": "33.040", 
   "id": "f000076", 
   "language": "en", 
   "lines": [
    "shaking"
   ]
  }, 
  {
   "begin": "33.040", 
   "end": "33.400", 
   "id": "f000077", 
   "language": "en", 
   "lines": [
    "all"
   ]
  }, 
  {
   "begin": "33.400", 
   "end": "34.400", 
   "id": "f000078", 
   "language": "en", 
   "lines": [
    "over."
   ]
  }, 
  {
   "begin": "34.400", 
   "end": "34.560", 
   "id": "f000079", 
   "language": "en", 
   "lines": [
    "He"
   ]
  }, 
  {
   "begin": "34.560", 
   "end": "34.880", 
   "id": "f000080", 
   "language": "en", 
   "lines": [
    "was"
   ]
  }, 
  {
   "begin": "34.880", 
   "end": "36.080", 
   "id": "f000081", 
   "language": "en", 
   "lines": [
    "laughing!"
   ]
  }
 ]
}