{
 "fragments": [
  {
   "begin": "0.000", 
   "end": "0.000", 
   "id": "f000001", 
   "language": "en", 
   "lines": [
    "A"
   ]
  }, 
  {
   "begin": "0.000", 
   "end": "1.040", 
   "id": "f000002", 
   "language": "en", 
   "lines": [
    "cheer"
   ]
  }, 
  {
   "begin": "1.040", 
   "end": "1.160", 
   "id": "f000003", 
   "language": "en", 
   "lines": [
    "of"
   ]
  }, 
  {
   "begin": "1.160", 
   "end": "1.600", 
   "id": "f000004", 
   "language": "en", 
   "lines": [
    "approval"
   ]
  }, 
  {
   "begin": "1.600", 
   "end": "1.920", 
   "id": "f000005", 
   "language": "en", 
   "lines": [
    "went"
   ]
  }, 
  {
   "begin": "1.920", 
   "end": "2.200", 
   "id": "f000006", 
   "language": "en", 
   "lines": [
    "up."
   ]
  }, 
  {
   "begin": "2.200", 
   "end": "2.920", 
   "id": "f000007", 
   "language": "en", 
   "lines": [
    "\u201cThe"
   ]
  }, 
  {
   "begin": "2.920", 
   "end": "3.960", 
   "id": "f000008", 
   "language": "en", 
   "lines": [
    "elephant"
   ]
  }, 
  {
   "begin": "3.960", 
   "end": "4.520", 
   "id": "f000009", 
   "language": "en", 
   "lines": [
    "bird"
   ]
  }, 
  {
   "begin": "4.520", 
   "end": "4.800", 
   "id": "f000010", 
   "language": "en", 
   "lines": [
    "did"
   ]
  }, 
  {
   "begin": "4.800", 
   "end": "4.800", 
   "id": "f000011", 
   "language": "en", 
   "lines": [
    "not"
   ]
  }, 
  {
   "begin": "4.800", 
   "end": "4.800", 
   "id": "f000012", 
   "language": "en", 
   "lines": [
    "eat"
   ]
  }, 
  {
   "begin": "4.800", 
   "end": "5.160", 
   "id": "f000013", 
   "language": "en", 
   "lines": [
    "the"
   ]
  }, 
  {
   "begin": "5.160", 
   "end": "6.320", 
   "id": "f000014", 
   "language": "en", 
   "lines": [
    "horse,\u201d"
   ]
  }, 
  {
   "begin": "6.320", 
   "end": "6.840", 
   "id": "f000015", 
   "language": "en", 
   "lines": [
    "Munia"
   ]
  }, 
  {
   "begin": "6.840", 
   "end": "7.080", 
   "id": "f000016", 
   "language": "en", 
   "lines": [
    "said"
   ]
  }, 
  {
   "begin": "7.080", 
   "end": "7.800", 
   "id": "f000017", 
   "language": "en", 
   "lines": [
    "softly"
   ]
  }, 
  {
   "begin": "7.800", 
   "end": "8.000", 
   "id": "f000018", 
   "language": "en", 
   "lines": [
    "but"
   ]
  }, 
  {
   "begin": "8.000", 
   "end": "9.280", 
   "id": "f000019", 
   "language": "en", 
   "lines": [
    "firmly,"
   ]
  }, 
  {
   "begin": "9.280", 
   "end": "9.720", 
   "id": "f000020", 
   "language": "en", 
   "lines": [
    "limping"
   ]
  }, 
  {
   "begin": "9.720", 
   "end": "10.400", 
   "id": "f000021", 
   "language": "en", 
   "lines": [
    "forward."
   ]
  }, 
  {
   "begin": "10.400", 
   "end": "11.560", 
   "id": "f000022", 
   "language": "en", 
   "lines": [
    "\u201cI"
   ]
  }, 
  {
   "begin": "11.560", 
   "end": "11.760", 
   "id": "f000023", 
   "language": "en", 
   "lines": [
    "was"
   ]
  }, 
  {
   "begin": "11.760", 
   "end": "11.800", 
   "id": "f000024", 
   "language": "en", 
   "lines": [
    "with"
   ]
  }, 
  {
   "begin": "11.800", 
   "end": "12.280", 
   "id": "f000025", 
   "language": "en", 
   "lines": [
    "him"
   ]
  }, 
  {
   "begin": "12.280", 
   "end": "12.360", 
   "id": "f000026", 
   "language": "en", 
   "lines": [
    "when"
   ]
  }, 
  {
   "begin": "12.360", 
   "end": "13.080", 
   "id": "f000027", 
   "language": "en", 
   "lines": [
    "Vayu"
   ]
  }, 
  {
   "begin": "13.080", 
   "end": "13.600", 
   "id": "f000028", 
   "language": "en", 
   "lines": [
    "went"
   ]
  }, 
  {
   "begin": "13.600", 
   "end": "14.400", 
   "id": "f000029", 
   "language": "en", 
   "lines": [
    "missing!\u201d"
   ]
  }, 
  {
   "begin": "14.400", 
   "end": "14.440", 
   "id": "f000030", 
   "language": "en", 
   "lines": [
    "A"
   ]
  }, 
  {
   "begin": "14.440", 
   "end": "15.600", 
   "id": "f000031", 
   "language": "en", 
   "lines": [
    "heavy"
   ]
  }, 
  {
   "begin": "15.600", 
   "end": "16.520", 
   "id": "f000032", 
   "language": "en", 
   "lines": [
    "silence"
   ]
  }, 
  {
   "begin": "16.520", 
   "end": "16.920", 
   "id": "f000033", 
   "language": "en", 
   "lines": [
    "fell"
   ]
  }, 
  {
   "begin": "16.920", 
   "end": "17.200", 
   "id": "f000034", 
   "language": "en", 
   "lines": [
    "on"
   ]
  }, 
  {
   "begin": "17.200", 
   "end": "17.440", 
   "id": "f000035", 
   "language": "en", 
   "lines": [
    "the"
   ]
  }, 
  {
   "begin": "17.440", 
   "end": "17.880", 
   "id": "f000036", 
   "language": "en", 
   "lines": [
    "gathering."
   ]
  }, 
  {
   "begin": "17.880", 
   "end": "18.000", 
   "id": "f000037", 
   "language": "en", 
   "lines": [
    "\u201cWhat"
   ]
  }, 
  {
   "begin": "18.000", 
   "end": "19.280", 
   "id": "f000038", 
   "language": "en", 
   "lines": [
    "does"
   ]
  }, 
  {
   "begin": "19.280", 
   "end": "19.520", 
   "id": "f000039", 
   "language": "en", 
   "lines": [
    "this"
   ]
  }, 
  {
   "begin": "19.520", 
   "end": "20.800", 
   "id": "f000040", 
   "language": "en", 
   "lines": [
    "mean?\u201d"
   ]
  }, 
  {
   "begin": "20.800", 
   "end": "21.040", 
   "id": "f000041", 
   "language": "en", 
   "lines": [
    "roared"
   ]
  }, 
  {
   "begin": "21.040", 
   "end": "21.120", 
   "id": "f000042", 
   "language": "en", 
   "lines": [
    "the"
   ]
  }, 
  {
   "begin": "21.120", 
   "end": "22.000", 
   "id": "f000043", 
   "language": "en", 
   "lines": [
    "headman."
   ]
  }, 
  {
   "begin": "22.000", 
   "end": "23.080", 
   "id": "f000044", 
   "language": "en", 
   "lines": [
    "\u201cThat"
   ]
  }, 
  {
   "begin": "23.080", 
   "end": "23.400", 
   "id": "f000045", 
   "language": "en", 
   "lines": [
    "the"
   ]
  }, 
  {
   "begin": "23.400", 
   "end": "24.000", 
   "id": "f000046", 
   "language": "en", 
   "lines": [
    "elephant"
   ]
  }, 
  {
   "begin": "24.000", 
   "end": "24.000", 
   "id": "f000047", 
   "language": "en", 
   "lines": [
    "bird"
   ]
  }, 
  {
   "begin": "24.000", 
   "end": "24.040", 
   "id": "f000048", 
   "language": "en", 
   "lines": [
    "is"
   ]
  }, 
  {
   "begin": "24.040", 
   "end": "24.520", 
   "id": "f000049", 
   "language": "en", 
   "lines": [
    "my"
   ]
  }, 
  {
   "begin": "24.520", 
   "end": "25.320", 
   "id": "f000050", 
   "language": "en", 
   "lines": [
    "friend,"
   ]
  }, 
  {
   "begin": "25.320", 
   "end": "25.720", 
   "id": "f000051", 
   "language": "en", 
   "lines": [
    "and"
   ]
  }, 
  {
   "begin": "25.720", 
   "end": "25.800", 
   "id": "f000052", 
   "language": "en", 
   "lines": [
    "he"
   ]
  }, 
  {
   "begin": "25.800", 
   "end": "26.960", 
   "id": "f000053", 
   "language": "en", 
   "lines": [
    "has"
   ]
  }, 
  {
   "begin": "26.960", 
   "end": "27.320", 
   "id": "f000054", 
   "language": "en", 
   "lines": [
    "not"
   ]
  }, 
  {
   "begin": "27.320", 
   "end": "27.400", 
   "id": "f000055", 
   "language": "en", 
   "lines": [
    "done"
   ]
  }, 
  {
   "begin": "27.400", 
   "end": "27.400", 
   "id": "f000056", 
   "language": "en", 
   "lines": [
    "this!\u201d"
   ]
  }, 
  {
   "begin": "27.400", 
   "end": "27.960", 
   "id": "f000057", 
   "language": "en", 
   "lines": [
    "&nbsp;"
   ]
  }, 
  {
   "begin": "27.960", 
   "end": "29.320", 
   "id": "f000058", 
   "language": "en", 
   "lines": [
    "\u201cThis"
   ]
  }, 
  {
   "begin": "29.320", 
   "end": "29.640", 
   "id": "f000059", 
   "language": "en", 
   "lines": [
    "girl"
   ]
  }, 
  {
   "begin": "29.640", 
   "end": "30.080", 
   "id": "f000060", 
   "language": "en", 
   "lines": [
    "has"
   ]
  }, 
  {
   "begin": "30.080", 
   "end": "30.400", 
   "id": "f000061", 
   "language": "en", 
   "lines": [
    "lost"
   ]
  }, 
  {
   "begin": "30.400", 
   "end": "30.640", 
   "id": "f000062", 
   "language": "en", 
   "lines": [
    "her"
   ]
  }, 
  {
   "begin": "30.640", 
   "end": "31.320", 
   "id": "f000063", 
   "language": "en", 
   "lines": [
    "mind!\u201d"
   ]
  }, 
  {
   "begin": "31.320", 
   "end": "32.760", 
   "id": "f000064", 
   "language": "en", 
   "lines": [
    "shouted"
   ]
  }, 
  {
   "begin": "32.760", 
   "end": "33.280", 
   "id": "f000065", 
   "language": "en", 
   "lines": [
    "someone"
   ]
  }, 
  {
   "begin": "33.280", 
   "end": "33.600", 
   "id": "f000066", 
   "language": "en", 
   "lines": [
    "from"
   ]
  }, 
  {
   "begin": "33.600", 
   "end": "33.640", 
   "id": "f000067", 
   "language": "en", 
   "lines": [
    "the"
   ]
  }, 
  {
   "begin": "33.640", 
   "end": "34.000", 
   "id": "f000068", 
   "language": "en", 
   "lines": [
    "back."
   ]
  }, 
  {
   "begin": "34.000", 
   "end": "34.800", 
   "id": "f000069", 
   "language": "en", 
   "lines": [
    "The"
   ]
  }, 
  {
   "begin": "34.800", 
   "end": "35.080", 
   "id": "f000070", 
   "language": "en", 
   "lines": [
    "other"
   ]
  }, 
  {
   "begin": "35.080", 
   "end": "35.640", 
   "id": "f000071", 
   "language": "en", 
   "lines": [
    "children"
   ]
  }, 
  {
   "begin": "35.640", 
   "end": "36.080", 
   "id": "f000072", 
   "language": "en", 
   "lines": [
    "laughed."
   ]
  }, 
  {
   "begin": "36.080", 
   "end": "37.000", 
   "id": "f000073", 
   "language": "en", 
   "lines": [
    "\u201cHe"
   ]
  }, 
  {
   "begin": "37.000", 
   "end": "37.600", 
   "id": "f000074", 
   "language": "en", 
   "lines": [
    "only"
   ]
  }, 
  {
   "begin": "37.600", 
   "end": "38.080", 
   "id": "f000075", 
   "language": "en", 
   "lines": [
    "eats"
   ]
  }, 
  {
   "begin": "38.080", 
   "end": "38.920", 
   "id": "f000076", 
   "language": "en", 
   "lines": [
    "leaves!"
   ]
  }, 
  {
   "begin": "38.920", 
   "end": "39.160", 
   "id": "f000077", 
   "language": "en", 
   "lines": [
    "How"
   ]
  }, 
  {
   "begin": "39.160", 
   "end": "39.160", 
   "id": "f000078", 
   "language": "en", 
   "lines": [
    "can"
   ]
  }, 
  {
   "begin": "39.160", 
   "end": "39.600", 
   "id": "f000079", 
   "language": "en", 
   "lines": [
    "he"
   ]
  }, 
  {
   "begin": "39.600", 
   "end": "39.920", 
   "id": "f000080", 
   "language": "en", 
   "lines": [
    "eat"
   ]
  }, 
  {
   "begin": "39.920", 
   "end": "41.080", 
   "id": "f000081", 
   "language": "en", 
   "lines": [
    "Vayu?\u201d"
   ]
  }, 
  {
   "begin": "41.080", 
   "end": "41.440", 
   "id": "f000082", 
   "language": "en", 
   "lines": [
    "Munia"
   ]
  }, 
  {
   "begin": "41.440", 
   "end": "42.440", 
   "id": "f000083", 
   "language": "en", 
   "lines": [
    "shouted,"
   ]
  }, 
  {
   "begin": "42.440", 
   "end": "42.840", 
   "id": "f000084", 
   "language": "en", 
   "lines": [
    "not"
   ]
  }, 
  {
   "begin": "42.840", 
   "end": "43.280", 
   "id": "f000085", 
   "language": "en", 
   "lines": [
    "moving"
   ]
  }, 
  {
   "begin": "43.280", 
   "end": "43.760", 
   "id": "f000086", 
   "language": "en", 
   "lines": [
    "from"
   ]
  }, 
  {
   "begin": "43.760", 
   "end": "43.760", 
   "id": "f000087", 
   "language": "en", 
   "lines": [
    "her"
   ]
  }, 
  {
   "begin": "43.760", 
   "end": "44.560", 
   "id": "f000088", 
   "language": "en", 
   "lines": [
    "place."
   ]
  }
 ]
}