{
 "fragments": [
  {
   "begin": "0.000", 
   "end": "1.080", 
   "id": "f000001", 
   "language": "en", 
   "lines": [
    "Munia"
   ]
  }, 
  {
   "begin": "1.080", 
   "end": "1.240", 
   "id": "f000002", 
   "language": "en", 
   "lines": [
    "knew"
   ]
  }, 
  {
   "begin": "1.240", 
   "end": "1.440", 
   "id": "f000003", 
   "language": "en", 
   "lines": [
    "that"
   ]
  }, 
  {
   "begin": "1.440", 
   "end": "1.640", 
   "id": "f000004", 
   "language": "en", 
   "lines": [
    "the"
   ]
  }, 
  {
   "begin": "1.640", 
   "end": "2.080", 
   "id": "f000005", 
   "language": "en", 
   "lines": [
    "giant,"
   ]
  }, 
  {
   "begin": "2.080", 
   "end": "2.880", 
   "id": "f000006", 
   "language": "en", 
   "lines": [
    "one-feathered"
   ]
  }, 
  {
   "begin": "2.880", 
   "end": "3.440", 
   "id": "f000007", 
   "language": "en", 
   "lines": [
    "elephant"
   ]
  }, 
  {
   "begin": "3.440", 
   "end": "4.000", 
   "id": "f000008", 
   "language": "en", 
   "lines": [
    "bird"
   ]
  }, 
  {
   "begin": "4.000", 
   "end": "4.280", 
   "id": "f000009", 
   "language": "en", 
   "lines": [
    "had"
   ]
  }, 
  {
   "begin": "4.280", 
   "end": "4.560", 
   "id": "f000010", 
   "language": "en", 
   "lines": [
    "not"
   ]
  }, 
  {
   "begin": "4.560", 
   "end": "5.040", 
   "id": "f000011", 
   "language": "en", 
   "lines": [
    "swallowed"
   ]
  }, 
  {
   "begin": "5.040", 
   "end": "5.200", 
   "id": "f000012", 
   "language": "en", 
   "lines": [
    "the"
   ]
  }, 
  {
   "begin": "5.200", 
   "end": "6.200", 
   "id": "f000013", 
   "language": "en", 
   "lines": [
    "horse."
   ]
  }, 
  {
   "begin": "6.200", 
   "end": "6.880", 
   "id": "f000014", 
   "language": "en", 
   "lines": [
    "Yes,"
   ]
  }, 
  {
   "begin": "6.880", 
   "end": "7.000", 
   "id": "f000015", 
   "language": "en", 
   "lines": [
    "he"
   ]
  }, 
  {
   "begin": "7.000", 
   "end": "7.280", 
   "id": "f000016", 
   "language": "en", 
   "lines": [
    "was"
   ]
  }, 
  {
   "begin": "7.280", 
   "end": "7.440", 
   "id": "f000017", 
   "language": "en", 
   "lines": [
    "big"
   ]
  }, 
  {
   "begin": "7.440", 
   "end": "7.760", 
   "id": "f000018", 
   "language": "en", 
   "lines": [
    "enough"
   ]
  }, 
  {
   "begin": "7.760", 
   "end": "7.840", 
   "id": "f000019", 
   "language": "en", 
   "lines": [
    "to"
   ]
  }, 
  {
   "begin": "7.840", 
   "end": "8.160", 
   "id": "f000020", 
   "language": "en", 
   "lines": [
    "swallow"
   ]
  }, 
  {
   "begin": "8.160", 
   "end": "8.440", 
   "id": "f000021", 
   "language": "en", 
   "lines": [
    "a"
   ]
  }, 
  {
   "begin": "8.440", 
   "end": "8.920", 
   "id": "f000022", 
   "language": "en", 
   "lines": [
    "horse,"
   ]
  }, 
  {
   "begin": "8.920", 
   "end": "9.520", 
   "id": "f000023", 
   "language": "en", 
   "lines": [
    "but"
   ]
  }, 
  {
   "begin": "9.520", 
   "end": "9.960", 
   "id": "f000024", 
   "language": "en", 
   "lines": [
    "that"
   ]
  }, 
  {
   "begin": "9.960", 
   "end": "10.240", 
   "id": "f000025", 
   "language": "en", 
   "lines": [
    "didn't"
   ]
  }, 
  {
   "begin": "10.240", 
   "end": "10.560", 
   "id": "f000026", 
   "language": "en", 
   "lines": [
    "mean"
   ]
  }, 
  {
   "begin": "10.560", 
   "end": "10.760", 
   "id": "f000027", 
   "language": "en", 
   "lines": [
    "he"
   ]
  }, 
  {
   "begin": "10.760", 
   "end": "11.720", 
   "id": "f000028", 
   "language": "en", 
   "lines": [
    "had!"
   ]
  }, 
  {
   "begin": "11.720", 
   "end": "11.880", 
   "id": "f000029", 
   "language": "en", 
   "lines": [
    "The"
   ]
  }, 
  {
   "begin": "11.880", 
   "end": "12.280", 
   "id": "f000030", 
   "language": "en", 
   "lines": [
    "village"
   ]
  }, 
  {
   "begin": "12.280", 
   "end": "12.520", 
   "id": "f000031", 
   "language": "en", 
   "lines": [
    "of"
   ]
  }, 
  {
   "begin": "12.520", 
   "end": "13.160", 
   "id": "f000032", 
   "language": "en", 
   "lines": [
    "Adhania"
   ]
  }, 
  {
   "begin": "13.160", 
   "end": "13.520", 
   "id": "f000033", 
   "language": "en", 
   "lines": [
    "had"
   ]
  }, 
  {
   "begin": "13.520", 
   "end": "13.840", 
   "id": "f000034", 
   "language": "en", 
   "lines": [
    "only"
   ]
  }, 
  {
   "begin": "13.840", 
   "end": "14.120", 
   "id": "f000035", 
   "language": "en", 
   "lines": [
    "one"
   ]
  }, 
  {
   "begin": "14.120", 
   "end": "14.840", 
   "id": "f000036", 
   "language": "en", 
   "lines": [
    "horse-cart"
   ]
  }, 
  {
   "begin": "14.840", 
   "end": "15.480", 
   "id": "f000037", 
   "language": "en", 
   "lines": [
    "pulled"
   ]
  }, 
  {
   "begin": "15.480", 
   "end": "15.800", 
   "id": "f000038", 
   "language": "en", 
   "lines": [
    "by"
   ]
  }, 
  {
   "begin": "15.800", 
   "end": "15.800", 
   "id": "f000039", 
   "language": "en", 
   "lines": [
    "the"
   ]
  }, 
  {
   "begin": "15.800", 
   "end": "16.080", 
   "id": "f000040", 
   "language": "en", 
   "lines": [
    "two"
   ]
  }, 
  {
   "begin": "16.080", 
   "end": "16.760", 
   "id": "f000041", 
   "language": "en", 
   "lines": [
    "horses"
   ]
  }, 
  {
   "begin": "16.760", 
   "end": "17.640", 
   "id": "f000042", 
   "language": "en", 
   "lines": [
    "Vayu"
   ]
  }, 
  {
   "begin": "17.640", 
   "end": "18.080", 
   "id": "f000043", 
   "language": "en", 
   "lines": [
    "and"
   ]
  }, 
  {
   "begin": "18.080", 
   "end": "19.040", 
   "id": "f000044", 
   "language": "en", 
   "lines": [
    "Drut."
   ]
  }, 
  {
   "begin": "19.040", 
   "end": "19.480", 
   "id": "f000045", 
   "language": "en", 
   "lines": [
    "And"
   ]
  }, 
  {
   "begin": "19.480", 
   "end": "19.880", 
   "id": "f000046", 
   "language": "en", 
   "lines": [
    "Vayu"
   ]
  }, 
  {
   "begin": "19.880", 
   "end": "20.120", 
   "id": "f000047", 
   "language": "en", 
   "lines": [
    "had"
   ]
  }, 
  {
   "begin": "20.120", 
   "end": "20.520", 
   "id": "f000048", 
   "language": "en", 
   "lines": [
    "gone"
   ]
  }, 
  {
   "begin": "20.520", 
   "end": "21.160", 
   "id": "f000049", 
   "language": "en", 
   "lines": [
    "missing"
   ]
  }, 
  {
   "begin": "21.160", 
   "end": "21.440", 
   "id": "f000050", 
   "language": "en", 
   "lines": [
    "near"
   ]
  }, 
  {
   "begin": "21.440", 
   "end": "21.440", 
   "id": "f000051", 
   "language": "en", 
   "lines": [
    "the"
   ]
  }, 
  {
   "begin": "21.440", 
   "end": "21.600", 
   "id": "f000052", 
   "language": "en", 
   "lines": [
    "lake"
   ]
  }, 
  {
   "begin": "21.600", 
   "end": "21.840", 
   "id": "f000053", 
   "language": "en", 
   "lines": [
    "in"
   ]
  }, 
  {
   "begin": "21.840", 
   "end": "22.120", 
   "id": "f000054", 
   "language": "en", 
   "lines": [
    "the"
   ]
  }, 
  {
   "begin": "22.120", 
   "end": "22.680", 
   "id": "f000055", 
   "language": "en", 
   "lines": [
    "jungle"
   ]
  }, 
  {
   "begin": "22.680", 
   "end": "22.840", 
   "id": "f000056", 
   "language": "en", 
   "lines": [
    "where"
   ]
  }, 
  {
   "begin": "22.840", 
   "end": "23.040", 
   "id": "f000057", 
   "language": "en", 
   "lines": [
    "the"
   ]
  }, 
  {
   "begin": "23.040", 
   "end": "23.320", 
   "id": "f000058", 
   "language": "en", 
   "lines": [
    "bird"
   ]
  }, 
  {
   "begin": "23.320", 
   "end": "23.640", 
   "id": "f000059", 
   "language": "en", 
   "lines": [
    "lived."
   ]
  }, 
  {
   "begin": "23.640", 
   "end": "23.760", 
   "id": "f000060", 
   "language": "en", 
   "lines": [
    "&nbsp;"
   ]
  }, 
  {
   "begin": "23.760", 
   "end": "24.560", 
   "id": "f000061", 
   "language": "en", 
   "lines": [
    "The"
   ]
  }, 
  {
   "begin": "24.560", 
   "end": "25.240", 
   "id": "f000062", 
   "language": "en", 
   "lines": [
    "villagers"
   ]
  }, 
  {
   "begin": "25.240", 
   "end": "25.480", 
   "id": "f000063", 
   "language": "en", 
   "lines": [
    "had"
   ]
  }, 
  {
   "begin": "25.480", 
   "end": "25.840", 
   "id": "f000064", 
   "language": "en", 
   "lines": [
    "known"
   ]
  }, 
  {
   "begin": "25.840", 
   "end": "26.080", 
   "id": "f000065", 
   "language": "en", 
   "lines": [
    "about"
   ]
  }, 
  {
   "begin": "26.080", 
   "end": "26.280", 
   "id": "f000066", 
   "language": "en", 
   "lines": [
    "the"
   ]
  }, 
  {
   "begin": "26.280", 
   "end": "26.840", 
   "id": "f000067", 
   "language": "en", 
   "lines": [
    "elephant"
   ]
  }, 
  {
   "begin": "26.840", 
   "end": "27.240", 
   "id": "f000068", 
   "language": "en", 
   "lines": [
    "bird"
   ]
  }, 
  {
   "begin": "27.240", 
   "end": "27.600", 
   "id": "f000069", 
   "language": "en", 
   "lines": [
    "for"
   ]
  }, 
  {
   "begin": "27.600", 
   "end": "29.120", 
   "id": "f000070", 
   "language": "en", 
   "lines": [
    "generations."
   ]
  }
 ]
}