{
 "fragments": [
  {
   "begin": "0.000", 
   "end": "1.720", 
   "id": "f000001", 
   "language": "en", 
   "lines": [
    "\u201cStop!\u201d"
   ]
  }, 
  {
   "begin": "1.720", 
   "end": "2.280", 
   "id": "f000002", 
   "language": "en", 
   "lines": [
    "Munia\u2019s"
   ]
  }, 
  {
   "begin": "2.280", 
   "end": "2.680", 
   "id": "f000003", 
   "language": "en", 
   "lines": [
    "thin"
   ]
  }, 
  {
   "begin": "2.680", 
   "end": "3.240", 
   "id": "f000004", 
   "language": "en", 
   "lines": [
    "voice"
   ]
  }, 
  {
   "begin": "3.240", 
   "end": "3.880", 
   "id": "f000005", 
   "language": "en", 
   "lines": [
    "cut"
   ]
  }, 
  {
   "begin": "3.880", 
   "end": "4.080", 
   "id": "f000006", 
   "language": "en", 
   "lines": [
    "through"
   ]
  }, 
  {
   "begin": "4.080", 
   "end": "4.240", 
   "id": "f000007", 
   "language": "en", 
   "lines": [
    "the"
   ]
  }, 
  {
   "begin": "4.240", 
   "end": "5.400", 
   "id": "f000008", 
   "language": "en", 
   "lines": [
    "din."
   ]
  }, 
  {
   "begin": "5.400", 
   "end": "5.960", 
   "id": "f000009", 
   "language": "en", 
   "lines": [
    "She"
   ]
  }, 
  {
   "begin": "5.960", 
   "end": "6.520", 
   "id": "f000010", 
   "language": "en", 
   "lines": [
    "limped"
   ]
  }, 
  {
   "begin": "6.520", 
   "end": "6.600", 
   "id": "f000011", 
   "language": "en", 
   "lines": [
    "between"
   ]
  }, 
  {
   "begin": "6.600", 
   "end": "7.040", 
   "id": "f000012", 
   "language": "en", 
   "lines": [
    "the"
   ]
  }, 
  {
   "begin": "7.040", 
   "end": "7.520", 
   "id": "f000013", 
   "language": "en", 
   "lines": [
    "mob"
   ]
  }, 
  {
   "begin": "7.520", 
   "end": "7.720", 
   "id": "f000014", 
   "language": "en", 
   "lines": [
    "and"
   ]
  }, 
  {
   "begin": "7.720", 
   "end": "7.800", 
   "id": "f000015", 
   "language": "en", 
   "lines": [
    "the"
   ]
  }, 
  {
   "begin": "7.800", 
   "end": "9.080", 
   "id": "f000016", 
   "language": "en", 
   "lines": [
    "giant."
   ]
  }, 
  {
   "begin": "9.080", 
   "end": "9.760", 
   "id": "f000017", 
   "language": "en", 
   "lines": [
    "&nbsp;"
   ]
  }, 
  {
   "begin": "9.760", 
   "end": "9.840", 
   "id": "f000018", 
   "language": "en", 
   "lines": [
    "\u201cMunia!"
   ]
  }, 
  {
   "begin": "9.840", 
   "end": "10.400", 
   "id": "f000019", 
   "language": "en", 
   "lines": [
    "Come"
   ]
  }, 
  {
   "begin": "10.400", 
   "end": "10.440", 
   "id": "f000020", 
   "language": "en", 
   "lines": [
    "back"
   ]
  }, 
  {
   "begin": "10.440", 
   "end": "10.840", 
   "id": "f000021", 
   "language": "en", 
   "lines": [
    "at"
   ]
  }, 
  {
   "begin": "10.840", 
   "end": "12.080", 
   "id": "f000022", 
   "language": "en", 
   "lines": [
    "once!\u201d"
   ]
  }, 
  {
   "begin": "12.080", 
   "end": "12.240", 
   "id": "f000023", 
   "language": "en", 
   "lines": [
    "her"
   ]
  }, 
  {
   "begin": "12.240", 
   "end": "12.760", 
   "id": "f000024", 
   "language": "en", 
   "lines": [
    "father"
   ]
  }, 
  {
   "begin": "12.760", 
   "end": "13.360", 
   "id": "f000025", 
   "language": "en", 
   "lines": [
    "ordered."
   ]
  }, 
  {
   "begin": "13.360", 
   "end": "15.040", 
   "id": "f000026", 
   "language": "en", 
   "lines": [
    "\u201cGrab"
   ]
  }, 
  {
   "begin": "15.040", 
   "end": "15.040", 
   "id": "f000027", 
   "language": "en", 
   "lines": [
    "her!\u201d"
   ]
  }, 
  {
   "begin": "15.040", 
   "end": "15.800", 
   "id": "f000028", 
   "language": "en", 
   "lines": [
    "cried"
   ]
  }, 
  {
   "begin": "15.800", 
   "end": "16.280", 
   "id": "f000029", 
   "language": "en", 
   "lines": [
    "someone"
   ]
  }, 
  {
   "begin": "16.280", 
   "end": "17.480", 
   "id": "f000030", 
   "language": "en", 
   "lines": [
    "else."
   ]
  }, 
  {
   "begin": "17.480", 
   "end": "17.680", 
   "id": "f000031", 
   "language": "en", 
   "lines": [
    "&nbsp;"
   ]
  }, 
  {
   "begin": "17.680", 
   "end": "18.200", 
   "id": "f000032", 
   "language": "en", 
   "lines": [
    "Munia\u2019s"
   ]
  }, 
  {
   "begin": "18.200", 
   "end": "18.560", 
   "id": "f000033", 
   "language": "en", 
   "lines": [
    "father"
   ]
  }, 
  {
   "begin": "18.560", 
   "end": "18.760", 
   "id": "f000034", 
   "language": "en", 
   "lines": [
    "and"
   ]
  }, 
  {
   "begin": "18.760", 
   "end": "19.080", 
   "id": "f000035", 
   "language": "en", 
   "lines": [
    "another"
   ]
  }, 
  {
   "begin": "19.080", 
   "end": "20.040", 
   "id": "f000036", 
   "language": "en", 
   "lines": [
    "villager"
   ]
  }, 
  {
   "begin": "20.040", 
   "end": "20.400", 
   "id": "f000037", 
   "language": "en", 
   "lines": [
    "rushed"
   ]
  }, 
  {
   "begin": "20.400", 
   "end": "20.760", 
   "id": "f000038", 
   "language": "en", 
   "lines": [
    "towards"
   ]
  }, 
  {
   "begin": "20.760", 
   "end": "21.200", 
   "id": "f000039", 
   "language": "en", 
   "lines": [
    "her."
   ]
  }, 
  {
   "begin": "21.200", 
   "end": "22.000", 
   "id": "f000040", 
   "language": "en", 
   "lines": [
    "The"
   ]
  }, 
  {
   "begin": "22.000", 
   "end": "22.560", 
   "id": "f000041", 
   "language": "en", 
   "lines": [
    "elephant"
   ]
  }, 
  {
   "begin": "22.560", 
   "end": "22.960", 
   "id": "f000042", 
   "language": "en", 
   "lines": [
    "bird"
   ]
  }, 
  {
   "begin": "22.960", 
   "end": "23.520", 
   "id": "f000043", 
   "language": "en", 
   "lines": [
    "advanced"
   ]
  }, 
  {
   "begin": "23.520", 
   "end": "23.640", 
   "id": "f000044", 
   "language": "en", 
   "lines": [
    "a"
   ]
  }, 
  {
   "begin": "23.640", 
   "end": "23.880", 
   "id": "f000045", 
   "language": "en", 
   "lines": [
    "couple"
   ]
  }, 
  {
   "begin": "23.880", 
   "end": "24.080", 
   "id": "f000046", 
   "language": "en", 
   "lines": [
    "of"
   ]
  }, 
  {
   "begin": "24.080", 
   "end": "24.680", 
   "id": "f000047", 
   "language": "en", 
   "lines": [
    "steps"
   ]
  }, 
  {
   "begin": "24.680", 
   "end": "24.880", 
   "id": "f000048", 
   "language": "en", 
   "lines": [
    "and"
   ]
  }, 
  {
   "begin": "24.880", 
   "end": "25.280", 
   "id": "f000049", 
   "language": "en", 
   "lines": [
    "they"
   ]
  }, 
  {
   "begin": "25.280", 
   "end": "25.960", 
   "id": "f000050", 
   "language": "en", 
   "lines": [
    "stopped."
   ]
  }, 
  {
   "begin": "25.960", 
   "end": "27.320", 
   "id": "f000051", 
   "language": "en", 
   "lines": [
    "\u201cOkay\u2026"
   ]
  }, 
  {
   "begin": "27.320", 
   "end": "27.600", 
   "id": "f000052", 
   "language": "en", 
   "lines": [
    "if"
   ]
  }, 
  {
   "begin": "27.600", 
   "end": "28.000", 
   "id": "f000053", 
   "language": "en", 
   "lines": [
    "this"
   ]
  }, 
  {
   "begin": "28.000", 
   "end": "28.360", 
   "id": "f000054", 
   "language": "en", 
   "lines": [
    "is"
   ]
  }, 
  {
   "begin": "28.360", 
   "end": "29.080", 
   "id": "f000055", 
   "language": "en", 
   "lines": [
    "how"
   ]
  }, 
  {
   "begin": "29.080", 
   "end": "29.240", 
   "id": "f000056", 
   "language": "en", 
   "lines": [
    "you"
   ]
  }, 
  {
   "begin": "29.240", 
   "end": "29.440", 
   "id": "f000057", 
   "language": "en", 
   "lines": [
    "want"
   ]
  }, 
  {
   "begin": "29.440", 
   "end": "29.680", 
   "id": "f000058", 
   "language": "en", 
   "lines": [
    "it,"
   ]
  }, 
  {
   "begin": "29.680", 
   "end": "30.080", 
   "id": "f000059", 
   "language": "en", 
   "lines": [
    "we\u2019ll"
   ]
  }, 
  {
   "begin": "30.080", 
   "end": "30.320", 
   "id": "f000060", 
   "language": "en", 
   "lines": [
    "tackle"
   ]
  }, 
  {
   "begin": "30.320", 
   "end": "30.640", 
   "id": "f000061", 
   "language": "en", 
   "lines": [
    "both"
   ]
  }, 
  {
   "begin": "30.640", 
   "end": "31.080", 
   "id": "f000062", 
   "language": "en", 
   "lines": [
    "of"
   ]
  }, 
  {
   "begin": "31.080", 
   "end": "31.240", 
   "id": "f000063", 
   "language": "en", 
   "lines": [
    "you"
   ]
  }, 
  {
   "begin": "31.240", 
   "end": "32.560", 
   "id": "f000064", 
   "language": "en", 
   "lines": [
    "together!\u201d"
   ]
  }, 
  {
   "begin": "32.560", 
   "end": "32.880", 
   "id": "f000065", 
   "language": "en", 
   "lines": [
    "yelled"
   ]
  }, 
  {
   "begin": "32.880", 
   "end": "33.000", 
   "id": "f000066", 
   "language": "en", 
   "lines": [
    "a"
   ]
  }, 
  {
   "begin": "33.000", 
   "end": "33.720", 
   "id": "f000067", 
   "language": "en", 
   "lines": [
    "man,"
   ]
  }, 
  {
   "begin": "33.720", 
   "end": "34.320", 
   "id": "f000068", 
   "language": "en", 
   "lines": [
    "holding"
   ]
  }, 
  {
   "begin": "34.320", 
   "end": "34.520", 
   "id": "f000069", 
   "language": "en", 
   "lines": [
    "a"
   ]
  }, 
  {
   "begin": "34.520", 
   "end": "35.320", 
   "id": "f000070", 
   "language": "en", 
   "lines": [
    "spear."
   ]
  }
 ]
}