{
 "fragments": [
  {
   "begin": "0.000", 
   "end": "1.040", 
   "id": "f000001", 
   "language": "en", 
   "lines": [
    "\u201cWhat\u2019s"
   ]
  }, 
  {
   "begin": "1.040", 
   "end": "1.680", 
   "id": "f000002", 
   "language": "en", 
   "lines": [
    "going"
   ]
  }, 
  {
   "begin": "1.680", 
   "end": "2.080", 
   "id": "f000003", 
   "language": "en", 
   "lines": [
    "on?\u201d"
   ]
  }, 
  {
   "begin": "2.080", 
   "end": "3.120", 
   "id": "f000004", 
   "language": "en", 
   "lines": [
    "someone"
   ]
  }, 
  {
   "begin": "3.120", 
   "end": "3.640", 
   "id": "f000005", 
   "language": "en", 
   "lines": [
    "shouted"
   ]
  }, 
  {
   "begin": "3.640", 
   "end": "3.920", 
   "id": "f000006", 
   "language": "en", 
   "lines": [
    "from"
   ]
  }, 
  {
   "begin": "3.920", 
   "end": "4.400", 
   "id": "f000007", 
   "language": "en", 
   "lines": [
    "behind"
   ]
  }, 
  {
   "begin": "4.400", 
   "end": "4.480", 
   "id": "f000008", 
   "language": "en", 
   "lines": [
    "the"
   ]
  }, 
  {
   "begin": "4.480", 
   "end": "4.880", 
   "id": "f000009", 
   "language": "en", 
   "lines": [
    "crowd."
   ]
  }, 
  {
   "begin": "4.880", 
   "end": "5.480", 
   "id": "f000010", 
   "language": "en", 
   "lines": [
    "A"
   ]
  }, 
  {
   "begin": "5.480", 
   "end": "5.880", 
   "id": "f000011", 
   "language": "en", 
   "lines": [
    "slightly"
   ]
  }, 
  {
   "begin": "5.880", 
   "end": "6.520", 
   "id": "f000012", 
   "language": "en", 
   "lines": [
    "hunched"
   ]
  }, 
  {
   "begin": "6.520", 
   "end": "6.840", 
   "id": "f000013", 
   "language": "en", 
   "lines": [
    "man"
   ]
  }, 
  {
   "begin": "6.840", 
   "end": "7.000", 
   "id": "f000014", 
   "language": "en", 
   "lines": [
    "with"
   ]
  }, 
  {
   "begin": "7.000", 
   "end": "7.120", 
   "id": "f000015", 
   "language": "en", 
   "lines": [
    "a"
   ]
  }, 
  {
   "begin": "7.120", 
   "end": "7.440", 
   "id": "f000016", 
   "language": "en", 
   "lines": [
    "long"
   ]
  }, 
  {
   "begin": "7.440", 
   "end": "7.760", 
   "id": "f000017", 
   "language": "en", 
   "lines": [
    "beard"
   ]
  }, 
  {
   "begin": "7.760", 
   "end": "8.320", 
   "id": "f000018", 
   "language": "en", 
   "lines": [
    "came"
   ]
  }, 
  {
   "begin": "8.320", 
   "end": "8.680", 
   "id": "f000019", 
   "language": "en", 
   "lines": [
    "in"
   ]
  }, 
  {
   "begin": "8.680", 
   "end": "8.960", 
   "id": "f000020", 
   "language": "en", 
   "lines": [
    "holding"
   ]
  }, 
  {
   "begin": "8.960", 
   "end": "9.280", 
   "id": "f000021", 
   "language": "en", 
   "lines": [
    "a"
   ]
  }, 
  {
   "begin": "9.280", 
   "end": "9.880", 
   "id": "f000022", 
   "language": "en", 
   "lines": [
    "horse\u2019s"
   ]
  }, 
  {
   "begin": "9.880", 
   "end": "10.400", 
   "id": "f000023", 
   "language": "en", 
   "lines": [
    "reins."
   ]
  }, 
  {
   "begin": "10.400", 
   "end": "11.480", 
   "id": "f000024", 
   "language": "en", 
   "lines": [
    "&nbsp;"
   ]
  }, 
  {
   "begin": "11.480", 
   "end": "11.840", 
   "id": "f000025", 
   "language": "en", 
   "lines": [
    "The"
   ]
  }, 
  {
   "begin": "11.840", 
   "end": "11.880", 
   "id": "f000026", 
   "language": "en", 
   "lines": [
    "headman"
   ]
  }, 
  {
   "begin": "11.880", 
   "end": "12.280", 
   "id": "f000027", 
   "language": "en", 
   "lines": [
    "asked"
   ]
  }, 
  {
   "begin": "12.280", 
   "end": "12.440", 
   "id": "f000028", 
   "language": "en", 
   "lines": [
    "with"
   ]
  }, 
  {
   "begin": "12.440", 
   "end": "12.560", 
   "id": "f000029", 
   "language": "en", 
   "lines": [
    "a"
   ]
  }, 
  {
   "begin": "12.560", 
   "end": "13.240", 
   "id": "f000030", 
   "language": "en", 
   "lines": [
    "surprised"
   ]
  }, 
  {
   "begin": "13.240", 
   "end": "13.600", 
   "id": "f000031", 
   "language": "en", 
   "lines": [
    "look,"
   ]
  }, 
  {
   "begin": "13.600", 
   "end": "14.840", 
   "id": "f000032", 
   "language": "en", 
   "lines": [
    "\u201cSaarthi,"
   ]
  }, 
  {
   "begin": "14.840", 
   "end": "15.280", 
   "id": "f000033", 
   "language": "en", 
   "lines": [
    "what"
   ]
  }, 
  {
   "begin": "15.280", 
   "end": "15.640", 
   "id": "f000034", 
   "language": "en", 
   "lines": [
    "are"
   ]
  }, 
  {
   "begin": "15.640", 
   "end": "16.360", 
   "id": "f000035", 
   "language": "en", 
   "lines": [
    "you"
   ]
  }, 
  {
   "begin": "16.360", 
   "end": "17.160", 
   "id": "f000036", 
   "language": "en", 
   "lines": [
    "doing"
   ]
  }, 
  {
   "begin": "17.160", 
   "end": "17.400", 
   "id": "f000037", 
   "language": "en", 
   "lines": [
    "here?"
   ]
  }, 
  {
   "begin": "17.400", 
   "end": "17.800", 
   "id": "f000038", 
   "language": "en", 
   "lines": [
    "And"
   ]
  }, 
  {
   "begin": "17.800", 
   "end": "18.200", 
   "id": "f000039", 
   "language": "en", 
   "lines": [
    "why"
   ]
  }, 
  {
   "begin": "18.200", 
   "end": "18.480", 
   "id": "f000040", 
   "language": "en", 
   "lines": [
    "is"
   ]
  }, 
  {
   "begin": "18.480", 
   "end": "18.800", 
   "id": "f000041", 
   "language": "en", 
   "lines": [
    "Vayu"
   ]
  }, 
  {
   "begin": "18.800", 
   "end": "18.960", 
   "id": "f000042", 
   "language": "en", 
   "lines": [
    "with"
   ]
  }, 
  {
   "begin": "18.960", 
   "end": "19.120", 
   "id": "f000043", 
   "language": "en", 
   "lines": [
    "you?\u201d"
   ]
  }
 ]
}