{
 "fragments": [
  {
   "begin": "0.000", 
   "end": "0.000", 
   "id": "f000001", 
   "language": "en", 
   "lines": [
    "Munia"
   ]
  }, 
  {
   "begin": "0.000", 
   "end": "0.800", 
   "id": "f000002", 
   "language": "en", 
   "lines": [
    "had"
   ]
  }, 
  {
   "begin": "0.800", 
   "end": "1.160", 
   "id": "f000003", 
   "language": "en", 
   "lines": [
    "only"
   ]
  }, 
  {
   "begin": "1.160", 
   "end": "1.400", 
   "id": "f000004", 
   "language": "en", 
   "lines": [
    "one"
   ]
  }, 
  {
   "begin": "1.400", 
   "end": "1.800", 
   "id": "f000005", 
   "language": "en", 
   "lines": [
    "night"
   ]
  }, 
  {
   "begin": "1.800", 
   "end": "2.120", 
   "id": "f000006", 
   "language": "en", 
   "lines": [
    "to"
   ]
  }, 
  {
   "begin": "2.120", 
   "end": "2.400", 
   "id": "f000007", 
   "language": "en", 
   "lines": [
    "prove"
   ]
  }, 
  {
   "begin": "2.400", 
   "end": "2.640", 
   "id": "f000008", 
   "language": "en", 
   "lines": [
    "the"
   ]
  }, 
  {
   "begin": "2.640", 
   "end": "3.040", 
   "id": "f000009", 
   "language": "en", 
   "lines": [
    "elephant"
   ]
  }, 
  {
   "begin": "3.040", 
   "end": "3.480", 
   "id": "f000010", 
   "language": "en", 
   "lines": [
    "bird\u2019s"
   ]
  }, 
  {
   "begin": "3.480", 
   "end": "4.200", 
   "id": "f000011", 
   "language": "en", 
   "lines": [
    "innocence."
   ]
  }, 
  {
   "begin": "4.200", 
   "end": "5.680", 
   "id": "f000012", 
   "language": "en", 
   "lines": [
    "\u201cThink,"
   ]
  }, 
  {
   "begin": "5.680", 
   "end": "6.320", 
   "id": "f000013", 
   "language": "en", 
   "lines": [
    "Munia,"
   ]
  }, 
  {
   "begin": "6.320", 
   "end": "7.520", 
   "id": "f000014", 
   "language": "en", 
   "lines": [
    "think!\u201d"
   ]
  }, 
  {
   "begin": "7.520", 
   "end": "7.760", 
   "id": "f000015", 
   "language": "en", 
   "lines": [
    "she"
   ]
  }, 
  {
   "begin": "7.760", 
   "end": "8.280", 
   "id": "f000016", 
   "language": "en", 
   "lines": [
    "whispered"
   ]
  }, 
  {
   "begin": "8.280", 
   "end": "8.400", 
   "id": "f000017", 
   "language": "en", 
   "lines": [
    "to"
   ]
  }, 
  {
   "begin": "8.400", 
   "end": "9.120", 
   "id": "f000018", 
   "language": "en", 
   "lines": [
    "herself."
   ]
  }, 
  {
   "begin": "9.120", 
   "end": "10.000", 
   "id": "f000019", 
   "language": "en", 
   "lines": [
    "\u201cThe"
   ]
  }, 
  {
   "begin": "10.000", 
   "end": "10.840", 
   "id": "f000020", 
   "language": "en", 
   "lines": [
    "milkman"
   ]
  }, 
  {
   "begin": "10.840", 
   "end": "11.160", 
   "id": "f000021", 
   "language": "en", 
   "lines": [
    "saw"
   ]
  }, 
  {
   "begin": "11.160", 
   "end": "11.680", 
   "id": "f000022", 
   "language": "en", 
   "lines": [
    "Vayu"
   ]
  }, 
  {
   "begin": "11.680", 
   "end": "12.200", 
   "id": "f000023", 
   "language": "en", 
   "lines": [
    "gallop"
   ]
  }, 
  {
   "begin": "12.200", 
   "end": "12.440", 
   "id": "f000024", 
   "language": "en", 
   "lines": [
    "away"
   ]
  }, 
  {
   "begin": "12.440", 
   "end": "12.600", 
   "id": "f000025", 
   "language": "en", 
   "lines": [
    "on"
   ]
  }, 
  {
   "begin": "12.600", 
   "end": "12.760", 
   "id": "f000026", 
   "language": "en", 
   "lines": [
    "the"
   ]
  }, 
  {
   "begin": "12.760", 
   "end": "13.360", 
   "id": "f000027", 
   "language": "en", 
   "lines": [
    "road"
   ]
  }, 
  {
   "begin": "13.360", 
   "end": "13.600", 
   "id": "f000028", 
   "language": "en", 
   "lines": [
    "that"
   ]
  }, 
  {
   "begin": "13.600", 
   "end": "14.000", 
   "id": "f000029", 
   "language": "en", 
   "lines": [
    "goes"
   ]
  }, 
  {
   "begin": "14.000", 
   "end": "14.120", 
   "id": "f000030", 
   "language": "en", 
   "lines": [
    "to"
   ]
  }, 
  {
   "begin": "14.120", 
   "end": "14.160", 
   "id": "f000031", 
   "language": "en", 
   "lines": [
    "the"
   ]
  }, 
  {
   "begin": "14.160", 
   "end": "14.760", 
   "id": "f000032", 
   "language": "en", 
   "lines": [
    "lake."
   ]
  }, 
  {
   "begin": "14.760", 
   "end": "15.200", 
   "id": "f000033", 
   "language": "en", 
   "lines": [
    "But"
   ]
  }, 
  {
   "begin": "15.200", 
   "end": "15.440", 
   "id": "f000034", 
   "language": "en", 
   "lines": [
    "the"
   ]
  }, 
  {
   "begin": "15.440", 
   "end": "15.880", 
   "id": "f000035", 
   "language": "en", 
   "lines": [
    "road"
   ]
  }, 
  {
   "begin": "15.880", 
   "end": "16.240", 
   "id": "f000036", 
   "language": "en", 
   "lines": [
    "takes"
   ]
  }, 
  {
   "begin": "16.240", 
   "end": "16.360", 
   "id": "f000037", 
   "language": "en", 
   "lines": [
    "a"
   ]
  }, 
  {
   "begin": "16.360", 
   "end": "17.040", 
   "id": "f000038", 
   "language": "en", 
   "lines": [
    "turn"
   ]
  }, 
  {
   "begin": "17.040", 
   "end": "17.480", 
   "id": "f000039", 
   "language": "en", 
   "lines": [
    "before"
   ]
  }, 
  {
   "begin": "17.480", 
   "end": "17.880", 
   "id": "f000040", 
   "language": "en", 
   "lines": [
    "it"
   ]
  }, 
  {
   "begin": "17.880", 
   "end": "18.480", 
   "id": "f000041", 
   "language": "en", 
   "lines": [
    "reaches"
   ]
  }, 
  {
   "begin": "18.480", 
   "end": "18.600", 
   "id": "f000042", 
   "language": "en", 
   "lines": [
    "the"
   ]
  }, 
  {
   "begin": "18.600", 
   "end": "19.240", 
   "id": "f000043", 
   "language": "en", 
   "lines": [
    "lake"
   ]
  }, 
  {
   "begin": "19.240", 
   "end": "19.440", 
   "id": "f000044", 
   "language": "en", 
   "lines": [
    "and"
   ]
  }, 
  {
   "begin": "19.440", 
   "end": "19.840", 
   "id": "f000045", 
   "language": "en", 
   "lines": [
    "goes"
   ]
  }, 
  {
   "begin": "19.840", 
   "end": "20.360", 
   "id": "f000046", 
   "language": "en", 
   "lines": [
    "towards"
   ]
  }, 
  {
   "begin": "20.360", 
   "end": "21.920", 
   "id": "f000047", 
   "language": "en", 
   "lines": [
    "Chandesara."
   ]
  }, 
  {
   "begin": "21.920", 
   "end": "22.280", 
   "id": "f000048", 
   "language": "en", 
   "lines": [
    "What"
   ]
  }, 
  {
   "begin": "22.280", 
   "end": "22.520", 
   "id": "f000049", 
   "language": "en", 
   "lines": [
    "if"
   ]
  }, 
  {
   "begin": "22.520", 
   "end": "23.080", 
   "id": "f000050", 
   "language": "en", 
   "lines": [
    "Vayu"
   ]
  }, 
  {
   "begin": "23.080", 
   "end": "23.160", 
   "id": "f000051", 
   "language": "en", 
   "lines": [
    "had"
   ]
  }, 
  {
   "begin": "23.160", 
   "end": "23.520", 
   "id": "f000052", 
   "language": "en", 
   "lines": [
    "gone"
   ]
  }, 
  {
   "begin": "23.520", 
   "end": "23.760", 
   "id": "f000053", 
   "language": "en", 
   "lines": [
    "that"
   ]
  }, 
  {
   "begin": "23.760", 
   "end": "23.880", 
   "id": "f000054", 
   "language": "en", 
   "lines": [
    "way?\u201d"
   ]
  }, 
  {
   "begin": "23.880", 
   "end": "25.000", 
   "id": "f000055", 
   "language": "en", 
   "lines": [
    "&nbsp;"
   ]
  }, 
  {
   "begin": "25.000", 
   "end": "25.440", 
   "id": "f000056", 
   "language": "en", 
   "lines": [
    "Munia\u2019s"
   ]
  }, 
  {
   "begin": "25.440", 
   "end": "25.960", 
   "id": "f000057", 
   "language": "en", 
   "lines": [
    "parents"
   ]
  }, 
  {
   "begin": "25.960", 
   "end": "26.240", 
   "id": "f000058", 
   "language": "en", 
   "lines": [
    "were"
   ]
  }, 
  {
   "begin": "26.240", 
   "end": "26.400", 
   "id": "f000059", 
   "language": "en", 
   "lines": [
    "angry"
   ]
  }, 
  {
   "begin": "26.400", 
   "end": "26.840", 
   "id": "f000060", 
   "language": "en", 
   "lines": [
    "with"
   ]
  }, 
  {
   "begin": "26.840", 
   "end": "27.400", 
   "id": "f000061", 
   "language": "en", 
   "lines": [
    "her"
   ]
  }, 
  {
   "begin": "27.400", 
   "end": "27.800", 
   "id": "f000062", 
   "language": "en", 
   "lines": [
    "and"
   ]
  }, 
  {
   "begin": "27.800", 
   "end": "28.040", 
   "id": "f000063", 
   "language": "en", 
   "lines": [
    "sent"
   ]
  }, 
  {
   "begin": "28.040", 
   "end": "28.360", 
   "id": "f000064", 
   "language": "en", 
   "lines": [
    "her"
   ]
  }, 
  {
   "begin": "28.360", 
   "end": "28.400", 
   "id": "f000065", 
   "language": "en", 
   "lines": [
    "to"
   ]
  }, 
  {
   "begin": "28.400", 
   "end": "28.520", 
   "id": "f000066", 
   "language": "en", 
   "lines": [
    "bed"
   ]
  }, 
  {
   "begin": "28.520", 
   "end": "28.960", 
   "id": "f000067", 
   "language": "en", 
   "lines": [
    "without"
   ]
  }, 
  {
   "begin": "28.960", 
   "end": "29.680", 
   "id": "f000068", 
   "language": "en", 
   "lines": [
    "speaking"
   ]
  }, 
  {
   "begin": "29.680", 
   "end": "29.840", 
   "id": "f000069", 
   "language": "en", 
   "lines": [
    "a"
   ]
  }, 
  {
   "begin": "29.840", 
   "end": "30.480", 
   "id": "f000070", 
   "language": "en", 
   "lines": [
    "word."
   ]
  }, 
  {
   "begin": "30.480", 
   "end": "30.840", 
   "id": "f000071", 
   "language": "en", 
   "lines": [
    "Once"
   ]
  }, 
  {
   "begin": "30.840", 
   "end": "30.880", 
   "id": "f000072", 
   "language": "en", 
   "lines": [
    "they"
   ]
  }, 
  {
   "begin": "30.880", 
   "end": "31.120", 
   "id": "f000073", 
   "language": "en", 
   "lines": [
    "were"
   ]
  }, 
  {
   "begin": "31.120", 
   "end": "32.040", 
   "id": "f000074", 
   "language": "en", 
   "lines": [
    "asleep,"
   ]
  }, 
  {
   "begin": "32.040", 
   "end": "32.280", 
   "id": "f000075", 
   "language": "en", 
   "lines": [
    "she"
   ]
  }, 
  {
   "begin": "32.280", 
   "end": "32.520", 
   "id": "f000076", 
   "language": "en", 
   "lines": [
    "got"
   ]
  }, 
  {
   "begin": "32.520", 
   "end": "32.680", 
   "id": "f000077", 
   "language": "en", 
   "lines": [
    "out"
   ]
  }, 
  {
   "begin": "32.680", 
   "end": "32.680", 
   "id": "f000078", 
   "language": "en", 
   "lines": [
    "of"
   ]
  }, 
  {
   "begin": "32.680", 
   "end": "32.960", 
   "id": "f000079", 
   "language": "en", 
   "lines": [
    "bed,"
   ]
  }, 
  {
   "begin": "32.960", 
   "end": "33.600", 
   "id": "f000080", 
   "language": "en", 
   "lines": [
    "took"
   ]
  }, 
  {
   "begin": "33.600", 
   "end": "33.960", 
   "id": "f000081", 
   "language": "en", 
   "lines": [
    "the"
   ]
  }, 
  {
   "begin": "33.960", 
   "end": "34.400", 
   "id": "f000082", 
   "language": "en", 
   "lines": [
    "hanging"
   ]
  }, 
  {
   "begin": "34.400", 
   "end": "35.120", 
   "id": "f000083", 
   "language": "en", 
   "lines": [
    "lamp"
   ]
  }, 
  {
   "begin": "35.120", 
   "end": "35.440", 
   "id": "f000084", 
   "language": "en", 
   "lines": [
    "and"
   ]
  }, 
  {
   "begin": "35.440", 
   "end": "35.720", 
   "id": "f000085", 
   "language": "en", 
   "lines": [
    "stepped"
   ]
  }, 
  {
   "begin": "35.720", 
   "end": "36.080", 
   "id": "f000086", 
   "language": "en", 
   "lines": [
    "out"
   ]
  }, 
  {
   "begin": "36.080", 
   "end": "36.240", 
   "id": "f000087", 
   "language": "en", 
   "lines": [
    "of"
   ]
  }, 
  {
   "begin": "36.240", 
   "end": "36.320", 
   "id": "f000088", 
   "language": "en", 
   "lines": [
    "the"
   ]
  }, 
  {
   "begin": "36.320", 
   "end": "37.040", 
   "id": "f000089", 
   "language": "en", 
   "lines": [
    "house."
   ]
  }
 ]
}