{
 "fragments": [
  {
   "begin": "0.000", 
   "end": "0.000", 
   "id": "f000001", 
   "language": "en", 
   "lines": [
    "The"
   ]
  }, 
  {
   "begin": "0.000", 
   "end": "0.960", 
   "id": "f000002", 
   "language": "en", 
   "lines": [
    "villagers"
   ]
  }, 
  {
   "begin": "0.960", 
   "end": "1.120", 
   "id": "f000003", 
   "language": "en", 
   "lines": [
    "did"
   ]
  }, 
  {
   "begin": "1.120", 
   "end": "1.560", 
   "id": "f000004", 
   "language": "en", 
   "lines": [
    "not"
   ]
  }, 
  {
   "begin": "1.560", 
   "end": "1.920", 
   "id": "f000005", 
   "language": "en", 
   "lines": [
    "answer"
   ]
  }, 
  {
   "begin": "1.920", 
   "end": "2.320", 
   "id": "f000006", 
   "language": "en", 
   "lines": [
    "Saarthi."
   ]
  }, 
  {
   "begin": "2.320", 
   "end": "3.280", 
   "id": "f000007", 
   "language": "en", 
   "lines": [
    "They"
   ]
  }, 
  {
   "begin": "3.280", 
   "end": "3.640", 
   "id": "f000008", 
   "language": "en", 
   "lines": [
    "hung"
   ]
  }, 
  {
   "begin": "3.640", 
   "end": "3.840", 
   "id": "f000009", 
   "language": "en", 
   "lines": [
    "their"
   ]
  }, 
  {
   "begin": "3.840", 
   "end": "4.120", 
   "id": "f000010", 
   "language": "en", 
   "lines": [
    "heads"
   ]
  }, 
  {
   "begin": "4.120", 
   "end": "4.360", 
   "id": "f000011", 
   "language": "en", 
   "lines": [
    "in"
   ]
  }, 
  {
   "begin": "4.360", 
   "end": "5.400", 
   "id": "f000012", 
   "language": "en", 
   "lines": [
    "shame."
   ]
  }, 
  {
   "begin": "5.400", 
   "end": "5.880", 
   "id": "f000013", 
   "language": "en", 
   "lines": [
    "Munia\u2019s"
   ]
  }, 
  {
   "begin": "5.880", 
   "end": "6.240", 
   "id": "f000014", 
   "language": "en", 
   "lines": [
    "father"
   ]
  }, 
  {
   "begin": "6.240", 
   "end": "6.520", 
   "id": "f000015", 
   "language": "en", 
   "lines": [
    "went"
   ]
  }, 
  {
   "begin": "6.520", 
   "end": "6.680", 
   "id": "f000016", 
   "language": "en", 
   "lines": [
    "to"
   ]
  }, 
  {
   "begin": "6.680", 
   "end": "7.560", 
   "id": "f000017", 
   "language": "en", 
   "lines": [
    "her,"
   ]
  }, 
  {
   "begin": "7.560", 
   "end": "7.960", 
   "id": "f000018", 
   "language": "en", 
   "lines": [
    "lifted"
   ]
  }, 
  {
   "begin": "7.960", 
   "end": "8.240", 
   "id": "f000019", 
   "language": "en", 
   "lines": [
    "her"
   ]
  }, 
  {
   "begin": "8.240", 
   "end": "8.400", 
   "id": "f000020", 
   "language": "en", 
   "lines": [
    "in"
   ]
  }, 
  {
   "begin": "8.400", 
   "end": "8.720", 
   "id": "f000021", 
   "language": "en", 
   "lines": [
    "his"
   ]
  }, 
  {
   "begin": "8.720", 
   "end": "9.520", 
   "id": "f000022", 
   "language": "en", 
   "lines": [
    "arms"
   ]
  }, 
  {
   "begin": "9.520", 
   "end": "9.680", 
   "id": "f000023", 
   "language": "en", 
   "lines": [
    "and"
   ]
  }, 
  {
   "begin": "9.680", 
   "end": "9.880", 
   "id": "f000024", 
   "language": "en", 
   "lines": [
    "took"
   ]
  }, 
  {
   "begin": "9.880", 
   "end": "10.080", 
   "id": "f000025", 
   "language": "en", 
   "lines": [
    "her"
   ]
  }, 
  {
   "begin": "10.080", 
   "end": "10.360", 
   "id": "f000026", 
   "language": "en", 
   "lines": [
    "back"
   ]
  }, 
  {
   "begin": "10.360", 
   "end": "10.520", 
   "id": "f000027", 
   "language": "en", 
   "lines": [
    "to"
   ]
  }, 
  {
   "begin": "10.520", 
   "end": "10.680", 
   "id": "f000028", 
   "language": "en", 
   "lines": [
    "the"
   ]
  }, 
  {
   "begin": "10.680", 
   "end": "11.920", 
   "id": "f000029", 
   "language": "en", 
   "lines": [
    "village."
   ]
  }, 
  {
   "begin": "11.920", 
   "end": "12.240", 
   "id": "f000030", 
   "language": "en", 
   "lines": [
    "Since"
   ]
  }, 
  {
   "begin": "12.240", 
   "end": "12.240", 
   "id": "f000031", 
   "language": "en", 
   "lines": [
    "that"
   ]
  }, 
  {
   "begin": "12.240", 
   "end": "12.640", 
   "id": "f000032", 
   "language": "en", 
   "lines": [
    "day,"
   ]
  }, 
  {
   "begin": "12.640", 
   "end": "12.920", 
   "id": "f000033", 
   "language": "en", 
   "lines": [
    "no"
   ]
  }, 
  {
   "begin": "12.920", 
   "end": "13.920", 
   "id": "f000034", 
   "language": "en", 
   "lines": [
    "child"
   ]
  }, 
  {
   "begin": "13.920", 
   "end": "14.400", 
   "id": "f000035", 
   "language": "en", 
   "lines": [
    "laughed"
   ]
  }, 
  {
   "begin": "14.400", 
   "end": "14.600", 
   "id": "f000036", 
   "language": "en", 
   "lines": [
    "at"
   ]
  }, 
  {
   "begin": "14.600", 
   "end": "15.320", 
   "id": "f000037", 
   "language": "en", 
   "lines": [
    "Munia\u2019s"
   ]
  }, 
  {
   "begin": "15.320", 
   "end": "16.000", 
   "id": "f000038", 
   "language": "en", 
   "lines": [
    "limp."
   ]
  }, 
  {
   "begin": "16.000", 
   "end": "16.320", 
   "id": "f000039", 
   "language": "en", 
   "lines": [
    "They"
   ]
  }, 
  {
   "begin": "16.320", 
   "end": "16.640", 
   "id": "f000040", 
   "language": "en", 
   "lines": [
    "all"
   ]
  }, 
  {
   "begin": "16.640", 
   "end": "17.080", 
   "id": "f000041", 
   "language": "en", 
   "lines": [
    "wanted"
   ]
  }, 
  {
   "begin": "17.080", 
   "end": "17.240", 
   "id": "f000042", 
   "language": "en", 
   "lines": [
    "to"
   ]
  }, 
  {
   "begin": "17.240", 
   "end": "17.400", 
   "id": "f000043", 
   "language": "en", 
   "lines": [
    "be"
   ]
  }, 
  {
   "begin": "17.400", 
   "end": "17.800", 
   "id": "f000044", 
   "language": "en", 
   "lines": [
    "friends"
   ]
  }, 
  {
   "begin": "17.800", 
   "end": "17.920", 
   "id": "f000045", 
   "language": "en", 
   "lines": [
    "with"
   ]
  }, 
  {
   "begin": "17.920", 
   "end": "18.680", 
   "id": "f000046", 
   "language": "en", 
   "lines": [
    "her."
   ]
  }, 
  {
   "begin": "18.680", 
   "end": "18.840", 
   "id": "f000047", 
   "language": "en", 
   "lines": [
    "And"
   ]
  }, 
  {
   "begin": "18.840", 
   "end": "19.120", 
   "id": "f000048", 
   "language": "en", 
   "lines": [
    "they"
   ]
  }, 
  {
   "begin": "19.120", 
   "end": "19.520", 
   "id": "f000049", 
   "language": "en", 
   "lines": [
    "all"
   ]
  }, 
  {
   "begin": "19.520", 
   "end": "19.960", 
   "id": "f000050", 
   "language": "en", 
   "lines": [
    "wanted"
   ]
  }, 
  {
   "begin": "19.960", 
   "end": "20.120", 
   "id": "f000051", 
   "language": "en", 
   "lines": [
    "to"
   ]
  }, 
  {
   "begin": "20.120", 
   "end": "20.320", 
   "id": "f000052", 
   "language": "en", 
   "lines": [
    "be"
   ]
  }, 
  {
   "begin": "20.320", 
   "end": "20.720", 
   "id": "f000053", 
   "language": "en", 
   "lines": [
    "friends"
   ]
  }, 
  {
   "begin": "20.720", 
   "end": "20.840", 
   "id": "f000054", 
   "language": "en", 
   "lines": [
    "with"
   ]
  }, 
  {
   "begin": "20.840", 
   "end": "21.080", 
   "id": "f000055", 
   "language": "en", 
   "lines": [
    "the"
   ]
  }, 
  {
   "begin": "21.080", 
   "end": "21.640", 
   "id": "f000056", 
   "language": "en", 
   "lines": [
    "elephant"
   ]
  }, 
  {
   "begin": "21.640", 
   "end": "21.640", 
   "id": "f000057", 
   "language": "en", 
   "lines": [
    "bird."
   ]
  }, 
  {
   "begin": "21.640", 
   "end": "22.680", 
   "id": "f000058", 
   "language": "en", 
   "lines": [
    "&nbsp;"
   ]
  }, 
  {
   "begin": "22.680", 
   "end": "23.160", 
   "id": "f000059", 
   "language": "en", 
   "lines": [
    "Munia\u2019s"
   ]
  }, 
  {
   "begin": "23.160", 
   "end": "23.480", 
   "id": "f000060", 
   "language": "en", 
   "lines": [
    "tale"
   ]
  }, 
  {
   "begin": "23.480", 
   "end": "23.960", 
   "id": "f000061", 
   "language": "en", 
   "lines": [
    "reached"
   ]
  }, 
  {
   "begin": "23.960", 
   "end": "24.240", 
   "id": "f000062", 
   "language": "en", 
   "lines": [
    "many"
   ]
  }, 
  {
   "begin": "24.240", 
   "end": "24.880", 
   "id": "f000063", 
   "language": "en", 
   "lines": [
    "villages"
   ]
  }, 
  {
   "begin": "24.880", 
   "end": "24.920", 
   "id": "f000064", 
   "language": "en", 
   "lines": [
    "and"
   ]
  }, 
  {
   "begin": "24.920", 
   "end": "25.640", 
   "id": "f000065", 
   "language": "en", 
   "lines": [
    "the"
   ]
  }, 
  {
   "begin": "25.640", 
   "end": "26.320", 
   "id": "f000066", 
   "language": "en", 
   "lines": [
    "villagers"
   ]
  }, 
  {
   "begin": "26.320", 
   "end": "26.440", 
   "id": "f000067", 
   "language": "en", 
   "lines": [
    "in"
   ]
  }, 
  {
   "begin": "26.440", 
   "end": "27.200", 
   "id": "f000068", 
   "language": "en", 
   "lines": [
    "faraway"
   ]
  }, 
  {
   "begin": "27.200", 
   "end": "28.120", 
   "id": "f000069", 
   "language": "en", 
   "lines": [
    "hamlets"
   ]
  }, 
  {
   "begin": "28.120", 
   "end": "28.640", 
   "id": "f000070", 
   "language": "en", 
   "lines": [
    "whispered"
   ]
  }, 
  {
   "begin": "28.640", 
   "end": "28.840", 
   "id": "f000071", 
   "language": "en", 
   "lines": [
    "to"
   ]
  }, 
  {
   "begin": "28.840", 
   "end": "29.240", 
   "id": "f000072", 
   "language": "en", 
   "lines": [
    "each"
   ]
  }, 
  {
   "begin": "29.240", 
   "end": "29.520", 
   "id": "f000073", 
   "language": "en", 
   "lines": [
    "other,"
   ]
  }, 
  {
   "begin": "29.520", 
   "end": "30.920", 
   "id": "f000074", 
   "language": "en", 
   "lines": [
    "\u201cMunia"
   ]
  }, 
  {
   "begin": "30.920", 
   "end": "31.520", 
   "id": "f000075", 
   "language": "en", 
   "lines": [
    "knew"
   ]
  }, 
  {
   "begin": "31.520", 
   "end": "31.760", 
   "id": "f000076", 
   "language": "en", 
   "lines": [
    "that"
   ]
  }, 
  {
   "begin": "31.760", 
   "end": "31.960", 
   "id": "f000077", 
   "language": "en", 
   "lines": [
    "the"
   ]
  }, 
  {
   "begin": "31.960", 
   "end": "32.560", 
   "id": "f000078", 
   "language": "en", 
   "lines": [
    "giant"
   ]
  }, 
  {
   "begin": "32.560", 
   "end": "33.400", 
   "id": "f000079", 
   "language": "en", 
   "lines": [
    "one-feathered"
   ]
  }, 
  {
   "begin": "33.400", 
   "end": "34.000", 
   "id": "f000080", 
   "language": "en", 
   "lines": [
    "elephant"
   ]
  }, 
  {
   "begin": "34.000", 
   "end": "34.680", 
   "id": "f000081", 
   "language": "en", 
   "lines": [
    "bird"
   ]
  }, 
  {
   "begin": "34.680", 
   "end": "35.080", 
   "id": "f000082", 
   "language": "en", 
   "lines": [
    "had"
   ]
  }, 
  {
   "begin": "35.080", 
   "end": "35.360", 
   "id": "f000083", 
   "language": "en", 
   "lines": [
    "not"
   ]
  }, 
  {
   "begin": "35.360", 
   "end": "35.920", 
   "id": "f000084", 
   "language": "en", 
   "lines": [
    "swallowed"
   ]
  }, 
  {
   "begin": "35.920", 
   "end": "36.240", 
   "id": "f000085", 
   "language": "en", 
   "lines": [
    "the"
   ]
  }, 
  {
   "begin": "36.240", 
   "end": "37.040", 
   "id": "f000086", 
   "language": "en", 
   "lines": [
    "horse!\u201d"
   ]
  }
 ]
}