{"id":159,"name":"I am Tashi","writtenby":"Rogpa Ngo","illustrationsby":"Rogpa Ngo","translationby":"","source":"Pratham Books","status":"active","level":1,"pages":[{"id":1854,"content":"Hello I am Tashi. I am a Tibetan boy. I am 9 years old.","pageno":1,"image":"e695ae754f854671db1787e825fc5c64.jpg","audio":"b5cf6e0a0eb3e1d668c9ad759bef1cfe.mp3","audio_map":"3edb3ea458d50046f8e8554a71a1b143.json","language":[]},{"id":1855,"content":"I live on a mountain with my family. I want to introduce Tibetan daily life.","pageno":2,"image":"f4c3609a3f6e0e7fa3cb5af8af3222cb.jpg","audio":"678dbe753406476fc4d8d2a6b872a0c5.mp3","audio_map":"42dad8ac2ffc728c715e0a0978acb029.json","language":[]},{"id":1856,"content":"My family consists of my grandfather, my parents and my brother and me.","pageno":3,"image":"b9ea806553652545951f7cd45fa3cd66.jpg","audio":"642fc158451e5d4d2e712d33336c9c54.mp3","audio_map":"aa6b028d52f9ab80a372b586fc9290e6.json","language":[]},{"id":1857,"content":"I wake up in the morning and go to the river to wash my face. My dog always chases me.","pageno":4,"image":"1b137ea21e023c383aadab715d958c15.jpg","audio":"f49636338eb7927be44a40a4a5b78d93.mp3","audio_map":"f6b5670af94902eab00eb8fa0dcf164c.json","language":[]},{"id":1858,"content":"In summer time, there are lots of flowers near the river.","pageno":5,"image":"fd195ed7ebedd6efaab0722580990d0e.jpg","audio":"3da154076e9f9fc3549fbf8f51432683.mp3","audio_map":"fc9bb3c51df2e2f977bf2c3944c938aa.json","language":[]},{"id":1859,"content":"My brother and I like apples. We eat apples in the morning.\u00a0","pageno":6,"image":"a32b692fda203ceb5d289d034f6dcb62.jpg","audio":"11036bf2988c890000d432caf35a5fcc.mp3","audio_map":"e9a806fb2fec7b5d4a44e0a80bf0b4a0.json","language":[]},{"id":1860,"content":"My mom makes milk tea everyday.","pageno":7,"image":"90a6c8241459830e073cef9567b81972.jpg","audio":"b9f1192c157ccb93025c60ba342b9b20.mp3","audio_map":"a2315ae40471c88d2252f8789bb5bf88.json","language":[]},{"id":1861,"content":"My mom waters and feeds the\u00a0sheep\u00a0and the yaks.","pageno":8,"image":"5ebb3cd2fa998590b79c8fe2d57384fc.jpg","audio":"c3394cdbe807e213ec43ea666b9bc565.mp3","audio_map":"cead42ac2866839b4365277dbd14c5e5.json","language":[]},{"id":1862,"content":"Today my father bridles the horse and rides.","pageno":9,"image":"3fa6f05c7e354a6f373b6ffddfee24f8.jpg","audio":"be1229092e67ab19fddfa6c6849bbd8c.mp3","audio_map":"51dd93e8c71cbd617f64a43580fcbc21.json","language":[]},{"id":1863,"content":"We went to the restaurant in town and we ate food including mushrooms. We drank tea in a tea shop.","pageno":10,"image":"54a23ba69057c9593e3b081a06ddc069.jpg","audio":"a1eafcf2edcd08af2db196caaa9e5ebf.mp3","audio_map":"47ff3460c140cd512c7030cf58f70ebb.json","language":[]},{"id":1864,"content":"I like vegetable momo. My brother likes mutton.","pageno":11,"image":"85dfbfac0cdf9a63005bfc9c31b804d8.jpg","audio":"ba58a041692411ff3eea54c33442cb9e.mp3","audio_map":"03e9a61f08a4a5094529d7524ea4a38c.json","language":[]},{"id":1865,"content":"When we came back, we met some\u00a0Buddhist\u00a0pilgrims. They made offering of lotus and orange in the temple.","pageno":12,"image":"4b5fca762c462b4558dbf4da14ce68d7.jpg","audio":"48e9ff0be6cd61db3983c9d8a2fc7045.mp3","audio_map":"c2819171cf541527d33437a4c406869f.json","language":[]},{"id":1866,"content":"I saw a fox chasing a cat near my family's tent.","pageno":13,"image":"c4e24098e7f6f61a7127d0da134e303c.jpg","audio":"724c702d4d96794a42de6f03f80e589b.mp3","audio_map":"091c97cd56da411436e75009b6053e7d.json","language":[]},{"id":1867,"content":"In the evening, we read from a book with my grandfather. He wears glasses; he shows us a map of the world.","pageno":14,"image":"cac8c941e15617cc14f3053d56e40cb4.jpg","audio":"072fe7017908df12d36a99ca80bdab54.mp3","audio_map":"2d1759856dbddb395dea77c8524f2e72.json","language":[]},{"id":1868,"content":"We live near the Tibetan Himalayas with our friends. You are welcome anytime.","pageno":15,"image":"503640c91144ec4b7745bc26c3c342f5.jpg","audio":"7d66104b7bf1e51df95bbc749ad0fefa.mp3","audio_map":"6b5c860bb30629a00989d94014c4a6dc.json","language":[]},{"id":1869,"content":"","pageno":16,"image":"48c3d5ecadf0c0e0b0c8f1af9067f7cd.jpg","audio":"","audio_map":"","audio_map_obj":"","language":[]}],"language":[],"questions":[{"id":5721,"type":"pre","storypage_id":0,"order_number":1,"title":"Learning new words","question":{"question_type":"vocabulary","question":{"text":"Learning new words","image":"","type":"text"},"words":[{"word":"mountain","image":"1855e6b735822d9371c75f78ce34e1e2.png"},{"word":"family","image":"62abae2665ab6fc44e9704cec67cdfbf.png"},{"word":"yak","image":"423cdded8eb2016663568ee87269841c.png"},{"word":"pilgrims","image":"9b3219597c39b544aac403e510cf3c69.png"}]},"score":1,"question_template_id":21,"question_template":"Vocab"},{"id":5874,"type":"pre","storypage_id":0,"order_number":2,"title":"What do you think this story is about?","question":{"question_type":"mcq_single_answer","question":{"text":"What do you think this story is about?","image":"","type":"text"},"options":[{"text":"Mountains","type":"text","image":"","ans":1},{"text":"A family","type":"text","image":"","ans":1},{"text":"A boy","type":"text","image":"","ans":1},{"text":"Animals","type":"text","image":"","ans":1}],"answers":["Mountains","A family","A boy","Animals"]},"score":1,"question_template_id":2,"question_template":"Text MCQ"},{"id":5876,"type":"during","storypage_id":1854,"order_number":1,"title":"Choose the correct answer.","question":{"question_type":"mcq_single_answer","question":{"text":"How old is Tashi?","image":"","type":"text"},"options":[{"text":"9","type":"both","image":"cc38023f79c86b5f05232d63568c6621.png","ans":1},{"text":"8","type":"both","image":"ec0e1964c016e5c3c57171734ec7776b.png","ans":0},{"text":"14","type":"both","image":"4990e8e3389e011ab78a738c8ee1ed79.png","ans":0},{"text":"12","type":"both","image":"a28d79a88d0fbac5a72745ec4c955f05.png","ans":0}],"answers":["9"]},"score":1,"question_template_id":2,"question_template":"Text MCQ"},{"id":5875,"type":"during","storypage_id":1855,"order_number":2,"title":"Choose the correct answer.","question":{"question_type":"mcq_single_answer","question":{"text":"Where does Tashi live?","image":"","type":"text"},"options":[{"text":"On a mountain","type":"both","image":"57f0235921b2c3e0db43a32af1f2e9ed.png","ans":1},{"text":"On a plain","type":"both","image":"68ee1ec78ce64050f85140ab4336396e.png","ans":0},{"text":"In a cave","type":"both","image":"3fbfd5c973437c35972f3898134bb353.png","ans":0},{"text":"Underwater","type":"both","image":"0707b4a6362afcd5759241e1d37e824a.png","ans":0}],"answers":["On a mountain"]},"score":1,"question_template_id":2,"question_template":"Text MCQ"},{"id":5877,"type":"during","storypage_id":1856,"order_number":3,"title":"Choose the correct answer.","question":{"question_type":"mcq_single_answer","question":{"text":"How many people are in Tashi's family in total?","image":"","type":"text"},"options":[{"text":"5","type":"both","image":"7c9fe1b143d7ece2615ef350e107db48.png","ans":1},{"text":"4","type":"both","image":"5faf1b1cf59e27be91d3a58aaf1ac1b5.png","ans":0},{"text":"8","type":"both","image":"d211dc7366372863bc4f9e3bf2553871.png","ans":0},{"text":"9","type":"both","image":"82795ef6027da19de33b8d441fadef09.png","ans":0}],"answers":["5"]},"score":1,"question_template_id":2,"question_template":"Text MCQ"},{"id":5878,"type":"during","storypage_id":1857,"order_number":4,"title":"Choose the correct answer.","question":{"question_type":"mcq_single_answer","question":{"text":"Where does Tashi go to wash his face?","image":"","type":"text"},"options":[{"text":"The river","type":"both","image":"37768f057ef0ac8d42727490df695617.png","ans":1},{"text":"The sea","type":"both","image":"e3f17e34d85644a15f35124ebf84aca5.png","ans":0},{"text":"The top of the mountain","type":"both","image":"4443b8b0b4b3b987411108fd8477cf3a.png","ans":0},{"text":"The bathroom","type":"both","image":"7ba947dac0ad88b8eba6daaaf956ed5a.png","ans":0}],"answers":["The river"]},"score":1,"question_template_id":2,"question_template":"Text MCQ"},{"id":5879,"type":"during","storypage_id":1858,"order_number":5,"title":"Choose the correct answer.","question":{"question_type":"mcq_single_answer","question":{"text":"In which season are there lots of flowers by the river?","image":"","type":"text"},"options":[{"text":"Summer","type":"both","image":"4307f42cb1f83d21a52f68c51287194f.png","ans":1},{"text":"Winter","type":"both","image":"00841af13d401aaccebfbf9ae334cba8.png","ans":0},{"text":"Autumn","type":"both","image":"5f9a67e5a702d2ef67df05dbc12a8813.png","ans":0},{"text":"Spring","type":"both","image":"400719495f4ffba797a5a3f7a0ed4d59.png","ans":0}],"answers":["Summer"]},"score":1,"question_template_id":2,"question_template":"Text MCQ"},{"id":5880,"type":"during","storypage_id":1859,"order_number":6,"title":"Choose the correct answer.","question":{"question_type":"mcq_single_answer","question":{"text":"What fruit do Tashi and his brother like?","image":"","type":"text"},"options":[{"text":"Apples","type":"both","image":"66a8e324c8059f76c33caffa133472c8.png","ans":1},{"text":"Mangoes","type":"both","image":"ab2b44b9620d8d9fee67a070bbbfdc88.png","ans":0},{"text":"Bananas","type":"both","image":"e6305ac7879ae98bb37953ee98659d71.png","ans":0},{"text":"Cherries","type":"both","image":"a32ee5a4a3b665a9b6a3fc8bfc88e62e.png","ans":0}],"answers":["Apples"]},"score":1,"question_template_id":2,"question_template":"Text MCQ"},{"id":5881,"type":"during","storypage_id":1860,"order_number":7,"title":"Choose the correct answer.","question":{"question_type":"mcq_single_answer","question":{"text":"What does Tashi's mom make everyday?","image":"","type":"text"},"options":[{"text":"Milk tea","type":"both","image":"899f52d356fd08cd6ab160d8b6e5aa29.png","ans":1},{"text":"Black tea","type":"both","image":"a288d62015f54b6f51455c977d762d1c.png","ans":0},{"text":"Milk coffee","type":"both","image":"9b3effc0701326c3f45da4ab4c8c7424.png","ans":0},{"text":"Black coffee","type":"both","image":"c0a935b5bc56e0c09f78281a51f7c624.png","ans":0}],"answers":["Milk tea"]},"score":1,"question_template_id":2,"question_template":"Text MCQ"},{"id":5882,"type":"during","storypage_id":1861,"order_number":8,"title":"Choose the two correct answers from the list of options.","question":{"question_type":"mcq_multiple_answer","question":{"text":"Which animals does Tashi's mom water?","image":"","type":"text"},"options":[{"text":"Sheep","type":"both","image":"de418c96b6f465f36970b4a2d49a886b.png","ans":1},{"text":"Yaks","type":"both","image":"e05b74a11389f75a6cd70ea3fd2d9d92.png","ans":1},{"text":"Goats","type":"both","image":"2e07f9ab84d646daa26d2e8ae8116e0b.png","ans":0},{"text":"Cows","type":"both","image":"b9e8535d37c6b8ad883dcc6b1f751254.png","ans":0}],"answers":["Sheep","Yaks"]},"score":1,"question_template_id":12,"question_template":"MCQ Multiple Answer with images"},{"id":5883,"type":"during","storypage_id":1865,"order_number":9,"title":"Choose the two correct answers from the list of options.","question":{"question_type":"mcq_multiple_answer","question":{"text":"What offerings did the Buddhist pilgrims make in the temple?","image":"","type":"text"},"options":[{"text":"Lotus","type":"both","image":"ebe0d0f3704add807eaa41b47f2d586c.png","ans":1},{"text":"Orange","type":"both","image":"dd27fff69fc76695a1cbec71160e643a.png","ans":1},{"text":"Banana","type":"both","image":"f2b573d91c07dc2796dcb6575ad3f38a.png","ans":0},{"text":"Coconut","type":"both","image":"e6a3d2bc0d44e94a5e9dc5a8fecc8edb.png","ans":0}],"answers":["Lotus","Orange"]},"score":1,"question_template_id":2,"question_template":"Text MCQ"},{"id":6200,"type":"during","storypage_id":1869,"order_number":10,"title":"Choose the correct option.","question":{"question_type":"mcq_single_answer","question":{"text":"What word would you use to describe Tashi and his people?","image":"","type":"text"},"options":[{"text":"Friendly","type":"text","image":"","ans":1},{"text":"Boring","type":"text","image":"","ans":0}],"answers":["Friendly"]},"score":1,"question_template_id":2,"question_template":"Text MCQ"}]}