{
 "fragments": [
  {
   "begin": "0.000", 
   "end": "0.320", 
   "id": "f000001", 
   "language": "en", 
   "lines": [
    "We"
   ]
  }, 
  {
   "begin": "0.320", 
   "end": "0.600", 
   "id": "f000002", 
   "language": "en", 
   "lines": [
    "went"
   ]
  }, 
  {
   "begin": "0.600", 
   "end": "0.640", 
   "id": "f000003", 
   "language": "en", 
   "lines": [
    "to"
   ]
  }, 
  {
   "begin": "0.640", 
   "end": "1.000", 
   "id": "f000004", 
   "language": "en", 
   "lines": [
    "the"
   ]
  }, 
  {
   "begin": "1.000", 
   "end": "1.760", 
   "id": "f000005", 
   "language": "en", 
   "lines": [
    "restaurant"
   ]
  }, 
  {
   "begin": "1.760", 
   "end": "1.800", 
   "id": "f000006", 
   "language": "en", 
   "lines": [
    "in"
   ]
  }, 
  {
   "begin": "1.800", 
   "end": "2.400", 
   "id": "f000007", 
   "language": "en", 
   "lines": [
    "town"
   ]
  }, 
  {
   "begin": "2.400", 
   "end": "2.920", 
   "id": "f000008", 
   "language": "en", 
   "lines": [
    "and"
   ]
  }, 
  {
   "begin": "2.920", 
   "end": "3.280", 
   "id": "f000009", 
   "language": "en", 
   "lines": [
    "we"
   ]
  }, 
  {
   "begin": "3.280", 
   "end": "3.600", 
   "id": "f000010", 
   "language": "en", 
   "lines": [
    "ate"
   ]
  }, 
  {
   "begin": "3.600", 
   "end": "4.040", 
   "id": "f000011", 
   "language": "en", 
   "lines": [
    "food"
   ]
  }, 
  {
   "begin": "4.040", 
   "end": "4.640", 
   "id": "f000012", 
   "language": "en", 
   "lines": [
    "including"
   ]
  }, 
  {
   "begin": "4.640", 
   "end": "6.040", 
   "id": "f000013", 
   "language": "en", 
   "lines": [
    "mushrooms."
   ]
  }, 
  {
   "begin": "6.040", 
   "end": "6.280", 
   "id": "f000014", 
   "language": "en", 
   "lines": [
    "We"
   ]
  }, 
  {
   "begin": "6.280", 
   "end": "6.640", 
   "id": "f000015", 
   "language": "en", 
   "lines": [
    "drank"
   ]
  }, 
  {
   "begin": "6.640", 
   "end": "7.040", 
   "id": "f000016", 
   "language": "en", 
   "lines": [
    "tea"
   ]
  }, 
  {
   "begin": "7.040", 
   "end": "7.240", 
   "id": "f000017", 
   "language": "en", 
   "lines": [
    "in"
   ]
  }, 
  {
   "begin": "7.240", 
   "end": "7.440", 
   "id": "f000018", 
   "language": "en", 
   "lines": [
    "a"
   ]
  }, 
  {
   "begin": "7.440", 
   "end": "7.480", 
   "id": "f000019", 
   "language": "en", 
   "lines": [
    "tea"
   ]
  }, 
  {
   "begin": "7.480", 
   "end": "8.320", 
   "id": "f000020", 
   "language": "en", 
   "lines": [
    "shop."
   ]
  }
 ]
}