{
 "fragments": [
  {
   "begin": "0.000", 
   "end": "1.160", 
   "id": "f000001", 
   "language": "en", 
   "lines": [
    "Today"
   ]
  }, 
  {
   "begin": "1.160", 
   "end": "1.560", 
   "id": "f000002", 
   "language": "en", 
   "lines": [
    "my"
   ]
  }, 
  {
   "begin": "1.560", 
   "end": "2.200", 
   "id": "f000003", 
   "language": "en", 
   "lines": [
    "father"
   ]
  }, 
  {
   "begin": "2.200", 
   "end": "3.000", 
   "id": "f000004", 
   "language": "en", 
   "lines": [
    "bridles"
   ]
  }, 
  {
   "begin": "3.000", 
   "end": "3.000", 
   "id": "f000005", 
   "language": "en", 
   "lines": [
    "the"
   ]
  }, 
  {
   "begin": "3.000", 
   "end": "3.000", 
   "id": "f000006", 
   "language": "en", 
   "lines": [
    "horse"
   ]
  }, 
  {
   "begin": "3.000", 
   "end": "3.000", 
   "id": "f000007", 
   "language": "en", 
   "lines": [
    "and"
   ]
  }, 
  {
   "begin": "3.000", 
   "end": "3.040", 
   "id": "f000008", 
   "language": "en", 
   "lines": [
    "rides."
   ]
  }
 ]
}