{
 "fragments": [
  {
   "begin": "0.000", 
   "end": "0.600", 
   "id": "f000001", 
   "language": "en", 
   "lines": [
    "We"
   ]
  }, 
  {
   "begin": "0.600", 
   "end": "0.880", 
   "id": "f000002", 
   "language": "en", 
   "lines": [
    "live"
   ]
  }, 
  {
   "begin": "0.880", 
   "end": "1.600", 
   "id": "f000003", 
   "language": "en", 
   "lines": [
    "near"
   ]
  }, 
  {
   "begin": "1.600", 
   "end": "1.800", 
   "id": "f000004", 
   "language": "en", 
   "lines": [
    "the"
   ]
  }, 
  {
   "begin": "1.800", 
   "end": "2.560", 
   "id": "f000005", 
   "language": "en", 
   "lines": [
    "Tibetan"
   ]
  }, 
  {
   "begin": "2.560", 
   "end": "2.960", 
   "id": "f000006", 
   "language": "en", 
   "lines": [
    "Himalayas"
   ]
  }, 
  {
   "begin": "2.960", 
   "end": "3.440", 
   "id": "f000007", 
   "language": "en", 
   "lines": [
    "with"
   ]
  }, 
  {
   "begin": "3.440", 
   "end": "4.480", 
   "id": "f000008", 
   "language": "en", 
   "lines": [
    "our"
   ]
  }, 
  {
   "begin": "4.480", 
   "end": "5.160", 
   "id": "f000009", 
   "language": "en", 
   "lines": [
    "friends."
   ]
  }, 
  {
   "begin": "5.160", 
   "end": "5.360", 
   "id": "f000010", 
   "language": "en", 
   "lines": [
    "You"
   ]
  }, 
  {
   "begin": "5.360", 
   "end": "5.400", 
   "id": "f000011", 
   "language": "en", 
   "lines": [
    "are"
   ]
  }, 
  {
   "begin": "5.400", 
   "end": "5.800", 
   "id": "f000012", 
   "language": "en", 
   "lines": [
    "welcome"
   ]
  }, 
  {
   "begin": "5.800", 
   "end": "6.240", 
   "id": "f000013", 
   "language": "en", 
   "lines": [
    "anytime."
   ]
  }
 ]
}