{
 "fragments": [
  {
   "begin": "0.000", 
   "end": "0.600", 
   "id": "f000001", 
   "language": "en", 
   "lines": [
    "My"
   ]
  }, 
  {
   "begin": "0.600", 
   "end": "1.160", 
   "id": "f000002", 
   "language": "en", 
   "lines": [
    "family"
   ]
  }, 
  {
   "begin": "1.160", 
   "end": "1.840", 
   "id": "f000003", 
   "language": "en", 
   "lines": [
    "consists"
   ]
  }, 
  {
   "begin": "1.840", 
   "end": "2.000", 
   "id": "f000004", 
   "language": "en", 
   "lines": [
    "of"
   ]
  }, 
  {
   "begin": "2.000", 
   "end": "2.280", 
   "id": "f000005", 
   "language": "en", 
   "lines": [
    "my"
   ]
  }, 
  {
   "begin": "2.280", 
   "end": "3.440", 
   "id": "f000006", 
   "language": "en", 
   "lines": [
    "grandfather,"
   ]
  }, 
  {
   "begin": "3.440", 
   "end": "3.680", 
   "id": "f000007", 
   "language": "en", 
   "lines": [
    "my"
   ]
  }, 
  {
   "begin": "3.680", 
   "end": "4.400", 
   "id": "f000008", 
   "language": "en", 
   "lines": [
    "parents"
   ]
  }, 
  {
   "begin": "4.400", 
   "end": "4.800", 
   "id": "f000009", 
   "language": "en", 
   "lines": [
    "and"
   ]
  }, 
  {
   "begin": "4.800", 
   "end": "5.520", 
   "id": "f000010", 
   "language": "en", 
   "lines": [
    "my"
   ]
  }, 
  {
   "begin": "5.520", 
   "end": "6.160", 
   "id": "f000011", 
   "language": "en", 
   "lines": [
    "brother"
   ]
  }, 
  {
   "begin": "6.160", 
   "end": "6.200", 
   "id": "f000012", 
   "language": "en", 
   "lines": [
    "and"
   ]
  }, 
  {
   "begin": "6.200", 
   "end": "6.520", 
   "id": "f000013", 
   "language": "en", 
   "lines": [
    "me."
   ]
  }
 ]
}