{
 "fragments": [ 
  {
   "begin": "1.120", 
   "end": "1.120", 
   "id": "f000005", 
   "language": "en", 
   "lines": [
    "My"
   ]
  }, 
  {
   "begin": "1.120", 
   "end": "1.120", 
   "id": "f000006", 
   "language": "en", 
   "lines": [
    "mom"
   ]
  }, 
  {
   "begin": "1.120", 
   "end": "1.600", 
   "id": "f000007", 
   "language": "en", 
   "lines": [
    "waters"
   ]
  }, 
  {
   "begin": "1.600", 
   "end": "1.920", 
   "id": "f000008", 
   "language": "en", 
   "lines": [
    "and"
   ]
  }, 
  {
   "begin": "1.920", 
   "end": "2.440", 
   "id": "f000009", 
   "language": "en", 
   "lines": [
    "feeds"
   ]
  }, 
  {
   "begin": "2.440", 
   "end": "3.920", 
   "id": "f000010", 
   "language": "en", 
   "lines": [
    "the&nbsp;sheep&nbsp;and"
   ]
  }, 
  {
   "begin": "3.920", 
   "end": "3.920", 
   "id": "f000011", 
   "language": "en", 
   "lines": [
    "the"
   ]
  }, 
  {
   "begin": "3.920", 
   "end": "4.280", 
   "id": "f000012", 
   "language": "en", 
   "lines": [
    "yaks."
   ]
  }
 ]
}