{
 "fragments": [
  {
   "begin": "0.000", 
   "end": "0.320", 
   "id": "f000001", 
   "language": "en", 
   "lines": [
    "I"
   ]
  }, 
  {
   "begin": "0.320", 
   "end": "0.560", 
   "id": "f000002", 
   "language": "en", 
   "lines": [
    "wake"
   ]
  }, 
  {
   "begin": "0.560", 
   "end": "0.680", 
   "id": "f000003", 
   "language": "en", 
   "lines": [
    "up"
   ]
  }, 
  {
   "begin": "0.680", 
   "end": "0.720", 
   "id": "f000004", 
   "language": "en", 
   "lines": [
    "in"
   ]
  }, 
  {
   "begin": "0.720", 
   "end": "1.280", 
   "id": "f000005", 
   "language": "en", 
   "lines": [
    "the"
   ]
  }, 
  {
   "begin": "1.280", 
   "end": "1.880", 
   "id": "f000006", 
   "language": "en", 
   "lines": [
    "morning"
   ]
  }, 
  {
   "begin": "1.880", 
   "end": "2.080", 
   "id": "f000007", 
   "language": "en", 
   "lines": [
    "and"
   ]
  }, 
  {
   "begin": "2.080", 
   "end": "2.280", 
   "id": "f000008", 
   "language": "en", 
   "lines": [
    "go"
   ]
  }, 
  {
   "begin": "2.280", 
   "end": "2.280", 
   "id": "f000009", 
   "language": "en", 
   "lines": [
    "to"
   ]
  }, 
  {
   "begin": "2.280", 
   "end": "2.280", 
   "id": "f000010", 
   "language": "en", 
   "lines": [
    "the"
   ]
  }, 
  {
   "begin": "2.280", 
   "end": "2.280", 
   "id": "f000011", 
   "language": "en", 
   "lines": [
    "river"
   ]
  }, 
  {
   "begin": "2.280", 
   "end": "2.600", 
   "id": "f000012", 
   "language": "en", 
   "lines": [
    "to"
   ]
  }, 
  {
   "begin": "2.600", 
   "end": "2.840", 
   "id": "f000013", 
   "language": "en", 
   "lines": [
    "wash"
   ]
  }, 
  {
   "begin": "2.840", 
   "end": "3.440", 
   "id": "f000014", 
   "language": "en", 
   "lines": [
    "my"
   ]
  }, 
  {
   "begin": "3.440", 
   "end": "3.640", 
   "id": "f000015", 
   "language": "en", 
   "lines": [
    "face."
   ]
  }, 
  {
   "begin": "3.640", 
   "end": "4.600", 
   "id": "f000016", 
   "language": "en", 
   "lines": [
    "My"
   ]
  }, 
  {
   "begin": "4.600", 
   "end": "4.920", 
   "id": "f000017", 
   "language": "en", 
   "lines": [
    "dog"
   ]
  }, 
  {
   "begin": "4.920", 
   "end": "5.400", 
   "id": "f000018", 
   "language": "en", 
   "lines": [
    "always"
   ]
  }, 
  {
   "begin": "5.400", 
   "end": "6.120", 
   "id": "f000019", 
   "language": "en", 
   "lines": [
    "chases"
   ]
  }, 
  {
   "begin": "6.120", 
   "end": "6.800", 
   "id": "f000020", 
   "language": "en", 
   "lines": [
    "me."
   ]
  }
 ]
}