{
 "fragments": [
  {
   "begin": "0.000", 
   "end": "0.280", 
   "id": "f000001", 
   "language": "en", 
   "lines": [
    "In"
   ]
  }, 
  {
   "begin": "0.280", 
   "end": "0.800", 
   "id": "f000002", 
   "language": "en", 
   "lines": [
    "summer"
   ]
  }, 
  {
   "begin": "0.800", 
   "end": "1.760", 
   "id": "f000003", 
   "language": "en", 
   "lines": [
    "time,"
   ]
  }, 
  {
   "begin": "1.760", 
   "end": "2.160", 
   "id": "f000004", 
   "language": "en", 
   "lines": [
    "there"
   ]
  }, 
  {
   "begin": "2.160", 
   "end": "2.360", 
   "id": "f000005", 
   "language": "en", 
   "lines": [
    "are"
   ]
  }, 
  {
   "begin": "2.360", 
   "end": "2.560", 
   "id": "f000006", 
   "language": "en", 
   "lines": [
    "lots"
   ]
  }, 
  {
   "begin": "2.560", 
   "end": "2.560", 
   "id": "f000007", 
   "language": "en", 
   "lines": [
    "of"
   ]
  }, 
  {
   "begin": "2.560", 
   "end": "3.320", 
   "id": "f000008", 
   "language": "en", 
   "lines": [
    "flowers"
   ]
  }, 
  {
   "begin": "3.320", 
   "end": "3.640", 
   "id": "f000009", 
   "language": "en", 
   "lines": [
    "near"
   ]
  }, 
  {
   "begin": "3.640", 
   "end": "3.640", 
   "id": "f000010", 
   "language": "en", 
   "lines": [
    "the"
   ]
  }, 
  {
   "begin": "3.640", 
   "end": "3.960", 
   "id": "f000011", 
   "language": "en", 
   "lines": [
    "river."
   ]
  }
 ]
}