{"id":101,"name":"Samira Goes Shopping","writtenby":"Bharati Jagannathan","illustrationsby":"Preeti Krishnamurthy","translationby":"","source":"Pratham Books","status":"active","level":2,"pages":[{"id":1078,"content":"Amma had just begun to make some halwa for Samira\u2019s birthday when she found that there was no sooji. \u00a0 \u201cWill you please run down to that shop and buy some sooji, dear?\u201d said Amma pointing to the shop at the corner of the street, and gave her some money.","pageno":1,"image":"a7e592bab71d095e99b0afb799290953.jpg","audio":"3a468280a25b04a5f757845226647d2f.mp3","audio_map":"7a51c7adf7ef8de5999609d3306148a5.json","language":[]},{"id":1079,"content":"\u201cHere are twelve rupees. Ask for half a kilo of sooji. Take Mouchak with you, and don\u2019t talk to any strangers on the way,\u201d she said. \u201cAnd don\u2019t go climbing trees,\u201d she added as Samira set out with Mouchak to buy half a kilo of sooji. \u00a0 It was a pleasant February day. Samira sang, \u201cTra la la la la,\u201d as she skipped along. \u00a0 \u201cWoof! Woof!\u201d said Mouchak friskily.","pageno":2,"image":"dd0f58f5669aa6b34813ef2e18fc5339.jpg","audio":"f2379a942f27d7501b130d241ec453db.mp3","audio_map":"ff8394b4b5102899026fbc3123bf5266.json","language":[]},{"id":1080,"content":"They had just reached the corner when Samira saw a butterfly. \u201cOh! How lovely ! Let us try to catch it,\u201d she said, and both of them ran after the butterfly.","pageno":3,"image":"f2c699d36a7f851fb431634982e9eed4.jpg","audio":"e08b85687e8d3ec44a4c572fa04e1cc7.mp3","audio_map":"94c017653ccc0fedfc54e237845bf70c.json","language":[]},{"id":1081,"content":"It went and sat on a baramasi flower, but away it flew exactly when Samira reached out to it. \u201cOh, oh !\u201d she said sadly, then remembered that it wasn\u2019t right to catch butterflies anyway. They should be free.","pageno":4,"image":"235126c8d62b6c4e9b2d0869461bdb56.jpg","audio":"b57dd84a2188ace60b5f5c3bf4fce5be.mp3","audio_map":"389b6024252d6082544e6d4bdf2fa179.json","language":[]},{"id":1082,"content":"A brown cat with grey stripes ran across and Mouchak began to chase it, saying, \u201cBow wow, bow wow wow !\u201d And behind Mouchak ran Samira, breathless. The brown-and-grey cat leapt over a wall and disappeared. Mouchak and Samira stopped, looked at each other and laughed.","pageno":5,"image":"c77522244c72de6eec5c3aa04d20f106.jpg","audio":"9a590226e9b34328c3bf5d3651afb784.mp3","audio_map":"96bfd4de4ce8aacd91d17c4e6418a664.json","language":[]},{"id":1083,"content":"Then Samira saw a chandni bush. \u2018Aren\u2019t the flowers like stars in the night sky? How happy Amma will be to have them,\u2019 she thought, and plucked a lot of chandni flowers.","pageno":6,"image":"5c111d324ddbabe53c29bae955c41efd.jpg","audio":"3a17b38e4bc720844fdbf262dbd09030.mp3","audio_map":"bc3a45b04bf703b42c7ee488bf8f7f49.json","language":[]},{"id":1084,"content":"Mouchak sniffed at them and turned away. He had found something more exciting ahead! \u00a0 \u201cHey, where are you off to?\u201d asked Samira, but all she got was, \u201cWoof, woof, woof,\u201d as Mouchak bounded off joyfully. He had found a bone and he held it out proudly to Samira. Wasn\u2019t that nice?","pageno":7,"image":"414d7c66020054dfaaf52dd412114162.jpg","audio":"df83caa46f446ba7bd7f54104ab4b938.mp3","audio_map":"7a462a45cb717453492a4aa383393579.json","language":[]},{"id":1085,"content":"They had reached a great simal tree a-twitter with parrots and bulbuls. The ground below was carpeted with hundreds of rich scarlet flowers. Delighted, Samira filled her pinafore with the waxy blossoms. Her arms full of flowers, she looked up and realized that she didn't know where she was.","pageno":8,"image":"d27c72c5b90290487a35c3ef1131119d.jpg","audio":"8f6bd8ef1ca543a970ec6741b8b67a14.mp3","audio_map":"5ad39ae93796d4f596c3f5a7553b764a.json","language":[]},{"id":1086,"content":"She looked right and she looked left, she looked ahead and she turned on her heel, but everything was new. Samira was lost. She sat down on the pavement and began to cry, \u201cI want to go home. I want Amma.\u201d \u00a0 Mouchak ran up and down and said, \u201cWoof! Woof,\u201d which meant, \u201cDon\u2019t worry,\u201d but Samira didn\u2019t understand and kept crying.","pageno":9,"image":"60acd711050b8d313deeb1bd9c8c276c.jpg","audio":"21e3efd3992abaa38625815c047f4746.mp3","audio_map":"25fe441bda52b15140b310bf169d1612.json","language":[]},{"id":1087,"content":"Then Mouchak pulled at her dress saying, \u201cBow bow,\u201d (which meant \u201cCome, come,\u201d) till at last she looked up and dabbed her eyes. Off they both went then, Samira sniffing a little and dropping half her flowers.","pageno":10,"image":"b4e2f7855879a1909aad1bd3dde289da.jpg","audio":"773f103f73fc19435fd269e906679594.mp3","audio_map":"88ad4fba3246f6f3758c2cb47611f54b.json","language":[]},{"id":1088,"content":"She ran behind Mouchak, turning left and turning right, up one street and down another, and soon they were home. Amma was standing at the gate, looking up and down anxiously. \u201cWhere have you been?\u201d she asked, looking at Samira\u2019s tear-stained face.","pageno":11,"image":"79fb27b95471d4d40276882072117676.jpg","audio":"eeff354a9fcf47fd9a050fbd5097b9c2.mp3","audio_map":"b4ef94e8a573525f34a90254025fd7e4.json","language":[]},{"id":1089,"content":"And Samira told Amma how she had got lost and how Mouchak had brought her home. \u201cGood dog,\u201d said Amma, and gave him a nice big biscuit as Mouchak buried his bone in the garden.","pageno":12,"image":"897eb69bb64aadd3396f79bf47717161.jpg","audio":"98625889ebb45e4d53c7062f6ec98380.mp3","audio_map":"df25d470f16d6508289a14b36e53181d.json","language":[]},{"id":1090,"content":"Just then, Samira remembered that she was clutching a bunch of flowers in her hand. \u201cOh, Amma, these are for you,\u201d she held out the chandni flowers. One simal blossom was sticking out of her pockets too. \u00a0 \u201cThese are lovely !\u201d said Amma. \u201cThank you so much. But where is the sooji?\u201d \u00a0 Amma is going to make kheer now as there is no sooji for the halwa. Samira loves kheer too. And isn\u2019t Mouchak lucky? He\u2019ll have a huge bowl of kheer in the evening with his juicy bone.","pageno":13,"image":"748d0243e34508228d078f06876a8aee.jpg","audio":"e381b4af3a82ca053536a7c0a3d9686e.mp3","audio_map":"d707ef9f782a3787d122c731502ca90a.json","language":[]}],"language":[],"questions":[{"id":5710,"type":"pre","storypage_id":0,"order_number":1,"title":"Learning new words","question":{"question_type":"vocabulary","question":{"text":"Learning new words","image":"","type":"text"},"words":[{"word":"butterfly","image":"f240903668215dd9d52615a93f1367fd.png"},{"word":"baramasi","image":"9690e28561e8d930613e6d89ae589d67.png"},{"word":"stripes","image":"336d3bf0ec0824f13cda3e0d902b00e3.png"},{"word":"pinafore","image":"fb5cc5d19c630a85aada9c709c0ee420.png"}]},"score":1,"question_template_id":21,"question_template":"Vocab"},{"id":5824,"type":"pre","storypage_id":0,"order_number":2,"title":"What do you think this story is about?","question":{"question_type":"mcq_single_answer","question":{"text":"What do you think this story is about?","image":"","type":"text"},"options":[{"text":"Shopping","type":"text","image":"","ans":1},{"text":"A girl","type":"text","image":"","ans":1},{"text":"Friends","type":"text","image":"","ans":0},{"text":"Animals","type":"text","image":"","ans":0}],"answers":["Shopping","A girl"]},"score":1,"question_template_id":2,"question_template":"Text MCQ"},{"id":5832,"type":"post","storypage_id":0,"order_number":1,"title":"What is happening in the picture?","question":{"question_type":"story_read_aloud","question":{"text":"","image":"03d8371f9280413fc6ff2946ae8e5202.jpg","type":"image"}},"score":1,"question_template_id":7,"question_template":"Describe an Image"},{"id":5825,"type":"during","storypage_id":1078,"order_number":1,"title":"Choose the correct answer.","question":{"question_type":"mcq_single_answer","question":{"text":"What did Amma send Samira out for?","image":"","type":"text"},"options":[{"text":"Sooji","type":"both","image":"20426e426386f0afa97eac1286e15718.png","ans":1},{"text":"Gems","type":"both","image":"597547880f07d9a699f7537b71368d57.png","ans":0},{"text":"Gold","type":"both","image":"919a246d3f7c26dbde9e9de6ec3ed7c6.png","ans":0},{"text":"Silver","type":"both","image":"26b491a2cae19934daf1cd2200e5ddaa.png","ans":0}],"answers":["Sooji"]},"score":1,"question_template_id":2,"question_template":"Text MCQ"},{"id":5826,"type":"during","storypage_id":1079,"order_number":2,"title":"Choose the correct answer.","question":{"question_type":"mcq_single_answer","question":{"text":"How many rupees did Amma give Samira?","image":"","type":"text"},"options":[{"text":"Twelve","type":"both","image":"04cc1be84d4c3a55ff0e5209125cd139.png","ans":1},{"text":"Seven","type":"both","image":"10ceab5a3997afb681d4eaab9e1dbb55.png","ans":0},{"text":"Four","type":"both","image":"07e41782337e602458747378978f2607.png","ans":0},{"text":"Three","type":"both","image":"9623ebdce9e230d50e01be8152235d7e.png","ans":0}],"answers":["Twelve"]},"score":1,"question_template_id":2,"question_template":"Text MCQ"},{"id":5827,"type":"during","storypage_id":1085,"order_number":3,"title":"Choose all the correct answers.","question":{"question_type":"mcq_multiple_answer","question":{"text":"What creatures did Samira see?","image":"","type":"text"},"options":[{"text":"A butterfly","type":"both","image":"6ea19afdfb47afc03b6bbe40f489ede0.png","ans":1},{"text":"A cat","type":"both","image":"432d034e226f2e2e2c8f65407d72ec35.png","ans":1},{"text":"A bulbul","type":"both","image":"590f0039903c4b247655cf2b9b9ba9b1.png","ans":1},{"text":"A mouse","type":"both","image":"90b1c93156cfdd53ed17949b923bcb72.png","ans":0}],"answers":["A butterfly","A cat","A bulbul"]},"score":1,"question_template_id":12,"question_template":"MCQ Multiple Answer with images"},{"id":5828,"type":"during","storypage_id":1085,"order_number":4,"title":"Choose all the correct answers.","question":{"question_type":"mcq_multiple_answer","question":{"text":"What trees and bushes did Samira see?","image":"","type":"text"},"options":[{"text":"Baramasi","type":"both","image":"4d942b9475c1686f610317fcd5d7ef1d.png","ans":1},{"text":"Chandni","type":"both","image":"b16816df1ae97eb76caaedd609e87376.png","ans":1},{"text":"Simal","type":"both","image":"9de69147bf2cfb08fac346f6965473aa.png","ans":1},{"text":"Coconut","type":"both","image":"27ed4fb22c8676a24b9ca25e557c84cb.png","ans":0}],"answers":["Baramasi","Chandni","Simal"]},"score":1,"question_template_id":12,"question_template":"MCQ Multiple Answer with images"},{"id":5829,"type":"during","storypage_id":1086,"order_number":5,"title":"Choose the correct answer.","question":{"question_type":"mcq_single_answer","question":{"text":"Why did Samira start to cry?","image":"","type":"text"},"options":[{"text":"She was lost.","type":"both","image":"8caadee4ad46503a3e0884f4c926fc15.png","ans":1},{"text":"She wasted too much time.","type":"both","image":"c0a7c4fc2addb80f39407be014f0e9fa.png","ans":0},{"text":"She couldn't find her dog.","type":"both","image":"901e42c829068001a9dc674744508fca.png","ans":0},{"text":"She was sad about the butterfly.","type":"both","image":"455a8dd6a303f7978ed2fa5971448ca0.png","ans":0}],"answers":["She was lost."]},"score":1,"question_template_id":2,"question_template":"Text MCQ"},{"id":5830,"type":"during","storypage_id":1088,"order_number":6,"title":"Choose the correct answer.","question":{"question_type":"mcq_single_answer","question":{"text":"Who guided Samira home?","image":"","type":"text"},"options":[{"text":"Her dog.","type":"both","image":"f25b26a9a09f2cc3f66bc823bf12c3b2.png","ans":1},{"text":"The butterfly.","type":"both","image":"0258a875ac80e286163636881de82b4a.png","ans":0},{"text":"A parrot.","type":"both","image":"8f73af0ccef5b318c18f4433fe93ec7b.png","ans":0},{"text":"The bulbul.","type":"both","image":"9712a63af82d4ece724f4abbbb726d8a.png","ans":0}],"answers":["Her dog."]},"score":1,"question_template_id":2,"question_template":"Text MCQ"},{"id":5831,"type":"during","storypage_id":1090,"order_number":7,"title":"Choose the correct answer.","question":{"question_type":"mcq_single_answer","question":{"text":"Who did Samira give the flowers to?","image":"","type":"text"},"options":[{"text":"Her mother.","type":"both","image":"29e2338b5ddd0827a8c3ea6610d0f913.png","ans":1},{"text":"Her dog.","type":"both","image":"1a21a482ededd3190c9bd5d7f8395b76.png","ans":0},{"text":"The bulbul.","type":"both","image":"12fe25c36ad60df3caba20e524fc02de.png","ans":0},{"text":"The butterfly.","type":"both","image":"1c59ee5f17e1d574b6134fb55e6710ce.png","ans":0}],"answers":["Her mother."]},"score":1,"question_template_id":2,"question_template":"Text MCQ"}]}