{
 "fragments": [
  {
   "begin": "0.000", 
   "end": "0.240", 
   "id": "f000001", 
   "language": "en", 
   "lines": [
    "They"
   ]
  }, 
  {
   "begin": "0.240", 
   "end": "0.520", 
   "id": "f000002", 
   "language": "en", 
   "lines": [
    "had"
   ]
  }, 
  {
   "begin": "0.520", 
   "end": "1.120", 
   "id": "f000003", 
   "language": "en", 
   "lines": [
    "reached"
   ]
  }, 
  {
   "begin": "1.120", 
   "end": "1.280", 
   "id": "f000004", 
   "language": "en", 
   "lines": [
    "a"
   ]
  }, 
  {
   "begin": "1.280", 
   "end": "1.720", 
   "id": "f000005", 
   "language": "en", 
   "lines": [
    "great"
   ]
  }, 
  {
   "begin": "1.720", 
   "end": "2.240", 
   "id": "f000006", 
   "language": "en", 
   "lines": [
    "simal"
   ]
  }, 
  {
   "begin": "2.240", 
   "end": "3.000", 
   "id": "f000007", 
   "language": "en", 
   "lines": [
    "tree"
   ]
  }, 
  {
   "begin": "3.000", 
   "end": "3.560", 
   "id": "f000008", 
   "language": "en", 
   "lines": [
    "a-twitter"
   ]
  }, 
  {
   "begin": "3.560", 
   "end": "3.800", 
   "id": "f000009", 
   "language": "en", 
   "lines": [
    "with"
   ]
  }, 
  {
   "begin": "3.800", 
   "end": "4.440", 
   "id": "f000010", 
   "language": "en", 
   "lines": [
    "parrots"
   ]
  }, 
  {
   "begin": "4.440", 
   "end": "4.760", 
   "id": "f000011", 
   "language": "en", 
   "lines": [
    "and"
   ]
  }, 
  {
   "begin": "4.760", 
   "end": "6.360", 
   "id": "f000012", 
   "language": "en", 
   "lines": [
    "bulbuls."
   ]
  }, 
  {
   "begin": "6.360", 
   "end": "6.560", 
   "id": "f000013", 
   "language": "en", 
   "lines": [
    "The"
   ]
  }, 
  {
   "begin": "6.560", 
   "end": "6.920", 
   "id": "f000014", 
   "language": "en", 
   "lines": [
    "ground"
   ]
  }, 
  {
   "begin": "6.920", 
   "end": "7.360", 
   "id": "f000015", 
   "language": "en", 
   "lines": [
    "below"
   ]
  }, 
  {
   "begin": "7.360", 
   "end": "7.680", 
   "id": "f000016", 
   "language": "en", 
   "lines": [
    "was"
   ]
  }, 
  {
   "begin": "7.680", 
   "end": "8.320", 
   "id": "f000017", 
   "language": "en", 
   "lines": [
    "carpeted"
   ]
  }, 
  {
   "begin": "8.320", 
   "end": "8.520", 
   "id": "f000018", 
   "language": "en", 
   "lines": [
    "with"
   ]
  }, 
  {
   "begin": "8.520", 
   "end": "9.280", 
   "id": "f000019", 
   "language": "en", 
   "lines": [
    "hundreds"
   ]
  }, 
  {
   "begin": "9.280", 
   "end": "9.480", 
   "id": "f000020", 
   "language": "en", 
   "lines": [
    "of"
   ]
  }, 
  {
   "begin": "9.480", 
   "end": "9.960", 
   "id": "f000021", 
   "language": "en", 
   "lines": [
    "rich"
   ]
  }, 
  {
   "begin": "9.960", 
   "end": "10.320", 
   "id": "f000022", 
   "language": "en", 
   "lines": [
    "scarlet"
   ]
  }, 
  {
   "begin": "10.320", 
   "end": "12.240", 
   "id": "f000023", 
   "language": "en", 
   "lines": [
    "flowers."
   ]
  }, 
  {
   "begin": "12.240", 
   "end": "12.720", 
   "id": "f000024", 
   "language": "en", 
   "lines": [
    "Delighted,"
   ]
  }, 
  {
   "begin": "12.720", 
   "end": "12.960", 
   "id": "f000025", 
   "language": "en", 
   "lines": [
    "Samira"
   ]
  }, 
  {
   "begin": "12.960", 
   "end": "14.160", 
   "id": "f000026", 
   "language": "en", 
   "lines": [
    "filled"
   ]
  }, 
  {
   "begin": "14.160", 
   "end": "14.400", 
   "id": "f000027", 
   "language": "en", 
   "lines": [
    "her"
   ]
  }, 
  {
   "begin": "14.400", 
   "end": "15.400", 
   "id": "f000028", 
   "language": "en", 
   "lines": [
    "pinafore"
   ]
  }, 
  {
   "begin": "15.400", 
   "end": "15.560", 
   "id": "f000029", 
   "language": "en", 
   "lines": [
    "with"
   ]
  }, 
  {
   "begin": "15.560", 
   "end": "15.920", 
   "id": "f000030", 
   "language": "en", 
   "lines": [
    "the"
   ]
  }, 
  {
   "begin": "15.920", 
   "end": "16.200", 
   "id": "f000031", 
   "language": "en", 
   "lines": [
    "waxy"
   ]
  }, 
  {
   "begin": "16.200", 
   "end": "18.080", 
   "id": "f000032", 
   "language": "en", 
   "lines": [
    "blossoms."
   ]
  }, 
  {
   "begin": "18.080", 
   "end": "18.360", 
   "id": "f000033", 
   "language": "en", 
   "lines": [
    "Her"
   ]
  }, 
  {
   "begin": "18.360", 
   "end": "18.880", 
   "id": "f000034", 
   "language": "en", 
   "lines": [
    "arms"
   ]
  }, 
  {
   "begin": "18.880", 
   "end": "19.200", 
   "id": "f000035", 
   "language": "en", 
   "lines": [
    "full"
   ]
  }, 
  {
   "begin": "19.200", 
   "end": "19.280", 
   "id": "f000036", 
   "language": "en", 
   "lines": [
    "of"
   ]
  }, 
  {
   "begin": "19.280", 
   "end": "20.080", 
   "id": "f000037", 
   "language": "en", 
   "lines": [
    "flowers,"
   ]
  }, 
  {
   "begin": "20.080", 
   "end": "20.840", 
   "id": "f000038", 
   "language": "en", 
   "lines": [
    "she"
   ]
  }, 
  {
   "begin": "20.840", 
   "end": "20.960", 
   "id": "f000039", 
   "language": "en", 
   "lines": [
    "looked"
   ]
  }, 
  {
   "begin": "20.960", 
   "end": "21.480", 
   "id": "f000040", 
   "language": "en", 
   "lines": [
    "up"
   ]
  }, 
  {
   "begin": "21.480", 
   "end": "21.720", 
   "id": "f000041", 
   "language": "en", 
   "lines": [
    "and"
   ]
  }, 
  {
   "begin": "21.720", 
   "end": "22.440", 
   "id": "f000042", 
   "language": "en", 
   "lines": [
    "realized"
   ]
  }, 
  {
   "begin": "22.440", 
   "end": "22.800", 
   "id": "f000043", 
   "language": "en", 
   "lines": [
    "that"
   ]
  }, 
  {
   "begin": "22.800", 
   "end": "23.240", 
   "id": "f000044", 
   "language": "en", 
   "lines": [
    "she"
   ]
  }, 
  {
   "begin": "23.240", 
   "end": "23.680", 
   "id": "f000045", 
   "language": "en", 
   "lines": [
    "didn't"
   ]
  }, 
  {
   "begin": "23.680", 
   "end": "23.960", 
   "id": "f000046", 
   "language": "en", 
   "lines": [
    "know"
   ]
  }, 
  {
   "begin": "23.960", 
   "end": "24.160", 
   "id": "f000047", 
   "language": "en", 
   "lines": [
    "where"
   ]
  }, 
  {
   "begin": "24.160", 
   "end": "24.400", 
   "id": "f000048", 
   "language": "en", 
   "lines": [
    "she"
   ]
  }, 
  {
   "begin": "24.400", 
   "end": "25.320", 
   "id": "f000049", 
   "language": "en", 
   "lines": [
    "was."
   ]
  }
 ]
}