{
 "fragments": [
  {
   "begin": "0.000", 
   "end": "0.720", 
   "id": "f000001", 
   "language": "en", 
   "lines": [
    "Mouchak"
   ]
  }, 
  {
   "begin": "0.720", 
   "end": "1.080", 
   "id": "f000002", 
   "language": "en", 
   "lines": [
    "sniffed"
   ]
  }, 
  {
   "begin": "1.080", 
   "end": "1.320", 
   "id": "f000003", 
   "language": "en", 
   "lines": [
    "at"
   ]
  }, 
  {
   "begin": "1.320", 
   "end": "1.760", 
   "id": "f000004", 
   "language": "en", 
   "lines": [
    "them"
   ]
  }, 
  {
   "begin": "1.760", 
   "end": "2.080", 
   "id": "f000005", 
   "language": "en", 
   "lines": [
    "and"
   ]
  }, 
  {
   "begin": "2.080", 
   "end": "2.880", 
   "id": "f000006", 
   "language": "en", 
   "lines": [
    "turned"
   ]
  }, 
  {
   "begin": "2.880", 
   "end": "4.440", 
   "id": "f000007", 
   "language": "en", 
   "lines": [
    "away."
   ]
  }, 
  {
   "begin": "4.440", 
   "end": "4.760", 
   "id": "f000008", 
   "language": "en", 
   "lines": [
    "He"
   ]
  }, 
  {
   "begin": "4.760", 
   "end": "4.800", 
   "id": "f000009", 
   "language": "en", 
   "lines": [
    "had"
   ]
  }, 
  {
   "begin": "4.800", 
   "end": "5.160", 
   "id": "f000010", 
   "language": "en", 
   "lines": [
    "found"
   ]
  }, 
  {
   "begin": "5.160", 
   "end": "5.880", 
   "id": "f000011", 
   "language": "en", 
   "lines": [
    "something"
   ]
  }, 
  {
   "begin": "5.880", 
   "end": "6.040", 
   "id": "f000012", 
   "language": "en", 
   "lines": [
    "more"
   ]
  }, 
  {
   "begin": "6.040", 
   "end": "6.680", 
   "id": "f000013", 
   "language": "en", 
   "lines": [
    "exciting"
   ]
  }, 
  {
   "begin": "6.680", 
   "end": "6.840", 
   "id": "f000014", 
   "language": "en", 
   "lines": [
    "ahead!"
   ]
  }, 
  {
   "begin": "6.840", 
   "end": "7.200", 
   "id": "f000015", 
   "language": "en", 
   "lines": [
    "&nbsp;"
   ]
  }, 
  {
   "begin": "7.200", 
   "end": "8.640", 
   "id": "f000016", 
   "language": "en", 
   "lines": [
    "\u201cHey,"
   ]
  }, 
  {
   "begin": "8.640", 
   "end": "9.160", 
   "id": "f000017", 
   "language": "en", 
   "lines": [
    "where"
   ]
  }, 
  {
   "begin": "9.160", 
   "end": "9.600", 
   "id": "f000018", 
   "language": "en", 
   "lines": [
    "are"
   ]
  }, 
  {
   "begin": "9.600", 
   "end": "9.880", 
   "id": "f000019", 
   "language": "en", 
   "lines": [
    "you"
   ]
  }, 
  {
   "begin": "9.880", 
   "end": "9.880", 
   "id": "f000020", 
   "language": "en", 
   "lines": [
    "off"
   ]
  }, 
  {
   "begin": "9.880", 
   "end": "10.720", 
   "id": "f000021", 
   "language": "en", 
   "lines": [
    "to?\u201d"
   ]
  }, 
  {
   "begin": "10.720", 
   "end": "11.080", 
   "id": "f000022", 
   "language": "en", 
   "lines": [
    "asked"
   ]
  }, 
  {
   "begin": "11.080", 
   "end": "11.680", 
   "id": "f000023", 
   "language": "en", 
   "lines": [
    "Samira,"
   ]
  }, 
  {
   "begin": "11.680", 
   "end": "12.680", 
   "id": "f000024", 
   "language": "en", 
   "lines": [
    "but"
   ]
  }, 
  {
   "begin": "12.680", 
   "end": "12.880", 
   "id": "f000025", 
   "language": "en", 
   "lines": [
    "all"
   ]
  }, 
  {
   "begin": "12.880", 
   "end": "13.520", 
   "id": "f000026", 
   "language": "en", 
   "lines": [
    "she"
   ]
  }, 
  {
   "begin": "13.520", 
   "end": "13.800", 
   "id": "f000027", 
   "language": "en", 
   "lines": [
    "got"
   ]
  }, 
  {
   "begin": "13.800", 
   "end": "14.280", 
   "id": "f000028", 
   "language": "en", 
   "lines": [
    "was,"
   ]
  }, 
  {
   "begin": "14.280", 
   "end": "15.400", 
   "id": "f000029", 
   "language": "en", 
   "lines": [
    "\u201cWoof,"
   ]
  }, 
  {
   "begin": "15.400", 
   "end": "16.040", 
   "id": "f000030", 
   "language": "en", 
   "lines": [
    "woof,"
   ]
  }, 
  {
   "begin": "16.040", 
   "end": "16.880", 
   "id": "f000031", 
   "language": "en", 
   "lines": [
    "woof,\u201d"
   ]
  }, 
  {
   "begin": "16.880", 
   "end": "17.200", 
   "id": "f000032", 
   "language": "en", 
   "lines": [
    "as"
   ]
  }, 
  {
   "begin": "17.200", 
   "end": "17.720", 
   "id": "f000033", 
   "language": "en", 
   "lines": [
    "Mouchak"
   ]
  }, 
  {
   "begin": "17.720", 
   "end": "18.160", 
   "id": "f000034", 
   "language": "en", 
   "lines": [
    "bounded"
   ]
  }, 
  {
   "begin": "18.160", 
   "end": "18.560", 
   "id": "f000035", 
   "language": "en", 
   "lines": [
    "off"
   ]
  }, 
  {
   "begin": "18.560", 
   "end": "20.640", 
   "id": "f000036", 
   "language": "en", 
   "lines": [
    "joyfully."
   ]
  }, 
  {
   "begin": "20.640", 
   "end": "20.920", 
   "id": "f000037", 
   "language": "en", 
   "lines": [
    "He"
   ]
  }, 
  {
   "begin": "20.920", 
   "end": "21.040", 
   "id": "f000038", 
   "language": "en", 
   "lines": [
    "had"
   ]
  }, 
  {
   "begin": "21.040", 
   "end": "21.480", 
   "id": "f000039", 
   "language": "en", 
   "lines": [
    "found"
   ]
  }, 
  {
   "begin": "21.480", 
   "end": "21.520", 
   "id": "f000040", 
   "language": "en", 
   "lines": [
    "a"
   ]
  }, 
  {
   "begin": "21.520", 
   "end": "21.760", 
   "id": "f000041", 
   "language": "en", 
   "lines": [
    "bone"
   ]
  }, 
  {
   "begin": "21.760", 
   "end": "22.200", 
   "id": "f000042", 
   "language": "en", 
   "lines": [
    "and"
   ]
  }, 
  {
   "begin": "22.200", 
   "end": "22.600", 
   "id": "f000043", 
   "language": "en", 
   "lines": [
    "he"
   ]
  }, 
  {
   "begin": "22.600", 
   "end": "23.240", 
   "id": "f000044", 
   "language": "en", 
   "lines": [
    "held"
   ]
  }, 
  {
   "begin": "23.240", 
   "end": "23.400", 
   "id": "f000045", 
   "language": "en", 
   "lines": [
    "it"
   ]
  }, 
  {
   "begin": "23.400", 
   "end": "23.680", 
   "id": "f000046", 
   "language": "en", 
   "lines": [
    "out"
   ]
  }, 
  {
   "begin": "23.680", 
   "end": "24.240", 
   "id": "f000047", 
   "language": "en", 
   "lines": [
    "proudly"
   ]
  }, 
  {
   "begin": "24.240", 
   "end": "24.400", 
   "id": "f000048", 
   "language": "en", 
   "lines": [
    "to"
   ]
  }, 
  {
   "begin": "24.400", 
   "end": "26.080", 
   "id": "f000049", 
   "language": "en", 
   "lines": [
    "Samira."
   ]
  }, 
  {
   "begin": "26.080", 
   "end": "26.560", 
   "id": "f000050", 
   "language": "en", 
   "lines": [
    "Wasn\u2019t"
   ]
  }, 
  {
   "begin": "26.560", 
   "end": "26.960", 
   "id": "f000051", 
   "language": "en", 
   "lines": [
    "that"
   ]
  }, 
  {
   "begin": "26.960", 
   "end": "27.840", 
   "id": "f000052", 
   "language": "en", 
   "lines": [
    "nice?"
   ]
  }
 ]
}