{
 "fragments": [
  {
   "begin": "0.000", 
   "end": "0.080", 
   "id": "f000001", 
   "language": "en", 
   "lines": [
    "Amma"
   ]
  }, 
  {
   "begin": "0.080", 
   "end": "0.760", 
   "id": "f000002", 
   "language": "en", 
   "lines": [
    "had"
   ]
  }, 
  {
   "begin": "0.760", 
   "end": "1.120", 
   "id": "f000003", 
   "language": "en", 
   "lines": [
    "just"
   ]
  }, 
  {
   "begin": "1.120", 
   "end": "1.520", 
   "id": "f000004", 
   "language": "en", 
   "lines": [
    "begun"
   ]
  }, 
  {
   "begin": "1.520", 
   "end": "1.640", 
   "id": "f000005", 
   "language": "en", 
   "lines": [
    "to"
   ]
  }, 
  {
   "begin": "1.640", 
   "end": "1.880", 
   "id": "f000006", 
   "language": "en", 
   "lines": [
    "make"
   ]
  }, 
  {
   "begin": "1.880", 
   "end": "2.160", 
   "id": "f000007", 
   "language": "en", 
   "lines": [
    "some"
   ]
  }, 
  {
   "begin": "2.160", 
   "end": "2.600", 
   "id": "f000008", 
   "language": "en", 
   "lines": [
    "halwa"
   ]
  }, 
  {
   "begin": "2.600", 
   "end": "2.840", 
   "id": "f000009", 
   "language": "en", 
   "lines": [
    "for"
   ]
  }, 
  {
   "begin": "2.840", 
   "end": "3.520", 
   "id": "f000010", 
   "language": "en", 
   "lines": [
    "Samira\u2019s"
   ]
  }, 
  {
   "begin": "3.520", 
   "end": "4.560", 
   "id": "f000011", 
   "language": "en", 
   "lines": [
    "birthday"
   ]
  }, 
  {
   "begin": "4.560", 
   "end": "4.720", 
   "id": "f000012", 
   "language": "en", 
   "lines": [
    "when"
   ]
  }, 
  {
   "begin": "4.720", 
   "end": "4.920", 
   "id": "f000013", 
   "language": "en", 
   "lines": [
    "she"
   ]
  }, 
  {
   "begin": "4.920", 
   "end": "5.320", 
   "id": "f000014", 
   "language": "en", 
   "lines": [
    "found"
   ]
  }, 
  {
   "begin": "5.320", 
   "end": "5.600", 
   "id": "f000015", 
   "language": "en", 
   "lines": [
    "that"
   ]
  }, 
  {
   "begin": "5.600", 
   "end": "5.800", 
   "id": "f000016", 
   "language": "en", 
   "lines": [
    "there"
   ]
  }, 
  {
   "begin": "5.800", 
   "end": "6.240", 
   "id": "f000017", 
   "language": "en", 
   "lines": [
    "was"
   ]
  }, 
  {
   "begin": "6.240", 
   "end": "6.440", 
   "id": "f000018", 
   "language": "en", 
   "lines": [
    "no"
   ]
  }, 
  {
   "begin": "6.440", 
   "end": "6.720", 
   "id": "f000019", 
   "language": "en", 
   "lines": [
    "sooji."
   ]
  }, 
  {
   "begin": "6.720", 
   "end": "7.080", 
   "id": "f000020", 
   "language": "en", 
   "lines": [
    "&nbsp;"
   ]
  }, 
  {
   "begin": "7.080", 
   "end": "8.160", 
   "id": "f000021", 
   "language": "en", 
   "lines": [
    "\u201cWill"
   ]
  }, 
  {
   "begin": "8.160", 
   "end": "8.160", 
   "id": "f000022", 
   "language": "en", 
   "lines": [
    "you"
   ]
  }, 
  {
   "begin": "8.160", 
   "end": "8.720", 
   "id": "f000023", 
   "language": "en", 
   "lines": [
    "please"
   ]
  }, 
  {
   "begin": "8.720", 
   "end": "9.000", 
   "id": "f000024", 
   "language": "en", 
   "lines": [
    "run"
   ]
  }, 
  {
   "begin": "9.000", 
   "end": "9.240", 
   "id": "f000025", 
   "language": "en", 
   "lines": [
    "down"
   ]
  }, 
  {
   "begin": "9.240", 
   "end": "9.400", 
   "id": "f000026", 
   "language": "en", 
   "lines": [
    "to"
   ]
  }, 
  {
   "begin": "9.400", 
   "end": "9.640", 
   "id": "f000027", 
   "language": "en", 
   "lines": [
    "that"
   ]
  }, 
  {
   "begin": "9.640", 
   "end": "10.040", 
   "id": "f000028", 
   "language": "en", 
   "lines": [
    "shop"
   ]
  }, 
  {
   "begin": "10.040", 
   "end": "10.320", 
   "id": "f000029", 
   "language": "en", 
   "lines": [
    "and"
   ]
  }, 
  {
   "begin": "10.320", 
   "end": "10.800", 
   "id": "f000030", 
   "language": "en", 
   "lines": [
    "buy"
   ]
  }, 
  {
   "begin": "10.800", 
   "end": "11.120", 
   "id": "f000031", 
   "language": "en", 
   "lines": [
    "some"
   ]
  }, 
  {
   "begin": "11.120", 
   "end": "11.400", 
   "id": "f000032", 
   "language": "en", 
   "lines": [
    "sooji,"
   ]
  }, 
  {
   "begin": "11.400", 
   "end": "12.320", 
   "id": "f000033", 
   "language": "en", 
   "lines": [
    "dear?\u201d"
   ]
  }, 
  {
   "begin": "12.320", 
   "end": "12.760", 
   "id": "f000034", 
   "language": "en", 
   "lines": [
    "said"
   ]
  }, 
  {
   "begin": "12.760", 
   "end": "13.240", 
   "id": "f000035", 
   "language": "en", 
   "lines": [
    "Amma"
   ]
  }, 
  {
   "begin": "13.240", 
   "end": "14.080", 
   "id": "f000036", 
   "language": "en", 
   "lines": [
    "pointing"
   ]
  }, 
  {
   "begin": "14.080", 
   "end": "14.240", 
   "id": "f000037", 
   "language": "en", 
   "lines": [
    "to"
   ]
  }, 
  {
   "begin": "14.240", 
   "end": "14.360", 
   "id": "f000038", 
   "language": "en", 
   "lines": [
    "the"
   ]
  }, 
  {
   "begin": "14.360", 
   "end": "14.800", 
   "id": "f000039", 
   "language": "en", 
   "lines": [
    "shop"
   ]
  }, 
  {
   "begin": "14.800", 
   "end": "14.960", 
   "id": "f000040", 
   "language": "en", 
   "lines": [
    "at"
   ]
  }, 
  {
   "begin": "14.960", 
   "end": "15.120", 
   "id": "f000041", 
   "language": "en", 
   "lines": [
    "the"
   ]
  }, 
  {
   "begin": "15.120", 
   "end": "15.560", 
   "id": "f000042", 
   "language": "en", 
   "lines": [
    "corner"
   ]
  }, 
  {
   "begin": "15.560", 
   "end": "15.680", 
   "id": "f000043", 
   "language": "en", 
   "lines": [
    "of"
   ]
  }, 
  {
   "begin": "15.680", 
   "end": "15.880", 
   "id": "f000044", 
   "language": "en", 
   "lines": [
    "the"
   ]
  }, 
  {
   "begin": "15.880", 
   "end": "16.320", 
   "id": "f000045", 
   "language": "en", 
   "lines": [
    "street,"
   ]
  }, 
  {
   "begin": "16.320", 
   "end": "16.960", 
   "id": "f000046", 
   "language": "en", 
   "lines": [
    "and"
   ]
  }, 
  {
   "begin": "16.960", 
   "end": "17.200", 
   "id": "f000047", 
   "language": "en", 
   "lines": [
    "gave"
   ]
  }, 
  {
   "begin": "17.200", 
   "end": "17.560", 
   "id": "f000048", 
   "language": "en", 
   "lines": [
    "her"
   ]
  }, 
  {
   "begin": "17.560", 
   "end": "17.880", 
   "id": "f000049", 
   "language": "en", 
   "lines": [
    "some"
   ]
  }, 
  {
   "begin": "17.880", 
   "end": "18.640", 
   "id": "f000050", 
   "language": "en", 
   "lines": [
    "money."
   ]
  }
 ]
}