{
 "fragments": [
  {
   "begin": "0.000", 
   "end": "0.120", 
   "id": "f000001", 
   "language": "en", 
   "lines": [
    "They"
   ]
  }, 
  {
   "begin": "0.120", 
   "end": "0.600", 
   "id": "f000002", 
   "language": "en", 
   "lines": [
    "had"
   ]
  }, 
  {
   "begin": "0.600", 
   "end": "1.080", 
   "id": "f000003", 
   "language": "en", 
   "lines": [
    "just"
   ]
  }, 
  {
   "begin": "1.080", 
   "end": "1.480", 
   "id": "f000004", 
   "language": "en", 
   "lines": [
    "reached"
   ]
  }, 
  {
   "begin": "1.480", 
   "end": "1.640", 
   "id": "f000005", 
   "language": "en", 
   "lines": [
    "the"
   ]
  }, 
  {
   "begin": "1.640", 
   "end": "2.520", 
   "id": "f000006", 
   "language": "en", 
   "lines": [
    "corner"
   ]
  }, 
  {
   "begin": "2.520", 
   "end": "2.720", 
   "id": "f000007", 
   "language": "en", 
   "lines": [
    "when"
   ]
  }, 
  {
   "begin": "2.720", 
   "end": "3.200", 
   "id": "f000008", 
   "language": "en", 
   "lines": [
    "Samira"
   ]
  }, 
  {
   "begin": "3.200", 
   "end": "3.640", 
   "id": "f000009", 
   "language": "en", 
   "lines": [
    "saw"
   ]
  }, 
  {
   "begin": "3.640", 
   "end": "3.760", 
   "id": "f000010", 
   "language": "en", 
   "lines": [
    "a"
   ]
  }, 
  {
   "begin": "3.760", 
   "end": "4.440", 
   "id": "f000011", 
   "language": "en", 
   "lines": [
    "butterfly."
   ]
  }, 
  {
   "begin": "4.440", 
   "end": "4.520", 
   "id": "f000012", 
   "language": "en", 
   "lines": [
    "\u201cOh!"
   ]
  }, 
  {
   "begin": "4.520", 
   "end": "5.520", 
   "id": "f000013", 
   "language": "en", 
   "lines": [
    "How"
   ]
  }, 
  {
   "begin": "5.520", 
   "end": "5.520", 
   "id": "f000014", 
   "language": "en", 
   "lines": [
    "lovely"
   ]
  }, 
  {
   "begin": "5.520", 
   "end": "7.680", 
   "id": "f000015", 
   "language": "en", 
   "lines": [
    "!"
   ]
  }, 
  {
   "begin": "7.680", 
   "end": "7.880", 
   "id": "f000016", 
   "language": "en", 
   "lines": [
    "Let"
   ]
  }, 
  {
   "begin": "7.880", 
   "end": "8.360", 
   "id": "f000017", 
   "language": "en", 
   "lines": [
    "us"
   ]
  }, 
  {
   "begin": "8.360", 
   "end": "8.520", 
   "id": "f000018", 
   "language": "en", 
   "lines": [
    "try"
   ]
  }, 
  {
   "begin": "8.520", 
   "end": "8.520", 
   "id": "f000019", 
   "language": "en", 
   "lines": [
    "to"
   ]
  }, 
  {
   "begin": "8.520", 
   "end": "8.840", 
   "id": "f000020", 
   "language": "en", 
   "lines": [
    "catch"
   ]
  }, 
  {
   "begin": "8.840", 
   "end": "8.920", 
   "id": "f000021", 
   "language": "en", 
   "lines": [
    "it,\u201d"
   ]
  }, 
  {
   "begin": "8.920", 
   "end": "9.840", 
   "id": "f000022", 
   "language": "en", 
   "lines": [
    "she"
   ]
  }, 
  {
   "begin": "9.840", 
   "end": "11.160", 
   "id": "f000023", 
   "language": "en", 
   "lines": [
    "said,"
   ]
  }, 
  {
   "begin": "11.160", 
   "end": "11.400", 
   "id": "f000024", 
   "language": "en", 
   "lines": [
    "and"
   ]
  }, 
  {
   "begin": "11.400", 
   "end": "11.840", 
   "id": "f000025", 
   "language": "en", 
   "lines": [
    "both"
   ]
  }, 
  {
   "begin": "11.840", 
   "end": "11.840", 
   "id": "f000026", 
   "language": "en", 
   "lines": [
    "of"
   ]
  }, 
  {
   "begin": "11.840", 
   "end": "12.520", 
   "id": "f000027", 
   "language": "en", 
   "lines": [
    "them"
   ]
  }, 
  {
   "begin": "12.520", 
   "end": "12.880", 
   "id": "f000028", 
   "language": "en", 
   "lines": [
    "ran"
   ]
  }, 
  {
   "begin": "12.880", 
   "end": "13.120", 
   "id": "f000029", 
   "language": "en", 
   "lines": [
    "after"
   ]
  }, 
  {
   "begin": "13.120", 
   "end": "13.400", 
   "id": "f000030", 
   "language": "en", 
   "lines": [
    "the"
   ]
  }, 
  {
   "begin": "13.400", 
   "end": "14.120", 
   "id": "f000031", 
   "language": "en", 
   "lines": [
    "butterfly."
   ]
  }
 ]
}