{
 "fragments": [
  {
   "begin": "0.000", 
   "end": "0.000", 
   "id": "f000001", 
   "language": "en", 
   "lines": [
    "She"
   ]
  }, 
  {
   "begin": "0.000", 
   "end": "0.320", 
   "id": "f000002", 
   "language": "en", 
   "lines": [
    "ran"
   ]
  }, 
  {
   "begin": "0.320", 
   "end": "1.400", 
   "id": "f000003", 
   "language": "en", 
   "lines": [
    "behind"
   ]
  }, 
  {
   "begin": "1.400", 
   "end": "2.000", 
   "id": "f000004", 
   "language": "en", 
   "lines": [
    "Mouchak,"
   ]
  }, 
  {
   "begin": "2.000", 
   "end": "3.040", 
   "id": "f000005", 
   "language": "en", 
   "lines": [
    "turning"
   ]
  }, 
  {
   "begin": "3.040", 
   "end": "3.480", 
   "id": "f000006", 
   "language": "en", 
   "lines": [
    "left"
   ]
  }, 
  {
   "begin": "3.480", 
   "end": "3.720", 
   "id": "f000007", 
   "language": "en", 
   "lines": [
    "and"
   ]
  }, 
  {
   "begin": "3.720", 
   "end": "4.160", 
   "id": "f000008", 
   "language": "en", 
   "lines": [
    "turning"
   ]
  }, 
  {
   "begin": "4.160", 
   "end": "5.160", 
   "id": "f000009", 
   "language": "en", 
   "lines": [
    "right,"
   ]
  }, 
  {
   "begin": "5.160", 
   "end": "5.400", 
   "id": "f000010", 
   "language": "en", 
   "lines": [
    "up"
   ]
  }, 
  {
   "begin": "5.400", 
   "end": "5.720", 
   "id": "f000011", 
   "language": "en", 
   "lines": [
    "one"
   ]
  }, 
  {
   "begin": "5.720", 
   "end": "6.560", 
   "id": "f000012", 
   "language": "en", 
   "lines": [
    "street"
   ]
  }, 
  {
   "begin": "6.560", 
   "end": "6.840", 
   "id": "f000013", 
   "language": "en", 
   "lines": [
    "and"
   ]
  }, 
  {
   "begin": "6.840", 
   "end": "7.200", 
   "id": "f000014", 
   "language": "en", 
   "lines": [
    "down"
   ]
  }, 
  {
   "begin": "7.200", 
   "end": "7.560", 
   "id": "f000015", 
   "language": "en", 
   "lines": [
    "another,"
   ]
  }, 
  {
   "begin": "7.560", 
   "end": "7.800", 
   "id": "f000016", 
   "language": "en", 
   "lines": [
    "and"
   ]
  }, 
  {
   "begin": "7.800", 
   "end": "9.040", 
   "id": "f000017", 
   "language": "en", 
   "lines": [
    "soon"
   ]
  }, 
  {
   "begin": "9.040", 
   "end": "9.040", 
   "id": "f000018", 
   "language": "en", 
   "lines": [
    "they"
   ]
  }, 
  {
   "begin": "9.040", 
   "end": "9.400", 
   "id": "f000019", 
   "language": "en", 
   "lines": [
    "were"
   ]
  }, 
  {
   "begin": "9.400", 
   "end": "11.360", 
   "id": "f000020", 
   "language": "en", 
   "lines": [
    "home."
   ]
  }, 
  {
   "begin": "11.360", 
   "end": "11.760", 
   "id": "f000021", 
   "language": "en", 
   "lines": [
    "Amma"
   ]
  }, 
  {
   "begin": "11.760", 
   "end": "12.120", 
   "id": "f000022", 
   "language": "en", 
   "lines": [
    "was"
   ]
  }, 
  {
   "begin": "12.120", 
   "end": "12.600", 
   "id": "f000023", 
   "language": "en", 
   "lines": [
    "standing"
   ]
  }, 
  {
   "begin": "12.600", 
   "end": "12.800", 
   "id": "f000024", 
   "language": "en", 
   "lines": [
    "at"
   ]
  }, 
  {
   "begin": "12.800", 
   "end": "12.960", 
   "id": "f000025", 
   "language": "en", 
   "lines": [
    "the"
   ]
  }, 
  {
   "begin": "12.960", 
   "end": "13.840", 
   "id": "f000026", 
   "language": "en", 
   "lines": [
    "gate,"
   ]
  }, 
  {
   "begin": "13.840", 
   "end": "14.280", 
   "id": "f000027", 
   "language": "en", 
   "lines": [
    "looking"
   ]
  }, 
  {
   "begin": "14.280", 
   "end": "14.600", 
   "id": "f000028", 
   "language": "en", 
   "lines": [
    "up"
   ]
  }, 
  {
   "begin": "14.600", 
   "end": "14.920", 
   "id": "f000029", 
   "language": "en", 
   "lines": [
    "and"
   ]
  }, 
  {
   "begin": "14.920", 
   "end": "15.320", 
   "id": "f000030", 
   "language": "en", 
   "lines": [
    "down"
   ]
  }, 
  {
   "begin": "15.320", 
   "end": "16.240", 
   "id": "f000031", 
   "language": "en", 
   "lines": [
    "anxiously."
   ]
  }, 
  {
   "begin": "16.240", 
   "end": "16.880", 
   "id": "f000032", 
   "language": "en", 
   "lines": [
    "\u201cWhere"
   ]
  }, 
  {
   "begin": "16.880", 
   "end": "17.600", 
   "id": "f000033", 
   "language": "en", 
   "lines": [
    "have"
   ]
  }, 
  {
   "begin": "17.600", 
   "end": "17.640", 
   "id": "f000034", 
   "language": "en", 
   "lines": [
    "you"
   ]
  }, 
  {
   "begin": "17.640", 
   "end": "18.640", 
   "id": "f000035", 
   "language": "en", 
   "lines": [
    "been?\u201d"
   ]
  }, 
  {
   "begin": "18.640", 
   "end": "19.040", 
   "id": "f000036", 
   "language": "en", 
   "lines": [
    "she"
   ]
  }, 
  {
   "begin": "19.040", 
   "end": "20.000", 
   "id": "f000037", 
   "language": "en", 
   "lines": [
    "asked,"
   ]
  }, 
  {
   "begin": "20.000", 
   "end": "20.960", 
   "id": "f000038", 
   "language": "en", 
   "lines": [
    "looking"
   ]
  }, 
  {
   "begin": "20.960", 
   "end": "21.560", 
   "id": "f000039", 
   "language": "en", 
   "lines": [
    "at"
   ]
  }, 
  {
   "begin": "21.560", 
   "end": "21.960", 
   "id": "f000040", 
   "language": "en", 
   "lines": [
    "Samira\u2019s"
   ]
  }, 
  {
   "begin": "21.960", 
   "end": "22.280", 
   "id": "f000041", 
   "language": "en", 
   "lines": [
    "tear-stained"
   ]
  }, 
  {
   "begin": "22.280", 
   "end": "23.400", 
   "id": "f000042", 
   "language": "en", 
   "lines": [
    "face."
   ]
  }
 ]
}