{
 "fragments": [
  {
   "begin": "0.000", 
   "end": "0.480", 
   "id": "f000001", 
   "language": "en", 
   "lines": [
    "Then"
   ]
  }, 
  {
   "begin": "0.480", 
   "end": "1.160", 
   "id": "f000002", 
   "language": "en", 
   "lines": [
    "Samira"
   ]
  }, 
  {
   "begin": "1.160", 
   "end": "1.520", 
   "id": "f000003", 
   "language": "en", 
   "lines": [
    "saw"
   ]
  }, 
  {
   "begin": "1.520", 
   "end": "1.600", 
   "id": "f000004", 
   "language": "en", 
   "lines": [
    "a"
   ]
  }, 
  {
   "begin": "1.600", 
   "end": "2.200", 
   "id": "f000005", 
   "language": "en", 
   "lines": [
    "chandni"
   ]
  }, 
  {
   "begin": "2.200", 
   "end": "2.640", 
   "id": "f000006", 
   "language": "en", 
   "lines": [
    "bush."
   ]
  }, 
  {
   "begin": "2.640", 
   "end": "2.640", 
   "id": "f000007", 
   "language": "en", 
   "lines": [
    "\u2018Aren\u2019t"
   ]
  }, 
  {
   "begin": "2.640", 
   "end": "3.840", 
   "id": "f000008", 
   "language": "en", 
   "lines": [
    "the"
   ]
  }, 
  {
   "begin": "3.840", 
   "end": "4.720", 
   "id": "f000009", 
   "language": "en", 
   "lines": [
    "flowers"
   ]
  }, 
  {
   "begin": "4.720", 
   "end": "5.000", 
   "id": "f000010", 
   "language": "en", 
   "lines": [
    "like"
   ]
  }, 
  {
   "begin": "5.000", 
   "end": "5.400", 
   "id": "f000011", 
   "language": "en", 
   "lines": [
    "stars"
   ]
  }, 
  {
   "begin": "5.400", 
   "end": "6.000", 
   "id": "f000012", 
   "language": "en", 
   "lines": [
    "in"
   ]
  }, 
  {
   "begin": "6.000", 
   "end": "6.000", 
   "id": "f000013", 
   "language": "en", 
   "lines": [
    "the"
   ]
  }, 
  {
   "begin": "6.000", 
   "end": "6.200", 
   "id": "f000014", 
   "language": "en", 
   "lines": [
    "night"
   ]
  }, 
  {
   "begin": "6.200", 
   "end": "6.600", 
   "id": "f000015", 
   "language": "en", 
   "lines": [
    "sky?"
   ]
  }, 
  {
   "begin": "6.600", 
   "end": "6.600", 
   "id": "f000016", 
   "language": "en", 
   "lines": [
    "How"
   ]
  }, 
  {
   "begin": "6.600", 
   "end": "7.920", 
   "id": "f000017", 
   "language": "en", 
   "lines": [
    "happy"
   ]
  }, 
  {
   "begin": "7.920", 
   "end": "8.440", 
   "id": "f000018", 
   "language": "en", 
   "lines": [
    "Amma"
   ]
  }, 
  {
   "begin": "8.440", 
   "end": "8.680", 
   "id": "f000019", 
   "language": "en", 
   "lines": [
    "will"
   ]
  }, 
  {
   "begin": "8.680", 
   "end": "9.040", 
   "id": "f000020", 
   "language": "en", 
   "lines": [
    "be"
   ]
  }, 
  {
   "begin": "9.040", 
   "end": "9.400", 
   "id": "f000021", 
   "language": "en", 
   "lines": [
    "to"
   ]
  }, 
  {
   "begin": "9.400", 
   "end": "9.400", 
   "id": "f000022", 
   "language": "en", 
   "lines": [
    "have"
   ]
  }, 
  {
   "begin": "9.400", 
   "end": "9.800", 
   "id": "f000023", 
   "language": "en", 
   "lines": [
    "them,\u2019"
   ]
  }, 
  {
   "begin": "9.800", 
   "end": "10.680", 
   "id": "f000024", 
   "language": "en", 
   "lines": [
    "she"
   ]
  }, 
  {
   "begin": "10.680", 
   "end": "11.200", 
   "id": "f000025", 
   "language": "en", 
   "lines": [
    "thought,"
   ]
  }, 
  {
   "begin": "11.200", 
   "end": "11.320", 
   "id": "f000026", 
   "language": "en", 
   "lines": [
    "and"
   ]
  }, 
  {
   "begin": "11.320", 
   "end": "11.880", 
   "id": "f000027", 
   "language": "en", 
   "lines": [
    "plucked"
   ]
  }, 
  {
   "begin": "11.880", 
   "end": "12.240", 
   "id": "f000028", 
   "language": "en", 
   "lines": [
    "a"
   ]
  }, 
  {
   "begin": "12.240", 
   "end": "12.640", 
   "id": "f000029", 
   "language": "en", 
   "lines": [
    "lot"
   ]
  }, 
  {
   "begin": "12.640", 
   "end": "13.280", 
   "id": "f000030", 
   "language": "en", 
   "lines": [
    "of"
   ]
  }, 
  {
   "begin": "13.280", 
   "end": "13.960", 
   "id": "f000031", 
   "language": "en", 
   "lines": [
    "chandni"
   ]
  }, 
  {
   "begin": "13.960", 
   "end": "14.880", 
   "id": "f000032", 
   "language": "en", 
   "lines": [
    "flowers."
   ]
  }
 ]
}