{
 "fragments": [
  {
   "begin": "0.000", 
   "end": "0.680", 
   "id": "f000001", 
   "language": "en", 
   "lines": [
    "Bani"
   ]
  }, 
  {
   "begin": "0.680", 
   "end": "0.920", 
   "id": "f000002", 
   "language": "en", 
   "lines": [
    "broke"
   ]
  }, 
  {
   "begin": "0.920", 
   "end": "1.280", 
   "id": "f000003", 
   "language": "en", 
   "lines": [
    "off"
   ]
  }, 
  {
   "begin": "1.280", 
   "end": "1.760", 
   "id": "f000004", 
   "language": "en", 
   "lines": [
    "one"
   ]
  }, 
  {
   "begin": "1.760", 
   "end": "2.200", 
   "id": "f000005", 
   "language": "en", 
   "lines": [
    "laddoo"
   ]
  }, 
  {
   "begin": "2.200", 
   "end": "2.520", 
   "id": "f000006", 
   "language": "en", 
   "lines": [
    "and"
   ]
  }, 
  {
   "begin": "2.520", 
   "end": "2.760", 
   "id": "f000007", 
   "language": "en", 
   "lines": [
    "ate"
   ]
  }, 
  {
   "begin": "2.760", 
   "end": "4.000", 
   "id": "f000008", 
   "language": "en", 
   "lines": [
    "it."
   ]
  }, 
  {
   "begin": "4.000", 
   "end": "4.200", 
   "id": "f000009", 
   "language": "en", 
   "lines": [
    "It"
   ]
  }, 
  {
   "begin": "4.200", 
   "end": "4.840", 
   "id": "f000010", 
   "language": "en", 
   "lines": [
    "was"
   ]
  }, 
  {
   "begin": "4.840", 
   "end": "6.760", 
   "id": "f000011", 
   "language": "en", 
   "lines": [
    "so...o...delicious."
   ]
  }, 
  {
   "begin": "6.760", 
   "end": "7.920", 
   "id": "f000012", 
   "language": "en", 
   "lines": [
    "Quite"
   ]
  }, 
  {
   "begin": "7.920", 
   "end": "8.920", 
   "id": "f000013", 
   "language": "en", 
   "lines": [
    "laddoo\u2013licious,"
   ]
  }, 
  {
   "begin": "8.920", 
   "end": "9.440", 
   "id": "f000014", 
   "language": "en", 
   "lines": [
    "she"
   ]
  }, 
  {
   "begin": "9.440", 
   "end": "10.520", 
   "id": "f000015", 
   "language": "en", 
   "lines": [
    "thought."
   ]
  }, 
  {
   "begin": "10.520", 
   "end": "10.920", 
   "id": "f000016", 
   "language": "en", 
   "lines": [
    "Bani"
   ]
  }, 
  {
   "begin": "10.920", 
   "end": "11.200", 
   "id": "f000017", 
   "language": "en", 
   "lines": [
    "heard"
   ]
  }, 
  {
   "begin": "11.200", 
   "end": "11.400", 
   "id": "f000018", 
   "language": "en", 
   "lines": [
    "her"
   ]
  }, 
  {
   "begin": "11.400", 
   "end": "11.720", 
   "id": "f000019", 
   "language": "en", 
   "lines": [
    "name"
   ]
  }, 
  {
   "begin": "11.720", 
   "end": "12.000", 
   "id": "f000020", 
   "language": "en", 
   "lines": [
    "being"
   ]
  }, 
  {
   "begin": "12.000", 
   "end": "12.520", 
   "id": "f000021", 
   "language": "en", 
   "lines": [
    "called."
   ]
  }, 
  {
   "begin": "12.520", 
   "end": "13.120", 
   "id": "f000022", 
   "language": "en", 
   "lines": [
    "She"
   ]
  }, 
  {
   "begin": "13.120", 
   "end": "13.680", 
   "id": "f000023", 
   "language": "en", 
   "lines": [
    "saw"
   ]
  }, 
  {
   "begin": "13.680", 
   "end": "14.520", 
   "id": "f000024", 
   "language": "en", 
   "lines": [
    "mushrooms"
   ]
  }, 
  {
   "begin": "14.520", 
   "end": "14.920", 
   "id": "f000025", 
   "language": "en", 
   "lines": [
    "shaped"
   ]
  }, 
  {
   "begin": "14.920", 
   "end": "15.240", 
   "id": "f000026", 
   "language": "en", 
   "lines": [
    "like"
   ]
  }, 
  {
   "begin": "15.240", 
   "end": "15.920", 
   "id": "f000027", 
   "language": "en", 
   "lines": [
    "books."
   ]
  }, 
  {
   "begin": "15.920", 
   "end": "16.760", 
   "id": "f000028", 
   "language": "en", 
   "lines": [
    "The"
   ]
  }, 
  {
   "begin": "16.760", 
   "end": "17.280", 
   "id": "f000029", 
   "language": "en", 
   "lines": [
    "pages"
   ]
  }, 
  {
   "begin": "17.280", 
   "end": "17.480", 
   "id": "f000030", 
   "language": "en", 
   "lines": [
    "were"
   ]
  }, 
  {
   "begin": "17.480", 
   "end": "17.920", 
   "id": "f000031", 
   "language": "en", 
   "lines": [
    "turning"
   ]
  }, 
  {
   "begin": "17.920", 
   "end": "18.120", 
   "id": "f000032", 
   "language": "en", 
   "lines": [
    "by"
   ]
  }, 
  {
   "begin": "18.120", 
   "end": "18.880", 
   "id": "f000033", 
   "language": "en", 
   "lines": [
    "themselves."
   ]
  }, 
  {
   "begin": "18.880", 
   "end": "19.800", 
   "id": "f000034", 
   "language": "en", 
   "lines": [
    "The"
   ]
  }, 
  {
   "begin": "19.800", 
   "end": "20.440", 
   "id": "f000035", 
   "language": "en", 
   "lines": [
    "figures"
   ]
  }, 
  {
   "begin": "20.440", 
   "end": "20.680", 
   "id": "f000036", 
   "language": "en", 
   "lines": [
    "on"
   ]
  }, 
  {
   "begin": "20.680", 
   "end": "20.920", 
   "id": "f000037", 
   "language": "en", 
   "lines": [
    "these"
   ]
  }, 
  {
   "begin": "20.920", 
   "end": "21.640", 
   "id": "f000038", 
   "language": "en", 
   "lines": [
    "pages"
   ]
  }, 
  {
   "begin": "21.640", 
   "end": "21.760", 
   "id": "f000039", 
   "language": "en", 
   "lines": [
    "were"
   ]
  }, 
  {
   "begin": "21.760", 
   "end": "22.240", 
   "id": "f000040", 
   "language": "en", 
   "lines": [
    "jumping"
   ]
  }, 
  {
   "begin": "22.240", 
   "end": "22.280", 
   "id": "f000041", 
   "language": "en", 
   "lines": [
    "up"
   ]
  }, 
  {
   "begin": "22.280", 
   "end": "22.680", 
   "id": "f000042", 
   "language": "en", 
   "lines": [
    "and"
   ]
  }, 
  {
   "begin": "22.680", 
   "end": "23.080", 
   "id": "f000043", 
   "language": "en", 
   "lines": [
    "down,"
   ]
  }, 
  {
   "begin": "23.080", 
   "end": "24.040", 
   "id": "f000044", 
   "language": "en", 
   "lines": [
    "\u201cBani"
   ]
  }, 
  {
   "begin": "24.040", 
   "end": "24.080", 
   "id": "f000045", 
   "language": "en", 
   "lines": [
    "come"
   ]
  }, 
  {
   "begin": "24.080", 
   "end": "24.800", 
   "id": "f000046", 
   "language": "en", 
   "lines": [
    "read"
   ]
  }, 
  {
   "begin": "24.800", 
   "end": "24.920", 
   "id": "f000047", 
   "language": "en", 
   "lines": [
    "with"
   ]
  }, 
  {
   "begin": "24.920", 
   "end": "25.240", 
   "id": "f000048", 
   "language": "en", 
   "lines": [
    "us.\u201d"
   ]
  }
 ]
}