{
 "fragments": [
  {
   "begin": "0.000", 
   "end": "0.000", 
   "id": "f000001", 
   "language": "en", 
   "lines": [
    "Bani"
   ]
  }, 
  {
   "begin": "0.000", 
   "end": "0.800", 
   "id": "f000002", 
   "language": "en", 
   "lines": [
    "flew"
   ]
  }, 
  {
   "begin": "0.800", 
   "end": "1.640", 
   "id": "f000003", 
   "language": "en", 
   "lines": [
    "into"
   ]
  }, 
  {
   "begin": "1.640", 
   "end": "1.960", 
   "id": "f000004", 
   "language": "en", 
   "lines": [
    "one"
   ]
  }, 
  {
   "begin": "1.960", 
   "end": "2.480", 
   "id": "f000005", 
   "language": "en", 
   "lines": [
    "house."
   ]
  }, 
  {
   "begin": "2.480", 
   "end": "3.200", 
   "id": "f000006", 
   "language": "en", 
   "lines": [
    "The"
   ]
  }, 
  {
   "begin": "3.200", 
   "end": "3.760", 
   "id": "f000007", 
   "language": "en", 
   "lines": [
    "house"
   ]
  }, 
  {
   "begin": "3.760", 
   "end": "4.080", 
   "id": "f000008", 
   "language": "en", 
   "lines": [
    "was"
   ]
  }, 
  {
   "begin": "4.080", 
   "end": "4.240", 
   "id": "f000009", 
   "language": "en", 
   "lines": [
    "like"
   ]
  }, 
  {
   "begin": "4.240", 
   "end": "4.600", 
   "id": "f000010", 
   "language": "en", 
   "lines": [
    "any"
   ]
  }, 
  {
   "begin": "4.600", 
   "end": "4.760", 
   "id": "f000011", 
   "language": "en", 
   "lines": [
    "other"
   ]
  }, 
  {
   "begin": "4.760", 
   "end": "5.240", 
   "id": "f000012", 
   "language": "en", 
   "lines": [
    "house,"
   ]
  }, 
  {
   "begin": "5.240", 
   "end": "5.880", 
   "id": "f000013", 
   "language": "en", 
   "lines": [
    "but"
   ]
  }, 
  {
   "begin": "5.880", 
   "end": "6.160", 
   "id": "f000014", 
   "language": "en", 
   "lines": [
    "the"
   ]
  }, 
  {
   "begin": "6.160", 
   "end": "6.640", 
   "id": "f000015", 
   "language": "en", 
   "lines": [
    "floors"
   ]
  }, 
  {
   "begin": "6.640", 
   "end": "6.760", 
   "id": "f000016", 
   "language": "en", 
   "lines": [
    "were"
   ]
  }, 
  {
   "begin": "6.760", 
   "end": "7.320", 
   "id": "f000017", 
   "language": "en", 
   "lines": [
    "mushroom"
   ]
  }, 
  {
   "begin": "7.320", 
   "end": "7.880", 
   "id": "f000018", 
   "language": "en", 
   "lines": [
    "floors"
   ]
  }, 
  {
   "begin": "7.880", 
   "end": "8.560", 
   "id": "f000019", 
   "language": "en", 
   "lines": [
    "\u2013"
   ]
  }, 
  {
   "begin": "8.560", 
   "end": "9.200", 
   "id": "f000020", 
   "language": "en", 
   "lines": [
    "so"
   ]
  }, 
  {
   "begin": "9.200", 
   "end": "9.440", 
   "id": "f000021", 
   "language": "en", 
   "lines": [
    "\u2013"
   ]
  }, 
  {
   "begin": "9.440", 
   "end": "10.120", 
   "id": "f000022", 
   "language": "en", 
   "lines": [
    "so"
   ]
  }, 
  {
   "begin": "10.120", 
   "end": "10.200", 
   "id": "f000023", 
   "language": "en", 
   "lines": [
    "\u2013"
   ]
  }, 
  {
   "begin": "10.200", 
   "end": "11.720", 
   "id": "f000024", 
   "language": "en", 
   "lines": [
    "soft."
   ]
  }, 
  {
   "begin": "11.720", 
   "end": "12.120", 
   "id": "f000025", 
   "language": "en", 
   "lines": [
    "Softer"
   ]
  }, 
  {
   "begin": "12.120", 
   "end": "12.600", 
   "id": "f000026", 
   "language": "en", 
   "lines": [
    "than"
   ]
  }, 
  {
   "begin": "12.600", 
   "end": "12.880", 
   "id": "f000027", 
   "language": "en", 
   "lines": [
    "any"
   ]
  }, 
  {
   "begin": "12.880", 
   "end": "13.880", 
   "id": "f000028", 
   "language": "en", 
   "lines": [
    "carpet."
   ]
  }, 
  {
   "begin": "13.880", 
   "end": "14.000", 
   "id": "f000029", 
   "language": "en", 
   "lines": [
    "The"
   ]
  }, 
  {
   "begin": "14.000", 
   "end": "14.640", 
   "id": "f000030", 
   "language": "en", 
   "lines": [
    "children"
   ]
  }, 
  {
   "begin": "14.640", 
   "end": "15.000", 
   "id": "f000031", 
   "language": "en", 
   "lines": [
    "skipped"
   ]
  }, 
  {
   "begin": "15.000", 
   "end": "15.400", 
   "id": "f000032", 
   "language": "en", 
   "lines": [
    "and"
   ]
  }, 
  {
   "begin": "15.400", 
   "end": "16.120", 
   "id": "f000033", 
   "language": "en", 
   "lines": [
    "ran"
   ]
  }, 
  {
   "begin": "16.120", 
   "end": "16.640", 
   "id": "f000034", 
   "language": "en", 
   "lines": [
    "showing"
   ]
  }, 
  {
   "begin": "16.640", 
   "end": "16.960", 
   "id": "f000035", 
   "language": "en", 
   "lines": [
    "Bani"
   ]
  }, 
  {
   "begin": "16.960", 
   "end": "17.160", 
   "id": "f000036", 
   "language": "en", 
   "lines": [
    "the"
   ]
  }, 
  {
   "begin": "17.160", 
   "end": "17.680", 
   "id": "f000037", 
   "language": "en", 
   "lines": [
    "mushroom"
   ]
  }, 
  {
   "begin": "17.680", 
   "end": "18.400", 
   "id": "f000038", 
   "language": "en", 
   "lines": [
    "town."
   ]
  }
 ]
}