{
 "fragments": [
  {
   "begin": "0.000", 
   "end": "0.760", 
   "id": "f000001", 
   "language": "en", 
   "lines": [
    "Wake"
   ]
  }, 
  {
   "begin": "0.760", 
   "end": "1.480", 
   "id": "f000002", 
   "language": "en", 
   "lines": [
    "up!"
   ]
  }, 
  {
   "begin": "1.480", 
   "end": "1.800", 
   "id": "f000003", 
   "language": "en", 
   "lines": [
    "Wake"
   ]
  }, 
  {
   "begin": "1.800", 
   "end": "2.080", 
   "id": "f000004", 
   "language": "en", 
   "lines": [
    "up"
   ]
  }, 
  {
   "begin": "2.080", 
   "end": "3.520", 
   "id": "f000005", 
   "language": "en", 
   "lines": [
    "Bani!"
   ]
  }, 
  {
   "begin": "3.520", 
   "end": "3.960", 
   "id": "f000006", 
   "language": "en", 
   "lines": [
    "Bani"
   ]
  }, 
  {
   "begin": "3.960", 
   "end": "4.240", 
   "id": "f000007", 
   "language": "en", 
   "lines": [
    "woke"
   ]
  }, 
  {
   "begin": "4.240", 
   "end": "4.440", 
   "id": "f000008", 
   "language": "en", 
   "lines": [
    "up"
   ]
  }, 
  {
   "begin": "4.440", 
   "end": "4.640", 
   "id": "f000009", 
   "language": "en", 
   "lines": [
    "with"
   ]
  }, 
  {
   "begin": "4.640", 
   "end": "4.880", 
   "id": "f000010", 
   "language": "en", 
   "lines": [
    "a"
   ]
  }, 
  {
   "begin": "4.880", 
   "end": "5.240", 
   "id": "f000011", 
   "language": "en", 
   "lines": [
    "start."
   ]
  }, 
  {
   "begin": "5.240", 
   "end": "5.320", 
   "id": "f000012", 
   "language": "en", 
   "lines": [
    "She"
   ]
  }, 
  {
   "begin": "5.320", 
   "end": "6.600", 
   "id": "f000013", 
   "language": "en", 
   "lines": [
    "saw"
   ]
  }, 
  {
   "begin": "6.600", 
   "end": "7.160", 
   "id": "f000014", 
   "language": "en", 
   "lines": [
    "many"
   ]
  }, 
  {
   "begin": "7.160", 
   "end": "7.560", 
   "id": "f000015", 
   "language": "en", 
   "lines": [
    "strange"
   ]
  }, 
  {
   "begin": "7.560", 
   "end": "8.400", 
   "id": "f000016", 
   "language": "en", 
   "lines": [
    "children"
   ]
  }, 
  {
   "begin": "8.400", 
   "end": "8.560", 
   "id": "f000017", 
   "language": "en", 
   "lines": [
    "with"
   ]
  }, 
  {
   "begin": "8.560", 
   "end": "9.040", 
   "id": "f000018", 
   "language": "en", 
   "lines": [
    "funny"
   ]
  }, 
  {
   "begin": "9.040", 
   "end": "9.720", 
   "id": "f000019", 
   "language": "en", 
   "lines": [
    "faces"
   ]
  }, 
  {
   "begin": "9.720", 
   "end": "9.880", 
   "id": "f000020", 
   "language": "en", 
   "lines": [
    "and"
   ]
  }, 
  {
   "begin": "9.880", 
   "end": "10.720", 
   "id": "f000021", 
   "language": "en", 
   "lines": [
    "hats"
   ]
  }, 
  {
   "begin": "10.720", 
   "end": "11.320", 
   "id": "f000022", 
   "language": "en", 
   "lines": [
    "standing"
   ]
  }, 
  {
   "begin": "11.320", 
   "end": "11.480", 
   "id": "f000023", 
   "language": "en", 
   "lines": [
    "in"
   ]
  }, 
  {
   "begin": "11.480", 
   "end": "11.760", 
   "id": "f000024", 
   "language": "en", 
   "lines": [
    "front"
   ]
  }, 
  {
   "begin": "11.760", 
   "end": "11.920", 
   "id": "f000025", 
   "language": "en", 
   "lines": [
    "of"
   ]
  }, 
  {
   "begin": "11.920", 
   "end": "12.560", 
   "id": "f000026", 
   "language": "en", 
   "lines": [
    "her."
   ]
  }
 ]
}