{
 "fragments": [
  {
   "begin": "0.000", 
   "end": "0.080", 
   "id": "f000001", 
   "language": "en", 
   "lines": [
    "There"
   ]
  }, 
  {
   "begin": "0.080", 
   "end": "0.600", 
   "id": "f000002", 
   "language": "en", 
   "lines": [
    "was"
   ]
  }, 
  {
   "begin": "0.600", 
   "end": "1.240", 
   "id": "f000003", 
   "language": "en", 
   "lines": [
    "wonderful"
   ]
  }, 
  {
   "begin": "1.240", 
   "end": "1.840", 
   "id": "f000004", 
   "language": "en", 
   "lines": [
    "music"
   ]
  }, 
  {
   "begin": "1.840", 
   "end": "2.280", 
   "id": "f000005", 
   "language": "en", 
   "lines": [
    "coming"
   ]
  }, 
  {
   "begin": "2.280", 
   "end": "2.520", 
   "id": "f000006", 
   "language": "en", 
   "lines": [
    "from"
   ]
  }, 
  {
   "begin": "2.520", 
   "end": "2.680", 
   "id": "f000007", 
   "language": "en", 
   "lines": [
    "the"
   ]
  }, 
  {
   "begin": "2.680", 
   "end": "3.120", 
   "id": "f000008", 
   "language": "en", 
   "lines": [
    "music"
   ]
  }, 
  {
   "begin": "3.120", 
   "end": "3.880", 
   "id": "f000009", 
   "language": "en", 
   "lines": [
    "mushrooms."
   ]
  }, 
  {
   "begin": "3.880", 
   "end": "3.880", 
   "id": "f000010", 
   "language": "en", 
   "lines": [
    "Bani"
   ]
  }, 
  {
   "begin": "3.880", 
   "end": "5.360", 
   "id": "f000011", 
   "language": "en", 
   "lines": [
    "found"
   ]
  }, 
  {
   "begin": "5.360", 
   "end": "5.920", 
   "id": "f000012", 
   "language": "en", 
   "lines": [
    "herself"
   ]
  }, 
  {
   "begin": "5.920", 
   "end": "6.480", 
   "id": "f000013", 
   "language": "en", 
   "lines": [
    "dancing"
   ]
  }, 
  {
   "begin": "6.480", 
   "end": "6.800", 
   "id": "f000014", 
   "language": "en", 
   "lines": [
    "with"
   ]
  }, 
  {
   "begin": "6.800", 
   "end": "6.960", 
   "id": "f000015", 
   "language": "en", 
   "lines": [
    "a"
   ]
  }, 
  {
   "begin": "6.960", 
   "end": "7.440", 
   "id": "f000016", 
   "language": "en", 
   "lines": [
    "little"
   ]
  }, 
  {
   "begin": "7.440", 
   "end": "7.880", 
   "id": "f000017", 
   "language": "en", 
   "lines": [
    "boy"
   ]
  }, 
  {
   "begin": "7.880", 
   "end": "8.120", 
   "id": "f000018", 
   "language": "en", 
   "lines": [
    "in"
   ]
  }, 
  {
   "begin": "8.120", 
   "end": "8.160", 
   "id": "f000019", 
   "language": "en", 
   "lines": [
    "a"
   ]
  }, 
  {
   "begin": "8.160", 
   "end": "8.640", 
   "id": "f000020", 
   "language": "en", 
   "lines": [
    "pointed"
   ]
  }, 
  {
   "begin": "8.640", 
   "end": "9.280", 
   "id": "f000021", 
   "language": "en", 
   "lines": [
    "hat"
   ]
  }, 
  {
   "begin": "9.280", 
   "end": "9.520", 
   "id": "f000022", 
   "language": "en", 
   "lines": [
    "and"
   ]
  }, 
  {
   "begin": "9.520", 
   "end": "10.040", 
   "id": "f000023", 
   "language": "en", 
   "lines": [
    "pointed"
   ]
  }, 
  {
   "begin": "10.040", 
   "end": "10.640", 
   "id": "f000024", 
   "language": "en", 
   "lines": [
    "shoes."
   ]
  }, 
  {
   "begin": "10.640", 
   "end": "11.440", 
   "id": "f000025", 
   "language": "en", 
   "lines": [
    "\u201cWhat"
   ]
  }, 
  {
   "begin": "11.440", 
   "end": "11.920", 
   "id": "f000026", 
   "language": "en", 
   "lines": [
    "is"
   ]
  }, 
  {
   "begin": "11.920", 
   "end": "12.280", 
   "id": "f000027", 
   "language": "en", 
   "lines": [
    "your"
   ]
  }, 
  {
   "begin": "12.280", 
   "end": "12.680", 
   "id": "f000028", 
   "language": "en", 
   "lines": [
    "name?\u201d"
   ]
  }, 
  {
   "begin": "12.680", 
   "end": "13.200", 
   "id": "f000029", 
   "language": "en", 
   "lines": [
    "asked"
   ]
  }, 
  {
   "begin": "13.200", 
   "end": "13.720", 
   "id": "f000030", 
   "language": "en", 
   "lines": [
    "Bani."
   ]
  }, 
  {
   "begin": "13.720", 
   "end": "14.920", 
   "id": "f000031", 
   "language": "en", 
   "lines": [
    "\u201cI"
   ]
  }, 
  {
   "begin": "14.920", 
   "end": "15.200", 
   "id": "f000032", 
   "language": "en", 
   "lines": [
    "am"
   ]
  }, 
  {
   "begin": "15.200", 
   "end": "16.240", 
   "id": "f000033", 
   "language": "en", 
   "lines": [
    "Pointy,\u201d"
   ]
  }, 
  {
   "begin": "16.240", 
   "end": "16.560", 
   "id": "f000034", 
   "language": "en", 
   "lines": [
    "said"
   ]
  }, 
  {
   "begin": "16.560", 
   "end": "16.920", 
   "id": "f000035", 
   "language": "en", 
   "lines": [
    "he."
   ]
  }, 
  {
   "begin": "16.920", 
   "end": "16.960", 
   "id": "f000036", 
   "language": "en", 
   "lines": [
    "Even"
   ]
  }, 
  {
   "begin": "16.960", 
   "end": "18.080", 
   "id": "f000037", 
   "language": "en", 
   "lines": [
    "his"
   ]
  }, 
  {
   "begin": "18.080", 
   "end": "18.680", 
   "id": "f000038", 
   "language": "en", 
   "lines": [
    "face"
   ]
  }, 
  {
   "begin": "18.680", 
   "end": "18.880", 
   "id": "f000039", 
   "language": "en", 
   "lines": [
    "was"
   ]
  }, 
  {
   "begin": "18.880", 
   "end": "20.080", 
   "id": "f000040", 
   "language": "en", 
   "lines": [
    "pointed."
   ]
  }, 
  {
   "begin": "20.080", 
   "end": "20.440", 
   "id": "f000041", 
   "language": "en", 
   "lines": [
    "Then"
   ]
  }, 
  {
   "begin": "20.440", 
   "end": "20.840", 
   "id": "f000042", 
   "language": "en", 
   "lines": [
    "Bani"
   ]
  }, 
  {
   "begin": "20.840", 
   "end": "21.360", 
   "id": "f000043", 
   "language": "en", 
   "lines": [
    "danced"
   ]
  }, 
  {
   "begin": "21.360", 
   "end": "21.480", 
   "id": "f000044", 
   "language": "en", 
   "lines": [
    "with"
   ]
  }, 
  {
   "begin": "21.480", 
   "end": "21.520", 
   "id": "f000045", 
   "language": "en", 
   "lines": [
    "a"
   ]
  }, 
  {
   "begin": "21.520", 
   "end": "21.960", 
   "id": "f000046", 
   "language": "en", 
   "lines": [
    "little"
   ]
  }, 
  {
   "begin": "21.960", 
   "end": "22.320", 
   "id": "f000047", 
   "language": "en", 
   "lines": [
    "girl"
   ]
  }, 
  {
   "begin": "22.320", 
   "end": "22.720", 
   "id": "f000048", 
   "language": "en", 
   "lines": [
    "who"
   ]
  }, 
  {
   "begin": "22.720", 
   "end": "23.240", 
   "id": "f000049", 
   "language": "en", 
   "lines": [
    "wore"
   ]
  }, 
  {
   "begin": "23.240", 
   "end": "23.440", 
   "id": "f000050", 
   "language": "en", 
   "lines": [
    "a"
   ]
  }, 
  {
   "begin": "23.440", 
   "end": "24.160", 
   "id": "f000051", 
   "language": "en", 
   "lines": [
    "heart-shaped"
   ]
  }, 
  {
   "begin": "24.160", 
   "end": "24.600", 
   "id": "f000052", 
   "language": "en", 
   "lines": [
    "hat"
   ]
  }, 
  {
   "begin": "24.600", 
   "end": "24.800", 
   "id": "f000053", 
   "language": "en", 
   "lines": [
    "and"
   ]
  }, 
  {
   "begin": "24.800", 
   "end": "25.280", 
   "id": "f000054", 
   "language": "en", 
   "lines": [
    "shoes"
   ]
  }, 
  {
   "begin": "25.280", 
   "end": "25.720", 
   "id": "f000055", 
   "language": "en", 
   "lines": [
    "to"
   ]
  }, 
  {
   "begin": "25.720", 
   "end": "26.240", 
   "id": "f000056", 
   "language": "en", 
   "lines": [
    "match"
   ]
  }, 
  {
   "begin": "26.240", 
   "end": "26.560", 
   "id": "f000057", 
   "language": "en", 
   "lines": [
    "her"
   ]
  }, 
  {
   "begin": "26.560", 
   "end": "26.920", 
   "id": "f000058", 
   "language": "en", 
   "lines": [
    "heart-shaped"
   ]
  }, 
  {
   "begin": "26.920", 
   "end": "27.520", 
   "id": "f000059", 
   "language": "en", 
   "lines": [
    "face."
   ]
  }, 
  {
   "begin": "27.520", 
   "end": "28.320", 
   "id": "f000060", 
   "language": "en", 
   "lines": [
    "\u201cI"
   ]
  }, 
  {
   "begin": "28.320", 
   "end": "28.360", 
   "id": "f000061", 
   "language": "en", 
   "lines": [
    "am"
   ]
  }, 
  {
   "begin": "28.360", 
   "end": "28.960", 
   "id": "f000062", 
   "language": "en", 
   "lines": [
    "Little"
   ]
  }, 
  {
   "begin": "28.960", 
   "end": "30.120", 
   "id": "f000063", 
   "language": "en", 
   "lines": [
    "Heart,\u201d"
   ]
  }, 
  {
   "begin": "30.120", 
   "end": "30.360", 
   "id": "f000064", 
   "language": "en", 
   "lines": [
    "she"
   ]
  }, 
  {
   "begin": "30.360", 
   "end": "31.240", 
   "id": "f000065", 
   "language": "en", 
   "lines": [
    "sang."
   ]
  }
 ]
}