{
 "fragments": [
  {
   "begin": "0.000", 
   "end": "0.280", 
   "id": "f000001", 
   "language": "en", 
   "lines": [
    "Bani"
   ]
  }, 
  {
   "begin": "0.280", 
   "end": "1.240", 
   "id": "f000002", 
   "language": "en", 
   "lines": [
    "loves"
   ]
  }, 
  {
   "begin": "1.240", 
   "end": "1.560", 
   "id": "f000003", 
   "language": "en", 
   "lines": [
    "her"
   ]
  }, 
  {
   "begin": "1.560", 
   "end": "2.640", 
   "id": "f000004", 
   "language": "en", 
   "lines": [
    "school."
   ]
  }, 
  {
   "begin": "2.640", 
   "end": "2.960", 
   "id": "f000005", 
   "language": "en", 
   "lines": [
    "Along"
   ]
  }, 
  {
   "begin": "2.960", 
   "end": "3.200", 
   "id": "f000006", 
   "language": "en", 
   "lines": [
    "with"
   ]
  }, 
  {
   "begin": "3.200", 
   "end": "3.840", 
   "id": "f000007", 
   "language": "en", 
   "lines": [
    "lessons,"
   ]
  }, 
  {
   "begin": "3.840", 
   "end": "4.440", 
   "id": "f000008", 
   "language": "en", 
   "lines": [
    "she"
   ]
  }, 
  {
   "begin": "4.440", 
   "end": "5.280", 
   "id": "f000009", 
   "language": "en", 
   "lines": [
    "dances,"
   ]
  }, 
  {
   "begin": "5.280", 
   "end": "6.160", 
   "id": "f000010", 
   "language": "en", 
   "lines": [
    "sings"
   ]
  }, 
  {
   "begin": "6.160", 
   "end": "6.480", 
   "id": "f000011", 
   "language": "en", 
   "lines": [
    "and"
   ]
  }, 
  {
   "begin": "6.480", 
   "end": "6.920", 
   "id": "f000012", 
   "language": "en", 
   "lines": [
    "plays"
   ]
  }, 
  {
   "begin": "6.920", 
   "end": "7.080", 
   "id": "f000013", 
   "language": "en", 
   "lines": [
    "with"
   ]
  }, 
  {
   "begin": "7.080", 
   "end": "7.240", 
   "id": "f000014", 
   "language": "en", 
   "lines": [
    "her"
   ]
  }, 
  {
   "begin": "7.240", 
   "end": "8.160", 
   "id": "f000015", 
   "language": "en", 
   "lines": [
    "friends."
   ]
  }
 ]
}