{
 "fragments": [
  {
   "begin": "0.000", 
   "end": "0.560", 
   "id": "f000001", 
   "language": "en", 
   "lines": [
    "\u201cWe"
   ]
  }, 
  {
   "begin": "0.560", 
   "end": "0.960", 
   "id": "f000002", 
   "language": "en", 
   "lines": [
    "know"
   ]
  }, 
  {
   "begin": "0.960", 
   "end": "1.040", 
   "id": "f000003", 
   "language": "en", 
   "lines": [
    "you"
   ]
  }, 
  {
   "begin": "1.040", 
   "end": "1.680", 
   "id": "f000004", 
   "language": "en", 
   "lines": [
    "can"
   ]
  }, 
  {
   "begin": "1.680", 
   "end": "2.280", 
   "id": "f000005", 
   "language": "en", 
   "lines": [
    "float"
   ]
  }, 
  {
   "begin": "2.280", 
   "end": "3.000", 
   "id": "f000006", 
   "language": "en", 
   "lines": [
    "in"
   ]
  }, 
  {
   "begin": "3.000", 
   "end": "3.600", 
   "id": "f000007", 
   "language": "en", 
   "lines": [
    "your"
   ]
  }, 
  {
   "begin": "3.600", 
   "end": "4.480", 
   "id": "f000008", 
   "language": "en", 
   "lines": [
    "sleep.\u201d"
   ]
  }, 
  {
   "begin": "4.480", 
   "end": "4.480", 
   "id": "f000009", 
   "language": "en", 
   "lines": [
    "\u201cMay"
   ]
  }, 
  {
   "begin": "4.480", 
   "end": "5.560", 
   "id": "f000010", 
   "language": "en", 
   "lines": [
    "be"
   ]
  }, 
  {
   "begin": "5.560", 
   "end": "6.360", 
   "id": "f000011", 
   "language": "en", 
   "lines": [
    "sing"
   ]
  }, 
  {
   "begin": "6.360", 
   "end": "6.360", 
   "id": "f000012", 
   "language": "en", 
   "lines": [
    "in"
   ]
  }, 
  {
   "begin": "6.360", 
   "end": "6.520", 
   "id": "f000013", 
   "language": "en", 
   "lines": [
    "your"
   ]
  }, 
  {
   "begin": "6.520", 
   "end": "7.040", 
   "id": "f000014", 
   "language": "en", 
   "lines": [
    "sleep.\u201d"
   ]
  }, 
  {
   "begin": "7.040", 
   "end": "7.040", 
   "id": "f000015", 
   "language": "en", 
   "lines": [
    "\u201cBut"
   ]
  }, 
  {
   "begin": "7.040", 
   "end": "7.040", 
   "id": "f000016", 
   "language": "en", 
   "lines": [
    "I"
   ]
  }, 
  {
   "begin": "7.040", 
   "end": "7.040", 
   "id": "f000017", 
   "language": "en", 
   "lines": [
    "am"
   ]
  }, 
  {
   "begin": "7.040", 
   "end": "7.120", 
   "id": "f000018", 
   "language": "en", 
   "lines": [
    "not"
   ]
  }, 
  {
   "begin": "7.120", 
   "end": "7.280", 
   "id": "f000019", 
   "language": "en", 
   "lines": [
    "asleep,\u201d"
   ]
  }, 
  {
   "begin": "7.280", 
   "end": "7.960", 
   "id": "f000020", 
   "language": "en", 
   "lines": [
    "said"
   ]
  }, 
  {
   "begin": "7.960", 
   "end": "8.560", 
   "id": "f000021", 
   "language": "en", 
   "lines": [
    "Bani"
   ]
  }, 
  {
   "begin": "8.560", 
   "end": "9.200", 
   "id": "f000022", 
   "language": "en", 
   "lines": [
    "pinching"
   ]
  }, 
  {
   "begin": "9.200", 
   "end": "9.840", 
   "id": "f000023", 
   "language": "en", 
   "lines": [
    "herself,"
   ]
  }, 
  {
   "begin": "9.840", 
   "end": "11.080", 
   "id": "f000024", 
   "language": "en", 
   "lines": [
    "\u201cOuch!\u201d"
   ]
  }, 
  {
   "begin": "11.080", 
   "end": "11.920", 
   "id": "f000025", 
   "language": "en", 
   "lines": [
    "\u201cEven"
   ]
  }, 
  {
   "begin": "11.920", 
   "end": "14.000", 
   "id": "f000026", 
   "language": "en", 
   "lines": [
    "fly"
   ]
  }, 
  {
   "begin": "14.000", 
   "end": "14.440", 
   "id": "f000027", 
   "language": "en", 
   "lines": [
    "in"
   ]
  }, 
  {
   "begin": "14.440", 
   "end": "15.200", 
   "id": "f000028", 
   "language": "en", 
   "lines": [
    "your"
   ]
  }, 
  {
   "begin": "15.200", 
   "end": "16.120", 
   "id": "f000029", 
   "language": "en", 
   "lines": [
    "sleep,\u201d"
   ]
  }, 
  {
   "begin": "16.120", 
   "end": "16.520", 
   "id": "f000030", 
   "language": "en", 
   "lines": [
    "they"
   ]
  }, 
  {
   "begin": "16.520", 
   "end": "17.080", 
   "id": "f000031", 
   "language": "en", 
   "lines": [
    "sang."
   ]
  }, 
  {
   "begin": "17.080", 
   "end": "17.960", 
   "id": "f000032", 
   "language": "en", 
   "lines": [
    "\u201cFly?"
   ]
  }, 
  {
   "begin": "17.960", 
   "end": "18.880", 
   "id": "f000033", 
   "language": "en", 
   "lines": [
    "How"
   ]
  }, 
  {
   "begin": "18.880", 
   "end": "19.200", 
   "id": "f000034", 
   "language": "en", 
   "lines": [
    "and"
   ]
  }, 
  {
   "begin": "19.200", 
   "end": "19.240", 
   "id": "f000035", 
   "language": "en", 
   "lines": [
    "where?\u201d"
   ]
  }, 
  {
   "begin": "19.240", 
   "end": "19.440", 
   "id": "f000036", 
   "language": "en", 
   "lines": [
    "asked"
   ]
  }, 
  {
   "begin": "19.440", 
   "end": "19.960", 
   "id": "f000037", 
   "language": "en", 
   "lines": [
    "Bani."
   ]
  }, 
  {
   "begin": "19.960", 
   "end": "21.840", 
   "id": "f000038", 
   "language": "en", 
   "lines": [
    "\u201cStretch"
   ]
  }, 
  {
   "begin": "21.840", 
   "end": "22.000", 
   "id": "f000039", 
   "language": "en", 
   "lines": [
    "your"
   ]
  }, 
  {
   "begin": "22.000", 
   "end": "22.320", 
   "id": "f000040", 
   "language": "en", 
   "lines": [
    "arms"
   ]
  }, 
  {
   "begin": "22.320", 
   "end": "22.480", 
   "id": "f000041", 
   "language": "en", 
   "lines": [
    "out"
   ]
  }, 
  {
   "begin": "22.480", 
   "end": "22.520", 
   "id": "f000042", 
   "language": "en", 
   "lines": [
    "like"
   ]
  }, 
  {
   "begin": "22.520", 
   "end": "23.360", 
   "id": "f000043", 
   "language": "en", 
   "lines": [
    "wings,"
   ]
  }, 
  {
   "begin": "23.360", 
   "end": "24.160", 
   "id": "f000044", 
   "language": "en", 
   "lines": [
    "fly"
   ]
  }, 
  {
   "begin": "24.160", 
   "end": "24.760", 
   "id": "f000045", 
   "language": "en", 
   "lines": [
    "like"
   ]
  }, 
  {
   "begin": "24.760", 
   "end": "24.880", 
   "id": "f000046", 
   "language": "en", 
   "lines": [
    "a"
   ]
  }, 
  {
   "begin": "24.880", 
   "end": "24.880", 
   "id": "f000047", 
   "language": "en", 
   "lines": [
    "bird,"
   ]
  }, 
  {
   "begin": "24.880", 
   "end": "24.880", 
   "id": "f000048", 
   "language": "en", 
   "lines": [
    "a"
   ]
  }, 
  {
   "begin": "24.880", 
   "end": "25.600", 
   "id": "f000049", 
   "language": "en", 
   "lines": [
    "cloud"
   ]
  }, 
  {
   "begin": "25.600", 
   "end": "25.920", 
   "id": "f000050", 
   "language": "en", 
   "lines": [
    "or"
   ]
  }, 
  {
   "begin": "25.920", 
   "end": "27.360", 
   "id": "f000051", 
   "language": "en", 
   "lines": [
    "anything.\u201d"
   ]
  }
 ]
}