{"id":63,"name":"Bani","writtenby":"Herminder Ohri","illustrationsby":"Taposhi Ghoshal","translationby":"","source":"Pratham Books","status":"active","level":2,"pages":[{"id":635,"content":"Bani is a little girl of four. \nShe lives in a house with a green door. \nShe goes to a school with bright yellow windows and red doors.","pageno":1,"image":"0d769ba9676af8fa0d171a95e7b9c9e1.jpg","audio":"17e42a3000b903b1cd7cdc42125d24c6.mp3","audio_map":"55948e29e95c9f8cbf3abb072e62d91d.json","language":[]},{"id":636,"content":"Bani loves her school. Along with lessons, she dances, sings and plays with her friends.","pageno":2,"image":"bd3e12756b774b967b932519d6e2371e.jpg","audio":"d5e2a0b9d355f271e42048e1b52ee4d6.mp3","audio_map":"3e6ceb69d7d9cc2af0336decd5a53b05.json","language":[]},{"id":637,"content":"One night, Bani was really tired. As she closed her eyes to sleep, she felt herself floating away, out of the house, down the hill into a grove of trees.","pageno":3,"image":"3e646c31b998b54f3db99c9c458a6ed9.jpg","audio":"7180cb7d42dbd20a1773f08ae6c0cccd.mp3","audio_map":"eaa653a20b98d26a945782a27c0c30c6.json","language":[]},{"id":638,"content":"Wake up! Wake up Bani! Bani woke up with a start. She saw many strange children with funny faces and hats standing in front of her.","pageno":4,"image":"0e172aaaf4c4801044526176e1b01655.jpg","audio":"ef7e2ed4f724d1b04a2b681ef555d7ca.mp3","audio_map":"2f50770ce31b070fbf92788fe8cbedfe.json","language":[]},{"id":639,"content":"The children made a ring around Bani and began singing. \u201cWelcome! Welcome! We have waited for you for nearly a year.\u201d \u201cFor a whole year!\u201d whispered Bani. \u201cYes! Yes!\u201d they shouted.","pageno":5,"image":"cd53753c091d7db8bc9a8f4e45b4c4a7.jpg","audio":"d34f52cef69221fb6c1211dd6162e746.mp3","audio_map":"9435b167096af67c93c9751a835f6cde.json","language":[]},{"id":640,"content":"\u201cWe know you can float in your sleep.\u201d \u201cMay be sing in your sleep.\u201d \u201cBut I am not asleep,\u201d said Bani pinching herself, \u201cOuch!\u201d \u201cEven fly in your sleep,\u201d they sang. \u201cFly? How and where?\u201d asked Bani. \u201cStretch your arms out like wings, fly like a bird, a cloud or anything.\u201d","pageno":6,"image":"9db69d06194e8d345fa8cd0a88664500.jpg","audio":"2d0e4923a831803ead2fd811f8d4b62a.mp3","audio_map":"5ab09e49de0846f8037a96ea04a763a2.json","language":[]},{"id":641,"content":"Bani stretched out her arms and she was flying with her new friends. \nThey flew over the forest and when Bani looked down, she saw hundreds of lights.","pageno":7,"image":"b5ecb69d7932c242160cf60c9c8d5e8d.jpg","audio":"3924e93a2ad5419d23f4f7239716427b.mp3","audio_map":"ab8c8d2a8db293cafc3dcf6a0ae122eb.json","language":[]},{"id":642,"content":"She followed the children down towards the lights. Bani saw a town all made of giant mushrooms. There were green mushrooms, yellow, white, purple and red mushrooms. In each mushroom was a house.","pageno":8,"image":"2331d9468b9dd9a549ff2b5c1511b39e.jpg","audio":"f266652bb20913269dcabb68a36bf2d4.mp3","audio_map":"77d93d9c0bd45b60d7e573404c97bee1.json","language":[]},{"id":643,"content":"Bani flew into one house. The house was like any other house, but the floors were mushroom floors \u2013 so \u2013 so \u2013 soft. Softer than any carpet. The children skipped and ran showing Bani the mushroom town.","pageno":9,"image":"94d21005c1b842f7304810984883273a.jpg","audio":"dcb13807cdf5f3b9c2926012a05d9f82.mp3","audio_map":"2e0d5dcc96c9129ac96d8d5556d75ff8.json","language":[]},{"id":644,"content":"\u201cCome ! Let us eat,\u201d said the children together. All Bani could see were fields and fields of odd looking mushrooms. \u201cWhat funny mushrooms,\u201d said Bani. \u201cOh ! those are laddoo mushrooms.\u201d Bani was surprised to see that on top of each mushroom was a laddoo. There were yellow, green and white laddoos and barfis too.","pageno":10,"image":"9aa81ac6fd760ac903b92eaafce7ce84.jpg","audio":"95ff4e3e0a2a299dde0759b2293281ad.mp3","audio_map":"fc5fa59635b9bec05d52a2b7ad7d4f46.json","language":[]},{"id":645,"content":"Bani broke off one laddoo and ate it. It was so...o...delicious. Quite laddoo\u2013licious, she thought. Bani heard her name being called. She saw mushrooms shaped like books. The pages were turning by themselves. The figures on these pages were jumping up and down, \u201cBani come read with us.\u201d","pageno":11,"image":"b1833fe8d330c3c57e4f7907463099e2.jpg","audio":"b310e8c7b44df9e021e2ddeb3b0b05a7.mp3","audio_map":"22f62dacc2d2256a4115cd91a21d0a68.json","language":[]},{"id":646,"content":"Bani went to the book mushrooms. The figures told her stories of kings, queens, fairies and brave warriors. She listened while eating mushroom chips. Soon she was very thirsty. The children took her to a stream of sparkling water. It was lemonade. The next stream was orange juice and another mango juice. Bani drank a little from all the streams. It was nice and cold.","pageno":12,"image":"154e316cabccf3d4d18c8eeadd414a53.jpg","audio":"aaf671d6419aba5cb00987475c56766f.mp3","audio_map":"c54e752ff99332ffe700d6ced0db3610.json","language":[]},{"id":647,"content":"There was wonderful music coming from the music mushrooms. Bani found herself dancing with a little boy in a pointed hat and pointed shoes. \u201cWhat is your name?\u201d asked Bani. \u201cI am Pointy,\u201d said he. Even his face was pointed. Then Bani danced with a little girl who wore a heart-shaped hat and shoes to match her heart-shaped face. \u201cI am Little Heart,\u201d she sang.","pageno":13,"image":"f79da8cc4a1427367cff26ed9377a5e6.jpg","audio":"ff0aa4101626235bc6f913a78936621b.mp3","audio_map":"376b91618702cc3647cf841b27a03a5e.json","language":[]},{"id":648,"content":"Bani sang and danced with all the children. \u201cI am tired,\u201d said Bani, \u201cCan we rest?\u201d \u201cNo time! No time! Take a sip of lemonade.\u201d Bani took a sip and she felt better. \u201cLet us fly to the mountains,\u201d they said. They flew past mountains made of cake, ice cream and candy.","pageno":14,"image":"4490957c77ebef7dfc046e19772b22cb.jpg","audio":"a394f0d4e83927317902e5c5fbe9c58e.mp3","audio_map":"f193045dd9604c91a8ecbb0a8746f5bd.json","language":[]},{"id":649,"content":"Then they came to the very last mountain. It was a toy mountain. Bani had never seen so many toys! The children played with brightly coloured magic balls that bounced here and there making the children jump. Toy cars whizzed up to them and took them for rides.","pageno":15,"image":"b8bbdc22d2c81bc2d65f1e1bcb3b9c77.jpg","audio":"f0376331925a68ef3984805ae2d4484d.mp3","audio_map":"fb6ef63d49464b2ae3c17ed4b78042eb.json","language":[]},{"id":650,"content":"There were magic jigsaw puzzles that spoke, \u201cPut us together!\u201d Coloured blocks shouted, \u201cBuild us up and you can knock us down.\u201d Bani had a great time. Now it was time to go home. They all flew over the forest to Bani\u2019s home.","pageno":16,"image":"bced4f82aed26970edecc205b6f03ec1.jpg","audio":"902b444544b09f85c392c7499776c829.mp3","audio_map":"e21fd8ff466b187cbc63a500c9e13e8e.json","language":[]},{"id":651,"content":"\u201cBye bye Bani! Come again!\u201d The children flew back to mushroom town.","pageno":17,"image":"b23c7bb7c20ebfbedd652483d9422ce3.jpg","audio":"8af725c5c702045fedfe79eb4f829446.mp3","audio_map":"d62963fec89922ef26e280197bbe754f.json","language":[]},{"id":652,"content":"Bani got into her bed and fell fast asleep. In the morning she thought she had such a lovely dream, till she opened her hand and saw a ... What do you think Bani saw in her hand? Why don't you make your own little story ... about Bani.","pageno":18,"image":"70630887037a58d77f129327c2c71032.jpg","audio":"5d57c75ff41d0d9cf14177d439f2c5a9.mp3","audio_map":"a40b36e0a30dceace392de1b092ad44c.json","language":[]}],"language":[],"questions":[{"id":5708,"type":"pre","storypage_id":0,"order_number":1,"title":"Learning new words","question":{"question_type":"vocabulary","question":{"text":"Learning new words","image":"","type":"text"},"words":[{"word":"float","image":"993ce29e01549b7204ac799ea1e1e087.png"},{"word":"grove","image":"1e238bef699a571783486bf17d13b62d.png"},{"word":"mushroom","image":"6a11d47cc87aec78701e6638f59fc748.png"},{"word":"jigsaw","image":"802807fcc015054e723e3a7c59eda9d6.png"}]},"score":1,"question_template_id":21,"question_template":"Vocab"},{"id":5905,"type":"pre","storypage_id":0,"order_number":2,"title":"What do you think this story is about?","question":{"question_type":"mcq_single_answer","question":{"text":"What do you think this story is about?","image":"","type":"text"},"options":[{"text":"A girl","type":"text","image":"","ans":1},{"text":"Mushrooms","type":"text","image":"","ans":1},{"text":"A dream","type":"text","image":"","ans":1},{"text":"Cake","type":"text","image":"","ans":0}],"answers":["A girl","Mushrooms","A dream"]},"score":1,"question_template_id":2,"question_template":"Text MCQ"},{"id":5906,"type":"post","storypage_id":0,"order_number":1,"title":"What is happening in this picture?","question":{"question_type":"story_read_aloud","question":{"text":"","image":"9b7803a4409a0dfb34f912b49b7b99ee.jpg","type":"image"}},"score":1,"question_template_id":7,"question_template":"Describe an Image"},{"id":5898,"type":"during","storypage_id":635,"order_number":1,"title":"Choose the correct answer.","question":{"question_type":"mcq_single_answer","question":{"text":"How old is Bani?","image":"","type":"text"},"options":[{"text":"4","type":"both","image":"cbfaa3bc2f18f3e298e5189fb05e689a.png","ans":1},{"text":"5","type":"both","image":"6628319c31b3b571a3a7911fa5aadc2f.png","ans":0},{"text":"6","type":"both","image":"3c7298be718d6960998621e6e63e5da7.png","ans":0},{"text":"7","type":"both","image":"18532ca2404ab72a1e7cd01e88e283eb.png","ans":0}],"answers":["4"]},"score":1,"question_template_id":2,"question_template":"Text MCQ"},{"id":5899,"type":"during","storypage_id":636,"order_number":2,"title":"Choose all the correct answers.","question":{"question_type":"mcq_multiple_answer","question":{"text":"What all does Bani do at school?","image":"","type":"text"},"options":[{"text":"Has lessons","type":"both","image":"d6d6ac1d09b3ec52a119033876fe0b8e.png","ans":1},{"text":"Dances","type":"both","image":"124e35109d5311906d948c15275bb4da.png","ans":1},{"text":"Sings","type":"both","image":"7b589b1fb7a4453ad8ad439d45a55048.png","ans":1},{"text":"Plays with her friends","type":"both","image":"beefac3e8f3fc7df3c447c58dd56a6d4.png","ans":1}],"answers":["Has lessons","Dances","Sings","Plays with her friends"]},"score":1,"question_template_id":2,"question_template":"Text MCQ"},{"id":5900,"type":"during","storypage_id":639,"order_number":3,"title":"Choose the correct answer.","question":{"question_type":"mcq_single_answer","question":{"text":"How long had the creatures been waiting for Bani?","image":"","type":"text"},"options":[{"text":"Nearly a year","type":"text","image":"","ans":1},{"text":"Over a year","type":"text","image":"","ans":0},{"text":"A decade","type":"text","image":"","ans":0},{"text":"Two years","type":"text","image":"","ans":0}],"answers":["Nearly a year"]},"score":1,"question_template_id":2,"question_template":"Text MCQ"},{"id":5901,"type":"during","storypage_id":642,"order_number":4,"title":"Choose the correct answer.","question":{"question_type":"mcq_single_answer","question":{"text":"What was the town made up of?","image":"","type":"text"},"options":[{"text":"Mushrooms","type":"both","image":"88d8212b82f31d7348e4c7e8f263631d.png","ans":1},{"text":"Bananas","type":"both","image":"26dac52cd1df520d4cb0b6ce85d657f8.png","ans":0},{"text":"Cucumbers","type":"both","image":"94ffa3b646888f2d07f3b7a19f6a8905.png","ans":0},{"text":"Flowers","type":"both","image":"b9414319e0f94dfff07c026875389079.png","ans":0}],"answers":["Mushrooms"]},"score":1,"question_template_id":2,"question_template":"Text MCQ"},{"id":5902,"type":"during","storypage_id":644,"order_number":5,"title":"Choose the correct answer.","question":{"question_type":"mcq_single_answer","question":{"text":"What did Bani break off a mushroom and eat?","image":"","type":"text"},"options":[{"text":"A laddoo","type":"both","image":"e8a296248329183cfa3450ab552ded1f.png","ans":1},{"text":"A jalebi","type":"both","image":"b6de3a5831bc0e28df87ff35fe15ac18.png","ans":0},{"text":"A biscuit","type":"both","image":"d1ee0d7e420b8bd04fb3cb40cdc8c1bf.png","ans":0},{"text":"Cake","type":"both","image":"ad630c8b68f312256f23dd4a4999500a.png","ans":0}],"answers":["A laddoo"]},"score":1,"question_template_id":2,"question_template":"Text MCQ"},{"id":5903,"type":"during","storypage_id":646,"order_number":6,"title":"Choose all the correct answers.","question":{"question_type":"mcq_multiple_answer","question":{"text":"Whose stories did the book mushrooms tell Bani?","image":"","type":"text"},"options":[{"text":"Kings","type":"both","image":"2e1e5abbfb608f204f7678c20c2fa3ee.png","ans":1},{"text":"Queens","type":"both","image":"8a3f7ecfe08c8f8f1eb49889901c3903.png","ans":1},{"text":"Fairies","type":"both","image":"9be469ad610363ae80d75f376475b22b.png","ans":1},{"text":"Brave Warriors","type":"both","image":"d665d69264775f84fcf32407cfcb7971.png","ans":1}],"answers":["Kings","Queens","Fairies","Brave Warriors"]},"score":1,"question_template_id":12,"question_template":"MCQ Multiple Answer with images"},{"id":5904,"type":"during","storypage_id":649,"order_number":7,"title":"Choose the correct answer.","question":{"question_type":"mcq_single_answer","question":{"text":"What was the last mountain Bani visited?","image":"","type":"text"},"options":[{"text":"A toy mountain","type":"both","image":"5589ecee7179a0936e8979ed6d9c1a5f.png","ans":1},{"text":"A book mountain","type":"both","image":"5f5121ba72aeb44ee198b8aa89f20940.png","ans":0},{"text":"A food mountain","type":"both","image":"b155c9e7bfb495dce7ed4faa399ea319.png","ans":0},{"text":"A drink mountain","type":"both","image":"f1e0f8c32b0395aa2d3c439b04df2be3.png","ans":0}],"answers":["A toy mountain"]},"score":1,"question_template_id":2,"question_template":"Text MCQ"}]}