{
 "fragments": [
  {
   "begin": "0.000", 
   "end": "0.280", 
   "id": "f000001", 
   "language": "en", 
   "lines": [
    "She"
   ]
  }, 
  {
   "begin": "0.280", 
   "end": "1.080", 
   "id": "f000002", 
   "language": "en", 
   "lines": [
    "followed"
   ]
  }, 
  {
   "begin": "1.080", 
   "end": "1.240", 
   "id": "f000003", 
   "language": "en", 
   "lines": [
    "the"
   ]
  }, 
  {
   "begin": "1.240", 
   "end": "1.760", 
   "id": "f000004", 
   "language": "en", 
   "lines": [
    "children"
   ]
  }, 
  {
   "begin": "1.760", 
   "end": "2.240", 
   "id": "f000005", 
   "language": "en", 
   "lines": [
    "down"
   ]
  }, 
  {
   "begin": "2.240", 
   "end": "2.760", 
   "id": "f000006", 
   "language": "en", 
   "lines": [
    "towards"
   ]
  }, 
  {
   "begin": "2.760", 
   "end": "2.800", 
   "id": "f000007", 
   "language": "en", 
   "lines": [
    "the"
   ]
  }, 
  {
   "begin": "2.800", 
   "end": "4.520", 
   "id": "f000008", 
   "language": "en", 
   "lines": [
    "lights."
   ]
  }, 
  {
   "begin": "4.520", 
   "end": "4.920", 
   "id": "f000009", 
   "language": "en", 
   "lines": [
    "Bani"
   ]
  }, 
  {
   "begin": "4.920", 
   "end": "5.240", 
   "id": "f000010", 
   "language": "en", 
   "lines": [
    "saw"
   ]
  }, 
  {
   "begin": "5.240", 
   "end": "5.320", 
   "id": "f000011", 
   "language": "en", 
   "lines": [
    "a"
   ]
  }, 
  {
   "begin": "5.320", 
   "end": "6.200", 
   "id": "f000012", 
   "language": "en", 
   "lines": [
    "town"
   ]
  }, 
  {
   "begin": "6.200", 
   "end": "6.560", 
   "id": "f000013", 
   "language": "en", 
   "lines": [
    "all"
   ]
  }, 
  {
   "begin": "6.560", 
   "end": "6.800", 
   "id": "f000014", 
   "language": "en", 
   "lines": [
    "made"
   ]
  }, 
  {
   "begin": "6.800", 
   "end": "7.080", 
   "id": "f000015", 
   "language": "en", 
   "lines": [
    "of"
   ]
  }, 
  {
   "begin": "7.080", 
   "end": "7.560", 
   "id": "f000016", 
   "language": "en", 
   "lines": [
    "giant"
   ]
  }, 
  {
   "begin": "7.560", 
   "end": "8.360", 
   "id": "f000017", 
   "language": "en", 
   "lines": [
    "mushrooms."
   ]
  }, 
  {
   "begin": "8.360", 
   "end": "9.200", 
   "id": "f000018", 
   "language": "en", 
   "lines": [
    "There"
   ]
  }, 
  {
   "begin": "9.200", 
   "end": "9.600", 
   "id": "f000019", 
   "language": "en", 
   "lines": [
    "were"
   ]
  }, 
  {
   "begin": "9.600", 
   "end": "9.920", 
   "id": "f000020", 
   "language": "en", 
   "lines": [
    "green"
   ]
  }, 
  {
   "begin": "9.920", 
   "end": "11.000", 
   "id": "f000021", 
   "language": "en", 
   "lines": [
    "mushrooms,"
   ]
  }, 
  {
   "begin": "11.000", 
   "end": "11.640", 
   "id": "f000022", 
   "language": "en", 
   "lines": [
    "yellow,"
   ]
  }, 
  {
   "begin": "11.640", 
   "end": "12.360", 
   "id": "f000023", 
   "language": "en", 
   "lines": [
    "white,"
   ]
  }, 
  {
   "begin": "12.360", 
   "end": "13.000", 
   "id": "f000024", 
   "language": "en", 
   "lines": [
    "purple"
   ]
  }, 
  {
   "begin": "13.000", 
   "end": "13.440", 
   "id": "f000025", 
   "language": "en", 
   "lines": [
    "and"
   ]
  }, 
  {
   "begin": "13.440", 
   "end": "14.120", 
   "id": "f000026", 
   "language": "en", 
   "lines": [
    "red"
   ]
  }, 
  {
   "begin": "14.120", 
   "end": "15.320", 
   "id": "f000027", 
   "language": "en", 
   "lines": [
    "mushrooms."
   ]
  }, 
  {
   "begin": "15.320", 
   "end": "15.560", 
   "id": "f000028", 
   "language": "en", 
   "lines": [
    "In"
   ]
  }, 
  {
   "begin": "15.560", 
   "end": "15.880", 
   "id": "f000029", 
   "language": "en", 
   "lines": [
    "each"
   ]
  }, 
  {
   "begin": "15.880", 
   "end": "16.360", 
   "id": "f000030", 
   "language": "en", 
   "lines": [
    "mushroom"
   ]
  }, 
  {
   "begin": "16.360", 
   "end": "16.800", 
   "id": "f000031", 
   "language": "en", 
   "lines": [
    "was"
   ]
  }, 
  {
   "begin": "16.800", 
   "end": "17.120", 
   "id": "f000032", 
   "language": "en", 
   "lines": [
    "a"
   ]
  }, 
  {
   "begin": "17.120", 
   "end": "18.040", 
   "id": "f000033", 
   "language": "en", 
   "lines": [
    "house."
   ]
  }
 ]
}