{
 "fragments": [
  {
   "begin": "0.000", 
   "end": "0.000", 
   "id": "f000001", 
   "language": "en", 
   "lines": [
    "Bani"
   ]
  }, 
  {
   "begin": "0.000", 
   "end": "1.800", 
   "id": "f000002", 
   "language": "en", 
   "lines": [
    "stretched"
   ]
  }, 
  {
   "begin": "1.800", 
   "end": "2.000", 
   "id": "f000003", 
   "language": "en", 
   "lines": [
    "out"
   ]
  }, 
  {
   "begin": "2.000", 
   "end": "2.320", 
   "id": "f000004", 
   "language": "en", 
   "lines": [
    "her"
   ]
  }, 
  {
   "begin": "2.320", 
   "end": "2.800", 
   "id": "f000005", 
   "language": "en", 
   "lines": [
    "arms"
   ]
  }, 
  {
   "begin": "2.800", 
   "end": "3.360", 
   "id": "f000006", 
   "language": "en", 
   "lines": [
    "and"
   ]
  }, 
  {
   "begin": "3.360", 
   "end": "3.680", 
   "id": "f000007", 
   "language": "en", 
   "lines": [
    "she"
   ]
  }, 
  {
   "begin": "3.680", 
   "end": "3.840", 
   "id": "f000008", 
   "language": "en", 
   "lines": [
    "was"
   ]
  }, 
  {
   "begin": "3.840", 
   "end": "4.480", 
   "id": "f000009", 
   "language": "en", 
   "lines": [
    "flying"
   ]
  }, 
  {
   "begin": "4.480", 
   "end": "4.600", 
   "id": "f000010", 
   "language": "en", 
   "lines": [
    "with"
   ]
  }, 
  {
   "begin": "4.600", 
   "end": "4.800", 
   "id": "f000011", 
   "language": "en", 
   "lines": [
    "her"
   ]
  }, 
  {
   "begin": "4.800", 
   "end": "5.000", 
   "id": "f000012", 
   "language": "en", 
   "lines": [
    "new"
   ]
  }, 
  {
   "begin": "5.000", 
   "end": "5.600", 
   "id": "f000013", 
   "language": "en", 
   "lines": [
    "friends.\n"
   ]
  }, 
  {
   "begin": "5.600", 
   "end": "5.600", 
   "id": "f000014", 
   "language": "en", 
   "lines": [
    ""
   ]
  }, 
  {
   "begin": "5.600", 
   "end": "5.600", 
   "id": "f000015", 
   "language": "en", 
   "lines": [
    ""
   ]
  }, 
  {
   "begin": "5.600", 
   "end": "6.640", 
   "id": "f000016", 
   "language": "en", 
   "lines": [
    "They"
   ]
  }, 
  {
   "begin": "6.640", 
   "end": "7.200", 
   "id": "f000017", 
   "language": "en", 
   "lines": [
    "flew"
   ]
  }, 
  {
   "begin": "7.200", 
   "end": "7.360", 
   "id": "f000018", 
   "language": "en", 
   "lines": [
    "over"
   ]
  }, 
  {
   "begin": "7.360", 
   "end": "7.600", 
   "id": "f000019", 
   "language": "en", 
   "lines": [
    "the"
   ]
  }, 
  {
   "begin": "7.600", 
   "end": "8.760", 
   "id": "f000020", 
   "language": "en", 
   "lines": [
    "forest"
   ]
  }, 
  {
   "begin": "8.760", 
   "end": "8.960", 
   "id": "f000021", 
   "language": "en", 
   "lines": [
    "and"
   ]
  }, 
  {
   "begin": "8.960", 
   "end": "9.240", 
   "id": "f000022", 
   "language": "en", 
   "lines": [
    "when"
   ]
  }, 
  {
   "begin": "9.240", 
   "end": "9.520", 
   "id": "f000023", 
   "language": "en", 
   "lines": [
    "Bani"
   ]
  }, 
  {
   "begin": "9.520", 
   "end": "9.960", 
   "id": "f000024", 
   "language": "en", 
   "lines": [
    "looked"
   ]
  }, 
  {
   "begin": "9.960", 
   "end": "11.040", 
   "id": "f000025", 
   "language": "en", 
   "lines": [
    "down,"
   ]
  }, 
  {
   "begin": "11.040", 
   "end": "11.600", 
   "id": "f000026", 
   "language": "en", 
   "lines": [
    "she"
   ]
  }, 
  {
   "begin": "11.600", 
   "end": "11.880", 
   "id": "f000027", 
   "language": "en", 
   "lines": [
    "saw"
   ]
  }, 
  {
   "begin": "11.880", 
   "end": "12.200", 
   "id": "f000028", 
   "language": "en", 
   "lines": [
    "hundreds"
   ]
  }, 
  {
   "begin": "12.200", 
   "end": "12.360", 
   "id": "f000029", 
   "language": "en", 
   "lines": [
    "of"
   ]
  }, 
  {
   "begin": "12.360", 
   "end": "13.320", 
   "id": "f000030", 
   "language": "en", 
   "lines": [
    "lights."
   ]
  }
 ]
}