{
 "fragments": [
  {
   "begin": "0.000", 
   "end": "0.560", 
   "id": "f000001", 
   "language": "en", 
   "lines": [
    "Bani"
   ]
  }, 
  {
   "begin": "0.560", 
   "end": "0.960", 
   "id": "f000002", 
   "language": "en", 
   "lines": [
    "went"
   ]
  }, 
  {
   "begin": "0.960", 
   "end": "1.280", 
   "id": "f000003", 
   "language": "en", 
   "lines": [
    "to"
   ]
  }, 
  {
   "begin": "1.280", 
   "end": "1.320", 
   "id": "f000004", 
   "language": "en", 
   "lines": [
    "the"
   ]
  }, 
  {
   "begin": "1.320", 
   "end": "1.560", 
   "id": "f000005", 
   "language": "en", 
   "lines": [
    "book"
   ]
  }, 
  {
   "begin": "1.560", 
   "end": "2.280", 
   "id": "f000006", 
   "language": "en", 
   "lines": [
    "mushrooms."
   ]
  }, 
  {
   "begin": "2.280", 
   "end": "2.280", 
   "id": "f000007", 
   "language": "en", 
   "lines": [
    "The"
   ]
  }, 
  {
   "begin": "2.280", 
   "end": "3.960", 
   "id": "f000008", 
   "language": "en", 
   "lines": [
    "figures"
   ]
  }, 
  {
   "begin": "3.960", 
   "end": "4.480", 
   "id": "f000009", 
   "language": "en", 
   "lines": [
    "told"
   ]
  }, 
  {
   "begin": "4.480", 
   "end": "4.520", 
   "id": "f000010", 
   "language": "en", 
   "lines": [
    "her"
   ]
  }, 
  {
   "begin": "4.520", 
   "end": "5.160", 
   "id": "f000011", 
   "language": "en", 
   "lines": [
    "stories"
   ]
  }, 
  {
   "begin": "5.160", 
   "end": "5.320", 
   "id": "f000012", 
   "language": "en", 
   "lines": [
    "of"
   ]
  }, 
  {
   "begin": "5.320", 
   "end": "6.000", 
   "id": "f000013", 
   "language": "en", 
   "lines": [
    "kings,"
   ]
  }, 
  {
   "begin": "6.000", 
   "end": "7.000", 
   "id": "f000014", 
   "language": "en", 
   "lines": [
    "queens,"
   ]
  }, 
  {
   "begin": "7.000", 
   "end": "8.320", 
   "id": "f000015", 
   "language": "en", 
   "lines": [
    "fairies"
   ]
  }, 
  {
   "begin": "8.320", 
   "end": "8.640", 
   "id": "f000016", 
   "language": "en", 
   "lines": [
    "and"
   ]
  }, 
  {
   "begin": "8.640", 
   "end": "9.120", 
   "id": "f000017", 
   "language": "en", 
   "lines": [
    "brave"
   ]
  }, 
  {
   "begin": "9.120", 
   "end": "10.480", 
   "id": "f000018", 
   "language": "en", 
   "lines": [
    "warriors."
   ]
  }, 
  {
   "begin": "10.480", 
   "end": "10.840", 
   "id": "f000019", 
   "language": "en", 
   "lines": [
    "She"
   ]
  }, 
  {
   "begin": "10.840", 
   "end": "11.520", 
   "id": "f000020", 
   "language": "en", 
   "lines": [
    "listened"
   ]
  }, 
  {
   "begin": "11.520", 
   "end": "11.880", 
   "id": "f000021", 
   "language": "en", 
   "lines": [
    "while"
   ]
  }, 
  {
   "begin": "11.880", 
   "end": "12.280", 
   "id": "f000022", 
   "language": "en", 
   "lines": [
    "eating"
   ]
  }, 
  {
   "begin": "12.280", 
   "end": "12.840", 
   "id": "f000023", 
   "language": "en", 
   "lines": [
    "mushroom"
   ]
  }, 
  {
   "begin": "12.840", 
   "end": "14.040", 
   "id": "f000024", 
   "language": "en", 
   "lines": [
    "chips."
   ]
  }, 
  {
   "begin": "14.040", 
   "end": "14.360", 
   "id": "f000025", 
   "language": "en", 
   "lines": [
    "Soon"
   ]
  }, 
  {
   "begin": "14.360", 
   "end": "14.560", 
   "id": "f000026", 
   "language": "en", 
   "lines": [
    "she"
   ]
  }, 
  {
   "begin": "14.560", 
   "end": "14.880", 
   "id": "f000027", 
   "language": "en", 
   "lines": [
    "was"
   ]
  }, 
  {
   "begin": "14.880", 
   "end": "15.240", 
   "id": "f000028", 
   "language": "en", 
   "lines": [
    "very"
   ]
  }, 
  {
   "begin": "15.240", 
   "end": "16.560", 
   "id": "f000029", 
   "language": "en", 
   "lines": [
    "thirsty."
   ]
  }, 
  {
   "begin": "16.560", 
   "end": "16.720", 
   "id": "f000030", 
   "language": "en", 
   "lines": [
    "The"
   ]
  }, 
  {
   "begin": "16.720", 
   "end": "17.160", 
   "id": "f000031", 
   "language": "en", 
   "lines": [
    "children"
   ]
  }, 
  {
   "begin": "17.160", 
   "end": "17.200", 
   "id": "f000032", 
   "language": "en", 
   "lines": [
    "took"
   ]
  }, 
  {
   "begin": "17.200", 
   "end": "17.320", 
   "id": "f000033", 
   "language": "en", 
   "lines": [
    "her"
   ]
  }, 
  {
   "begin": "17.320", 
   "end": "17.600", 
   "id": "f000034", 
   "language": "en", 
   "lines": [
    "to"
   ]
  }, 
  {
   "begin": "17.600", 
   "end": "17.880", 
   "id": "f000035", 
   "language": "en", 
   "lines": [
    "a"
   ]
  }, 
  {
   "begin": "17.880", 
   "end": "18.160", 
   "id": "f000036", 
   "language": "en", 
   "lines": [
    "stream"
   ]
  }, 
  {
   "begin": "18.160", 
   "end": "18.560", 
   "id": "f000037", 
   "language": "en", 
   "lines": [
    "of"
   ]
  }, 
  {
   "begin": "18.560", 
   "end": "19.080", 
   "id": "f000038", 
   "language": "en", 
   "lines": [
    "sparkling"
   ]
  }, 
  {
   "begin": "19.080", 
   "end": "20.480", 
   "id": "f000039", 
   "language": "en", 
   "lines": [
    "water."
   ]
  }, 
  {
   "begin": "20.480", 
   "end": "20.680", 
   "id": "f000040", 
   "language": "en", 
   "lines": [
    "It"
   ]
  }, 
  {
   "begin": "20.680", 
   "end": "21.160", 
   "id": "f000041", 
   "language": "en", 
   "lines": [
    "was"
   ]
  }, 
  {
   "begin": "21.160", 
   "end": "21.600", 
   "id": "f000042", 
   "language": "en", 
   "lines": [
    "lemonade."
   ]
  }, 
  {
   "begin": "21.600", 
   "end": "22.400", 
   "id": "f000043", 
   "language": "en", 
   "lines": [
    "The"
   ]
  }, 
  {
   "begin": "22.400", 
   "end": "22.920", 
   "id": "f000044", 
   "language": "en", 
   "lines": [
    "next"
   ]
  }, 
  {
   "begin": "22.920", 
   "end": "23.800", 
   "id": "f000045", 
   "language": "en", 
   "lines": [
    "stream"
   ]
  }, 
  {
   "begin": "23.800", 
   "end": "24.120", 
   "id": "f000046", 
   "language": "en", 
   "lines": [
    "was"
   ]
  }, 
  {
   "begin": "24.120", 
   "end": "24.560", 
   "id": "f000047", 
   "language": "en", 
   "lines": [
    "orange"
   ]
  }, 
  {
   "begin": "24.560", 
   "end": "25.680", 
   "id": "f000048", 
   "language": "en", 
   "lines": [
    "juice"
   ]
  }, 
  {
   "begin": "25.680", 
   "end": "25.960", 
   "id": "f000049", 
   "language": "en", 
   "lines": [
    "and"
   ]
  }, 
  {
   "begin": "25.960", 
   "end": "26.880", 
   "id": "f000050", 
   "language": "en", 
   "lines": [
    "another"
   ]
  }, 
  {
   "begin": "26.880", 
   "end": "27.360", 
   "id": "f000051", 
   "language": "en", 
   "lines": [
    "mango"
   ]
  }, 
  {
   "begin": "27.360", 
   "end": "28.400", 
   "id": "f000052", 
   "language": "en", 
   "lines": [
    "juice."
   ]
  }, 
  {
   "begin": "28.400", 
   "end": "28.840", 
   "id": "f000053", 
   "language": "en", 
   "lines": [
    "Bani"
   ]
  }, 
  {
   "begin": "28.840", 
   "end": "29.280", 
   "id": "f000054", 
   "language": "en", 
   "lines": [
    "drank"
   ]
  }, 
  {
   "begin": "29.280", 
   "end": "29.320", 
   "id": "f000055", 
   "language": "en", 
   "lines": [
    "a"
   ]
  }, 
  {
   "begin": "29.320", 
   "end": "29.560", 
   "id": "f000056", 
   "language": "en", 
   "lines": [
    "little"
   ]
  }, 
  {
   "begin": "29.560", 
   "end": "29.960", 
   "id": "f000057", 
   "language": "en", 
   "lines": [
    "from"
   ]
  }, 
  {
   "begin": "29.960", 
   "end": "30.240", 
   "id": "f000058", 
   "language": "en", 
   "lines": [
    "all"
   ]
  }, 
  {
   "begin": "30.240", 
   "end": "30.360", 
   "id": "f000059", 
   "language": "en", 
   "lines": [
    "the"
   ]
  }, 
  {
   "begin": "30.360", 
   "end": "31.560", 
   "id": "f000060", 
   "language": "en", 
   "lines": [
    "streams."
   ]
  }, 
  {
   "begin": "31.560", 
   "end": "31.720", 
   "id": "f000061", 
   "language": "en", 
   "lines": [
    "It"
   ]
  }, 
  {
   "begin": "31.720", 
   "end": "31.920", 
   "id": "f000062", 
   "language": "en", 
   "lines": [
    "was"
   ]
  }, 
  {
   "begin": "31.920", 
   "end": "32.360", 
   "id": "f000063", 
   "language": "en", 
   "lines": [
    "nice"
   ]
  }, 
  {
   "begin": "32.360", 
   "end": "32.640", 
   "id": "f000064", 
   "language": "en", 
   "lines": [
    "and"
   ]
  }, 
  {
   "begin": "32.640", 
   "end": "33.560", 
   "id": "f000065", 
   "language": "en", 
   "lines": [
    "cold."
   ]
  }
 ]
}