{
 "fragments": [
  {
   "begin": "0.000", 
   "end": "0.760", 
   "id": "f000001", 
   "language": "en", 
   "lines": [
    "\u201cBye"
   ]
  }, 
  {
   "begin": "0.760", 
   "end": "1.280", 
   "id": "f000002", 
   "language": "en", 
   "lines": [
    "bye"
   ]
  }, 
  {
   "begin": "1.280", 
   "end": "1.520", 
   "id": "f000003", 
   "language": "en", 
   "lines": [
    "Bani!"
   ]
  }, 
  {
   "begin": "1.520", 
   "end": "1.920", 
   "id": "f000004", 
   "language": "en", 
   "lines": [
    "Come"
   ]
  }, 
  {
   "begin": "1.920", 
   "end": "3.160", 
   "id": "f000005", 
   "language": "en", 
   "lines": [
    "again!\u201d"
   ]
  }, 
  {
   "begin": "3.160", 
   "end": "3.320", 
   "id": "f000006", 
   "language": "en", 
   "lines": [
    "The"
   ]
  }, 
  {
   "begin": "3.320", 
   "end": "3.760", 
   "id": "f000007", 
   "language": "en", 
   "lines": [
    "children"
   ]
  }, 
  {
   "begin": "3.760", 
   "end": "4.160", 
   "id": "f000008", 
   "language": "en", 
   "lines": [
    "flew"
   ]
  }, 
  {
   "begin": "4.160", 
   "end": "4.360", 
   "id": "f000009", 
   "language": "en", 
   "lines": [
    "back"
   ]
  }, 
  {
   "begin": "4.360", 
   "end": "4.520", 
   "id": "f000010", 
   "language": "en", 
   "lines": [
    "to"
   ]
  }, 
  {
   "begin": "4.520", 
   "end": "5.160", 
   "id": "f000011", 
   "language": "en", 
   "lines": [
    "mushroom"
   ]
  }, 
  {
   "begin": "5.160", 
   "end": "6.040", 
   "id": "f000012", 
   "language": "en", 
   "lines": [
    "town."
   ]
  }
 ]
}