{
 "fragments": [
  {
   "begin": "0.000", 
   "end": "0.240", 
   "id": "f000001", 
   "language": "en", 
   "lines": [
    "There"
   ]
  }, 
  {
   "begin": "0.240", 
   "end": "0.680", 
   "id": "f000002", 
   "language": "en", 
   "lines": [
    "were"
   ]
  }, 
  {
   "begin": "0.680", 
   "end": "1.200", 
   "id": "f000003", 
   "language": "en", 
   "lines": [
    "magic"
   ]
  }, 
  {
   "begin": "1.200", 
   "end": "1.720", 
   "id": "f000004", 
   "language": "en", 
   "lines": [
    "jigsaw"
   ]
  }, 
  {
   "begin": "1.720", 
   "end": "2.280", 
   "id": "f000005", 
   "language": "en", 
   "lines": [
    "puzzles"
   ]
  }, 
  {
   "begin": "2.280", 
   "end": "2.680", 
   "id": "f000006", 
   "language": "en", 
   "lines": [
    "that"
   ]
  }, 
  {
   "begin": "2.680", 
   "end": "3.040", 
   "id": "f000007", 
   "language": "en", 
   "lines": [
    "spoke,"
   ]
  }, 
  {
   "begin": "3.040", 
   "end": "3.840", 
   "id": "f000008", 
   "language": "en", 
   "lines": [
    "\u201cPut"
   ]
  }, 
  {
   "begin": "3.840", 
   "end": "4.200", 
   "id": "f000009", 
   "language": "en", 
   "lines": [
    "us"
   ]
  }, 
  {
   "begin": "4.200", 
   "end": "4.960", 
   "id": "f000010", 
   "language": "en", 
   "lines": [
    "together!\u201d"
   ]
  }, 
  {
   "begin": "4.960", 
   "end": "5.720", 
   "id": "f000011", 
   "language": "en", 
   "lines": [
    "Coloured"
   ]
  }, 
  {
   "begin": "5.720", 
   "end": "6.040", 
   "id": "f000012", 
   "language": "en", 
   "lines": [
    "blocks"
   ]
  }, 
  {
   "begin": "6.040", 
   "end": "6.720", 
   "id": "f000013", 
   "language": "en", 
   "lines": [
    "shouted,"
   ]
  }, 
  {
   "begin": "6.720", 
   "end": "7.960", 
   "id": "f000014", 
   "language": "en", 
   "lines": [
    "\u201cBuild"
   ]
  }, 
  {
   "begin": "7.960", 
   "end": "8.000", 
   "id": "f000015", 
   "language": "en", 
   "lines": [
    "us"
   ]
  }, 
  {
   "begin": "8.000", 
   "end": "8.440", 
   "id": "f000016", 
   "language": "en", 
   "lines": [
    "up"
   ]
  }, 
  {
   "begin": "8.440", 
   "end": "8.840", 
   "id": "f000017", 
   "language": "en", 
   "lines": [
    "and"
   ]
  }, 
  {
   "begin": "8.840", 
   "end": "9.080", 
   "id": "f000018", 
   "language": "en", 
   "lines": [
    "you"
   ]
  }, 
  {
   "begin": "9.080", 
   "end": "9.280", 
   "id": "f000019", 
   "language": "en", 
   "lines": [
    "can"
   ]
  }, 
  {
   "begin": "9.280", 
   "end": "9.320", 
   "id": "f000020", 
   "language": "en", 
   "lines": [
    "knock"
   ]
  }, 
  {
   "begin": "9.320", 
   "end": "9.600", 
   "id": "f000021", 
   "language": "en", 
   "lines": [
    "us"
   ]
  }, 
  {
   "begin": "9.600", 
   "end": "10.840", 
   "id": "f000022", 
   "language": "en", 
   "lines": [
    "down.\u201d"
   ]
  }, 
  {
   "begin": "10.840", 
   "end": "10.920", 
   "id": "f000023", 
   "language": "en", 
   "lines": [
    "Bani"
   ]
  }, 
  {
   "begin": "10.920", 
   "end": "11.560", 
   "id": "f000024", 
   "language": "en", 
   "lines": [
    "had"
   ]
  }, 
  {
   "begin": "11.560", 
   "end": "11.760", 
   "id": "f000025", 
   "language": "en", 
   "lines": [
    "a"
   ]
  }, 
  {
   "begin": "11.760", 
   "end": "12.160", 
   "id": "f000026", 
   "language": "en", 
   "lines": [
    "great"
   ]
  }, 
  {
   "begin": "12.160", 
   "end": "13.240", 
   "id": "f000027", 
   "language": "en", 
   "lines": [
    "time."
   ]
  }, 
  {
   "begin": "13.240", 
   "end": "13.640", 
   "id": "f000028", 
   "language": "en", 
   "lines": [
    "Now"
   ]
  }, 
  {
   "begin": "13.640", 
   "end": "13.760", 
   "id": "f000029", 
   "language": "en", 
   "lines": [
    "it"
   ]
  }, 
  {
   "begin": "13.760", 
   "end": "13.960", 
   "id": "f000030", 
   "language": "en", 
   "lines": [
    "was"
   ]
  }, 
  {
   "begin": "13.960", 
   "end": "14.280", 
   "id": "f000031", 
   "language": "en", 
   "lines": [
    "time"
   ]
  }, 
  {
   "begin": "14.280", 
   "end": "14.440", 
   "id": "f000032", 
   "language": "en", 
   "lines": [
    "to"
   ]
  }, 
  {
   "begin": "14.440", 
   "end": "14.720", 
   "id": "f000033", 
   "language": "en", 
   "lines": [
    "go"
   ]
  }, 
  {
   "begin": "14.720", 
   "end": "15.120", 
   "id": "f000034", 
   "language": "en", 
   "lines": [
    "home."
   ]
  }, 
  {
   "begin": "15.120", 
   "end": "15.840", 
   "id": "f000035", 
   "language": "en", 
   "lines": [
    "They"
   ]
  }, 
  {
   "begin": "15.840", 
   "end": "16.160", 
   "id": "f000036", 
   "language": "en", 
   "lines": [
    "all"
   ]
  }, 
  {
   "begin": "16.160", 
   "end": "16.520", 
   "id": "f000037", 
   "language": "en", 
   "lines": [
    "flew"
   ]
  }, 
  {
   "begin": "16.520", 
   "end": "16.720", 
   "id": "f000038", 
   "language": "en", 
   "lines": [
    "over"
   ]
  }, 
  {
   "begin": "16.720", 
   "end": "16.920", 
   "id": "f000039", 
   "language": "en", 
   "lines": [
    "the"
   ]
  }, 
  {
   "begin": "16.920", 
   "end": "17.480", 
   "id": "f000040", 
   "language": "en", 
   "lines": [
    "forest"
   ]
  }, 
  {
   "begin": "17.480", 
   "end": "17.840", 
   "id": "f000041", 
   "language": "en", 
   "lines": [
    "to"
   ]
  }, 
  {
   "begin": "17.840", 
   "end": "18.400", 
   "id": "f000042", 
   "language": "en", 
   "lines": [
    "Bani\u2019s"
   ]
  }, 
  {
   "begin": "18.400", 
   "end": "18.960", 
   "id": "f000043", 
   "language": "en", 
   "lines": [
    "home."
   ]
  }
 ]
}