{
 "fragments": [
  {
   "begin": "0.000", 
   "end": "0.560", 
   "id": "f000001", 
   "language": "en", 
   "lines": [
    "One"
   ]
  }, 
  {
   "begin": "0.560", 
   "end": "1.320", 
   "id": "f000002", 
   "language": "en", 
   "lines": [
    "night,"
   ]
  }, 
  {
   "begin": "1.320", 
   "end": "1.720", 
   "id": "f000003", 
   "language": "en", 
   "lines": [
    "Bani"
   ]
  }, 
  {
   "begin": "1.720", 
   "end": "2.120", 
   "id": "f000004", 
   "language": "en", 
   "lines": [
    "was"
   ]
  }, 
  {
   "begin": "2.120", 
   "end": "2.600", 
   "id": "f000005", 
   "language": "en", 
   "lines": [
    "really"
   ]
  }, 
  {
   "begin": "2.600", 
   "end": "3.880", 
   "id": "f000006", 
   "language": "en", 
   "lines": [
    "tired."
   ]
  }, 
  {
   "begin": "3.880", 
   "end": "4.040", 
   "id": "f000007", 
   "language": "en", 
   "lines": [
    "As"
   ]
  }, 
  {
   "begin": "4.040", 
   "end": "4.320", 
   "id": "f000008", 
   "language": "en", 
   "lines": [
    "she"
   ]
  }, 
  {
   "begin": "4.320", 
   "end": "4.760", 
   "id": "f000009", 
   "language": "en", 
   "lines": [
    "closed"
   ]
  }, 
  {
   "begin": "4.760", 
   "end": "4.960", 
   "id": "f000010", 
   "language": "en", 
   "lines": [
    "her"
   ]
  }, 
  {
   "begin": "4.960", 
   "end": "4.960", 
   "id": "f000011", 
   "language": "en", 
   "lines": [
    "eyes"
   ]
  }, 
  {
   "begin": "4.960", 
   "end": "5.000", 
   "id": "f000012", 
   "language": "en", 
   "lines": [
    "to"
   ]
  }, 
  {
   "begin": "5.000", 
   "end": "5.480", 
   "id": "f000013", 
   "language": "en", 
   "lines": [
    "sleep,"
   ]
  }, 
  {
   "begin": "5.480", 
   "end": "5.960", 
   "id": "f000014", 
   "language": "en", 
   "lines": [
    "she"
   ]
  }, 
  {
   "begin": "5.960", 
   "end": "6.840", 
   "id": "f000015", 
   "language": "en", 
   "lines": [
    "felt"
   ]
  }, 
  {
   "begin": "6.840", 
   "end": "8.160", 
   "id": "f000016", 
   "language": "en", 
   "lines": [
    "herself"
   ]
  }, 
  {
   "begin": "8.160", 
   "end": "8.680", 
   "id": "f000017", 
   "language": "en", 
   "lines": [
    "floating"
   ]
  }, 
  {
   "begin": "8.680", 
   "end": "9.960", 
   "id": "f000018", 
   "language": "en", 
   "lines": [
    "away,"
   ]
  }, 
  {
   "begin": "9.960", 
   "end": "10.360", 
   "id": "f000019", 
   "language": "en", 
   "lines": [
    "out"
   ]
  }, 
  {
   "begin": "10.360", 
   "end": "10.360", 
   "id": "f000020", 
   "language": "en", 
   "lines": [
    "of"
   ]
  }, 
  {
   "begin": "10.360", 
   "end": "10.440", 
   "id": "f000021", 
   "language": "en", 
   "lines": [
    "the"
   ]
  }, 
  {
   "begin": "10.440", 
   "end": "11.040", 
   "id": "f000022", 
   "language": "en", 
   "lines": [
    "house,"
   ]
  }, 
  {
   "begin": "11.040", 
   "end": "11.720", 
   "id": "f000023", 
   "language": "en", 
   "lines": [
    "down"
   ]
  }, 
  {
   "begin": "11.720", 
   "end": "12.240", 
   "id": "f000024", 
   "language": "en", 
   "lines": [
    "the"
   ]
  }, 
  {
   "begin": "12.240", 
   "end": "13.280", 
   "id": "f000025", 
   "language": "en", 
   "lines": [
    "hill"
   ]
  }, 
  {
   "begin": "13.280", 
   "end": "13.760", 
   "id": "f000026", 
   "language": "en", 
   "lines": [
    "into"
   ]
  }, 
  {
   "begin": "13.760", 
   "end": "13.800", 
   "id": "f000027", 
   "language": "en", 
   "lines": [
    "a"
   ]
  }, 
  {
   "begin": "13.800", 
   "end": "14.320", 
   "id": "f000028", 
   "language": "en", 
   "lines": [
    "grove"
   ]
  }, 
  {
   "begin": "14.320", 
   "end": "14.320", 
   "id": "f000029", 
   "language": "en", 
   "lines": [
    "of"
   ]
  }, 
  {
   "begin": "14.320", 
   "end": "15.400", 
   "id": "f000030", 
   "language": "en", 
   "lines": [
    "trees."
   ]
  }
 ]
}