{
 "fragments": [
  {
   "begin": "0.000", 
   "end": "0.600", 
   "id": "f000001", 
   "language": "en", 
   "lines": [
    "Bani"
   ]
  }, 
  {
   "begin": "0.600", 
   "end": "1.280", 
   "id": "f000002", 
   "language": "en", 
   "lines": [
    "sang"
   ]
  }, 
  {
   "begin": "1.280", 
   "end": "1.480", 
   "id": "f000003", 
   "language": "en", 
   "lines": [
    "and"
   ]
  }, 
  {
   "begin": "1.480", 
   "end": "2.080", 
   "id": "f000004", 
   "language": "en", 
   "lines": [
    "danced"
   ]
  }, 
  {
   "begin": "2.080", 
   "end": "2.360", 
   "id": "f000005", 
   "language": "en", 
   "lines": [
    "with"
   ]
  }, 
  {
   "begin": "2.360", 
   "end": "2.720", 
   "id": "f000006", 
   "language": "en", 
   "lines": [
    "all"
   ]
  }, 
  {
   "begin": "2.720", 
   "end": "2.880", 
   "id": "f000007", 
   "language": "en", 
   "lines": [
    "the"
   ]
  }, 
  {
   "begin": "2.880", 
   "end": "3.520", 
   "id": "f000008", 
   "language": "en", 
   "lines": [
    "children."
   ]
  }, 
  {
   "begin": "3.520", 
   "end": "4.840", 
   "id": "f000009", 
   "language": "en", 
   "lines": [
    "\u201cI"
   ]
  }, 
  {
   "begin": "4.840", 
   "end": "4.880", 
   "id": "f000010", 
   "language": "en", 
   "lines": [
    "am"
   ]
  }, 
  {
   "begin": "4.880", 
   "end": "6.480", 
   "id": "f000011", 
   "language": "en", 
   "lines": [
    "tired,\u201d"
   ]
  }, 
  {
   "begin": "6.480", 
   "end": "6.880", 
   "id": "f000012", 
   "language": "en", 
   "lines": [
    "said"
   ]
  }, 
  {
   "begin": "6.880", 
   "end": "7.400", 
   "id": "f000013", 
   "language": "en", 
   "lines": [
    "Bani,"
   ]
  }, 
  {
   "begin": "7.400", 
   "end": "8.480", 
   "id": "f000014", 
   "language": "en", 
   "lines": [
    "\u201cCan"
   ]
  }, 
  {
   "begin": "8.480", 
   "end": "8.760", 
   "id": "f000015", 
   "language": "en", 
   "lines": [
    "we"
   ]
  }, 
  {
   "begin": "8.760", 
   "end": "8.960", 
   "id": "f000016", 
   "language": "en", 
   "lines": [
    "rest?\u201d"
   ]
  }, 
  {
   "begin": "8.960", 
   "end": "10.000", 
   "id": "f000017", 
   "language": "en", 
   "lines": [
    "\u201cNo"
   ]
  }, 
  {
   "begin": "10.000", 
   "end": "10.720", 
   "id": "f000018", 
   "language": "en", 
   "lines": [
    "time!"
   ]
  }, 
  {
   "begin": "10.720", 
   "end": "11.000", 
   "id": "f000019", 
   "language": "en", 
   "lines": [
    "No"
   ]
  }, 
  {
   "begin": "11.000", 
   "end": "11.480", 
   "id": "f000020", 
   "language": "en", 
   "lines": [
    "time!"
   ]
  }, 
  {
   "begin": "11.480", 
   "end": "11.800", 
   "id": "f000021", 
   "language": "en", 
   "lines": [
    "Take"
   ]
  }, 
  {
   "begin": "11.800", 
   "end": "12.120", 
   "id": "f000022", 
   "language": "en", 
   "lines": [
    "a"
   ]
  }, 
  {
   "begin": "12.120", 
   "end": "12.400", 
   "id": "f000023", 
   "language": "en", 
   "lines": [
    "sip"
   ]
  }, 
  {
   "begin": "12.400", 
   "end": "12.720", 
   "id": "f000024", 
   "language": "en", 
   "lines": [
    "of"
   ]
  }, 
  {
   "begin": "12.720", 
   "end": "14.320", 
   "id": "f000025", 
   "language": "en", 
   "lines": [
    "lemonade.\u201d"
   ]
  }, 
  {
   "begin": "14.320", 
   "end": "14.720", 
   "id": "f000026", 
   "language": "en", 
   "lines": [
    "Bani"
   ]
  }, 
  {
   "begin": "14.720", 
   "end": "14.840", 
   "id": "f000027", 
   "language": "en", 
   "lines": [
    "took"
   ]
  }, 
  {
   "begin": "14.840", 
   "end": "15.000", 
   "id": "f000028", 
   "language": "en", 
   "lines": [
    "a"
   ]
  }, 
  {
   "begin": "15.000", 
   "end": "15.680", 
   "id": "f000029", 
   "language": "en", 
   "lines": [
    "sip"
   ]
  }, 
  {
   "begin": "15.680", 
   "end": "15.880", 
   "id": "f000030", 
   "language": "en", 
   "lines": [
    "and"
   ]
  }, 
  {
   "begin": "15.880", 
   "end": "16.000", 
   "id": "f000031", 
   "language": "en", 
   "lines": [
    "she"
   ]
  }, 
  {
   "begin": "16.000", 
   "end": "16.520", 
   "id": "f000032", 
   "language": "en", 
   "lines": [
    "felt"
   ]
  }, 
  {
   "begin": "16.520", 
   "end": "16.680", 
   "id": "f000033", 
   "language": "en", 
   "lines": [
    "better."
   ]
  }, 
  {
   "begin": "16.680", 
   "end": "17.760", 
   "id": "f000034", 
   "language": "en", 
   "lines": [
    "\u201cLet"
   ]
  }, 
  {
   "begin": "17.760", 
   "end": "17.920", 
   "id": "f000035", 
   "language": "en", 
   "lines": [
    "us"
   ]
  }, 
  {
   "begin": "17.920", 
   "end": "18.480", 
   "id": "f000036", 
   "language": "en", 
   "lines": [
    "fly"
   ]
  }, 
  {
   "begin": "18.480", 
   "end": "18.640", 
   "id": "f000037", 
   "language": "en", 
   "lines": [
    "to"
   ]
  }, 
  {
   "begin": "18.640", 
   "end": "18.960", 
   "id": "f000038", 
   "language": "en", 
   "lines": [
    "the"
   ]
  }, 
  {
   "begin": "18.960", 
   "end": "19.840", 
   "id": "f000039", 
   "language": "en", 
   "lines": [
    "mountains,\u201d"
   ]
  }, 
  {
   "begin": "19.840", 
   "end": "20.520", 
   "id": "f000040", 
   "language": "en", 
   "lines": [
    "they"
   ]
  }, 
  {
   "begin": "20.520", 
   "end": "20.960", 
   "id": "f000041", 
   "language": "en", 
   "lines": [
    "said."
   ]
  }, 
  {
   "begin": "20.960", 
   "end": "21.000", 
   "id": "f000042", 
   "language": "en", 
   "lines": [
    "They"
   ]
  }, 
  {
   "begin": "21.000", 
   "end": "22.160", 
   "id": "f000043", 
   "language": "en", 
   "lines": [
    "flew"
   ]
  }, 
  {
   "begin": "22.160", 
   "end": "22.600", 
   "id": "f000044", 
   "language": "en", 
   "lines": [
    "past"
   ]
  }, 
  {
   "begin": "22.600", 
   "end": "23.400", 
   "id": "f000045", 
   "language": "en", 
   "lines": [
    "mountains"
   ]
  }, 
  {
   "begin": "23.400", 
   "end": "23.920", 
   "id": "f000046", 
   "language": "en", 
   "lines": [
    "made"
   ]
  }, 
  {
   "begin": "23.920", 
   "end": "24.240", 
   "id": "f000047", 
   "language": "en", 
   "lines": [
    "of"
   ]
  }, 
  {
   "begin": "24.240", 
   "end": "24.680", 
   "id": "f000048", 
   "language": "en", 
   "lines": [
    "cake,"
   ]
  }, 
  {
   "begin": "24.680", 
   "end": "25.000", 
   "id": "f000049", 
   "language": "en", 
   "lines": [
    "ice"
   ]
  }, 
  {
   "begin": "25.000", 
   "end": "25.640", 
   "id": "f000050", 
   "language": "en", 
   "lines": [
    "cream"
   ]
  }, 
  {
   "begin": "25.640", 
   "end": "25.920", 
   "id": "f000051", 
   "language": "en", 
   "lines": [
    "and"
   ]
  }, 
  {
   "begin": "25.920", 
   "end": "26.960", 
   "id": "f000052", 
   "language": "en", 
   "lines": [
    "candy."
   ]
  }
 ]
}