{
 "fragments": [
  {
   "begin": "0.000", 
   "end": "0.000", 
   "id": "f000001", 
   "language": "en", 
   "lines": [
    "Then"
   ]
  }, 
  {
   "begin": "0.000", 
   "end": "0.000", 
   "id": "f000002", 
   "language": "en", 
   "lines": [
    "they"
   ]
  }, 
  {
   "begin": "0.000", 
   "end": "0.760", 
   "id": "f000003", 
   "language": "en", 
   "lines": [
    "came"
   ]
  }, 
  {
   "begin": "0.760", 
   "end": "1.040", 
   "id": "f000004", 
   "language": "en", 
   "lines": [
    "to"
   ]
  }, 
  {
   "begin": "1.040", 
   "end": "1.240", 
   "id": "f000005", 
   "language": "en", 
   "lines": [
    "the"
   ]
  }, 
  {
   "begin": "1.240", 
   "end": "1.840", 
   "id": "f000006", 
   "language": "en", 
   "lines": [
    "very"
   ]
  }, 
  {
   "begin": "1.840", 
   "end": "2.320", 
   "id": "f000007", 
   "language": "en", 
   "lines": [
    "last"
   ]
  }, 
  {
   "begin": "2.320", 
   "end": "3.560", 
   "id": "f000008", 
   "language": "en", 
   "lines": [
    "mountain."
   ]
  }, 
  {
   "begin": "3.560", 
   "end": "3.720", 
   "id": "f000009", 
   "language": "en", 
   "lines": [
    "It"
   ]
  }, 
  {
   "begin": "3.720", 
   "end": "4.040", 
   "id": "f000010", 
   "language": "en", 
   "lines": [
    "was"
   ]
  }, 
  {
   "begin": "4.040", 
   "end": "4.040", 
   "id": "f000011", 
   "language": "en", 
   "lines": [
    "a"
   ]
  }, 
  {
   "begin": "4.040", 
   "end": "4.400", 
   "id": "f000012", 
   "language": "en", 
   "lines": [
    "toy"
   ]
  }, 
  {
   "begin": "4.400", 
   "end": "5.800", 
   "id": "f000013", 
   "language": "en", 
   "lines": [
    "mountain."
   ]
  }, 
  {
   "begin": "5.800", 
   "end": "5.880", 
   "id": "f000014", 
   "language": "en", 
   "lines": [
    "Bani"
   ]
  }, 
  {
   "begin": "5.880", 
   "end": "6.480", 
   "id": "f000015", 
   "language": "en", 
   "lines": [
    "had"
   ]
  }, 
  {
   "begin": "6.480", 
   "end": "6.800", 
   "id": "f000016", 
   "language": "en", 
   "lines": [
    "never"
   ]
  }, 
  {
   "begin": "6.800", 
   "end": "7.080", 
   "id": "f000017", 
   "language": "en", 
   "lines": [
    "seen"
   ]
  }, 
  {
   "begin": "7.080", 
   "end": "7.600", 
   "id": "f000018", 
   "language": "en", 
   "lines": [
    "so"
   ]
  }, 
  {
   "begin": "7.600", 
   "end": "7.920", 
   "id": "f000019", 
   "language": "en", 
   "lines": [
    "many"
   ]
  }, 
  {
   "begin": "7.920", 
   "end": "8.480", 
   "id": "f000020", 
   "language": "en", 
   "lines": [
    "toys!"
   ]
  }, 
  {
   "begin": "8.480", 
   "end": "8.480", 
   "id": "f000021", 
   "language": "en", 
   "lines": [
    "The"
   ]
  }, 
  {
   "begin": "8.480", 
   "end": "9.760", 
   "id": "f000022", 
   "language": "en", 
   "lines": [
    "children"
   ]
  }, 
  {
   "begin": "9.760", 
   "end": "10.120", 
   "id": "f000023", 
   "language": "en", 
   "lines": [
    "played"
   ]
  }, 
  {
   "begin": "10.120", 
   "end": "10.360", 
   "id": "f000024", 
   "language": "en", 
   "lines": [
    "with"
   ]
  }, 
  {
   "begin": "10.360", 
   "end": "10.880", 
   "id": "f000025", 
   "language": "en", 
   "lines": [
    "brightly"
   ]
  }, 
  {
   "begin": "10.880", 
   "end": "11.400", 
   "id": "f000026", 
   "language": "en", 
   "lines": [
    "coloured"
   ]
  }, 
  {
   "begin": "11.400", 
   "end": "11.920", 
   "id": "f000027", 
   "language": "en", 
   "lines": [
    "magic"
   ]
  }, 
  {
   "begin": "11.920", 
   "end": "12.640", 
   "id": "f000028", 
   "language": "en", 
   "lines": [
    "balls"
   ]
  }, 
  {
   "begin": "12.640", 
   "end": "12.880", 
   "id": "f000029", 
   "language": "en", 
   "lines": [
    "that"
   ]
  }, 
  {
   "begin": "12.880", 
   "end": "13.360", 
   "id": "f000030", 
   "language": "en", 
   "lines": [
    "bounced"
   ]
  }, 
  {
   "begin": "13.360", 
   "end": "13.640", 
   "id": "f000031", 
   "language": "en", 
   "lines": [
    "here"
   ]
  }, 
  {
   "begin": "13.640", 
   "end": "13.800", 
   "id": "f000032", 
   "language": "en", 
   "lines": [
    "and"
   ]
  }, 
  {
   "begin": "13.800", 
   "end": "14.480", 
   "id": "f000033", 
   "language": "en", 
   "lines": [
    "there"
   ]
  }, 
  {
   "begin": "14.480", 
   "end": "14.640", 
   "id": "f000034", 
   "language": "en", 
   "lines": [
    "making"
   ]
  }, 
  {
   "begin": "14.640", 
   "end": "14.960", 
   "id": "f000035", 
   "language": "en", 
   "lines": [
    "the"
   ]
  }, 
  {
   "begin": "14.960", 
   "end": "15.520", 
   "id": "f000036", 
   "language": "en", 
   "lines": [
    "children"
   ]
  }, 
  {
   "begin": "15.520", 
   "end": "16.040", 
   "id": "f000037", 
   "language": "en", 
   "lines": [
    "jump."
   ]
  }, 
  {
   "begin": "16.040", 
   "end": "17.040", 
   "id": "f000038", 
   "language": "en", 
   "lines": [
    "Toy"
   ]
  }, 
  {
   "begin": "17.040", 
   "end": "17.520", 
   "id": "f000039", 
   "language": "en", 
   "lines": [
    "cars"
   ]
  }, 
  {
   "begin": "17.520", 
   "end": "17.840", 
   "id": "f000040", 
   "language": "en", 
   "lines": [
    "whizzed"
   ]
  }, 
  {
   "begin": "17.840", 
   "end": "17.960", 
   "id": "f000041", 
   "language": "en", 
   "lines": [
    "up"
   ]
  }, 
  {
   "begin": "17.960", 
   "end": "18.160", 
   "id": "f000042", 
   "language": "en", 
   "lines": [
    "to"
   ]
  }, 
  {
   "begin": "18.160", 
   "end": "18.880", 
   "id": "f000043", 
   "language": "en", 
   "lines": [
    "them"
   ]
  }, 
  {
   "begin": "18.880", 
   "end": "19.080", 
   "id": "f000044", 
   "language": "en", 
   "lines": [
    "and"
   ]
  }, 
  {
   "begin": "19.080", 
   "end": "19.320", 
   "id": "f000045", 
   "language": "en", 
   "lines": [
    "took"
   ]
  }, 
  {
   "begin": "19.320", 
   "end": "19.520", 
   "id": "f000046", 
   "language": "en", 
   "lines": [
    "them"
   ]
  }, 
  {
   "begin": "19.520", 
   "end": "19.760", 
   "id": "f000047", 
   "language": "en", 
   "lines": [
    "for"
   ]
  }, 
  {
   "begin": "19.760", 
   "end": "20.640", 
   "id": "f000048", 
   "language": "en", 
   "lines": [
    "rides."
   ]
  }
 ]
}