{
 "fragments": [
  {
   "begin": "0.000", 
   "end": "0.600", 
   "id": "f000001", 
   "language": "en", 
   "lines": [
    "\u201cCome"
   ]
  }, 
  {
   "begin": "0.600", 
   "end": "1.760", 
   "id": "f000002", 
   "language": "en", 
   "lines": [
    "!"
   ]
  }, 
  {
   "begin": "1.760", 
   "end": "1.800", 
   "id": "f000003", 
   "language": "en", 
   "lines": [
    "Let"
   ]
  }, 
  {
   "begin": "1.800", 
   "end": "1.920", 
   "id": "f000004", 
   "language": "en", 
   "lines": [
    "us"
   ]
  }, 
  {
   "begin": "1.920", 
   "end": "2.240", 
   "id": "f000005", 
   "language": "en", 
   "lines": [
    "eat,\u201d"
   ]
  }, 
  {
   "begin": "2.240", 
   "end": "3.000", 
   "id": "f000006", 
   "language": "en", 
   "lines": [
    "said"
   ]
  }, 
  {
   "begin": "3.000", 
   "end": "3.240", 
   "id": "f000007", 
   "language": "en", 
   "lines": [
    "the"
   ]
  }, 
  {
   "begin": "3.240", 
   "end": "3.360", 
   "id": "f000008", 
   "language": "en", 
   "lines": [
    "children"
   ]
  }, 
  {
   "begin": "3.360", 
   "end": "4.480", 
   "id": "f000009", 
   "language": "en", 
   "lines": [
    "together."
   ]
  }, 
  {
   "begin": "4.480", 
   "end": "4.800", 
   "id": "f000010", 
   "language": "en", 
   "lines": [
    "All"
   ]
  }, 
  {
   "begin": "4.800", 
   "end": "5.200", 
   "id": "f000011", 
   "language": "en", 
   "lines": [
    "Bani"
   ]
  }, 
  {
   "begin": "5.200", 
   "end": "5.400", 
   "id": "f000012", 
   "language": "en", 
   "lines": [
    "could"
   ]
  }, 
  {
   "begin": "5.400", 
   "end": "6.120", 
   "id": "f000013", 
   "language": "en", 
   "lines": [
    "see"
   ]
  }, 
  {
   "begin": "6.120", 
   "end": "6.280", 
   "id": "f000014", 
   "language": "en", 
   "lines": [
    "were"
   ]
  }, 
  {
   "begin": "6.280", 
   "end": "6.800", 
   "id": "f000015", 
   "language": "en", 
   "lines": [
    "fields"
   ]
  }, 
  {
   "begin": "6.800", 
   "end": "7.000", 
   "id": "f000016", 
   "language": "en", 
   "lines": [
    "and"
   ]
  }, 
  {
   "begin": "7.000", 
   "end": "7.680", 
   "id": "f000017", 
   "language": "en", 
   "lines": [
    "fields"
   ]
  }, 
  {
   "begin": "7.680", 
   "end": "8.000", 
   "id": "f000018", 
   "language": "en", 
   "lines": [
    "of"
   ]
  }, 
  {
   "begin": "8.000", 
   "end": "8.480", 
   "id": "f000019", 
   "language": "en", 
   "lines": [
    "odd"
   ]
  }, 
  {
   "begin": "8.480", 
   "end": "8.640", 
   "id": "f000020", 
   "language": "en", 
   "lines": [
    "looking"
   ]
  }, 
  {
   "begin": "8.640", 
   "end": "9.440", 
   "id": "f000021", 
   "language": "en", 
   "lines": [
    "mushrooms."
   ]
  }, 
  {
   "begin": "9.440", 
   "end": "10.240", 
   "id": "f000022", 
   "language": "en", 
   "lines": [
    "\u201cWhat"
   ]
  }, 
  {
   "begin": "10.240", 
   "end": "10.840", 
   "id": "f000023", 
   "language": "en", 
   "lines": [
    "funny"
   ]
  }, 
  {
   "begin": "10.840", 
   "end": "12.320", 
   "id": "f000024", 
   "language": "en", 
   "lines": [
    "mushrooms,\u201d"
   ]
  }, 
  {
   "begin": "12.320", 
   "end": "12.680", 
   "id": "f000025", 
   "language": "en", 
   "lines": [
    "said"
   ]
  }, 
  {
   "begin": "12.680", 
   "end": "13.200", 
   "id": "f000026", 
   "language": "en", 
   "lines": [
    "Bani."
   ]
  }, 
  {
   "begin": "13.200", 
   "end": "14.240", 
   "id": "f000027", 
   "language": "en", 
   "lines": [
    "\u201cOh"
   ]
  }, 
  {
   "begin": "14.240", 
   "end": "15.880", 
   "id": "f000028", 
   "language": "en", 
   "lines": [
    "!"
   ]
  }, 
  {
   "begin": "15.880", 
   "end": "15.920", 
   "id": "f000029", 
   "language": "en", 
   "lines": [
    "those"
   ]
  }, 
  {
   "begin": "15.920", 
   "end": "15.920", 
   "id": "f000030", 
   "language": "en", 
   "lines": [
    "are"
   ]
  }, 
  {
   "begin": "15.920", 
   "end": "16.000", 
   "id": "f000031", 
   "language": "en", 
   "lines": [
    "laddoo"
   ]
  }, 
  {
   "begin": "16.000", 
   "end": "17.160", 
   "id": "f000032", 
   "language": "en", 
   "lines": [
    "mushrooms.\u201d"
   ]
  }, 
  {
   "begin": "17.160", 
   "end": "17.840", 
   "id": "f000033", 
   "language": "en", 
   "lines": [
    "Bani"
   ]
  }, 
  {
   "begin": "17.840", 
   "end": "18.480", 
   "id": "f000034", 
   "language": "en", 
   "lines": [
    "was"
   ]
  }, 
  {
   "begin": "18.480", 
   "end": "18.920", 
   "id": "f000035", 
   "language": "en", 
   "lines": [
    "surprised"
   ]
  }, 
  {
   "begin": "18.920", 
   "end": "18.920", 
   "id": "f000036", 
   "language": "en", 
   "lines": [
    "to"
   ]
  }, 
  {
   "begin": "18.920", 
   "end": "19.440", 
   "id": "f000037", 
   "language": "en", 
   "lines": [
    "see"
   ]
  }, 
  {
   "begin": "19.440", 
   "end": "20.000", 
   "id": "f000038", 
   "language": "en", 
   "lines": [
    "that"
   ]
  }, 
  {
   "begin": "20.000", 
   "end": "20.160", 
   "id": "f000039", 
   "language": "en", 
   "lines": [
    "on"
   ]
  }, 
  {
   "begin": "20.160", 
   "end": "20.440", 
   "id": "f000040", 
   "language": "en", 
   "lines": [
    "top"
   ]
  }, 
  {
   "begin": "20.440", 
   "end": "20.720", 
   "id": "f000041", 
   "language": "en", 
   "lines": [
    "of"
   ]
  }, 
  {
   "begin": "20.720", 
   "end": "21.080", 
   "id": "f000042", 
   "language": "en", 
   "lines": [
    "each"
   ]
  }, 
  {
   "begin": "21.080", 
   "end": "22.080", 
   "id": "f000043", 
   "language": "en", 
   "lines": [
    "mushroom"
   ]
  }, 
  {
   "begin": "22.080", 
   "end": "22.520", 
   "id": "f000044", 
   "language": "en", 
   "lines": [
    "was"
   ]
  }, 
  {
   "begin": "22.520", 
   "end": "22.640", 
   "id": "f000045", 
   "language": "en", 
   "lines": [
    "a"
   ]
  }, 
  {
   "begin": "22.640", 
   "end": "22.920", 
   "id": "f000046", 
   "language": "en", 
   "lines": [
    "laddoo."
   ]
  }, 
  {
   "begin": "22.920", 
   "end": "23.840", 
   "id": "f000047", 
   "language": "en", 
   "lines": [
    "There"
   ]
  }, 
  {
   "begin": "23.840", 
   "end": "24.240", 
   "id": "f000048", 
   "language": "en", 
   "lines": [
    "were"
   ]
  }, 
  {
   "begin": "24.240", 
   "end": "24.680", 
   "id": "f000049", 
   "language": "en", 
   "lines": [
    "yellow,"
   ]
  }, 
  {
   "begin": "24.680", 
   "end": "25.680", 
   "id": "f000050", 
   "language": "en", 
   "lines": [
    "green"
   ]
  }, 
  {
   "begin": "25.680", 
   "end": "26.000", 
   "id": "f000051", 
   "language": "en", 
   "lines": [
    "and"
   ]
  }, 
  {
   "begin": "26.000", 
   "end": "26.320", 
   "id": "f000052", 
   "language": "en", 
   "lines": [
    "white"
   ]
  }, 
  {
   "begin": "26.320", 
   "end": "27.520", 
   "id": "f000053", 
   "language": "en", 
   "lines": [
    "laddoos"
   ]
  }, 
  {
   "begin": "27.520", 
   "end": "27.720", 
   "id": "f000054", 
   "language": "en", 
   "lines": [
    "and"
   ]
  }, 
  {
   "begin": "27.720", 
   "end": "28.360", 
   "id": "f000055", 
   "language": "en", 
   "lines": [
    "barfis"
   ]
  }, 
  {
   "begin": "28.360", 
   "end": "29.280", 
   "id": "f000056", 
   "language": "en", 
   "lines": [
    "too."
   ]
  }
 ]
}