{
 "fragments": [
  {
   "begin": "0.000", 
   "end": "0.640", 
   "id": "f000001", 
   "language": "en", 
   "lines": [
    "Chuskit"
   ]
  }, 
  {
   "begin": "0.640", 
   "end": "0.840", 
   "id": "f000002", 
   "language": "en", 
   "lines": [
    "was"
   ]
  }, 
  {
   "begin": "0.840", 
   "end": "1.120", 
   "id": "f000003", 
   "language": "en", 
   "lines": [
    "going"
   ]
  }, 
  {
   "begin": "1.120", 
   "end": "1.120", 
   "id": "f000004", 
   "language": "en", 
   "lines": [
    "to"
   ]
  }, 
  {
   "begin": "1.120", 
   "end": "1.360", 
   "id": "f000005", 
   "language": "en", 
   "lines": [
    "school"
   ]
  }, 
  {
   "begin": "1.360", 
   "end": "1.760", 
   "id": "f000006", 
   "language": "en", 
   "lines": [
    "for"
   ]
  }, 
  {
   "begin": "1.760", 
   "end": "2.000", 
   "id": "f000007", 
   "language": "en", 
   "lines": [
    "the"
   ]
  }, 
  {
   "begin": "2.000", 
   "end": "2.360", 
   "id": "f000008", 
   "language": "en", 
   "lines": [
    "first"
   ]
  }, 
  {
   "begin": "2.360", 
   "end": "2.680", 
   "id": "f000009", 
   "language": "en", 
   "lines": [
    "time"
   ]
  }, 
  {
   "begin": "2.680", 
   "end": "2.720", 
   "id": "f000010", 
   "language": "en", 
   "lines": [
    "in"
   ]
  }, 
  {
   "begin": "2.720", 
   "end": "3.000", 
   "id": "f000011", 
   "language": "en", 
   "lines": [
    "her"
   ]
  }, 
  {
   "begin": "3.000", 
   "end": "3.800", 
   "id": "f000012", 
   "language": "en", 
   "lines": [
    "life."
   ]
  }, 
  {
   "begin": "3.800", 
   "end": "4.000", 
   "id": "f000013", 
   "language": "en", 
   "lines": [
    "And"
   ]
  }, 
  {
   "begin": "4.000", 
   "end": "4.440", 
   "id": "f000014", 
   "language": "en", 
   "lines": [
    "that's"
   ]
  }, 
  {
   "begin": "4.440", 
   "end": "4.720", 
   "id": "f000015", 
   "language": "en", 
   "lines": [
    "why"
   ]
  }, 
  {
   "begin": "4.720", 
   "end": "4.960", 
   "id": "f000016", 
   "language": "en", 
   "lines": [
    "she"
   ]
  }, 
  {
   "begin": "4.960", 
   "end": "5.240", 
   "id": "f000017", 
   "language": "en", 
   "lines": [
    "was"
   ]
  }, 
  {
   "begin": "5.240", 
   "end": "5.600", 
   "id": "f000018", 
   "language": "en", 
   "lines": [
    "so"
   ]
  }, 
  {
   "begin": "5.600", 
   "end": "6.600", 
   "id": "f000019", 
   "language": "en", 
   "lines": [
    "excited!"
   ]
  }
 ]
}