{"id":133,"name":"Chuskit Goes to School!","writtenby":"Sujatha Padmanabhan","illustrationsby":"Madhuvanti Anantharajan","translationby":"","source":"Pratham Books","status":"active","level":3,"pages":[{"id":1540,"content":"Chuskit woke up early that morning. It was a very special\u00a0day and she was too excited to\u00a0sleep. She eagerly looked out\u00a0of the room through the window next to her bed.\n\nIt was spring time in Ladakh and the apricot trees were in\u00a0full bloom. Two magpies had\u00a0already begun their day and were busy looking for insects\u00a0to eat. Her Ama-ley was awake\u00a0too. She could hear her in the\u00a0kitchen making gur-gur tea.","pageno":1,"image":"96670c99d245d8be8c4c397769bb33ee.jpg","audio":"d82ae97ff83095ce6ccfabca679fc39e.mp3","audio_map":"d5980063279c4c60608b4700391e5048.json","language":[]},{"id":1541,"content":"Chuskit had been awake for the last hour. This was a day she was going to remember for a long time. Can you guess why?\n\nNo, it was not Losar, the New\u00a0Year festival. That was many\u00a0months away. Nor was it any\u00a0special day in her village, like\u00a0the gonpa festival, or a wedding day.\n\nToday was going to be Chuskit's first day at school. At nine years, she had waited\u00a0a long, long time for this.","pageno":2,"image":"5c37cbd51e2404b564b637b7feb2d1b6.jpg","audio":"78c32511ce4e25589da011e7ba45be85.mp3","audio_map":"a2b5a04371e93ffd9628a8557a85b1d1.json","language":[]},{"id":1542,"content":"The school was not very far away from her home. To get there, you had to walk up to the main road. Just before the prayer wheel, you took a path to the left of the road that ran along a narrow\u00a0stream. Near the poplar trees\u00a0you crossed the stream by jumping over the big rocks.\n\nOnce you got to the other side, a short walk up a slope took you to the school. All the children of Skitpo Yul, Chuskit's village, walked to school everyday and with ease. But not little Chuskit. She had a disability and could not walk.","pageno":3,"image":"56321b404c59eeb1b58dde5c0fba3e86.jpg","audio":"46269a35343b0c6e735d629265d45a7f.mp3","audio_map":"8ac943b5e2004a9fda120e9a8b7793eb.json","language":[]},{"id":1543,"content":"Chuskit was born with legs that did not work like everyone\u00a0else\u2019s. Her father had taken her\u00a0to the village amchi and then to the doctors in Leh. But no\u00a0amount of medicine had helped her walk.\n\nAt first, Chuskit did not realise that she was in any way different from Stobdan her younger brother, or her cousins. But soon there were many things she could not do as easily as them.\n\n\u201cThat does not matter,\u201d her Aba-ley would tell her whenever she felt sad. \u201cYou can stitch better than any of them. And you can draw very well.\u201d Aba-ley often brought her some colour pencils from Leh.","pageno":4,"image":"66084c411457c9ac18820946acb16f88.jpg","audio":"d734e9132850040cbbd64a0757f81141.mp3","audio_map":"be7466bde2956ae31b42382e1548f58e.json","language":[]},{"id":1544,"content":"Chuskit would sit at the kitchen window everyday and draw what she saw while her\u00a0Ama-ley cooked. She could see her family's animals being\u00a0taken to graze every morning.\n\nShe could see the blue waters\u00a0of the stream that flowed near by. And she would be the first\u00a0one to announce the arrival of a visitor to their house!","pageno":5,"image":"5340d41c4a60dd02c805fefc5b99ee37.jpg","audio":"2d15d94c6dbcfbcbfbbbda25cc0455c3.mp3","audio_map":"086b1870e1973c608a145a83f2f6492c.json","language":[]},{"id":1545,"content":"Chuskit used a chair fitted with\u00a0wheels to move around. Elders\u00a0called it a wheelchair. You could move it in any direction- forward, left, right and\u00a0even backward - by moving the wheels with your hands. You only needed to have really strong arms to push the weight of your body and the chair.\n\nWhen Aba-ley first brought the wheelchair home, everyone in her family was very excited.","pageno":6,"image":"c579b47dd13986862803a7fa92267b47.jpg","audio":"c41c768b9bb969c23b4b02e49755217e.mp3","audio_map":"8a9969e6234cce55b92ceae3d37efe93.json","language":[]},{"id":1546,"content":"\u201cNow I won\u2019t have to carry Chuskit everywhere. I can wheel her around,\u201d said Ama-ley, with tears of happiness in her eyes. \u201cAnd I will be able to go wherever I want!\u201d cried Chuskit\u00a0excitedly.\n\n\u201cPlease, please, could I ride your wheelchair once in a way?\u201d begged Stobdan. He wanted to wheel it around\u00a0too. It looked like fun. Billa, the\u00a0big black cat, jumped on to the wheel-chair and stretched across the seat. \u201cYes this is far more comfortable than\u00a0the sack cloth I sleep on,\u201d she purred.","pageno":7,"image":"9a4a064da94def4a4b69de6e2aeafc9a.jpg","audio":"28c00c6b04d994f4bade6d0a02a1ecb2.mp3","audio_map":"53b43be4ce1bbbf7da971e3a4824240c.json","language":[]},{"id":1547,"content":"Slowly, Chuskit learnt to use her wheelchair. She would ask\u00a0her mother to seat her in the\u00a0wheelchair outside her home\u00a0every evening.\n\nFrom here she would watch children returning from school, chattering and laughing merrily in groups. In a while, the evening bus would return from Leh, bringing back people from work and the market place. How much more exciting the world was from here than from the kitchen window!","pageno":8,"image":"d63903483d07858057e2f5f94bc96144.jpg","audio":"0d99d714a1183e7969be1f559fcd893a.mp3","audio_map":"4edf16b797ea741d37fd5b0573b9447e.json","language":[]},{"id":1548,"content":"One evening when Chuskit was sitting outside the\u00a0house with her grandfather, a young boy came up\u00a0to her. He carried a letter which he handed over to her grandfather.\n\u201cJulley! The bus driver asked me to give this to you,\u201d he said.\n\u201cMy name is Abdul,\u201d he said turning to Chuskit. \u201cI study in Class 6 at the Government School. I have often wondered why you don\u2019t come to school.\u201d\n\n\u201cJulley, Abdul,\u201d said Chuskit. \u201cI have never been to school. The path to the school is too uneven and pebbly and my wheelchair will get stuck. Besides, I cannot cross the little stream in front of the school. It would be very difficult for my parents to carry me to school and back everyday.\u201d\n\n\u201cBut would you like to come to school?\u201d asked Abdul.","pageno":9,"image":"bb58043f72b626f2242812f00061fae0.jpg","audio":"c0949720d573416fea9411f7a0be6215.mp3","audio_map":"fe301b1bc5aec5d08e2f350154fb54bb.json","language":[]},{"id":1549,"content":"\u201cOf course!\u201d replied Chuskit. \u201cI\u00a0hear my younger brother talk\u00a0of all that he does at school. I want to study like all of you,\u00a0make friends, play games, wear a uniform and even write\u00a0exams. Sometimes my brother teaches me songs that he has\u00a0learnt at school and I love it. You may not believe this, but I\u00a0sometimes dream of carrying a\u00a0school bag, even eating packed\u00a0lunch...\u201d\n\n\u201cEnough! Enough!\u201d interrupted her grandfather. \u201cStop dreaming, Chuskit. You know you cannot go to school. I have told you this many times. Learn as much as you can at home.\u201d","pageno":10,"image":"0e5ea5d97e74d5558b371d00d59f021b.jpg","audio":"7376eb0c56de3d704824814fbefbeabf.mp3","audio_map":"b234a74e702b227367dad6673295a3fc.json","language":[]},{"id":1550,"content":"\u201cMeme-ley, please,\u201d pleaded Chuskit softly with tears in her\u00a0eyes as her grandfather walked\u00a0away angrily. \u201cMeme-ley does not understand how I feel,\u201d said Chuskit. \u201cI remember the day my brother recited his tables with such pride, even the time he learned to read! My parents were very happy as they have never been to school. I too want to learn to read and do math. Do you understand?\u201d\n\n\u201cI do,\u201d said Abdul.\n\u201cChuskit, I will see you again. I must go now. My mother will be waiting\u00a0for me. Julley!\u201d","pageno":11,"image":"63da4e0eb15e659b02c5611370c82125.jpg","audio":"d05eb064a5a58e9131b5fb58a21fe7b2.mp3","audio_map":"f79581ea811f8765887ddd4093d6870e.json","language":[]},{"id":1551,"content":"The next day, Abdul went straight to the Headmaster\u2019s room after assembly.\n\u201cJulley, Azhang-ley!\u201d he said. \u201cI want to talk to you about a girl from our village who does not go to school. Her name is Chuskit. She is Stobdan\u2019s sister.\u201d\n\n\u201cOh yes,\u201d replied the Headmaster. \u201cI know her. She is disabled, isn\u2019t she?\u201d","pageno":12,"image":"d6dd8d3363447794f638367646f9c896.jpg","audio":"7bea611eab83e400bff80c2ba8d27f22.mp3","audio_map":"6d2bb56078e0481cf7f62133370e3733.json","language":[]},{"id":1552,"content":"\u201cYes, Azhang-ley. She uses a wheelchair to move\u00a0around but cannot reach school, as the path from her home is too rough and uneven. I was wondering if we could do anything to help her, Azhang-ley. We could all get together and level the path and also build a small bridge across the stream.\u201d\n\n\u201cThat\u2019s very thoughtful of you, Abdul,\u201d said the\u00a0Headmaster as he patted him on the back. \u201cWhat\u00a0made you think of Chuskit and her problems?\u201d\n\n\u201cAzhang-ley, last week we read about the fundamental rights of citizens in our civics class.\u00a0All children have a right to education. That includes Chuskit as well, does it not?\u201d\n \n\u201cYes, you are right, Abdul. Let me discuss this with the other teachers,\u201d replied the Headmaster.","pageno":13,"image":"a0e5186c6ff3516be14050b4f5b9c375.jpg","audio":"9bdbd7ff9742c6e69a58a36ef5a74eb5.mp3","audio_map":"d81067c163ee8fd9d1c70c1511a3e579.json","language":[]},{"id":1553,"content":"The next day the Headmaster called all the teachers to a meeting. He shared Abdul\u2019s ideas with the group and asked the teachers what they felt. \u201cImpossible!\u201d said one of them. \u201cHow can we have a disabled child in our school? How will she be able to write, play and go to the toilet like the\u00a0other children do?\u201d","pageno":14,"image":"39f8888110cd459ccb74616f7dd2d1a0.jpg","audio":"f43bffb96755fe29f6013814f86482f8.mp3","audio_map":"fbfc45a694d277d866979eac20fbebfe.json","language":[]},{"id":1554,"content":"\u201cThat's exactly what we have to workout,\u201d said the Headmaster.\u00a0\u201cI hear that in\u00a0the village of Mentok Yul, the Village Education Committee has helped build a special toilet for one of their disabled children. We could ask them what they have done. But first we will have to get Chuskit to school. Then we could think of ways of helping her do things in school.\u201d","pageno":15,"image":"8a5dcba3aff7751aa5e8ffb1d3cbb98c.jpg","audio":"9be34e22a811293335113e0bf9fdd61a.mp3","audio_map":"8103246b17c8d7168a4b35ce2de14244.json","language":[]},{"id":1555,"content":"Two weeks later there was great excitement at the Government School. All the children had gathered outside in the playground.\nThey had come to school without their school bags:\nthere were going to be no classes today!","pageno":16,"image":"bb2aa0c2c3b7729af3176d2d9cf7b5bb.jpg","audio":"497a94681f584e19e09ab73f01cb91a5.mp3","audio_map":"d78d7831f0005c023c9db69a11346590.json","language":[]},{"id":1556,"content":"The teachers divided the\u00a0children into groups. One group worked in front of Chuskit's house and another on the path along\u00a0the stream. A third group with some of the older children worked hard to help some of their teachers build a strong wooden bridge across the stream.","pageno":17,"image":"3cfc7ce9bae764cf934303670e2b490d.jpg","audio":"cddd1d3d9c8c0521f1c43da726387eaa.mp3","audio_map":"ad5a3f7af7107b346cfc81da69d664bf.json","language":[]},{"id":1557,"content":"The children laughed and\u00a0sang as they removed stones\u00a0and rocks, levelled paths and\u00a0carried wooden planks to the\u00a0stream. The Headmaster went\u00a0from one group to another, making sure that all went according to plan.","pageno":18,"image":"00ba68e260264ffbed56fe6420cbadc6.jpg","audio":"2b24165328767dba9d01cc204c0bd21c.mp3","audio_map":"ebbd7badf39394b9fe27513a00313c14.json","language":[]},{"id":1558,"content":"Chuskit\u2019s parents provided everyone with hot tea and biscuits.\nChuskit\u2019s grandfather sat under a willow tree by the stream watching the busy school children. \u201cI never dreamt I\u2019d see a day like this!\u201d he thought to himself as he wiped a tear that rolled down his cheek.   \n\nAt the end of the day it was a tired but happy group of children that returned to their homes. The path from\u00a0Chuskit\u2019s home to the school\u00a0was now ready!","pageno":19,"image":"aa78a092d36f503de142f40d56979c89.jpg","audio":"5c2292cc7821f3f6ad1808ed26501ce6.mp3","audio_map":"580a7e79dd6550ea56d8eba9410a95c5.json","language":[]},{"id":1559,"content":"Chuskit was going to school for the first time in her life. And that's why she was so excited!","pageno":20,"image":"100752cda0730c2bc9b421a5606fae8f.jpg","audio":"da27b7b87bde4e9ede9c0e2ff0bc9569.mp3","audio_map":"0aac3391d10fad373a4f135e4144285a.json","language":[]},{"id":1560,"content":"","pageno":21,"image":"f9043369428070819741b516c57858e2.jpg","audio":"","audio_map":"","audio_map_obj":"","language":[]},{"id":1561,"content":"Words used in the story that may be new to you:\n\nAba-ley: Father\nAma-ley: Mother  \nMeme-ley: Grandfather \nAmchi: A local doctor who has been trained in\u00a0Tibetan medicine. \nAzhang-ley: Term used with respect for an elderly man. \nGonpa: Buddhist monastery \nGur-gur tea: Butter tea that is made in a long cylindrical wooden vessel. The tea is churned with\u00a0butter, salt and milk in this vessel. A low gur-gur\u00a0noise is produced during churning. \nJulley: Term used as a greeting: hello, goodbye.","pageno":22,"image":"2d853479a1488047f099a0c1b70f744e.jpg","audio":"","audio_map":"","audio_map_obj":"","language":[]}],"language":[],"questions":[{"id":6202,"type":"pre","storypage_id":0,"order_number":1,"title":"Vocabulary","question":{"question_type":"vocabulary","question":{"text":"","image":"","type":""},"words":[{"word":"magpies","image":"c657b72ec8e74f721897fb8e90a35948.png"},{"word":"prayer wheel","image":"7d0df2dcbccabbca1a580023628bee6b.png"},{"word":"wheelchair","image":"3b6fbcf383c2c9245c17464a86d1c4ce.png"},{"word":"stream","image":"93fe88c9d9d4267a31543f0c672d5d63.png"}]},"score":1,"question_template_id":21,"question_template":"Vocab"},{"id":6203,"type":"during","storypage_id":1540,"order_number":1,"title":"Choose the correct answer.","question":{"question_type":"mcq_single_answer","question":{"text":"Why was the day special?","image":"","type":"text"},"options":[{"text":"It was Chuskit's first day at school.","type":"both","image":"d31a3fd8e59375ab3f10b6c326fac30d.png","ans":1},{"text":"It was a clear day.","type":"both","image":"8f916b1b5aae98ad03f918c34593ca9a.png","ans":0},{"text":"Tea was being made.","type":"both","image":"b038d40694b18300d7488029f54d1ba3.png","ans":0},{"text":"The magpies were singing.","type":"both","image":"fecb1b2f7560d3cb0d498f417fc5116a.png","ans":0}],"answers":["It was Chuskit's first day at school."]},"score":1,"question_template_id":2,"question_template":"Text MCQ"},{"id":6204,"type":"during","storypage_id":1540,"order_number":2,"title":"Choose the correct answer.","question":{"question_type":"mcq_single_answer","question":{"text":"Why could Chuskit not walk?","image":"","type":"text"},"options":[{"text":"She had a disability.","type":"both","image":"51b9f20ec5d1347f0ae80170585cc12d.png","ans":1},{"text":"She was tired.","type":"both","image":"4dc7971907c73323359071e476be11c0.png","ans":0},{"text":"She had fractured her leg.","type":"both","image":"ff9e76b383b52e91338b6b7abbb00247.png","ans":0},{"text":"She had no shoes.","type":"both","image":"bc636dddcffb49582e80f05345882b52.png","ans":0}],"answers":["She had a disability."]},"score":1,"question_template_id":2,"question_template":"Text MCQ"},{"id":6205,"type":"during","storypage_id":1540,"order_number":3,"title":"Choose the correct answer.","question":{"question_type":"mcq_single_answer","question":{"text":"What did Chuskit use to move around?","image":"","type":"text"},"options":[{"text":"A wheelchair","type":"both","image":"fecc2078cacba9fbdd6cd7a80f284c34.png","ans":1},{"text":"Crutches","type":"both","image":"475dab5dce6abb14cc150692e347a680.png","ans":0},{"text":"Her arms","type":"both","image":"da51c3c475eb9ab146f8c87399f805df.png","ans":0},{"text":"Her legs","type":"both","image":"4df9f3cd5918386a9095993f551c2c87.png","ans":0}],"answers":["A wheelchair"]},"score":1,"question_template_id":2,"question_template":"Text MCQ"},{"id":6206,"type":"during","storypage_id":1540,"order_number":4,"title":"Choose the correct answer.","question":{"question_type":"mcq_single_answer","question":{"text":"What do you think the sight of other children going to school made Chuskit feel?","image":"","type":"text"},"options":[{"text":"Sad","type":"both","image":"1f13058ffa9eb059e47e861a312bef83.png","ans":1},{"text":"Happy","type":"both","image":"0e2a7b09eaba4ee842e6c7724a7499eb.png","ans":0},{"text":"Bored","type":"both","image":"a48676bb0e5e98af3aa6b9811370b451.png","ans":0},{"text":"Angry","type":"both","image":"0dfcce386eb46bdda8d26db46097979c.png","ans":0}],"answers":["Sad"]},"score":1,"question_template_id":2,"question_template":"Text MCQ"},{"id":6207,"type":"during","storypage_id":1540,"order_number":5,"title":"Choose the correct answer.","question":{"question_type":"mcq_single_answer","question":{"text":"What made Abdul want to help Chuskit?","image":"","type":"text"},"options":[{"text":"He learnt that everyone has the right to go to school.","type":"both","image":"f04fbd70ee7e73413b0399ecc8db4b8b.png","ans":1},{"text":"He felt pity for Chuskit.","type":"both","image":"397e4958a15c8165031f8c1c987bab16.png","ans":0},{"text":"He was Chuskit's cousin.","type":"both","image":"65b55a291c497cb852726807537fa3c2.png","ans":0},{"text":"He thought he would get a gift if he helped her.","type":"both","image":"3184454ca88131bd81d0f7499277f197.png","ans":0}],"answers":["He learnt that everyone has the right to go to school."]},"score":1,"question_template_id":2,"question_template":"Text MCQ"},{"id":6208,"type":"during","storypage_id":1540,"order_number":6,"title":"Choose the correct answer.","question":{"question_type":"mcq_single_answer","question":{"text":"What did the children build for Chuskit's sake?","image":"","type":"text"},"options":[{"text":"A bridge over a stream.","type":"both","image":"8a14e2e5f85a68e7d6296ec085842ca4.png","ans":1},{"text":"A toilet.","type":"both","image":"bdaf4bed55b3144efbed98f148719410.png","ans":0},{"text":"A classroom.","type":"both","image":"e43c4b8cecb7f0146ccb11e2fb794383.png","ans":0},{"text":"A desk.","type":"both","image":"7207fdcaa9229cb3700105d97a1c510a.png","ans":0}],"answers":["A bridge over a stream."]},"score":1,"question_template_id":2,"question_template":"Text MCQ"}]}