{
 "fragments": [
  {
   "begin": "0.000", 
   "end": "0.880", 
   "id": "f000001", 
   "language": "en", 
   "lines": [
    "Slowly,"
   ]
  }, 
  {
   "begin": "0.880", 
   "end": "1.520", 
   "id": "f000002", 
   "language": "en", 
   "lines": [
    "Chuskit"
   ]
  }, 
  {
   "begin": "1.520", 
   "end": "1.640", 
   "id": "f000003", 
   "language": "en", 
   "lines": [
    "learnt"
   ]
  }, 
  {
   "begin": "1.640", 
   "end": "2.080", 
   "id": "f000004", 
   "language": "en", 
   "lines": [
    "to"
   ]
  }, 
  {
   "begin": "2.080", 
   "end": "2.600", 
   "id": "f000005", 
   "language": "en", 
   "lines": [
    "use"
   ]
  }, 
  {
   "begin": "2.600", 
   "end": "2.800", 
   "id": "f000006", 
   "language": "en", 
   "lines": [
    "her"
   ]
  }, 
  {
   "begin": "2.800", 
   "end": "3.040", 
   "id": "f000007", 
   "language": "en", 
   "lines": [
    "wheelchair."
   ]
  }, 
  {
   "begin": "3.040", 
   "end": "3.360", 
   "id": "f000008", 
   "language": "en", 
   "lines": [
    "She"
   ]
  }, 
  {
   "begin": "3.360", 
   "end": "3.840", 
   "id": "f000009", 
   "language": "en", 
   "lines": [
    "would"
   ]
  }, 
  {
   "begin": "3.840", 
   "end": "4.640", 
   "id": "f000010", 
   "language": "en", 
   "lines": [
    "ask&nbsp;her"
   ]
  }, 
  {
   "begin": "4.640", 
   "end": "4.800", 
   "id": "f000011", 
   "language": "en", 
   "lines": [
    "mother"
   ]
  }, 
  {
   "begin": "4.800", 
   "end": "4.960", 
   "id": "f000012", 
   "language": "en", 
   "lines": [
    "to"
   ]
  }, 
  {
   "begin": "4.960", 
   "end": "5.360", 
   "id": "f000013", 
   "language": "en", 
   "lines": [
    "seat"
   ]
  }, 
  {
   "begin": "5.360", 
   "end": "5.680", 
   "id": "f000014", 
   "language": "en", 
   "lines": [
    "her"
   ]
  }, 
  {
   "begin": "5.680", 
   "end": "5.800", 
   "id": "f000015", 
   "language": "en", 
   "lines": [
    "in"
   ]
  }, 
  {
   "begin": "5.800", 
   "end": "6.400", 
   "id": "f000016", 
   "language": "en", 
   "lines": [
    "the&nbsp;wheelchair"
   ]
  }, 
  {
   "begin": "6.400", 
   "end": "6.920", 
   "id": "f000017", 
   "language": "en", 
   "lines": [
    "outside"
   ]
  }, 
  {
   "begin": "6.920", 
   "end": "7.480", 
   "id": "f000018", 
   "language": "en", 
   "lines": [
    "her"
   ]
  }, 
  {
   "begin": "7.480", 
   "end": "8.160", 
   "id": "f000019", 
   "language": "en", 
   "lines": [
    "home&nbsp;every"
   ]
  }, 
  {
   "begin": "8.160", 
   "end": "8.840", 
   "id": "f000020", 
   "language": "en", 
   "lines": [
    "evening.\n\n"
   ]
  }, 
  {
   "begin": "8.840", 
   "end": "8.840", 
   "id": "f000021", 
   "language": "en", 
   "lines": [
    ""
   ]
  }, 
  {
   "begin": "8.840", 
   "end": "8.840", 
   "id": "f000022", 
   "language": "en", 
   "lines": [
    ""
   ]
  }, 
  {
   "begin": "8.840", 
   "end": "9.200", 
   "id": "f000023", 
   "language": "en", 
   "lines": [
    "From"
   ]
  }, 
  {
   "begin": "9.200", 
   "end": "9.480", 
   "id": "f000024", 
   "language": "en", 
   "lines": [
    "here"
   ]
  }, 
  {
   "begin": "9.480", 
   "end": "9.720", 
   "id": "f000025", 
   "language": "en", 
   "lines": [
    "she"
   ]
  }, 
  {
   "begin": "9.720", 
   "end": "9.920", 
   "id": "f000026", 
   "language": "en", 
   "lines": [
    "would"
   ]
  }, 
  {
   "begin": "9.920", 
   "end": "10.120", 
   "id": "f000027", 
   "language": "en", 
   "lines": [
    "watch"
   ]
  }, 
  {
   "begin": "10.120", 
   "end": "10.720", 
   "id": "f000028", 
   "language": "en", 
   "lines": [
    "children"
   ]
  }, 
  {
   "begin": "10.720", 
   "end": "11.120", 
   "id": "f000029", 
   "language": "en", 
   "lines": [
    "returning"
   ]
  }, 
  {
   "begin": "11.120", 
   "end": "11.360", 
   "id": "f000030", 
   "language": "en", 
   "lines": [
    "from"
   ]
  }, 
  {
   "begin": "11.360", 
   "end": "11.760", 
   "id": "f000031", 
   "language": "en", 
   "lines": [
    "school,"
   ]
  }, 
  {
   "begin": "11.760", 
   "end": "12.800", 
   "id": "f000032", 
   "language": "en", 
   "lines": [
    "chattering"
   ]
  }, 
  {
   "begin": "12.800", 
   "end": "12.960", 
   "id": "f000033", 
   "language": "en", 
   "lines": [
    "and"
   ]
  }, 
  {
   "begin": "12.960", 
   "end": "13.600", 
   "id": "f000034", 
   "language": "en", 
   "lines": [
    "laughing"
   ]
  }, 
  {
   "begin": "13.600", 
   "end": "13.920", 
   "id": "f000035", 
   "language": "en", 
   "lines": [
    "merrily"
   ]
  }, 
  {
   "begin": "13.920", 
   "end": "14.160", 
   "id": "f000036", 
   "language": "en", 
   "lines": [
    "in"
   ]
  }, 
  {
   "begin": "14.160", 
   "end": "14.600", 
   "id": "f000037", 
   "language": "en", 
   "lines": [
    "groups."
   ]
  }, 
  {
   "begin": "14.600", 
   "end": "15.160", 
   "id": "f000038", 
   "language": "en", 
   "lines": [
    "In"
   ]
  }, 
  {
   "begin": "15.160", 
   "end": "15.480", 
   "id": "f000039", 
   "language": "en", 
   "lines": [
    "a"
   ]
  }, 
  {
   "begin": "15.480", 
   "end": "15.880", 
   "id": "f000040", 
   "language": "en", 
   "lines": [
    "while,"
   ]
  }, 
  {
   "begin": "15.880", 
   "end": "16.360", 
   "id": "f000041", 
   "language": "en", 
   "lines": [
    "the"
   ]
  }, 
  {
   "begin": "16.360", 
   "end": "16.800", 
   "id": "f000042", 
   "language": "en", 
   "lines": [
    "evening"
   ]
  }, 
  {
   "begin": "16.800", 
   "end": "17.080", 
   "id": "f000043", 
   "language": "en", 
   "lines": [
    "bus"
   ]
  }, 
  {
   "begin": "17.080", 
   "end": "17.200", 
   "id": "f000044", 
   "language": "en", 
   "lines": [
    "would"
   ]
  }, 
  {
   "begin": "17.200", 
   "end": "17.640", 
   "id": "f000045", 
   "language": "en", 
   "lines": [
    "return"
   ]
  }, 
  {
   "begin": "17.640", 
   "end": "17.880", 
   "id": "f000046", 
   "language": "en", 
   "lines": [
    "from"
   ]
  }, 
  {
   "begin": "17.880", 
   "end": "18.200", 
   "id": "f000047", 
   "language": "en", 
   "lines": [
    "Leh,"
   ]
  }, 
  {
   "begin": "18.200", 
   "end": "18.920", 
   "id": "f000048", 
   "language": "en", 
   "lines": [
    "bringing"
   ]
  }, 
  {
   "begin": "18.920", 
   "end": "19.160", 
   "id": "f000049", 
   "language": "en", 
   "lines": [
    "back"
   ]
  }, 
  {
   "begin": "19.160", 
   "end": "19.560", 
   "id": "f000050", 
   "language": "en", 
   "lines": [
    "people"
   ]
  }, 
  {
   "begin": "19.560", 
   "end": "19.840", 
   "id": "f000051", 
   "language": "en", 
   "lines": [
    "from"
   ]
  }, 
  {
   "begin": "19.840", 
   "end": "20.240", 
   "id": "f000052", 
   "language": "en", 
   "lines": [
    "work"
   ]
  }, 
  {
   "begin": "20.240", 
   "end": "20.400", 
   "id": "f000053", 
   "language": "en", 
   "lines": [
    "and"
   ]
  }, 
  {
   "begin": "20.400", 
   "end": "20.520", 
   "id": "f000054", 
   "language": "en", 
   "lines": [
    "the"
   ]
  }, 
  {
   "begin": "20.520", 
   "end": "20.840", 
   "id": "f000055", 
   "language": "en", 
   "lines": [
    "market"
   ]
  }, 
  {
   "begin": "20.840", 
   "end": "21.800", 
   "id": "f000056", 
   "language": "en", 
   "lines": [
    "place."
   ]
  }, 
  {
   "begin": "21.800", 
   "end": "21.960", 
   "id": "f000057", 
   "language": "en", 
   "lines": [
    "How"
   ]
  }, 
  {
   "begin": "21.960", 
   "end": "22.240", 
   "id": "f000058", 
   "language": "en", 
   "lines": [
    "much"
   ]
  }, 
  {
   "begin": "22.240", 
   "end": "22.480", 
   "id": "f000059", 
   "language": "en", 
   "lines": [
    "more"
   ]
  }, 
  {
   "begin": "22.480", 
   "end": "23.080", 
   "id": "f000060", 
   "language": "en", 
   "lines": [
    "exciting"
   ]
  }, 
  {
   "begin": "23.080", 
   "end": "23.200", 
   "id": "f000061", 
   "language": "en", 
   "lines": [
    "the"
   ]
  }, 
  {
   "begin": "23.200", 
   "end": "23.480", 
   "id": "f000062", 
   "language": "en", 
   "lines": [
    "world"
   ]
  }, 
  {
   "begin": "23.480", 
   "end": "23.840", 
   "id": "f000063", 
   "language": "en", 
   "lines": [
    "was"
   ]
  }, 
  {
   "begin": "23.840", 
   "end": "24.120", 
   "id": "f000064", 
   "language": "en", 
   "lines": [
    "from"
   ]
  }, 
  {
   "begin": "24.120", 
   "end": "24.400", 
   "id": "f000065", 
   "language": "en", 
   "lines": [
    "here"
   ]
  }, 
  {
   "begin": "24.400", 
   "end": "24.680", 
   "id": "f000066", 
   "language": "en", 
   "lines": [
    "than"
   ]
  }, 
  {
   "begin": "24.680", 
   "end": "25.000", 
   "id": "f000067", 
   "language": "en", 
   "lines": [
    "from"
   ]
  }, 
  {
   "begin": "25.000", 
   "end": "25.040", 
   "id": "f000068", 
   "language": "en", 
   "lines": [
    "the"
   ]
  }, 
  {
   "begin": "25.040", 
   "end": "25.440", 
   "id": "f000069", 
   "language": "en", 
   "lines": [
    "kitchen"
   ]
  }, 
  {
   "begin": "25.440", 
   "end": "26.960", 
   "id": "f000070", 
   "language": "en", 
   "lines": [
    "window!"
   ]
  }
 ]
}