{
 "fragments": [
  {
   "begin": "0.000", 
   "end": "0.760", 
   "id": "f000001", 
   "language": "en", 
   "lines": [
    "Chuskit\u2019s"
   ]
  }, 
  {
   "begin": "0.760", 
   "end": "1.320", 
   "id": "f000002", 
   "language": "en", 
   "lines": [
    "parents"
   ]
  }, 
  {
   "begin": "1.320", 
   "end": "2.000", 
   "id": "f000003", 
   "language": "en", 
   "lines": [
    "provided"
   ]
  }, 
  {
   "begin": "2.000", 
   "end": "2.560", 
   "id": "f000004", 
   "language": "en", 
   "lines": [
    "everyone"
   ]
  }, 
  {
   "begin": "2.560", 
   "end": "2.840", 
   "id": "f000005", 
   "language": "en", 
   "lines": [
    "with"
   ]
  }, 
  {
   "begin": "2.840", 
   "end": "3.040", 
   "id": "f000006", 
   "language": "en", 
   "lines": [
    "hot"
   ]
  }, 
  {
   "begin": "3.040", 
   "end": "3.440", 
   "id": "f000007", 
   "language": "en", 
   "lines": [
    "tea"
   ]
  }, 
  {
   "begin": "3.440", 
   "end": "3.680", 
   "id": "f000008", 
   "language": "en", 
   "lines": [
    "and"
   ]
  }, 
  {
   "begin": "3.680", 
   "end": "4.360", 
   "id": "f000009", 
   "language": "en", 
   "lines": [
    "biscuits.\n"
   ]
  }, 
  {
   "begin": "4.360", 
   "end": "5.520", 
   "id": "f000010", 
   "language": "en", 
   "lines": [
    "Chuskit\u2019s"
   ]
  }, 
  {
   "begin": "5.520", 
   "end": "6.160", 
   "id": "f000011", 
   "language": "en", 
   "lines": [
    "grandfather"
   ]
  }, 
  {
   "begin": "6.160", 
   "end": "6.680", 
   "id": "f000012", 
   "language": "en", 
   "lines": [
    "sat"
   ]
  }, 
  {
   "begin": "6.680", 
   "end": "7.000", 
   "id": "f000013", 
   "language": "en", 
   "lines": [
    "under"
   ]
  }, 
  {
   "begin": "7.000", 
   "end": "7.080", 
   "id": "f000014", 
   "language": "en", 
   "lines": [
    "a"
   ]
  }, 
  {
   "begin": "7.080", 
   "end": "7.280", 
   "id": "f000015", 
   "language": "en", 
   "lines": [
    "willow"
   ]
  }, 
  {
   "begin": "7.280", 
   "end": "7.600", 
   "id": "f000016", 
   "language": "en", 
   "lines": [
    "tree"
   ]
  }, 
  {
   "begin": "7.600", 
   "end": "7.720", 
   "id": "f000017", 
   "language": "en", 
   "lines": [
    "by"
   ]
  }, 
  {
   "begin": "7.720", 
   "end": "7.840", 
   "id": "f000018", 
   "language": "en", 
   "lines": [
    "the"
   ]
  }, 
  {
   "begin": "7.840", 
   "end": "8.640", 
   "id": "f000019", 
   "language": "en", 
   "lines": [
    "stream"
   ]
  }, 
  {
   "begin": "8.640", 
   "end": "9.000", 
   "id": "f000020", 
   "language": "en", 
   "lines": [
    "watching"
   ]
  }, 
  {
   "begin": "9.000", 
   "end": "9.200", 
   "id": "f000021", 
   "language": "en", 
   "lines": [
    "the"
   ]
  }, 
  {
   "begin": "9.200", 
   "end": "9.480", 
   "id": "f000022", 
   "language": "en", 
   "lines": [
    "busy"
   ]
  }, 
  {
   "begin": "9.480", 
   "end": "9.880", 
   "id": "f000023", 
   "language": "en", 
   "lines": [
    "school"
   ]
  }, 
  {
   "begin": "9.880", 
   "end": "10.360", 
   "id": "f000024", 
   "language": "en", 
   "lines": [
    "children."
   ]
  }, 
  {
   "begin": "10.360", 
   "end": "11.320", 
   "id": "f000025", 
   "language": "en", 
   "lines": [
    "\u201cI"
   ]
  }, 
  {
   "begin": "11.320", 
   "end": "11.720", 
   "id": "f000026", 
   "language": "en", 
   "lines": [
    "never"
   ]
  }, 
  {
   "begin": "11.720", 
   "end": "12.080", 
   "id": "f000027", 
   "language": "en", 
   "lines": [
    "dreamt"
   ]
  }, 
  {
   "begin": "12.080", 
   "end": "12.360", 
   "id": "f000028", 
   "language": "en", 
   "lines": [
    "I\u2019d"
   ]
  }, 
  {
   "begin": "12.360", 
   "end": "12.480", 
   "id": "f000029", 
   "language": "en", 
   "lines": [
    "see"
   ]
  }, 
  {
   "begin": "12.480", 
   "end": "12.560", 
   "id": "f000030", 
   "language": "en", 
   "lines": [
    "a"
   ]
  }, 
  {
   "begin": "12.560", 
   "end": "12.800", 
   "id": "f000031", 
   "language": "en", 
   "lines": [
    "day"
   ]
  }, 
  {
   "begin": "12.800", 
   "end": "13.280", 
   "id": "f000032", 
   "language": "en", 
   "lines": [
    "like"
   ]
  }, 
  {
   "begin": "13.280", 
   "end": "14.080", 
   "id": "f000033", 
   "language": "en", 
   "lines": [
    "this!\u201d"
   ]
  }, 
  {
   "begin": "14.080", 
   "end": "14.240", 
   "id": "f000034", 
   "language": "en", 
   "lines": [
    "he"
   ]
  }, 
  {
   "begin": "14.240", 
   "end": "14.480", 
   "id": "f000035", 
   "language": "en", 
   "lines": [
    "thought"
   ]
  }, 
  {
   "begin": "14.480", 
   "end": "14.680", 
   "id": "f000036", 
   "language": "en", 
   "lines": [
    "to"
   ]
  }, 
  {
   "begin": "14.680", 
   "end": "15.600", 
   "id": "f000037", 
   "language": "en", 
   "lines": [
    "himself"
   ]
  }, 
  {
   "begin": "15.600", 
   "end": "15.760", 
   "id": "f000038", 
   "language": "en", 
   "lines": [
    "as"
   ]
  }, 
  {
   "begin": "15.760", 
   "end": "15.880", 
   "id": "f000039", 
   "language": "en", 
   "lines": [
    "he"
   ]
  }, 
  {
   "begin": "15.880", 
   "end": "16.280", 
   "id": "f000040", 
   "language": "en", 
   "lines": [
    "wiped"
   ]
  }, 
  {
   "begin": "16.280", 
   "end": "16.320", 
   "id": "f000041", 
   "language": "en", 
   "lines": [
    "a"
   ]
  }, 
  {
   "begin": "16.320", 
   "end": "16.680", 
   "id": "f000042", 
   "language": "en", 
   "lines": [
    "tear"
   ]
  }, 
  {
   "begin": "16.680", 
   "end": "17.000", 
   "id": "f000043", 
   "language": "en", 
   "lines": [
    "that"
   ]
  }, 
  {
   "begin": "17.000", 
   "end": "17.280", 
   "id": "f000044", 
   "language": "en", 
   "lines": [
    "rolled"
   ]
  }, 
  {
   "begin": "17.280", 
   "end": "17.560", 
   "id": "f000045", 
   "language": "en", 
   "lines": [
    "down"
   ]
  }, 
  {
   "begin": "17.560", 
   "end": "17.680", 
   "id": "f000046", 
   "language": "en", 
   "lines": [
    "his"
   ]
  }, 
  {
   "begin": "17.680", 
   "end": "18.800", 
   "id": "f000047", 
   "language": "en", 
   "lines": [
    "cheek.\n\n"
   ]
  }, 
  {
   "begin": "18.800", 
   "end": "18.800", 
   "id": "f000048", 
   "language": "en", 
   "lines": [
    ""
   ]
  }, 
  {
   "begin": "18.800", 
   "end": "18.800", 
   "id": "f000049", 
   "language": "en", 
   "lines": [
    ""
   ]
  }, 
  {
   "begin": "18.800", 
   "end": "18.800", 
   "id": "f000050", 
   "language": "en", 
   "lines": [
    ""
   ]
  }, 
  {
   "begin": "18.800", 
   "end": "19.040", 
   "id": "f000051", 
   "language": "en", 
   "lines": [
    "At"
   ]
  }, 
  {
   "begin": "19.040", 
   "end": "19.520", 
   "id": "f000052", 
   "language": "en", 
   "lines": [
    "the"
   ]
  }, 
  {
   "begin": "19.520", 
   "end": "19.640", 
   "id": "f000053", 
   "language": "en", 
   "lines": [
    "end"
   ]
  }, 
  {
   "begin": "19.640", 
   "end": "19.640", 
   "id": "f000054", 
   "language": "en", 
   "lines": [
    "of"
   ]
  }, 
  {
   "begin": "19.640", 
   "end": "19.640", 
   "id": "f000055", 
   "language": "en", 
   "lines": [
    "the"
   ]
  }, 
  {
   "begin": "19.640", 
   "end": "20.280", 
   "id": "f000056", 
   "language": "en", 
   "lines": [
    "day"
   ]
  }, 
  {
   "begin": "20.280", 
   "end": "20.440", 
   "id": "f000057", 
   "language": "en", 
   "lines": [
    "it"
   ]
  }, 
  {
   "begin": "20.440", 
   "end": "20.640", 
   "id": "f000058", 
   "language": "en", 
   "lines": [
    "was"
   ]
  }, 
  {
   "begin": "20.640", 
   "end": "20.720", 
   "id": "f000059", 
   "language": "en", 
   "lines": [
    "a"
   ]
  }, 
  {
   "begin": "20.720", 
   "end": "21.200", 
   "id": "f000060", 
   "language": "en", 
   "lines": [
    "tired"
   ]
  }, 
  {
   "begin": "21.200", 
   "end": "21.400", 
   "id": "f000061", 
   "language": "en", 
   "lines": [
    "but"
   ]
  }, 
  {
   "begin": "21.400", 
   "end": "21.880", 
   "id": "f000062", 
   "language": "en", 
   "lines": [
    "happy"
   ]
  }, 
  {
   "begin": "21.880", 
   "end": "22.080", 
   "id": "f000063", 
   "language": "en", 
   "lines": [
    "group"
   ]
  }, 
  {
   "begin": "22.080", 
   "end": "22.240", 
   "id": "f000064", 
   "language": "en", 
   "lines": [
    "of"
   ]
  }, 
  {
   "begin": "22.240", 
   "end": "22.680", 
   "id": "f000065", 
   "language": "en", 
   "lines": [
    "children"
   ]
  }, 
  {
   "begin": "22.680", 
   "end": "22.920", 
   "id": "f000066", 
   "language": "en", 
   "lines": [
    "that"
   ]
  }, 
  {
   "begin": "22.920", 
   "end": "23.360", 
   "id": "f000067", 
   "language": "en", 
   "lines": [
    "returned"
   ]
  }, 
  {
   "begin": "23.360", 
   "end": "23.480", 
   "id": "f000068", 
   "language": "en", 
   "lines": [
    "to"
   ]
  }, 
  {
   "begin": "23.480", 
   "end": "23.720", 
   "id": "f000069", 
   "language": "en", 
   "lines": [
    "their"
   ]
  }, 
  {
   "begin": "23.720", 
   "end": "24.160", 
   "id": "f000070", 
   "language": "en", 
   "lines": [
    "homes."
   ]
  }, 
  {
   "begin": "24.160", 
   "end": "24.600", 
   "id": "f000071", 
   "language": "en", 
   "lines": [
    "The"
   ]
  }, 
  {
   "begin": "24.600", 
   "end": "24.840", 
   "id": "f000072", 
   "language": "en", 
   "lines": [
    "path"
   ]
  }, 
  {
   "begin": "24.840", 
   "end": "25.440", 
   "id": "f000073", 
   "language": "en", 
   "lines": [
    "from&nbsp;Chuskit\u2019s"
   ]
  }, 
  {
   "begin": "25.440", 
   "end": "25.440", 
   "id": "f000074", 
   "language": "en", 
   "lines": [
    "home"
   ]
  }, 
  {
   "begin": "25.440", 
   "end": "25.600", 
   "id": "f000075", 
   "language": "en", 
   "lines": [
    "to"
   ]
  }, 
  {
   "begin": "25.600", 
   "end": "25.640", 
   "id": "f000076", 
   "language": "en", 
   "lines": [
    "the"
   ]
  }, 
  {
   "begin": "25.640", 
   "end": "26.880", 
   "id": "f000077", 
   "language": "en", 
   "lines": [
    "school&nbsp;was"
   ]
  }, 
  {
   "begin": "26.880", 
   "end": "27.200", 
   "id": "f000078", 
   "language": "en", 
   "lines": [
    "now"
   ]
  }, 
  {
   "begin": "27.200", 
   "end": "28.000", 
   "id": "f000079", 
   "language": "en", 
   "lines": [
    "ready!"
   ]
  }
 ]
}