{
 "fragments": [
  {
   "begin": "0.000", 
   "end": "0.320", 
   "id": "f000001", 
   "language": "en", 
   "lines": [
    "Chuskit"
   ]
  }, 
  {
   "begin": "0.320", 
   "end": "0.720", 
   "id": "f000002", 
   "language": "en", 
   "lines": [
    "had"
   ]
  }, 
  {
   "begin": "0.720", 
   "end": "1.000", 
   "id": "f000003", 
   "language": "en", 
   "lines": [
    "been"
   ]
  }, 
  {
   "begin": "1.000", 
   "end": "1.400", 
   "id": "f000004", 
   "language": "en", 
   "lines": [
    "awake"
   ]
  }, 
  {
   "begin": "1.400", 
   "end": "1.560", 
   "id": "f000005", 
   "language": "en", 
   "lines": [
    "for"
   ]
  }, 
  {
   "begin": "1.560", 
   "end": "1.680", 
   "id": "f000006", 
   "language": "en", 
   "lines": [
    "the"
   ]
  }, 
  {
   "begin": "1.680", 
   "end": "2.120", 
   "id": "f000007", 
   "language": "en", 
   "lines": [
    "last"
   ]
  }, 
  {
   "begin": "2.120", 
   "end": "3.120", 
   "id": "f000008", 
   "language": "en", 
   "lines": [
    "hour."
   ]
  }, 
  {
   "begin": "3.120", 
   "end": "3.360", 
   "id": "f000009", 
   "language": "en", 
   "lines": [
    "This"
   ]
  }, 
  {
   "begin": "3.360", 
   "end": "3.560", 
   "id": "f000010", 
   "language": "en", 
   "lines": [
    "was"
   ]
  }, 
  {
   "begin": "3.560", 
   "end": "3.640", 
   "id": "f000011", 
   "language": "en", 
   "lines": [
    "a"
   ]
  }, 
  {
   "begin": "3.640", 
   "end": "3.920", 
   "id": "f000012", 
   "language": "en", 
   "lines": [
    "day"
   ]
  }, 
  {
   "begin": "3.920", 
   "end": "4.120", 
   "id": "f000013", 
   "language": "en", 
   "lines": [
    "she"
   ]
  }, 
  {
   "begin": "4.120", 
   "end": "4.320", 
   "id": "f000014", 
   "language": "en", 
   "lines": [
    "was"
   ]
  }, 
  {
   "begin": "4.320", 
   "end": "4.600", 
   "id": "f000015", 
   "language": "en", 
   "lines": [
    "going"
   ]
  }, 
  {
   "begin": "4.600", 
   "end": "4.640", 
   "id": "f000016", 
   "language": "en", 
   "lines": [
    "to"
   ]
  }, 
  {
   "begin": "4.640", 
   "end": "5.040", 
   "id": "f000017", 
   "language": "en", 
   "lines": [
    "remember"
   ]
  }, 
  {
   "begin": "5.040", 
   "end": "5.360", 
   "id": "f000018", 
   "language": "en", 
   "lines": [
    "for"
   ]
  }, 
  {
   "begin": "5.360", 
   "end": "5.640", 
   "id": "f000019", 
   "language": "en", 
   "lines": [
    "a"
   ]
  }, 
  {
   "begin": "5.640", 
   "end": "6.040", 
   "id": "f000020", 
   "language": "en", 
   "lines": [
    "long"
   ]
  }, 
  {
   "begin": "6.040", 
   "end": "6.440", 
   "id": "f000021", 
   "language": "en", 
   "lines": [
    "time."
   ]
  }, 
  {
   "begin": "6.440", 
   "end": "7.480", 
   "id": "f000022", 
   "language": "en", 
   "lines": [
    "Can"
   ]
  }, 
  {
   "begin": "7.480", 
   "end": "7.520", 
   "id": "f000023", 
   "language": "en", 
   "lines": [
    "you"
   ]
  }, 
  {
   "begin": "7.520", 
   "end": "7.760", 
   "id": "f000024", 
   "language": "en", 
   "lines": [
    "guess"
   ]
  }, 
  {
   "begin": "7.760", 
   "end": "8.240", 
   "id": "f000025", 
   "language": "en", 
   "lines": [
    "why?\n\n"
   ]
  }, 
  {
   "begin": "8.240", 
   "end": "8.240", 
   "id": "f000026", 
   "language": "en", 
   "lines": [
    ""
   ]
  }, 
  {
   "begin": "8.240", 
   "end": "9.040", 
   "id": "f000027", 
   "language": "en", 
   "lines": [
    ""
   ]
  }, 
  {
   "begin": "9.040", 
   "end": "9.040", 
   "id": "f000028", 
   "language": "en", 
   "lines": [
    ""
   ]
  }, 
  {
   "begin": "9.040", 
   "end": "9.040", 
   "id": "f000029", 
   "language": "en", 
   "lines": [
    ""
   ]
  }, 
  {
   "begin": "9.040", 
   "end": "9.760", 
   "id": "f000030", 
   "language": "en", 
   "lines": [
    "No,"
   ]
  }, 
  {
   "begin": "9.760", 
   "end": "9.880", 
   "id": "f000031", 
   "language": "en", 
   "lines": [
    "it"
   ]
  }, 
  {
   "begin": "9.880", 
   "end": "10.160", 
   "id": "f000032", 
   "language": "en", 
   "lines": [
    "was"
   ]
  }, 
  {
   "begin": "10.160", 
   "end": "10.480", 
   "id": "f000033", 
   "language": "en", 
   "lines": [
    "not"
   ]
  }, 
  {
   "begin": "10.480", 
   "end": "11.040", 
   "id": "f000034", 
   "language": "en", 
   "lines": [
    "Losar,"
   ]
  }, 
  {
   "begin": "11.040", 
   "end": "11.440", 
   "id": "f000035", 
   "language": "en", 
   "lines": [
    "the"
   ]
  }, 
  {
   "begin": "11.440", 
   "end": "12.040", 
   "id": "f000036", 
   "language": "en", 
   "lines": [
    "New&nbsp;Year"
   ]
  }, 
  {
   "begin": "12.040", 
   "end": "12.360", 
   "id": "f000037", 
   "language": "en", 
   "lines": [
    "festival."
   ]
  }, 
  {
   "begin": "12.360", 
   "end": "13.000", 
   "id": "f000038", 
   "language": "en", 
   "lines": [
    "That"
   ]
  }, 
  {
   "begin": "13.000", 
   "end": "13.160", 
   "id": "f000039", 
   "language": "en", 
   "lines": [
    "was"
   ]
  }, 
  {
   "begin": "13.160", 
   "end": "14.280", 
   "id": "f000040", 
   "language": "en", 
   "lines": [
    "many&nbsp;months"
   ]
  }, 
  {
   "begin": "14.280", 
   "end": "14.680", 
   "id": "f000041", 
   "language": "en", 
   "lines": [
    "away."
   ]
  }, 
  {
   "begin": "14.680", 
   "end": "14.960", 
   "id": "f000042", 
   "language": "en", 
   "lines": [
    "Nor"
   ]
  }, 
  {
   "begin": "14.960", 
   "end": "15.280", 
   "id": "f000043", 
   "language": "en", 
   "lines": [
    "was"
   ]
  }, 
  {
   "begin": "15.280", 
   "end": "15.320", 
   "id": "f000044", 
   "language": "en", 
   "lines": [
    "it"
   ]
  }, 
  {
   "begin": "15.320", 
   "end": "16.080", 
   "id": "f000045", 
   "language": "en", 
   "lines": [
    "any&nbsp;special"
   ]
  }, 
  {
   "begin": "16.080", 
   "end": "16.440", 
   "id": "f000046", 
   "language": "en", 
   "lines": [
    "day"
   ]
  }, 
  {
   "begin": "16.440", 
   "end": "16.520", 
   "id": "f000047", 
   "language": "en", 
   "lines": [
    "in"
   ]
  }, 
  {
   "begin": "16.520", 
   "end": "16.720", 
   "id": "f000048", 
   "language": "en", 
   "lines": [
    "her"
   ]
  }, 
  {
   "begin": "16.720", 
   "end": "17.480", 
   "id": "f000049", 
   "language": "en", 
   "lines": [
    "village,"
   ]
  }, 
  {
   "begin": "17.480", 
   "end": "17.920", 
   "id": "f000050", 
   "language": "en", 
   "lines": [
    "like&nbsp;the"
   ]
  }, 
  {
   "begin": "17.920", 
   "end": "18.160", 
   "id": "f000051", 
   "language": "en", 
   "lines": [
    "gonpa"
   ]
  }, 
  {
   "begin": "18.160", 
   "end": "19.320", 
   "id": "f000052", 
   "language": "en", 
   "lines": [
    "festival,"
   ]
  }, 
  {
   "begin": "19.320", 
   "end": "19.640", 
   "id": "f000053", 
   "language": "en", 
   "lines": [
    "or"
   ]
  }, 
  {
   "begin": "19.640", 
   "end": "19.760", 
   "id": "f000054", 
   "language": "en", 
   "lines": [
    "a"
   ]
  }, 
  {
   "begin": "19.760", 
   "end": "21.040", 
   "id": "f000055", 
   "language": "en", 
   "lines": [
    "wedding"
   ]
  }, 
  {
   "begin": "21.040", 
   "end": "21.160", 
   "id": "f000056", 
   "language": "en", 
   "lines": [
    "day.\n\n"
   ]
  }, 
  {
   "begin": "21.160", 
   "end": "21.160", 
   "id": "f000057", 
   "language": "en", 
   "lines": [
    ""
   ]
  }, 
  {
   "begin": "21.160", 
   "end": "21.160", 
   "id": "f000058", 
   "language": "en", 
   "lines": [
    ""
   ]
  }, 
  {
   "begin": "21.160", 
   "end": "21.440", 
   "id": "f000059", 
   "language": "en", 
   "lines": [
    "Today"
   ]
  }, 
  {
   "begin": "21.440", 
   "end": "21.680", 
   "id": "f000060", 
   "language": "en", 
   "lines": [
    "was"
   ]
  }, 
  {
   "begin": "21.680", 
   "end": "21.960", 
   "id": "f000061", 
   "language": "en", 
   "lines": [
    "going"
   ]
  }, 
  {
   "begin": "21.960", 
   "end": "22.120", 
   "id": "f000062", 
   "language": "en", 
   "lines": [
    "to"
   ]
  }, 
  {
   "begin": "22.120", 
   "end": "22.360", 
   "id": "f000063", 
   "language": "en", 
   "lines": [
    "be"
   ]
  }, 
  {
   "begin": "22.360", 
   "end": "22.360", 
   "id": "f000064", 
   "language": "en", 
   "lines": [
    ""
   ]
  }, 
  {
   "begin": "22.360", 
   "end": "23.080", 
   "id": "f000065", 
   "language": "en", 
   "lines": [
    "Chuskit's"
   ]
  }, 
  {
   "begin": "23.080", 
   "end": "23.760", 
   "id": "f000066", 
   "language": "en", 
   "lines": [
    "first"
   ]
  }, 
  {
   "begin": "23.760", 
   "end": "24.080", 
   "id": "f000067", 
   "language": "en", 
   "lines": [
    "day"
   ]
  }, 
  {
   "begin": "24.080", 
   "end": "24.240", 
   "id": "f000068", 
   "language": "en", 
   "lines": [
    "at"
   ]
  }, 
  {
   "begin": "24.240", 
   "end": "25.240", 
   "id": "f000069", 
   "language": "en", 
   "lines": [
    "school."
   ]
  }, 
  {
   "begin": "25.240", 
   "end": "25.520", 
   "id": "f000070", 
   "language": "en", 
   "lines": [
    "At"
   ]
  }, 
  {
   "begin": "25.520", 
   "end": "25.840", 
   "id": "f000071", 
   "language": "en", 
   "lines": [
    "nine"
   ]
  }, 
  {
   "begin": "25.840", 
   "end": "26.560", 
   "id": "f000072", 
   "language": "en", 
   "lines": [
    "years,"
   ]
  }, 
  {
   "begin": "26.560", 
   "end": "26.960", 
   "id": "f000073", 
   "language": "en", 
   "lines": [
    "she"
   ]
  }, 
  {
   "begin": "26.960", 
   "end": "26.960", 
   "id": "f000074", 
   "language": "en", 
   "lines": [
    "had"
   ]
  }, 
  {
   "begin": "26.960", 
   "end": "27.480", 
   "id": "f000075", 
   "language": "en", 
   "lines": [
    "waited&nbsp;a"
   ]
  }, 
  {
   "begin": "27.480", 
   "end": "28.240", 
   "id": "f000076", 
   "language": "en", 
   "lines": [
    "long,"
   ]
  }, 
  {
   "begin": "28.240", 
   "end": "28.640", 
   "id": "f000077", 
   "language": "en", 
   "lines": [
    "long"
   ]
  }, 
  {
   "begin": "28.640", 
   "end": "28.960", 
   "id": "f000078", 
   "language": "en", 
   "lines": [
    "time"
   ]
  }, 
  {
   "begin": "28.960", 
   "end": "29.120", 
   "id": "f000079", 
   "language": "en", 
   "lines": [
    "for"
   ]
  }, 
  {
   "begin": "29.120", 
   "end": "29.920", 
   "id": "f000080", 
   "language": "en", 
   "lines": [
    "this.&nbsp;"
   ]
  }
 ]
}