{
 "fragments": [
  {
   "begin": "0.000", 
   "end": "0.880", 
   "id": "f000001", 
   "language": "en", 
   "lines": [
    "Chuskit"
   ]
  }, 
  {
   "begin": "0.880", 
   "end": "1.240", 
   "id": "f000002", 
   "language": "en", 
   "lines": [
    "woke"
   ]
  }, 
  {
   "begin": "1.240", 
   "end": "1.560", 
   "id": "f000003", 
   "language": "en", 
   "lines": [
    "up"
   ]
  }, 
  {
   "begin": "1.560", 
   "end": "1.960", 
   "id": "f000004", 
   "language": "en", 
   "lines": [
    "early"
   ]
  }, 
  {
   "begin": "1.960", 
   "end": "2.240", 
   "id": "f000005", 
   "language": "en", 
   "lines": [
    "that"
   ]
  }, 
  {
   "begin": "2.240", 
   "end": "3.000", 
   "id": "f000006", 
   "language": "en", 
   "lines": [
    "morning."
   ]
  }, 
  {
   "begin": "3.000", 
   "end": "3.560", 
   "id": "f000007", 
   "language": "en", 
   "lines": [
    "It"
   ]
  }, 
  {
   "begin": "3.560", 
   "end": "4.040", 
   "id": "f000008", 
   "language": "en", 
   "lines": [
    "was"
   ]
  }, 
  {
   "begin": "4.040", 
   "end": "4.240", 
   "id": "f000009", 
   "language": "en", 
   "lines": [
    "a"
   ]
  }, 
  {
   "begin": "4.240", 
   "end": "4.400", 
   "id": "f000010", 
   "language": "en", 
   "lines": [
    "very"
   ]
  }, 
  {
   "begin": "4.400", 
   "end": "5.040", 
   "id": "f000011", 
   "language": "en", 
   "lines": [
    "special&nbsp;day"
   ]
  }, 
  {
   "begin": "5.040", 
   "end": "5.200", 
   "id": "f000012", 
   "language": "en", 
   "lines": [
    "and"
   ]
  }, 
  {
   "begin": "5.200", 
   "end": "5.360", 
   "id": "f000013", 
   "language": "en", 
   "lines": [
    "she"
   ]
  }, 
  {
   "begin": "5.360", 
   "end": "5.600", 
   "id": "f000014", 
   "language": "en", 
   "lines": [
    "was"
   ]
  }, 
  {
   "begin": "5.600", 
   "end": "5.880", 
   "id": "f000015", 
   "language": "en", 
   "lines": [
    "too"
   ]
  }, 
  {
   "begin": "5.880", 
   "end": "6.240", 
   "id": "f000016", 
   "language": "en", 
   "lines": [
    "excited"
   ]
  }, 
  {
   "begin": "6.240", 
   "end": "7.720", 
   "id": "f000017", 
   "language": "en", 
   "lines": [
    "to&nbsp;sleep."
   ]
  }, 
  {
   "begin": "7.720", 
   "end": "8.000", 
   "id": "f000018", 
   "language": "en", 
   "lines": [
    "She"
   ]
  }, 
  {
   "begin": "8.000", 
   "end": "8.200", 
   "id": "f000019", 
   "language": "en", 
   "lines": [
    "eagerly"
   ]
  }, 
  {
   "begin": "8.200", 
   "end": "8.240", 
   "id": "f000020", 
   "language": "en", 
   "lines": [
    "looked"
   ]
  }, 
  {
   "begin": "8.240", 
   "end": "8.720", 
   "id": "f000021", 
   "language": "en", 
   "lines": [
    "out&nbsp;of"
   ]
  }, 
  {
   "begin": "8.720", 
   "end": "9.160", 
   "id": "f000022", 
   "language": "en", 
   "lines": [
    "the"
   ]
  }, 
  {
   "begin": "9.160", 
   "end": "9.600", 
   "id": "f000023", 
   "language": "en", 
   "lines": [
    "room"
   ]
  }, 
  {
   "begin": "9.600", 
   "end": "9.720", 
   "id": "f000024", 
   "language": "en", 
   "lines": [
    "through"
   ]
  }, 
  {
   "begin": "9.720", 
   "end": "9.880", 
   "id": "f000025", 
   "language": "en", 
   "lines": [
    "the"
   ]
  }, 
  {
   "begin": "9.880", 
   "end": "10.280", 
   "id": "f000026", 
   "language": "en", 
   "lines": [
    "window"
   ]
  }, 
  {
   "begin": "10.280", 
   "end": "10.400", 
   "id": "f000027", 
   "language": "en", 
   "lines": [
    "next"
   ]
  }, 
  {
   "begin": "10.400", 
   "end": "10.440", 
   "id": "f000028", 
   "language": "en", 
   "lines": [
    "to"
   ]
  }, 
  {
   "begin": "10.440", 
   "end": "10.880", 
   "id": "f000029", 
   "language": "en", 
   "lines": [
    "her"
   ]
  }, 
  {
   "begin": "10.880", 
   "end": "11.160", 
   "id": "f000030", 
   "language": "en", 
   "lines": [
    "bed.\n\n"
   ]
  }, 
  {
   "begin": "11.160", 
   "end": "11.160", 
   "id": "f000031", 
   "language": "en", 
   "lines": [
    ""
   ]
  }, 
  {
   "begin": "11.160", 
   "end": "11.920", 
   "id": "f000032", 
   "language": "en", 
   "lines": [
    "It"
   ]
  }, 
  {
   "begin": "11.920", 
   "end": "12.360", 
   "id": "f000033", 
   "language": "en", 
   "lines": [
    "was"
   ]
  }, 
  {
   "begin": "12.360", 
   "end": "12.680", 
   "id": "f000034", 
   "language": "en", 
   "lines": [
    "spring"
   ]
  }, 
  {
   "begin": "12.680", 
   "end": "13.000", 
   "id": "f000035", 
   "language": "en", 
   "lines": [
    "time"
   ]
  }, 
  {
   "begin": "13.000", 
   "end": "13.120", 
   "id": "f000036", 
   "language": "en", 
   "lines": [
    "in"
   ]
  }, 
  {
   "begin": "13.120", 
   "end": "14.000", 
   "id": "f000037", 
   "language": "en", 
   "lines": [
    "Ladakh"
   ]
  }, 
  {
   "begin": "14.000", 
   "end": "14.000", 
   "id": "f000038", 
   "language": "en", 
   "lines": [
    ""
   ]
  }, 
  {
   "begin": "14.000", 
   "end": "14.280", 
   "id": "f000039", 
   "language": "en", 
   "lines": [
    "and"
   ]
  }, 
  {
   "begin": "14.280", 
   "end": "14.520", 
   "id": "f000040", 
   "language": "en", 
   "lines": [
    "the"
   ]
  }, 
  {
   "begin": "14.520", 
   "end": "14.840", 
   "id": "f000041", 
   "language": "en", 
   "lines": [
    "apricot"
   ]
  }, 
  {
   "begin": "14.840", 
   "end": "15.240", 
   "id": "f000042", 
   "language": "en", 
   "lines": [
    "trees"
   ]
  }, 
  {
   "begin": "15.240", 
   "end": "15.240", 
   "id": "f000043", 
   "language": "en", 
   "lines": [
    "were"
   ]
  }, 
  {
   "begin": "15.240", 
   "end": "15.880", 
   "id": "f000044", 
   "language": "en", 
   "lines": [
    "in&nbsp;full"
   ]
  }, 
  {
   "begin": "15.880", 
   "end": "16.240", 
   "id": "f000045", 
   "language": "en", 
   "lines": [
    "bloom."
   ]
  }, 
  {
   "begin": "16.240", 
   "end": "17.040", 
   "id": "f000046", 
   "language": "en", 
   "lines": [
    "Two"
   ]
  }, 
  {
   "begin": "17.040", 
   "end": "17.560", 
   "id": "f000047", 
   "language": "en", 
   "lines": [
    "magpies"
   ]
  }, 
  {
   "begin": "17.560", 
   "end": "18.120", 
   "id": "f000048", 
   "language": "en", 
   "lines": [
    "had&nbsp;already"
   ]
  }, 
  {
   "begin": "18.120", 
   "end": "18.400", 
   "id": "f000049", 
   "language": "en", 
   "lines": [
    "begun"
   ]
  }, 
  {
   "begin": "18.400", 
   "end": "18.640", 
   "id": "f000050", 
   "language": "en", 
   "lines": [
    "their"
   ]
  }, 
  {
   "begin": "18.640", 
   "end": "19.280", 
   "id": "f000051", 
   "language": "en", 
   "lines": [
    "day"
   ]
  }, 
  {
   "begin": "19.280", 
   "end": "19.400", 
   "id": "f000052", 
   "language": "en", 
   "lines": [
    "and"
   ]
  }, 
  {
   "begin": "19.400", 
   "end": "19.600", 
   "id": "f000053", 
   "language": "en", 
   "lines": [
    "were"
   ]
  }, 
  {
   "begin": "19.600", 
   "end": "20.120", 
   "id": "f000054", 
   "language": "en", 
   "lines": [
    "busy"
   ]
  }, 
  {
   "begin": "20.120", 
   "end": "20.280", 
   "id": "f000055", 
   "language": "en", 
   "lines": [
    "looking"
   ]
  }, 
  {
   "begin": "20.280", 
   "end": "20.480", 
   "id": "f000056", 
   "language": "en", 
   "lines": [
    "for"
   ]
  }, 
  {
   "begin": "20.480", 
   "end": "21.360", 
   "id": "f000057", 
   "language": "en", 
   "lines": [
    "insects&nbsp;to"
   ]
  }, 
  {
   "begin": "21.360", 
   "end": "22.000", 
   "id": "f000058", 
   "language": "en", 
   "lines": [
    "eat."
   ]
  }, 
  {
   "begin": "22.000", 
   "end": "22.160", 
   "id": "f000059", 
   "language": "en", 
   "lines": [
    "Her"
   ]
  }, 
  {
   "begin": "22.160", 
   "end": "22.640", 
   "id": "f000060", 
   "language": "en", 
   "lines": [
    "Ama-ley"
   ]
  }, 
  {
   "begin": "22.640", 
   "end": "22.880", 
   "id": "f000061", 
   "language": "en", 
   "lines": [
    "was"
   ]
  }, 
  {
   "begin": "22.880", 
   "end": "23.880", 
   "id": "f000062", 
   "language": "en", 
   "lines": [
    "awake&nbsp;too."
   ]
  }, 
  {
   "begin": "23.880", 
   "end": "24.040", 
   "id": "f000063", 
   "language": "en", 
   "lines": [
    "She"
   ]
  }, 
  {
   "begin": "24.040", 
   "end": "24.280", 
   "id": "f000064", 
   "language": "en", 
   "lines": [
    "could"
   ]
  }, 
  {
   "begin": "24.280", 
   "end": "24.600", 
   "id": "f000065", 
   "language": "en", 
   "lines": [
    "hear"
   ]
  }, 
  {
   "begin": "24.600", 
   "end": "24.840", 
   "id": "f000066", 
   "language": "en", 
   "lines": [
    "her"
   ]
  }, 
  {
   "begin": "24.840", 
   "end": "25.040", 
   "id": "f000067", 
   "language": "en", 
   "lines": [
    "in"
   ]
  }, 
  {
   "begin": "25.040", 
   "end": "25.920", 
   "id": "f000068", 
   "language": "en", 
   "lines": [
    "the&nbsp;kitchen"
   ]
  }, 
  {
   "begin": "25.920", 
   "end": "26.160", 
   "id": "f000069", 
   "language": "en", 
   "lines": [
    "making"
   ]
  }, 
  {
   "begin": "26.160", 
   "end": "26.400", 
   "id": "f000070", 
   "language": "en", 
   "lines": [
    "gur-gur"
   ]
  }, 
  {
   "begin": "26.400", 
   "end": "27.040", 
   "id": "f000071", 
   "language": "en", 
   "lines": [
    "tea."
   ]
  }
 ]
}