{
 "fragments": [ 
  {
   "begin": "0.760", 
   "end": "0.760", 
   "id": "f000004", 
   "language": "en", 
   "lines": [
    "Two"
   ]
  }, 
  {
   "begin": "0.760", 
   "end": "1.000", 
   "id": "f000005", 
   "language": "en", 
   "lines": [
    "weeks"
   ]
  }, 
  {
   "begin": "1.000", 
   "end": "1.200", 
   "id": "f000006", 
   "language": "en", 
   "lines": [
    "later"
   ]
  }, 
  {
   "begin": "1.200", 
   "end": "1.760", 
   "id": "f000007", 
   "language": "en", 
   "lines": [
    "there"
   ]
  }, 
  {
   "begin": "1.760", 
   "end": "2.200", 
   "id": "f000008", 
   "language": "en", 
   "lines": [
    "was"
   ]
  }, 
  {
   "begin": "2.200", 
   "end": "2.640", 
   "id": "f000009", 
   "language": "en", 
   "lines": [
    "great"
   ]
  }, 
  {
   "begin": "2.640", 
   "end": "3.280", 
   "id": "f000010", 
   "language": "en", 
   "lines": [
    "excitement"
   ]
  }, 
  {
   "begin": "3.280", 
   "end": "3.440", 
   "id": "f000011", 
   "language": "en", 
   "lines": [
    "at"
   ]
  }, 
  {
   "begin": "3.440", 
   "end": "3.600", 
   "id": "f000012", 
   "language": "en", 
   "lines": [
    "the"
   ]
  }, 
  {
   "begin": "3.600", 
   "end": "4.080", 
   "id": "f000013", 
   "language": "en", 
   "lines": [
    "Government"
   ]
  }, 
  {
   "begin": "4.080", 
   "end": "5.480", 
   "id": "f000014", 
   "language": "en", 
   "lines": [
    "School."
   ]
  }, 
  {
   "begin": "5.480", 
   "end": "5.840", 
   "id": "f000015", 
   "language": "en", 
   "lines": [
    "All"
   ]
  }, 
  {
   "begin": "5.840", 
   "end": "5.880", 
   "id": "f000016", 
   "language": "en", 
   "lines": [
    "the"
   ]
  }, 
  {
   "begin": "5.880", 
   "end": "6.200", 
   "id": "f000017", 
   "language": "en", 
   "lines": [
    "children"
   ]
  }, 
  {
   "begin": "6.200", 
   "end": "6.480", 
   "id": "f000018", 
   "language": "en", 
   "lines": [
    "had"
   ]
  }, 
  {
   "begin": "6.480", 
   "end": "6.880", 
   "id": "f000019", 
   "language": "en", 
   "lines": [
    "gathered"
   ]
  }, 
  {
   "begin": "6.880", 
   "end": "7.480", 
   "id": "f000020", 
   "language": "en", 
   "lines": [
    "outside"
   ]
  }, 
  {
   "begin": "7.480", 
   "end": "7.720", 
   "id": "f000021", 
   "language": "en", 
   "lines": [
    "in"
   ]
  }, 
  {
   "begin": "7.720", 
   "end": "7.960", 
   "id": "f000022", 
   "language": "en", 
   "lines": [
    "the"
   ]
  }, 
  {
   "begin": "7.960", 
   "end": "9.040", 
   "id": "f000023", 
   "language": "en", 
   "lines": [
    "playground.\n"
   ]
  }, 
  {
   "begin": "9.040", 
   "end": "9.040", 
   "id": "f000024", 
   "language": "en", 
   "lines": [
    ""
   ]
  }, 
  {
   "begin": "9.040", 
   "end": "9.200", 
   "id": "f000025", 
   "language": "en", 
   "lines": [
    "They"
   ]
  }, 
  {
   "begin": "9.200", 
   "end": "9.360", 
   "id": "f000026", 
   "language": "en", 
   "lines": [
    "had"
   ]
  }, 
  {
   "begin": "9.360", 
   "end": "9.640", 
   "id": "f000027", 
   "language": "en", 
   "lines": [
    "come"
   ]
  }, 
  {
   "begin": "9.640", 
   "end": "9.880", 
   "id": "f000028", 
   "language": "en", 
   "lines": [
    "to"
   ]
  }, 
  {
   "begin": "9.880", 
   "end": "10.200", 
   "id": "f000029", 
   "language": "en", 
   "lines": [
    "school"
   ]
  }, 
  {
   "begin": "10.200", 
   "end": "10.640", 
   "id": "f000030", 
   "language": "en", 
   "lines": [
    "without"
   ]
  }, 
  {
   "begin": "10.640", 
   "end": "10.920", 
   "id": "f000031", 
   "language": "en", 
   "lines": [
    "their"
   ]
  }, 
  {
   "begin": "10.920", 
   "end": "11.280", 
   "id": "f000032", 
   "language": "en", 
   "lines": [
    "school"
   ]
  }, 
  {
   "begin": "11.280", 
   "end": "11.680", 
   "id": "f000033", 
   "language": "en", 
   "lines": [
    "bags:\n"
   ]
  }, 
  {
   "begin": "11.680", 
   "end": "12.480", 
   "id": "f000034", 
   "language": "en", 
   "lines": [
    ""
   ]
  }, 
  {
   "begin": "12.480", 
   "end": "12.480", 
   "id": "f000035", 
   "language": "en", 
   "lines": [
    ""
   ]
  }, 
  {
   "begin": "12.480", 
   "end": "12.800", 
   "id": "f000036", 
   "language": "en", 
   "lines": [
    "there"
   ]
  }, 
  {
   "begin": "12.800", 
   "end": "12.800", 
   "id": "f000037", 
   "language": "en", 
   "lines": [
    "were"
   ]
  }, 
  {
   "begin": "12.800", 
   "end": "13.080", 
   "id": "f000038", 
   "language": "en", 
   "lines": [
    "going"
   ]
  }, 
  {
   "begin": "13.080", 
   "end": "13.400", 
   "id": "f000039", 
   "language": "en", 
   "lines": [
    "to"
   ]
  }, 
  {
   "begin": "13.400", 
   "end": "13.440", 
   "id": "f000040", 
   "language": "en", 
   "lines": [
    "be"
   ]
  }, 
  {
   "begin": "13.440", 
   "end": "13.800", 
   "id": "f000041", 
   "language": "en", 
   "lines": [
    "no"
   ]
  }, 
  {
   "begin": "13.800", 
   "end": "14.320", 
   "id": "f000042", 
   "language": "en", 
   "lines": [
    "classes"
   ]
  }, 
  {
   "begin": "14.320", 
   "end": "15.040", 
   "id": "f000043", 
   "language": "en", 
   "lines": [
    "today!"
   ]
  }
 ]
}