{
 "fragments": [
  {
   "begin": "0.000", 
   "end": "0.880", 
   "id": "f000001", 
   "language": "en", 
   "lines": [
    "\u201cYes,"
   ]
  }, 
  {
   "begin": "0.880", 
   "end": "1.840", 
   "id": "f000002", 
   "language": "en", 
   "lines": [
    "Azhang-ley."
   ]
  }, 
  {
   "begin": "1.840", 
   "end": "2.080", 
   "id": "f000003", 
   "language": "en", 
   "lines": [
    "She"
   ]
  }, 
  {
   "begin": "2.080", 
   "end": "2.640", 
   "id": "f000004", 
   "language": "en", 
   "lines": [
    "uses"
   ]
  }, 
  {
   "begin": "2.640", 
   "end": "2.640", 
   "id": "f000005", 
   "language": "en", 
   "lines": [
    "a"
   ]
  }, 
  {
   "begin": "2.640", 
   "end": "3.200", 
   "id": "f000006", 
   "language": "en", 
   "lines": [
    "wheelchair"
   ]
  }, 
  {
   "begin": "3.200", 
   "end": "3.320", 
   "id": "f000007", 
   "language": "en", 
   "lines": [
    "to"
   ]
  }, 
  {
   "begin": "3.320", 
   "end": "4.080", 
   "id": "f000008", 
   "language": "en", 
   "lines": [
    "move&nbsp;around"
   ]
  }, 
  {
   "begin": "4.080", 
   "end": "4.240", 
   "id": "f000009", 
   "language": "en", 
   "lines": [
    "but"
   ]
  }, 
  {
   "begin": "4.240", 
   "end": "4.640", 
   "id": "f000010", 
   "language": "en", 
   "lines": [
    "cannot"
   ]
  }, 
  {
   "begin": "4.640", 
   "end": "4.960", 
   "id": "f000011", 
   "language": "en", 
   "lines": [
    "reach"
   ]
  }, 
  {
   "begin": "4.960", 
   "end": "5.960", 
   "id": "f000012", 
   "language": "en", 
   "lines": [
    "school,"
   ]
  }, 
  {
   "begin": "5.960", 
   "end": "6.120", 
   "id": "f000013", 
   "language": "en", 
   "lines": [
    "as"
   ]
  }, 
  {
   "begin": "6.120", 
   "end": "6.280", 
   "id": "f000014", 
   "language": "en", 
   "lines": [
    "the"
   ]
  }, 
  {
   "begin": "6.280", 
   "end": "6.600", 
   "id": "f000015", 
   "language": "en", 
   "lines": [
    "path"
   ]
  }, 
  {
   "begin": "6.600", 
   "end": "7.120", 
   "id": "f000016", 
   "language": "en", 
   "lines": [
    "from"
   ]
  }, 
  {
   "begin": "7.120", 
   "end": "7.320", 
   "id": "f000017", 
   "language": "en", 
   "lines": [
    "her"
   ]
  }, 
  {
   "begin": "7.320", 
   "end": "7.360", 
   "id": "f000018", 
   "language": "en", 
   "lines": [
    "home"
   ]
  }, 
  {
   "begin": "7.360", 
   "end": "7.560", 
   "id": "f000019", 
   "language": "en", 
   "lines": [
    "is"
   ]
  }, 
  {
   "begin": "7.560", 
   "end": "7.640", 
   "id": "f000020", 
   "language": "en", 
   "lines": [
    "too"
   ]
  }, 
  {
   "begin": "7.640", 
   "end": "8.320", 
   "id": "f000021", 
   "language": "en", 
   "lines": [
    "rough"
   ]
  }, 
  {
   "begin": "8.320", 
   "end": "8.680", 
   "id": "f000022", 
   "language": "en", 
   "lines": [
    "and"
   ]
  }, 
  {
   "begin": "8.680", 
   "end": "9.680", 
   "id": "f000023", 
   "language": "en", 
   "lines": [
    "uneven."
   ]
  }, 
  {
   "begin": "9.680", 
   "end": "10.120", 
   "id": "f000024", 
   "language": "en", 
   "lines": [
    "I"
   ]
  }, 
  {
   "begin": "10.120", 
   "end": "10.280", 
   "id": "f000025", 
   "language": "en", 
   "lines": [
    "was"
   ]
  }, 
  {
   "begin": "10.280", 
   "end": "10.600", 
   "id": "f000026", 
   "language": "en", 
   "lines": [
    "wondering"
   ]
  }, 
  {
   "begin": "10.600", 
   "end": "10.840", 
   "id": "f000027", 
   "language": "en", 
   "lines": [
    "if"
   ]
  }, 
  {
   "begin": "10.840", 
   "end": "11.000", 
   "id": "f000028", 
   "language": "en", 
   "lines": [
    "we"
   ]
  }, 
  {
   "begin": "11.000", 
   "end": "11.160", 
   "id": "f000029", 
   "language": "en", 
   "lines": [
    "could"
   ]
  }, 
  {
   "begin": "11.160", 
   "end": "11.240", 
   "id": "f000030", 
   "language": "en", 
   "lines": [
    "do"
   ]
  }, 
  {
   "begin": "11.240", 
   "end": "11.600", 
   "id": "f000031", 
   "language": "en", 
   "lines": [
    "anything"
   ]
  }, 
  {
   "begin": "11.600", 
   "end": "11.840", 
   "id": "f000032", 
   "language": "en", 
   "lines": [
    "to"
   ]
  }, 
  {
   "begin": "11.840", 
   "end": "12.320", 
   "id": "f000033", 
   "language": "en", 
   "lines": [
    "help"
   ]
  }, 
  {
   "begin": "12.320", 
   "end": "12.760", 
   "id": "f000034", 
   "language": "en", 
   "lines": [
    "her,"
   ]
  }, 
  {
   "begin": "12.760", 
   "end": "13.840", 
   "id": "f000035", 
   "language": "en", 
   "lines": [
    "Azhang-ley."
   ]
  }, 
  {
   "begin": "13.840", 
   "end": "14.000", 
   "id": "f000036", 
   "language": "en", 
   "lines": [
    "We"
   ]
  }, 
  {
   "begin": "14.000", 
   "end": "14.480", 
   "id": "f000037", 
   "language": "en", 
   "lines": [
    "could"
   ]
  }, 
  {
   "begin": "14.480", 
   "end": "14.680", 
   "id": "f000038", 
   "language": "en", 
   "lines": [
    "all"
   ]
  }, 
  {
   "begin": "14.680", 
   "end": "14.800", 
   "id": "f000039", 
   "language": "en", 
   "lines": [
    "get"
   ]
  }, 
  {
   "begin": "14.800", 
   "end": "15.080", 
   "id": "f000040", 
   "language": "en", 
   "lines": [
    "together"
   ]
  }, 
  {
   "begin": "15.080", 
   "end": "15.560", 
   "id": "f000041", 
   "language": "en", 
   "lines": [
    "and"
   ]
  }, 
  {
   "begin": "15.560", 
   "end": "15.720", 
   "id": "f000042", 
   "language": "en", 
   "lines": [
    "level"
   ]
  }, 
  {
   "begin": "15.720", 
   "end": "15.880", 
   "id": "f000043", 
   "language": "en", 
   "lines": [
    "the"
   ]
  }, 
  {
   "begin": "15.880", 
   "end": "16.160", 
   "id": "f000044", 
   "language": "en", 
   "lines": [
    "path"
   ]
  }, 
  {
   "begin": "16.160", 
   "end": "16.160", 
   "id": "f000045", 
   "language": "en", 
   "lines": [
    "and"
   ]
  }, 
  {
   "begin": "16.160", 
   "end": "16.240", 
   "id": "f000046", 
   "language": "en", 
   "lines": [
    "also"
   ]
  }, 
  {
   "begin": "16.240", 
   "end": "17.120", 
   "id": "f000047", 
   "language": "en", 
   "lines": [
    "build"
   ]
  }, 
  {
   "begin": "17.120", 
   "end": "17.360", 
   "id": "f000048", 
   "language": "en", 
   "lines": [
    "a"
   ]
  }, 
  {
   "begin": "17.360", 
   "end": "17.880", 
   "id": "f000049", 
   "language": "en", 
   "lines": [
    "small"
   ]
  }, 
  {
   "begin": "17.880", 
   "end": "18.200", 
   "id": "f000050", 
   "language": "en", 
   "lines": [
    "bridge"
   ]
  }, 
  {
   "begin": "18.200", 
   "end": "18.560", 
   "id": "f000051", 
   "language": "en", 
   "lines": [
    "across"
   ]
  }, 
  {
   "begin": "18.560", 
   "end": "18.800", 
   "id": "f000052", 
   "language": "en", 
   "lines": [
    "the"
   ]
  }, 
  {
   "begin": "18.800", 
   "end": "19.160", 
   "id": "f000053", 
   "language": "en", 
   "lines": [
    "stream.\u201d\n\n"
   ]
  }, 
  {
   "begin": "19.160", 
   "end": "19.160", 
   "id": "f000054", 
   "language": "en", 
   "lines": [
    ""
   ]
  }, 
  {
   "begin": "19.160", 
   "end": "19.160", 
   "id": "f000055", 
   "language": "en", 
   "lines": [
    ""
   ]
  }, 
  {
   "begin": "19.160", 
   "end": "20.320", 
   "id": "f000056", 
   "language": "en", 
   "lines": [
    "\u201cThat\u2019s"
   ]
  }, 
  {
   "begin": "20.320", 
   "end": "20.720", 
   "id": "f000057", 
   "language": "en", 
   "lines": [
    "very"
   ]
  }, 
  {
   "begin": "20.720", 
   "end": "21.280", 
   "id": "f000058", 
   "language": "en", 
   "lines": [
    "thoughtful"
   ]
  }, 
  {
   "begin": "21.280", 
   "end": "21.480", 
   "id": "f000059", 
   "language": "en", 
   "lines": [
    "of"
   ]
  }, 
  {
   "begin": "21.480", 
   "end": "21.680", 
   "id": "f000060", 
   "language": "en", 
   "lines": [
    "you,"
   ]
  }, 
  {
   "begin": "21.680", 
   "end": "22.680", 
   "id": "f000061", 
   "language": "en", 
   "lines": [
    "Abdul,\u201d"
   ]
  }, 
  {
   "begin": "22.680", 
   "end": "22.880", 
   "id": "f000062", 
   "language": "en", 
   "lines": [
    "said"
   ]
  }, 
  {
   "begin": "22.880", 
   "end": "23.640", 
   "id": "f000063", 
   "language": "en", 
   "lines": [
    "the&nbsp;Headmaster"
   ]
  }, 
  {
   "begin": "23.640", 
   "end": "24.160", 
   "id": "f000064", 
   "language": "en", 
   "lines": [
    "as"
   ]
  }, 
  {
   "begin": "24.160", 
   "end": "24.440", 
   "id": "f000065", 
   "language": "en", 
   "lines": [
    "he"
   ]
  }, 
  {
   "begin": "24.440", 
   "end": "24.840", 
   "id": "f000066", 
   "language": "en", 
   "lines": [
    "patted"
   ]
  }, 
  {
   "begin": "24.840", 
   "end": "25.120", 
   "id": "f000067", 
   "language": "en", 
   "lines": [
    "him"
   ]
  }, 
  {
   "begin": "25.120", 
   "end": "25.240", 
   "id": "f000068", 
   "language": "en", 
   "lines": [
    "on"
   ]
  }, 
  {
   "begin": "25.240", 
   "end": "25.400", 
   "id": "f000069", 
   "language": "en", 
   "lines": [
    "the"
   ]
  }, 
  {
   "begin": "25.400", 
   "end": "25.640", 
   "id": "f000070", 
   "language": "en", 
   "lines": [
    "back."
   ]
  }, 
  {
   "begin": "25.640", 
   "end": "27.080", 
   "id": "f000071", 
   "language": "en", 
   "lines": [
    "\u201cWhat&nbsp;made"
   ]
  }, 
  {
   "begin": "27.080", 
   "end": "27.080", 
   "id": "f000072", 
   "language": "en", 
   "lines": [
    "you"
   ]
  }, 
  {
   "begin": "27.080", 
   "end": "27.360", 
   "id": "f000073", 
   "language": "en", 
   "lines": [
    "think"
   ]
  }, 
  {
   "begin": "27.360", 
   "end": "27.480", 
   "id": "f000074", 
   "language": "en", 
   "lines": [
    "of"
   ]
  }, 
  {
   "begin": "27.480", 
   "end": "28.000", 
   "id": "f000075", 
   "language": "en", 
   "lines": [
    "Chuskit"
   ]
  }, 
  {
   "begin": "28.000", 
   "end": "28.200", 
   "id": "f000076", 
   "language": "en", 
   "lines": [
    "and"
   ]
  }, 
  {
   "begin": "28.200", 
   "end": "28.320", 
   "id": "f000077", 
   "language": "en", 
   "lines": [
    "her"
   ]
  }, 
  {
   "begin": "28.320", 
   "end": "29.080", 
   "id": "f000078", 
   "language": "en", 
   "lines": [
    "problems?\u201d\n\n"
   ]
  }, 
  {
   "begin": "29.080", 
   "end": "29.080", 
   "id": "f000079", 
   "language": "en", 
   "lines": [
    ""
   ]
  }, 
  {
   "begin": "29.080", 
   "end": "29.080", 
   "id": "f000080", 
   "language": "en", 
   "lines": [
    ""
   ]
  }, 
  {
   "begin": "29.080", 
   "end": "30.920", 
   "id": "f000081", 
   "language": "en", 
   "lines": [
    "\u201cAzhang-ley,"
   ]
  }, 
  {
   "begin": "30.920", 
   "end": "31.400", 
   "id": "f000082", 
   "language": "en", 
   "lines": [
    "last"
   ]
  }, 
  {
   "begin": "31.400", 
   "end": "31.680", 
   "id": "f000083", 
   "language": "en", 
   "lines": [
    "week"
   ]
  }, 
  {
   "begin": "31.680", 
   "end": "31.880", 
   "id": "f000084", 
   "language": "en", 
   "lines": [
    "we"
   ]
  }, 
  {
   "begin": "31.880", 
   "end": "32.080", 
   "id": "f000085", 
   "language": "en", 
   "lines": [
    "read"
   ]
  }, 
  {
   "begin": "32.080", 
   "end": "32.440", 
   "id": "f000086", 
   "language": "en", 
   "lines": [
    "about"
   ]
  }, 
  {
   "begin": "32.440", 
   "end": "32.560", 
   "id": "f000087", 
   "language": "en", 
   "lines": [
    "the"
   ]
  }, 
  {
   "begin": "32.560", 
   "end": "33.320", 
   "id": "f000088", 
   "language": "en", 
   "lines": [
    "fundamental"
   ]
  }, 
  {
   "begin": "33.320", 
   "end": "34.000", 
   "id": "f000089", 
   "language": "en", 
   "lines": [
    "rights"
   ]
  }, 
  {
   "begin": "34.000", 
   "end": "34.040", 
   "id": "f000090", 
   "language": "en", 
   "lines": [
    "of"
   ]
  }, 
  {
   "begin": "34.040", 
   "end": "34.840", 
   "id": "f000091", 
   "language": "en", 
   "lines": [
    "citizens"
   ]
  }, 
  {
   "begin": "34.840", 
   "end": "34.920", 
   "id": "f000092", 
   "language": "en", 
   "lines": [
    "in"
   ]
  }, 
  {
   "begin": "34.920", 
   "end": "34.960", 
   "id": "f000093", 
   "language": "en", 
   "lines": [
    "our"
   ]
  }, 
  {
   "begin": "34.960", 
   "end": "35.240", 
   "id": "f000094", 
   "language": "en", 
   "lines": [
    "civics"
   ]
  }, 
  {
   "begin": "35.240", 
   "end": "36.760", 
   "id": "f000095", 
   "language": "en", 
   "lines": [
    "class.&nbsp;All"
   ]
  }, 
  {
   "begin": "36.760", 
   "end": "37.200", 
   "id": "f000096", 
   "language": "en", 
   "lines": [
    "children"
   ]
  }, 
  {
   "begin": "37.200", 
   "end": "37.320", 
   "id": "f000097", 
   "language": "en", 
   "lines": [
    "have"
   ]
  }, 
  {
   "begin": "37.320", 
   "end": "37.360", 
   "id": "f000098", 
   "language": "en", 
   "lines": [
    "a"
   ]
  }, 
  {
   "begin": "37.360", 
   "end": "37.760", 
   "id": "f000099", 
   "language": "en", 
   "lines": [
    "right"
   ]
  }, 
  {
   "begin": "37.760", 
   "end": "38.040", 
   "id": "f000100", 
   "language": "en", 
   "lines": [
    "to"
   ]
  }, 
  {
   "begin": "38.040", 
   "end": "39.480", 
   "id": "f000101", 
   "language": "en", 
   "lines": [
    "education."
   ]
  }, 
  {
   "begin": "39.480", 
   "end": "39.800", 
   "id": "f000102", 
   "language": "en", 
   "lines": [
    "That"
   ]
  }, 
  {
   "begin": "39.800", 
   "end": "40.360", 
   "id": "f000103", 
   "language": "en", 
   "lines": [
    "includes"
   ]
  }, 
  {
   "begin": "40.360", 
   "end": "40.840", 
   "id": "f000104", 
   "language": "en", 
   "lines": [
    "Chuskit"
   ]
  }, 
  {
   "begin": "40.840", 
   "end": "41.080", 
   "id": "f000105", 
   "language": "en", 
   "lines": [
    "as"
   ]
  }, 
  {
   "begin": "41.080", 
   "end": "41.360", 
   "id": "f000106", 
   "language": "en", 
   "lines": [
    "well,"
   ]
  }, 
  {
   "begin": "41.360", 
   "end": "41.920", 
   "id": "f000107", 
   "language": "en", 
   "lines": [
    "does"
   ]
  }, 
  {
   "begin": "41.920", 
   "end": "42.000", 
   "id": "f000108", 
   "language": "en", 
   "lines": [
    "it"
   ]
  }, 
  {
   "begin": "42.000", 
   "end": "42.360", 
   "id": "f000109", 
   "language": "en", 
   "lines": [
    "not?\u201d\n\n"
   ]
  }, 
  {
   "begin": "42.360", 
   "end": "42.360", 
   "id": "f000110", 
   "language": "en", 
   "lines": [
    ""
   ]
  }, 
  {
   "begin": "42.360", 
   "end": "42.360", 
   "id": "f000111", 
   "language": "en", 
   "lines": [
    ""
   ]
  }, 
  {
   "begin": "42.360", 
   "end": "42.360", 
   "id": "f000112", 
   "language": "en", 
   "lines": [
    ""
   ]
  }, 
  {
   "begin": "42.360", 
   "end": "44.040", 
   "id": "f000113", 
   "language": "en", 
   "lines": [
    "\u201cYes,"
   ]
  }, 
  {
   "begin": "44.040", 
   "end": "44.160", 
   "id": "f000114", 
   "language": "en", 
   "lines": [
    "you"
   ]
  }, 
  {
   "begin": "44.160", 
   "end": "44.480", 
   "id": "f000115", 
   "language": "en", 
   "lines": [
    "are"
   ]
  }, 
  {
   "begin": "44.480", 
   "end": "44.920", 
   "id": "f000116", 
   "language": "en", 
   "lines": [
    "right,"
   ]
  }, 
  {
   "begin": "44.920", 
   "end": "46.320", 
   "id": "f000117", 
   "language": "en", 
   "lines": [
    "Abdul."
   ]
  }, 
  {
   "begin": "46.320", 
   "end": "46.560", 
   "id": "f000118", 
   "language": "en", 
   "lines": [
    "Let"
   ]
  }, 
  {
   "begin": "46.560", 
   "end": "46.720", 
   "id": "f000119", 
   "language": "en", 
   "lines": [
    "me"
   ]
  }, 
  {
   "begin": "46.720", 
   "end": "47.200", 
   "id": "f000120", 
   "language": "en", 
   "lines": [
    "discuss"
   ]
  }, 
  {
   "begin": "47.200", 
   "end": "47.440", 
   "id": "f000121", 
   "language": "en", 
   "lines": [
    "this"
   ]
  }, 
  {
   "begin": "47.440", 
   "end": "47.560", 
   "id": "f000122", 
   "language": "en", 
   "lines": [
    "with"
   ]
  }, 
  {
   "begin": "47.560", 
   "end": "47.840", 
   "id": "f000123", 
   "language": "en", 
   "lines": [
    "the"
   ]
  }, 
  {
   "begin": "47.840", 
   "end": "48.000", 
   "id": "f000124", 
   "language": "en", 
   "lines": [
    "other"
   ]
  }, 
  {
   "begin": "48.000", 
   "end": "49.120", 
   "id": "f000125", 
   "language": "en", 
   "lines": [
    "teachers,\u201d"
   ]
  }, 
  {
   "begin": "49.120", 
   "end": "49.560", 
   "id": "f000126", 
   "language": "en", 
   "lines": [
    "replied"
   ]
  }, 
  {
   "begin": "49.560", 
   "end": "49.720", 
   "id": "f000127", 
   "language": "en", 
   "lines": [
    "the"
   ]
  }, 
  {
   "begin": "49.720", 
   "end": "50.960", 
   "id": "f000128", 
   "language": "en", 
   "lines": [
    "Headmaster."
   ]
  }
 ]
}