{
 "fragments": [
  {
   "begin": "0.000", 
   "end": "0.240", 
   "id": "f000001", 
   "language": "en", 
   "lines": [
    "The"
   ]
  }, 
  {
   "begin": "0.240", 
   "end": "0.760", 
   "id": "f000002", 
   "language": "en", 
   "lines": [
    "children"
   ]
  }, 
  {
   "begin": "0.760", 
   "end": "1.000", 
   "id": "f000003", 
   "language": "en", 
   "lines": [
    "laughed"
   ]
  }, 
  {
   "begin": "1.000", 
   "end": "1.280", 
   "id": "f000004", 
   "language": "en", 
   "lines": [
    "and"
   ]
  }, 
  {
   "begin": "1.280", 
   "end": "1.280", 
   "id": "f000005", 
   "language": "en", 
   "lines": [
    ""
   ]
  }, 
  {
   "begin": "1.280", 
   "end": "1.680", 
   "id": "f000006", 
   "language": "en", 
   "lines": [
    "sang"
   ]
  }, 
  {
   "begin": "1.680", 
   "end": "1.680", 
   "id": "f000007", 
   "language": "en", 
   "lines": [
    "as"
   ]
  }, 
  {
   "begin": "1.680", 
   "end": "2.280", 
   "id": "f000008", 
   "language": "en", 
   "lines": [
    "they"
   ]
  }, 
  {
   "begin": "2.280", 
   "end": "3.040", 
   "id": "f000009", 
   "language": "en", 
   "lines": [
    "removed"
   ]
  }, 
  {
   "begin": "3.040", 
   "end": "4.040", 
   "id": "f000010", 
   "language": "en", 
   "lines": [
    "stones&nbsp;and"
   ]
  }, 
  {
   "begin": "4.040", 
   "end": "4.600", 
   "id": "f000011", 
   "language": "en", 
   "lines": [
    "rocks,"
   ]
  }, 
  {
   "begin": "4.600", 
   "end": "5.000", 
   "id": "f000012", 
   "language": "en", 
   "lines": [
    "levelled"
   ]
  }, 
  {
   "begin": "5.000", 
   "end": "5.840", 
   "id": "f000013", 
   "language": "en", 
   "lines": [
    "paths"
   ]
  }, 
  {
   "begin": "5.840", 
   "end": "6.600", 
   "id": "f000014", 
   "language": "en", 
   "lines": [
    "and&nbsp;carried"
   ]
  }, 
  {
   "begin": "6.600", 
   "end": "6.920", 
   "id": "f000015", 
   "language": "en", 
   "lines": [
    "wooden"
   ]
  }, 
  {
   "begin": "6.920", 
   "end": "7.360", 
   "id": "f000016", 
   "language": "en", 
   "lines": [
    "planks"
   ]
  }, 
  {
   "begin": "7.360", 
   "end": "7.480", 
   "id": "f000017", 
   "language": "en", 
   "lines": [
    "to"
   ]
  }, 
  {
   "begin": "7.480", 
   "end": "8.080", 
   "id": "f000018", 
   "language": "en", 
   "lines": [
    "the&nbsp;stream."
   ]
  }, 
  {
   "begin": "8.080", 
   "end": "8.680", 
   "id": "f000019", 
   "language": "en", 
   "lines": [
    "The"
   ]
  }, 
  {
   "begin": "8.680", 
   "end": "9.240", 
   "id": "f000020", 
   "language": "en", 
   "lines": [
    "Headmaster"
   ]
  }, 
  {
   "begin": "9.240", 
   "end": "10.000", 
   "id": "f000021", 
   "language": "en", 
   "lines": [
    "went&nbsp;from"
   ]
  }, 
  {
   "begin": "10.000", 
   "end": "10.280", 
   "id": "f000022", 
   "language": "en", 
   "lines": [
    "one"
   ]
  }, 
  {
   "begin": "10.280", 
   "end": "10.440", 
   "id": "f000023", 
   "language": "en", 
   "lines": [
    "group"
   ]
  }, 
  {
   "begin": "10.440", 
   "end": "10.640", 
   "id": "f000024", 
   "language": "en", 
   "lines": [
    "to"
   ]
  }, 
  {
   "begin": "10.640", 
   "end": "10.920", 
   "id": "f000025", 
   "language": "en", 
   "lines": [
    "another,"
   ]
  }, 
  {
   "begin": "10.920", 
   "end": "11.720", 
   "id": "f000026", 
   "language": "en", 
   "lines": [
    "making"
   ]
  }, 
  {
   "begin": "11.720", 
   "end": "12.120", 
   "id": "f000027", 
   "language": "en", 
   "lines": [
    "sure"
   ]
  }, 
  {
   "begin": "12.120", 
   "end": "12.440", 
   "id": "f000028", 
   "language": "en", 
   "lines": [
    "that"
   ]
  }, 
  {
   "begin": "12.440", 
   "end": "12.680", 
   "id": "f000029", 
   "language": "en", 
   "lines": [
    "all"
   ]
  }, 
  {
   "begin": "12.680", 
   "end": "13.000", 
   "id": "f000030", 
   "language": "en", 
   "lines": [
    "went"
   ]
  }, 
  {
   "begin": "13.000", 
   "end": "13.400", 
   "id": "f000031", 
   "language": "en", 
   "lines": [
    "according"
   ]
  }, 
  {
   "begin": "13.400", 
   "end": "13.520", 
   "id": "f000032", 
   "language": "en", 
   "lines": [
    "to"
   ]
  }, 
  {
   "begin": "13.520", 
   "end": "14.200", 
   "id": "f000033", 
   "language": "en", 
   "lines": [
    "plan."
   ]
  }
 ]
}