{
 "fragments": [
  {
   "begin": "0.000", 
   "end": "0.920", 
   "id": "f000001", 
   "language": "en", 
   "lines": [
    "One"
   ]
  }, 
  {
   "begin": "0.920", 
   "end": "1.160", 
   "id": "f000002", 
   "language": "en", 
   "lines": [
    "evening"
   ]
  }, 
  {
   "begin": "1.160", 
   "end": "1.400", 
   "id": "f000003", 
   "language": "en", 
   "lines": [
    "when"
   ]
  }, 
  {
   "begin": "1.400", 
   "end": "1.720", 
   "id": "f000004", 
   "language": "en", 
   "lines": [
    "Chuskit"
   ]
  }, 
  {
   "begin": "1.720", 
   "end": "2.160", 
   "id": "f000005", 
   "language": "en", 
   "lines": [
    "was"
   ]
  }, 
  {
   "begin": "2.160", 
   "end": "2.360", 
   "id": "f000006", 
   "language": "en", 
   "lines": [
    "sitting"
   ]
  }, 
  {
   "begin": "2.360", 
   "end": "2.800", 
   "id": "f000007", 
   "language": "en", 
   "lines": [
    "outside"
   ]
  }, 
  {
   "begin": "2.800", 
   "end": "3.400", 
   "id": "f000008", 
   "language": "en", 
   "lines": [
    "the&nbsp;house"
   ]
  }, 
  {
   "begin": "3.400", 
   "end": "3.640", 
   "id": "f000009", 
   "language": "en", 
   "lines": [
    "with"
   ]
  }, 
  {
   "begin": "3.640", 
   "end": "3.640", 
   "id": "f000010", 
   "language": "en", 
   "lines": [
    "her"
   ]
  }, 
  {
   "begin": "3.640", 
   "end": "4.240", 
   "id": "f000011", 
   "language": "en", 
   "lines": [
    "grandfather,"
   ]
  }, 
  {
   "begin": "4.240", 
   "end": "4.640", 
   "id": "f000012", 
   "language": "en", 
   "lines": [
    "a"
   ]
  }, 
  {
   "begin": "4.640", 
   "end": "5.000", 
   "id": "f000013", 
   "language": "en", 
   "lines": [
    "young"
   ]
  }, 
  {
   "begin": "5.000", 
   "end": "5.240", 
   "id": "f000014", 
   "language": "en", 
   "lines": [
    "boy"
   ]
  }, 
  {
   "begin": "5.240", 
   "end": "5.560", 
   "id": "f000015", 
   "language": "en", 
   "lines": [
    "came"
   ]
  }, 
  {
   "begin": "5.560", 
   "end": "5.840", 
   "id": "f000016", 
   "language": "en", 
   "lines": [
    "up&nbsp;to"
   ]
  }, 
  {
   "begin": "5.840", 
   "end": "6.200", 
   "id": "f000017", 
   "language": "en", 
   "lines": [
    "her."
   ]
  }, 
  {
   "begin": "6.200", 
   "end": "6.400", 
   "id": "f000018", 
   "language": "en", 
   "lines": [
    "He"
   ]
  }, 
  {
   "begin": "6.400", 
   "end": "6.880", 
   "id": "f000019", 
   "language": "en", 
   "lines": [
    "carried"
   ]
  }, 
  {
   "begin": "6.880", 
   "end": "7.200", 
   "id": "f000020", 
   "language": "en", 
   "lines": [
    "a"
   ]
  }, 
  {
   "begin": "7.200", 
   "end": "7.440", 
   "id": "f000021", 
   "language": "en", 
   "lines": [
    "letter"
   ]
  }, 
  {
   "begin": "7.440", 
   "end": "7.600", 
   "id": "f000022", 
   "language": "en", 
   "lines": [
    "which"
   ]
  }, 
  {
   "begin": "7.600", 
   "end": "7.800", 
   "id": "f000023", 
   "language": "en", 
   "lines": [
    "he"
   ]
  }, 
  {
   "begin": "7.800", 
   "end": "8.120", 
   "id": "f000024", 
   "language": "en", 
   "lines": [
    "handed"
   ]
  }, 
  {
   "begin": "8.120", 
   "end": "8.400", 
   "id": "f000025", 
   "language": "en", 
   "lines": [
    "over"
   ]
  }, 
  {
   "begin": "8.400", 
   "end": "8.760", 
   "id": "f000026", 
   "language": "en", 
   "lines": [
    "to"
   ]
  }, 
  {
   "begin": "8.760", 
   "end": "9.080", 
   "id": "f000027", 
   "language": "en", 
   "lines": [
    "her"
   ]
  }, 
  {
   "begin": "9.080", 
   "end": "9.480", 
   "id": "f000028", 
   "language": "en", 
   "lines": [
    "grandfather.\n"
   ]
  }, 
  {
   "begin": "9.480", 
   "end": "11.760", 
   "id": "f000029", 
   "language": "en", 
   "lines": [
    "\u201cJulley!"
   ]
  }, 
  {
   "begin": "11.760", 
   "end": "11.920", 
   "id": "f000030", 
   "language": "en", 
   "lines": [
    "The"
   ]
  }, 
  {
   "begin": "11.920", 
   "end": "12.200", 
   "id": "f000031", 
   "language": "en", 
   "lines": [
    "bus"
   ]
  }, 
  {
   "begin": "12.200", 
   "end": "12.680", 
   "id": "f000032", 
   "language": "en", 
   "lines": [
    "driver"
   ]
  }, 
  {
   "begin": "12.680", 
   "end": "13.040", 
   "id": "f000033", 
   "language": "en", 
   "lines": [
    "asked"
   ]
  }, 
  {
   "begin": "13.040", 
   "end": "13.280", 
   "id": "f000034", 
   "language": "en", 
   "lines": [
    "me"
   ]
  }, 
  {
   "begin": "13.280", 
   "end": "13.480", 
   "id": "f000035", 
   "language": "en", 
   "lines": [
    "to"
   ]
  }, 
  {
   "begin": "13.480", 
   "end": "13.680", 
   "id": "f000036", 
   "language": "en", 
   "lines": [
    "give"
   ]
  }, 
  {
   "begin": "13.680", 
   "end": "13.920", 
   "id": "f000037", 
   "language": "en", 
   "lines": [
    "this"
   ]
  }, 
  {
   "begin": "13.920", 
   "end": "14.320", 
   "id": "f000038", 
   "language": "en", 
   "lines": [
    "to"
   ]
  }, 
  {
   "begin": "14.320", 
   "end": "15.240", 
   "id": "f000039", 
   "language": "en", 
   "lines": [
    "you,\u201d"
   ]
  }, 
  {
   "begin": "15.240", 
   "end": "15.360", 
   "id": "f000040", 
   "language": "en", 
   "lines": [
    "he"
   ]
  }, 
  {
   "begin": "15.360", 
   "end": "15.800", 
   "id": "f000041", 
   "language": "en", 
   "lines": [
    "said.\n"
   ]
  }, 
  {
   "begin": "15.800", 
   "end": "16.880", 
   "id": "f000042", 
   "language": "en", 
   "lines": [
    "\u201cMy"
   ]
  }, 
  {
   "begin": "16.880", 
   "end": "17.400", 
   "id": "f000043", 
   "language": "en", 
   "lines": [
    "name"
   ]
  }, 
  {
   "begin": "17.400", 
   "end": "17.520", 
   "id": "f000044", 
   "language": "en", 
   "lines": [
    "is"
   ]
  }, 
  {
   "begin": "17.520", 
   "end": "18.400", 
   "id": "f000045", 
   "language": "en", 
   "lines": [
    "Abdul,\u201d"
   ]
  }, 
  {
   "begin": "18.400", 
   "end": "18.520", 
   "id": "f000046", 
   "language": "en", 
   "lines": [
    "he"
   ]
  }, 
  {
   "begin": "18.520", 
   "end": "18.720", 
   "id": "f000047", 
   "language": "en", 
   "lines": [
    "said"
   ]
  }, 
  {
   "begin": "18.720", 
   "end": "19.200", 
   "id": "f000048", 
   "language": "en", 
   "lines": [
    "turning"
   ]
  }, 
  {
   "begin": "19.200", 
   "end": "19.320", 
   "id": "f000049", 
   "language": "en", 
   "lines": [
    "to"
   ]
  }, 
  {
   "begin": "19.320", 
   "end": "19.880", 
   "id": "f000050", 
   "language": "en", 
   "lines": [
    "Chuskit."
   ]
  }, 
  {
   "begin": "19.880", 
   "end": "20.800", 
   "id": "f000051", 
   "language": "en", 
   "lines": [
    "\u201cI"
   ]
  }, 
  {
   "begin": "20.800", 
   "end": "21.320", 
   "id": "f000052", 
   "language": "en", 
   "lines": [
    "study&nbsp;in"
   ]
  }, 
  {
   "begin": "21.320", 
   "end": "21.640", 
   "id": "f000053", 
   "language": "en", 
   "lines": [
    "Class"
   ]
  }, 
  {
   "begin": "21.640", 
   "end": "21.920", 
   "id": "f000054", 
   "language": "en", 
   "lines": [
    "6"
   ]
  }, 
  {
   "begin": "21.920", 
   "end": "21.960", 
   "id": "f000055", 
   "language": "en", 
   "lines": [
    "at"
   ]
  }, 
  {
   "begin": "21.960", 
   "end": "22.280", 
   "id": "f000056", 
   "language": "en", 
   "lines": [
    "the"
   ]
  }, 
  {
   "begin": "22.280", 
   "end": "23.080", 
   "id": "f000057", 
   "language": "en", 
   "lines": [
    "Government"
   ]
  }, 
  {
   "begin": "23.080", 
   "end": "24.080", 
   "id": "f000058", 
   "language": "en", 
   "lines": [
    "School."
   ]
  }, 
  {
   "begin": "24.080", 
   "end": "24.840", 
   "id": "f000059", 
   "language": "en", 
   "lines": [
    "I"
   ]
  }, 
  {
   "begin": "24.840", 
   "end": "25.280", 
   "id": "f000060", 
   "language": "en", 
   "lines": [
    "have"
   ]
  }, 
  {
   "begin": "25.280", 
   "end": "25.720", 
   "id": "f000061", 
   "language": "en", 
   "lines": [
    "often"
   ]
  }, 
  {
   "begin": "25.720", 
   "end": "26.400", 
   "id": "f000062", 
   "language": "en", 
   "lines": [
    "wondered"
   ]
  }, 
  {
   "begin": "26.400", 
   "end": "26.640", 
   "id": "f000063", 
   "language": "en", 
   "lines": [
    "why"
   ]
  }, 
  {
   "begin": "26.640", 
   "end": "27.080", 
   "id": "f000064", 
   "language": "en", 
   "lines": [
    "you"
   ]
  }, 
  {
   "begin": "27.080", 
   "end": "27.440", 
   "id": "f000065", 
   "language": "en", 
   "lines": [
    "don\u2019t"
   ]
  }, 
  {
   "begin": "27.440", 
   "end": "27.760", 
   "id": "f000066", 
   "language": "en", 
   "lines": [
    "come"
   ]
  }, 
  {
   "begin": "27.760", 
   "end": "28.880", 
   "id": "f000067", 
   "language": "en", 
   "lines": [
    "to"
   ]
  }, 
  {
   "begin": "28.880", 
   "end": "29.560", 
   "id": "f000068", 
   "language": "en", 
   "lines": [
    "school.\u201d\n\n"
   ]
  }, 
  {
   "begin": "29.560", 
   "end": "29.560", 
   "id": "f000069", 
   "language": "en", 
   "lines": [
    ""
   ]
  }, 
  {
   "begin": "29.560", 
   "end": "30.080", 
   "id": "f000070", 
   "language": "en", 
   "lines": [
    "\u201cJulley,"
   ]
  }, 
  {
   "begin": "30.080", 
   "end": "30.720", 
   "id": "f000071", 
   "language": "en", 
   "lines": [
    "Abdul,\u201d"
   ]
  }, 
  {
   "begin": "30.720", 
   "end": "31.160", 
   "id": "f000072", 
   "language": "en", 
   "lines": [
    "said"
   ]
  }, 
  {
   "begin": "31.160", 
   "end": "32.760", 
   "id": "f000073", 
   "language": "en", 
   "lines": [
    "Chuskit."
   ]
  }, 
  {
   "begin": "32.760", 
   "end": "33.920", 
   "id": "f000074", 
   "language": "en", 
   "lines": [
    "\u201cI"
   ]
  }, 
  {
   "begin": "33.920", 
   "end": "34.360", 
   "id": "f000075", 
   "language": "en", 
   "lines": [
    "have"
   ]
  }, 
  {
   "begin": "34.360", 
   "end": "34.720", 
   "id": "f000076", 
   "language": "en", 
   "lines": [
    "never"
   ]
  }, 
  {
   "begin": "34.720", 
   "end": "35.000", 
   "id": "f000077", 
   "language": "en", 
   "lines": [
    "been"
   ]
  }, 
  {
   "begin": "35.000", 
   "end": "35.320", 
   "id": "f000078", 
   "language": "en", 
   "lines": [
    "to"
   ]
  }, 
  {
   "begin": "35.320", 
   "end": "35.680", 
   "id": "f000079", 
   "language": "en", 
   "lines": [
    "school."
   ]
  }, 
  {
   "begin": "35.680", 
   "end": "36.360", 
   "id": "f000080", 
   "language": "en", 
   "lines": [
    "The"
   ]
  }, 
  {
   "begin": "36.360", 
   "end": "36.640", 
   "id": "f000081", 
   "language": "en", 
   "lines": [
    "path"
   ]
  }, 
  {
   "begin": "36.640", 
   "end": "36.920", 
   "id": "f000082", 
   "language": "en", 
   "lines": [
    "to"
   ]
  }, 
  {
   "begin": "36.920", 
   "end": "37.080", 
   "id": "f000083", 
   "language": "en", 
   "lines": [
    "the"
   ]
  }, 
  {
   "begin": "37.080", 
   "end": "37.480", 
   "id": "f000084", 
   "language": "en", 
   "lines": [
    "school"
   ]
  }, 
  {
   "begin": "37.480", 
   "end": "37.680", 
   "id": "f000085", 
   "language": "en", 
   "lines": [
    "is"
   ]
  }, 
  {
   "begin": "37.680", 
   "end": "38.080", 
   "id": "f000086", 
   "language": "en", 
   "lines": [
    "too"
   ]
  }, 
  {
   "begin": "38.080", 
   "end": "38.720", 
   "id": "f000087", 
   "language": "en", 
   "lines": [
    "uneven"
   ]
  }, 
  {
   "begin": "38.720", 
   "end": "38.880", 
   "id": "f000088", 
   "language": "en", 
   "lines": [
    "and"
   ]
  }, 
  {
   "begin": "38.880", 
   "end": "39.480", 
   "id": "f000089", 
   "language": "en", 
   "lines": [
    "pebbly"
   ]
  }, 
  {
   "begin": "39.480", 
   "end": "39.760", 
   "id": "f000090", 
   "language": "en", 
   "lines": [
    "and"
   ]
  }, 
  {
   "begin": "39.760", 
   "end": "40.200", 
   "id": "f000091", 
   "language": "en", 
   "lines": [
    "my"
   ]
  }, 
  {
   "begin": "40.200", 
   "end": "40.800", 
   "id": "f000092", 
   "language": "en", 
   "lines": [
    "wheelchair"
   ]
  }, 
  {
   "begin": "40.800", 
   "end": "41.040", 
   "id": "f000093", 
   "language": "en", 
   "lines": [
    "will"
   ]
  }, 
  {
   "begin": "41.040", 
   "end": "41.520", 
   "id": "f000094", 
   "language": "en", 
   "lines": [
    "get"
   ]
  }, 
  {
   "begin": "41.520", 
   "end": "41.800", 
   "id": "f000095", 
   "language": "en", 
   "lines": [
    "stuck."
   ]
  }, 
  {
   "begin": "41.800", 
   "end": "43.640", 
   "id": "f000096", 
   "language": "en", 
   "lines": [
    "Besides,"
   ]
  }, 
  {
   "begin": "43.640", 
   "end": "43.800", 
   "id": "f000097", 
   "language": "en", 
   "lines": [
    "I"
   ]
  }, 
  {
   "begin": "43.800", 
   "end": "44.240", 
   "id": "f000098", 
   "language": "en", 
   "lines": [
    "cannot"
   ]
  }, 
  {
   "begin": "44.240", 
   "end": "44.640", 
   "id": "f000099", 
   "language": "en", 
   "lines": [
    "cross"
   ]
  }, 
  {
   "begin": "44.640", 
   "end": "44.640", 
   "id": "f000100", 
   "language": "en", 
   "lines": [
    "the"
   ]
  }, 
  {
   "begin": "44.640", 
   "end": "44.680", 
   "id": "f000101", 
   "language": "en", 
   "lines": [
    "little"
   ]
  }, 
  {
   "begin": "44.680", 
   "end": "45.000", 
   "id": "f000102", 
   "language": "en", 
   "lines": [
    "stream"
   ]
  }, 
  {
   "begin": "45.000", 
   "end": "45.320", 
   "id": "f000103", 
   "language": "en", 
   "lines": [
    "in"
   ]
  }, 
  {
   "begin": "45.320", 
   "end": "45.840", 
   "id": "f000104", 
   "language": "en", 
   "lines": [
    "front"
   ]
  }, 
  {
   "begin": "45.840", 
   "end": "46.000", 
   "id": "f000105", 
   "language": "en", 
   "lines": [
    "of"
   ]
  }, 
  {
   "begin": "46.000", 
   "end": "46.160", 
   "id": "f000106", 
   "language": "en", 
   "lines": [
    "the"
   ]
  }, 
  {
   "begin": "46.160", 
   "end": "47.440", 
   "id": "f000107", 
   "language": "en", 
   "lines": [
    "school."
   ]
  }, 
  {
   "begin": "47.440", 
   "end": "47.600", 
   "id": "f000108", 
   "language": "en", 
   "lines": [
    "It"
   ]
  }, 
  {
   "begin": "47.600", 
   "end": "47.760", 
   "id": "f000109", 
   "language": "en", 
   "lines": [
    "would"
   ]
  }, 
  {
   "begin": "47.760", 
   "end": "47.960", 
   "id": "f000110", 
   "language": "en", 
   "lines": [
    "be"
   ]
  }, 
  {
   "begin": "47.960", 
   "end": "48.440", 
   "id": "f000111", 
   "language": "en", 
   "lines": [
    "very"
   ]
  }, 
  {
   "begin": "48.440", 
   "end": "48.720", 
   "id": "f000112", 
   "language": "en", 
   "lines": [
    "difficult"
   ]
  }, 
  {
   "begin": "48.720", 
   "end": "49.120", 
   "id": "f000113", 
   "language": "en", 
   "lines": [
    "for"
   ]
  }, 
  {
   "begin": "49.120", 
   "end": "49.400", 
   "id": "f000114", 
   "language": "en", 
   "lines": [
    "my"
   ]
  }, 
  {
   "begin": "49.400", 
   "end": "49.960", 
   "id": "f000115", 
   "language": "en", 
   "lines": [
    "parents"
   ]
  }, 
  {
   "begin": "49.960", 
   "end": "50.080", 
   "id": "f000116", 
   "language": "en", 
   "lines": [
    "to"
   ]
  }, 
  {
   "begin": "50.080", 
   "end": "50.680", 
   "id": "f000117", 
   "language": "en", 
   "lines": [
    "carry"
   ]
  }, 
  {
   "begin": "50.680", 
   "end": "50.720", 
   "id": "f000118", 
   "language": "en", 
   "lines": [
    "me"
   ]
  }, 
  {
   "begin": "50.720", 
   "end": "50.840", 
   "id": "f000119", 
   "language": "en", 
   "lines": [
    "to"
   ]
  }, 
  {
   "begin": "50.840", 
   "end": "51.320", 
   "id": "f000120", 
   "language": "en", 
   "lines": [
    "school"
   ]
  }, 
  {
   "begin": "51.320", 
   "end": "51.520", 
   "id": "f000121", 
   "language": "en", 
   "lines": [
    "and"
   ]
  }, 
  {
   "begin": "51.520", 
   "end": "51.960", 
   "id": "f000122", 
   "language": "en", 
   "lines": [
    "back"
   ]
  }, 
  {
   "begin": "51.960", 
   "end": "52.680", 
   "id": "f000123", 
   "language": "en", 
   "lines": [
    "everyday.\u201d\n\n"
   ]
  }, 
  {
   "begin": "52.680", 
   "end": "52.680", 
   "id": "f000124", 
   "language": "en", 
   "lines": [
    ""
   ]
  }, 
  {
   "begin": "52.680", 
   "end": "53.600", 
   "id": "f000125", 
   "language": "en", 
   "lines": [
    "\u201cBut&nbsp;would&nbsp;you&nbsp;like&nbsp;to&nbsp;come&nbsp;to&nbsp;school?\u201d&nbsp;asked&nbsp;Abdul."
   ]
  }, 
  {
   "begin": "53.600", 
   "end": "53.840", 
   "id": "f000126", 
   "language": "en", 
   "lines": [
    ""
   ]
  }, 
  {
   "begin": "53.840", 
   "end": "54.120", 
   "id": "f000127", 
   "language": "en", 
   "lines": [
    ""
   ]
  }, 
  {
   "begin": "54.120", 
   "end": "54.440", 
   "id": "f000128", 
   "language": "en", 
   "lines": [
    ""
   ]
  }, 
  {
   "begin": "54.440", 
   "end": "54.640", 
   "id": "f000129", 
   "language": "en", 
   "lines": [
    ""
   ]
  }, 
  {
   "begin": "54.640", 
   "end": "54.880", 
   "id": "f000130", 
   "language": "en", 
   "lines": [
    ""
   ]
  }, 
  {
   "begin": "54.880", 
   "end": "55.040", 
   "id": "f000131", 
   "language": "en", 
   "lines": [
    ""
   ]
  }, 
  {
   "begin": "55.040", 
   "end": "56.200", 
   "id": "f000132", 
   "language": "en", 
   "lines": [
    ""
   ]
  }, 
  {
   "begin": "56.200", 
   "end": "56.720", 
   "id": "f000133", 
   "language": "en", 
   "lines": [
    ""
   ]
  }, 
  {
   "begin": "56.720", 
   "end": "57.640", 
   "id": "f000134", 
   "language": "en", 
   "lines": [
    ""
   ]
  }
 ]
}