{
 "fragments": [
  {
   "begin": "0.000", 
   "end": "0.160", 
   "id": "f000001", 
   "language": "en", 
   "lines": [
    "It"
   ]
  }, 
  {
   "begin": "0.160", 
   "end": "0.800", 
   "id": "f000002", 
   "language": "en", 
   "lines": [
    "is"
   ]
  }, 
  {
   "begin": "0.800", 
   "end": "1.600", 
   "id": "f000003", 
   "language": "en", 
   "lines": [
    "very"
   ]
  }, 
  {
   "begin": "1.600", 
   "end": "2.960", 
   "id": "f000004", 
   "language": "en", 
   "lines": [
    "sweet.\n"
   ]
  }, 
  {
   "begin": "2.960", 
   "end": "3.320", 
   "id": "f000005", 
   "language": "en", 
   "lines": [
    "My"
   ]
  }, 
  {
   "begin": "3.320", 
   "end": "4.200", 
   "id": "f000006", 
   "language": "en", 
   "lines": [
    "tongue"
   ]
  }, 
  {
   "begin": "4.200", 
   "end": "4.600", 
   "id": "f000007", 
   "language": "en", 
   "lines": [
    "just"
   ]
  }, 
  {
   "begin": "4.600", 
   "end": "5.160", 
   "id": "f000008", 
   "language": "en", 
   "lines": [
    "told"
   ]
  }, 
  {
   "begin": "5.160", 
   "end": "5.520", 
   "id": "f000009", 
   "language": "en", 
   "lines": [
    "me."
   ]
  }
 ]
}