{
 "fragments": [
  {
   "begin": "0.000", 
   "end": "0.640", 
   "id": "f000001", 
   "language": "en", 
   "lines": [
    "Ma"
   ]
  }, 
  {
   "begin": "0.640", 
   "end": "1.280", 
   "id": "f000002", 
   "language": "en", 
   "lines": [
    "says"
   ]
  }, 
  {
   "begin": "1.280", 
   "end": "1.640", 
   "id": "f000003", 
   "language": "en", 
   "lines": [
    "I"
   ]
  }, 
  {
   "begin": "1.640", 
   "end": "2.520", 
   "id": "f000004", 
   "language": "en", 
   "lines": [
    "have"
   ]
  }, 
  {
   "begin": "2.520", 
   "end": "3.040", 
   "id": "f000005", 
   "language": "en", 
   "lines": [
    "a"
   ]
  }, 
  {
   "begin": "3.040", 
   "end": "4.520", 
   "id": "f000006", 
   "language": "en", 
   "lines": [
    "good"
   ]
  }, 
  {
   "begin": "4.520", 
   "end": "5.040", 
   "id": "f000007", 
   "language": "en", 
   "lines": [
    "voice."
   ]
  }, 
  {
   "begin": "5.040", 
   "end": "5.040", 
   "id": "f000008", 
   "language": "en", 
   "lines": [
    "Does"
   ]
  }, 
  {
   "begin": "5.040", 
   "end": "5.040", 
   "id": "f000009", 
   "language": "en", 
   "lines": [
    "it"
   ]
  }, 
  {
   "begin": "5.040", 
   "end": "5.360", 
   "id": "f000010", 
   "language": "en", 
   "lines": [
    "come"
   ]
  }, 
  {
   "begin": "5.360", 
   "end": "5.800", 
   "id": "f000011", 
   "language": "en", 
   "lines": [
    "from"
   ]
  }, 
  {
   "begin": "5.800", 
   "end": "6.080", 
   "id": "f000012", 
   "language": "en", 
   "lines": [
    "my"
   ]
  }, 
  {
   "begin": "6.080", 
   "end": "6.760", 
   "id": "f000013", 
   "language": "en", 
   "lines": [
    "throat?"
   ]
  }
 ]
}