{
 "fragments": [
  {
   "begin": "0.000", 
   "end": "0.480", 
   "id": "f000001", 
   "language": "en", 
   "lines": [
    "Should"
   ]
  }, 
  {
   "begin": "0.480", 
   "end": "0.760", 
   "id": "f000002", 
   "language": "en", 
   "lines": [
    "I"
   ]
  }, 
  {
   "begin": "0.760", 
   "end": "1.320", 
   "id": "f000003", 
   "language": "en", 
   "lines": [
    "draw"
   ]
  }, 
  {
   "begin": "1.320", 
   "end": "1.400", 
   "id": "f000004", 
   "language": "en", 
   "lines": [
    "your"
   ]
  }, 
  {
   "begin": "1.400", 
   "end": "2.800", 
   "id": "f000005", 
   "language": "en", 
   "lines": [
    "picture?\n"
   ]
  }, 
  {
   "begin": "2.800", 
   "end": "3.040", 
   "id": "f000006", 
   "language": "en", 
   "lines": [
    "I"
   ]
  }, 
  {
   "begin": "3.040", 
   "end": "3.360", 
   "id": "f000007", 
   "language": "en", 
   "lines": [
    "can"
   ]
  }, 
  {
   "begin": "3.360", 
   "end": "4.000", 
   "id": "f000008", 
   "language": "en", 
   "lines": [
    "see"
   ]
  }, 
  {
   "begin": "4.000", 
   "end": "4.080", 
   "id": "f000009", 
   "language": "en", 
   "lines": [
    "you"
   ]
  }, 
  {
   "begin": "4.080", 
   "end": "4.160", 
   "id": "f000010", 
   "language": "en", 
   "lines": [
    "with"
   ]
  }, 
  {
   "begin": "4.160", 
   "end": "4.560", 
   "id": "f000011", 
   "language": "en", 
   "lines": [
    "my"
   ]
  }, 
  {
   "begin": "4.560", 
   "end": "5.600", 
   "id": "f000012", 
   "language": "en", 
   "lines": [
    "eyes."
   ]
  }
 ]
}