{
 "fragments": [
  {
   "begin": "0.000", 
   "end": "0.600", 
   "id": "f000001", 
   "language": "en", 
   "lines": [
    "And"
   ]
  }, 
  {
   "begin": "0.600", 
   "end": "1.160", 
   "id": "f000002", 
   "language": "en", 
   "lines": [
    "my"
   ]
  }, 
  {
   "begin": "1.160", 
   "end": "2.760", 
   "id": "f000003", 
   "language": "en", 
   "lines": [
    "arms..."
   ]
  }, 
  {
   "begin": "2.760", 
   "end": "3.320", 
   "id": "f000004", 
   "language": "en", 
   "lines": [
    "such"
   ]
  }, 
  {
   "begin": "3.320", 
   "end": "3.360", 
   "id": "f000005", 
   "language": "en", 
   "lines": [
    "a"
   ]
  }, 
  {
   "begin": "3.360", 
   "end": "4.120", 
   "id": "f000006", 
   "language": "en", 
   "lines": [
    "nice"
   ]
  }, 
  {
   "begin": "4.120", 
   "end": "4.560", 
   "id": "f000007", 
   "language": "en", 
   "lines": [
    "swing!"
   ]
  }
 ]
}