{
 "fragments": [
  {
   "begin": "0.000", 
   "end": "0.240", 
   "id": "f000001", 
   "language": "en", 
   "lines": [
    "I"
   ]
  }, 
  {
   "begin": "0.240", 
   "end": "0.640", 
   "id": "f000002", 
   "language": "en", 
   "lines": [
    "like"
   ]
  }, 
  {
   "begin": "0.640", 
   "end": "0.680", 
   "id": "f000003", 
   "language": "en", 
   "lines": [
    "to"
   ]
  }, 
  {
   "begin": "0.680", 
   "end": "1.080", 
   "id": "f000004", 
   "language": "en", 
   "lines": [
    "draw.\n"
   ]
  }, 
  {
   "begin": "1.080", 
   "end": "2.120", 
   "id": "f000005", 
   "language": "en", 
   "lines": [
    "I"
   ]
  }, 
  {
   "begin": "2.120", 
   "end": "2.800", 
   "id": "f000006", 
   "language": "en", 
   "lines": [
    "use"
   ]
  }, 
  {
   "begin": "2.800", 
   "end": "3.320", 
   "id": "f000007", 
   "language": "en", 
   "lines": [
    "my"
   ]
  }, 
  {
   "begin": "3.320", 
   "end": "4.040", 
   "id": "f000008", 
   "language": "en", 
   "lines": [
    "hands"
   ]
  }, 
  {
   "begin": "4.040", 
   "end": "4.400", 
   "id": "f000009", 
   "language": "en", 
   "lines": [
    "for"
   ]
  }, 
  {
   "begin": "4.400", 
   "end": "5.520", 
   "id": "f000010", 
   "language": "en", 
   "lines": [
    "drawing."
   ]
  }
 ]
}