{
 "fragments": [
  {
   "begin": "0.000", 
   "end": "2.040", 
   "id": "f000001", 
   "language": "en", 
   "lines": [
    "I"
   ]
  }, 
  {
   "begin": "2.040", 
   "end": "2.920", 
   "id": "f000002", 
   "language": "en", 
   "lines": [
    "think"
   ]
  }, 
  {
   "begin": "2.920", 
   "end": "3.400", 
   "id": "f000003", 
   "language": "en", 
   "lines": [
    "Ma"
   ]
  }, 
  {
   "begin": "3.400", 
   "end": "3.600", 
   "id": "f000004", 
   "language": "en", 
   "lines": [
    "is"
   ]
  }, 
  {
   "begin": "3.600", 
   "end": "4.120", 
   "id": "f000005", 
   "language": "en", 
   "lines": [
    "making"
   ]
  }, 
  {
   "begin": "4.120", 
   "end": "4.520", 
   "id": "f000006", 
   "language": "en", 
   "lines": [
    "halwa.\n"
   ]
  }, 
  {
   "begin": "4.520", 
   "end": "5.080", 
   "id": "f000007", 
   "language": "en", 
   "lines": [
    "I"
   ]
  }, 
  {
   "begin": "5.080", 
   "end": "6.320", 
   "id": "f000008", 
   "language": "en", 
   "lines": [
    "can"
   ]
  }, 
  {
   "begin": "6.320", 
   "end": "6.880", 
   "id": "f000009", 
   "language": "en", 
   "lines": [
    "smell"
   ]
  }, 
  {
   "begin": "6.880", 
   "end": "7.000", 
   "id": "f000010", 
   "language": "en", 
   "lines": [
    "it"
   ]
  }, 
  {
   "begin": "7.000", 
   "end": "7.200", 
   "id": "f000011", 
   "language": "en", 
   "lines": [
    "with"
   ]
  }, 
  {
   "begin": "7.200", 
   "end": "7.560", 
   "id": "f000012", 
   "language": "en", 
   "lines": [
    "my"
   ]
  }, 
  {
   "begin": "7.560", 
   "end": "8.360", 
   "id": "f000013", 
   "language": "en", 
   "lines": [
    "nose."
   ]
  }
 ]
}