{"id":122,"name":"The Day the Vegetables Came to School","writtenby":"Venkatramana Gowda","illustrationsby":"Padmanabh","translationby":"Divaspathy Hegde","source":"Pratham Books","status":"active","level":3,"pages":[{"id":1376,"content":"One morning not so long ago, Raju was on his way to school as usual. He loved school and was walking along happily, looking forward to the day. That was when he saw something very strange: ahead of him were some unusual shapes, heading towards school themselves, schoolbags slung over their shoulders.","pageno":1,"image":"b85a53f7495096c7ee5f386819220620.jpg","audio":"71deb3e58096a8ffeb44b019ba6f03d9.mp3","audio_map":"d6d9da4edbfbe84acf774c0596c5ba47.json","language":[{"language_id":11,"content":"\u0b9a\u0bbf\u0bb2 \u0ba8\u0bbe\u0b9f\u0bcd\u0b95\u0bb3\u0bc1\u0b95\u0bcd\u0b95\u0bc1 \u0bae\u0bc1\u0ba9\u0bcd, \u0b92\u0bb0\u0bc1 \u0ba8\u0bbe\u0bb3\u0bcd \u0b95\u0bbe\u0bb2\u0bc8, \u0bb5\u0bb4\u0b95\u0bcd\u0b95\u0bae\u0bcd\u0baa\u0bcb\u0bb2\u0bcd \u0bb0\u0bbe\u0b9c\u0bc1 \u0baa\u0bb3\u0bcd\u0bb3\u0bbf\u0b95\u0bcd\u0b95\u0bc1\u0b9a\u0bcd \u0b9a\u0bc6\u0ba9\u0bcd\u0bb1\u0bc1 \u0b95\u0bca\u0ba3\u0bcd\u0b9f\u0bbf\u0bb0\u0bc1\u0ba8\u0bcd\u0ba4\u0bbe\u0ba9\u0bcd. \u0baa\u0bb3\u0bcd\u0bb3\u0bbf\u0b95\u0bcd\u0b95\u0bc2\u0b9f\u0bae\u0bcd \u0b9a\u0bc6\u0bb2\u0bcd\u0bb5\u0ba4\u0bc1 \u0b85\u0bb5\u0ba9\u0bc1\u0b95\u0bcd\u0b95\u0bc1\u0baa\u0bcd \u0baa\u0bbf\u0b9f\u0bbf\u0b95\u0bcd\u0b95\u0bc1\u0bae\u0bcd. \u0b8e\u0ba9\u0bb5\u0bc7, \u0b9a\u0ba8\u0bcd\u0ba4\u0bcb\u0bb7\u0bae\u0bbe\u0ba9 \u0baa\u0bb3\u0bcd\u0bb3\u0bbf\u0b95\u0bcd\u0b95\u0bc2\u0b9f \u0ba8\u0bbe\u0bb3\u0bc8 \u0b8e\u0ba4\u0bbf\u0bb0\u0bcd\u0baa\u0bbe\u0bb0\u0bcd\u0ba4\u0bcd\u0ba4\u0bc1 \u0ba8\u0b9f\u0ba8\u0bcd\u0ba4\u0bc1 \u0b95\u0bca\u0ba3\u0bcd\u0b9f\u0bbf\u0bb0\u0bc1\u0ba8\u0bcd\u0ba4\u0bbe\u0ba9\u0bcd.   \u0b85\u0baa\u0bcd\u0baa\u0bca\u0bb4\u0bc1\u0ba4\u0bc1 \u0b92\u0bb0\u0bc1 \u0bb5\u0bbf\u0ba8\u0bcd\u0ba4\u0bc8\u0baf\u0bbe\u0ba9 \u0bb5\u0bbf\u0ba9\u0bcb\u0ba4\u0ba4\u0bcd\u0ba4\u0bc8\u0b95\u0bcd \u0b95\u0ba3\u0bcd\u0b9f\u0bbe\u0ba9\u0bcd. \u0b85\u0ba4\u0bbe\u0bb5\u0ba4\u0bc1, \u0bb5\u0bbf\u0ba4\u0bb5\u0bbf\u0ba4\u0bae\u0bbe\u0ba9 \u0bb5\u0b9f\u0bbf\u0bb5\u0b99\u0bcd\u0b95\u0bb3\u0bcd \u0b9a\u0bbf\u0bb2, \u0b85\u0bb5\u0bc8\u0b95\u0bb3\u0bbf\u0ba9\u0bcd \u0ba4\u0bcb\u0bb3\u0bcd\u0b95\u0bb3\u0bbf\u0bb2\u0bcd \u0baa\u0bb3\u0bcd\u0bb3\u0bbf\u0baa\u0bcd\u0baa\u0bc8\u0b95\u0bb3\u0bcd \u0b87\u0bb0\u0bc1\u0b95\u0bcd\u0b95, \u0baa\u0bb3\u0bcd\u0bb3\u0bbf\u0baf\u0bc8 \u0ba8\u0bcb\u0b95\u0bcd\u0b95\u0bbf, \u0b85\u0bb5\u0ba9\u0bc1\u0b95\u0bcd\u0b95\u0bc1 \u0bae\u0bc1\u0ba9\u0bcd\u0ba9\u0bbe\u0bb2\u0bcd \u0ba8\u0b9f\u0ba8\u0bcd\u0ba4\u0bc1 \u0b9a\u0bc6\u0ba9\u0bcd\u0bb1\u0ba9."},{"language_id":12,"content":"\u0c12\u0c15 \u0c30\u0c4b\u0c1c\u0c41 \u0c2a\u0c4a\u0c26\u0c4d\u0c26\u0c41\u0c28, \u0c0e\u0c2a\u0c4d\u0c2a\u0c1f\u0c4d\u0c32\u0c3e\u0c17\u0c47 \u0c30\u0c3e\u0c1c\u0c41 \u0c2c\u0c21\u0c3f\u0c15\u0c3f \u0c2c\u0c2f\u0c32\u0c41\u0c26\u0c47\u0c30\u0c3e\u0c21\u0c41. \u0c2c\u0c21\u0c3f \u0c05\u0c02\u0c1f\u0c47 \u0c30\u0c3e\u0c1c\u0c41\u0c15\u0c3f \u0c07\u0c37\u0c4d\u0c1f\u0c02. \u0c05\u0c02\u0c26\u0c41\u0c15\u0c47 \u0c06\u0c28\u0c02\u0c26\u0c02\u0c17\u0c3e, \u0c09\u0c24\u0c4d\u0c38\u0c3e\u0c39\u0c02\u0c17\u0c3e \u0c28\u0c21\u0c41\u0c38\u0c4d\u0c24\u0c41\u0c28\u0c4d\u0c28\u0c3e\u0c21\u0c41. \u0c05\u0c2a\u0c4d\u0c2a\u0c41\u0c21\u0c41 \u0c12\u0c15 \u0c06\u0c36\u0c4d\u0c1a\u0c30\u0c4d\u0c2f\u0c15\u0c30\u0c2e\u0c48\u0c28 \u0c35\u0c3f\u0c37\u0c2f\u0c3e\u0c28\u0c4d\u0c28\u0c3f \u0c1a\u0c42\u0c36\u0c3e\u0c21\u0c41: \u0c2c\u0c21\u0c3f \u0c2c\u0c4d\u0c2f\u0c3e\u0c17\u0c41\u0c32\u0c41 \u0c2d\u0c41\u0c1c\u0c3e\u0c32\u0c2e\u0c40\u0c26 \u0c35\u0c47\u0c38\u0c41\u0c15\u0c41\u0c28\u0c3f, \u0c15\u0c4a\u0c28\u0c4d\u0c28\u0c3f \u0c35\u0c3f\u0c02\u0c24 \u0c06\u0c15\u0c3e\u0c30\u0c3e\u0c32\u0c41 \u0c2c\u0c21\u0c3f \u0c35\u0c48\u0c2a\u0c41\u0c17\u0c3e \u0c35\u0c46\u0c33\u0c41\u0c24\u0c42 \u0c15\u0c28\u0c3f\u0c2a\u0c3f\u0c02\u0c1a\u0c3e\u0c2f\u0c3f."},{"language_id":8,"content":"\u0928\u0947\u0939\u092e\u0940\u092a\u094d\u0930\u092e\u093e\u0923\u0947 \u0924\u092f\u093e\u0930\u0940 \u0915\u0930\u0942\u0928 \u0930\u093e\u091c\u0942 \u0936\u093e\u0933\u0947\u0924 \u0928\u093f\u0918\u093e\u0932\u093e. \r\n \u0935\u093e\u091f\u0947\u0924 \u0915\u093e\u0939\u0940\u0924\u0930\u0940 \u0935\u093f\u091a\u093f\u0924\u094d\u0930\u091a \u0917\u094b\u0937\u094d\u091f\u0940 \u0924\u094d\u092f\u093e\u0932\u093e \u0926\u093f\u0938\u0932\u094d\u092f\u093e.\u2029"},{"language_id":1,"content":"\u0995\u09bf\u099b\u09c1\u09a6\u09bf\u09a8 \u0986\u0997\u09c7\u09df\u09c7, \u098f\u09a6\u09bf\u09a8 \u09f0\u09be\u09a4\u09bf\u09aa\u09c1\u09f1\u09be \u09f0\u09be\u099c\u09c1 \u0986\u09a8\u09a6\u09bf\u09a8\u09be\u09f0 \u09a6\u09f0\u09c7 \u09aa\u09dd\u09be\u09b6\u09be\u09b2\u09bf\u09b2\u09c8 \u09af\u09be\u09ac\u09b2\u09c8 \u0993\u09b2\u09be\u09b2\u0964\u2029 \u09b8\u09bf \u09aa\u09dd\u09be\u09b6\u09be\u09b2\u09bf\u09b2\u09c8 \u09ac\u09f0 \u09b9\u09c7\u09aa\u09be\u0981\u09b9\u09c7\u09f0\u09c7 \u0986\u0997\u09ac\u09be\u09dd\u09bf \u0997\u09c8\u099b\u09bf\u09b2 \u09af\u09bf\u09b9\u09c7\u09a4\u09c1 \u09b8\u09bf \u09a4\u09be\u09b2\u09c8 \u0997\u09c8 \u09ad\u09be\u09b2 \u09aa\u09be\u09df\u0964 \u09a4\u09c7\u09a8\u09c7 \u09b8\u09ae\u09df\u09a4\u09c7 \u09b8\u09bf \u0995\u09bf\u099b\u09c1\u09ae\u09be\u09a8 \u09ac\u09bf\u09ad\u09bf\u09a8\u09cd\u09a8 \u0986\u0995\u09be\u09f0\u09f0 \u09ac\u09f0 \u09ac\u09c7\u09b2\u09c7\u0997 \u09a7\u09f0\u09a3\u09f0 \u09ac\u09b8\u09cd\u09a4\u09c1 \u09a6\u09c7\u0996\u09bf\u09b2\u09c7\u0964\u2029 \u09b8\u09bf\u0981\u09b9\u09a4\u09c7 \u0995\u09be\u09a8\u09cd\u09a7\u09a4 \u0995\u09bf\u09a4\u09be\u09aa\u09f0 \u09ac\u09c7\u0997 \u0993\u09b2\u09cb\u09ae\u09be\u0987 \u09aa\u09dd\u09be\u09b6\u09be\u09b2\u09bf\u09b2\u09c8 \u0997\u09c8 \u0986\u099b\u09c7\u0964\u2029"},{"language_id":7,"content":"\u0cb0\u0cbe\u0c9c\u0cc1 \u0c8e\u0c82\u0ca6\u0cbf\u0ca8\u0c82\u0ca4\u0cc6 \u0c96\u0cc1\u0cb7\u0cbf\u0caf\u0cbe\u0c97\u0cbf \u0cb6\u0cbe\u0cb2\u0cc6\u0c97\u0cc6 \u0cb9\u0cca\u0cb0\u0c9f\u0cbf\u0ca6\u0ccd\u0ca6. \u0ca6\u0cbe\u0cb0\u0cbf\u0caf\u0cb2\u0ccd\u0cb2\u0cbf \u0c8e\u0c82\u0ca6\u0cc2 \u0ca8\u0ccb\u0ca1\u0cbf\u0cb0\u0ca6 \u0ca6\u0cc3\u0cb6\u0ccd\u0caf \u0c95\u0c82\u0ca1. \u0cb8\u0ccd\u0c95\u0cc2\u0cb2\u0ccd \u0cac\u0ccd\u0caf\u0cbe\u0c97\u0cc1 \u0cb9\u0cc6\u0c97\u0cb2\u0cbf\u0c97\u0cc6 \u0c8f\u0cb0\u0cbf\u0cb8\u0cbf\u0c95\u0cca\u0c82\u0ca1 \u0c95\u0cc6\u0cb2\u0cb5\u0cc1 \u0cb5\u0cbf\u0c9a\u0cbf\u0ca4\u0ccd\u0cb0 \u0c86\u0c95\u0cbe\u0cb0\u0c97\u0cb3\u0cc1 \u0c85\u0cb5\u0ca8\u0cbf\u0c97\u0cbf\u0c82\u0ca4 \u0cae\u0cc1\u0c82\u0ca6\u0cbe\u0c97\u0cbf \u0cb9\u0cca\u0cb0\u0c9f\u0cbf\u0ca6\u0ccd\u0ca6\u0cb5\u0cc1.\u2029"}]},{"id":1377,"content":"As he came closer to the shapes, Raju wondered if they were vegetables, the kind he had so often seen in the market. He rubbed his eyes in disbelief.","pageno":2,"image":"ff6ee6a565ad3cbe817093a4e38a272f.jpg","audio":"8c3599c981888c33f58a59f8ffcce327.mp3","audio_map":"028bf0fba220f393f40df734f82ad32a.json","language":[{"language_id":11,"content":"\u0bb0\u0bbe\u0b9c\u0bc1 \u0bb5\u0bbf\u0bb0\u0bc8\u0bb5\u0bbe\u0b95 \u0b85\u0ba8\u0bcd\u0ba4 \u0bb5\u0b9f\u0bbf\u0bb5\u0b99\u0bcd\u0b95\u0bb3\u0bbf\u0ba9\u0bcd \u0b85\u0bb0\u0bc1\u0b95\u0bbf\u0bb2\u0bcd \u0bb5\u0bb0, \u0b85\u0bb5\u0bc8 \u0b9a\u0ba8\u0bcd\u0ba4\u0bc8\u0b95\u0bb3\u0bbf\u0bb2\u0bcd \u0baa\u0bbe\u0bb0\u0bcd\u0ba4\u0bcd\u0ba4\u0bbf\u0bb0\u0bc1\u0ba8\u0bcd\u0ba4 \u0b95\u0bbe\u0baf\u0bcd\u0b95\u0bb1\u0bbf\u0b95\u0bb3\u0bbe\u0b95 \u0b87\u0bb0\u0bc1\u0b95\u0bcd\u0b95\u0bc1\u0bae\u0bcb \u0b8e\u0ba9\u0bcd\u0bb1 \u0b8e\u0ba3\u0bcd\u0ba3\u0bae\u0bcd \u0b85\u0bb5\u0ba9\u0bc1\u0b95\u0bcd\u0b95\u0bc1 \u0bb5\u0ba8\u0bcd\u0ba4\u0ba4\u0bc1. \u0ba8\u0bae\u0bcd\u0baa \u0bae\u0bc1\u0b9f\u0bbf\u0baf\u0bbe\u0bae\u0bb2\u0bcd, \u0b95\u0ba3\u0bcd\u0b95\u0bb3\u0bc8 \u0b95\u0b9a\u0b95\u0bcd\u0b95\u0bbf \u0bb5\u0bbf\u0b9f\u0bcd\u0b9f\u0bc1\u0baa\u0bcd \u0baa\u0bbe\u0bb0\u0bcd\u0ba4\u0bcd\u0ba4\u0bbe\u0ba9\u0bcd.\u0b85\u0ba8\u0bcd\u0ba4 \u0b95\u0bbe\u0baf\u0bcd\u0b95\u0bb1\u0bbf\u0b95\u0bb3\u0bcd \u0baa\u0bc1\u0ba4\u0bbf\u0baf\u0ba4\u0bbe\u0b95\u0bb5\u0bc1\u0bae\u0bcd, \u0ba8\u0bb2\u0bcd\u0bb2 \u0b8a\u0b9f\u0bcd\u0b9f\u0bae\u0bbe\u0b95\u0bb5\u0bc1\u0bae\u0bcd \u0b87\u0bb0\u0bc1\u0ba8\u0bcd\u0ba4\u0ba9.  \u0b85\u0bb5\u0bc8 \u0b8e\u0bb2\u0bcd\u0bb2\u0bbe\u0bae\u0bcd \u0b95\u0bc1\u0b9f\u0bcd\u0b9f\u0bbf \u0baa\u0b9f\u0bc8 \u0bb5\u0bc0\u0bb0\u0bb0\u0bcd\u0b95\u0bb3\u0bcd \u0baa\u0bcb\u0bb2 \u0b92\u0ba9\u0bcd\u0bb1\u0ba9\u0bcd\u0baa\u0bbf\u0ba9\u0bcd \u0b92\u0ba9\u0bcd\u0bb1\u0bbe\u0b95\u0baa\u0bcd \u0baa\u0bb3\u0bcd\u0bb3\u0bbf\u0b95\u0bcd\u0b95\u0bc2\u0b9f\u0bae\u0bcd\u0ba8\u0bcb\u0b95\u0bcd\u0b95\u0bbf \u0ba8\u0b9f\u0ba8\u0bcd\u0ba4\u0ba9."},{"language_id":12,"content":"\u0c06 \u0c06\u0c15\u0c3e\u0c30\u0c3e\u0c32\u0c15\u0c41 \u0c26\u0c17\u0c4d\u0c17\u0c30\u0c35\u0c41\u0c24\u0c42 \u0c30\u0c3e\u0c1c\u0c41 \u0c12\u0c15\u0c35\u0c47\u0c33 \u0c05\u0c35\u0c3f \u0c15\u0c42\u0c30\u0c17\u0c3e\u0c2f\u0c32\u0c41 \u0c15\u0c3e\u0c35\u0c41\u0c15\u0c26\u0c3e \u0c05\u0c28\u0c41\u0c15\u0c41\u0c28\u0c4d\u0c28\u0c3e\u0c21\u0c41. \u0c2e\u0c3e\u0c30\u0c4d\u0c15\u0c46\u0c1f\u0c4d \u0c32\u0c4b \u0c24\u0c3e\u0c28\u0c41 \u0c1a\u0c42\u0c38\u0c47 \u0c15\u0c42\u0c30\u0c17\u0c3e\u0c2f\u0c32\u0c4d\u0c32\u0c3e \u0c09\u0c28\u0c4d\u0c28 \u0c35\u0c3e\u0c1f\u0c3f\u0c28\u0c3f \u0c1a\u0c42\u0c38\u0c4d\u0c24\u0c42, \u0c05\u0c2a\u0c28\u0c2e\u0c4d\u0c2e\u0c15\u0c02\u0c24\u0c4b \u0c15\u0c33\u0c4d\u0c33\u0c41 \u0c28\u0c32\u0c41\u0c2e\u0c41\u0c15\u0c41\u0c28\u0c4d\u0c28\u0c3e\u0c21\u0c41."},{"language_id":8,"content":"\u0924\u094d\u092f\u093e\u091a\u094d\u092f\u093e \u092a\u0941\u0922\u0947 \u0915\u093e\u0939\u0940 \u0928\u093f\u0930\u093e\u0933\u094d\u092f\u093e\u091a \u0906\u0915\u093e\u0930\u093e\u091a\u0940 \u092e\u0941\u0932\u0947 \u092a\u093e\u0920\u0940\u0935\u0930 \u0936\u093e\u0933\u0947\u091a\u0940 \u092c\u0945\u0917 \u0918\u0947\u090a\u0928 \u091a\u093e\u0932\u0924 \u0939\u094b\u0924\u0940.\u2029"},{"language_id":1,"content":"\u09af\u09c7\u09a4\u09bf\u09df\u09be \u09b8\u09bf \u0986\u0997\u09ac\u09be\u09dd\u09bf \u09ac\u09b8\u09cd\u09a4\u09c1\u09ac\u09cb\u09f0\u09f0 \u0995\u09be\u09b7 \u099a\u09be\u09aa\u09bf\u09b2, \u09b8\u09bf \u09ad\u09be\u09ac\u09bf\u09b2\u09c7 \u09b8\u09c7\u0987\u09ac\u09cb\u09f0 \u09b8\u09bf \u09ac\u099c\u09be\u09f0\u09a4 \u09a6\u09c7\u0996\u09be \u09aa\u09be\u099a\u09b2\u09bf\u09ac\u09cb\u09f0\u09c7\u0987 \u09a8\u09c7? \u09ac\u09bf\u09b6\u09cd\u09ac\u09be\u09b8 \u0995\u09f0\u09bf\u09ac \u09a8\u09cb\u09f1\u09be\u09f0\u09bf \u09b8\u09bf \u099a\u0995\u09c1 \u09a6\u09c1\u099f\u09be \u09ae\u09cb\u09b9\u09be\u09f0\u09bf\u09b2\u09c7\u0964\u2029"},{"language_id":7,"content":"\u0c85\u0cb5\u0ca8\u0cc1 \u0cae\u0cbe\u0cb0\u0cc1\u0c95\u0c9f\u0ccd\u0c9f\u0cc6\u0caf\u0cb2\u0ccd\u0cb2\u0cbf \u0ca8\u0ccb\u0ca1\u0cbf\u0ca6\u0ccd\u0ca6 \u0ca4\u0cb0\u0c95\u0cbe\u0cb0\u0cbf\u0c97\u0cb3 \u0cb9\u0cbe\u0c97\u0cc6\u0caf\u0cc7 \u0c85\u0cb5\u0cc1 \u0c95\u0cbe\u0ca3\u0cbf\u0cb8\u0cc1\u0ca4\u0ccd\u0ca4\u0cbf\u0ca6\u0ccd\u0ca6\u0cb5\u0cc1. \u0c85\u0ca6\u0ca8\u0ccd\u0ca8\u0cc1 \u0ca8\u0ccb\u0ca1\u0cbf \u0c86\u0ca4\u0ca8\u0cbf\u0c97\u0cc6 \u0c95\u0cc1\u0ca4\u0cc2\u0cb9\u0cb2 \u0ca4\u0ca1\u0cc6\u0caf\u0cb2\u0cc1 \u0c86\u0c97\u0cb2\u0cbf\u0cb2\u0ccd\u0cb2.\u2029"}]},{"id":1378,"content":"The vegetables looked fresh and healthy. They were marching towards school like little soldiers, one behind the other.","pageno":3,"image":"0b350605fff0436ae555c8a35d6fd73f.jpg","audio":"3cebd27538d9048a3e1d1c3cd56fe277.mp3","audio_map":"b63bee8dc9c2821441730a1dccb7e640.json","language":[{"language_id":11,"content":"\u0bb0\u0bbe\u0b9c\u0bc1 \u0ba4\u0ba9\u0ba4\u0bc1 \u0ba8\u0b9f\u0bc8\u0baf\u0bc8 \u0b87\u0ba9\u0bcd\u0ba9\u0bc1\u0bae\u0bcd \u0bb5\u0bc7\u0b95\u0baa\u0bcd\u0baa\u0b9f\u0bc1\u0ba4\u0bcd\u0ba4\u0bbf\u0ba9\u0bbe\u0ba9\u0bcd. \u0ba4\u0ba9\u0bcd\u0ba9\u0bc1\u0b9f\u0bc8\u0baf \u0baa\u0bc1\u0ba4\u0bbf\u0baf \u0ba4\u0bcb\u0bb4\u0bb0\u0bcd\u0b95\u0bb3\u0bc8\u0baa\u0bcd \u0baa\u0bbe\u0bb0\u0bcd\u0b95\u0bcd\u0b95 \u0b86\u0bb5\u0bb2\u0bcd. \u0b85\u0bb5\u0bb0\u0bcd\u0b95\u0bb3\u0bc8 \u0bae\u0bbf\u0b95 \u0b85\u0bb0\u0bc1\u0b95\u0bbe\u0bae\u0bc8\u0baf\u0bbf\u0bb2\u0bcd \u0baa\u0bbe\u0bb0\u0bcd\u0b95\u0bcd\u0b95 \u0bb5\u0bbf\u0bb0\u0bc1\u0bae\u0bcd\u0baa\u0bbf\u0ba9\u0bbe\u0ba9\u0bcd."},{"language_id":12,"content":"\u0c15\u0c42\u0c30\u0c17\u0c3e\u0c2f\u0c32\u0c41 \u0c24\u0c3e\u0c1c\u0c3e\u0c17\u0c3e, \u0c06\u0c30\u0c4b\u0c17\u0c4d\u0c2f\u0c02\u0c17\u0c3e \u0c09\u0c28\u0c4d\u0c28\u0c3e\u0c2f\u0c3f. \u0c05\u0c35\u0c3f, \u0c12\u0c15\u0c26\u0c3e\u0c28\u0c3f\u0c35\u0c46\u0c02\u0c1f \u0c12\u0c15\u0c1f\u0c3f, \u0c2a\u0c3f\u0c32\u0c4d\u0c32 \u0c38\u0c48\u0c28\u0c3f\u0c15\u0c41\u0c32\u0c4d\u0c32\u0c3e \u0c2c\u0c21\u0c3f\u0c35\u0c48\u0c2a\u0c41 \u0c28\u0c21\u0c41\u0c38\u0c4d\u0c24\u0c41\u0c28\u0c4d\u0c28\u0c3e\u0c2f\u0c3f."},{"language_id":8,"content":"\u0924\u0940 \u0938\u0917\u0933\u0940 \u092e\u0941\u0932\u0947 \u092d\u093e\u091c\u094d\u092f\u093e\u0902\u0938\u093e\u0930\u0916\u0940 \u0926\u093f\u0938\u0924 \u0939\u094b\u0924\u0940. \r\n \u092c\u093e\u091c\u093e\u0930\u093e\u0924 \u0926\u093f\u0938\u0924\u093e\u0924 \u0924\u0936\u093e \u092d\u093e\u091c\u094d\u092f\u093e. \u0930\u093e\u091c\u0942\u091a\u0947 \u0915\u0941\u0924\u0942\u0939\u0932 \u0935\u093e\u0922\u0932\u0947.\u2029"},{"language_id":1,"content":"\u09aa\u09be\u099a\u09b2\u09bf\u09ac\u09cb\u09f0 \u09a6\u09c7\u0996\u09be\u09a4 \u09b8\u09a4\u09c7\u099c \u0986\u09f0\u09c1 \u09aa\u09c2\u09f0\u09a0\u0964 \u09b8\u09c7\u0987\u09ac\u09cb\u09f0 \u0995\u09a3\u09ae\u09be\u09a8\u09bf \u09b8\u09c8\u09a8\u09cd\u09af \u09a6\u09b2\u09f0 \u09a6\u09f0\u09c7 , \u098f\u099f\u09be\u09f0 \u09aa\u09be\u099b\u09a4 \u098f\u099f\u09be\u0995\u09c8 \u09aa\u09dd\u09be\u09b6\u09be\u09b2\u09bf\u09f0 \u09ab\u09be\u09b2\u09c7 \u0986\u0997\u09c1\u09f1\u09be\u0987  \u0997\u09c8 \u0986\u099b\u09c7\u0964\u2029"},{"language_id":7,"content":"\u0c86 \u0c86\u0c95\u0cbe\u0cb0\u0c97\u0cb3\u0cc6\u0cb2\u0ccd\u0cb2 \u0ca6\u0cb7\u0ccd\u0c9f\u0caa\u0cc1\u0cb7\u0ccd\u0c9f\u0cb5\u0cbe\u0c97\u0cbf\u0ca6\u0ccd\u0ca6\u0cb5\u0cc1. \u0cb8\u0cc8\u0ca8\u0cbf\u0c95\u0cb0 \u0cb6\u0cbf\u0cb8\u0ccd\u0ca4\u0cbf\u0ca8\u0cb2\u0ccd\u0cb2\u0cbf \u0cb9\u0cc6\u0c9c\u0ccd\u0c9c\u0cc6 \u0cb9\u0cbe\u0c95\u0cc1\u0ca4\u0ccd\u0ca4\u0cbf\u0ca6\u0ccd\u0ca6\u0cb5\u0cc1.\u2029"}]},{"id":1379,"content":"Raju walked faster and faster. He was full of curiosity about his new schoolmates, and wanted a closer look at them.","pageno":4,"image":"d58759159f4441c9218d64a13f9b9d0a.jpg","audio":"b31219c11f012e40fe3d6258733d7972.mp3","audio_map":"6b2f4dc93f6f2f7b30c83ee38dbdf5fe.json","language":[{"language_id":11,"content":"\u0b95\u0b9f\u0bc8\u0b9a\u0bbf\u0baf\u0bbf\u0bb2\u0bcd \u0b92\u0bb0\u0bc1 \u0bb5\u0bb4\u0bbf\u0baf\u0bbe\u0b95, \u0b85\u0bb5\u0ba9\u0bcd \u0bae\u0bc1\u0ba9\u0bcd\u0ba9\u0bc7 \u0b9a\u0bc6\u0ba9\u0bcd\u0bb1\u0bc1 \u0b95\u0bca\u0ba3\u0bcd\u0b9f\u0bbf\u0bb0\u0bc1\u0ba8\u0bcd\u0ba4 \u0bb5\u0b9f\u0bbf\u0bb5\u0b99\u0bcd\u0b95\u0bb3\u0bc8 \u0b8e\u0b9f\u0bcd\u0b9f\u0bbf\u0baa\u0bcd \u0baa\u0bbf\u0b9f\u0bbf\u0ba4\u0bcd\u0ba4\u0bbe\u0ba9\u0bcd. \u0b85\u0bb5\u0bc8\u0b95\u0bb3\u0bbf\u0ba9\u0bcd \u0bae\u0bc1\u0b95\u0b99\u0bcd\u0b95\u0bb3\u0bc8\u0baa\u0bcd \u0baa\u0bbe\u0bb0\u0bcd\u0ba4\u0bcd\u0ba4\u0ba4\u0bc1\u0bae\u0bcd, \u0bb0\u0bbe\u0b9c\u0bc1 \u0bb5\u0bbf\u0baf\u0baa\u0bcd\u0baa\u0bc1\u0b9f\u0ba9\u0bcd \u0bb5\u0bbe\u0baf\u0bc8\u0baa\u0bcd \u0baa\u0bbf\u0bb3\u0ba8\u0bcd\u0ba4\u0bbe\u0ba9\u0bcd."},{"language_id":12,"content":"\u0c30\u0c3e\u0c1c\u0c41 \u0c35\u0c47\u0c17\u0c02 \u0c2a\u0c46\u0c02\u0c1a\u0c3f, \u0c17\u0c2c\u0c17\u0c2c\u0c3e \u0c28\u0c21\u0c3f\u0c1a\u0c3e\u0c21\u0c41. \u0c24\u0c28 \u0c15\u0c4a\u0c24\u0c4d\u0c24 \u0c38\u0c4d\u0c28\u0c47\u0c39\u0c3f\u0c24\u0c41\u0c32 \u0c17\u0c41\u0c30\u0c3f\u0c02\u0c1a\u0c3f \u0c24\u0c46\u0c32\u0c41\u0c38\u0c41\u0c15\u0c4b\u0c35\u0c3e\u0c32\u0c28\u0c40, \u0c35\u0c3e\u0c33\u0c4d\u0c33\u0c3e\u0c28\u0c3f \u0c26\u0c17\u0c4d\u0c17\u0c30\u0c17\u0c3e \u0c1a\u0c42\u0c21\u0c3e\u0c32\u0c28\u0c40 \u0c05\u0c24\u0c21\u0c3f\u0c15\u0c3f \u0c09\u0c02\u0c26\u0c3f !"},{"language_id":8,"content":"\u0930\u093e\u091c\u0942\u0928\u0947 \u092d\u0930\u092d\u0930 \u091a\u093e\u0932\u093e\u092f\u0932\u093e \u0938\u0941\u0930\u0941\u0935\u093e\u0924 \u0915\u0947\u0932\u0940. \u0924\u094d\u092f\u093e\u0932\u093e \u0924\u094d\u092f\u093e \u092e\u0941\u0932\u093e\u0902\u0928\u093e \u0932\u0935\u0915\u0930\u091a \u0917\u093e\u0920\u093e\u092f\u091a\u0947 \u0939\u094b\u0924\u0947. \r\n \u0915\u0927\u0940 \u090f\u0915\u0926\u093e \u0924\u094d\u092f\u093e\u0902\u0928\u093e \u092a\u093e\u0939\u0924\u094b \u0905\u0938\u0947 \u0924\u094d\u092f\u093e\u0932\u093e \u091d\u093e\u0932\u0947.\u2029"},{"language_id":1,"content":"\u09f0\u09be\u099c\u09c1\u09f1\u09c7 \u09ac\u09c7\u0997\u09be\u0987 \u0996\u09cb\u099c \u09b2\u2019\u09b2\u09c7\u0964 \u09a8\u09a4\u09c1\u09a8 \u09b8\u09a4\u09c0\u09b0\u09cd\u09a5 \u09ac\u09cb\u09f0\u09f0 \u09aa\u09cd\u09b0\u09a4\u09bf \u09a4\u09be\u09f0 \u0995\u09cc\u09a4\u09c1\u09b9\u09b2 \u099c\u09a8\u09cd\u09ae\u09bf\u09b2, \u0986\u09f0\u09c1 \u09b8\u09bf\u09b9\u0981\u09a4\u0995 \u0993\u099a\u09f0\u09f0 \u09aa\u09f0\u09be \u099a\u09be\u09ac\u09b2\u09c8 \u09ac\u09f0 \u09ae\u09a8 \u0997\u2019\u09b2\u0964\u2029"},{"language_id":7,"content":"\u0cb0\u0cbe\u0c9c\u0cc1 \u0cac\u0cc7\u0c97\u0cac\u0cc7\u0c97\u0ca8\u0cc6 \u0cb9\u0cc6\u0c9c\u0ccd\u0c9c\u0cc6 \u0cb9\u0cbe\u0c95\u0cbf\u0ca6\u0ca8\u0cc1. \u0cae\u0cc1\u0c82\u0ca6\u0cc6 \u0c95\u0cbe\u0ca3\u0cc1\u0ca4\u0ccd\u0ca4\u0cbf\u0cb0\u0cc1\u0cb5 \u0c85\u0cb5\u0cc1\u0c97\u0cb3\u0ca8\u0ccd\u0ca8\u0cc1 \u0cb8\u0cae\u0cc0\u0caa\u0cbf\u0cb8\u0cbf \u0ca8\u0ccb\u0ca1\u0cac\u0cc7\u0c95\u0cc6\u0c82\u0ca6\u0cc1 \u0c86\u0ca4\u0cc1\u0cb0\u0c97\u0cca\u0c82\u0ca1\u0ca8\u0cc1.\u2029"}]},{"id":1380,"content":"At long last, Raju caught up with the shapes marching ahead of him. He stared at their faces, mouth open in surprise.","pageno":5,"image":"26f126460848f1bc6ee2003d76ef2012.jpg","audio":"832499ea3fb953f3cb3a78ccff1d1ef1.mp3","audio_map":"6a3c90364764405fb20760f635ea7d60.json","language":[{"language_id":11,"content":"\u0b85\u0bb5\u0ba9\u0bcd \u0ba8\u0bbf\u0ba9\u0bc8\u0ba4\u0bcd\u0ba4\u0baa\u0b9f\u0bbf\u0baf\u0bc7, \u0b85\u0ba8\u0bcd\u0ba4 \u0bb5\u0b9f\u0bbf\u0bb5\u0b99\u0bcd\u0b95\u0bb3\u0bcd \u0b8e\u0bb2\u0bcd\u0bb2\u0bbe\u0bae\u0bcd \u0b95\u0bbe\u0baf\u0bcd\u0b95\u0bb1\u0bbf\u0b95\u0bb3\u0bcd\u0ba4\u0bbe\u0ba9\u0bcd! \u0b89\u0bb0\u0bc1\u0bb3\u0bc8\u0b95\u0bcd\u0b95\u0bbf\u0bb4\u0b99\u0bcd\u0b95\u0bc1, \u0b9a\u0bb0\u0bcd\u0b95\u0bcd\u0b95\u0bb0\u0bc8\u0bb5\u0bb3\u0bcd\u0bb3\u0bbf\u0b95\u0bcd \u0b95\u0bbf\u0bb4\u0b99\u0bcd\u0b95\u0bc1, \u0b9a\u0bc7\u0ba9\u0bc8\u0b95\u0bcd\u0b95\u0bbf\u0bb4\u0b99\u0bcd\u0b95\u0bc1 \u0bae\u0bb1\u0bcd\u0bb1\u0bc1\u0bae\u0bcd \u0b85\u0bb5\u0ba9\u0bcd \u0b9a\u0ba8\u0bcd\u0ba4\u0bc8\u0baf\u0bbf\u0bb2\u0bcd \u0baa\u0bbe\u0bb0\u0bcd\u0ba4\u0bcd\u0ba4\u0bbf\u0bb0\u0bc1\u0ba8\u0bcd\u0ba4, \u0bb5\u0bc7\u0bb0\u0bbf\u0bb2\u0bcd \u0bb5\u0bbf\u0bb3\u0bc8\u0baf\u0bc1\u0bae\u0bcd, \u0baa\u0bb2 \u0b95\u0bbe\u0baf\u0bcd\u0b95\u0bb1\u0bbf\u0b95\u0bb3\u0bcd\u0ba4\u0bbe\u0ba9\u0bcd \u0b85\u0bb5\u0bc8!"},{"language_id":12,"content":"\u0c1a\u0c3f\u0c35\u0c30\u0c15\u0c41 \u0c0e\u0c32\u0c3e\u0c17\u0c4b, \u0c2e\u0c41\u0c02\u0c26\u0c41 \u0c28\u0c21\u0c41\u0c38\u0c4d\u0c24\u0c41\u0c28\u0c4d\u0c28 \u0c06 \u0c06\u0c15\u0c3e\u0c30\u0c3e\u0c32\u0c4d\u0c28\u0c3f \u0c30\u0c3e\u0c1c\u0c41 \u0c1a\u0c47\u0c30\u0c41\u0c15\u0c4b\u0c17\u0c32\u0c3f\u0c17\u0c3e\u0c21\u0c41. \u0c06\u0c36\u0c4d\u0c1a\u0c30\u0c4d\u0c2f\u0c02\u0c24\u0c4b \u0c28\u0c4b\u0c30\u0c41 \u0c24\u0c46\u0c30\u0c3f\u0c1a\u0c3f, \u0c35\u0c3e\u0c1f\u0c3f \u0c2e\u0c4a\u0c39\u0c3e\u0c32\u0c35\u0c48\u0c2a\u0c41 \u0c24\u0c47\u0c30\u0c3f\u0c2a\u0c3e\u0c30 \u0c1a\u0c42\u0c36\u0c3e\u0c21\u0c41."},{"language_id":8,"content":"\u090f\u0915\u0926\u093e\u091a\u0947 \u0930\u093e\u091c\u0942\u0928\u0947 \u092e\u0941\u0932\u093e\u0902\u0928\u093e \u0917\u093e\u0920\u0932\u0947. \u0924\u094d\u092f\u093e\u0902\u091a\u094d\u092f\u093e \u091a\u0947\u0939\u0931\u094d\u092f\u093e\u0915\u0921\u0947 \u0930\u093e\u091c\u0942 \u092a\u093e\u0939\u0942 \u0932\u093e\u0917\u0932\u093e. \r\n \u0930\u093e\u091c\u0942\u0932\u093e \u0906\u0936\u094d\u200d\u091a\u0930\u094d\u092f\u091a\u093e \u0927\u0915\u094d\u0915\u093e\u091a \u092c\u0938\u0932\u093e.\u2029"},{"language_id":1,"content":"\u0985\u09f1\u09b6\u09c7\u09b7\u09a4 \u09f0\u09be\u099c\u09c1 \u0986\u0997\u09ac\u09be\u09dd\u09bf \u0997\u09c8 \u09ac\u09b8\u09cd\u09a4\u09c1\u09ac\u09cb\u09f0 \u09b2\u0997 \u09aa\u09be\u09b2\u09c7\u0997\u09c8\u0964 \u09b8\u09bf \u09ae\u09c1\u0996 \u09ae\u09c7\u09b2\u09bf \u0985\u09ac\u09be\u0995 \u09b9\u09c8 \u09b8\u09c7\u0987\u09ac\u09cb\u09f0 \u099a\u09be\u0987 \u09f0\u2019\u09b2\u0964\u2029"},{"language_id":7,"content":"\u0c95\u0ca1\u0cc6\u0c97\u0cc2 \u0cb0\u0cbe\u0c9c\u0cc1 \u0c85\u0cb5\u0cc1\u0c97\u0cb3\u0ca8\u0ccd\u0ca8\u0cc1 \u0cb8\u0cae\u0cc0\u0caa\u0cbf\u0cb8\u0cbf\u0ca6\u0ca8\u0cc1. \u0c85\u0cb5\u0cc1\u0c97\u0cb3 \u0cae\u0cc1\u0c96\u0cb5\u0ca8\u0ccd\u0ca8\u0cc7 \u0ca8\u0ccb\u0ca1\u0cbf\u0ca6\u0ca8\u0cc1. \u0c85\u0cb5\u0ca8\u0cbf\u0c97\u0cc6 \u0c85\u0c9a\u0ccd\u0c9a\u0cb0\u0cbf\u0caf\u0cbe\u0caf\u0cbf\u0ca4\u0cc1.\u2029"}]},{"id":1381,"content":"Just as he had guessed, the shapes were really vegetables: potatoes, sweet potatoes, yams, and all the other root vegetables he had seen in the market.","pageno":6,"image":"17ee1025cf363b97b9fa4b684e736fbd.jpg","audio":"e86384b617df49726656de2516d50a04.mp3","audio_map":"2ad4f404b419bcfcfdc6ea37afc6ea16.json","language":[{"language_id":11,"content":"\u201c\u0b8e\u0ba9\u0bcd\u0ba9? \u0b89\u0ba3\u0bcd\u0bae\u0bc8\u0baf\u0bbe\u0b95 \u0ba8\u0bc0\u0b99\u0bcd\u0b95\u0bb3\u0bcd\u0ba4\u0bbe\u0ba9\u0bbe?\u201d \u0b8e\u0ba9 \u0bb0\u0bbe\u0b9c\u0bc1 \u0ba8\u0bbf\u0ba9\u0bc8\u0baa\u0bcd\u0baa\u0ba4\u0bb1\u0bcd\u0b95\u0bc1\u0bb3\u0bcd, \u0bb5\u0bbe\u0bb0\u0bcd\u0ba4\u0bcd\u0ba4\u0bc8\u0b95\u0bb3\u0bcd \u0ba4\u0bbe\u0ba9\u0bbe\u0b95 \u0bb5\u0bc6\u0bb3\u0bbf\u0bb5\u0ba8\u0bcd\u0ba4\u0ba9."},{"language_id":12,"content":"\u0c30\u0c3e\u0c1c\u0c41 \u0c05\u0c28\u0c41\u0c15\u0c41\u0c28\u0c4d\u0c28\u0c1f\u0c4d\u0c1f\u0c41\u0c17\u0c3e\u0c28\u0c47, \u0c06 \u0c06\u0c15\u0c3e\u0c30\u0c3e\u0c32\u0c41 \u0c15\u0c42\u0c30\u0c17\u0c3e\u0c2f\u0c32\u0c47! \u0c24\u0c3e\u0c28\u0c41 \u0c2e\u0c3e\u0c30\u0c4d\u0c15\u0c46\u0c1f\u0c4d\u0c1f\u0c41\u0c32\u0c4b \u0c1a\u0c42\u0c38\u0c47 \u0c2c\u0c02\u0c17\u0c3e\u0c33\u0c3e\u0c26\u0c41\u0c02\u0c2a\u0c32\u0c41, \u0c1a\u0c3f\u0c32\u0c15\u0c21\u0c26\u0c41\u0c02\u0c2a\u0c32\u0c41, \u0c15\u0c02\u0c26\u0c32\u0c3e\u0c02\u0c1f\u0c3f \u0c26\u0c41\u0c02\u0c2a\u0c15\u0c42\u0c30\u0c32\u0c41."},{"language_id":8,"content":"\u0924\u0940 \u092e\u0941\u0933\u094d\u092f\u093e\u091a\u0940 \u092d\u093e\u091c\u0940 \u0939\u094b\u0924\u0940. \u092c\u093e\u091c\u093e\u0930\u093e\u0924 \u092e\u093f\u0933\u0924\u0947 \u0924\u0940.\u2029"},{"language_id":1,"content":"\u09b8\u09bf \u0985\u09a8\u09c1\u09ae\u09be\u09a8 \u0995\u09f0\u09be\u09f0 \u09a6\u09f0\u09c7\u0987 \u09b8\u09c7\u0987\u09ac\u09cb\u09f0 \u09ac\u09b8\u09cd\u09a4\u09c1 \u0986\u099a\u09b2\u09a4\u09c7 \u09aa\u09be\u099a\u09b2\u09bf\u09df\u09c7\u0987 \u0986\u099b\u09bf\u09b2\u0964 \u09b8\u09c7\u0987\u09ac\u09cb\u09f0 \u0986\u09b2\u09c1 , \u09ae\u09bf\u09a0\u09be \u2013\u0986\u09b2\u09c1, \u0995\u099a\u09c1 \u0986\u09f0\u09c1 \u09b8\u09bf \u09ac\u099c\u09be\u09f0\u09a4 \u09a6\u09c7\u0996\u09be \u09ac\u09bf\u09ad\u09bf\u09a8\u09cd\u09a8 \u09a7\u09f0\u09a3\u09f0 \u09ae\u09be\u099f\u09bf\u09f0 \u09a4\u09b2\u09a4 \u09b9\u09cb\u09f1\u09be \u09b6\u09bf\u09aa\u09be \u09a5\u0995\u09be \u09aa\u09be\u099a\u09b2\u09bf\u0964\u2029"},{"language_id":7,"content":"\u0c86\u0ca4 \u0c8a\u0cb9\u0cbf\u0cb8\u0cbf\u0ca6\u0ccd\u0ca6\u0c82\u0ca4\u0cc6\u0caf\u0cc7, \u0c85\u0cb5\u0cc1 \u0cae\u0cbe\u0cb0\u0cc1\u0c95\u0c9f\u0ccd\u0c9f\u0cc6\u0caf\u0cb2\u0ccd\u0cb2\u0cbf \u0c86\u0ca4 \u0ca8\u0ccb\u0ca1\u0cbf\u0ca6\u0ccd\u0ca6 \u0cac\u0c97\u0cc6\u0cac\u0c97\u0cc6\u0caf \u0c97\u0cc6\u0ca1\u0ccd\u0ca1\u0cc6 \u0ca4\u0cb0\u0c95\u0cbe\u0cb0\u0cbf\u0c97\u0cb3\u0cc7 \u0c86\u0c97\u0cbf\u0ca6\u0ccd\u0ca6\u0cb5\u0cc1.\u2029"}]},{"id":1382,"content":"\"What? Is it really you?\" The question popped out of his mouth before he realized it. The vegetables did not reply. They just looked at each other and smiled, amused at his amazement.","pageno":7,"image":"ba9d4f73a5658efd7205fe4504e17540.jpg","audio":"705548aa303317ab0f0fc8667f587c7e.mp3","audio_map":"37597917a2c53fb27a112cd3897a9086.json","language":[{"language_id":11,"content":"\u0b95\u0bbe\u0baf\u0bcd\u0b95\u0bb1\u0bbf\u0b95\u0bb3\u0bcd \u0baa\u0ba4\u0bbf\u0bb2\u0bcd \u0baa\u0bc7\u0b9a\u0bb5\u0bbf\u0bb2\u0bcd\u0bb2\u0bc8. \u0b92\u0ba9\u0bcd\u0bb1\u0bc8\u0baf\u0bca\u0ba9\u0bcd\u0bb1\u0bc1 \u0baa\u0bbe\u0bb0\u0bcd\u0ba4\u0bcd\u0ba4\u0bc1 \u0baa\u0bc1\u0ba9\u0bcd\u0ba9\u0b95\u0bc8\u0ba4\u0bcd\u0ba4\u0bc1\u0b95\u0bcd \u0b95\u0bca\u0ba3\u0bcd\u0b9f\u0ba9. \u0bb0\u0bbe\u0b9c\u0bc1\u0bb5\u0bbf\u0ba9\u0bcd \u0b86\u0b9a\u0bcd\u0b9a\u0bb0\u0bbf\u0baf\u0bae\u0bcd \u0b85\u0bb5\u0bb0\u0bcd\u0b95\u0bb3\u0bc1\u0b95\u0bcd\u0b95\u0bc1\u0b95\u0bcd \u0b95\u0bc1\u0ba4\u0bc2\u0b95\u0bb2\u0ba4\u0bcd\u0ba4\u0bc8\u0ba4\u0bcd \u0ba4\u0ba8\u0bcd\u0ba4\u0ba4\u0bc1. \r\n\u0bb0\u0bbe\u0b9c\u0bc1 \u0bb5\u0bbf\u0baf\u0baa\u0bcd\u0baa\u0bc1\u0b9f\u0ba9\u0bcd,\u201c\u0b8e\u0b99\u0bcd\u0b95\u0bc7 \u0b9a\u0bc6\u0bb2\u0bcd\u0b95\u0bbf\u0bb1\u0bc0\u0bb0\u0bcd\u0b95\u0bb3\u0bcd?\u201d \u0b8e\u0ba9\u0bcd\u0bb1\u0bc1 \u0b95\u0bc7\u0b9f\u0bcd\u0b9f\u0bbe\u0ba9\u0bcd. \u201c\u0bb5\u0bc7\u0bb1\u0bc1 \u0b8e\u0b99\u0bcd\u0b95\u0bc7? \u0ba8\u0bbe\u0b99\u0bcd\u0b95\u0bb3\u0bcd \u0b8e\u0bb2\u0bcd\u0bb2\u0bcb\u0bb0\u0bc1\u0bae\u0bcd \u0baa\u0bb3\u0bcd\u0bb3\u0bbf\u0b95\u0bcd\u0b95\u0bc1\u0ba4\u0bcd\u0ba4\u0bbe\u0ba9\u0bcd \u0b9a\u0bc6\u0ba9\u0bcd\u0bb1\u0bc1 \u0b95\u0bca\u0ba3\u0bcd\u0b9f\u0bbf\u0bb0\u0bc1\u0b95\u0bcd\u0b95\u0bbf\u0bb1\u0bcb\u0bae\u0bcd\u201d \u0b8e\u0ba9\u0bcd\u0bb1\u0bc1 \u0b95\u0bbe\u0baf\u0bcd\u0b95\u0bb1\u0bbf\u0b95\u0bb3\u0bcd \u0b87\u0ba3\u0bc8\u0ba8\u0bcd\u0ba4\u0bc1 \u0b92\u0bb0\u0bc7 \u0b95\u0bc1\u0bb0\u0bb2\u0bbf\u0bb2\u0bcd \u0baa\u0ba4\u0bbf\u0bb2\u0bcd \u0b9a\u0bca\u0bb2\u0bcd\u0bb2\u0bbf\u0ba9."},{"language_id":12,"content":"\" \u0c0f\u0c2e\u0c3f\u0c1f\u0c3f? \u0c28\u0c3f\u0c1c\u0c02\u0c17\u0c3e \u0c2e\u0c40\u0c30\u0c47\u0c28\u0c3e?\" \u0c05\u0c28\u0c47 \u0c2a\u0c4d\u0c30\u0c36\u0c4d\u0c28 \u0c05\u0c28\u0c41\u0c15\u0c4b\u0c15\u0c41\u0c02\u0c21\u0c3e \u0c05\u0c24\u0c28\u0c3f \u0c28\u0c4b\u0c1f\u0c4d\u0c32\u0c4b\u0c02\u0c1a\u0c3f \u0c35\u0c1a\u0c4d\u0c1a\u0c3f\u0c02\u0c26\u0c3f.    \u0c15\u0c42\u0c30\u0c17\u0c3e\u0c2f\u0c32\u0c41 \u0c38\u0c2e\u0c3e\u0c27\u0c3e\u0c28\u0c02 \u0c1a\u0c46\u0c2a\u0c4d\u0c2a\u0c32\u0c47\u0c26\u0c41. \u0c05\u0c24\u0c21\u0c3f \u0c06\u0c36\u0c4d\u0c1a\u0c30\u0c4d\u0c2f\u0c3e\u0c28\u0c3f\u0c15\u0c3f \u0c05\u0c35\u0c3f \u0c35\u0c3f\u0c28\u0c4b\u0c26\u0c3f\u0c38\u0c4d\u0c24\u0c42, \u0c12\u0c15\u0c26\u0c3e\u0c28\u0c3f\u0c28\u0c3f \u0c1a\u0c42\u0c38\u0c3f \u0c2e\u0c30\u0c4a\u0c15\u0c1f\u0c3f \u0c1a\u0c3f\u0c30\u0c41\u0c28\u0c35\u0c4d\u0c35\u0c41 \u0c28\u0c35\u0c4d\u0c35\u0c41\u0c24\u0c41\u0c28\u0c4d\u0c28\u0c3e\u0c2f\u0c3f."},{"language_id":8,"content":"\u201c\u0905\u0930\u0947 \u0924\u0941\u092e\u094d\u0939\u0940 !\u201d \u0930\u093e\u091c\u0942 \u0906\u0936\u094d\u200d\u091a\u0930\u094d\u092f\u093e\u0928\u0947 \u092c\u094b\u0932\u0932\u093e.\u2029 \u092e\u0941\u0933\u094d\u092f\u093e\u091a\u094d\u092f\u093e \u091c\u0941\u0921\u094d\u092f\u093e \u0915\u093e\u0939\u0940\u091a \u092c\u094b\u0932\u0932\u094d\u092f\u093e \u0928\u093e\u0939\u0940\u0924. \u090f\u0915\u092e\u0947\u0915\u093e\u0902\u0915\u0921\u0947 \u092a\u093e\u0939\u0942\u0928 \u0924\u094d\u092f\u093e \u0928\u0941\u0938\u0924\u094d\u092f\u093e\u091a \u0939\u0938\u0932\u094d\u092f\u093e.\u2029"},{"language_id":1,"content":"\u201c\u098f\u0987\u09df\u09be \u0995\u09bf, \u098f\u09df\u09be \u09b8\u0981\u099a\u09be\u0987 \u09a4\u09cb\u09ae\u09be\u09b2\u09cb\u0995\u09a8\u09c7?\u201d \u09b8\u09bf \u09ad\u09ac\u09be\u09f0 \u0986\u0997\u09a4\u09c7\u0987 \u09a4\u09be\u09f0 \u09ae\u09c1\u0996\u09f0 \u09aa\u09f0\u09be \u09aa\u09cd\u09b0\u09b6\u09cd\u09a8\u099f\u09cb \u0993\u09b2\u09be\u0987 \u0997\u2019\u09b2\u0964\u2029\u09aa\u09be\u099a\u09b2\u09bf\u09ac\u09cb\u09f0\u09c7 \u0989\u09a4\u09cd\u09a4\u09f0 \u09a8\u09bf\u09a6\u09bf\u09b2\u09c7\u0964 \u0987\u099f\u09cb\u09f1\u09c7 \u09b8\u09bf\u099f\u09cb\u09b2\u09c8 \u099a\u09be\u0987 \u09ae\u09be\u09a5\u09cb \u09b9\u09be\u0981\u09b9\u09bf\u09b2\u09c7\u0964 \u09f0\u09be\u099c\u09c1 \u0985\u09ac\u09be\u0995 \u09b9\u09cb\u09f1\u09be \u09a6\u09c7\u0996\u09bf \u0986\u09ae\u09cb\u09a6 \u09aa\u09be\u09b2\u09c7\u0964\u2029"},{"language_id":7,"content":"\"\u0c85\u0cb0\u0cc6! \u0ca8\u0cc0\u0cb5\u0cbe?\" \u0c8e\u0c82\u0cac \u0c86\u0cb6\u0ccd\u0c9a\u0cb0\u0ccd\u0caf \u0ca4\u0cc1\u0c82\u0cac\u0cbf\u0ca6 \u0caa\u0ccd\u0cb0\u0cb6\u0ccd\u0ca8\u0cc6 \u0c86\u0ca4\u0ca8 \u0cac\u0cbe\u0caf\u0cbf\u0c82\u0ca6 \u0cac\u0c82\u0ca4\u0cc1. \u0c85\u0cb5\u0cc1 \u0cae\u0cbe\u0ca4\u0ca8\u0cbe\u0ca1\u0cb2\u0cbf\u0cb2\u0ccd\u0cb2. \u0ca4\u0cae\u0ccd\u0cae\u0ca4\u0cae\u0ccd\u0cae\u0cb2\u0ccd\u0cb2\u0cbf \u0caa\u0cb0\u0cb8\u0ccd\u0caa\u0cb0 \u0cae\u0cc1\u0c96 \u0ca8\u0ccb\u0ca1\u0cbf\u0c95\u0cca\u0c82\u0ca1\u0cb5\u0cc1. \u0c86\u0ca8\u0c82\u0ca4\u0cb0 \u0cb0\u0cbe\u0c9c\u0cc1\u0cb5\u0cbf\u0ca8 \u0c95\u0ca1\u0cc6 \u0ca8\u0ccb\u0ca1\u0cbf \u0cae\u0cc1\u0c97\u0cc1\u0cb3\u0cc1\u0ca8\u0c95\u0ccd\u0c95\u0cb5\u0cc1.\u2029"}]},{"id":1383,"content":"\u201cWhere are you going?\u201d asked Raju in wonder. \u201cWhere else?\u201d replied the vegetables, speaking together as one. \u201cWe\u2019re on our way to your school!\u201d Raju nodded. He didn\u2019t know what to say. He continued on his way to school.","pageno":8,"image":"760ff855cc1ca649df54f5197067367e.jpg","audio":"3bc738a4d0d89828d1dd7f31e2c990c5.mp3","audio_map":"1ee3ee101743b3b7f978bbfbf40217ac.json","language":[{"language_id":11,"content":"\u0bb0\u0bbe\u0b9c\u0bc1 \u0ba4\u0bb2\u0bc8\u0baf\u0bc8 \u0b86\u0b9f\u0bcd\u0b9f\u0bbf\u0ba9\u0bbe\u0ba9\u0bcd. \u0b85\u0bb5\u0ba9\u0bc1\u0b95\u0bcd\u0b95\u0bc1\u0b8e\u0ba9\u0bcd\u0ba9 \u0b9a\u0bca\u0bb2\u0bcd\u0bb5\u0ba4\u0bc6\u0ba9\u0bcd\u0bb1\u0bc1 \u0ba4\u0bc6\u0bb0\u0bbf\u0baf\u0bb5\u0bbf\u0bb2\u0bcd\u0bb2\u0bc8. \u0b85\u0bb5\u0ba9\u0bcd \u0baa\u0bb3\u0bcd\u0bb3\u0bbf\u0b95\u0bcd\u0b95\u0bc1\u0b9a\u0bcd \u0b9a\u0bc6\u0bb2\u0bcd\u0bb2\u0ba4\u0bcd \u0ba4\u0bca\u0b9f\u0bb0\u0bcd\u0ba8\u0bcd\u0ba4\u0bc1 \u0ba8\u0b9f\u0ba8\u0bcd\u0ba4\u0bbe\u0ba9\u0bcd.\u0b9a\u0bbf\u0bb1\u0bbf\u0ba4\u0bc1 \u0ba8\u0bc7\u0bb0\u0bae\u0bcd \u0b95\u0bb4\u0bbf\u0ba4\u0bcd\u0ba4\u0bc1, \u0b95\u0bbe\u0baf\u0bcd\u0b95\u0bb1\u0bbf\u0b95\u0bb3\u0bcd \u0b87\u0ba9\u0bcd\u0ba9\u0bc1\u0bae\u0bcd \u0baa\u0bbf\u0ba9\u0bcd\u0ba9\u0bbe\u0bb2\u0bcd \u0bb5\u0bb0\u0bc1\u0b95\u0bbf\u0ba9\u0bcd\u0bb1\u0ba9\u0bb5\u0bbe \u0b8e\u0ba9\u0baa\u0bcd \u0baa\u0bbe\u0bb0\u0bcd\u0b95\u0bcd\u0b95\u0ba4\u0bcd \u0ba4\u0bbf\u0bb0\u0bc1\u0bae\u0bcd\u0baa\u0bbf\u0ba9\u0bbe\u0ba9\u0bcd. \u0b85\u0bb5\u0ba9\u0bc1\u0b95\u0bcd\u0b95\u0bc1, \u0b85\u0ba8\u0bcd\u0ba4\u0b95\u0bcd \u0b95\u0bbe\u0bb2\u0bc8 \u0ba8\u0bc7\u0bb0\u0ba4\u0bcd\u0ba4\u0bbf\u0ba9\u0bcd, \u0b87\u0bb0\u0ba3\u0bcd\u0b9f\u0bbe\u0bb5\u0ba4\u0bc1 \u0b86\u0b9a\u0bcd\u0b9a\u0bb0\u0bbf\u0baf\u0bae\u0bcd \u0b95\u0bbe\u0ba4\u0bcd\u0ba4\u0bbf\u0bb0\u0bc1\u0ba8\u0bcd\u0ba4\u0ba4\u0bc1."},{"language_id":12,"content":"\"\u0c0e\u0c15\u0c4d\u0c15\u0c21\u0c3f\u0c15\u0c3f\u0c35\u0c46\u0c33\u0c41\u0c24\u0c41\u0c28\u0c4d\u0c28\u0c3e\u0c30\u0c41 \u0c2e\u0c40\u0c30\u0c41?\"  \u0c05\u0c21\u0c3f\u0c17\u0c3e\u0c21\u0c41 \u0c30\u0c3e\u0c1c\u0c41 \u0c06\u0c36\u0c4d\u0c1a\u0c30\u0c4d\u0c2f\u0c2a\u0c21\u0c41\u0c24\u0c42. \"\u0c07\u0c02\u0c15\u0c46\u0c15\u0c4d\u0c15\u0c21\u0c3f\u0c15\u0c3f? \u0c2e\u0c47\u0c2e\u0c41 \u0c28\u0c40 \u0c2c\u0c21\u0c3f\u0c15\u0c47\u0c35\u0c46\u0c33\u0c41\u0c24\u0c41\u0c28\u0c4d\u0c28\u0c3e\u0c02!\" \u0c05\u0c02\u0c1f\u0c42 \u0c38\u0c2e\u0c3e\u0c27\u0c3e\u0c28\u0c02 \u0c07\u0c1a\u0c4d\u0c1a\u0c3e\u0c2f\u0c3f \u0c05\u0c35\u0c3f \u0c15\u0c32\u0c3f\u0c38\u0c3f\u0c15\u0c1f\u0c4d\u0c1f\u0c41\u0c17\u0c3e.     \u0c30\u0c3e\u0c1c\u0c41 \u0c2e\u0c4c\u0c28\u0c02\u0c17\u0c3e \u0c24\u0c32\u0c42\u0c2a\u0c3e\u0c21\u0c41. \u0c0f\u0c02 \u0c2e\u0c3e\u0c1f\u0c4d\u0c32\u0c3e\u0c21\u0c3e\u0c32\u0c4b \u0c24\u0c46\u0c32\u0c3f\u0c2f\u0c32\u0c47\u0c26\u0c41. \u0c2c\u0c21\u0c3f \u0c35\u0c48\u0c2a\u0c41 \u0c28\u0c21\u0c15 \u0c38\u0c3e\u0c17\u0c3f\u0c02\u0c1a\u0c3e\u0c21\u0c41."},{"language_id":8,"content":"\u201c\u091a\u093e\u0932\u0932\u093e\u0924 \u0924\u0930\u0940 \u0915\u0941\u0920\u0947 \u0924\u0941\u092e\u094d\u0939\u0940?\u201d \u0930\u093e\u091c\u0942\u0928\u0947 \u092a\u0941\u0928\u094d\u0939\u093e \u0935\u093f\u091a\u093e\u0930\u0932\u0947.\u2029 \u201c\u0915\u0941\u0920\u0947 \u092e\u094d\u0939\u0923\u091c\u0947? \u0924\u0941\u091d\u094d\u092f\u093e \u0936\u093e\u0933\u0947\u0924.\u201d \u0938\u0930\u094d\u0935 \u091c\u0941\u0921\u094d\u092f\u093e \u090f\u0915\u093e \u0938\u0941\u0930\u093e\u0924 \u092c\u094b\u0932\u0932\u094d\u092f\u093e.\u2029"},{"language_id":1,"content":"\u201c\u09a4\u09cb\u09ae\u09be\u09b2\u09cb\u0995 \u0995\u2019\u09b2\u09c8 \u09af\u09cb\u09f1\u09be?\u201d \u09f0\u09be\u099c\u09c1\u09f1\u09c7 \u0986\u099a\u09f0\u09bf\u09a4 \u09b9\u09c8 \u09b8\u09c1\u09a7\u09bf\u09b2\u09c7\u0964\u2029 \u201c \u0995\u2019\u09b2 \u0986\u09f0\u09c1 \u09af\u09be\u09ae?\u201d \u09aa\u09be\u099a\u09b2\u09bf \u09ac\u09cb\u09f0\u09c7 \u098f\u0995\u09c7\u09b2\u0997\u09c7 \u0989\u09a4\u09cd\u09a4\u09f0 \u09a6\u09bf\u09b2\u09c7\u0964\u2029 \u201c\u0986\u09ae\u09bf \u09aa\u09dd\u09be\u09b6\u09be\u09b2\u09bf\u09b2\u09c8 \u09ac\u09c1\u09b2\u09bf \u0993\u09b2\u09be\u0987\u099b\u09cb !\u201d\u2029"},{"language_id":7,"content":"\"\u0c8e\u0cb2\u0ccd\u0cb2\u0cbf\u0c97\u0cc6 \u0cb9\u0cca\u0cb0\u0c9f\u0cbf\u0ca6\u0ccd\u0ca6\u0cc0\u0cb0\u0cbf?\" \u0c8e\u0c82\u0ca6\u0cc1 \u0cb0\u0cbe\u0c9c\u0cc1 \u0caa\u0ccd\u0cb0\u0cb6\u0ccd\u0ca8\u0cbf\u0cb8\u0cbf\u0ca6. \"\u0c87\u0ca8\u0ccd\u0ca8\u0cc6\u0cb2\u0ccd\u0cb2\u0cbf\u0c97\u0cc6? \u0ca8\u0cbf\u0ca8\u0ccd\u0ca8 \u0cb8\u0ccd\u0c95\u0cc2\u0cb2\u0cbf\u0c97\u0cc6 \u0cb9\u0cca\u0cb0\u0c9f\u0cbf\u0ca6\u0ccd\u0ca6\u0cc7\u0cb5\u0cc6\" \u0c8e\u0c82\u0ca6\u0cc1 \u0c89\u0ca4\u0ccd\u0ca4\u0cb0\u0cbf\u0cb8\u0cbf\u0ca6\u0cb5\u0cc1. \u0cb9\u0cbe\u0c97\u0cc6 \u0c92\u0c82\u0ca6\u0cc7 \u0ca7\u0ccd\u0cb5\u0ca8\u0cbf\u0caf\u0cb2\u0ccd\u0cb2\u0cbf \u0cb9\u0cc7\u0cb3\u0cbf\u0ca6\u0cbe\u0c97 \u0cae\u0cc6\u0cb2\u0ccd\u0cb2\u0c97\u0cc6 \u0ca4\u0c82\u0c97\u0cbe\u0cb3\u0cbf \u0cb8\u0ccb\u0c95\u0cbf\u0ca6\u0c82\u0ca4\u0cbe\u0caf\u0cbf\u0ca4\u0cc1. \u0cb0\u0cbe\u0c9c\u0cc1\u0cb5\u0cbf\u0c97\u0cc6 \u0cb9\u0cbf\u0ca4\u0cb5\u0cc6\u0ca8\u0cbf\u0cb8\u0cbf\u0ca4\u0cc1. \u0c85\u0cb5\u0cc1\u0c97\u0cb3\u0cca\u0c82\u0ca6\u0cbf\u0c97\u0cc6 \u0cae\u0cbe\u0ca4\u0ca8\u0cbe\u0ca1\u0cbf\u0c95\u0cca\u0cb3\u0ccd\u0cb3\u0cc1\u0ca4\u0ccd\u0ca4\u0cbf\u0ca6\u0ccd\u0ca6 \u0cb0\u0cbe\u0c9c\u0cc1 \u0cb9\u0cca\u0cb0\u0c9f.\u2029"}]},{"id":1384,"content":"A little while later, Raju looked back to see if the vegetables were still around. That was when he had his second surprise of the morning. A parade of green leafy vegetables had now joined the root vegetables. They were also marching towards his school, their schoolbags over their shoulders.","pageno":9,"image":"e40c23e4cdc1149898ee37786e2df02b.jpg","audio":"20c0d351fe81e0e9d9fee6d7a12836be.mp3","audio_map":"d87f8930bf7fa88ef73c33c22dfa788c.json","language":[{"language_id":11,"content":"\u0b85\u0ba4\u0bbe\u0bb5\u0ba4\u0bc1, \u0baa\u0b9a\u0bcd\u0b9a\u0bc8 \u0b87\u0bb2\u0bc8 \u0b95\u0bbe\u0baf\u0bcd\u0b95\u0bb1\u0bbf\u0b95\u0bb3\u0bbf\u0ba9\u0bcd \u0b85\u0ba3\u0bbf\u0bb5\u0b95\u0bc1\u0baa\u0bcd\u0baa\u0bc1 \u0b92\u0ba9\u0bcd\u0bb1\u0bc1, \u0bb5\u0bc7\u0bb0\u0bbf\u0bb2\u0bcd \u0bb5\u0bbf\u0bb3\u0bc8\u0baf\u0bc1\u0bae\u0bcd \u0b95\u0bbe\u0baf\u0bcd\u0b95\u0bb1\u0bbf\u0b95\u0bb3\u0bc1\u0b9f\u0ba9\u0bcd \u0b9a\u0bc7\u0bb0\u0bcd\u0ba8\u0bcd\u0ba4\u0bc1 \u0b95\u0bca\u0ba3\u0bcd\u0b9f\u0bbf\u0bb0\u0bc1\u0ba8\u0bcd\u0ba4\u0ba4\u0bc1. \u0b85\u0bb5\u0bc8\u0b95\u0bb3\u0bbf\u0ba9\u0bcd \u0ba4\u0bcb\u0bb3\u0bcd\u0b95\u0bb3\u0bbf\u0bb2\u0bc1\u0bae\u0bcd \u0baa\u0bc1\u0ba4\u0bcd\u0ba4\u0b95\u0baa\u0bcd\u0baa\u0bc8\u0b95\u0bb3\u0bcd!  \u0b87\u0baa\u0bcd\u0baa\u0bca\u0bb4\u0bc1\u0ba4\u0bc1 \u0bb0\u0bbe\u0b9c\u0bc1\u0bb5\u0bc1\u0bae\u0bcd \u0b87\u0ba8\u0bcd\u0ba4 \u0b85\u0ba3\u0bbf\u0bb5\u0b95\u0bc1\u0baa\u0bcd\u0baa\u0bc1\u0b9f\u0ba9\u0bcd \u0b9a\u0bc7\u0bb0\u0bcd\u0ba8\u0bcd\u0ba4\u0bc1 \u0b95\u0bca\u0ba3\u0bcd\u0b9f\u0ba4\u0bbe\u0bb2\u0bcd, \u0b85\u0bb5\u0ba9\u0ba4\u0bc1 \u0b9a\u0ba8\u0bcd\u0ba4\u0bcb\u0bb7\u0ba4\u0bcd\u0ba4\u0bbf\u0bb1\u0bcd\u0b95\u0bc1 \u0b8e\u0bb2\u0bcd\u0bb2\u0bc8\u0baf\u0bc7 \u0b87\u0bb2\u0bcd\u0bb2\u0bc8. \u0b85\u0bb5\u0ba9\u0bc1\u0b95\u0bcd\u0b95\u0bc1\u0ba4\u0bcd \u0ba4\u0bc6\u0bb0\u0bbf\u0ba8\u0bcd\u0ba4\u0bc1 \u0baf\u0bbe\u0bb0\u0bc1\u0bae\u0bcd \u0b87\u0baa\u0bcd\u0baa\u0b9f\u0bbf\u0b95\u0bcd \u0b95\u0bbe\u0baf\u0bcd\u0b95\u0bb1\u0bbf\u0b95\u0bb3\u0bcd \u0b85\u0ba3\u0bbf\u0bb5\u0b95\u0bc1\u0baa\u0bcd\u0baa\u0bc1\u0b9f\u0ba9\u0bcd \u0baa\u0bb3\u0bcd\u0bb3\u0bbf\u0b95\u0bcd\u0b95\u0bc2\u0b9f\u0bae\u0bcd \u0b9a\u0bc6\u0ba9\u0bcd\u0bb1\u0ba4\u0bbf\u0bb2\u0bcd\u0bb2\u0bc8."},{"language_id":12,"content":"\u0c15\u0c4a\u0c02\u0c24\u0c38\u0c47\u0c2a\u0c41 \u0c05\u0c2f\u0c4d\u0c2f\u0c3e\u0c15, \u0c15\u0c42\u0c30\u0c17\u0c3e\u0c2f\u0c32\u0c41 \u0c35\u0c46\u0c28\u0c15\u0c47 \u0c09\u0c28\u0c4d\u0c28\u0c3e\u0c2f\u0c4b, \u0c32\u0c47\u0c35\u0c4b \u0c05\u0c28\u0c41\u0c15\u0c41\u0c02\u0c1f\u0c42 \u0c35\u0c46\u0c28\u0c15\u0c4d\u0c15\u0c3f \u0c24\u0c3f\u0c30\u0c3f\u0c17\u0c3f \u0c1a\u0c42\u0c36\u0c3e\u0c21\u0c41 \u0c30\u0c3e\u0c1c\u0c41. \u0c05\u0c2a\u0c4d\u0c2a\u0c41\u0c21\u0c41 \u0c06 \u0c09\u0c26\u0c2f\u0c02 \u0c30\u0c46\u0c02\u0c21\u0c4b\u0c38\u0c3e\u0c30\u0c3f \u0c05\u0c24\u0c28\u0c41 \u0c06\u0c36\u0c4d\u0c1a\u0c30\u0c4d\u0c2f\u0c2a\u0c4b\u0c2f\u0c3e\u0c21\u0c41. \u0c26\u0c41\u0c02\u0c2a\u0c15\u0c42\u0c30\u0c32 \u0c17\u0c41\u0c02\u0c2a\u0c41\u0c24\u0c4b \u0c07\u0c2a\u0c4d\u0c2a\u0c41\u0c21\u0c41 \u0c06\u0c15\u0c41 \u0c15\u0c42\u0c30\u0c32 \u0c17\u0c41\u0c02\u0c2a\u0c41 \u0c15\u0c32\u0c3f\u0c38\u0c3f\u0c02\u0c26\u0c3f. \u0c05\u0c35\u0c3f\u0c15\u0c42\u0c21\u0c3e \u0c2c\u0c21\u0c3f \u0c2c\u0c4d\u0c2f\u0c3e\u0c17\u0c41\u0c32\u0c41 \u0c2d\u0c41\u0c1c\u0c3e\u0c32 \u0c2e\u0c40\u0c26 \u0c35\u0c47\u0c38\u0c41\u0c15\u0c41\u0c28\u0c3f, \u0c2c\u0c21\u0c3f \u0c35\u0c48\u0c2a\u0c41\u0c15\u0c3f \u0c28\u0c21\u0c41\u0c38\u0c4d\u0c24\u0c41\u0c28\u0c4d\u0c28\u0c3e\u0c2f\u0c3f."},{"language_id":8,"content":"\u0924\u094d\u092f\u093e\u0902\u091a\u094d\u092f\u093e \u0924\u094d\u092f\u093e \u0906\u0935\u093e\u091c\u093e\u0928\u0947 \u0930\u093e\u091c\u0942\u0932\u093e \u0939\u0935\u0947\u0924\u0940\u0932 \u0925\u0902\u0921\u093e\u0935\u093e \u091c\u093e\u0923\u0935\u0932\u093e. \r\n \u0924\u094d\u092f\u093e\u0932\u093e \u090f\u0915\u0926\u092e \u092a\u094d\u0930\u0938\u0928\u094d\u0928 \u0935\u093e\u091f\u0942 \u0932\u093e\u0917\u0932\u0947. \u0939\u0935\u0947\u0924\u0942\u0928 \u091a\u093e\u0932\u0932\u094d\u092f\u093e\u0938\u093e\u0930\u0916\u093e \u0930\u093e\u091c\u0942 \u092a\u0941\u0922\u0947 \u0928\u093f\u0918\u093e\u0932\u093e. \r\n \u092a\u0941\u0922\u0947 \u091c\u093e\u090a\u0928 \u0915\u093e\u0928\u0947 \u092a\u0941\u0928\u094d\u0939\u093e \u092e\u093e\u0917\u0947 \u0935\u0933\u0942\u0928 \u092a\u093e\u0939\u093f\u0932\u0947.\u2029"},{"language_id":1,"content":"\u0995\u09bf\u099b\u09c1 \u09b8\u09ae\u09df\u09f0 \u09aa\u09be\u099b\u09a4 \u09f0\u09be\u099c\u09c1\u09f1\u09c7 \u09aa\u09be\u099a\u09b2\u09bf \u09ac\u09cb\u09f0\u09f0 \u0986\u099b\u09c7\u09a8\u09c7 \u09a8\u09be\u0987 \u0997\u09ae \u09b2\u2019\u09ac\u09b2\u09c8 \u0998\u09c2\u09f0\u09bf \u099a\u09be\u09b2\u09c7\u0964 \u09a4\u09c7\u09a4\u09bf\u09df\u09be \u09b8\u09bf \u09b8\u09c7\u0987\u09a6\u09bf\u09a8\u09be \u09a6\u09cd\u09ac\u09bf\u09a4\u09c0\u09df \u09ac\u09be\u09f0\u09f0 \u09ac\u09be\u09ac\u09c7 \u0986\u099a\u09f0\u09bf\u09a4 \u09b9\u2019\u09b2\u0964 \u09b6\u09bf\u09aa\u09be \u09a5\u0995\u09be \u09aa\u09be\u099a\u09b2\u09bf\u09f0 \u09b8\u09c8\u09a4\u09c7 \u098f\u0987\u09ac\u09be\u09f0 \u098f\u09ae\u09c1\u09a0\u09be \u09b8\u09c7\u0989\u099c\u09c0\u09df\u09be \u09b6\u09be\u0995\u09c7\u0993 \u09af\u09cb\u0997 \u09a6\u09bf\u099b\u09c7\u0964 \u09b8\u09bf\u09b9\u09a4\u09c7\u0981\u0993 \u0995\u09bf\u09a4\u09be\u09aa\u09f0 \u09ac\u09c7\u0997 \u09b2\u09c8 \u09aa\u09dd\u09be\u09b6\u09be\u09b2\u09bf\u09b2\u09c8 \u0986\u0997\u09ac\u09be\u09dd\u09bf\u099b\u09c7\u0964\u2029"},{"language_id":7,"content":"\u0cb8\u0ccd\u0cb5\u0cb2\u0ccd\u0caa \u0cb9\u0cca\u0ca4\u0ccd\u0ca4\u0cbf\u0ca8 \u0ca8\u0c82\u0ca4\u0cb0, \u0c8f\u0c95\u0ccb \u0cb9\u0cbf\u0c82\u0ca4\u0cbf\u0cb0\u0cc1\u0c97\u0cbf \u0ca8\u0ccb\u0ca1\u0cbf\u0ca6. \u0c87\u0ca8\u0ccd\u0ca8\u0cb7\u0ccd\u0c9f\u0cc1 \u0c85\u0c9a\u0ccd\u0c9a\u0cb0\u0cbf \u0c85\u0cb5\u0ca8\u0cbf\u0c97\u0cc6 \u0c95\u0cbe\u0ca1\u0cbf\u0ca4\u0ccd\u0ca4\u0cc1. \u0c85\u0cb5\u0ca8 \u0cb9\u0cbf\u0c82\u0ca6\u0cbf\u0ca8\u0cbf\u0c82\u0ca6 \u0c8e\u0cb2\u0ccd\u0cb2\u0cbe \u0cac\u0c97\u0cc6\u0caf\u0cb8\u0cca\u0caa\u0ccd\u0caa\u0cbf\u0ca8 \u0ca4\u0cb0\u0c95\u0cbe\u0cb0\u0cbf\u0c97\u0cb3\u0cc1 \u0cac\u0c82\u0ca6\u0cc1 \u0cb8\u0cbe\u0cb2\u0cbe\u0c97\u0cbf \u0cb9\u0cc6\u0c97\u0cb2\u0cbf\u0c97\u0cc6 \u0cb8\u0ccd\u0c95\u0cc2\u0cb2\u0ccd \u0cac\u0ccd\u0caf\u0cbe\u0c97\u0ccd \u0cb9\u0cbe\u0c95\u0cbf\u0c95\u0cca\u0c82\u0ca1\u0cc1\u0c85\u0cb7\u0ccd\u0c9f\u0cc7 \u0cb6\u0cbf\u0cb8\u0ccd\u0ca4\u0cbf\u0ca8\u0cbf\u0c82\u0ca6 \u0ca8\u0ca1\u0cc6\u0ca6\u0cc1 \u0cac\u0cb0\u0cc1\u0ca4\u0ccd\u0ca4\u0cbf\u0ca6\u0ccd\u0ca6\u0cb5\u0cc1. \u0cae\u0cc1\u0c82\u0ca6\u0cc6 \u0c97\u0cc6\u0ca1\u0ccd\u0ca1\u0cc6 \u0ca4\u0cb0\u0c95\u0cbe\u0cb0\u0cbf\u0c97\u0cb3 \u0cb8\u0cbe\u0cb2\u0cc1,\u0cb9\u0cbf\u0c82\u0ca6\u0cc6 \u0cb8\u0cca\u0caa\u0ccd\u0caa\u0cc1 \u0ca4\u0cb0\u0c95\u0cbe\u0cb0\u0cbf\u0c97\u0cb3 \u0cb8\u0cbe\u0cb2\u0cc1, \u0ca8\u0ca1\u0cc1\u0cb5\u0cc6 \u0ca8\u0cae\u0ccd\u0cae \u0cb0\u0cbe\u0c9c\u0cc1 \u0c95\u0cc2\u0ca1\u0cbe \u0cb8\u0cc7\u0cb0\u0cbf\u0c95\u0cca\u0c82\u0ca1\u0ca8\u0cc1.\u2029"}]},{"id":1385,"content":"Now that he was part of the parade himself, Raju's joy knew no bounds. No one he knew had ever gone to school as part of a vegetable parade before!","pageno":10,"image":"22dab82418d41b6d0f27b2e795043b56.jpg","audio":"3ed35bd49fad9a5705c5b183cdad5145.mp3","audio_map":"e8f7874503e88377d09b50be06d73161.json","language":[{"language_id":11,"content":"\u0ba8\u0b9f\u0ba8\u0bcd\u0ba4\u0bc1 \u0ba8\u0b9f\u0ba8\u0bcd\u0ba4\u0bc1, \u0b85\u0ba3\u0bbf\u0bb5\u0b95\u0bc1\u0baa\u0bcd\u0baa\u0bc1 \u0baa\u0bb3\u0bcd\u0bb3\u0bbf\u0b95\u0bcd\u0b95\u0bc2\u0b9f\u0ba4\u0bcd\u0ba4\u0bc8 \u0b85\u0b9f\u0bc8\u0ba8\u0bcd\u0ba4\u0ba4\u0bc1. \u0b8e\u0bb2\u0bcd\u0bb2\u0bbe \u0b95\u0bc1\u0bb4\u0ba8\u0bcd\u0ba4\u0bc8\u0b95\u0bb3\u0bc1\u0bae\u0bcd \u0baa\u0bb3\u0bcd\u0bb3\u0bbf\u0baf\u0bbf\u0ba9\u0bcd \u0bb5\u0bbe\u0b9a\u0bb2\u0bbf\u0bb2\u0bcd \u0ba8\u0bbf\u0ba9\u0bcd\u0bb1\u0bc1 \u0b95\u0bca\u0ba3\u0bcd\u0b9f\u0bc1 \u0b87\u0ba8\u0bcd\u0ba4 \u0bb5\u0bbf\u0ba9\u0bcb\u0ba4\u0bae\u0bbe\u0ba9 \u0b8a\u0bb0\u0bcd\u0bb5\u0bb2\u0ba4\u0bcd\u0ba4\u0bc8\u0baa\u0bcd \u0baa\u0bbe\u0bb0\u0bcd\u0ba4\u0bcd\u0ba4\u0ba9\u0bb0\u0bcd. \u0baa\u0bbe\u0bb0\u0bcd\u0ba4\u0bcd\u0ba4\u0bb5\u0bb0\u0bcd\u0b95\u0bb3\u0bbf\u0ba9\u0bcd \u0bb5\u0bbe\u0baf\u0bcd\u0b95\u0bb3\u0bcd \u0bb5\u0bbf\u0baf\u0baa\u0bcd\u0baa\u0bbe\u0bb2\u0bcd \u0baa\u0bbf\u0bb3\u0ba8\u0bcd\u0ba4\u0ba9, \u0b95\u0ba3\u0bcd\u0b95\u0bb3\u0bcd \u0b86\u0b9a\u0bcd\u0b9a\u0bb0\u0bbf\u0baf\u0ba4\u0bcd\u0ba4\u0bbe\u0bb2\u0bcd \u0baa\u0bc6\u0bb0\u0bbf\u0ba4\u0bbe\u0b95\u0bbf\u0ba9."},{"language_id":12,"content":"\u0c06 \u0c15\u0c42\u0c30\u0c17\u0c3e\u0c2f\u0c32 \u0c17\u0c41\u0c02\u0c2a\u0c41\u0c24\u0c4b \u0c1a\u0c47\u0c30\u0c3f \u0c28\u0c21\u0c35\u0c21\u0c02, \u0c30\u0c3e\u0c1c\u0c41\u0c15\u0c41 \u0c1a\u0c3e\u0c32\u0c3e \u0c38\u0c02\u0c24\u0c4b\u0c37\u0c02 \u0c35\u0c47\u0c38\u0c3f\u0c02\u0c26\u0c3f. \u0c24\u0c28\u0c15\u0c41 \u0c24\u0c46\u0c32\u0c3f\u0c38\u0c3f\u0c28 \u0c35\u0c3e\u0c33\u0c4d\u0c33\u0c46\u0c35\u0c4d\u0c35\u0c30\u0c42 \u0c07\u0c2a\u0c4d\u0c2a\u0c1f\u0c3f\u0c35\u0c30\u0c15\u0c41, \u0c15\u0c42\u0c30\u0c17\u0c3e\u0c2f\u0c32 \u0c2c\u0c43\u0c02\u0c26\u0c02\u0c24\u0c4b \u0c15\u0c32\u0c3f\u0c38\u0c3f \u0c28\u0c21\u0c35\u0c32\u0c47\u0c26\u0c41!"},{"language_id":8,"content":"\u092a\u093e\u0939\u0924\u094b \u0924\u0930 \u0915\u093e\u092f! \u0928\u093f\u0930\u0928\u093f\u0930\u093e\u0933\u094d\u092f\u093e \u0939\u093f\u0930\u0935\u094d\u092f\u093e \u092d\u093e\u091c\u094d\u092f\u093e. \u0924\u094d\u092f\u093e\u0938\u0941\u0926\u094d\u0927\u093e \u092a\u093e\u0920\u0940\u0932\u093e \u092c\u0945\u0917 \u0932\u093e\u0935\u0942\u0928 \u092f\u0947\u0924 \u0939\u094b\u0924\u094d\u092f\u093e. \u090f\u0915\u093e \u0930\u093e\u0902\u0917\u0947\u0924 \u0936\u093f\u0938\u094d\u0924\u0940\u0924 \u091a\u093e\u0932\u0932\u094d\u092f\u093e \u0939\u094b\u0924\u094d\u092f\u093e. \u092e\u0941\u0933\u093e \u092d\u093e\u091c\u0940 \u092a\u0941\u0922\u0947, \u0924\u094d\u092f\u093e\u092e\u093e\u0917\u0947 \u0939\u093f\u0930\u0935\u094d\u092f\u093e \u092d\u093e\u091c\u094d\u092f\u093e \u0906\u0923\u093f \u092e\u0927\u094d\u092f\u0947 \u0930\u093e\u091c\u0942 \u0905\u0936\u0940 \u0935\u0930\u093e\u0924 \u0926\u093f\u092e\u093e\u0916\u093e\u0924 \u0928\u093f\u0918\u093e\u0932\u0940.\u2029"},{"language_id":1,"content":"\u098f\u0987 \u09b8\u09ae\u09a6\u09b2\u09f0 \u0985\u0982\u09b6\u09c0\u09a6\u09be\u09f0 \u09b9\u2019\u09ac\u09b2\u09c8 \u09aa\u09be\u0987 \u09f0\u09be\u099c\u09c1\u09f0 \u0986\u09a8\u09a8\u09cd\u09a6\u09f0 \u09b8\u09c0\u09ae\u09be \u09a8\u09be\u0987\u0964 \u09b8\u09bf \u0986\u0997\u09a4\u09c7 \u0995\u09be\u0995\u09cb \u098f\u09a8\u09c7\u09a6\u09f0\u09c7 \u09aa\u09be\u099a\u09b2\u09bf\u09f0 \u09b8\u09ae\u09a6\u09b2\u09f0 \u09b2\u0997\u09a4 \u09aa\u09dd\u09be\u09b6\u09be\u09b2\u09bf\u09b2\u09c8 \u09af\u09cb\u09f1\u09be \u09a6\u09c7\u0996\u09be \u09a8\u09be\u0987\u0964\u2029"},{"language_id":7,"content":"\u0c85\u0cb5\u0ca8 \u0c96\u0cc1\u0cb7\u0cbf\u0c97\u0cc6 \u0c88\u0c97 \u0cae\u0cbf\u0ca4\u0cbf\u0caf\u0cc7 \u0c87\u0cb0\u0cb2\u0cbf\u0cb2\u0ccd\u0cb2. \u0c85\u0cb5\u0cc1\u0c97\u0cb3 \u0c9c\u0cca\u0ca4\u0cc6\u0c97\u0cc6 \u0cb6\u0cbe\u0cb2\u0cc6\u0c97\u0cc6 \u0cb9\u0cca\u0cb0\u0c9f\u0ca8\u0cc1.\u2029"}]},{"id":1386,"content":"By the by, the parade reached the school. All the children came to the door to watch the strange procession. Their mouths fell open at the sight. Their eyes were round with astonishment.","pageno":11,"image":"9876e56a1ef658dbcc58e2c3aa463100.jpg","audio":"acffd969090a09c889a1465ff1483ccd.mp3","audio_map":"b47bd48d1b42fc4d6aeee36b746057d3.json","language":[{"language_id":11,"content":"\u0bb0\u0bbe\u0b9c\u0bc1\u0bb5\u0bbf\u0ba9\u0bcd \u0b86\u0b9a\u0bbf\u0bb0\u0bbf\u0baf\u0bc8 \u0b8e\u0bb2\u0bcd\u0bb2\u0bcb\u0bb0\u0bc8\u0baf\u0bc1\u0bae\u0bcd \u0bae\u0bc1\u0ba9\u0bcd\u0bb5\u0ba8\u0bcd\u0ba4\u0bc1 \u0bb5\u0bb0\u0bb5\u0bc7\u0bb1\u0bcd\u0bb1\u0bbe\u0bb0\u0bcd. \u0bb0\u0bbe\u0b9c\u0bc1\u0bb5\u0bbf\u0ba9\u0bcd \u0bae\u0bc1\u0ba4\u0bc1\u0b95\u0bbf\u0bb2\u0bcd \u0ba4\u0b9f\u0bcd\u0b9f\u0bbf\u0b95\u0bcd \u0b95\u0bca\u0b9f\u0bc1\u0ba4\u0bcd\u0ba4\u0bc1, \u201c\u0ba8\u0bb2\u0bcd\u0bb2 \u0baa\u0bc8\u0baf\u0ba9\u0bcd\u201d \u0b8e\u0ba9\u0bcd\u0bb1\u0bbe\u0bb0\u0bcd. \u0bb0\u0bbe\u0b9c\u0bc1\u0bb5\u0bc1\u0b95\u0bcd\u0b95\u0bcb \u0bae\u0bbf\u0b95\u0bc1\u0ba8\u0bcd\u0ba4 \u0b86\u0ba9\u0ba8\u0bcd\u0ba4\u0bae\u0bcd. \u201c\u0bb0\u0bca\u0bae\u0bcd\u0baa \u0ba8\u0ba9\u0bcd\u0bb1\u0bbf \u0b9f\u0bc0\u0b9a\u0bcd\u0b9a\u0bb0\u0bcd!\u201d \u0b8e\u0ba9\u0bcd\u0bb1\u0bbe\u0ba9\u0bcd \u0b9a\u0ba8\u0bcd\u0ba4\u0bcb\u0bb7\u0ba4\u0bcd\u0ba4\u0bc1\u0b9f\u0ba9\u0bcd. \u0bae\u0bb1\u0bcd\u0bb1 \u0b95\u0bc1\u0bb4\u0ba8\u0bcd\u0ba4\u0bc8\u0b95\u0bb3\u0bcd \u0b95\u0bc8 \u0ba4\u0b9f\u0bcd\u0b9f\u0bbf \u0b86\u0bb0\u0bb5\u0bbe\u0bb0\u0bae\u0bcd \u0b9a\u0bc6\u0baf\u0bcd\u0ba4\u0ba9\u0bb0\u0bcd."},{"language_id":12,"content":"\u0c2e\u0c46\u0c32\u0c4d\u0c32\u0c2e\u0c46\u0c32\u0c4d\u0c32\u0c17\u0c3e \u0c06 \u0c2c\u0c43\u0c02\u0c26\u0c02 \u0c2c\u0c21\u0c3f\u0c15\u0c3f \u0c1a\u0c47\u0c30\u0c3f\u0c02\u0c26\u0c3f. \u0c08 \u0c35\u0c3f\u0c02\u0c24 \u0c0a\u0c30\u0c47\u0c17\u0c3f\u0c02\u0c2a\u0c41\u0c28\u0c41 \u0c1a\u0c42\u0c21\u0c1f\u0c3e\u0c28\u0c3f\u0c15\u0c3f \u0c2a\u0c3f\u0c32\u0c4d\u0c32\u0c32\u0c02\u0c26\u0c30\u0c42 \u0c24\u0c32\u0c41\u0c2a\u0c41 \u0c26\u0c17\u0c4d\u0c17\u0c30 \u0c28\u0c3f\u0c32\u0c2c\u0c21\u0c4d\u0c21\u0c3e\u0c30\u0c41. \u0c06\u0c36\u0c4d\u0c1a\u0c30\u0c4d\u0c2f\u0c02\u0c24\u0c4b \u0c35\u0c3e\u0c30\u0c3f \u0c28\u0c4b\u0c33\u0c4d\u0c33\u0c41 \u0c24\u0c46\u0c30\u0c41\u0c1a\u0c41\u0c15\u0c41\u0c28\u0c4d\u0c28\u0c3e\u0c2f\u0c3f. \u0c15\u0c33\u0c4d\u0c33\u0c41 \u0c2a\u0c46\u0c26\u0c4d\u0c26\u0c17\u0c3e, \u0c17\u0c41\u0c02\u0c21\u0c4d\u0c30\u0c02\u0c17\u0c3e \u0c05\u0c2f\u0c4d\u0c2f\u0c3e\u0c2f\u0c3f...."},{"language_id":8,"content":"\u0930\u093e\u091c\u0942\u091a\u093e \u0906\u0928\u0902\u0926 \u0917\u0917\u0928\u093e\u0924 \u092e\u093e\u0935\u0947\u0928\u093e. \u0936\u093e\u0933\u0947\u0924 \u0915\u0927\u0940 \u091c\u093e\u0924\u094b \u0905\u0938\u0947 \u0924\u094d\u092f\u093e\u0932\u093e \u091d\u093e\u0932\u0947. \u090f\u0915\u0926\u093e\u091a\u0947 \u0938\u0917\u0933\u0947 \u0936\u093e\u0933\u0947\u0924 \u092a\u094b\u0939\u094b\u091a\u0932\u0947. \u0936\u093e\u0933\u0947\u0924\u0940\u0932 \u0907\u0924\u0930 \u092e\u0941\u0932\u0947 \u0906\u0936\u094d\u200d\u091a\u0930\u094d\u092f\u093e\u0928\u0947 \u092c\u0918\u0924\u091a \u092c\u0938\u0932\u0940. \u0930\u093e\u091c\u0942 \u0906\u0923\u093f \u092d\u093e\u091c\u094d\u092f\u093e!\u2029"},{"language_id":1,"content":"\u09b2\u09be\u09b9\u09c7 \u09b2\u09be\u09b9\u09c7 \u09b8\u09ae\u09a6\u09b2\u099f\u09cb \u09aa\u09dd\u09be\u09b6\u09be\u09b2\u09bf \u09aa\u09be\u09b2\u09c7\u0997\u09c8\u0964\u098f\u0987 \u0986\u099a\u09f0\u09bf\u09a4 \u09a7\u09f0\u09a3\u09f0 \u09a6\u09b2\u099f\u09cb \u099a\u09be\u09ac\u09b2\u09c8 \u09b8\u0995\u09b2\u09cb \u09b2\u2019\u09f0\u09be \u099b\u09cb\u09f1\u09be\u09b2\u09c0 \u09aa\u09dd\u09be\u09b6\u09be\u09b2\u09bf\u09f0 \u09a6\u09c1\u09f1\u09be\u09f0 \u09ae\u09c1\u0996 \u09aa\u09be\u09b2\u09c7\u09b9\u09bf\u0964 \u09b8\u09bf\u09b9\u0981\u09a4\u09c7 \u09ae\u09c1\u0996 \u09ae\u09c7\u09b2\u09bf \u099a\u09be\u0987 \u09f0\u2019\u09b2 \u0964 \u09b8\u09bf\u09b9\u0981\u09a4\u09c7 \u0985\u09ac\u09be\u0995 \u09b9\u09c8 \u099a\u0995\u09c1 \u09ae\u09c7\u09b2\u09bf \u099a\u09be\u0987 \u09a5\u09be\u0995\u09bf\u09b2\u0964\u2029"},{"language_id":7,"content":"\u0cb6\u0cbe\u0cb2\u0cc6 \u0ca4\u0cb2\u0cc1\u0caa\u0cc1\u0ca4\u0ccd\u0ca4\u0cbf\u0ca6\u0ccd\u0ca6\u0c82\u0ca4\u0cc6 \u0c85\u0cb2\u0ccd\u0cb2\u0cbf\u0ca6\u0ccd\u0ca6 \u0c8e\u0cb2\u0ccd\u0cb2\u0cb0\u0cc2, \u0ca4\u0cb0\u0c95\u0cbe\u0cb0\u0cbf\u0c97\u0cb3 \u0c9c\u0cca\u0ca4\u0cc6\u0c97\u0cc6 \u0cac\u0c82\u0ca6 \u0cb0\u0cbe\u0c9c\u0cc1\u0cb5\u0ca8\u0ccd\u0ca8\u0cc7 \u0c95\u0ca3\u0ccd\u0ca3\u0cc1 \u0c85\u0cb0\u0cb3\u0cbf\u0cb8\u0cbf\u0c95\u0cca\u0c82\u0ca1\u0cc1 \u0ca8\u0ccb\u0ca1 \u0ca4\u0cca\u0ca1\u0c97\u0cbf\u0ca6\u0cb0\u0cc1.\u2029"}]},{"id":1387,"content":"Raju\u2019s teacher came forward to welcome them. \u201cGood boy!\u201d she said, patting Raju on the back. Raju was delighted. \u201cThank you, teacher,\u201d he said happily. The other children clapped and cheered. The teacher left but someone continued to pat him, and quite hard too.","pageno":12,"image":"9a1dd85e1507fc26c93ebc55d0d2f642.jpg","audio":"e2d49b4243297b2e84f82ff6f34741a3.mp3","audio_map":"606bbf71c425ec25478aa453788be2e3.json","language":[{"language_id":11,"content":"\u0ba4\u0b9f\u0bcd\u0b9f\u0bbf\u0b95\u0bcd\u0b95\u0bca\u0b9f\u0bc1\u0ba4\u0bcd\u0ba4 \u0b86\u0b9a\u0bbf\u0bb0\u0bbf\u0baf\u0bc8 \u0b9a\u0bc6\u0ba9\u0bcd\u0bb1 \u0baa\u0bbf\u0ba9\u0bcd\u0ba9\u0bc1\u0bae\u0bcd, \u0baf\u0bbe\u0bb0\u0bcb \u0bae\u0bc1\u0ba4\u0bc1\u0b95\u0bbf\u0bb2\u0bcd \u0baa\u0bb2\u0bae\u0bbe\u0b95\u0ba4\u0bcd \u0ba4\u0b9f\u0bcd\u0b9f, \u0bb0\u0bbe\u0b9c\u0bc1 \u0bb5\u0bbf\u0bb4\u0bbf\u0ba4\u0bcd\u0ba4\u0bc1\u0b95\u0bcd \u0b95\u0bca\u0ba3\u0bcd\u0b9f\u0bbe\u0ba9\u0bcd. \u0b85\u0bb5\u0ba9\u0bc1\u0b9f\u0bc8\u0baf \u0ba4\u0bbe\u0baf\u0bcd \u0b85\u0bb5\u0ba9\u0bc8 \u0b89\u0bb2\u0bc1\u0b95\u0bcd\u0b95\u0bbf \u0b8e\u0bb4\u0bc1\u0baa\u0bcd\u0baa\u0bbf\u0b95\u0bcd \u0b95\u0bca\u0ba3\u0bcd\u0b9f\u0bbf\u0bb0\u0bc1\u0ba8\u0bcd\u0ba4\u0bbe\u0bb0\u0bcd. \u201c\u0b8e\u0bb4\u0bc1\u0ba8\u0bcd\u0ba4\u0bbf\u0bb0\u0bc1 \u0bb0\u0bbe\u0b9c\u0bc1 \u0b9a\u0bc0\u0b95\u0bcd\u0b95\u0bbf\u0bb0\u0bae\u0bcd! \u0baa\u0bb3\u0bcd\u0bb3\u0bbf\u0b95\u0bcd\u0b95\u0bc1 \u0ba4\u0bbe\u0bae\u0ba4\u0bae\u0bbe\u0b95\u0ba4\u0bcd\u0ba4\u0bbe\u0ba9\u0bcd \u0b9a\u0bc6\u0bb2\u0bcd\u0bb2\u0baa\u0bcd \u0baa\u0bcb\u0b95\u0bbf\u0bb1\u0bbe\u0baf\u0bcd \u0ba8\u0bc0!\u201d \u0b8e\u0ba9\u0bcd\u0bb1\u0bc1 \u0b9a\u0bca\u0ba9\u0bcd\u0ba9\u0bbe\u0bb0\u0bcd."},{"language_id":12,"content":"\u0c35\u0c3e\u0c30\u0c3f\u0c15\u0c3f \u0c38\u0c4d\u0c35\u0c3e\u0c17\u0c24\u0c02 \u0c1a\u0c46\u0c2a\u0c4d\u0c2a\u0c1f\u0c3e\u0c28\u0c3f\u0c15\u0c3f \u0c30\u0c3e\u0c1c\u0c41 \u0c35\u0c3e\u0c33\u0c4d\u0c33 \u0c1f\u0c40\u0c1a\u0c30\u0c4d \u0c2e\u0c41\u0c02\u0c26\u0c41\u0c15\u0c4a\u0c1a\u0c4d\u0c1a\u0c3e\u0c30\u0c41. \"\u0c2e\u0c02\u0c1a\u0c3f \u0c2a\u0c3f\u0c32\u0c4d\u0c32\u0c3e\u0c21\u0c41!\" \u0c05\u0c02\u0c1f\u0c42 \u0c30\u0c3e\u0c1c\u0c41 \u0c35\u0c40\u0c2a\u0c41\u0c28\u0c3f \u0c24\u0c1f\u0c4d\u0c1f\u0c3f\u0c02\u0c26\u0c3f \u0c06\u0c2e\u0c46. \u0c30\u0c3e\u0c1c\u0c41 \u0c06\u0c28\u0c02\u0c26\u0c2a\u0c21\u0c4d\u0c21\u0c3e\u0c21\u0c41. \"\u0c25\u0c3e\u0c02\u0c15\u0c4d\u0c2f\u0c42 \u0c1f\u0c40\u0c1a\u0c30\u0c4d,\" \u0c05\u0c28\u0c4d\u0c28\u0c3e\u0c21\u0c41 \u0c38\u0c02\u0c24\u0c4b\u0c37\u0c02\u0c17\u0c3e. \u0c39\u0c30\u0c4d\u0c37\u0c27\u0c4d\u0c35\u0c3e\u0c28\u0c3e\u0c32\u0c41 \u0c1a\u0c47\u0c38\u0c4d\u0c24\u0c42 \u0c2e\u0c3f\u0c17\u0c24\u0c3e \u0c2a\u0c3f\u0c32\u0c4d\u0c32\u0c32\u0c41 \u0c1a\u0c2a\u0c4d\u0c2a\u0c1f\u0c4d\u0c32\u0c41 \u0c15\u0c4a\u0c1f\u0c4d\u0c1f\u0c3e\u0c30\u0c41."},{"language_id":8,"content":"\u0930\u093e\u091c\u0942\u091a\u094d\u092f\u093e \u092c\u093e\u0908 \u0935\u0930\u094d\u0917\u093e\u092c\u093e\u0939\u0947\u0930 \u0906\u0932\u094d\u092f\u093e. \u0924\u094d\u092f\u093e\u0902\u0928\u093e \u0916\u0942\u092a \u0917\u0902\u092e\u0924 \u0935\u093e\u091f\u0932\u0940.\u2029 \u0924\u094d\u092f\u093e\u0902\u0928\u0940 \u0930\u093e\u091c\u0942\u0932\u093e \u092a\u093e\u0920 \u0925\u094b\u092a\u091f\u0942\u0928 \u0936\u093e\u092c\u093e\u0938\u0915\u0940 \u0926\u093f\u0932\u0940.\u2029 \u0906\u0923\u093f \u092e\u094d\u0939\u0923\u093e\u0932\u094d\u092f\u093e, \u201c\u0936\u093e\u092c\u094d\u092c\u093e\u0938 \u0930\u093e\u091c\u0942\u201d \u0930\u093e\u091c\u0942\u0932\u093e \u090f\u0915\u0926\u092e \u092d\u0930\u0942\u0928 \u0906\u0932\u0947.\u2029 \u0924\u094b \u092e\u094d\u0939\u0923\u093e\u0932\u093e, \u201c\u0927\u0928\u094d\u092f\u0935\u093e\u0926.\u201d \u0938\u0917\u0933\u0940 \u092e\u0941\u0932\u0947 \u0930\u093e\u091c\u0942\u0915\u0921\u0947 \u0915\u094c\u0924\u0941\u0915\u093e\u0928\u0947 \u092a\u093e\u0939\u0942 \u0932\u093e\u0917\u0932\u0940.\u2029"},{"language_id":1,"content":"\u09f0\u09be\u099c\u09c1\u09f0 \u09b6\u09bf\u0995\u09cd\u09b7\u09df\u09a4\u09cd\u09b0\u09c0 \u0997\u09f0\u09be\u0995\u09c0 \u0986\u0997\u09ac\u09be\u09dd\u09bf \u0986\u09b9\u09bf \u09a4\u09c7\u0981\u0993\u09b2\u09cb\u0995\u0995 \u0986\u09a6\u09f0\u09a3\u09bf \u099c\u09a8\u09be\u09b2\u09c7\u0964 \u201c\u09ac\u09c7\u099a \u09ad\u09be\u09b2 \u09b2\u2019\u09f0\u09be!\u201d \u09f0\u09be\u099c\u09c1\u09f0 \u09aa\u09bf\u09a0\u09bf\u09a4 \u09a5\u09aa\u09f0\u09bf\u09df\u09be\u0987 \u09a4\u09c7\u0981\u0993 \u0995\u2019\u09b2\u09c7\u0964 \u09f0\u09be\u099c\u09c1\u09f1\u09c7 \u0989\u09ce\u09b8\u09be\u09b9 \u09aa\u09be\u09b2\u09c7\u0964 \u2018\u09a7\u09a8\u09cd\u09af\u09ac\u09be\u09a6 \u09ac\u09be\u0987\u09a6\u09c7\u0989\u2019, \u09b8\u09bf \u0986\u09a8\u09a8\u09cd\u09a6\u09c7\u09f0\u09c7 \u0995\u2019\u09b2\u09c7\u0964 \u0986\u09f0\u09c1 \u09b8\u09f0\u09c1 \u09b2\u2019\u09f0\u09be \u099b\u09cb\u09f1\u09be\u09b2\u09c0 \u09ac\u09cb\u09f0\u09c7\u0993 \u0989\u09b2\u09cd\u09b2\u09be\u09b8\u09c7\u09f0\u09c7 \u09b9\u09be\u09a4\u099a\u09be\u09aa\u09f0\u09bf \u09ae\u09be\u09f0\u09bf\u09b2\u09c7\u0964\u2029"},{"language_id":7,"content":"\u0c9f\u0cc0\u0c9a\u0cb0\u0ccd \u0cac\u0c82\u0ca6\u0cc1 \u0c96\u0cc1\u0cb7\u0cbf\u0caf\u0cbf\u0c82\u0ca6, \"\u0c97\u0cc1\u0ca1\u0ccd \u0cac\u0cbe\u0caf\u0ccd\" \u0c8e\u0c82\u0ca6\u0cc1 \u0cac\u0cc6\u0ca8\u0ccd\u0ca8\u0cc1 \u0ca4\u0c9f\u0ccd\u0c9f \u0ca4\u0cca\u0ca1\u0c97\u0cbf\u0ca6\u0cb0\u0cc1. \u0cb0\u0cbe\u0c9c\u0cc1\u0cb5\u0cbf\u0c97\u0cc6 \u0cac\u0cb9\u0cb3 \u0cb8\u0c82\u0cad\u0ccd\u0cb0\u0cae\u0cb5\u0cbe\u0caf\u0cbf\u0ca4\u0cc1. \"\u0ca5\u0ccd\u0caf\u0cbe\u0c82\u0c95\u0ccd\u0caf\u0cc2 \u0c9f\u0cc0\u0c9a\u0cb0\u0ccd\" \u0c8e\u0c82\u0ca6\u0cc1 \u0ca8\u0c95\u0ccd\u0c95. \u0c89\u0cb3\u0cbf\u0ca6 \u0cae\u0c95\u0ccd\u0c95\u0cb3\u0cc6\u0cb2\u0ccd\u0cb2\u0cbe \u0cb8\u0c82\u0ca4\u0ccb\u0cb7\u0ca6\u0cbf\u0c82\u0ca6 \u0ca8\u0ccb\u0ca1\u0cc1\u0ca4\u0ccd\u0ca4\u0cbf\u0ca6\u0ccd\u0ca6\u0cb0\u0cc1.\u2029"}]},{"id":1388,"content":"Raju opened his eyes. His mother was shaking him awake, saying, \u201cWake up, Raju! You\u2019re going to be late for school.\u201d Raju was fully awake now. \u201cI\u2019ve been dreaming,\u201d he said to himself. \u201cWhat a strange dream I\u2019ve had!\u201d Raju got out of bed, smiling to himself. He would have to hurry if he wanted to get to school on time.","pageno":13,"image":"aa8acc8b92641eedda17485290c3de9c.jpg","audio":"d7a6dd8ad81e01dbcc78e725338a5ae7.mp3","audio_map":"c80f3c56eb525bbb925654c83b2c8a49.json","language":[{"language_id":11,"content":"\u0bb0\u0bbe\u0b9c\u0bc1 \u0b87\u0baa\u0bcd\u0baa\u0bca\u0bb4\u0bc1\u0ba4\u0bc1 \u0bae\u0bc1\u0bb4\u0bc1\u0bb5\u0ba4\u0bc1\u0bae\u0bbe\u0b95 \u0bb5\u0bbf\u0bb4\u0bbf\u0ba4\u0bcd\u0ba4\u0bc1\u0b95\u0bcd \u0b95\u0bca\u0ba3\u0bcd\u0b9f\u0bbe\u0ba9\u0bcd. \u2018\u0b95\u0ba9\u0bb5\u0bbe \u0b85\u0ba4\u0bc1?\u2019 \u0b8e\u0ba9\u0bcd\u0bb1\u0bc1 \u0ba4\u0ba9\u0b95\u0bcd\u0b95\u0bc1\u0bb3\u0bcd\u0bb3\u0bc7 \u0b9a\u0bca\u0bb2\u0bcd\u0bb2\u0bbf\u0b95\u0bcd \u0b95\u0bca\u0ba3\u0bcd\u0b9f\u0bbe\u0ba9\u0bcd. \u2018\u0b8e\u0ba9\u0bcd\u0ba9 \u0bb5\u0bbf\u0ba9\u0bcb\u0ba4\u0bae\u0bbe\u0ba9 \u0b95\u0ba9\u0bb5\u0bc1 \u0b8e\u0ba9\u0b95\u0bcd\u0b95\u0bc1\u2019 \u0b8e\u0ba9 \u0ba4\u0ba9\u0b95\u0bcd\u0b95\u0bc1\u0bb3\u0bcd \u0b9a\u0bbf\u0bb0\u0bbf\u0ba4\u0bcd\u0ba4\u0bc1\u0b95\u0bcd \u0b95\u0bca\u0ba3\u0bcd\u0b9f\u0bc7, \u0baa\u0b9f\u0bc1\u0b95\u0bcd\u0b95\u0bc8\u0baf\u0bc8 \u0bb5\u0bbf\u0b9f\u0bcd\u0b9f\u0bc1 \u0b8e\u0bb4\u0bc1\u0ba8\u0bcd\u0ba4\u0bbe\u0ba9\u0bcd. \u0baa\u0bb3\u0bcd\u0bb3\u0bbf\u0b95\u0bcd\u0b95\u0bc1 \u0b9a\u0bb0\u0bbf\u0baf\u0bbe\u0ba9 \u0ba8\u0bc7\u0bb0\u0ba4\u0bcd\u0ba4\u0bbf\u0bb2\u0bcd \u0b9a\u0bc6\u0bb2\u0bcd\u0bb2 \u0bb5\u0bc7\u0ba3\u0bcd\u0b9f\u0bc1\u0bae\u0bc6\u0ba9\u0bcd\u0bb1\u0bc1, \u0b85\u0bb5\u0ba9\u0bcd\u0bb5\u0bbf\u0bb0\u0bc8\u0bb5\u0bbe\u0b95\u0b9a\u0bcd \u0b9a\u0bc6\u0baf\u0bb2\u0bcd\u0baa\u0b9f\u0bcd\u0b9f\u0bbe\u0ba9\u0bcd."},{"language_id":12,"content":"\u0c1f\u0c40\u0c1a\u0c30\u0c4d \u0c35\u0c46\u0c33\u0c4d\u0c33\u0c3f\u0c2a\u0c4b\u0c2f\u0c3f\u0c28\u0c3e, \u0c2e\u0c30\u0c46\u0c35\u0c30\u0c4b \u0c35\u0c40\u0c2a\u0c41\u0c2e\u0c40\u0c26 \u0c17\u0c1f\u0c4d\u0c1f\u0c3f\u0c17\u0c3e \u0c24\u0c1f\u0c4d\u0c1f\u0c41\u0c24\u0c41\u0c02\u0c21\u0c1f\u0c02\u0c24\u0c4b, \u0c15\u0c33\u0c4d\u0c33\u0c41\u0c24\u0c46\u0c30\u0c3f\u0c1a\u0c3f \u0c1a\u0c42\u0c36\u0c3e\u0c21\u0c41 \u0c30\u0c3e\u0c1c\u0c41. \"\u0c28\u0c3f\u0c26\u0c4d\u0c30 \u0c32\u0c47\u0c30\u0c3e\u0c1c\u0c42, \u0c2c\u0c21\u0c3f\u0c15\u0c3f \u0c06\u0c32\u0c38\u0c4d\u0c2f\u0c02 \u0c05\u0c35\u0c41\u0c24\u0c41\u0c02\u0c26\u0c3f,\" \u0c05\u0c02\u0c1f\u0c42 \u0c30\u0c3e\u0c1c\u0c41\u0c28\u0c41 \u0c35\u0c3e\u0c33\u0c4d\u0c33 \u0c05\u0c2e\u0c4d\u0c2e \u0c28\u0c3f\u0c26\u0c4d\u0c30 \u0c32\u0c47\u0c2a\u0c41\u0c24\u0c4b\u0c02\u0c26\u0c3f.\r\n  \u0c30\u0c3e\u0c1c\u0c41\u0c15\u0c41 \u0c2a\u0c42\u0c30\u0c4d\u0c24\u0c3f\u0c17\u0c3e \u0c2e\u0c46\u0c32\u0c15\u0c41\u0c35 \u0c35\u0c1a\u0c4d\u0c1a\u0c3f\u0c02\u0c26\u0c3f. \"\u0c28\u0c47\u0c28\u0c41 \u0c07\u0c02\u0c24\u0c38\u0c47\u0c2a\u0c42 \u0c15\u0c32 \u0c15\u0c28\u0c4d\u0c28\u0c3e\u0c28\u0c3e?\" \u0c24\u0c28\u0c32\u0c4b \u0c24\u0c3e\u0c28\u0c41 \u0c05\u0c28\u0c41\u0c15\u0c41\u0c28\u0c4d\u0c28\u0c3e\u0c21\u0c41. \u0c1a\u0c3f\u0c30\u0c41\u0c28\u0c35\u0c4d\u0c35\u0c41 \u0c28\u0c35\u0c4d\u0c35\u0c41\u0c24\u0c42, \"\u0c0e\u0c32\u0c3e\u0c02\u0c1f\u0c3f \u0c35\u0c3f\u0c02\u0c24\u0c48\u0c28 \u0c15\u0c32 \u0c35\u0c1a\u0c4d\u0c1a\u0c3f\u0c02\u0c26\u0c3f \u0c28\u0c3e\u0c15\u0c41!\" \u0c05\u0c28\u0c41\u0c15\u0c41\u0c02\u0c1f\u0c42 \u0c2e\u0c02\u0c1a\u0c02 \u0c2e\u0c40\u0c26\u0c28\u0c41\u0c02\u0c1a\u0c3f \u0c32\u0c47\u0c1a\u0c3e\u0c21\u0c41. \u0c38\u0c2e\u0c2f\u0c3e\u0c28\u0c3f\u0c15\u0c3f \u0c2c\u0c21\u0c3f\u0c15\u0c3f \u0c35\u0c46\u0c33\u0c4d\u0c33\u0c3e\u0c32\u0c02\u0c1f\u0c47, \u0c15\u0c3e\u0c38\u0c4d\u0c24 \u0c24\u0c4d\u0c35\u0c30\u0c17\u0c3e \u0c24\u0c2f\u0c3e\u0c30\u0c41\u0c15\u0c3e\u0c35\u0c3e\u0c32\u0c3f \u0c05\u0c28\u0c41\u0c15\u0c41\u0c28\u0c4d\u0c28\u0c3e\u0c21\u0c41."},{"language_id":8,"content":"\u0928\u0902\u0924\u0930 \u0930\u093e\u091c\u0942\u091a\u094d\u092f\u093e \u0932\u0915\u094d\u0937\u093e\u0924 \u0906\u0932\u0947 \u0915\u0940 \u0906\u092a\u0932\u094d\u092f\u093e \u092a\u093e\u0920\u0940\u0935\u0930 \u0915\u094b\u0923\u0940\u0924\u0930\u0940 \u091c\u094b\u0930\u093e\u0924 \u0925\u094b\u092a\u091f\u0924\u0947 \u0906\u0939\u0947. \u0924\u094d\u092f\u093e\u0928\u0947 \u0921\u094b\u0933\u0947 \u0909\u0918\u0921\u0932\u0947. \u0924\u094d\u092f\u093e\u0932\u093e \u0906\u0908\u091a\u093e \u0906\u0935\u093e\u091c \u0910\u0915\u0942 \u0906\u0932\u093e. \u201c\u0930\u093e\u091c\u0942 \u090a\u0920, \u0936\u093e\u0933\u0947\u0932\u093e \u0909\u0936\u0940\u0930 \u0939\u094b\u0924\u094b \u0906\u0939\u0947.\u201d \u0924\u0940 \u0924\u094d\u092f\u093e\u091a\u094d\u092f\u093e \u092a\u093e\u0920\u0940\u0935\u0930 \u0925\u094b\u092a\u091f\u0924 \u0939\u094b\u0924\u0940. \u201c\u0905\u0930\u0947\u091a\u094d\u092f\u093e ! \u0938\u094d\u0935\u092a\u094d\u0928 \u092a\u0921\u0932\u0947 \u0939\u094b\u0924\u0947 \u0924\u0930 !\u201d \u0930\u093e\u091c\u0942\u091a\u094d\u092f\u093e \u0932\u0915\u094d\u0937\u093e\u0924 \u0906\u0932\u0947. \u0924\u094b \u0916\u0942\u092a \u0906\u0928\u0902\u0926\u093e\u0924 \u0939\u094b\u0924\u093e.\u2029"},{"language_id":1,"content":"\u09b6\u09bf\u0995\u09cd\u09b7\u09df\u09a4\u09cd\u09b0\u09c0 \u0997\u2019\u09b2 \u0995\u09bf\u09a8\u09cd\u09a4\u09c1 \u0995\u09cb\u09a8\u09cb\u09ac\u09be\u0987 \u09af\u09c7\u09a8 \u09a4\u09be\u0995  \u09a5\u09aa\u09f0\u09bf\u09df\u09be\u0987 \u0986\u099b\u09bf\u09b2\u0964 \u0985\u09a4 \u09a4\u09a4 \u099c\u09cb\u09f0\u09f0\u09c7\u0964 \u09f0\u09be\u099c\u09c1\u09f1\u09c7 \u099a\u0995\u09c1 \u09ae\u09c7\u09b2\u09bf\u09b2\u09c7\u0964\u09a4\u09be\u09f0 \u09ae\u09be\u0995\u09c7 \u09a4\u09be\u0995 \u09a2\u0995\u09bf\u09df\u09be\u0987 \u099c\u0997\u09be\u0987 \u0986\u099b\u09bf\u09b2, \u201c\u0989\u09a0\u09be \u09f0\u09be\u099c\u09c1, \u09a4\u09cb\u09ae\u09be\u09f0 \u09aa\u09dd\u09be\u09b6\u09be\u09b2\u09bf\u09b2\u09c8 \u09af\u09cb\u09f1\u09be \u09a6\u09c7\u09f0\u09bf \u09b9\u2019\u09ac\u0964\u201d \u09f0\u09be\u099c\u09c1\u09f1\u09c7 \u09b8\u09be\u09f0 \u09aa\u09be\u09b2\u09c7\u0964 \u201c\u09ae\u0987 \u09b8\u09aa\u09cb\u09a8 \u09a6\u09c7\u0996\u09bf \u0986\u099b\u09bf\u09b2\u09cb\u0964\" \u09b8\u09bf \u09a8\u09bf\u099c\u0995\u09c7 \u0995\u2019\u09b2\u09c7\u0964 \u201c\u0995\u09bf \u0985\u09a6\u09cd\u09ad\u09c2\u09a4 \u09b8\u09aa\u09cb\u09a8 \u09a6\u09c7\u0996\u09bf\u09b2\u09cb!\u201d \u0985\u0995\u09b2\u09c7 \u0985\u0995\u09b2\u09c7 \u09b9\u09be\u0981\u09b9\u09bf \u09b9\u09be\u0981\u09b9\u09bf \u09f0\u09be\u099c\u09c1 \u09ac\u09bf\u099a\u09a8\u09be\u09f0 \u09aa\u09f0\u09be \u0989\u09a0\u09bf\u09b2\u0964 \u09a0\u09bf\u0995 \u09b8\u09ae\u09df\u09a4 \u09aa\u09dd\u09be\u09b6\u09be\u09b2\u09bf \u09aa\u09be\u09ac\u09b2\u09c8 \u09b9\u2019\u09b2\u09c7 \u09b8\u09bf \u098f\u09a4\u09bf\u09df\u09be \u09b2\u09f0\u09be-\u09b2\u09f0\u09bf \u0995\u09f0\u09bf\u09ac \u09b2\u09be\u0997\u09bf\u09ac\u0964\u2029"},{"language_id":7,"content":"\u0c87\u0ca8\u0ccd\u0ca8\u0cc1 \u0cb8\u0ccd\u0cb5\u0cb2\u0ccd\u0caa \u0c9c\u0ccb\u0cb0\u0cbe\u0c97\u0cbf \u0cac\u0cc6\u0ca8\u0ccd\u0ca8\u0cc1 \u0ca4\u0c9f\u0ccd\u0c9f\u0cbf\u0ca6\u0c82\u0ca4\u0cbe\u0c97\u0cbf \u0c95\u0ca3\u0ccd\u0ca3\u0cc1 \u0cac\u0cbf\u0c9f\u0ccd\u0c9f. \"\u0cb8\u0ccd\u0c95\u0cc2\u0cb2\u0cbf\u0c97\u0cc6 \u0cb2\u0cc7\u0c9f\u0cbe\u0caf\u0ccd\u0ca4\u0cc1, \u0c8f\u0cb3\u0cc1\" \u0c8e\u0ca8\u0ccd\u0ca8\u0cc1\u0ca4\u0ccd\u0ca4 \u0c85\u0cae\u0ccd\u0cae \u0cac\u0cc6\u0ca8\u0ccd\u0ca8\u0cbf\u0ca8 \u0cae\u0cc7\u0cb2\u0cc6 \u0ca4\u0c9f\u0ccd\u0c9f\u0cc1\u0ca4\u0ccd\u0ca4\u0cbf\u0ca6\u0ccd\u0ca6\u0cb3\u0cc1. \"\u0c85\u0cb0\u0cc6, \u0c95\u0ca8\u0cb8\u0cbe?\" \u0c8e\u0c82\u0ca6\u0cc1\u0c95\u0cca\u0c82\u0ca1\u0cc1 \u0c95\u0ca3\u0ccd\u0ca3\u0cc1\u0c9c\u0ccd\u0c9c\u0cbf\u0c95\u0cca\u0cb3\u0ccd\u0cb3\u0ca4\u0ccd\u0ca4 \u0c8e\u0ca6\u0ccd\u0ca6. \u0c86\u0ca6\u0cb0\u0cc6 \u0cb0\u0cbe\u0c9c\u0cc1 \u0c97\u0cc6\u0cb2\u0cc1\u0cb5\u0cbe\u0c97\u0cbf\u0ca6\u0ccd\u0ca6.\u2029"}]}],"language":[{"id":11,"name":"Tamil"},{"id":12,"name":"Telugu"},{"id":8,"name":"Marathi"},{"id":1,"name":"Assamese"},{"id":7,"name":"Kannada"}],"questions":[{"id":306,"type":"pre","storypage_id":0,"order_number":1,"title":"Vocabulary","question":{"question_type":"vocabulary","question":{"text":"Vocabulary","image":"","type":"text"},"words":[{"word":"schoolmates","image":"ef82debf0561f9e3294ef1ff4dc0a359.JPG"},{"word":"root vegetables","image":"cd91c9296b048f64728a203372349f6b.JPG"},{"word":"leafy vegetables","image":"5fdf2625669f6a16af84d6d7e886aa2f.JPG"},{"word":"parade","image":"628d4484b59fef793a32baef8225b57a.JPG"}]},"score":1,"question_template_id":21,"question_template":"Vocab"},{"id":313,"type":"post","storypage_id":0,"order_number":1,"title":"Let's try speaking!","question":{"question_type":"conversation","question":{"text":"Raju\u2019s teacher asks a few children in the class to share any strange dreams they had. Raju decides to tell his class about his dream. This is what happens.","image":"","type":"text"},"conversation":[{"sentence":"Teacher: Raju, where were you at the start of your dream? Were you going somewhere?","image":"","question":0},{"sentence":"What does Raju say?","image":"","question":1},{"sentence":"Teacher: Wonderful! Did you see anything strange on the way?","image":"","question":0},{"sentence":"What does Raju say?","image":"","question":1},{"sentence":"Teacher: Really! What happened next?","image":"","question":0},{"sentence":"What does Raju say?","image":"","question":1},{"sentence":"Teacher: My goodness! That is strange indeed. What happened in the end?","image":"","question":0},{"sentence":"What does Raju say?","image":"","question":1},{"sentence":"Teacher: How lovely! ","image":"","question":0}]},"score":1,"question_template_id":6,"question_template":"Conversation"},{"id":314,"type":"post","storypage_id":0,"order_number":2,"title":"What is happening in this picture?","question":{"question_type":"story_read_aloud","question":{"text":"What is happening in this picture?","image":"657b4a9f84641b80cae3f68e13aada24.JPG","type":"both"}},"score":1,"question_template_id":7,"question_template":"Describe an Image"},{"id":307,"type":"post","storypage_id":0,"order_number":3,"title":"What do you think this story is about?","question":{"question_type":"story_read_aloud","question":{"text":"What do you think this story is about?","image":"d66369de00d8c92eddecba37e608db17.JPG","type":"both"}},"score":1,"question_template_id":7,"question_template":"Describe an Image"},{"id":311,"type":"post","storypage_id":0,"order_number":4,"title":"Read the question and choose as many answers as are correct.","question":{"question_type":"mcq_multiple_answer","question":{"text":"Which of the following sentences are true?","image":"","type":"text"},"options":[{"text":"Raju dreamt about the day the vegetables came to school.","type":"text","image":"","ans":1},{"text":"Raju\u2019s teacher dreamt about the day the vegetables came to school. ","type":"text","image":"","ans":0},{"text":"Raju\u2019s mother woke him up from the dream","type":"text","image":"","ans":1},{"text":"The vegetables really did go to school.","type":"text","image":"","ans":0}],"answers":["Raju dreamt about the day the vegetables came to school.","Raju\u2019s mother woke him up from the dream"]},"score":1,"question_template_id":12,"question_template":"MCQ Multiple Answer with images"},{"id":312,"type":"post","storypage_id":0,"order_number":5,"title":"Read the question and choose as many answers as are correct.","question":{"question_type":"mcq_multiple_answer","question":{"text":"Which of these would you say is true about Raju?","image":"","type":"text"},"options":[{"text":"Raju has a great imagination.","type":"text","image":"","ans":1},{"text":"Raju is very dull.","type":"text","image":"","ans":0},{"text":"Raju is very boring.","type":"text","image":"","ans":0},{"text":"Raju has exciting dreams","type":"text","image":"","ans":1}],"answers":["Raju has a great imagination.","Raju has exciting dreams"]},"score":1,"question_template_id":12,"question_template":"MCQ Multiple Answer with images"},{"id":308,"type":"during","storypage_id":1376,"order_number":1,"title":"Read the question and choose the correct answer.","question":{"question_type":"mcq_single_answer","question":{"text":"Where was Raju headed to at the start of the story? ","image":"","type":"text"},"options":[{"text":"To bed","type":"both","image":"0febe6a7f6fe7bab198f8791074187d5.JPG","ans":0},{"text":"To school","type":"both","image":"66f07a30f28fdd2565cb46e02918df04.JPG","ans":1},{"text":"To the market","type":"both","image":"7afc3a87b86b75c41f6518af0ff17884.jpg","ans":0},{"text":"To a parade","type":"both","image":"4e9d634ac1f65cab6be933527b154481.JPG","ans":0}],"answers":["To school"]},"score":1,"question_template_id":2,"question_template":"Text MCQ"},{"id":309,"type":"during","storypage_id":1378,"order_number":2,"title":"Fill in the blanks","question":{"question_type":"mcq_multiple_answer","question":{"text":"What root vegetables did Raju come across?","image":"","type":"text"},"options":[{"text":"potato","type":"text","image":null,"ans":1},{"text":"sweet potato","type":"text","image":null,"ans":1},{"text":"yam","type":"text","image":null,"ans":1},{"text":"carrot","type":"text","image":null,"ans":1}],"answers":["potato","sweet potato","yam","carrot"]},"score":1,"question_template_id":19,"question_template":"Simple fill in the blanks"},{"id":310,"type":"during","storypage_id":1384,"order_number":3,"title":"Read the question and choose the correct answer.","question":{"question_type":"mcq_single_answer","question":{"text":"Who joined the root vegetable parade? ","image":"","type":"text"},"options":[{"text":"Raju\u2019s schoolmates","type":"both","image":"9eb80c470e3ada0c293b7304e6133071.JPG","ans":0},{"text":"Leafy vegetables","type":"both","image":"b76e55b614281356f428de06b1f73570.JPG","ans":1},{"text":"Raju\u2019s teacher","type":"both","image":"4e2c9c2b8edfa1a93ca83b37347fc4aa.JPG","ans":0},{"text":"A few flowers","type":"both","image":"cd371423ce832843800879eec23efbd4.JPG","ans":0}],"answers":["Leafy vegetables"]},"score":1,"question_template_id":2,"question_template":"Text MCQ"},{"id":315,"type":"own_story","storypage_id":0,"order_number":1,"title":"Make your own story!","question":{"question_type":"mcq_single_answer","question":{"text":"Once I found myself walking near _________.","image":"","type":"text"},"options":[{"text":"a river","type":"text","image":"","ans":1},{"text":"a beach","type":"text","image":"","ans":1},{"text":"a mountain","type":"text","image":"","ans":1},{"text":"a lake","type":"text","image":"","ans":1}],"answers":["a river","a beach","a mountain","a lake"]},"score":1,"question_template_id":2,"question_template":"Text MCQ"},{"id":316,"type":"own_story","storypage_id":0,"order_number":2,"title":"Make your own story!","question":{"question_type":"mcq_single_answer","question":{"text":"At once I noticed something strange. I saw a long line of _________ dancing ahead of me.","image":"","type":"text"},"options":[{"text":"fruit","type":"text","image":"","ans":1},{"text":"candies","type":"text","image":"","ans":1},{"text":"water bottles","type":"text","image":"","ans":1},{"text":"dolls","type":"text","image":"","ans":1}],"answers":["fruit","candies","water bottles","dolls"]},"score":1,"question_template_id":2,"question_template":"Text MCQ"},{"id":317,"type":"own_story","storypage_id":0,"order_number":3,"title":"Make your own story!","question":{"question_type":"mcq_single_answer","question":{"text":"One of them invited me to dance. I said, \u201c_________!\u201d and began dancing with them.","image":"","type":"text"},"options":[{"text":"Sure","type":"text","image":"","ans":1},{"text":"Why not","type":"text","image":"","ans":1},{"text":"Of course","type":"text","image":"","ans":1},{"text":"Absolutely yes","type":"text","image":"","ans":1}],"answers":["Sure","Why not","Of course","Absolutely yes"]},"score":1,"question_template_id":2,"question_template":"Text MCQ"},{"id":318,"type":"own_story","storypage_id":0,"order_number":4,"title":"Make your own story!","question":{"question_type":"mcq_single_answer","question":{"text":"I danced with them and even sang _________, and felt one of them tap my head to the beat.","image":"","type":"text"},"options":[{"text":"my favourite song","type":"text","image":"","ans":1},{"text":"my favourite tune","type":"text","image":"","ans":1},{"text":"my favourite melody","type":"text","image":"","ans":1},{"text":"my favourite jingle","type":"text","image":"","ans":1}],"answers":["my favourite song","my favourite tune","my favourite melody","my favourite jingle"]},"score":1,"question_template_id":2,"question_template":"Text MCQ"},{"id":319,"type":"own_story","storypage_id":0,"order_number":5,"title":"Make your own story!","question":{"question_type":"mcq_single_answer","question":{"text":"The tapping increased! I woke up surprised \u2013 it was my _________ tapping my head and waking me up to stop singing and dancing in my sleep!","image":"","type":"text"},"options":[{"text":"brother","type":"text","image":"","ans":1},{"text":"sister","type":"text","image":"","ans":1},{"text":"cousin","type":"text","image":"","ans":1},{"text":"mummy","type":"text","image":"","ans":1}],"answers":["brother","sister","cousin","mummy"]},"score":1,"question_template_id":2,"question_template":"Text MCQ"}]}