{
 "fragments": [
  {
   "begin": "0.000", 
   "end": "1.480", 
   "id": "f000001", 
   "language": "en", 
   "lines": [
    "\"What?"
   ]
  }, 
  {
   "begin": "1.480", 
   "end": "1.760", 
   "id": "f000002", 
   "language": "en", 
   "lines": [
    "Is"
   ]
  }, 
  {
   "begin": "1.760", 
   "end": "1.920", 
   "id": "f000003", 
   "language": "en", 
   "lines": [
    "it"
   ]
  }, 
  {
   "begin": "1.920", 
   "end": "2.680", 
   "id": "f000004", 
   "language": "en", 
   "lines": [
    "really"
   ]
  }, 
  {
   "begin": "2.680", 
   "end": "3.360", 
   "id": "f000005", 
   "language": "en", 
   "lines": [
    "you?\""
   ]
  }, 
  {
   "begin": "3.360", 
   "end": "4.200", 
   "id": "f000006", 
   "language": "en", 
   "lines": [
    "The"
   ]
  }, 
  {
   "begin": "4.200", 
   "end": "4.720", 
   "id": "f000007", 
   "language": "en", 
   "lines": [
    "question"
   ]
  }, 
  {
   "begin": "4.720", 
   "end": "4.760", 
   "id": "f000008", 
   "language": "en", 
   "lines": [
    "popped"
   ]
  }, 
  {
   "begin": "4.760", 
   "end": "5.040", 
   "id": "f000009", 
   "language": "en", 
   "lines": [
    "out"
   ]
  }, 
  {
   "begin": "5.040", 
   "end": "5.320", 
   "id": "f000010", 
   "language": "en", 
   "lines": [
    "of"
   ]
  }, 
  {
   "begin": "5.320", 
   "end": "5.600", 
   "id": "f000011", 
   "language": "en", 
   "lines": [
    "his"
   ]
  }, 
  {
   "begin": "5.600", 
   "end": "5.920", 
   "id": "f000012", 
   "language": "en", 
   "lines": [
    "mouth"
   ]
  }, 
  {
   "begin": "5.920", 
   "end": "6.400", 
   "id": "f000013", 
   "language": "en", 
   "lines": [
    "before"
   ]
  }, 
  {
   "begin": "6.400", 
   "end": "6.600", 
   "id": "f000014", 
   "language": "en", 
   "lines": [
    "he"
   ]
  }, 
  {
   "begin": "6.600", 
   "end": "7.240", 
   "id": "f000015", 
   "language": "en", 
   "lines": [
    "realized"
   ]
  }, 
  {
   "begin": "7.240", 
   "end": "8.160", 
   "id": "f000016", 
   "language": "en", 
   "lines": [
    "it."
   ]
  }, 
  {
   "begin": "8.160", 
   "end": "8.280", 
   "id": "f000017", 
   "language": "en", 
   "lines": [
    "The"
   ]
  }, 
  {
   "begin": "8.280", 
   "end": "9.160", 
   "id": "f000018", 
   "language": "en", 
   "lines": [
    "vegetables"
   ]
  }, 
  {
   "begin": "9.160", 
   "end": "9.320", 
   "id": "f000019", 
   "language": "en", 
   "lines": [
    "did"
   ]
  }, 
  {
   "begin": "9.320", 
   "end": "9.800", 
   "id": "f000020", 
   "language": "en", 
   "lines": [
    "not"
   ]
  }, 
  {
   "begin": "9.800", 
   "end": "10.200", 
   "id": "f000021", 
   "language": "en", 
   "lines": [
    "reply."
   ]
  }, 
  {
   "begin": "10.200", 
   "end": "11.000", 
   "id": "f000022", 
   "language": "en", 
   "lines": [
    "They"
   ]
  }, 
  {
   "begin": "11.000", 
   "end": "11.320", 
   "id": "f000023", 
   "language": "en", 
   "lines": [
    "just"
   ]
  }, 
  {
   "begin": "11.320", 
   "end": "11.600", 
   "id": "f000024", 
   "language": "en", 
   "lines": [
    "looked"
   ]
  }, 
  {
   "begin": "11.600", 
   "end": "11.760", 
   "id": "f000025", 
   "language": "en", 
   "lines": [
    "at"
   ]
  }, 
  {
   "begin": "11.760", 
   "end": "12.160", 
   "id": "f000026", 
   "language": "en", 
   "lines": [
    "each"
   ]
  }, 
  {
   "begin": "12.160", 
   "end": "12.400", 
   "id": "f000027", 
   "language": "en", 
   "lines": [
    "other"
   ]
  }, 
  {
   "begin": "12.400", 
   "end": "12.640", 
   "id": "f000028", 
   "language": "en", 
   "lines": [
    "and"
   ]
  }, 
  {
   "begin": "12.640", 
   "end": "13.520", 
   "id": "f000029", 
   "language": "en", 
   "lines": [
    "smiled,"
   ]
  }, 
  {
   "begin": "13.520", 
   "end": "13.960", 
   "id": "f000030", 
   "language": "en", 
   "lines": [
    "amused"
   ]
  }, 
  {
   "begin": "13.960", 
   "end": "14.240", 
   "id": "f000031", 
   "language": "en", 
   "lines": [
    "at"
   ]
  }, 
  {
   "begin": "14.240", 
   "end": "14.560", 
   "id": "f000032", 
   "language": "en", 
   "lines": [
    "his"
   ]
  }, 
  {
   "begin": "14.560", 
   "end": "15.680", 
   "id": "f000033", 
   "language": "en", 
   "lines": [
    "amazement."
   ]
  }
 ]
}