{
 "fragments": [
  {
   "begin": "0.000", 
   "end": "1.040", 
   "id": "f000001", 
   "language": "en", 
   "lines": [
    "Raju\u2019s"
   ]
  }, 
  {
   "begin": "1.040", 
   "end": "1.440", 
   "id": "f000002", 
   "language": "en", 
   "lines": [
    "teacher"
   ]
  }, 
  {
   "begin": "1.440", 
   "end": "1.680", 
   "id": "f000003", 
   "language": "en", 
   "lines": [
    "came"
   ]
  }, 
  {
   "begin": "1.680", 
   "end": "2.280", 
   "id": "f000004", 
   "language": "en", 
   "lines": [
    "forward"
   ]
  }, 
  {
   "begin": "2.280", 
   "end": "2.640", 
   "id": "f000005", 
   "language": "en", 
   "lines": [
    "to"
   ]
  }, 
  {
   "begin": "2.640", 
   "end": "4.120", 
   "id": "f000006", 
   "language": "en", 
   "lines": [
    "welcome"
   ]
  }, 
  {
   "begin": "4.120", 
   "end": "4.640", 
   "id": "f000007", 
   "language": "en", 
   "lines": [
    "them."
   ]
  }, 
  {
   "begin": "4.640", 
   "end": "5.120", 
   "id": "f000008", 
   "language": "en", 
   "lines": [
    "\u201cGood"
   ]
  }, 
  {
   "begin": "5.120", 
   "end": "5.360", 
   "id": "f000009", 
   "language": "en", 
   "lines": [
    "boy!\u201d"
   ]
  }, 
  {
   "begin": "5.360", 
   "end": "6.120", 
   "id": "f000010", 
   "language": "en", 
   "lines": [
    "she"
   ]
  }, 
  {
   "begin": "6.120", 
   "end": "6.520", 
   "id": "f000011", 
   "language": "en", 
   "lines": [
    "said,"
   ]
  }, 
  {
   "begin": "6.520", 
   "end": "7.280", 
   "id": "f000012", 
   "language": "en", 
   "lines": [
    "patting"
   ]
  }, 
  {
   "begin": "7.280", 
   "end": "7.800", 
   "id": "f000013", 
   "language": "en", 
   "lines": [
    "Raju"
   ]
  }, 
  {
   "begin": "7.800", 
   "end": "8.120", 
   "id": "f000014", 
   "language": "en", 
   "lines": [
    "on"
   ]
  }, 
  {
   "begin": "8.120", 
   "end": "8.160", 
   "id": "f000015", 
   "language": "en", 
   "lines": [
    "the"
   ]
  }, 
  {
   "begin": "8.160", 
   "end": "9.480", 
   "id": "f000016", 
   "language": "en", 
   "lines": [
    "back."
   ]
  }, 
  {
   "begin": "9.480", 
   "end": "10.000", 
   "id": "f000017", 
   "language": "en", 
   "lines": [
    "Raju"
   ]
  }, 
  {
   "begin": "10.000", 
   "end": "10.320", 
   "id": "f000018", 
   "language": "en", 
   "lines": [
    "was"
   ]
  }, 
  {
   "begin": "10.320", 
   "end": "10.760", 
   "id": "f000019", 
   "language": "en", 
   "lines": [
    "delighted."
   ]
  }, 
  {
   "begin": "10.760", 
   "end": "11.640", 
   "id": "f000020", 
   "language": "en", 
   "lines": [
    "\u201cThank"
   ]
  }, 
  {
   "begin": "11.640", 
   "end": "11.920", 
   "id": "f000021", 
   "language": "en", 
   "lines": [
    "you,"
   ]
  }, 
  {
   "begin": "11.920", 
   "end": "12.440", 
   "id": "f000022", 
   "language": "en", 
   "lines": [
    "teacher,\u201d"
   ]
  }, 
  {
   "begin": "12.440", 
   "end": "13.400", 
   "id": "f000023", 
   "language": "en", 
   "lines": [
    "he"
   ]
  }, 
  {
   "begin": "13.400", 
   "end": "13.880", 
   "id": "f000024", 
   "language": "en", 
   "lines": [
    "said"
   ]
  }, 
  {
   "begin": "13.880", 
   "end": "15.480", 
   "id": "f000025", 
   "language": "en", 
   "lines": [
    "happily."
   ]
  }, 
  {
   "begin": "15.480", 
   "end": "15.720", 
   "id": "f000026", 
   "language": "en", 
   "lines": [
    "The"
   ]
  }, 
  {
   "begin": "15.720", 
   "end": "15.840", 
   "id": "f000027", 
   "language": "en", 
   "lines": [
    "other"
   ]
  }, 
  {
   "begin": "15.840", 
   "end": "16.360", 
   "id": "f000028", 
   "language": "en", 
   "lines": [
    "children"
   ]
  }, 
  {
   "begin": "16.360", 
   "end": "16.880", 
   "id": "f000029", 
   "language": "en", 
   "lines": [
    "clapped"
   ]
  }, 
  {
   "begin": "16.880", 
   "end": "17.080", 
   "id": "f000030", 
   "language": "en", 
   "lines": [
    "and"
   ]
  }, 
  {
   "begin": "17.080", 
   "end": "18.360", 
   "id": "f000031", 
   "language": "en", 
   "lines": [
    "cheered."
   ]
  }, 
  {
   "begin": "18.360", 
   "end": "18.480", 
   "id": "f000032", 
   "language": "en", 
   "lines": [
    "The"
   ]
  }, 
  {
   "begin": "18.480", 
   "end": "18.920", 
   "id": "f000033", 
   "language": "en", 
   "lines": [
    "teacher"
   ]
  }, 
  {
   "begin": "18.920", 
   "end": "19.560", 
   "id": "f000034", 
   "language": "en", 
   "lines": [
    "left"
   ]
  }, 
  {
   "begin": "19.560", 
   "end": "19.720", 
   "id": "f000035", 
   "language": "en", 
   "lines": [
    "but"
   ]
  }, 
  {
   "begin": "19.720", 
   "end": "20.200", 
   "id": "f000036", 
   "language": "en", 
   "lines": [
    "someone"
   ]
  }, 
  {
   "begin": "20.200", 
   "end": "20.800", 
   "id": "f000037", 
   "language": "en", 
   "lines": [
    "continued"
   ]
  }, 
  {
   "begin": "20.800", 
   "end": "21.040", 
   "id": "f000038", 
   "language": "en", 
   "lines": [
    "to"
   ]
  }, 
  {
   "begin": "21.040", 
   "end": "21.280", 
   "id": "f000039", 
   "language": "en", 
   "lines": [
    "pat"
   ]
  }, 
  {
   "begin": "21.280", 
   "end": "22.160", 
   "id": "f000040", 
   "language": "en", 
   "lines": [
    "him,"
   ]
  }, 
  {
   "begin": "22.160", 
   "end": "22.360", 
   "id": "f000041", 
   "language": "en", 
   "lines": [
    "and"
   ]
  }, 
  {
   "begin": "22.360", 
   "end": "22.720", 
   "id": "f000042", 
   "language": "en", 
   "lines": [
    "quite"
   ]
  }, 
  {
   "begin": "22.720", 
   "end": "23.200", 
   "id": "f000043", 
   "language": "en", 
   "lines": [
    "hard"
   ]
  }, 
  {
   "begin": "23.200", 
   "end": "24.000", 
   "id": "f000044", 
   "language": "en", 
   "lines": [
    "too."
   ]
  }
 ]
}