{
 "fragments": [
  {
   "begin": "0.000", 
   "end": "0.480", 
   "id": "f000001", 
   "language": "en", 
   "lines": [
    "At"
   ]
  }, 
  {
   "begin": "0.480", 
   "end": "0.920", 
   "id": "f000002", 
   "language": "en", 
   "lines": [
    "long"
   ]
  }, 
  {
   "begin": "0.920", 
   "end": "1.600", 
   "id": "f000003", 
   "language": "en", 
   "lines": [
    "last,"
   ]
  }, 
  {
   "begin": "1.600", 
   "end": "2.040", 
   "id": "f000004", 
   "language": "en", 
   "lines": [
    "Raju"
   ]
  }, 
  {
   "begin": "2.040", 
   "end": "2.280", 
   "id": "f000005", 
   "language": "en", 
   "lines": [
    "caught"
   ]
  }, 
  {
   "begin": "2.280", 
   "end": "2.480", 
   "id": "f000006", 
   "language": "en", 
   "lines": [
    "up"
   ]
  }, 
  {
   "begin": "2.480", 
   "end": "2.560", 
   "id": "f000007", 
   "language": "en", 
   "lines": [
    "with"
   ]
  }, 
  {
   "begin": "2.560", 
   "end": "2.680", 
   "id": "f000008", 
   "language": "en", 
   "lines": [
    "the"
   ]
  }, 
  {
   "begin": "2.680", 
   "end": "3.200", 
   "id": "f000009", 
   "language": "en", 
   "lines": [
    "shapes"
   ]
  }, 
  {
   "begin": "3.200", 
   "end": "4.000", 
   "id": "f000010", 
   "language": "en", 
   "lines": [
    "marching"
   ]
  }, 
  {
   "begin": "4.000", 
   "end": "4.480", 
   "id": "f000011", 
   "language": "en", 
   "lines": [
    "ahead"
   ]
  }, 
  {
   "begin": "4.480", 
   "end": "4.480", 
   "id": "f000012", 
   "language": "en", 
   "lines": [
    "of"
   ]
  }, 
  {
   "begin": "4.480", 
   "end": "4.560", 
   "id": "f000013", 
   "language": "en", 
   "lines": [
    "him."
   ]
  }, 
  {
   "begin": "4.560", 
   "end": "5.640", 
   "id": "f000014", 
   "language": "en", 
   "lines": [
    "He"
   ]
  }, 
  {
   "begin": "5.640", 
   "end": "5.960", 
   "id": "f000015", 
   "language": "en", 
   "lines": [
    "stared"
   ]
  }, 
  {
   "begin": "5.960", 
   "end": "6.120", 
   "id": "f000016", 
   "language": "en", 
   "lines": [
    "at"
   ]
  }, 
  {
   "begin": "6.120", 
   "end": "6.320", 
   "id": "f000017", 
   "language": "en", 
   "lines": [
    "their"
   ]
  }, 
  {
   "begin": "6.320", 
   "end": "7.200", 
   "id": "f000018", 
   "language": "en", 
   "lines": [
    "faces,"
   ]
  }, 
  {
   "begin": "7.200", 
   "end": "7.640", 
   "id": "f000019", 
   "language": "en", 
   "lines": [
    "mouth"
   ]
  }, 
  {
   "begin": "7.640", 
   "end": "7.800", 
   "id": "f000020", 
   "language": "en", 
   "lines": [
    "open"
   ]
  }, 
  {
   "begin": "7.800", 
   "end": "8.080", 
   "id": "f000021", 
   "language": "en", 
   "lines": [
    "in"
   ]
  }, 
  {
   "begin": "8.080", 
   "end": "9.320", 
   "id": "f000022", 
   "language": "en", 
   "lines": [
    "surprise."
   ]
  }
 ]
}