{
 "fragments": [
  {
   "begin": "0.000", 
   "end": "0.840", 
   "id": "f000001", 
   "language": "en", 
   "lines": [
    "Raju"
   ]
  }, 
  {
   "begin": "0.840", 
   "end": "1.120", 
   "id": "f000002", 
   "language": "en", 
   "lines": [
    "walked"
   ]
  }, 
  {
   "begin": "1.120", 
   "end": "1.720", 
   "id": "f000003", 
   "language": "en", 
   "lines": [
    "faster"
   ]
  }, 
  {
   "begin": "1.720", 
   "end": "1.960", 
   "id": "f000004", 
   "language": "en", 
   "lines": [
    "and"
   ]
  }, 
  {
   "begin": "1.960", 
   "end": "3.120", 
   "id": "f000005", 
   "language": "en", 
   "lines": [
    "faster."
   ]
  }, 
  {
   "begin": "3.120", 
   "end": "3.240", 
   "id": "f000006", 
   "language": "en", 
   "lines": [
    "He"
   ]
  }, 
  {
   "begin": "3.240", 
   "end": "3.600", 
   "id": "f000007", 
   "language": "en", 
   "lines": [
    "was"
   ]
  }, 
  {
   "begin": "3.600", 
   "end": "3.800", 
   "id": "f000008", 
   "language": "en", 
   "lines": [
    "full"
   ]
  }, 
  {
   "begin": "3.800", 
   "end": "3.960", 
   "id": "f000009", 
   "language": "en", 
   "lines": [
    "of"
   ]
  }, 
  {
   "begin": "3.960", 
   "end": "4.840", 
   "id": "f000010", 
   "language": "en", 
   "lines": [
    "curiosity"
   ]
  }, 
  {
   "begin": "4.840", 
   "end": "5.040", 
   "id": "f000011", 
   "language": "en", 
   "lines": [
    "about"
   ]
  }, 
  {
   "begin": "5.040", 
   "end": "5.320", 
   "id": "f000012", 
   "language": "en", 
   "lines": [
    "his"
   ]
  }, 
  {
   "begin": "5.320", 
   "end": "5.640", 
   "id": "f000013", 
   "language": "en", 
   "lines": [
    "new"
   ]
  }, 
  {
   "begin": "5.640", 
   "end": "6.960", 
   "id": "f000014", 
   "language": "en", 
   "lines": [
    "schoolmates,"
   ]
  }, 
  {
   "begin": "6.960", 
   "end": "7.200", 
   "id": "f000015", 
   "language": "en", 
   "lines": [
    "and"
   ]
  }, 
  {
   "begin": "7.200", 
   "end": "7.680", 
   "id": "f000016", 
   "language": "en", 
   "lines": [
    "wanted"
   ]
  }, 
  {
   "begin": "7.680", 
   "end": "7.760", 
   "id": "f000017", 
   "language": "en", 
   "lines": [
    "a"
   ]
  }, 
  {
   "begin": "7.760", 
   "end": "8.360", 
   "id": "f000018", 
   "language": "en", 
   "lines": [
    "closer"
   ]
  }, 
  {
   "begin": "8.360", 
   "end": "8.600", 
   "id": "f000019", 
   "language": "en", 
   "lines": [
    "look"
   ]
  }, 
  {
   "begin": "8.600", 
   "end": "8.600", 
   "id": "f000020", 
   "language": "en", 
   "lines": [
    "at"
   ]
  }, 
  {
   "begin": "8.600", 
   "end": "9.360", 
   "id": "f000021", 
   "language": "en", 
   "lines": [
    "them."
   ]
  }
 ]
}