{
 "fragments": [
  {
   "begin": "0.000", 
   "end": "0.320", 
   "id": "f000001", 
   "language": "en", 
   "lines": [
    "By"
   ]
  }, 
  {
   "begin": "0.320", 
   "end": "0.800", 
   "id": "f000002", 
   "language": "en", 
   "lines": [
    "the"
   ]
  }, 
  {
   "begin": "0.800", 
   "end": "1.160", 
   "id": "f000003", 
   "language": "en", 
   "lines": [
    "by,"
   ]
  }, 
  {
   "begin": "1.160", 
   "end": "1.520", 
   "id": "f000004", 
   "language": "en", 
   "lines": [
    "the"
   ]
  }, 
  {
   "begin": "1.520", 
   "end": "1.920", 
   "id": "f000005", 
   "language": "en", 
   "lines": [
    "parade"
   ]
  }, 
  {
   "begin": "1.920", 
   "end": "2.400", 
   "id": "f000006", 
   "language": "en", 
   "lines": [
    "reached"
   ]
  }, 
  {
   "begin": "2.400", 
   "end": "2.560", 
   "id": "f000007", 
   "language": "en", 
   "lines": [
    "the"
   ]
  }, 
  {
   "begin": "2.560", 
   "end": "3.800", 
   "id": "f000008", 
   "language": "en", 
   "lines": [
    "school."
   ]
  }, 
  {
   "begin": "3.800", 
   "end": "4.080", 
   "id": "f000009", 
   "language": "en", 
   "lines": [
    "All"
   ]
  }, 
  {
   "begin": "4.080", 
   "end": "4.240", 
   "id": "f000010", 
   "language": "en", 
   "lines": [
    "the"
   ]
  }, 
  {
   "begin": "4.240", 
   "end": "4.680", 
   "id": "f000011", 
   "language": "en", 
   "lines": [
    "children"
   ]
  }, 
  {
   "begin": "4.680", 
   "end": "5.000", 
   "id": "f000012", 
   "language": "en", 
   "lines": [
    "came"
   ]
  }, 
  {
   "begin": "5.000", 
   "end": "5.120", 
   "id": "f000013", 
   "language": "en", 
   "lines": [
    "to"
   ]
  }, 
  {
   "begin": "5.120", 
   "end": "5.280", 
   "id": "f000014", 
   "language": "en", 
   "lines": [
    "the"
   ]
  }, 
  {
   "begin": "5.280", 
   "end": "5.640", 
   "id": "f000015", 
   "language": "en", 
   "lines": [
    "door"
   ]
  }, 
  {
   "begin": "5.640", 
   "end": "5.720", 
   "id": "f000016", 
   "language": "en", 
   "lines": [
    "to"
   ]
  }, 
  {
   "begin": "5.720", 
   "end": "6.280", 
   "id": "f000017", 
   "language": "en", 
   "lines": [
    "watch"
   ]
  }, 
  {
   "begin": "6.280", 
   "end": "6.480", 
   "id": "f000018", 
   "language": "en", 
   "lines": [
    "the"
   ]
  }, 
  {
   "begin": "6.480", 
   "end": "6.920", 
   "id": "f000019", 
   "language": "en", 
   "lines": [
    "strange"
   ]
  }, 
  {
   "begin": "6.920", 
   "end": "7.720", 
   "id": "f000020", 
   "language": "en", 
   "lines": [
    "procession."
   ]
  }, 
  {
   "begin": "7.720", 
   "end": "8.800", 
   "id": "f000021", 
   "language": "en", 
   "lines": [
    "Their"
   ]
  }, 
  {
   "begin": "8.800", 
   "end": "9.120", 
   "id": "f000022", 
   "language": "en", 
   "lines": [
    "mouths"
   ]
  }, 
  {
   "begin": "9.120", 
   "end": "9.600", 
   "id": "f000023", 
   "language": "en", 
   "lines": [
    "fell"
   ]
  }, 
  {
   "begin": "9.600", 
   "end": "9.960", 
   "id": "f000024", 
   "language": "en", 
   "lines": [
    "open"
   ]
  }, 
  {
   "begin": "9.960", 
   "end": "10.120", 
   "id": "f000025", 
   "language": "en", 
   "lines": [
    "at"
   ]
  }, 
  {
   "begin": "10.120", 
   "end": "10.240", 
   "id": "f000026", 
   "language": "en", 
   "lines": [
    "the"
   ]
  }, 
  {
   "begin": "10.240", 
   "end": "10.760", 
   "id": "f000027", 
   "language": "en", 
   "lines": [
    "sight."
   ]
  }, 
  {
   "begin": "10.760", 
   "end": "11.520", 
   "id": "f000028", 
   "language": "en", 
   "lines": [
    "Their"
   ]
  }, 
  {
   "begin": "11.520", 
   "end": "12.200", 
   "id": "f000029", 
   "language": "en", 
   "lines": [
    "eyes"
   ]
  }, 
  {
   "begin": "12.200", 
   "end": "12.480", 
   "id": "f000030", 
   "language": "en", 
   "lines": [
    "were"
   ]
  }, 
  {
   "begin": "12.480", 
   "end": "13.200", 
   "id": "f000031", 
   "language": "en", 
   "lines": [
    "round"
   ]
  }, 
  {
   "begin": "13.200", 
   "end": "13.480", 
   "id": "f000032", 
   "language": "en", 
   "lines": [
    "with"
   ]
  }, 
  {
   "begin": "13.480", 
   "end": "14.520", 
   "id": "f000033", 
   "language": "en", 
   "lines": [
    "astonishment."
   ]
  }
 ]
}