{
 "fragments": [
  {
   "begin": "0.000", 
   "end": "0.000", 
   "id": "f000001", 
   "language": "en", 
   "lines": [
    "The"
   ]
  }, 
  {
   "begin": "0.000", 
   "end": "1.240", 
   "id": "f000002", 
   "language": "en", 
   "lines": [
    "vegetables"
   ]
  }, 
  {
   "begin": "1.240", 
   "end": "1.480", 
   "id": "f000003", 
   "language": "en", 
   "lines": [
    "looked"
   ]
  }, 
  {
   "begin": "1.480", 
   "end": "2.120", 
   "id": "f000004", 
   "language": "en", 
   "lines": [
    "fresh"
   ]
  }, 
  {
   "begin": "2.120", 
   "end": "2.320", 
   "id": "f000005", 
   "language": "en", 
   "lines": [
    "and"
   ]
  }, 
  {
   "begin": "2.320", 
   "end": "2.680", 
   "id": "f000006", 
   "language": "en", 
   "lines": [
    "healthy."
   ]
  }, 
  {
   "begin": "2.680", 
   "end": "3.800", 
   "id": "f000007", 
   "language": "en", 
   "lines": [
    "They"
   ]
  }, 
  {
   "begin": "3.800", 
   "end": "4.240", 
   "id": "f000008", 
   "language": "en", 
   "lines": [
    "were"
   ]
  }, 
  {
   "begin": "4.240", 
   "end": "4.680", 
   "id": "f000009", 
   "language": "en", 
   "lines": [
    "marching"
   ]
  }, 
  {
   "begin": "4.680", 
   "end": "5.160", 
   "id": "f000010", 
   "language": "en", 
   "lines": [
    "towards"
   ]
  }, 
  {
   "begin": "5.160", 
   "end": "5.440", 
   "id": "f000011", 
   "language": "en", 
   "lines": [
    "school"
   ]
  }, 
  {
   "begin": "5.440", 
   "end": "5.720", 
   "id": "f000012", 
   "language": "en", 
   "lines": [
    "like"
   ]
  }, 
  {
   "begin": "5.720", 
   "end": "6.120", 
   "id": "f000013", 
   "language": "en", 
   "lines": [
    "little"
   ]
  }, 
  {
   "begin": "6.120", 
   "end": "7.360", 
   "id": "f000014", 
   "language": "en", 
   "lines": [
    "soldiers,"
   ]
  }, 
  {
   "begin": "7.360", 
   "end": "7.800", 
   "id": "f000015", 
   "language": "en", 
   "lines": [
    "one"
   ]
  }, 
  {
   "begin": "7.800", 
   "end": "8.400", 
   "id": "f000016", 
   "language": "en", 
   "lines": [
    "behind"
   ]
  }, 
  {
   "begin": "8.400", 
   "end": "8.640", 
   "id": "f000017", 
   "language": "en", 
   "lines": [
    "the"
   ]
  }, 
  {
   "begin": "8.640", 
   "end": "9.240", 
   "id": "f000018", 
   "language": "en", 
   "lines": [
    "other."
   ]
  }
 ]
}