{
 "fragments": [
  {
   "begin": "0.000", 
   "end": "0.800", 
   "id": "f000001", 
   "language": "en", 
   "lines": [
    "Raju"
   ]
  }, 
  {
   "begin": "0.800", 
   "end": "1.160", 
   "id": "f000002", 
   "language": "en", 
   "lines": [
    "opened"
   ]
  }, 
  {
   "begin": "1.160", 
   "end": "1.440", 
   "id": "f000003", 
   "language": "en", 
   "lines": [
    "his"
   ]
  }, 
  {
   "begin": "1.440", 
   "end": "2.400", 
   "id": "f000004", 
   "language": "en", 
   "lines": [
    "eyes."
   ]
  }, 
  {
   "begin": "2.400", 
   "end": "2.600", 
   "id": "f000005", 
   "language": "en", 
   "lines": [
    "His"
   ]
  }, 
  {
   "begin": "2.600", 
   "end": "2.840", 
   "id": "f000006", 
   "language": "en", 
   "lines": [
    "mother"
   ]
  }, 
  {
   "begin": "2.840", 
   "end": "3.120", 
   "id": "f000007", 
   "language": "en", 
   "lines": [
    "was"
   ]
  }, 
  {
   "begin": "3.120", 
   "end": "3.600", 
   "id": "f000008", 
   "language": "en", 
   "lines": [
    "shaking"
   ]
  }, 
  {
   "begin": "3.600", 
   "end": "4.000", 
   "id": "f000009", 
   "language": "en", 
   "lines": [
    "him"
   ]
  }, 
  {
   "begin": "4.000", 
   "end": "4.680", 
   "id": "f000010", 
   "language": "en", 
   "lines": [
    "awake,"
   ]
  }, 
  {
   "begin": "4.680", 
   "end": "5.200", 
   "id": "f000011", 
   "language": "en", 
   "lines": [
    "saying,"
   ]
  }, 
  {
   "begin": "5.200", 
   "end": "5.320", 
   "id": "f000012", 
   "language": "en", 
   "lines": [
    "\u201cWake"
   ]
  }, 
  {
   "begin": "5.320", 
   "end": "5.960", 
   "id": "f000013", 
   "language": "en", 
   "lines": [
    "up,"
   ]
  }, 
  {
   "begin": "5.960", 
   "end": "6.520", 
   "id": "f000014", 
   "language": "en", 
   "lines": [
    "Raju!"
   ]
  }, 
  {
   "begin": "6.520", 
   "end": "6.800", 
   "id": "f000015", 
   "language": "en", 
   "lines": [
    "You\u2019re"
   ]
  }, 
  {
   "begin": "6.800", 
   "end": "7.200", 
   "id": "f000016", 
   "language": "en", 
   "lines": [
    "going"
   ]
  }, 
  {
   "begin": "7.200", 
   "end": "7.440", 
   "id": "f000017", 
   "language": "en", 
   "lines": [
    "to"
   ]
  }, 
  {
   "begin": "7.440", 
   "end": "7.800", 
   "id": "f000018", 
   "language": "en", 
   "lines": [
    "be"
   ]
  }, 
  {
   "begin": "7.800", 
   "end": "7.960", 
   "id": "f000019", 
   "language": "en", 
   "lines": [
    "late"
   ]
  }, 
  {
   "begin": "7.960", 
   "end": "8.840", 
   "id": "f000020", 
   "language": "en", 
   "lines": [
    "for"
   ]
  }, 
  {
   "begin": "8.840", 
   "end": "10.040", 
   "id": "f000021", 
   "language": "en", 
   "lines": [
    "school.\u201d"
   ]
  }, 
  {
   "begin": "10.040", 
   "end": "10.720", 
   "id": "f000022", 
   "language": "en", 
   "lines": [
    "Raju"
   ]
  }, 
  {
   "begin": "10.720", 
   "end": "11.040", 
   "id": "f000023", 
   "language": "en", 
   "lines": [
    "was"
   ]
  }, 
  {
   "begin": "11.040", 
   "end": "11.320", 
   "id": "f000024", 
   "language": "en", 
   "lines": [
    "fully"
   ]
  }, 
  {
   "begin": "11.320", 
   "end": "11.760", 
   "id": "f000025", 
   "language": "en", 
   "lines": [
    "awake"
   ]
  }, 
  {
   "begin": "11.760", 
   "end": "12.200", 
   "id": "f000026", 
   "language": "en", 
   "lines": [
    "now."
   ]
  }, 
  {
   "begin": "12.200", 
   "end": "13.200", 
   "id": "f000027", 
   "language": "en", 
   "lines": [
    "\u201cI\u2019ve"
   ]
  }, 
  {
   "begin": "13.200", 
   "end": "13.560", 
   "id": "f000028", 
   "language": "en", 
   "lines": [
    "been"
   ]
  }, 
  {
   "begin": "13.560", 
   "end": "14.920", 
   "id": "f000029", 
   "language": "en", 
   "lines": [
    "dreaming,\u201d"
   ]
  }, 
  {
   "begin": "14.920", 
   "end": "15.000", 
   "id": "f000030", 
   "language": "en", 
   "lines": [
    "he"
   ]
  }, 
  {
   "begin": "15.000", 
   "end": "15.360", 
   "id": "f000031", 
   "language": "en", 
   "lines": [
    "said"
   ]
  }, 
  {
   "begin": "15.360", 
   "end": "15.560", 
   "id": "f000032", 
   "language": "en", 
   "lines": [
    "to"
   ]
  }, 
  {
   "begin": "15.560", 
   "end": "16.200", 
   "id": "f000033", 
   "language": "en", 
   "lines": [
    "himself."
   ]
  }, 
  {
   "begin": "16.200", 
   "end": "17.480", 
   "id": "f000034", 
   "language": "en", 
   "lines": [
    "\u201cWhat"
   ]
  }, 
  {
   "begin": "17.480", 
   "end": "17.520", 
   "id": "f000035", 
   "language": "en", 
   "lines": [
    "a"
   ]
  }, 
  {
   "begin": "17.520", 
   "end": "18.000", 
   "id": "f000036", 
   "language": "en", 
   "lines": [
    "strange"
   ]
  }, 
  {
   "begin": "18.000", 
   "end": "18.280", 
   "id": "f000037", 
   "language": "en", 
   "lines": [
    "dream"
   ]
  }, 
  {
   "begin": "18.280", 
   "end": "18.560", 
   "id": "f000038", 
   "language": "en", 
   "lines": [
    "I\u2019ve"
   ]
  }, 
  {
   "begin": "18.560", 
   "end": "19.560", 
   "id": "f000039", 
   "language": "en", 
   "lines": [
    "had!\u201d"
   ]
  }, 
  {
   "begin": "19.560", 
   "end": "19.960", 
   "id": "f000040", 
   "language": "en", 
   "lines": [
    "Raju"
   ]
  }, 
  {
   "begin": "19.960", 
   "end": "20.040", 
   "id": "f000041", 
   "language": "en", 
   "lines": [
    "got"
   ]
  }, 
  {
   "begin": "20.040", 
   "end": "20.360", 
   "id": "f000042", 
   "language": "en", 
   "lines": [
    "out"
   ]
  }, 
  {
   "begin": "20.360", 
   "end": "20.600", 
   "id": "f000043", 
   "language": "en", 
   "lines": [
    "of"
   ]
  }, 
  {
   "begin": "20.600", 
   "end": "21.080", 
   "id": "f000044", 
   "language": "en", 
   "lines": [
    "bed,"
   ]
  }, 
  {
   "begin": "21.080", 
   "end": "21.640", 
   "id": "f000045", 
   "language": "en", 
   "lines": [
    "smiling"
   ]
  }, 
  {
   "begin": "21.640", 
   "end": "21.800", 
   "id": "f000046", 
   "language": "en", 
   "lines": [
    "to"
   ]
  }, 
  {
   "begin": "21.800", 
   "end": "22.400", 
   "id": "f000047", 
   "language": "en", 
   "lines": [
    "himself."
   ]
  }, 
  {
   "begin": "22.400", 
   "end": "23.160", 
   "id": "f000048", 
   "language": "en", 
   "lines": [
    "He"
   ]
  }, 
  {
   "begin": "23.160", 
   "end": "23.360", 
   "id": "f000049", 
   "language": "en", 
   "lines": [
    "would"
   ]
  }, 
  {
   "begin": "23.360", 
   "end": "23.560", 
   "id": "f000050", 
   "language": "en", 
   "lines": [
    "have"
   ]
  }, 
  {
   "begin": "23.560", 
   "end": "23.720", 
   "id": "f000051", 
   "language": "en", 
   "lines": [
    "to"
   ]
  }, 
  {
   "begin": "23.720", 
   "end": "24.160", 
   "id": "f000052", 
   "language": "en", 
   "lines": [
    "hurry"
   ]
  }, 
  {
   "begin": "24.160", 
   "end": "24.440", 
   "id": "f000053", 
   "language": "en", 
   "lines": [
    "if"
   ]
  }, 
  {
   "begin": "24.440", 
   "end": "24.840", 
   "id": "f000054", 
   "language": "en", 
   "lines": [
    "he"
   ]
  }, 
  {
   "begin": "24.840", 
   "end": "25.200", 
   "id": "f000055", 
   "language": "en", 
   "lines": [
    "wanted"
   ]
  }, 
  {
   "begin": "25.200", 
   "end": "25.400", 
   "id": "f000056", 
   "language": "en", 
   "lines": [
    "to"
   ]
  }, 
  {
   "begin": "25.400", 
   "end": "25.560", 
   "id": "f000057", 
   "language": "en", 
   "lines": [
    "get"
   ]
  }, 
  {
   "begin": "25.560", 
   "end": "25.680", 
   "id": "f000058", 
   "language": "en", 
   "lines": [
    "to"
   ]
  }, 
  {
   "begin": "25.680", 
   "end": "26.160", 
   "id": "f000059", 
   "language": "en", 
   "lines": [
    "school"
   ]
  }, 
  {
   "begin": "26.160", 
   "end": "26.440", 
   "id": "f000060", 
   "language": "en", 
   "lines": [
    "on"
   ]
  }, 
  {
   "begin": "26.440", 
   "end": "27.560", 
   "id": "f000061", 
   "language": "en", 
   "lines": [
    "time."
   ]
  }
 ]
}