{
 "fragments": [
  {
   "begin": "0.000", 
   "end": "0.680", 
   "id": "f000001", 
   "language": "en", 
   "lines": [
    "One"
   ]
  }, 
  {
   "begin": "0.680", 
   "end": "1.080", 
   "id": "f000002", 
   "language": "en", 
   "lines": [
    "morning"
   ]
  }, 
  {
   "begin": "1.080", 
   "end": "1.360", 
   "id": "f000003", 
   "language": "en", 
   "lines": [
    "not"
   ]
  }, 
  {
   "begin": "1.360", 
   "end": "2.000", 
   "id": "f000004", 
   "language": "en", 
   "lines": [
    "so"
   ]
  }, 
  {
   "begin": "2.000", 
   "end": "2.560", 
   "id": "f000005", 
   "language": "en", 
   "lines": [
    "long"
   ]
  }, 
  {
   "begin": "2.560", 
   "end": "2.720", 
   "id": "f000006", 
   "language": "en", 
   "lines": [
    "ago,"
   ]
  }, 
  {
   "begin": "2.720", 
   "end": "3.160", 
   "id": "f000007", 
   "language": "en", 
   "lines": [
    "Raju"
   ]
  }, 
  {
   "begin": "3.160", 
   "end": "3.480", 
   "id": "f000008", 
   "language": "en", 
   "lines": [
    "was"
   ]
  }, 
  {
   "begin": "3.480", 
   "end": "3.600", 
   "id": "f000009", 
   "language": "en", 
   "lines": [
    "on"
   ]
  }, 
  {
   "begin": "3.600", 
   "end": "3.840", 
   "id": "f000010", 
   "language": "en", 
   "lines": [
    "his"
   ]
  }, 
  {
   "begin": "3.840", 
   "end": "4.040", 
   "id": "f000011", 
   "language": "en", 
   "lines": [
    "way"
   ]
  }, 
  {
   "begin": "4.040", 
   "end": "4.160", 
   "id": "f000012", 
   "language": "en", 
   "lines": [
    "to"
   ]
  }, 
  {
   "begin": "4.160", 
   "end": "4.640", 
   "id": "f000013", 
   "language": "en", 
   "lines": [
    "school"
   ]
  }, 
  {
   "begin": "4.640", 
   "end": "4.920", 
   "id": "f000014", 
   "language": "en", 
   "lines": [
    "as"
   ]
  }, 
  {
   "begin": "4.920", 
   "end": "6.640", 
   "id": "f000015", 
   "language": "en", 
   "lines": [
    "usual."
   ]
  }, 
  {
   "begin": "6.640", 
   "end": "6.920", 
   "id": "f000016", 
   "language": "en", 
   "lines": [
    "He"
   ]
  }, 
  {
   "begin": "6.920", 
   "end": "7.200", 
   "id": "f000017", 
   "language": "en", 
   "lines": [
    "loved"
   ]
  }, 
  {
   "begin": "7.200", 
   "end": "7.400", 
   "id": "f000018", 
   "language": "en", 
   "lines": [
    "school"
   ]
  }, 
  {
   "begin": "7.400", 
   "end": "8.000", 
   "id": "f000019", 
   "language": "en", 
   "lines": [
    "and"
   ]
  }, 
  {
   "begin": "8.000", 
   "end": "8.320", 
   "id": "f000020", 
   "language": "en", 
   "lines": [
    "was"
   ]
  }, 
  {
   "begin": "8.320", 
   "end": "8.840", 
   "id": "f000021", 
   "language": "en", 
   "lines": [
    "walking"
   ]
  }, 
  {
   "begin": "8.840", 
   "end": "9.120", 
   "id": "f000022", 
   "language": "en", 
   "lines": [
    "along"
   ]
  }, 
  {
   "begin": "9.120", 
   "end": "10.080", 
   "id": "f000023", 
   "language": "en", 
   "lines": [
    "happily,"
   ]
  }, 
  {
   "begin": "10.080", 
   "end": "10.440", 
   "id": "f000024", 
   "language": "en", 
   "lines": [
    "looking"
   ]
  }, 
  {
   "begin": "10.440", 
   "end": "10.920", 
   "id": "f000025", 
   "language": "en", 
   "lines": [
    "forward"
   ]
  }, 
  {
   "begin": "10.920", 
   "end": "11.080", 
   "id": "f000026", 
   "language": "en", 
   "lines": [
    "to"
   ]
  }, 
  {
   "begin": "11.080", 
   "end": "11.200", 
   "id": "f000027", 
   "language": "en", 
   "lines": [
    "the"
   ]
  }, 
  {
   "begin": "11.200", 
   "end": "12.320", 
   "id": "f000028", 
   "language": "en", 
   "lines": [
    "day."
   ]
  }, 
  {
   "begin": "12.320", 
   "end": "12.480", 
   "id": "f000029", 
   "language": "en", 
   "lines": [
    "That"
   ]
  }, 
  {
   "begin": "12.480", 
   "end": "12.760", 
   "id": "f000030", 
   "language": "en", 
   "lines": [
    "was"
   ]
  }, 
  {
   "begin": "12.760", 
   "end": "12.920", 
   "id": "f000031", 
   "language": "en", 
   "lines": [
    "when"
   ]
  }, 
  {
   "begin": "12.920", 
   "end": "12.920", 
   "id": "f000032", 
   "language": "en", 
   "lines": [
    "he"
   ]
  }, 
  {
   "begin": "12.920", 
   "end": "13.360", 
   "id": "f000033", 
   "language": "en", 
   "lines": [
    "saw"
   ]
  }, 
  {
   "begin": "13.360", 
   "end": "13.960", 
   "id": "f000034", 
   "language": "en", 
   "lines": [
    "something"
   ]
  }, 
  {
   "begin": "13.960", 
   "end": "14.520", 
   "id": "f000035", 
   "language": "en", 
   "lines": [
    "very"
   ]
  }, 
  {
   "begin": "14.520", 
   "end": "15.800", 
   "id": "f000036", 
   "language": "en", 
   "lines": [
    "strange:"
   ]
  }, 
  {
   "begin": "15.800", 
   "end": "16.400", 
   "id": "f000037", 
   "language": "en", 
   "lines": [
    "ahead"
   ]
  }, 
  {
   "begin": "16.400", 
   "end": "16.920", 
   "id": "f000038", 
   "language": "en", 
   "lines": [
    "of"
   ]
  }, 
  {
   "begin": "16.920", 
   "end": "16.960", 
   "id": "f000039", 
   "language": "en", 
   "lines": [
    "him"
   ]
  }, 
  {
   "begin": "16.960", 
   "end": "17.120", 
   "id": "f000040", 
   "language": "en", 
   "lines": [
    "were"
   ]
  }, 
  {
   "begin": "17.120", 
   "end": "17.480", 
   "id": "f000041", 
   "language": "en", 
   "lines": [
    "some"
   ]
  }, 
  {
   "begin": "17.480", 
   "end": "18.120", 
   "id": "f000042", 
   "language": "en", 
   "lines": [
    "unusual"
   ]
  }, 
  {
   "begin": "18.120", 
   "end": "19.120", 
   "id": "f000043", 
   "language": "en", 
   "lines": [
    "shapes,"
   ]
  }, 
  {
   "begin": "19.120", 
   "end": "19.440", 
   "id": "f000044", 
   "language": "en", 
   "lines": [
    "heading"
   ]
  }, 
  {
   "begin": "19.440", 
   "end": "19.880", 
   "id": "f000045", 
   "language": "en", 
   "lines": [
    "towards"
   ]
  }, 
  {
   "begin": "19.880", 
   "end": "20.240", 
   "id": "f000046", 
   "language": "en", 
   "lines": [
    "school"
   ]
  }, 
  {
   "begin": "20.240", 
   "end": "21.640", 
   "id": "f000047", 
   "language": "en", 
   "lines": [
    "themselves,"
   ]
  }, 
  {
   "begin": "21.640", 
   "end": "22.720", 
   "id": "f000048", 
   "language": "en", 
   "lines": [
    "schoolbags"
   ]
  }, 
  {
   "begin": "22.720", 
   "end": "23.280", 
   "id": "f000049", 
   "language": "en", 
   "lines": [
    "slung"
   ]
  }, 
  {
   "begin": "23.280", 
   "end": "23.520", 
   "id": "f000050", 
   "language": "en", 
   "lines": [
    "over"
   ]
  }, 
  {
   "begin": "23.520", 
   "end": "23.720", 
   "id": "f000051", 
   "language": "en", 
   "lines": [
    "their"
   ]
  }, 
  {
   "begin": "23.720", 
   "end": "24.960", 
   "id": "f000052", 
   "language": "en", 
   "lines": [
    "shoulders."
   ]
  }
 ]
}