{
 "fragments": [
  {
   "begin": "0.000", 
   "end": "0.400", 
   "id": "f000001", 
   "language": "en", 
   "lines": [
    "A"
   ]
  }, 
  {
   "begin": "0.400", 
   "end": "0.800", 
   "id": "f000002", 
   "language": "en", 
   "lines": [
    "little"
   ]
  }, 
  {
   "begin": "0.800", 
   "end": "1.120", 
   "id": "f000003", 
   "language": "en", 
   "lines": [
    "while"
   ]
  }, 
  {
   "begin": "1.120", 
   "end": "1.960", 
   "id": "f000004", 
   "language": "en", 
   "lines": [
    "later,"
   ]
  }, 
  {
   "begin": "1.960", 
   "end": "2.400", 
   "id": "f000005", 
   "language": "en", 
   "lines": [
    "Raju"
   ]
  }, 
  {
   "begin": "2.400", 
   "end": "2.760", 
   "id": "f000006", 
   "language": "en", 
   "lines": [
    "looked"
   ]
  }, 
  {
   "begin": "2.760", 
   "end": "3.040", 
   "id": "f000007", 
   "language": "en", 
   "lines": [
    "back"
   ]
  }, 
  {
   "begin": "3.040", 
   "end": "3.480", 
   "id": "f000008", 
   "language": "en", 
   "lines": [
    "to"
   ]
  }, 
  {
   "begin": "3.480", 
   "end": "3.840", 
   "id": "f000009", 
   "language": "en", 
   "lines": [
    "see"
   ]
  }, 
  {
   "begin": "3.840", 
   "end": "3.960", 
   "id": "f000010", 
   "language": "en", 
   "lines": [
    "if"
   ]
  }, 
  {
   "begin": "3.960", 
   "end": "4.040", 
   "id": "f000011", 
   "language": "en", 
   "lines": [
    "the"
   ]
  }, 
  {
   "begin": "4.040", 
   "end": "4.800", 
   "id": "f000012", 
   "language": "en", 
   "lines": [
    "vegetables"
   ]
  }, 
  {
   "begin": "4.800", 
   "end": "5.120", 
   "id": "f000013", 
   "language": "en", 
   "lines": [
    "were"
   ]
  }, 
  {
   "begin": "5.120", 
   "end": "5.320", 
   "id": "f000014", 
   "language": "en", 
   "lines": [
    "still"
   ]
  }, 
  {
   "begin": "5.320", 
   "end": "5.720", 
   "id": "f000015", 
   "language": "en", 
   "lines": [
    "around."
   ]
  }, 
  {
   "begin": "5.720", 
   "end": "5.720", 
   "id": "f000016", 
   "language": "en", 
   "lines": [
    "That"
   ]
  }, 
  {
   "begin": "5.720", 
   "end": "5.720", 
   "id": "f000017", 
   "language": "en", 
   "lines": [
    "was"
   ]
  }, 
  {
   "begin": "5.720", 
   "end": "6.520", 
   "id": "f000018", 
   "language": "en", 
   "lines": [
    "when"
   ]
  }, 
  {
   "begin": "6.520", 
   "end": "6.800", 
   "id": "f000019", 
   "language": "en", 
   "lines": [
    "he"
   ]
  }, 
  {
   "begin": "6.800", 
   "end": "7.320", 
   "id": "f000020", 
   "language": "en", 
   "lines": [
    "had"
   ]
  }, 
  {
   "begin": "7.320", 
   "end": "7.920", 
   "id": "f000021", 
   "language": "en", 
   "lines": [
    "his"
   ]
  }, 
  {
   "begin": "7.920", 
   "end": "8.320", 
   "id": "f000022", 
   "language": "en", 
   "lines": [
    "second"
   ]
  }, 
  {
   "begin": "8.320", 
   "end": "9.000", 
   "id": "f000023", 
   "language": "en", 
   "lines": [
    "surprise"
   ]
  }, 
  {
   "begin": "9.000", 
   "end": "9.000", 
   "id": "f000024", 
   "language": "en", 
   "lines": [
    "of"
   ]
  }, 
  {
   "begin": "9.000", 
   "end": "9.040", 
   "id": "f000025", 
   "language": "en", 
   "lines": [
    "the"
   ]
  }, 
  {
   "begin": "9.040", 
   "end": "10.200", 
   "id": "f000026", 
   "language": "en", 
   "lines": [
    "morning."
   ]
  }, 
  {
   "begin": "10.200", 
   "end": "10.320", 
   "id": "f000027", 
   "language": "en", 
   "lines": [
    "A"
   ]
  }, 
  {
   "begin": "10.320", 
   "end": "10.880", 
   "id": "f000028", 
   "language": "en", 
   "lines": [
    "parade"
   ]
  }, 
  {
   "begin": "10.880", 
   "end": "11.040", 
   "id": "f000029", 
   "language": "en", 
   "lines": [
    "of"
   ]
  }, 
  {
   "begin": "11.040", 
   "end": "11.440", 
   "id": "f000030", 
   "language": "en", 
   "lines": [
    "green"
   ]
  }, 
  {
   "begin": "11.440", 
   "end": "11.760", 
   "id": "f000031", 
   "language": "en", 
   "lines": [
    "leafy"
   ]
  }, 
  {
   "begin": "11.760", 
   "end": "12.680", 
   "id": "f000032", 
   "language": "en", 
   "lines": [
    "vegetables"
   ]
  }, 
  {
   "begin": "12.680", 
   "end": "13.040", 
   "id": "f000033", 
   "language": "en", 
   "lines": [
    "had"
   ]
  }, 
  {
   "begin": "13.040", 
   "end": "13.320", 
   "id": "f000034", 
   "language": "en", 
   "lines": [
    "now"
   ]
  }, 
  {
   "begin": "13.320", 
   "end": "13.640", 
   "id": "f000035", 
   "language": "en", 
   "lines": [
    "joined"
   ]
  }, 
  {
   "begin": "13.640", 
   "end": "14.040", 
   "id": "f000036", 
   "language": "en", 
   "lines": [
    "the"
   ]
  }, 
  {
   "begin": "14.040", 
   "end": "14.120", 
   "id": "f000037", 
   "language": "en", 
   "lines": [
    "root"
   ]
  }, 
  {
   "begin": "14.120", 
   "end": "15.320", 
   "id": "f000038", 
   "language": "en", 
   "lines": [
    "vegetables."
   ]
  }, 
  {
   "begin": "15.320", 
   "end": "15.600", 
   "id": "f000039", 
   "language": "en", 
   "lines": [
    "They"
   ]
  }, 
  {
   "begin": "15.600", 
   "end": "16.000", 
   "id": "f000040", 
   "language": "en", 
   "lines": [
    "were"
   ]
  }, 
  {
   "begin": "16.000", 
   "end": "16.400", 
   "id": "f000041", 
   "language": "en", 
   "lines": [
    "also"
   ]
  }, 
  {
   "begin": "16.400", 
   "end": "16.760", 
   "id": "f000042", 
   "language": "en", 
   "lines": [
    "marching"
   ]
  }, 
  {
   "begin": "16.760", 
   "end": "17.120", 
   "id": "f000043", 
   "language": "en", 
   "lines": [
    "towards"
   ]
  }, 
  {
   "begin": "17.120", 
   "end": "17.440", 
   "id": "f000044", 
   "language": "en", 
   "lines": [
    "his"
   ]
  }, 
  {
   "begin": "17.440", 
   "end": "17.840", 
   "id": "f000045", 
   "language": "en", 
   "lines": [
    "school,"
   ]
  }, 
  {
   "begin": "17.840", 
   "end": "18.480", 
   "id": "f000046", 
   "language": "en", 
   "lines": [
    "their"
   ]
  }, 
  {
   "begin": "18.480", 
   "end": "19.280", 
   "id": "f000047", 
   "language": "en", 
   "lines": [
    "schoolbags"
   ]
  }, 
  {
   "begin": "19.280", 
   "end": "19.480", 
   "id": "f000048", 
   "language": "en", 
   "lines": [
    "over"
   ]
  }, 
  {
   "begin": "19.480", 
   "end": "19.720", 
   "id": "f000049", 
   "language": "en", 
   "lines": [
    "their"
   ]
  }, 
  {
   "begin": "19.720", 
   "end": "20.760", 
   "id": "f000050", 
   "language": "en", 
   "lines": [
    "shoulders."
   ]
  }
 ]
}