{
 "fragments": [
  {
   "begin": "0.000", 
   "end": "0.240", 
   "id": "f000001", 
   "language": "en", 
   "lines": [
    "Now"
   ]
  }, 
  {
   "begin": "0.240", 
   "end": "0.680", 
   "id": "f000002", 
   "language": "en", 
   "lines": [
    "that"
   ]
  }, 
  {
   "begin": "0.680", 
   "end": "0.800", 
   "id": "f000003", 
   "language": "en", 
   "lines": [
    "he"
   ]
  }, 
  {
   "begin": "0.800", 
   "end": "1.120", 
   "id": "f000004", 
   "language": "en", 
   "lines": [
    "was"
   ]
  }, 
  {
   "begin": "1.120", 
   "end": "1.360", 
   "id": "f000005", 
   "language": "en", 
   "lines": [
    "part"
   ]
  }, 
  {
   "begin": "1.360", 
   "end": "1.480", 
   "id": "f000006", 
   "language": "en", 
   "lines": [
    "of"
   ]
  }, 
  {
   "begin": "1.480", 
   "end": "1.600", 
   "id": "f000007", 
   "language": "en", 
   "lines": [
    "the"
   ]
  }, 
  {
   "begin": "1.600", 
   "end": "2.000", 
   "id": "f000008", 
   "language": "en", 
   "lines": [
    "parade"
   ]
  }, 
  {
   "begin": "2.000", 
   "end": "3.360", 
   "id": "f000009", 
   "language": "en", 
   "lines": [
    "himself,"
   ]
  }, 
  {
   "begin": "3.360", 
   "end": "3.920", 
   "id": "f000010", 
   "language": "en", 
   "lines": [
    "Raju's"
   ]
  }, 
  {
   "begin": "3.920", 
   "end": "4.360", 
   "id": "f000011", 
   "language": "en", 
   "lines": [
    "joy"
   ]
  }, 
  {
   "begin": "4.360", 
   "end": "4.640", 
   "id": "f000012", 
   "language": "en", 
   "lines": [
    "knew"
   ]
  }, 
  {
   "begin": "4.640", 
   "end": "4.920", 
   "id": "f000013", 
   "language": "en", 
   "lines": [
    "no"
   ]
  }, 
  {
   "begin": "4.920", 
   "end": "6.200", 
   "id": "f000014", 
   "language": "en", 
   "lines": [
    "bounds."
   ]
  }, 
  {
   "begin": "6.200", 
   "end": "6.560", 
   "id": "f000015", 
   "language": "en", 
   "lines": [
    "No"
   ]
  }, 
  {
   "begin": "6.560", 
   "end": "6.840", 
   "id": "f000016", 
   "language": "en", 
   "lines": [
    "one"
   ]
  }, 
  {
   "begin": "6.840", 
   "end": "6.960", 
   "id": "f000017", 
   "language": "en", 
   "lines": [
    "he"
   ]
  }, 
  {
   "begin": "6.960", 
   "end": "7.440", 
   "id": "f000018", 
   "language": "en", 
   "lines": [
    "knew"
   ]
  }, 
  {
   "begin": "7.440", 
   "end": "7.880", 
   "id": "f000019", 
   "language": "en", 
   "lines": [
    "had"
   ]
  }, 
  {
   "begin": "7.880", 
   "end": "8.160", 
   "id": "f000020", 
   "language": "en", 
   "lines": [
    "ever"
   ]
  }, 
  {
   "begin": "8.160", 
   "end": "8.400", 
   "id": "f000021", 
   "language": "en", 
   "lines": [
    "gone"
   ]
  }, 
  {
   "begin": "8.400", 
   "end": "8.680", 
   "id": "f000022", 
   "language": "en", 
   "lines": [
    "to"
   ]
  }, 
  {
   "begin": "8.680", 
   "end": "9.040", 
   "id": "f000023", 
   "language": "en", 
   "lines": [
    "school"
   ]
  }, 
  {
   "begin": "9.040", 
   "end": "9.280", 
   "id": "f000024", 
   "language": "en", 
   "lines": [
    "as"
   ]
  }, 
  {
   "begin": "9.280", 
   "end": "9.360", 
   "id": "f000025", 
   "language": "en", 
   "lines": [
    "part"
   ]
  }, 
  {
   "begin": "9.360", 
   "end": "9.560", 
   "id": "f000026", 
   "language": "en", 
   "lines": [
    "of"
   ]
  }, 
  {
   "begin": "9.560", 
   "end": "9.800", 
   "id": "f000027", 
   "language": "en", 
   "lines": [
    "a"
   ]
  }, 
  {
   "begin": "9.800", 
   "end": "10.400", 
   "id": "f000028", 
   "language": "en", 
   "lines": [
    "vegetable"
   ]
  }, 
  {
   "begin": "10.400", 
   "end": "10.880", 
   "id": "f000029", 
   "language": "en", 
   "lines": [
    "parade"
   ]
  }, 
  {
   "begin": "10.880", 
   "end": "11.560", 
   "id": "f000030", 
   "language": "en", 
   "lines": [
    "before!"
   ]
  }
 ]
}