{
 "fragments": [
  {
   "begin": "0.000", 
   "end": "0.640", 
   "id": "f000001", 
   "language": "en", 
   "lines": [
    "Soon"
   ]
  }, 
  {
   "begin": "0.640", 
   "end": "1.200", 
   "id": "f000002", 
   "language": "en", 
   "lines": [
    "granny"
   ]
  }, 
  {
   "begin": "1.200", 
   "end": "1.880", 
   "id": "f000003", 
   "language": "en", 
   "lines": [
    "came"
   ]
  }, 
  {
   "begin": "1.880", 
   "end": "2.320", 
   "id": "f000004", 
   "language": "en", 
   "lines": [
    "back"
   ]
  }, 
  {
   "begin": "2.320", 
   "end": "4.240", 
   "id": "f000005", 
   "language": "en", 
   "lines": [
    "from"
   ]
  }, 
  {
   "begin": "4.240", 
   "end": "4.760", 
   "id": "f000006", 
   "language": "en", 
   "lines": [
    "her"
   ]
  }, 
  {
   "begin": "4.760", 
   "end": "4.840", 
   "id": "f000007", 
   "language": "en", 
   "lines": [
    "walk."
   ]
  }, 
  {
   "begin": "4.840", 
   "end": "5.080", 
   "id": "f000008", 
   "language": "en", 
   "lines": [
    "\"Look"
   ]
  }, 
  {
   "begin": "5.080", 
   "end": "5.240", 
   "id": "f000009", 
   "language": "en", 
   "lines": [
    "what"
   ]
  }, 
  {
   "begin": "5.240", 
   "end": "5.600", 
   "id": "f000010", 
   "language": "en", 
   "lines": [
    "I"
   ]
  }, 
  {
   "begin": "5.600", 
   "end": "6.520", 
   "id": "f000011", 
   "language": "en", 
   "lines": [
    "found"
   ]
  }, 
  {
   "begin": "6.520", 
   "end": "6.560", 
   "id": "f000012", 
   "language": "en", 
   "lines": [
    "in"
   ]
  }, 
  {
   "begin": "6.560", 
   "end": "6.560", 
   "id": "f000013", 
   "language": "en", 
   "lines": [
    "the"
   ]
  }, 
  {
   "begin": "6.560", 
   "end": "7.360", 
   "id": "f000014", 
   "language": "en", 
   "lines": [
    "park.\""
   ]
  }
 ]
}