{
 "fragments": [
  {
   "begin": "0.000", 
   "end": "0.320", 
   "id": "f000001", 
   "language": "en", 
   "lines": [
    "Not"
   ]
  }, 
  {
   "begin": "0.320", 
   "end": "0.600", 
   "id": "f000002", 
   "language": "en", 
   "lines": [
    "in"
   ]
  }, 
  {
   "begin": "0.600", 
   "end": "1.080", 
   "id": "f000003", 
   "language": "en", 
   "lines": [
    "the"
   ]
  }, 
  {
   "begin": "1.080", 
   "end": "1.480", 
   "id": "f000004", 
   "language": "en", 
   "lines": [
    "box."
   ]
  }, 
  {
   "begin": "1.480", 
   "end": "2.880", 
   "id": "f000005", 
   "language": "en", 
   "lines": [
    "Not"
   ]
  }, 
  {
   "begin": "2.880", 
   "end": "3.040", 
   "id": "f000006", 
   "language": "en", 
   "lines": [
    "under"
   ]
  }, 
  {
   "begin": "3.040", 
   "end": "3.440", 
   "id": "f000007", 
   "language": "en", 
   "lines": [
    "my"
   ]
  }, 
  {
   "begin": "3.440", 
   "end": "3.960", 
   "id": "f000008", 
   "language": "en", 
   "lines": [
    "sister's"
   ]
  }, 
  {
   "begin": "3.960", 
   "end": "4.880", 
   "id": "f000009", 
   "language": "en", 
   "lines": [
    "frock."
   ]
  }
 ]
}