{"id":6,"name":"Lost and Found","writtenby":"Sukhada Rahalkar","illustrationsby":"Sukhada Rahalkar","translationby":"","source":"Pratham Books","status":"active","level":1,"pages":[{"id":41,"content":"Not here, not there. Where have you gone?","pageno":1,"image":"38c8e530957de6a0af246120bccdfe89.jpg","audio":"7624cd817bb021f1a4e48f05c576abd8.mp3","audio_map":"85e9a4e50cbfab5b353c7ebf6b407538.json","language":[]},{"id":42,"content":"Not on the sofa. Not under the cot.","pageno":2,"image":"92757689af97ef1761ff6b5bc53d189f.jpg","audio":"9d8efef5756fd864ea4bcdbca675c199.mp3","audio_map":"a1096faab1952bb5bd872a3126db23fb.json","language":[]},{"id":43,"content":"Not in the box. Not under my sister's frock.","pageno":3,"image":"2bcd5d8085419188db761ae9c19ca829.jpg","audio":"0ee74e07db9f19dd5cb021c92e5a73cb.mp3","audio_map":"545cf1a8121ad8928b3fdff6401e0612.json","language":[]},{"id":44,"content":"Not under the pillow. Not in my bag. Sob, sob, where have you gone?","pageno":4,"image":"8cdc1f4526dc4059c92118725fc68bdc.jpg","audio":"c6c5888d3aa6f3e6e013b27a6dc243f6.mp3","audio_map":"9118edaf25e6d0b7490c3bd9e3e8a0dd.json","language":[]},{"id":45,"content":"I have looked in every room, \nl have looked under every book.","pageno":5,"image":"f4062633865e7c356eac2ea00cbc017f.jpg","audio":"a6bb34d1ee1521b0cfc14cf1347d2ed1.mp3","audio_map":"7d5dd29e4b84d3c6961f81d19b157cc5.json","language":[]},{"id":46,"content":"I have looked under the chair, I have looked under the stool. Where have you gone?","pageno":6,"image":"901455431a01c90d85c8fce1757fca78.jpg","audio":"aa1574619eb099ae4eb1fa2da424eacd.mp3","audio_map":"a6ebd52b13a852048b887db3a5c602df.json","language":[]},{"id":47,"content":"Soon granny came back from her walk. \"Look what I found in the park.\"","pageno":7,"image":"8cb3d2ee7d8637dc568de0be7dcdd40f.jpg","audio":"56a05ee18160d99e6408e1c478098bee.mp3","audio_map":"21759b8723b32c15e3d5da0baedb85c4.json","language":[]},{"id":48,"content":"\"It can sway, it can bounce. It can spin, it can dangle. Ha-ha, hee-hee,\" said Granny with a giggle.","pageno":8,"image":"260256fd5407da2d2e802cbfce9b01ce.jpg","audio":"73a57c1f17d8b87d7e68a7923328f3d3.mp3","audio_map":"bb3db8e3eb5bff958e6d63d9a11fd240.json","language":[]},{"id":49,"content":"Oh Granny! Thank you so much! You have found my dear yo-yo!","pageno":9,"image":"7d98482c6fc5b1db67a24f4ce902124b.jpg","audio":"70b37aca5cb68b79f6b5c65963a3705b.mp3","audio_map":"ff360e426c8f63375417163767ef1457.json","language":[]},{"id":50,"content":"\"Yo-yo? What a funny name! What a funny toy! I want to play with it, It gives me so much joy!\"","pageno":10,"image":"cc043aee701eb861ee6b7eb9317371eb.jpg","audio":"2e25fe7a0e7b2e52f343a2d43d92fbb2.mp3","audio_map":"7e143e13e59731a19c94b52d48cc6232.json","language":[]},{"id":51,"content":"Giggle, giggle, giggling away, Granny played, with my little toy. For the rest of the day!","pageno":11,"image":"8a702a2ca46297a4c514f4ed5716cd10.jpg","audio":"c88449b2b1de1df46cf21a5849faee73.mp3","audio_map":"9611692ef388a3c5f8c5ba1dc27f992f.json","language":[]}],"language":[],"questions":[{"id":5707,"type":"pre","storypage_id":0,"order_number":1,"title":"Learning new words","question":{"question_type":"vocabulary","question":{"text":"Learning new words","image":"","type":"text"},"words":[{"word":"frock","image":"4ad041d659348aa8b99515a71413fada.png"},{"word":"granny","image":"8fb5c92846a5368137fbcf09b2af6a28.png"},{"word":"stool","image":"62e3947c784dd63b604973f8f81f179f.png"},{"word":"yo-yo","image":"0fd2fe20aa77a35438171c7b3508b384.png"}]},"score":1,"question_template_id":21,"question_template":"Vocab"},{"id":5737,"type":"pre","storypage_id":0,"order_number":2,"title":"What do you think this story is about?","question":{"question_type":"mcq_single_answer","question":{"text":"What do you think this story is about?","image":"","type":"text"},"options":[{"text":"Something lost","type":"text","image":"","ans":1},{"text":"Something found","type":"text","image":"","ans":1},{"text":"A boy","type":"text","image":"","ans":0},{"text":"An old lady","type":"text","image":"","ans":0}],"answers":["Something lost","Something found"]},"score":1,"question_template_id":2,"question_template":"Text MCQ"},{"id":5761,"type":"post","storypage_id":0,"order_number":1,"title":"What is happening in this picture?","question":{"question_type":"story_read_aloud","question":{"text":"What is happening in this picture?","image":"9394aa0f3bc55872745d21f366cbeb15.jpg","type":"both"}},"score":1,"question_template_id":8,"question_template":"MCQ with images"},{"id":5738,"type":"during","storypage_id":41,"order_number":1,"title":"Choose the correct answer.","question":{"question_type":"mcq_single_answer","question":{"text":"What is the boy doing at the start of the story?","image":"","type":"text"},"options":[{"text":"He's looking for something.","type":"both","image":"50bfc671bd4695b60d8e08ff5c238b4a.png","ans":1},{"text":"He's found something.","type":"both","image":"8831b4c0abe7daa604b1911cbacdad05.png","ans":0},{"text":"He's playing a game.","type":"both","image":"9c758973c97450be3459283eb24361be.png","ans":0},{"text":"He's eating a meal.","type":"both","image":"d6f6292140e5e03a64105574620f46c3.png","ans":0}],"answers":["He's looking for something."]},"score":1,"question_template_id":2,"question_template":"Text MCQ"},{"id":5739,"type":"during","storypage_id":42,"order_number":2,"title":"Choose the two correct answers from the list of options.","question":{"question_type":"mcq_multiple_answer","question":{"text":"What are the first two places the boy searches?","image":"","type":"text"},"options":[{"text":"The sofa","type":"both","image":"496fe6b339e55391c2576b824618d3b8.png","ans":1},{"text":"The cot","type":"both","image":"0571c1e7f1d7ab9a94786f7a5f6fa6b8.png","ans":1},{"text":"The bathroom","type":"both","image":"ba26bdea92709754dd3e416817ce790d.png","ans":0},{"text":"The school","type":"both","image":"1cf1a85989ec38ab93f784550848dc9b.png","ans":0}],"answers":["The sofa","The cot"]},"score":1,"question_template_id":2,"question_template":"Text MCQ"},{"id":5740,"type":"during","storypage_id":43,"order_number":3,"title":"Choose the two correct answers from the list of options.","question":{"question_type":"mcq_multiple_answer","question":{"text":"What are the next two places the boy searches?","image":"","type":"text"},"options":[{"text":"A box","type":"both","image":"2c303827a3927d7c63f69b4bbd2f5c6d.png","ans":1},{"text":"His sister's frock","type":"both","image":"46f55c0e7e26dad90d1a478d38b21a8c.png","ans":1},{"text":"The hall","type":"both","image":"d54f1eb6b7eca29ca6ff6dc69e6aeb2a.png","ans":0},{"text":"The bed","type":"both","image":"5905247444128b05ce521587f1fd823d.png","ans":0}],"answers":["A box","His sister's frock"]},"score":1,"question_template_id":2,"question_template":"Text MCQ"},{"id":5741,"type":"during","storypage_id":44,"order_number":4,"title":"Choose the two correct answers from the list of options.","question":{"question_type":"mcq_multiple_answer","question":{"text":"What are the next two places the boy searches?","image":"","type":"text"},"options":[{"text":"Under his pillow","type":"both","image":"b72e62435d2923e0a480456c1c1ee8a3.png","ans":1},{"text":"In his bag","type":"both","image":"c4701d46d5d328c409b8f3d3c359e229.png","ans":1},{"text":"In the kitchen","type":"both","image":"a790a2f029889faf0ceab14d6d2d3ee6.png","ans":0},{"text":"Under some utensils","type":"both","image":"ea909c6d77b3dad2edef4ccb2763342c.png","ans":0}],"answers":["Under his pillow","In his bag"]},"score":1,"question_template_id":12,"question_template":"MCQ Multiple Answer with images"},{"id":5742,"type":"during","storypage_id":46,"order_number":5,"title":"Choose the two correct answers from the list of options.","question":{"question_type":"mcq_multiple_answer","question":{"text":"What are the last two places the boy searches?","image":"","type":"text"},"options":[{"text":"Under the chair","type":"both","image":"fa0e276e0642399bea1f6754676c766c.png","ans":1},{"text":"Under the stool","type":"both","image":"816619dd4287a96bafc8db1d626e377b.png","ans":1},{"text":"In the park","type":"both","image":"f97ee6bcf8e259764e04243c04dab86b.png","ans":0},{"text":"In granny's hair","type":"both","image":"7fb2b104f636c1348cec11f0426e9eb6.png","ans":0}],"answers":["Under the chair","Under the stool"]},"score":1,"question_template_id":12,"question_template":"MCQ Multiple Answer with images"},{"id":5743,"type":"during","storypage_id":48,"order_number":6,"title":"Choose all the correct answers from the options.","question":{"question_type":"mcq_multiple_answer","question":{"text":"What all can the yo-yo Granny found do?","image":"","type":"text"},"options":[{"text":"Sway","type":"both","image":"0b0a6f5b67f8a5c09728dadbde1a242b.png","ans":1},{"text":"Bounce","type":"both","image":"1d761e101411a3ea92ef70bd42923e2f.png","ans":1},{"text":"Spin","type":"both","image":"f628fbbaa85e71d4c09692884817f114.png","ans":1},{"text":"Dangle","type":"both","image":"c7ee5895e8fc11eddf62eb1d4edc697c.png","ans":1}],"answers":["Sway","Bounce","Spin","Dangle"]},"score":1,"question_template_id":12,"question_template":"MCQ Multiple Answer with images"},{"id":5744,"type":"during","storypage_id":49,"order_number":7,"title":"Choose the correct answer.","question":{"question_type":"mcq_single_answer","question":{"text":"Why is the boy so happy with the yo-yo?","image":"","type":"text"},"options":[{"text":"It was what he was searching for.","type":"both","image":"3aa5908280879f3ee9bf3513e41a8b15.png","ans":1},{"text":"He likes yo-yos.","type":"both","image":"0047012c36d1d34453cd425df1c58eb1.png","ans":0},{"text":"He missed his Granny.","type":"both","image":"b5f1db56061532cf2c9b75b1304d3b69.png","ans":0},{"text":"He could finally go to bed.","type":"both","image":"0bd0f04d0eb1af2a7b9ef0f25bd60b20.png","ans":0}],"answers":["It was what he was searching for."]},"score":1,"question_template_id":2,"question_template":"Text MCQ"},{"id":5745,"type":"own_story","storypage_id":0,"order_number":1,"title":"Make your own story!","question":{"question_type":"mcq_single_answer","question":{"text":"My ______ lost his pair of glasses.","image":"","type":"text"},"options":[{"text":"uncle","type":"text","image":"","ans":1},{"text":"father","type":"text","image":"","ans":1},{"text":"grandfather","type":"text","image":"","ans":1},{"text":"cousin","type":"text","image":"","ans":1}],"answers":["uncle","father","grandfather","cousin"]},"score":1,"question_template_id":2,"question_template":"Text MCQ"},{"id":5746,"type":"own_story","storypage_id":0,"order_number":2,"title":"Make your own story!","question":{"question_type":"mcq_single_answer","question":{"text":"He looked for them under _____.","image":"","type":"text"},"options":[{"text":"the chair","type":"text","image":"","ans":1},{"text":"the sofa","type":"text","image":"","ans":1},{"text":"the cot","type":"text","image":"","ans":1},{"text":"the mattress","type":"text","image":"","ans":1}],"answers":["the chair","the sofa","the cot","the mattress"]},"score":1,"question_template_id":2,"question_template":"Text MCQ"},{"id":5747,"type":"own_story","storypage_id":0,"order_number":3,"title":"Make your own story!","question":{"question_type":"mcq_single_answer","question":{"text":"He looked for them on top of _____.","image":"","type":"text"},"options":[{"text":"the cupboard","type":"text","image":"","ans":1},{"text":"the shelves","type":"text","image":"","ans":1},{"text":"the table","type":"text","image":"","ans":1},{"text":"the kitchen counter","type":"text","image":"","ans":1}],"answers":["the cupboard","the shelves","the table","the kitchen counter"]},"score":1,"question_template_id":2,"question_template":"Text MCQ"},{"id":5748,"type":"own_story","storypage_id":0,"order_number":4,"title":"Make your own story!","question":{"question_type":"mcq_single_answer","question":{"text":"He looked for them behind _____.","image":"","type":"text"},"options":[{"text":"the book shelves","type":"text","image":"","ans":1},{"text":"the fridge","type":"text","image":"","ans":1},{"text":"the curtains","type":"text","image":"","ans":1},{"text":"the front door","type":"text","image":"","ans":1}],"answers":["the book shelves","the fridge","the curtains","the front door"]},"score":1,"question_template_id":2,"question_template":"Text MCQ"},{"id":5749,"type":"own_story","storypage_id":0,"order_number":5,"title":"Make your own story!","question":{"question_type":"mcq_single_answer","question":{"text":"But he couldn't find them anywhere! He was very _____ by this.","image":"","type":"text"},"options":[{"text":"sad","type":"text","image":"","ans":1},{"text":"unhappy","type":"text","image":"","ans":1},{"text":"upset","type":"text","image":"","ans":1},{"text":"bothered","type":"text","image":"","ans":1}],"answers":["sad","unhappy","upset","bothered"]},"score":1,"question_template_id":2,"question_template":"Text MCQ"},{"id":5750,"type":"own_story","storypage_id":0,"order_number":6,"title":"Make your own story!","question":{"question_type":"mcq_single_answer","question":{"text":"Finally, I told him to look in the mirror. He got _____ by this.","image":"","type":"text"},"options":[{"text":"confused","type":"text","image":"","ans":1},{"text":"confounded","type":"text","image":"","ans":1},{"text":"mixed-up","type":"text","image":"","ans":1},{"text":"perplexed","type":"text","image":"","ans":1}],"answers":["confused","confounded","mixed-up","perplexed"]},"score":1,"question_template_id":2,"question_template":"Text MCQ"},{"id":5751,"type":"own_story","storypage_id":0,"order_number":7,"title":"Make your own story!","question":{"question_type":"mcq_single_answer","question":{"text":"He looked in the mirror and burst out _____! They were on his head the whole time!","image":"","type":"text"},"options":[{"text":"laughing","type":"text","image":"","ans":1},{"text":"in a chuckle","type":"text","image":"","ans":1},{"text":"in a loud guffaw","type":"text","image":"","ans":1},{"text":"in a scream","type":"text","image":"","ans":1}],"answers":["laughing","in a chuckle","in a loud guffaw","in a scream"]},"score":1,"question_template_id":2,"question_template":"Text MCQ"}]}