{
 "fragments": [
  {
   "begin": "0.000", 
   "end": "1.280", 
   "id": "f000001", 
   "language": "en", 
   "lines": [
    "\"Yo-yo?"
   ]
  }, 
  {
   "begin": "1.280", 
   "end": "1.640", 
   "id": "f000002", 
   "language": "en", 
   "lines": [
    "What"
   ]
  }, 
  {
   "begin": "1.640", 
   "end": "1.880", 
   "id": "f000003", 
   "language": "en", 
   "lines": [
    "a"
   ]
  }, 
  {
   "begin": "1.880", 
   "end": "2.560", 
   "id": "f000004", 
   "language": "en", 
   "lines": [
    "funny"
   ]
  }, 
  {
   "begin": "2.560", 
   "end": "3.480", 
   "id": "f000005", 
   "language": "en", 
   "lines": [
    "name!"
   ]
  }, 
  {
   "begin": "3.480", 
   "end": "3.760", 
   "id": "f000006", 
   "language": "en", 
   "lines": [
    "What"
   ]
  }, 
  {
   "begin": "3.760", 
   "end": "3.960", 
   "id": "f000007", 
   "language": "en", 
   "lines": [
    "a"
   ]
  }, 
  {
   "begin": "3.960", 
   "end": "4.520", 
   "id": "f000008", 
   "language": "en", 
   "lines": [
    "funny"
   ]
  }, 
  {
   "begin": "4.520", 
   "end": "5.440", 
   "id": "f000009", 
   "language": "en", 
   "lines": [
    "toy!"
   ]
  }, 
  {
   "begin": "5.440", 
   "end": "6.040", 
   "id": "f000010", 
   "language": "en", 
   "lines": [
    "I"
   ]
  }, 
  {
   "begin": "6.040", 
   "end": "6.160", 
   "id": "f000011", 
   "language": "en", 
   "lines": [
    "want"
   ]
  }, 
  {
   "begin": "6.160", 
   "end": "6.480", 
   "id": "f000012", 
   "language": "en", 
   "lines": [
    "to"
   ]
  }, 
  {
   "begin": "6.480", 
   "end": "7.080", 
   "id": "f000013", 
   "language": "en", 
   "lines": [
    "play"
   ]
  }, 
  {
   "begin": "7.080", 
   "end": "7.120", 
   "id": "f000014", 
   "language": "en", 
   "lines": [
    "with"
   ]
  }, 
  {
   "begin": "7.120", 
   "end": "7.280", 
   "id": "f000015", 
   "language": "en", 
   "lines": [
    "it,"
   ]
  }, 
  {
   "begin": "7.280", 
   "end": "7.440", 
   "id": "f000016", 
   "language": "en", 
   "lines": [
    "It"
   ]
  }, 
  {
   "begin": "7.440", 
   "end": "8.360", 
   "id": "f000017", 
   "language": "en", 
   "lines": [
    "gives"
   ]
  }, 
  {
   "begin": "8.360", 
   "end": "8.720", 
   "id": "f000018", 
   "language": "en", 
   "lines": [
    "me"
   ]
  }, 
  {
   "begin": "8.720", 
   "end": "9.240", 
   "id": "f000019", 
   "language": "en", 
   "lines": [
    "so"
   ]
  }, 
  {
   "begin": "9.240", 
   "end": "9.480", 
   "id": "f000020", 
   "language": "en", 
   "lines": [
    "much"
   ]
  }, 
  {
   "begin": "9.480", 
   "end": "10.280", 
   "id": "f000021", 
   "language": "en", 
   "lines": [
    "joy!\""
   ]
  }
 ]
}