{
 "fragments": [
  {
   "begin": "0.000", 
   "end": "0.640", 
   "id": "f000001", 
   "language": "en", 
   "lines": [
    "Not"
   ]
  }, 
  {
   "begin": "0.640", 
   "end": "0.960", 
   "id": "f000002", 
   "language": "en", 
   "lines": [
    "here,"
   ]
  }, 
  {
   "begin": "0.960", 
   "end": "1.960", 
   "id": "f000003", 
   "language": "en", 
   "lines": [
    "not"
   ]
  }, 
  {
   "begin": "1.960", 
   "end": "2.480", 
   "id": "f000004", 
   "language": "en", 
   "lines": [
    "there."
   ]
  }, 
  {
   "begin": "2.480", 
   "end": "4.120", 
   "id": "f000005", 
   "language": "en", 
   "lines": [
    "Where"
   ]
  }, 
  {
   "begin": "4.120", 
   "end": "4.560", 
   "id": "f000006", 
   "language": "en", 
   "lines": [
    "have"
   ]
  }, 
  {
   "begin": "4.560", 
   "end": "4.800", 
   "id": "f000007", 
   "language": "en", 
   "lines": [
    "you"
   ]
  }, 
  {
   "begin": "4.800", 
   "end": "5.720", 
   "id": "f000008", 
   "language": "en", 
   "lines": [
    "gone?"
   ]
  }
 ]
}