{
 "fragments": [
  {
   "begin": "0.000", 
   "end": "0.440", 
   "id": "f000001", 
   "language": "en", 
   "lines": [
    "Not"
   ]
  }, 
  {
   "begin": "0.440", 
   "end": "1.000", 
   "id": "f000002", 
   "language": "en", 
   "lines": [
    "under"
   ]
  }, 
  {
   "begin": "1.000", 
   "end": "1.200", 
   "id": "f000003", 
   "language": "en", 
   "lines": [
    "the"
   ]
  }, 
  {
   "begin": "1.200", 
   "end": "2.240", 
   "id": "f000004", 
   "language": "en", 
   "lines": [
    "pillow."
   ]
  }, 
  {
   "begin": "2.240", 
   "end": "2.720", 
   "id": "f000005", 
   "language": "en", 
   "lines": [
    "Not"
   ]
  }, 
  {
   "begin": "2.720", 
   "end": "2.840", 
   "id": "f000006", 
   "language": "en", 
   "lines": [
    "in"
   ]
  }, 
  {
   "begin": "2.840", 
   "end": "3.160", 
   "id": "f000007", 
   "language": "en", 
   "lines": [
    "my"
   ]
  }, 
  {
   "begin": "3.160", 
   "end": "4.120", 
   "id": "f000008", 
   "language": "en", 
   "lines": [
    "bag."
   ]
  }, 
  {
   "begin": "4.120", 
   "end": "4.440", 
   "id": "f000009", 
   "language": "en", 
   "lines": [
    "Sob,"
   ]
  }, 
  {
   "begin": "4.440", 
   "end": "4.560", 
   "id": "f000010", 
   "language": "en", 
   "lines": [
    "sob,"
   ]
  }, 
  {
   "begin": "4.560", 
   "end": "4.960", 
   "id": "f000011", 
   "language": "en", 
   "lines": [
    "where"
   ]
  }, 
  {
   "begin": "4.960", 
   "end": "5.760", 
   "id": "f000012", 
   "language": "en", 
   "lines": [
    "have"
   ]
  }, 
  {
   "begin": "5.760", 
   "end": "5.800", 
   "id": "f000013", 
   "language": "en", 
   "lines": [
    "you"
   ]
  }, 
  {
   "begin": "5.800", 
   "end": "6.600", 
   "id": "f000014", 
   "language": "en", 
   "lines": [
    "gone?"
   ]
  }
 ]
}