{
 "fragments": [
  {
   "begin": "0.000", 
   "end": "0.760", 
   "id": "f000001", 
   "language": "en", 
   "lines": [
    "Giggle,"
   ]
  }, 
  {
   "begin": "0.760", 
   "end": "1.280", 
   "id": "f000002", 
   "language": "en", 
   "lines": [
    "giggle,"
   ]
  }, 
  {
   "begin": "1.280", 
   "end": "1.840", 
   "id": "f000003", 
   "language": "en", 
   "lines": [
    "giggling"
   ]
  }, 
  {
   "begin": "1.840", 
   "end": "2.840", 
   "id": "f000004", 
   "language": "en", 
   "lines": [
    "away,"
   ]
  }, 
  {
   "begin": "2.840", 
   "end": "3.360", 
   "id": "f000005", 
   "language": "en", 
   "lines": [
    "Granny"
   ]
  }, 
  {
   "begin": "3.360", 
   "end": "3.840", 
   "id": "f000006", 
   "language": "en", 
   "lines": [
    "played,"
   ]
  }, 
  {
   "begin": "3.840", 
   "end": "3.960", 
   "id": "f000007", 
   "language": "en", 
   "lines": [
    "with"
   ]
  }, 
  {
   "begin": "3.960", 
   "end": "4.280", 
   "id": "f000008", 
   "language": "en", 
   "lines": [
    "my"
   ]
  }, 
  {
   "begin": "4.280", 
   "end": "4.720", 
   "id": "f000009", 
   "language": "en", 
   "lines": [
    "little"
   ]
  }, 
  {
   "begin": "4.720", 
   "end": "4.720", 
   "id": "f000010", 
   "language": "en", 
   "lines": [
    "toy."
   ]
  }, 
  {
   "begin": "4.720", 
   "end": "5.160", 
   "id": "f000011", 
   "language": "en", 
   "lines": [
    "For"
   ]
  }, 
  {
   "begin": "5.160", 
   "end": "5.640", 
   "id": "f000012", 
   "language": "en", 
   "lines": [
    "the"
   ]
  }, 
  {
   "begin": "5.640", 
   "end": "6.080", 
   "id": "f000013", 
   "language": "en", 
   "lines": [
    "rest"
   ]
  }, 
  {
   "begin": "6.080", 
   "end": "6.280", 
   "id": "f000014", 
   "language": "en", 
   "lines": [
    "of"
   ]
  }, 
  {
   "begin": "6.280", 
   "end": "6.440", 
   "id": "f000015", 
   "language": "en", 
   "lines": [
    "the"
   ]
  }, 
  {
   "begin": "6.440", 
   "end": "7.600", 
   "id": "f000016", 
   "language": "en", 
   "lines": [
    "day!"
   ]
  }
 ]
}