{
 "fragments": [
  {
   "begin": "0.000", 
   "end": "0.120", 
   "id": "f000001", 
   "language": "en", 
   "lines": [
    "I"
   ]
  }, 
  {
   "begin": "0.120", 
   "end": "0.640", 
   "id": "f000002", 
   "language": "en", 
   "lines": [
    "have"
   ]
  }, 
  {
   "begin": "0.640", 
   "end": "1.040", 
   "id": "f000003", 
   "language": "en", 
   "lines": [
    "looked"
   ]
  }, 
  {
   "begin": "1.040", 
   "end": "1.320", 
   "id": "f000004", 
   "language": "en", 
   "lines": [
    "under"
   ]
  }, 
  {
   "begin": "1.320", 
   "end": "1.520", 
   "id": "f000005", 
   "language": "en", 
   "lines": [
    "the"
   ]
  }, 
  {
   "begin": "1.520", 
   "end": "1.960", 
   "id": "f000006", 
   "language": "en", 
   "lines": [
    "chair,"
   ]
  }, 
  {
   "begin": "1.960", 
   "end": "2.160", 
   "id": "f000007", 
   "language": "en", 
   "lines": [
    "I"
   ]
  }, 
  {
   "begin": "2.160", 
   "end": "3.360", 
   "id": "f000008", 
   "language": "en", 
   "lines": [
    "have"
   ]
  }, 
  {
   "begin": "3.360", 
   "end": "3.680", 
   "id": "f000009", 
   "language": "en", 
   "lines": [
    "looked"
   ]
  }, 
  {
   "begin": "3.680", 
   "end": "3.840", 
   "id": "f000010", 
   "language": "en", 
   "lines": [
    "under"
   ]
  }, 
  {
   "begin": "3.840", 
   "end": "4.120", 
   "id": "f000011", 
   "language": "en", 
   "lines": [
    "the"
   ]
  }, 
  {
   "begin": "4.120", 
   "end": "5.560", 
   "id": "f000012", 
   "language": "en", 
   "lines": [
    "stool."
   ]
  }, 
  {
   "begin": "5.560", 
   "end": "5.920", 
   "id": "f000013", 
   "language": "en", 
   "lines": [
    "Where"
   ]
  }, 
  {
   "begin": "5.920", 
   "end": "6.160", 
   "id": "f000014", 
   "language": "en", 
   "lines": [
    "have"
   ]
  }, 
  {
   "begin": "6.160", 
   "end": "6.440", 
   "id": "f000015", 
   "language": "en", 
   "lines": [
    "you"
   ]
  }, 
  {
   "begin": "6.440", 
   "end": "7.440", 
   "id": "f000016", 
   "language": "en", 
   "lines": [
    "gone?"
   ]
  }
 ]
}