{
 "fragments": [
  {
   "begin": "0.000", 
   "end": "0.480", 
   "id": "f000001", 
   "language": "en", 
   "lines": [
    "\"It"
   ]
  }, 
  {
   "begin": "0.480", 
   "end": "0.720", 
   "id": "f000002", 
   "language": "en", 
   "lines": [
    "can"
   ]
  }, 
  {
   "begin": "0.720", 
   "end": "1.880", 
   "id": "f000003", 
   "language": "en", 
   "lines": [
    "sway,"
   ]
  }, 
  {
   "begin": "1.880", 
   "end": "2.040", 
   "id": "f000004", 
   "language": "en", 
   "lines": [
    "it"
   ]
  }, 
  {
   "begin": "2.040", 
   "end": "2.640", 
   "id": "f000005", 
   "language": "en", 
   "lines": [
    "can"
   ]
  }, 
  {
   "begin": "2.640", 
   "end": "3.880", 
   "id": "f000006", 
   "language": "en", 
   "lines": [
    "bounce."
   ]
  }, 
  {
   "begin": "3.880", 
   "end": "4.080", 
   "id": "f000007", 
   "language": "en", 
   "lines": [
    "It"
   ]
  }, 
  {
   "begin": "4.080", 
   "end": "4.800", 
   "id": "f000008", 
   "language": "en", 
   "lines": [
    "can"
   ]
  }, 
  {
   "begin": "4.800", 
   "end": "5.760", 
   "id": "f000009", 
   "language": "en", 
   "lines": [
    "spin,"
   ]
  }, 
  {
   "begin": "5.760", 
   "end": "6.000", 
   "id": "f000010", 
   "language": "en", 
   "lines": [
    "it"
   ]
  }, 
  {
   "begin": "6.000", 
   "end": "6.480", 
   "id": "f000011", 
   "language": "en", 
   "lines": [
    "can"
   ]
  }, 
  {
   "begin": "6.480", 
   "end": "8.080", 
   "id": "f000012", 
   "language": "en", 
   "lines": [
    "dangle."
   ]
  }, 
  {
   "begin": "8.080", 
   "end": "8.760", 
   "id": "f000013", 
   "language": "en", 
   "lines": [
    "Ha-ha,"
   ]
  }, 
  {
   "begin": "8.760", 
   "end": "10.360", 
   "id": "f000014", 
   "language": "en", 
   "lines": [
    "hee-hee,\""
   ]
  }, 
  {
   "begin": "10.360", 
   "end": "10.800", 
   "id": "f000015", 
   "language": "en", 
   "lines": [
    "said"
   ]
  }, 
  {
   "begin": "10.800", 
   "end": "11.400", 
   "id": "f000016", 
   "language": "en", 
   "lines": [
    "Granny"
   ]
  }, 
  {
   "begin": "11.400", 
   "end": "11.640", 
   "id": "f000017", 
   "language": "en", 
   "lines": [
    "with"
   ]
  }, 
  {
   "begin": "11.640", 
   "end": "11.840", 
   "id": "f000018", 
   "language": "en", 
   "lines": [
    "a"
   ]
  }, 
  {
   "begin": "11.840", 
   "end": "12.920", 
   "id": "f000019", 
   "language": "en", 
   "lines": [
    "giggle."
   ]
  }
 ]
}