{
 "fragments": [
  {
   "begin": "0.000", 
   "end": "0.080", 
   "id": "f000001", 
   "language": "en", 
   "lines": [
    "Oh"
   ]
  }, 
  {
   "begin": "0.080", 
   "end": "0.560", 
   "id": "f000002", 
   "language": "en", 
   "lines": [
    "Granny!"
   ]
  }, 
  {
   "begin": "0.560", 
   "end": "1.280", 
   "id": "f000003", 
   "language": "en", 
   "lines": [
    "Thank"
   ]
  }, 
  {
   "begin": "1.280", 
   "end": "1.600", 
   "id": "f000004", 
   "language": "en", 
   "lines": [
    "you"
   ]
  }, 
  {
   "begin": "1.600", 
   "end": "2.440", 
   "id": "f000005", 
   "language": "en", 
   "lines": [
    "so"
   ]
  }, 
  {
   "begin": "2.440", 
   "end": "2.640", 
   "id": "f000006", 
   "language": "en", 
   "lines": [
    "much!"
   ]
  }, 
  {
   "begin": "2.640", 
   "end": "2.640", 
   "id": "f000007", 
   "language": "en", 
   "lines": [
    "You"
   ]
  }, 
  {
   "begin": "2.640", 
   "end": "2.640", 
   "id": "f000008", 
   "language": "en", 
   "lines": [
    "have"
   ]
  }, 
  {
   "begin": "2.640", 
   "end": "3.600", 
   "id": "f000009", 
   "language": "en", 
   "lines": [
    "found"
   ]
  }, 
  {
   "begin": "3.600", 
   "end": "3.880", 
   "id": "f000010", 
   "language": "en", 
   "lines": [
    "my"
   ]
  }, 
  {
   "begin": "3.880", 
   "end": "4.160", 
   "id": "f000011", 
   "language": "en", 
   "lines": [
    "dear"
   ]
  }, 
  {
   "begin": "4.160", 
   "end": "5.400", 
   "id": "f000012", 
   "language": "en", 
   "lines": [
    "yo-yo!"
   ]
  }
 ]
}