{
 "fragments": [
  {
   "begin": "0.000", 
   "end": "0.000", 
   "id": "f000001", 
   "language": "en", 
   "lines": [
    "Of"
   ]
  }, 
  {
   "begin": "0.000", 
   "end": "0.600", 
   "id": "f000002", 
   "language": "en", 
   "lines": [
    "course"
   ]
  }, 
  {
   "begin": "0.600", 
   "end": "1.160", 
   "id": "f000003", 
   "language": "en", 
   "lines": [
    "you"
   ]
  }, 
  {
   "begin": "1.160", 
   "end": "1.800", 
   "id": "f000004", 
   "language": "en", 
   "lines": [
    "are,"
   ]
  }, 
  {
   "begin": "1.800", 
   "end": "2.240", 
   "id": "f000005", 
   "language": "en", 
   "lines": [
    "little"
   ]
  }, 
  {
   "begin": "2.240", 
   "end": "2.520", 
   "id": "f000006", 
   "language": "en", 
   "lines": [
    "brother,\n"
   ]
  }, 
  {
   "begin": "2.520", 
   "end": "2.760", 
   "id": "f000007", 
   "language": "en", 
   "lines": [
    "Of"
   ]
  }, 
  {
   "begin": "2.760", 
   "end": "3.200", 
   "id": "f000008", 
   "language": "en", 
   "lines": [
    "course"
   ]
  }, 
  {
   "begin": "3.200", 
   "end": "3.280", 
   "id": "f000009", 
   "language": "en", 
   "lines": [
    "you"
   ]
  }, 
  {
   "begin": "3.280", 
   "end": "3.840", 
   "id": "f000010", 
   "language": "en", 
   "lines": [
    "are\n"
   ]
  }, 
  {
   "begin": "3.840", 
   "end": "4.600", 
   "id": "f000011", 
   "language": "en", 
   "lines": [
    "And"
   ]
  }, 
  {
   "begin": "4.600", 
   "end": "5.160", 
   "id": "f000012", 
   "language": "en", 
   "lines": [
    "maybe"
   ]
  }, 
  {
   "begin": "5.160", 
   "end": "5.480", 
   "id": "f000013", 
   "language": "en", 
   "lines": [
    "you\u2019re"
   ]
  }, 
  {
   "begin": "5.480", 
   "end": "6.200", 
   "id": "f000014", 
   "language": "en", 
   "lines": [
    "right,"
   ]
  }, 
  {
   "begin": "6.200", 
   "end": "7.240", 
   "id": "f000015", 
   "language": "en", 
   "lines": [
    "too\u2026\n"
   ]
  }, 
  {
   "begin": "7.240", 
   "end": "7.760", 
   "id": "f000016", 
   "language": "en", 
   "lines": [
    "But"
   ]
  }, 
  {
   "begin": "7.760", 
   "end": "8.000", 
   "id": "f000017", 
   "language": "en", 
   "lines": [
    "in"
   ]
  }, 
  {
   "begin": "8.000", 
   "end": "8.120", 
   "id": "f000018", 
   "language": "en", 
   "lines": [
    "all"
   ]
  }, 
  {
   "begin": "8.120", 
   "end": "8.120", 
   "id": "f000019", 
   "language": "en", 
   "lines": [
    "the"
   ]
  }, 
  {
   "begin": "8.120", 
   "end": "8.280", 
   "id": "f000020", 
   "language": "en", 
   "lines": [
    "books"
   ]
  }, 
  {
   "begin": "8.280", 
   "end": "8.320", 
   "id": "f000021", 
   "language": "en", 
   "lines": [
    "that"
   ]
  }, 
  {
   "begin": "8.320", 
   "end": "8.600", 
   "id": "f000022", 
   "language": "en", 
   "lines": [
    "I"
   ]
  }, 
  {
   "begin": "8.600", 
   "end": "8.960", 
   "id": "f000023", 
   "language": "en", 
   "lines": [
    "have"
   ]
  }, 
  {
   "begin": "8.960", 
   "end": "9.280", 
   "id": "f000024", 
   "language": "en", 
   "lines": [
    "read\n"
   ]
  }, 
  {
   "begin": "9.280", 
   "end": "9.800", 
   "id": "f000025", 
   "language": "en", 
   "lines": [
    "That"
   ]
  }, 
  {
   "begin": "9.800", 
   "end": "10.200", 
   "id": "f000026", 
   "language": "en", 
   "lines": [
    "is"
   ]
  }, 
  {
   "begin": "10.200", 
   "end": "10.520", 
   "id": "f000027", 
   "language": "en", 
   "lines": [
    "not"
   ]
  }, 
  {
   "begin": "10.520", 
   "end": "10.800", 
   "id": "f000028", 
   "language": "en", 
   "lines": [
    "what"
   ]
  }, 
  {
   "begin": "10.800", 
   "end": "11.000", 
   "id": "f000029", 
   "language": "en", 
   "lines": [
    "they"
   ]
  }, 
  {
   "begin": "11.000", 
   "end": "11.320", 
   "id": "f000030", 
   "language": "en", 
   "lines": [
    "said.\n"
   ]
  }, 
  {
   "begin": "11.320", 
   "end": "11.720", 
   "id": "f000031", 
   "language": "en", 
   "lines": [
    "Then"
   ]
  }, 
  {
   "begin": "11.720", 
   "end": "12.200", 
   "id": "f000032", 
   "language": "en", 
   "lines": [
    "what"
   ]
  }, 
  {
   "begin": "12.200", 
   "end": "12.440", 
   "id": "f000033", 
   "language": "en", 
   "lines": [
    "did"
   ]
  }, 
  {
   "begin": "12.440", 
   "end": "12.720", 
   "id": "f000034", 
   "language": "en", 
   "lines": [
    "they"
   ]
  }, 
  {
   "begin": "12.720", 
   "end": "13.120", 
   "id": "f000035", 
   "language": "en", 
   "lines": [
    "say,"
   ]
  }, 
  {
   "begin": "13.120", 
   "end": "13.480", 
   "id": "f000036", 
   "language": "en", 
   "lines": [
    "sister,\n"
   ]
  }, 
  {
   "begin": "13.480", 
   "end": "13.720", 
   "id": "f000037", 
   "language": "en", 
   "lines": [
    "What"
   ]
  }, 
  {
   "begin": "13.720", 
   "end": "14.120", 
   "id": "f000038", 
   "language": "en", 
   "lines": [
    "did"
   ]
  }, 
  {
   "begin": "14.120", 
   "end": "14.680", 
   "id": "f000039", 
   "language": "en", 
   "lines": [
    "they"
   ]
  }, 
  {
   "begin": "14.680", 
   "end": "15.360", 
   "id": "f000040", 
   "language": "en", 
   "lines": [
    "say?"
   ]
  }
 ]
}