{"id":127,"name":"Sister, Sister, Why Don\u2019t Things Fall Up?","writtenby":"Roopa Pai","illustrationsby":"Greystroke","translationby":"","source":"Pratham Books","status":"active","level":3,"pages":[{"id":1449,"content":"Sister, sister, I wonder\u2026\nWhat do you wonder, little brother,\nWhat do you wonder?\nI wonder, I wonder, why things don\u2019t fall up.\nWhat do you think, little brother,\nWhat do you think?\n\nI think, I think\u2026\nTell me, little brother, what do you think?","pageno":1,"image":"9f80c2d0bda3be5ef1f9a6f452b2d914.jpg","audio":"b08b6ac650d7b1adcbb5de55780d2ad2.mp3","audio_map":"221fa3fcd0ad6e9b1ef035e66d9f747b.json","language":[]},{"id":1450,"content":"I think\nThat long ago, things did fall up\nThat the sky was full of toffee wrappers\nAnd ice cream sticks\nThat stars slipped on banana peels\nThat sometimes, the moon cut her dainty feet\nOn bits of broken glass\nOr caught her trailing silver skirts\nOn a rusty nail.","pageno":2,"image":"1b32d83702c924193523cff145ce3dda.jpg","audio":"9adb73fabf02c8d6bff8c38a38a0c2b1.mp3","audio_map":"38949452576f3f398bc9de413ed2f6ef.json","language":[]},{"id":1451,"content":"I think\nThe old woman who lives in the sky\nGot so tired of cleaning the mess\nThat she put a curse on the earth;\nAnd things have fallen down ever since.\n\nI think that\u2019s why things don\u2019t fall up\nBecause the old woman in the sky\nWas fed up of living in a smelly pigsty.\nI\u2019m clever, aren\u2019t I, sister?","pageno":3,"image":"4dfa28d34054732e763994151997388a.jpg","audio":"74dddeb4969324af52422c48c756370a.mp3","audio_map":"e966f1887f5a913d11ce6e721fe1803b.json","language":[]},{"id":1452,"content":"Oh yes, you are, little brother,\nAnd maybe you\u2019re right, too\u2026\nBut in the books that I have read\nThat is not what they said.\nThen what did they say, sister,\nWhat did they say?\nWhat do you think, little brother,\nWhat do you think?\nI think, I think\u2026\nTell me, little brother, what do you think?","pageno":4,"image":"8e43d8436940b2bc77860ba7b85a6128.jpg","audio":"db13a4d22b0332693f1e6afaa191b601.mp3","audio_map":"3eb385302d3ac0eac883844949811e17.json","language":[]},{"id":1453,"content":"I think\nThat long ago, things did fall up\nAnd drove Mother mad.\nFather's keys,\nThe screw of her nose-stud,\nThe coins you were tossing from hand to hand\u00a0(even though you knew Mother would scold if she knew)\nOn your way back from the market;\nAll fell up\u00a0and disappeared.","pageno":5,"image":"58f2725e507dc015a4b914a1712d3185.jpg","audio":"90ac0869ecd2cfd645d7e7f4a2a84593.mp3","audio_map":"ed6b3cbf213fa88d72304991245a1069.json","language":[]},{"id":1454,"content":"Mother prayed to all her Gods.\nOne of them took pity on her,\nAnd things fell down and vanished no more.\nMother was happy (for a while)\nNow she complains about the mess on the floor.\nI think that\u2019s why things don\u2019t fall up\nAll thanks to a woman\u2019s pleas\nFor fewer lost coins, and screws, and keys.\nI\u2019m clever, aren\u2019t I, sister?","pageno":6,"image":"538258888932462a57124568fa556ee1.jpg","audio":"942fd24a92a4bbf22ea693593ff1cf64.mp3","audio_map":"786eba801e360ceab33e422b35e4a085.json","language":[]},{"id":1455,"content":"I know you are, little brother,\nAnd maybe you\u2019re right, too\u2026\nBut in the books that I have read\nThat is not what they said.\nThen what did they say, sister,\nWhat did they say?\nWhat do you think, little brother,\nWhat do you think?\nI think, I think\u2026\nTell me, little brother, what do you think?","pageno":7,"image":"599d9ecbbff21bc519e05b9d63535879.jpg","audio":"28f7094a4af5c3e799baea5a1db9bfd1.mp3","audio_map":"5106cb7a776c5f57f9136bf565f436fa.json","language":[]},{"id":1456,"content":"I think\nThere is a big greedy demon inside the earth\nAll day he waits, his mouth a gaping hole\nSucking in mighty lungfuls of air\u2026\nAnd nothing can fall up\nAs long as he keeps sucking in \u2014\nEverything heads towards that greedy hole.","pageno":8,"image":"17a65d92a02cc5c58a0129d449ca3b89.jpg","audio":"b647041a9f718f55dfba817427e9aee0.mp3","audio_map":"5edbbc10767fccb828931cd2cd2ac2f3.json","language":[]},{"id":1457,"content":"I think\nMany things go right in.\nMy marbles, your hairclips,\nThe yummy laddoos Mother makes\nWhich I don\u2019t eat and you don\u2019t eat\nBut which disappear somehow.\nI think that is why things don\u2019t fall up\nBecause they hurtle earthwards to feed\nAn underground demon\u2019s greed.\nI\u2019m clever, aren\u2019t I, sister?","pageno":9,"image":"b05b7913494890ea08e41385ac0aa891.jpg","audio":"ac3308a68587c1a72c940771593dcb0f.mp3","audio_map":"e15fb604765a49ad89bec4b1721d6bad.json","language":[]},{"id":1458,"content":"Of course you are, little brother,\nOf course you are\nAnd maybe you\u2019re right, too\u2026\nBut in all the books that I have read\nThat is not what they said.\nThen what did they say, sister,\nWhat did they say?","pageno":10,"image":"e4aed18154d9d8e866f763714262c96f.jpg","audio":"7c58c3e5c0ee5780c5d76d21b449f272.mp3","audio_map":"07502db34926dbdb3f89b0d6eb2c898d.json","language":[]},{"id":1459,"content":"Come here, little brother,\nI\u2019ll tell you what they said.\nThey said, they said\u2026\nTell me what they said, sister,\nTell me what they said.","pageno":11,"image":"ec0355e5c6ca73ceab6a1dd14dd7ed67.jpg","audio":"a47f95cf8c7e26a80b727d2a6774c828.mp3","audio_map":"3b821ee3418aa2f88bcc21d2506d36ea.json","language":[]},{"id":1460,"content":"They said\nThat everything, just everything\nIn the great big universe\nPulls everything, just everything else\nIn the great big universe\nTowards itself.","pageno":12,"image":"4ff8b4b1ff67f802e3ff8994c514740f.jpg","audio":"93e69b61e2c2c3a3b8baf69e49608a38.mp3","audio_map":"b300366c56a66ee9f15970cf4dd81be7.json","language":[]},{"id":1461,"content":"They said\nThat BIG things can pull much harder\nAt small things\nThan small things can pull\nAt BIG things.\nBut why don\u2019t things fall up, sister,\nWhy don\u2019t things fall up?\nBe patient, little brother, be patient now.","pageno":13,"image":"3cea82abf79537d98e06a456006323f6.jpg","audio":"22ad98fbd4c1154610ae77663a4c4e85.mp3","audio_map":"3d295cb39f50bf893b7a1d8c434b3a12.json","language":[]},{"id":1462,"content":"They said\nThe earth, our home,\nIs a very BIG thing\nAnd all of us,\nand everything else on earth\u2014\nOur aeroplanes, our blue whales,\neven our oceans\u2014\nAre very small things.","pageno":14,"image":"8977386bc7c38e3054f8d36ff1e51df8.jpg","audio":"10ceb733ed4926adad920c49d6b00a94.mp3","audio_map":"6f6cb29348fac5f6c7ab5713f6f68922.json","language":[]},{"id":1463,"content":"And that's why\nThe earth pulls us towards itself\nMUCH, MUCH harder\nThan we can pull the earth\nTowards us.\nSO HARD\nThat we, or our keys, or our screws,\nor our coins,\nCannot escape, float away, disappear,\nOr fall up.","pageno":15,"image":"41d7a34d268057ed48838a63c53fad77.jpg","audio":"fc7ad2aad054efc4816f035649ff1d47.mp3","audio_map":"adbb03f61382f0e8026d2998bb1ecb8e.json","language":[]},{"id":1464,"content":"This GREAT force, this GIGANTIC force\nWith which the earth pulls us\nAll of us,\nEven the penguins at the edge of the earth,\nTowards itself\nIs called GRA-VI-TY.\nCan it be true, sister, can it be true?\nI can\u2019t say, little brother, I can\u2019t say.\nBut in all the books that I have read\nThat is what they said.","pageno":16,"image":"2683a06cc13774bd3e4adac2440a9144.jpg","audio":"ed6b82c0ef43a5a8497b1c635951ac4d.mp3","audio_map":"69675a2243cfec8fb9f30dd3e94456b5.json","language":[]}],"language":[],"questions":[{"id":6275,"type":"pre","storypage_id":0,"order_number":1,"title":"Vocabulary","question":{"question_type":"vocabulary","question":{"text":"","image":"","type":""},"words":[{"word":"penguin","image":"6c7971f23b39d33d0d1a1d36bc13f448.png"},{"word":"universe","image":"212cf43c7acd907991df7a8edf71f710.png"},{"word":"hairclips","image":"10938f2796b8c92911a072593af74b20.png"},{"word":"demon","image":"bbbd63baa8efa7035d24200472a60689.png"}]},"score":1,"question_template_id":21,"question_template":"Vocab"},{"id":6270,"type":"during","storypage_id":1449,"order_number":1,"title":"Choose the correct answer.","question":{"question_type":"mcq_single_answer","question":{"text":"What does the little boy wonder?","image":"","type":"text"},"options":[{"text":"Why things don't fall up.","type":"both","image":"898c44a0def6bab2912f8ce72244a834.png","ans":1},{"text":"Where lightning comes from.","type":"both","image":"111a5e6cea1f27e7b283a5720b04af04.png","ans":0},{"text":"Where thunder comes from.","type":"both","image":"047fa419d5b62b77c147db0b8058a1ed.png","ans":0},{"text":"Where the sun goes at night.","type":"both","image":"18c6c2a2eb8735c4dae53b35285dd3bd.png","ans":0}],"answers":["Why things don't fall up."]},"score":1,"question_template_id":2,"question_template":"Text MCQ"},{"id":6271,"type":"during","storypage_id":1450,"order_number":2,"title":"Nothing.","question":{"question_type":"mcq_single_answer","question":{"text":"What does the boy first think happens?","image":"","type":"text"},"options":[{"text":"That a long time ago, the sky was dirty and dangerous.","type":"both","image":"3f20dcd71d64528f2e11b1d4a9485cef.png","ans":1},{"text":"That a long time ago, people didn't like things falling up.","type":"both","image":"c7916d74479530806d477257c2959632.png","ans":0},{"text":"That a long time ago, people thought everything falling up was ugly.","type":"both","image":"af235a1fc2f6248f61b9d6d88374e668.png","ans":0},{"text":"That a long time ago, things were falling up due to some magic.","type":"both","image":"56aabd86db673db941770eabe70089c8.png","ans":0}],"answers":["That a long time ago, the sky was dirty and dangerous."]},"score":1,"question_template_id":2,"question_template":"Text MCQ"},{"id":6272,"type":"during","storypage_id":1454,"order_number":3,"title":"Choose the correct answer.","question":{"question_type":"mcq_single_answer","question":{"text":"What does the boy think happened the second time his sister asked him?","image":"","type":"text"},"options":[{"text":"His parents used to lose their things and money.","type":"both","image":"8d2499c36d3d3eec67c12e0b1e91e8a9.png","ans":1},{"text":"Everything used to be a mess.","type":"both","image":"cd38c1b83e338d391f677ab0d0b62c6a.png","ans":0},{"text":"Nothing stood still.","type":"both","image":"72092f4e61d44a2f685bb10dbb200e12.png","ans":0},{"text":"A demon inside the earth sucks everything towards him.","type":"both","image":"c00db56e86de3f73dfd191b33f6c58e7.png","ans":0}],"answers":["His parents used to lose their things and money."]},"score":1,"question_template_id":2,"question_template":"Text MCQ"},{"id":6273,"type":"during","storypage_id":1456,"order_number":4,"title":"Choose the correct answer.","question":{"question_type":"mcq_single_answer","question":{"text":"The third time his sister asks him, how does the boy explain why things fall down and not up?","image":"","type":"text"},"options":[{"text":"A demon inside the earth sucks everything towards him.","type":"both","image":"a22547e68cc02ca1586f53ae5a55a26c.png","ans":1},{"text":"A magic spell controls things.","type":"both","image":"135d398a39ddf0e436793fbac1ea9f77.png","ans":0},{"text":"The old woman in the sky throws things down.","type":"both","image":"8ff306a1b44b2f02ca139e7ae0a59e90.png","ans":0},{"text":"He doesn't explain anything.","type":"both","image":"cb3ef44b3916e0937b17ae65f0b2fff0.png","ans":0}],"answers":["A demon inside the earth sucks everything towards him."]},"score":1,"question_template_id":2,"question_template":"Text MCQ"},{"id":6274,"type":"during","storypage_id":1464,"order_number":5,"title":"Choose the correct answer.","question":{"question_type":"mcq_single_answer","question":{"text":"How does the sister explain why things fall down and not up?","image":"","type":"text"},"options":[{"text":"Because of something called gravity.","type":"text","image":"","ans":1},{"text":"Because of something called force.","type":"text","image":"","ans":0},{"text":"Because of something called friction.","type":"text","image":"","ans":0},{"text":"Because of something called aerodynamics.","type":"text","image":"","ans":0}],"answers":["Because of something called gravity."]},"score":1,"question_template_id":2,"question_template":"Text MCQ"}]}