{
 "fragments": [
  {
   "begin": "0.000", 
   "end": "0.560", 
   "id": "f000001", 
   "language": "en", 
   "lines": [
    "Sister,"
   ]
  }, 
  {
   "begin": "0.560", 
   "end": "1.640", 
   "id": "f000002", 
   "language": "en", 
   "lines": [
    "sister,"
   ]
  }, 
  {
   "begin": "1.640", 
   "end": "2.120", 
   "id": "f000003", 
   "language": "en", 
   "lines": [
    "I"
   ]
  }, 
  {
   "begin": "2.120", 
   "end": "3.480", 
   "id": "f000004", 
   "language": "en", 
   "lines": [
    "wonder\u2026\n"
   ]
  }, 
  {
   "begin": "3.480", 
   "end": "3.760", 
   "id": "f000005", 
   "language": "en", 
   "lines": [
    "What"
   ]
  }, 
  {
   "begin": "3.760", 
   "end": "3.880", 
   "id": "f000006", 
   "language": "en", 
   "lines": [
    "do"
   ]
  }, 
  {
   "begin": "3.880", 
   "end": "4.200", 
   "id": "f000007", 
   "language": "en", 
   "lines": [
    "you"
   ]
  }, 
  {
   "begin": "4.200", 
   "end": "4.600", 
   "id": "f000008", 
   "language": "en", 
   "lines": [
    "wonder,"
   ]
  }, 
  {
   "begin": "4.600", 
   "end": "4.920", 
   "id": "f000009", 
   "language": "en", 
   "lines": [
    "little"
   ]
  }, 
  {
   "begin": "4.920", 
   "end": "5.760", 
   "id": "f000010", 
   "language": "en", 
   "lines": [
    "brother,\n"
   ]
  }, 
  {
   "begin": "5.760", 
   "end": "6.080", 
   "id": "f000011", 
   "language": "en", 
   "lines": [
    "What"
   ]
  }, 
  {
   "begin": "6.080", 
   "end": "6.480", 
   "id": "f000012", 
   "language": "en", 
   "lines": [
    "do"
   ]
  }, 
  {
   "begin": "6.480", 
   "end": "6.680", 
   "id": "f000013", 
   "language": "en", 
   "lines": [
    "you"
   ]
  }, 
  {
   "begin": "6.680", 
   "end": "7.760", 
   "id": "f000014", 
   "language": "en", 
   "lines": [
    "wonder?\n"
   ]
  }, 
  {
   "begin": "7.760", 
   "end": "8.120", 
   "id": "f000015", 
   "language": "en", 
   "lines": [
    "I"
   ]
  }, 
  {
   "begin": "8.120", 
   "end": "8.600", 
   "id": "f000016", 
   "language": "en", 
   "lines": [
    "wonder,"
   ]
  }, 
  {
   "begin": "8.600", 
   "end": "9.560", 
   "id": "f000017", 
   "language": "en", 
   "lines": [
    "I"
   ]
  }, 
  {
   "begin": "9.560", 
   "end": "10.640", 
   "id": "f000018", 
   "language": "en", 
   "lines": [
    "wonder,"
   ]
  }, 
  {
   "begin": "10.640", 
   "end": "11.040", 
   "id": "f000019", 
   "language": "en", 
   "lines": [
    "why"
   ]
  }, 
  {
   "begin": "11.040", 
   "end": "11.440", 
   "id": "f000020", 
   "language": "en", 
   "lines": [
    "things"
   ]
  }, 
  {
   "begin": "11.440", 
   "end": "12.040", 
   "id": "f000021", 
   "language": "en", 
   "lines": [
    "don\u2019t"
   ]
  }, 
  {
   "begin": "12.040", 
   "end": "12.520", 
   "id": "f000022", 
   "language": "en", 
   "lines": [
    "fall"
   ]
  }, 
  {
   "begin": "12.520", 
   "end": "13.080", 
   "id": "f000023", 
   "language": "en", 
   "lines": [
    "up.\n"
   ]
  }, 
  {
   "begin": "13.080", 
   "end": "13.360", 
   "id": "f000024", 
   "language": "en", 
   "lines": [
    "What"
   ]
  }, 
  {
   "begin": "13.360", 
   "end": "13.400", 
   "id": "f000025", 
   "language": "en", 
   "lines": [
    "do"
   ]
  }, 
  {
   "begin": "13.400", 
   "end": "13.920", 
   "id": "f000026", 
   "language": "en", 
   "lines": [
    "you"
   ]
  }, 
  {
   "begin": "13.920", 
   "end": "14.240", 
   "id": "f000027", 
   "language": "en", 
   "lines": [
    "think,"
   ]
  }, 
  {
   "begin": "14.240", 
   "end": "14.560", 
   "id": "f000028", 
   "language": "en", 
   "lines": [
    "little"
   ]
  }, 
  {
   "begin": "14.560", 
   "end": "14.760", 
   "id": "f000029", 
   "language": "en", 
   "lines": [
    "brother,\n"
   ]
  }, 
  {
   "begin": "14.760", 
   "end": "15.040", 
   "id": "f000030", 
   "language": "en", 
   "lines": [
    "What"
   ]
  }, 
  {
   "begin": "15.040", 
   "end": "15.480", 
   "id": "f000031", 
   "language": "en", 
   "lines": [
    "do"
   ]
  }, 
  {
   "begin": "15.480", 
   "end": "15.720", 
   "id": "f000032", 
   "language": "en", 
   "lines": [
    "you"
   ]
  }, 
  {
   "begin": "15.720", 
   "end": "16.280", 
   "id": "f000033", 
   "language": "en", 
   "lines": [
    "think?"
   ]
  }, 
  {
   "begin": "16.280", 
   "end": "17.360", 
   "id": "f000034", 
   "language": "en", 
   "lines": [
    "\n\n"
   ]
  }, 
  {
   "begin": "17.360", 
   "end": "17.760", 
   "id": "f000035", 
   "language": "en", 
   "lines": [
    "I"
   ]
  }, 
  {
   "begin": "17.760", 
   "end": "18.760", 
   "id": "f000036", 
   "language": "en", 
   "lines": [
    "think,"
   ]
  }, 
  {
   "begin": "18.760", 
   "end": "19.040", 
   "id": "f000037", 
   "language": "en", 
   "lines": [
    "I"
   ]
  }, 
  {
   "begin": "19.040", 
   "end": "19.720", 
   "id": "f000038", 
   "language": "en", 
   "lines": [
    "think\u2026\n"
   ]
  }, 
  {
   "begin": "19.720", 
   "end": "20.600", 
   "id": "f000039", 
   "language": "en", 
   "lines": [
    "Tell"
   ]
  }, 
  {
   "begin": "20.600", 
   "end": "20.760", 
   "id": "f000040", 
   "language": "en", 
   "lines": [
    "me,"
   ]
  }, 
  {
   "begin": "20.760", 
   "end": "21.160", 
   "id": "f000041", 
   "language": "en", 
   "lines": [
    "little"
   ]
  }, 
  {
   "begin": "21.160", 
   "end": "22.040", 
   "id": "f000042", 
   "language": "en", 
   "lines": [
    "brother,"
   ]
  }, 
  {
   "begin": "22.040", 
   "end": "22.280", 
   "id": "f000043", 
   "language": "en", 
   "lines": [
    "what"
   ]
  }, 
  {
   "begin": "22.280", 
   "end": "22.320", 
   "id": "f000044", 
   "language": "en", 
   "lines": [
    "do"
   ]
  }, 
  {
   "begin": "22.320", 
   "end": "22.680", 
   "id": "f000045", 
   "language": "en", 
   "lines": [
    "you"
   ]
  }, 
  {
   "begin": "22.680", 
   "end": "24.040", 
   "id": "f000046", 
   "language": "en", 
   "lines": [
    "think?"
   ]
  }
 ]
}