{
 "fragments": [
  {
   "begin": "0.000", 
   "end": "0.600", 
   "id": "f000001", 
   "language": "en", 
   "lines": [
    "I"
   ]
  }, 
  {
   "begin": "0.600", 
   "end": "1.600", 
   "id": "f000002", 
   "language": "en", 
   "lines": [
    "think\n"
   ]
  }, 
  {
   "begin": "1.600", 
   "end": "1.960", 
   "id": "f000003", 
   "language": "en", 
   "lines": [
    "That"
   ]
  }, 
  {
   "begin": "1.960", 
   "end": "2.840", 
   "id": "f000004", 
   "language": "en", 
   "lines": [
    "long"
   ]
  }, 
  {
   "begin": "2.840", 
   "end": "3.600", 
   "id": "f000005", 
   "language": "en", 
   "lines": [
    "ago,"
   ]
  }, 
  {
   "begin": "3.600", 
   "end": "4.240", 
   "id": "f000006", 
   "language": "en", 
   "lines": [
    "things"
   ]
  }, 
  {
   "begin": "4.240", 
   "end": "4.560", 
   "id": "f000007", 
   "language": "en", 
   "lines": [
    "did"
   ]
  }, 
  {
   "begin": "4.560", 
   "end": "5.640", 
   "id": "f000008", 
   "language": "en", 
   "lines": [
    "fall"
   ]
  }, 
  {
   "begin": "5.640", 
   "end": "5.760", 
   "id": "f000009", 
   "language": "en", 
   "lines": [
    "up\n"
   ]
  }, 
  {
   "begin": "5.760", 
   "end": "6.040", 
   "id": "f000010", 
   "language": "en", 
   "lines": [
    "That"
   ]
  }, 
  {
   "begin": "6.040", 
   "end": "6.080", 
   "id": "f000011", 
   "language": "en", 
   "lines": [
    "the"
   ]
  }, 
  {
   "begin": "6.080", 
   "end": "6.440", 
   "id": "f000012", 
   "language": "en", 
   "lines": [
    "sky"
   ]
  }, 
  {
   "begin": "6.440", 
   "end": "6.760", 
   "id": "f000013", 
   "language": "en", 
   "lines": [
    "was"
   ]
  }, 
  {
   "begin": "6.760", 
   "end": "7.160", 
   "id": "f000014", 
   "language": "en", 
   "lines": [
    "full"
   ]
  }, 
  {
   "begin": "7.160", 
   "end": "7.160", 
   "id": "f000015", 
   "language": "en", 
   "lines": [
    "of"
   ]
  }, 
  {
   "begin": "7.160", 
   "end": "8.080", 
   "id": "f000016", 
   "language": "en", 
   "lines": [
    "toffee"
   ]
  }, 
  {
   "begin": "8.080", 
   "end": "9.080", 
   "id": "f000017", 
   "language": "en", 
   "lines": [
    "wrappers\n"
   ]
  }, 
  {
   "begin": "9.080", 
   "end": "9.480", 
   "id": "f000018", 
   "language": "en", 
   "lines": [
    "And"
   ]
  }, 
  {
   "begin": "9.480", 
   "end": "9.840", 
   "id": "f000019", 
   "language": "en", 
   "lines": [
    "ice"
   ]
  }, 
  {
   "begin": "9.840", 
   "end": "10.240", 
   "id": "f000020", 
   "language": "en", 
   "lines": [
    "cream"
   ]
  }, 
  {
   "begin": "10.240", 
   "end": "11.320", 
   "id": "f000021", 
   "language": "en", 
   "lines": [
    "sticks\n"
   ]
  }, 
  {
   "begin": "11.320", 
   "end": "11.720", 
   "id": "f000022", 
   "language": "en", 
   "lines": [
    "That"
   ]
  }, 
  {
   "begin": "11.720", 
   "end": "12.200", 
   "id": "f000023", 
   "language": "en", 
   "lines": [
    "stars"
   ]
  }, 
  {
   "begin": "12.200", 
   "end": "12.520", 
   "id": "f000024", 
   "language": "en", 
   "lines": [
    "slipped"
   ]
  }, 
  {
   "begin": "12.520", 
   "end": "12.800", 
   "id": "f000025", 
   "language": "en", 
   "lines": [
    "on"
   ]
  }, 
  {
   "begin": "12.800", 
   "end": "13.440", 
   "id": "f000026", 
   "language": "en", 
   "lines": [
    "banana"
   ]
  }, 
  {
   "begin": "13.440", 
   "end": "14.680", 
   "id": "f000027", 
   "language": "en", 
   "lines": [
    "peels\n"
   ]
  }, 
  {
   "begin": "14.680", 
   "end": "14.920", 
   "id": "f000028", 
   "language": "en", 
   "lines": [
    "That"
   ]
  }, 
  {
   "begin": "14.920", 
   "end": "15.880", 
   "id": "f000029", 
   "language": "en", 
   "lines": [
    "sometimes,"
   ]
  }, 
  {
   "begin": "15.880", 
   "end": "16.480", 
   "id": "f000030", 
   "language": "en", 
   "lines": [
    "the"
   ]
  }, 
  {
   "begin": "16.480", 
   "end": "16.800", 
   "id": "f000031", 
   "language": "en", 
   "lines": [
    "moon"
   ]
  }, 
  {
   "begin": "16.800", 
   "end": "17.400", 
   "id": "f000032", 
   "language": "en", 
   "lines": [
    "cut"
   ]
  }, 
  {
   "begin": "17.400", 
   "end": "17.440", 
   "id": "f000033", 
   "language": "en", 
   "lines": [
    "her"
   ]
  }, 
  {
   "begin": "17.440", 
   "end": "17.960", 
   "id": "f000034", 
   "language": "en", 
   "lines": [
    "dainty"
   ]
  }, 
  {
   "begin": "17.960", 
   "end": "18.760", 
   "id": "f000035", 
   "language": "en", 
   "lines": [
    "feet\n"
   ]
  }, 
  {
   "begin": "18.760", 
   "end": "19.040", 
   "id": "f000036", 
   "language": "en", 
   "lines": [
    "On"
   ]
  }, 
  {
   "begin": "19.040", 
   "end": "19.360", 
   "id": "f000037", 
   "language": "en", 
   "lines": [
    "bits"
   ]
  }, 
  {
   "begin": "19.360", 
   "end": "19.600", 
   "id": "f000038", 
   "language": "en", 
   "lines": [
    "of"
   ]
  }, 
  {
   "begin": "19.600", 
   "end": "20.200", 
   "id": "f000039", 
   "language": "en", 
   "lines": [
    "broken"
   ]
  }, 
  {
   "begin": "20.200", 
   "end": "21.280", 
   "id": "f000040", 
   "language": "en", 
   "lines": [
    "glass\n"
   ]
  }, 
  {
   "begin": "21.280", 
   "end": "21.480", 
   "id": "f000041", 
   "language": "en", 
   "lines": [
    "Or"
   ]
  }, 
  {
   "begin": "21.480", 
   "end": "21.840", 
   "id": "f000042", 
   "language": "en", 
   "lines": [
    "caught"
   ]
  }, 
  {
   "begin": "21.840", 
   "end": "22.040", 
   "id": "f000043", 
   "language": "en", 
   "lines": [
    "her"
   ]
  }, 
  {
   "begin": "22.040", 
   "end": "22.600", 
   "id": "f000044", 
   "language": "en", 
   "lines": [
    "trailing"
   ]
  }, 
  {
   "begin": "22.600", 
   "end": "23.160", 
   "id": "f000045", 
   "language": "en", 
   "lines": [
    "silver"
   ]
  }, 
  {
   "begin": "23.160", 
   "end": "23.840", 
   "id": "f000046", 
   "language": "en", 
   "lines": [
    "skirts\n"
   ]
  }, 
  {
   "begin": "23.840", 
   "end": "23.840", 
   "id": "f000047", 
   "language": "en", 
   "lines": [
    "On"
   ]
  }, 
  {
   "begin": "23.840", 
   "end": "24.040", 
   "id": "f000048", 
   "language": "en", 
   "lines": [
    "a"
   ]
  }, 
  {
   "begin": "24.040", 
   "end": "25.120", 
   "id": "f000049", 
   "language": "en", 
   "lines": [
    "rusty"
   ]
  }, 
  {
   "begin": "25.120", 
   "end": "25.920", 
   "id": "f000050", 
   "language": "en", 
   "lines": [
    "nail."
   ]
  }
 ]
}