{
 "fragments": [
  {
   "begin": "0.000", 
   "end": "0.360", 
   "id": "f000001", 
   "language": "en", 
   "lines": [
    "Come"
   ]
  }, 
  {
   "begin": "0.360", 
   "end": "0.680", 
   "id": "f000002", 
   "language": "en", 
   "lines": [
    "here,"
   ]
  }, 
  {
   "begin": "0.680", 
   "end": "1.040", 
   "id": "f000003", 
   "language": "en", 
   "lines": [
    "little"
   ]
  }, 
  {
   "begin": "1.040", 
   "end": "1.720", 
   "id": "f000004", 
   "language": "en", 
   "lines": [
    "brother,\n"
   ]
  }, 
  {
   "begin": "1.720", 
   "end": "2.040", 
   "id": "f000005", 
   "language": "en", 
   "lines": [
    "I\u2019ll"
   ]
  }, 
  {
   "begin": "2.040", 
   "end": "2.600", 
   "id": "f000006", 
   "language": "en", 
   "lines": [
    "tell"
   ]
  }, 
  {
   "begin": "2.600", 
   "end": "2.640", 
   "id": "f000007", 
   "language": "en", 
   "lines": [
    "you"
   ]
  }, 
  {
   "begin": "2.640", 
   "end": "2.680", 
   "id": "f000008", 
   "language": "en", 
   "lines": [
    "what"
   ]
  }, 
  {
   "begin": "2.680", 
   "end": "2.920", 
   "id": "f000009", 
   "language": "en", 
   "lines": [
    "they"
   ]
  }, 
  {
   "begin": "2.920", 
   "end": "3.520", 
   "id": "f000010", 
   "language": "en", 
   "lines": [
    "said.\n"
   ]
  }, 
  {
   "begin": "3.520", 
   "end": "3.920", 
   "id": "f000011", 
   "language": "en", 
   "lines": [
    "They"
   ]
  }, 
  {
   "begin": "3.920", 
   "end": "4.360", 
   "id": "f000012", 
   "language": "en", 
   "lines": [
    "said,"
   ]
  }, 
  {
   "begin": "4.360", 
   "end": "5.080", 
   "id": "f000013", 
   "language": "en", 
   "lines": [
    "they"
   ]
  }, 
  {
   "begin": "5.080", 
   "end": "5.520", 
   "id": "f000014", 
   "language": "en", 
   "lines": [
    "said\u2026\n"
   ]
  }, 
  {
   "begin": "5.520", 
   "end": "6.080", 
   "id": "f000015", 
   "language": "en", 
   "lines": [
    "Tell"
   ]
  }, 
  {
   "begin": "6.080", 
   "end": "6.120", 
   "id": "f000016", 
   "language": "en", 
   "lines": [
    "me"
   ]
  }, 
  {
   "begin": "6.120", 
   "end": "6.400", 
   "id": "f000017", 
   "language": "en", 
   "lines": [
    "what"
   ]
  }, 
  {
   "begin": "6.400", 
   "end": "6.600", 
   "id": "f000018", 
   "language": "en", 
   "lines": [
    "they"
   ]
  }, 
  {
   "begin": "6.600", 
   "end": "6.880", 
   "id": "f000019", 
   "language": "en", 
   "lines": [
    "said,"
   ]
  }, 
  {
   "begin": "6.880", 
   "end": "7.160", 
   "id": "f000020", 
   "language": "en", 
   "lines": [
    "sister,\n"
   ]
  }, 
  {
   "begin": "7.160", 
   "end": "7.720", 
   "id": "f000021", 
   "language": "en", 
   "lines": [
    "Tell"
   ]
  }, 
  {
   "begin": "7.720", 
   "end": "8.120", 
   "id": "f000022", 
   "language": "en", 
   "lines": [
    "me"
   ]
  }, 
  {
   "begin": "8.120", 
   "end": "8.400", 
   "id": "f000023", 
   "language": "en", 
   "lines": [
    "what"
   ]
  }, 
  {
   "begin": "8.400", 
   "end": "8.600", 
   "id": "f000024", 
   "language": "en", 
   "lines": [
    "they"
   ]
  }, 
  {
   "begin": "8.600", 
   "end": "9.240", 
   "id": "f000025", 
   "language": "en", 
   "lines": [
    "said."
   ]
  }
 ]
}