{
 "fragments": [
  {
   "begin": "0.000", 
   "end": "0.600", 
   "id": "f000001", 
   "language": "en", 
   "lines": [
    "They"
   ]
  }, 
  {
   "begin": "0.600", 
   "end": "1.040", 
   "id": "f000002", 
   "language": "en", 
   "lines": [
    "said\n"
   ]
  }, 
  {
   "begin": "1.040", 
   "end": "1.960", 
   "id": "f000003", 
   "language": "en", 
   "lines": [
    "That"
   ]
  }, 
  {
   "begin": "1.960", 
   "end": "2.520", 
   "id": "f000004", 
   "language": "en", 
   "lines": [
    "BIG"
   ]
  }, 
  {
   "begin": "2.520", 
   "end": "3.040", 
   "id": "f000005", 
   "language": "en", 
   "lines": [
    "things"
   ]
  }, 
  {
   "begin": "3.040", 
   "end": "3.520", 
   "id": "f000006", 
   "language": "en", 
   "lines": [
    "can"
   ]
  }, 
  {
   "begin": "3.520", 
   "end": "3.960", 
   "id": "f000007", 
   "language": "en", 
   "lines": [
    "pull"
   ]
  }, 
  {
   "begin": "3.960", 
   "end": "4.480", 
   "id": "f000008", 
   "language": "en", 
   "lines": [
    "much"
   ]
  }, 
  {
   "begin": "4.480", 
   "end": "5.560", 
   "id": "f000009", 
   "language": "en", 
   "lines": [
    "harder\n"
   ]
  }, 
  {
   "begin": "5.560", 
   "end": "5.760", 
   "id": "f000010", 
   "language": "en", 
   "lines": [
    "At"
   ]
  }, 
  {
   "begin": "5.760", 
   "end": "6.320", 
   "id": "f000011", 
   "language": "en", 
   "lines": [
    "small"
   ]
  }, 
  {
   "begin": "6.320", 
   "end": "6.880", 
   "id": "f000012", 
   "language": "en", 
   "lines": [
    "things\n"
   ]
  }, 
  {
   "begin": "6.880", 
   "end": "7.360", 
   "id": "f000013", 
   "language": "en", 
   "lines": [
    "Than"
   ]
  }, 
  {
   "begin": "7.360", 
   "end": "8.160", 
   "id": "f000014", 
   "language": "en", 
   "lines": [
    "small"
   ]
  }, 
  {
   "begin": "8.160", 
   "end": "8.520", 
   "id": "f000015", 
   "language": "en", 
   "lines": [
    "things"
   ]
  }, 
  {
   "begin": "8.520", 
   "end": "8.800", 
   "id": "f000016", 
   "language": "en", 
   "lines": [
    "can"
   ]
  }, 
  {
   "begin": "8.800", 
   "end": "9.200", 
   "id": "f000017", 
   "language": "en", 
   "lines": [
    "pull\n"
   ]
  }, 
  {
   "begin": "9.200", 
   "end": "9.800", 
   "id": "f000018", 
   "language": "en", 
   "lines": [
    "At"
   ]
  }, 
  {
   "begin": "9.800", 
   "end": "10.320", 
   "id": "f000019", 
   "language": "en", 
   "lines": [
    "BIG"
   ]
  }, 
  {
   "begin": "10.320", 
   "end": "10.920", 
   "id": "f000020", 
   "language": "en", 
   "lines": [
    "things.\n"
   ]
  }, 
  {
   "begin": "10.920", 
   "end": "11.640", 
   "id": "f000021", 
   "language": "en", 
   "lines": [
    "But"
   ]
  }, 
  {
   "begin": "11.640", 
   "end": "11.960", 
   "id": "f000022", 
   "language": "en", 
   "lines": [
    "why"
   ]
  }, 
  {
   "begin": "11.960", 
   "end": "12.240", 
   "id": "f000023", 
   "language": "en", 
   "lines": [
    "don\u2019t"
   ]
  }, 
  {
   "begin": "12.240", 
   "end": "12.640", 
   "id": "f000024", 
   "language": "en", 
   "lines": [
    "things"
   ]
  }, 
  {
   "begin": "12.640", 
   "end": "13.080", 
   "id": "f000025", 
   "language": "en", 
   "lines": [
    "fall"
   ]
  }, 
  {
   "begin": "13.080", 
   "end": "13.360", 
   "id": "f000026", 
   "language": "en", 
   "lines": [
    "up,"
   ]
  }, 
  {
   "begin": "13.360", 
   "end": "14.480", 
   "id": "f000027", 
   "language": "en", 
   "lines": [
    "sister,\n"
   ]
  }, 
  {
   "begin": "14.480", 
   "end": "14.800", 
   "id": "f000028", 
   "language": "en", 
   "lines": [
    "Why"
   ]
  }, 
  {
   "begin": "14.800", 
   "end": "15.080", 
   "id": "f000029", 
   "language": "en", 
   "lines": [
    "don\u2019t"
   ]
  }, 
  {
   "begin": "15.080", 
   "end": "15.440", 
   "id": "f000030", 
   "language": "en", 
   "lines": [
    "things"
   ]
  }, 
  {
   "begin": "15.440", 
   "end": "15.800", 
   "id": "f000031", 
   "language": "en", 
   "lines": [
    "fall"
   ]
  }, 
  {
   "begin": "15.800", 
   "end": "16.120", 
   "id": "f000032", 
   "language": "en", 
   "lines": [
    "up?\n"
   ]
  }, 
  {
   "begin": "16.120", 
   "end": "16.680", 
   "id": "f000033", 
   "language": "en", 
   "lines": [
    "Be"
   ]
  }, 
  {
   "begin": "16.680", 
   "end": "17.520", 
   "id": "f000034", 
   "language": "en", 
   "lines": [
    "patient,"
   ]
  }, 
  {
   "begin": "17.520", 
   "end": "17.960", 
   "id": "f000035", 
   "language": "en", 
   "lines": [
    "little"
   ]
  }, 
  {
   "begin": "17.960", 
   "end": "18.400", 
   "id": "f000036", 
   "language": "en", 
   "lines": [
    "brother,"
   ]
  }, 
  {
   "begin": "18.400", 
   "end": "18.880", 
   "id": "f000037", 
   "language": "en", 
   "lines": [
    "be"
   ]
  }, 
  {
   "begin": "18.880", 
   "end": "19.600", 
   "id": "f000038", 
   "language": "en", 
   "lines": [
    "patient"
   ]
  }, 
  {
   "begin": "19.600", 
   "end": "20.200", 
   "id": "f000039", 
   "language": "en", 
   "lines": [
    "now."
   ]
  }
 ]
}