{
 "fragments": [
  {
   "begin": "0.000", 
   "end": "0.360", 
   "id": "f000001", 
   "language": "en", 
   "lines": [
    "Oh"
   ]
  }, 
  {
   "begin": "0.360", 
   "end": "1.320", 
   "id": "f000002", 
   "language": "en", 
   "lines": [
    "yes,"
   ]
  }, 
  {
   "begin": "1.320", 
   "end": "1.480", 
   "id": "f000003", 
   "language": "en", 
   "lines": [
    "you"
   ]
  }, 
  {
   "begin": "1.480", 
   "end": "2.160", 
   "id": "f000004", 
   "language": "en", 
   "lines": [
    "are,"
   ]
  }, 
  {
   "begin": "2.160", 
   "end": "2.560", 
   "id": "f000005", 
   "language": "en", 
   "lines": [
    "little"
   ]
  }, 
  {
   "begin": "2.560", 
   "end": "2.800", 
   "id": "f000006", 
   "language": "en", 
   "lines": [
    "brother,\n"
   ]
  }, 
  {
   "begin": "2.800", 
   "end": "3.520", 
   "id": "f000007", 
   "language": "en", 
   "lines": [
    "And"
   ]
  }, 
  {
   "begin": "3.520", 
   "end": "4.080", 
   "id": "f000008", 
   "language": "en", 
   "lines": [
    "maybe"
   ]
  }, 
  {
   "begin": "4.080", 
   "end": "4.920", 
   "id": "f000009", 
   "language": "en", 
   "lines": [
    "you\u2019re"
   ]
  }, 
  {
   "begin": "4.920", 
   "end": "5.000", 
   "id": "f000010", 
   "language": "en", 
   "lines": [
    "right,"
   ]
  }, 
  {
   "begin": "5.000", 
   "end": "6.800", 
   "id": "f000011", 
   "language": "en", 
   "lines": [
    "too\u2026\n"
   ]
  }, 
  {
   "begin": "6.800", 
   "end": "6.920", 
   "id": "f000012", 
   "language": "en", 
   "lines": [
    "But"
   ]
  }, 
  {
   "begin": "6.920", 
   "end": "7.280", 
   "id": "f000013", 
   "language": "en", 
   "lines": [
    "in"
   ]
  }, 
  {
   "begin": "7.280", 
   "end": "7.480", 
   "id": "f000014", 
   "language": "en", 
   "lines": [
    "the"
   ]
  }, 
  {
   "begin": "7.480", 
   "end": "7.840", 
   "id": "f000015", 
   "language": "en", 
   "lines": [
    "books"
   ]
  }, 
  {
   "begin": "7.840", 
   "end": "8.480", 
   "id": "f000016", 
   "language": "en", 
   "lines": [
    "that"
   ]
  }, 
  {
   "begin": "8.480", 
   "end": "8.720", 
   "id": "f000017", 
   "language": "en", 
   "lines": [
    "I"
   ]
  }, 
  {
   "begin": "8.720", 
   "end": "8.720", 
   "id": "f000018", 
   "language": "en", 
   "lines": [
    "have"
   ]
  }, 
  {
   "begin": "8.720", 
   "end": "8.800", 
   "id": "f000019", 
   "language": "en", 
   "lines": [
    "read\n"
   ]
  }, 
  {
   "begin": "8.800", 
   "end": "9.480", 
   "id": "f000020", 
   "language": "en", 
   "lines": [
    "That"
   ]
  }, 
  {
   "begin": "9.480", 
   "end": "9.640", 
   "id": "f000021", 
   "language": "en", 
   "lines": [
    "is"
   ]
  }, 
  {
   "begin": "9.640", 
   "end": "9.880", 
   "id": "f000022", 
   "language": "en", 
   "lines": [
    "not"
   ]
  }, 
  {
   "begin": "9.880", 
   "end": "10.200", 
   "id": "f000023", 
   "language": "en", 
   "lines": [
    "what"
   ]
  }, 
  {
   "begin": "10.200", 
   "end": "10.400", 
   "id": "f000024", 
   "language": "en", 
   "lines": [
    "they"
   ]
  }, 
  {
   "begin": "10.400", 
   "end": "10.720", 
   "id": "f000025", 
   "language": "en", 
   "lines": [
    "said.\n"
   ]
  }, 
  {
   "begin": "10.720", 
   "end": "11.120", 
   "id": "f000026", 
   "language": "en", 
   "lines": [
    "Then"
   ]
  }, 
  {
   "begin": "11.120", 
   "end": "11.400", 
   "id": "f000027", 
   "language": "en", 
   "lines": [
    "what"
   ]
  }, 
  {
   "begin": "11.400", 
   "end": "11.760", 
   "id": "f000028", 
   "language": "en", 
   "lines": [
    "did"
   ]
  }, 
  {
   "begin": "11.760", 
   "end": "12.040", 
   "id": "f000029", 
   "language": "en", 
   "lines": [
    "they"
   ]
  }, 
  {
   "begin": "12.040", 
   "end": "12.200", 
   "id": "f000030", 
   "language": "en", 
   "lines": [
    "say,"
   ]
  }, 
  {
   "begin": "12.200", 
   "end": "12.400", 
   "id": "f000031", 
   "language": "en", 
   "lines": [
    "sister,\n"
   ]
  }, 
  {
   "begin": "12.400", 
   "end": "12.440", 
   "id": "f000032", 
   "language": "en", 
   "lines": [
    "What"
   ]
  }, 
  {
   "begin": "12.440", 
   "end": "12.440", 
   "id": "f000033", 
   "language": "en", 
   "lines": [
    "did"
   ]
  }, 
  {
   "begin": "12.440", 
   "end": "12.640", 
   "id": "f000034", 
   "language": "en", 
   "lines": [
    "they"
   ]
  }, 
  {
   "begin": "12.640", 
   "end": "13.360", 
   "id": "f000035", 
   "language": "en", 
   "lines": [
    "say?\n"
   ]
  }, 
  {
   "begin": "13.360", 
   "end": "13.600", 
   "id": "f000036", 
   "language": "en", 
   "lines": [
    "What"
   ]
  }, 
  {
   "begin": "13.600", 
   "end": "13.600", 
   "id": "f000037", 
   "language": "en", 
   "lines": [
    "do"
   ]
  }, 
  {
   "begin": "13.600", 
   "end": "13.600", 
   "id": "f000038", 
   "language": "en", 
   "lines": [
    "you"
   ]
  }, 
  {
   "begin": "13.600", 
   "end": "14.040", 
   "id": "f000039", 
   "language": "en", 
   "lines": [
    "think,"
   ]
  }, 
  {
   "begin": "14.040", 
   "end": "14.400", 
   "id": "f000040", 
   "language": "en", 
   "lines": [
    "little"
   ]
  }, 
  {
   "begin": "14.400", 
   "end": "15.640", 
   "id": "f000041", 
   "language": "en", 
   "lines": [
    "brother,\n"
   ]
  }, 
  {
   "begin": "15.640", 
   "end": "16.080", 
   "id": "f000042", 
   "language": "en", 
   "lines": [
    "What"
   ]
  }, 
  {
   "begin": "16.080", 
   "end": "16.520", 
   "id": "f000043", 
   "language": "en", 
   "lines": [
    "do"
   ]
  }, 
  {
   "begin": "16.520", 
   "end": "16.920", 
   "id": "f000044", 
   "language": "en", 
   "lines": [
    "you"
   ]
  }, 
  {
   "begin": "16.920", 
   "end": "17.600", 
   "id": "f000045", 
   "language": "en", 
   "lines": [
    "think?\n"
   ]
  }, 
  {
   "begin": "17.600", 
   "end": "18.800", 
   "id": "f000046", 
   "language": "en", 
   "lines": [
    "I"
   ]
  }, 
  {
   "begin": "18.800", 
   "end": "19.000", 
   "id": "f000047", 
   "language": "en", 
   "lines": [
    "think,"
   ]
  }, 
  {
   "begin": "19.000", 
   "end": "19.160", 
   "id": "f000048", 
   "language": "en", 
   "lines": [
    "I"
   ]
  }, 
  {
   "begin": "19.160", 
   "end": "19.440", 
   "id": "f000049", 
   "language": "en", 
   "lines": [
    "think\u2026\n"
   ]
  }, 
  {
   "begin": "19.440", 
   "end": "19.960", 
   "id": "f000050", 
   "language": "en", 
   "lines": [
    "Tell"
   ]
  }, 
  {
   "begin": "19.960", 
   "end": "20.160", 
   "id": "f000051", 
   "language": "en", 
   "lines": [
    "me,"
   ]
  }, 
  {
   "begin": "20.160", 
   "end": "20.480", 
   "id": "f000052", 
   "language": "en", 
   "lines": [
    "little"
   ]
  }, 
  {
   "begin": "20.480", 
   "end": "20.800", 
   "id": "f000053", 
   "language": "en", 
   "lines": [
    "brother,"
   ]
  }, 
  {
   "begin": "20.800", 
   "end": "20.800", 
   "id": "f000054", 
   "language": "en", 
   "lines": [
    "what"
   ]
  }, 
  {
   "begin": "20.800", 
   "end": "20.880", 
   "id": "f000055", 
   "language": "en", 
   "lines": [
    "do"
   ]
  }, 
  {
   "begin": "20.880", 
   "end": "20.920", 
   "id": "f000056", 
   "language": "en", 
   "lines": [
    "you"
   ]
  }, 
  {
   "begin": "20.920", 
   "end": "21.160", 
   "id": "f000057", 
   "language": "en", 
   "lines": [
    "think?"
   ]
  }
 ]
}