{
 "fragments": [
  {
   "begin": "0.000", 
   "end": "0.400", 
   "id": "f000001", 
   "language": "en", 
   "lines": [
    "I"
   ]
  }, 
  {
   "begin": "0.400", 
   "end": "0.960", 
   "id": "f000002", 
   "language": "en", 
   "lines": [
    "know"
   ]
  }, 
  {
   "begin": "0.960", 
   "end": "1.160", 
   "id": "f000003", 
   "language": "en", 
   "lines": [
    "you"
   ]
  }, 
  {
   "begin": "1.160", 
   "end": "1.400", 
   "id": "f000004", 
   "language": "en", 
   "lines": [
    "are,"
   ]
  }, 
  {
   "begin": "1.400", 
   "end": "1.760", 
   "id": "f000005", 
   "language": "en", 
   "lines": [
    "little"
   ]
  }, 
  {
   "begin": "1.760", 
   "end": "2.040", 
   "id": "f000006", 
   "language": "en", 
   "lines": [
    "brother,\n"
   ]
  }, 
  {
   "begin": "2.040", 
   "end": "2.560", 
   "id": "f000007", 
   "language": "en", 
   "lines": [
    "And"
   ]
  }, 
  {
   "begin": "2.560", 
   "end": "3.160", 
   "id": "f000008", 
   "language": "en", 
   "lines": [
    "maybe"
   ]
  }, 
  {
   "begin": "3.160", 
   "end": "3.600", 
   "id": "f000009", 
   "language": "en", 
   "lines": [
    "you\u2019re"
   ]
  }, 
  {
   "begin": "3.600", 
   "end": "4.080", 
   "id": "f000010", 
   "language": "en", 
   "lines": [
    "right,"
   ]
  }, 
  {
   "begin": "4.080", 
   "end": "4.760", 
   "id": "f000011", 
   "language": "en", 
   "lines": [
    "too\u2026\n"
   ]
  }, 
  {
   "begin": "4.760", 
   "end": "5.360", 
   "id": "f000012", 
   "language": "en", 
   "lines": [
    "But"
   ]
  }, 
  {
   "begin": "5.360", 
   "end": "5.440", 
   "id": "f000013", 
   "language": "en", 
   "lines": [
    "in"
   ]
  }, 
  {
   "begin": "5.440", 
   "end": "5.760", 
   "id": "f000014", 
   "language": "en", 
   "lines": [
    "the"
   ]
  }, 
  {
   "begin": "5.760", 
   "end": "6.040", 
   "id": "f000015", 
   "language": "en", 
   "lines": [
    "books"
   ]
  }, 
  {
   "begin": "6.040", 
   "end": "6.080", 
   "id": "f000016", 
   "language": "en", 
   "lines": [
    "that"
   ]
  }, 
  {
   "begin": "6.080", 
   "end": "6.280", 
   "id": "f000017", 
   "language": "en", 
   "lines": [
    "I"
   ]
  }, 
  {
   "begin": "6.280", 
   "end": "6.920", 
   "id": "f000018", 
   "language": "en", 
   "lines": [
    "have"
   ]
  }, 
  {
   "begin": "6.920", 
   "end": "7.680", 
   "id": "f000019", 
   "language": "en", 
   "lines": [
    "read\n"
   ]
  }, 
  {
   "begin": "7.680", 
   "end": "7.920", 
   "id": "f000020", 
   "language": "en", 
   "lines": [
    "That"
   ]
  }, 
  {
   "begin": "7.920", 
   "end": "8.320", 
   "id": "f000021", 
   "language": "en", 
   "lines": [
    "is"
   ]
  }, 
  {
   "begin": "8.320", 
   "end": "8.400", 
   "id": "f000022", 
   "language": "en", 
   "lines": [
    "not"
   ]
  }, 
  {
   "begin": "8.400", 
   "end": "8.640", 
   "id": "f000023", 
   "language": "en", 
   "lines": [
    "what"
   ]
  }, 
  {
   "begin": "8.640", 
   "end": "8.800", 
   "id": "f000024", 
   "language": "en", 
   "lines": [
    "they"
   ]
  }, 
  {
   "begin": "8.800", 
   "end": "9.720", 
   "id": "f000025", 
   "language": "en", 
   "lines": [
    "said.\n"
   ]
  }, 
  {
   "begin": "9.720", 
   "end": "10.040", 
   "id": "f000026", 
   "language": "en", 
   "lines": [
    "Then"
   ]
  }, 
  {
   "begin": "10.040", 
   "end": "10.320", 
   "id": "f000027", 
   "language": "en", 
   "lines": [
    "what"
   ]
  }, 
  {
   "begin": "10.320", 
   "end": "10.520", 
   "id": "f000028", 
   "language": "en", 
   "lines": [
    "did"
   ]
  }, 
  {
   "begin": "10.520", 
   "end": "10.720", 
   "id": "f000029", 
   "language": "en", 
   "lines": [
    "they"
   ]
  }, 
  {
   "begin": "10.720", 
   "end": "11.080", 
   "id": "f000030", 
   "language": "en", 
   "lines": [
    "say,"
   ]
  }, 
  {
   "begin": "11.080", 
   "end": "12.240", 
   "id": "f000031", 
   "language": "en", 
   "lines": [
    "sister,\n"
   ]
  }, 
  {
   "begin": "12.240", 
   "end": "12.560", 
   "id": "f000032", 
   "language": "en", 
   "lines": [
    "What"
   ]
  }, 
  {
   "begin": "12.560", 
   "end": "12.720", 
   "id": "f000033", 
   "language": "en", 
   "lines": [
    "did"
   ]
  }, 
  {
   "begin": "12.720", 
   "end": "12.920", 
   "id": "f000034", 
   "language": "en", 
   "lines": [
    "they"
   ]
  }, 
  {
   "begin": "12.920", 
   "end": "13.840", 
   "id": "f000035", 
   "language": "en", 
   "lines": [
    "say?\n"
   ]
  }, 
  {
   "begin": "13.840", 
   "end": "14.080", 
   "id": "f000036", 
   "language": "en", 
   "lines": [
    "What"
   ]
  }, 
  {
   "begin": "14.080", 
   "end": "14.480", 
   "id": "f000037", 
   "language": "en", 
   "lines": [
    "do"
   ]
  }, 
  {
   "begin": "14.480", 
   "end": "14.760", 
   "id": "f000038", 
   "language": "en", 
   "lines": [
    "you"
   ]
  }, 
  {
   "begin": "14.760", 
   "end": "14.920", 
   "id": "f000039", 
   "language": "en", 
   "lines": [
    "think,"
   ]
  }, 
  {
   "begin": "14.920", 
   "end": "15.160", 
   "id": "f000040", 
   "language": "en", 
   "lines": [
    "little"
   ]
  }, 
  {
   "begin": "15.160", 
   "end": "16.040", 
   "id": "f000041", 
   "language": "en", 
   "lines": [
    "brother,\n"
   ]
  }, 
  {
   "begin": "16.040", 
   "end": "16.280", 
   "id": "f000042", 
   "language": "en", 
   "lines": [
    "What"
   ]
  }, 
  {
   "begin": "16.280", 
   "end": "16.360", 
   "id": "f000043", 
   "language": "en", 
   "lines": [
    "do"
   ]
  }, 
  {
   "begin": "16.360", 
   "end": "16.720", 
   "id": "f000044", 
   "language": "en", 
   "lines": [
    "you"
   ]
  }, 
  {
   "begin": "16.720", 
   "end": "17.960", 
   "id": "f000045", 
   "language": "en", 
   "lines": [
    "think?\n"
   ]
  }, 
  {
   "begin": "17.960", 
   "end": "18.320", 
   "id": "f000046", 
   "language": "en", 
   "lines": [
    "I"
   ]
  }, 
  {
   "begin": "18.320", 
   "end": "19.280", 
   "id": "f000047", 
   "language": "en", 
   "lines": [
    "think,"
   ]
  }, 
  {
   "begin": "19.280", 
   "end": "19.640", 
   "id": "f000048", 
   "language": "en", 
   "lines": [
    "I"
   ]
  }, 
  {
   "begin": "19.640", 
   "end": "20.360", 
   "id": "f000049", 
   "language": "en", 
   "lines": [
    "think\u2026\n"
   ]
  }, 
  {
   "begin": "20.360", 
   "end": "21.560", 
   "id": "f000050", 
   "language": "en", 
   "lines": [
    "Tell"
   ]
  }, 
  {
   "begin": "21.560", 
   "end": "21.880", 
   "id": "f000051", 
   "language": "en", 
   "lines": [
    "me,"
   ]
  }, 
  {
   "begin": "21.880", 
   "end": "22.280", 
   "id": "f000052", 
   "language": "en", 
   "lines": [
    "little"
   ]
  }, 
  {
   "begin": "22.280", 
   "end": "23.000", 
   "id": "f000053", 
   "language": "en", 
   "lines": [
    "brother,"
   ]
  }, 
  {
   "begin": "23.000", 
   "end": "23.320", 
   "id": "f000054", 
   "language": "en", 
   "lines": [
    "what"
   ]
  }, 
  {
   "begin": "23.320", 
   "end": "23.560", 
   "id": "f000055", 
   "language": "en", 
   "lines": [
    "do"
   ]
  }, 
  {
   "begin": "23.560", 
   "end": "23.760", 
   "id": "f000056", 
   "language": "en", 
   "lines": [
    "you"
   ]
  }, 
  {
   "begin": "23.760", 
   "end": "25.200", 
   "id": "f000057", 
   "language": "en", 
   "lines": [
    "think?"
   ]
  }
 ]
}