{
 "fragments": [
  {
   "begin": "0.000", 
   "end": "0.600", 
   "id": "f000001", 
   "language": "en", 
   "lines": [
    "I"
   ]
  }, 
  {
   "begin": "0.600", 
   "end": "0.960", 
   "id": "f000002", 
   "language": "en", 
   "lines": [
    "think\n"
   ]
  }, 
  {
   "begin": "0.960", 
   "end": "1.800", 
   "id": "f000003", 
   "language": "en", 
   "lines": [
    "There"
   ]
  }, 
  {
   "begin": "1.800", 
   "end": "2.400", 
   "id": "f000004", 
   "language": "en", 
   "lines": [
    "is"
   ]
  }, 
  {
   "begin": "2.400", 
   "end": "3.000", 
   "id": "f000005", 
   "language": "en", 
   "lines": [
    "a"
   ]
  }, 
  {
   "begin": "3.000", 
   "end": "3.280", 
   "id": "f000006", 
   "language": "en", 
   "lines": [
    "big"
   ]
  }, 
  {
   "begin": "3.280", 
   "end": "3.560", 
   "id": "f000007", 
   "language": "en", 
   "lines": [
    "greedy"
   ]
  }, 
  {
   "begin": "3.560", 
   "end": "4.080", 
   "id": "f000008", 
   "language": "en", 
   "lines": [
    "demon"
   ]
  }, 
  {
   "begin": "4.080", 
   "end": "4.680", 
   "id": "f000009", 
   "language": "en", 
   "lines": [
    "inside"
   ]
  }, 
  {
   "begin": "4.680", 
   "end": "5.120", 
   "id": "f000010", 
   "language": "en", 
   "lines": [
    "the"
   ]
  }, 
  {
   "begin": "5.120", 
   "end": "5.960", 
   "id": "f000011", 
   "language": "en", 
   "lines": [
    "earth\n"
   ]
  }, 
  {
   "begin": "5.960", 
   "end": "6.440", 
   "id": "f000012", 
   "language": "en", 
   "lines": [
    "All"
   ]
  }, 
  {
   "begin": "6.440", 
   "end": "6.640", 
   "id": "f000013", 
   "language": "en", 
   "lines": [
    "day"
   ]
  }, 
  {
   "begin": "6.640", 
   "end": "6.920", 
   "id": "f000014", 
   "language": "en", 
   "lines": [
    "he"
   ]
  }, 
  {
   "begin": "6.920", 
   "end": "8.000", 
   "id": "f000015", 
   "language": "en", 
   "lines": [
    "waits,"
   ]
  }, 
  {
   "begin": "8.000", 
   "end": "8.360", 
   "id": "f000016", 
   "language": "en", 
   "lines": [
    "his"
   ]
  }, 
  {
   "begin": "8.360", 
   "end": "8.880", 
   "id": "f000017", 
   "language": "en", 
   "lines": [
    "mouth"
   ]
  }, 
  {
   "begin": "8.880", 
   "end": "9.160", 
   "id": "f000018", 
   "language": "en", 
   "lines": [
    "a"
   ]
  }, 
  {
   "begin": "9.160", 
   "end": "9.440", 
   "id": "f000019", 
   "language": "en", 
   "lines": [
    "gaping"
   ]
  }, 
  {
   "begin": "9.440", 
   "end": "10.680", 
   "id": "f000020", 
   "language": "en", 
   "lines": [
    "hole\n"
   ]
  }, 
  {
   "begin": "10.680", 
   "end": "11.320", 
   "id": "f000021", 
   "language": "en", 
   "lines": [
    "Sucking"
   ]
  }, 
  {
   "begin": "11.320", 
   "end": "11.680", 
   "id": "f000022", 
   "language": "en", 
   "lines": [
    "in"
   ]
  }, 
  {
   "begin": "11.680", 
   "end": "12.360", 
   "id": "f000023", 
   "language": "en", 
   "lines": [
    "mighty"
   ]
  }, 
  {
   "begin": "12.360", 
   "end": "13.120", 
   "id": "f000024", 
   "language": "en", 
   "lines": [
    "lungfuls"
   ]
  }, 
  {
   "begin": "13.120", 
   "end": "13.360", 
   "id": "f000025", 
   "language": "en", 
   "lines": [
    "of"
   ]
  }, 
  {
   "begin": "13.360", 
   "end": "14.520", 
   "id": "f000026", 
   "language": "en", 
   "lines": [
    "air\u2026\n"
   ]
  }, 
  {
   "begin": "14.520", 
   "end": "14.960", 
   "id": "f000027", 
   "language": "en", 
   "lines": [
    "And"
   ]
  }, 
  {
   "begin": "14.960", 
   "end": "15.440", 
   "id": "f000028", 
   "language": "en", 
   "lines": [
    "nothing"
   ]
  }, 
  {
   "begin": "15.440", 
   "end": "15.720", 
   "id": "f000029", 
   "language": "en", 
   "lines": [
    "can"
   ]
  }, 
  {
   "begin": "15.720", 
   "end": "16.120", 
   "id": "f000030", 
   "language": "en", 
   "lines": [
    "fall"
   ]
  }, 
  {
   "begin": "16.120", 
   "end": "16.160", 
   "id": "f000031", 
   "language": "en", 
   "lines": [
    "up\n"
   ]
  }, 
  {
   "begin": "16.160", 
   "end": "16.480", 
   "id": "f000032", 
   "language": "en", 
   "lines": [
    "As"
   ]
  }, 
  {
   "begin": "16.480", 
   "end": "17.520", 
   "id": "f000033", 
   "language": "en", 
   "lines": [
    "long"
   ]
  }, 
  {
   "begin": "17.520", 
   "end": "18.040", 
   "id": "f000034", 
   "language": "en", 
   "lines": [
    "as"
   ]
  }, 
  {
   "begin": "18.040", 
   "end": "18.240", 
   "id": "f000035", 
   "language": "en", 
   "lines": [
    "he"
   ]
  }, 
  {
   "begin": "18.240", 
   "end": "18.880", 
   "id": "f000036", 
   "language": "en", 
   "lines": [
    "keeps"
   ]
  }, 
  {
   "begin": "18.880", 
   "end": "19.520", 
   "id": "f000037", 
   "language": "en", 
   "lines": [
    "sucking"
   ]
  }, 
  {
   "begin": "19.520", 
   "end": "19.800", 
   "id": "f000038", 
   "language": "en", 
   "lines": [
    "in"
   ]
  }, 
  {
   "begin": "19.800", 
   "end": "20.560", 
   "id": "f000039", 
   "language": "en", 
   "lines": [
    "\u2014\n"
   ]
  }, 
  {
   "begin": "20.560", 
   "end": "21.280", 
   "id": "f000040", 
   "language": "en", 
   "lines": [
    "Everything"
   ]
  }, 
  {
   "begin": "21.280", 
   "end": "21.640", 
   "id": "f000041", 
   "language": "en", 
   "lines": [
    "heads"
   ]
  }, 
  {
   "begin": "21.640", 
   "end": "22.280", 
   "id": "f000042", 
   "language": "en", 
   "lines": [
    "towards"
   ]
  }, 
  {
   "begin": "22.280", 
   "end": "22.800", 
   "id": "f000043", 
   "language": "en", 
   "lines": [
    "that"
   ]
  }, 
  {
   "begin": "22.800", 
   "end": "23.480", 
   "id": "f000044", 
   "language": "en", 
   "lines": [
    "greedy"
   ]
  }, 
  {
   "begin": "23.480", 
   "end": "24.240", 
   "id": "f000045", 
   "language": "en", 
   "lines": [
    "hole."
   ]
  }
 ]
}