{
 "fragments": [
  {
   "begin": "0.000", 
   "end": "0.840", 
   "id": "f000001", 
   "language": "en", 
   "lines": [
    "This"
   ]
  }, 
  {
   "begin": "0.840", 
   "end": "1.320", 
   "id": "f000002", 
   "language": "en", 
   "lines": [
    "GREAT"
   ]
  }, 
  {
   "begin": "1.320", 
   "end": "2.080", 
   "id": "f000003", 
   "language": "en", 
   "lines": [
    "force,"
   ]
  }, 
  {
   "begin": "2.080", 
   "end": "2.680", 
   "id": "f000004", 
   "language": "en", 
   "lines": [
    "this"
   ]
  }, 
  {
   "begin": "2.680", 
   "end": "3.880", 
   "id": "f000005", 
   "language": "en", 
   "lines": [
    "GIGANTIC"
   ]
  }, 
  {
   "begin": "3.880", 
   "end": "4.840", 
   "id": "f000006", 
   "language": "en", 
   "lines": [
    "force\n"
   ]
  }, 
  {
   "begin": "4.840", 
   "end": "5.080", 
   "id": "f000007", 
   "language": "en", 
   "lines": [
    "With"
   ]
  }, 
  {
   "begin": "5.080", 
   "end": "5.240", 
   "id": "f000008", 
   "language": "en", 
   "lines": [
    "which"
   ]
  }, 
  {
   "begin": "5.240", 
   "end": "5.240", 
   "id": "f000009", 
   "language": "en", 
   "lines": [
    "the"
   ]
  }, 
  {
   "begin": "5.240", 
   "end": "5.360", 
   "id": "f000010", 
   "language": "en", 
   "lines": [
    "earth"
   ]
  }, 
  {
   "begin": "5.360", 
   "end": "5.680", 
   "id": "f000011", 
   "language": "en", 
   "lines": [
    "pulls"
   ]
  }, 
  {
   "begin": "5.680", 
   "end": "6.120", 
   "id": "f000012", 
   "language": "en", 
   "lines": [
    "us\n"
   ]
  }, 
  {
   "begin": "6.120", 
   "end": "6.480", 
   "id": "f000013", 
   "language": "en", 
   "lines": [
    "All"
   ]
  }, 
  {
   "begin": "6.480", 
   "end": "7.080", 
   "id": "f000014", 
   "language": "en", 
   "lines": [
    "of"
   ]
  }, 
  {
   "begin": "7.080", 
   "end": "7.560", 
   "id": "f000015", 
   "language": "en", 
   "lines": [
    "us,\n"
   ]
  }, 
  {
   "begin": "7.560", 
   "end": "8.440", 
   "id": "f000016", 
   "language": "en", 
   "lines": [
    "Even"
   ]
  }, 
  {
   "begin": "8.440", 
   "end": "8.920", 
   "id": "f000017", 
   "language": "en", 
   "lines": [
    "the"
   ]
  }, 
  {
   "begin": "8.920", 
   "end": "9.760", 
   "id": "f000018", 
   "language": "en", 
   "lines": [
    "penguins"
   ]
  }, 
  {
   "begin": "9.760", 
   "end": "9.920", 
   "id": "f000019", 
   "language": "en", 
   "lines": [
    "at"
   ]
  }, 
  {
   "begin": "9.920", 
   "end": "10.080", 
   "id": "f000020", 
   "language": "en", 
   "lines": [
    "the"
   ]
  }, 
  {
   "begin": "10.080", 
   "end": "10.520", 
   "id": "f000021", 
   "language": "en", 
   "lines": [
    "edge"
   ]
  }, 
  {
   "begin": "10.520", 
   "end": "10.560", 
   "id": "f000022", 
   "language": "en", 
   "lines": [
    "of"
   ]
  }, 
  {
   "begin": "10.560", 
   "end": "10.880", 
   "id": "f000023", 
   "language": "en", 
   "lines": [
    "the"
   ]
  }, 
  {
   "begin": "10.880", 
   "end": "11.480", 
   "id": "f000024", 
   "language": "en", 
   "lines": [
    "earth,\n"
   ]
  }, 
  {
   "begin": "11.480", 
   "end": "12.200", 
   "id": "f000025", 
   "language": "en", 
   "lines": [
    "Towards"
   ]
  }, 
  {
   "begin": "12.200", 
   "end": "13.200", 
   "id": "f000026", 
   "language": "en", 
   "lines": [
    "itself\n"
   ]
  }, 
  {
   "begin": "13.200", 
   "end": "13.440", 
   "id": "f000027", 
   "language": "en", 
   "lines": [
    "Is"
   ]
  }, 
  {
   "begin": "13.440", 
   "end": "14.560", 
   "id": "f000028", 
   "language": "en", 
   "lines": [
    "called"
   ]
  }, 
  {
   "begin": "14.560", 
   "end": "15.200", 
   "id": "f000029", 
   "language": "en", 
   "lines": [
    "GRA-VI-TY.\n"
   ]
  }, 
  {
   "begin": "15.200", 
   "end": "17.880", 
   "id": "f000030", 
   "language": "en", 
   "lines": [
    "Can"
   ]
  }, 
  {
   "begin": "17.880", 
   "end": "18.280", 
   "id": "f000031", 
   "language": "en", 
   "lines": [
    "it"
   ]
  }, 
  {
   "begin": "18.280", 
   "end": "18.440", 
   "id": "f000032", 
   "language": "en", 
   "lines": [
    "be"
   ]
  }, 
  {
   "begin": "18.440", 
   "end": "18.920", 
   "id": "f000033", 
   "language": "en", 
   "lines": [
    "true,"
   ]
  }, 
  {
   "begin": "18.920", 
   "end": "19.200", 
   "id": "f000034", 
   "language": "en", 
   "lines": [
    "sister,"
   ]
  }, 
  {
   "begin": "19.200", 
   "end": "20.080", 
   "id": "f000035", 
   "language": "en", 
   "lines": [
    "can"
   ]
  }, 
  {
   "begin": "20.080", 
   "end": "20.480", 
   "id": "f000036", 
   "language": "en", 
   "lines": [
    "it"
   ]
  }, 
  {
   "begin": "20.480", 
   "end": "20.640", 
   "id": "f000037", 
   "language": "en", 
   "lines": [
    "be"
   ]
  }, 
  {
   "begin": "20.640", 
   "end": "21.040", 
   "id": "f000038", 
   "language": "en", 
   "lines": [
    "true?\n"
   ]
  }, 
  {
   "begin": "21.040", 
   "end": "21.200", 
   "id": "f000039", 
   "language": "en", 
   "lines": [
    "I"
   ]
  }, 
  {
   "begin": "21.200", 
   "end": "22.080", 
   "id": "f000040", 
   "language": "en", 
   "lines": [
    "can\u2019t"
   ]
  }, 
  {
   "begin": "22.080", 
   "end": "22.520", 
   "id": "f000041", 
   "language": "en", 
   "lines": [
    "say,"
   ]
  }, 
  {
   "begin": "22.520", 
   "end": "23.200", 
   "id": "f000042", 
   "language": "en", 
   "lines": [
    "little"
   ]
  }, 
  {
   "begin": "23.200", 
   "end": "24.000", 
   "id": "f000043", 
   "language": "en", 
   "lines": [
    "brother,"
   ]
  }, 
  {
   "begin": "24.000", 
   "end": "24.200", 
   "id": "f000044", 
   "language": "en", 
   "lines": [
    "I"
   ]
  }, 
  {
   "begin": "24.200", 
   "end": "24.640", 
   "id": "f000045", 
   "language": "en", 
   "lines": [
    "can\u2019t"
   ]
  }, 
  {
   "begin": "24.640", 
   "end": "25.040", 
   "id": "f000046", 
   "language": "en", 
   "lines": [
    "say.\n"
   ]
  }, 
  {
   "begin": "25.040", 
   "end": "25.480", 
   "id": "f000047", 
   "language": "en", 
   "lines": [
    "But"
   ]
  }, 
  {
   "begin": "25.480", 
   "end": "25.640", 
   "id": "f000048", 
   "language": "en", 
   "lines": [
    "in"
   ]
  }, 
  {
   "begin": "25.640", 
   "end": "25.960", 
   "id": "f000049", 
   "language": "en", 
   "lines": [
    "all"
   ]
  }, 
  {
   "begin": "25.960", 
   "end": "26.120", 
   "id": "f000050", 
   "language": "en", 
   "lines": [
    "the"
   ]
  }, 
  {
   "begin": "26.120", 
   "end": "26.480", 
   "id": "f000051", 
   "language": "en", 
   "lines": [
    "books"
   ]
  }, 
  {
   "begin": "26.480", 
   "end": "26.800", 
   "id": "f000052", 
   "language": "en", 
   "lines": [
    "that"
   ]
  }, 
  {
   "begin": "26.800", 
   "end": "27.040", 
   "id": "f000053", 
   "language": "en", 
   "lines": [
    "I"
   ]
  }, 
  {
   "begin": "27.040", 
   "end": "27.280", 
   "id": "f000054", 
   "language": "en", 
   "lines": [
    "have"
   ]
  }, 
  {
   "begin": "27.280", 
   "end": "27.600", 
   "id": "f000055", 
   "language": "en", 
   "lines": [
    "read\n"
   ]
  }, 
  {
   "begin": "27.600", 
   "end": "28.120", 
   "id": "f000056", 
   "language": "en", 
   "lines": [
    "That"
   ]
  }, 
  {
   "begin": "28.120", 
   "end": "28.560", 
   "id": "f000057", 
   "language": "en", 
   "lines": [
    "is"
   ]
  }, 
  {
   "begin": "28.560", 
   "end": "28.800", 
   "id": "f000058", 
   "language": "en", 
   "lines": [
    "what"
   ]
  }, 
  {
   "begin": "28.800", 
   "end": "29.040", 
   "id": "f000059", 
   "language": "en", 
   "lines": [
    "they"
   ]
  }, 
  {
   "begin": "29.040", 
   "end": "29.720", 
   "id": "f000060", 
   "language": "en", 
   "lines": [
    "said."
   ]
  }
 ]
}