{
 "fragments": [
  {
   "begin": "0.000", 
   "end": "0.480", 
   "id": "f000001", 
   "language": "en", 
   "lines": [
    "And"
   ]
  }, 
  {
   "begin": "0.480", 
   "end": "0.960", 
   "id": "f000002", 
   "language": "en", 
   "lines": [
    "that's"
   ]
  }, 
  {
   "begin": "0.960", 
   "end": "1.800", 
   "id": "f000003", 
   "language": "en", 
   "lines": [
    "why\n"
   ]
  }, 
  {
   "begin": "1.800", 
   "end": "2.040", 
   "id": "f000004", 
   "language": "en", 
   "lines": [
    "The"
   ]
  }, 
  {
   "begin": "2.040", 
   "end": "2.360", 
   "id": "f000005", 
   "language": "en", 
   "lines": [
    "earth"
   ]
  }, 
  {
   "begin": "2.360", 
   "end": "3.120", 
   "id": "f000006", 
   "language": "en", 
   "lines": [
    "pulls"
   ]
  }, 
  {
   "begin": "3.120", 
   "end": "3.320", 
   "id": "f000007", 
   "language": "en", 
   "lines": [
    "us"
   ]
  }, 
  {
   "begin": "3.320", 
   "end": "3.960", 
   "id": "f000008", 
   "language": "en", 
   "lines": [
    "towards"
   ]
  }, 
  {
   "begin": "3.960", 
   "end": "5.120", 
   "id": "f000009", 
   "language": "en", 
   "lines": [
    "itself\n"
   ]
  }, 
  {
   "begin": "5.120", 
   "end": "6.040", 
   "id": "f000010", 
   "language": "en", 
   "lines": [
    "MUCH,"
   ]
  }, 
  {
   "begin": "6.040", 
   "end": "6.840", 
   "id": "f000011", 
   "language": "en", 
   "lines": [
    "MUCH"
   ]
  }, 
  {
   "begin": "6.840", 
   "end": "7.840", 
   "id": "f000012", 
   "language": "en", 
   "lines": [
    "harder\n"
   ]
  }, 
  {
   "begin": "7.840", 
   "end": "8.160", 
   "id": "f000013", 
   "language": "en", 
   "lines": [
    "Than"
   ]
  }, 
  {
   "begin": "8.160", 
   "end": "8.440", 
   "id": "f000014", 
   "language": "en", 
   "lines": [
    "we"
   ]
  }, 
  {
   "begin": "8.440", 
   "end": "8.720", 
   "id": "f000015", 
   "language": "en", 
   "lines": [
    "can"
   ]
  }, 
  {
   "begin": "8.720", 
   "end": "9.040", 
   "id": "f000016", 
   "language": "en", 
   "lines": [
    "pull"
   ]
  }, 
  {
   "begin": "9.040", 
   "end": "9.400", 
   "id": "f000017", 
   "language": "en", 
   "lines": [
    "the"
   ]
  }, 
  {
   "begin": "9.400", 
   "end": "9.480", 
   "id": "f000018", 
   "language": "en", 
   "lines": [
    "earth\n"
   ]
  }, 
  {
   "begin": "9.480", 
   "end": "10.280", 
   "id": "f000019", 
   "language": "en", 
   "lines": [
    "Towards"
   ]
  }, 
  {
   "begin": "10.280", 
   "end": "11.280", 
   "id": "f000020", 
   "language": "en", 
   "lines": [
    "us.\n"
   ]
  }, 
  {
   "begin": "11.280", 
   "end": "11.960", 
   "id": "f000021", 
   "language": "en", 
   "lines": [
    "SO"
   ]
  }, 
  {
   "begin": "11.960", 
   "end": "12.960", 
   "id": "f000022", 
   "language": "en", 
   "lines": [
    "HARD\n"
   ]
  }, 
  {
   "begin": "12.960", 
   "end": "13.520", 
   "id": "f000023", 
   "language": "en", 
   "lines": [
    "That"
   ]
  }, 
  {
   "begin": "13.520", 
   "end": "14.360", 
   "id": "f000024", 
   "language": "en", 
   "lines": [
    "we,"
   ]
  }, 
  {
   "begin": "14.360", 
   "end": "14.680", 
   "id": "f000025", 
   "language": "en", 
   "lines": [
    "or"
   ]
  }, 
  {
   "begin": "14.680", 
   "end": "14.920", 
   "id": "f000026", 
   "language": "en", 
   "lines": [
    "our"
   ]
  }, 
  {
   "begin": "14.920", 
   "end": "16.120", 
   "id": "f000027", 
   "language": "en", 
   "lines": [
    "keys,"
   ]
  }, 
  {
   "begin": "16.120", 
   "end": "16.400", 
   "id": "f000028", 
   "language": "en", 
   "lines": [
    "or"
   ]
  }, 
  {
   "begin": "16.400", 
   "end": "16.840", 
   "id": "f000029", 
   "language": "en", 
   "lines": [
    "our"
   ]
  }, 
  {
   "begin": "16.840", 
   "end": "17.840", 
   "id": "f000030", 
   "language": "en", 
   "lines": [
    "screws,\n"
   ]
  }, 
  {
   "begin": "17.840", 
   "end": "18.160", 
   "id": "f000031", 
   "language": "en", 
   "lines": [
    "or"
   ]
  }, 
  {
   "begin": "18.160", 
   "end": "18.400", 
   "id": "f000032", 
   "language": "en", 
   "lines": [
    "our"
   ]
  }, 
  {
   "begin": "18.400", 
   "end": "19.240", 
   "id": "f000033", 
   "language": "en", 
   "lines": [
    "coins,\n"
   ]
  }, 
  {
   "begin": "19.240", 
   "end": "20.120", 
   "id": "f000034", 
   "language": "en", 
   "lines": [
    "Cannot"
   ]
  }, 
  {
   "begin": "20.120", 
   "end": "20.480", 
   "id": "f000035", 
   "language": "en", 
   "lines": [
    "escape,"
   ]
  }, 
  {
   "begin": "20.480", 
   "end": "21.240", 
   "id": "f000036", 
   "language": "en", 
   "lines": [
    "float"
   ]
  }, 
  {
   "begin": "21.240", 
   "end": "21.720", 
   "id": "f000037", 
   "language": "en", 
   "lines": [
    "away,"
   ]
  }, 
  {
   "begin": "21.720", 
   "end": "22.640", 
   "id": "f000038", 
   "language": "en", 
   "lines": [
    "disappear,\n"
   ]
  }, 
  {
   "begin": "22.640", 
   "end": "23.480", 
   "id": "f000039", 
   "language": "en", 
   "lines": [
    "Or"
   ]
  }, 
  {
   "begin": "23.480", 
   "end": "24.120", 
   "id": "f000040", 
   "language": "en", 
   "lines": [
    "fall"
   ]
  }, 
  {
   "begin": "24.120", 
   "end": "24.720", 
   "id": "f000041", 
   "language": "en", 
   "lines": [
    "up."
   ]
  }
 ]
}