{
 "fragments": [
  {
   "begin": "0.000", 
   "end": "0.560", 
   "id": "f000001", 
   "language": "en", 
   "lines": [
    "I"
   ]
  }, 
  {
   "begin": "0.560", 
   "end": "1.360", 
   "id": "f000002", 
   "language": "en", 
   "lines": [
    "think\n"
   ]
  }, 
  {
   "begin": "1.360", 
   "end": "1.760", 
   "id": "f000003", 
   "language": "en", 
   "lines": [
    "Many"
   ]
  }, 
  {
   "begin": "1.760", 
   "end": "2.120", 
   "id": "f000004", 
   "language": "en", 
   "lines": [
    "things"
   ]
  }, 
  {
   "begin": "2.120", 
   "end": "2.160", 
   "id": "f000005", 
   "language": "en", 
   "lines": [
    "go"
   ]
  }, 
  {
   "begin": "2.160", 
   "end": "2.840", 
   "id": "f000006", 
   "language": "en", 
   "lines": [
    "right"
   ]
  }, 
  {
   "begin": "2.840", 
   "end": "3.720", 
   "id": "f000007", 
   "language": "en", 
   "lines": [
    "in.\n"
   ]
  }, 
  {
   "begin": "3.720", 
   "end": "4.040", 
   "id": "f000008", 
   "language": "en", 
   "lines": [
    "My"
   ]
  }, 
  {
   "begin": "4.040", 
   "end": "5.040", 
   "id": "f000009", 
   "language": "en", 
   "lines": [
    "marbles,"
   ]
  }, 
  {
   "begin": "5.040", 
   "end": "5.680", 
   "id": "f000010", 
   "language": "en", 
   "lines": [
    "your"
   ]
  }, 
  {
   "begin": "5.680", 
   "end": "6.160", 
   "id": "f000011", 
   "language": "en", 
   "lines": [
    "hairclips,\n"
   ]
  }, 
  {
   "begin": "6.160", 
   "end": "6.880", 
   "id": "f000012", 
   "language": "en", 
   "lines": [
    "The"
   ]
  }, 
  {
   "begin": "6.880", 
   "end": "7.560", 
   "id": "f000013", 
   "language": "en", 
   "lines": [
    "yummy"
   ]
  }, 
  {
   "begin": "7.560", 
   "end": "7.960", 
   "id": "f000014", 
   "language": "en", 
   "lines": [
    "laddoos"
   ]
  }, 
  {
   "begin": "7.960", 
   "end": "8.360", 
   "id": "f000015", 
   "language": "en", 
   "lines": [
    "Mother"
   ]
  }, 
  {
   "begin": "8.360", 
   "end": "9.320", 
   "id": "f000016", 
   "language": "en", 
   "lines": [
    "makes\n"
   ]
  }, 
  {
   "begin": "9.320", 
   "end": "9.640", 
   "id": "f000017", 
   "language": "en", 
   "lines": [
    "Which"
   ]
  }, 
  {
   "begin": "9.640", 
   "end": "9.920", 
   "id": "f000018", 
   "language": "en", 
   "lines": [
    "I"
   ]
  }, 
  {
   "begin": "9.920", 
   "end": "10.240", 
   "id": "f000019", 
   "language": "en", 
   "lines": [
    "don\u2019t"
   ]
  }, 
  {
   "begin": "10.240", 
   "end": "10.680", 
   "id": "f000020", 
   "language": "en", 
   "lines": [
    "eat"
   ]
  }, 
  {
   "begin": "10.680", 
   "end": "11.200", 
   "id": "f000021", 
   "language": "en", 
   "lines": [
    "and"
   ]
  }, 
  {
   "begin": "11.200", 
   "end": "11.480", 
   "id": "f000022", 
   "language": "en", 
   "lines": [
    "you"
   ]
  }, 
  {
   "begin": "11.480", 
   "end": "11.560", 
   "id": "f000023", 
   "language": "en", 
   "lines": [
    "don\u2019t"
   ]
  }, 
  {
   "begin": "11.560", 
   "end": "12.400", 
   "id": "f000024", 
   "language": "en", 
   "lines": [
    "eat\n"
   ]
  }, 
  {
   "begin": "12.400", 
   "end": "12.600", 
   "id": "f000025", 
   "language": "en", 
   "lines": [
    "But"
   ]
  }, 
  {
   "begin": "12.600", 
   "end": "12.960", 
   "id": "f000026", 
   "language": "en", 
   "lines": [
    "which"
   ]
  }, 
  {
   "begin": "12.960", 
   "end": "13.480", 
   "id": "f000027", 
   "language": "en", 
   "lines": [
    "disappear"
   ]
  }, 
  {
   "begin": "13.480", 
   "end": "13.720", 
   "id": "f000028", 
   "language": "en", 
   "lines": [
    "somehow.\n"
   ]
  }, 
  {
   "begin": "13.720", 
   "end": "15.040", 
   "id": "f000029", 
   "language": "en", 
   "lines": [
    "I"
   ]
  }, 
  {
   "begin": "15.040", 
   "end": "15.360", 
   "id": "f000030", 
   "language": "en", 
   "lines": [
    "think"
   ]
  }, 
  {
   "begin": "15.360", 
   "end": "15.960", 
   "id": "f000031", 
   "language": "en", 
   "lines": [
    "that"
   ]
  }, 
  {
   "begin": "15.960", 
   "end": "16.120", 
   "id": "f000032", 
   "language": "en", 
   "lines": [
    "is"
   ]
  }, 
  {
   "begin": "16.120", 
   "end": "16.480", 
   "id": "f000033", 
   "language": "en", 
   "lines": [
    "why"
   ]
  }, 
  {
   "begin": "16.480", 
   "end": "16.920", 
   "id": "f000034", 
   "language": "en", 
   "lines": [
    "things"
   ]
  }, 
  {
   "begin": "16.920", 
   "end": "17.200", 
   "id": "f000035", 
   "language": "en", 
   "lines": [
    "don\u2019t"
   ]
  }, 
  {
   "begin": "17.200", 
   "end": "17.720", 
   "id": "f000036", 
   "language": "en", 
   "lines": [
    "fall"
   ]
  }, 
  {
   "begin": "17.720", 
   "end": "18.320", 
   "id": "f000037", 
   "language": "en", 
   "lines": [
    "up\n"
   ]
  }, 
  {
   "begin": "18.320", 
   "end": "18.760", 
   "id": "f000038", 
   "language": "en", 
   "lines": [
    "Because"
   ]
  }, 
  {
   "begin": "18.760", 
   "end": "19.000", 
   "id": "f000039", 
   "language": "en", 
   "lines": [
    "they"
   ]
  }, 
  {
   "begin": "19.000", 
   "end": "19.600", 
   "id": "f000040", 
   "language": "en", 
   "lines": [
    "hurtle"
   ]
  }, 
  {
   "begin": "19.600", 
   "end": "20.320", 
   "id": "f000041", 
   "language": "en", 
   "lines": [
    "earthwards"
   ]
  }, 
  {
   "begin": "20.320", 
   "end": "20.440", 
   "id": "f000042", 
   "language": "en", 
   "lines": [
    "to"
   ]
  }, 
  {
   "begin": "20.440", 
   "end": "21.240", 
   "id": "f000043", 
   "language": "en", 
   "lines": [
    "feed\n"
   ]
  }, 
  {
   "begin": "21.240", 
   "end": "21.520", 
   "id": "f000044", 
   "language": "en", 
   "lines": [
    "An"
   ]
  }, 
  {
   "begin": "21.520", 
   "end": "22.400", 
   "id": "f000045", 
   "language": "en", 
   "lines": [
    "underground"
   ]
  }, 
  {
   "begin": "22.400", 
   "end": "23.280", 
   "id": "f000046", 
   "language": "en", 
   "lines": [
    "demon\u2019s"
   ]
  }, 
  {
   "begin": "23.280", 
   "end": "23.920", 
   "id": "f000047", 
   "language": "en", 
   "lines": [
    "greed.\n"
   ]
  }, 
  {
   "begin": "23.920", 
   "end": "24.200", 
   "id": "f000048", 
   "language": "en", 
   "lines": [
    "I\u2019m"
   ]
  }, 
  {
   "begin": "24.200", 
   "end": "25.200", 
   "id": "f000049", 
   "language": "en", 
   "lines": [
    "clever,"
   ]
  }, 
  {
   "begin": "25.200", 
   "end": "25.600", 
   "id": "f000050", 
   "language": "en", 
   "lines": [
    "aren\u2019t"
   ]
  }, 
  {
   "begin": "25.600", 
   "end": "25.960", 
   "id": "f000051", 
   "language": "en", 
   "lines": [
    "I,"
   ]
  }, 
  {
   "begin": "25.960", 
   "end": "26.880", 
   "id": "f000052", 
   "language": "en", 
   "lines": [
    "sister?"
   ]
  }
 ]
}